time_s,des_x_m,des_y_m,des_z_m,act_x_m,act_y_m,act_z_m,error_m
0,0.04,0.04,-0.21,0.04001980382,0.03999095201,-0.209964807,4.138358965e-05
0.001,0.04,0.04,-0.21,0.04001980382,0.03999095201,-0.209964807,4.138358965e-05
0.002,0.04,0.04,-0.21,0.04001980382,0.03999095201,-0.209964807,4.138358966e-05
0.003,0.04,0.04,-0.21,0.04001980382,0.03999095201,-0.209964807,4.138358966e-05
0.004,0.04,0.04,-0.21,0.04001980382,0.03999095201,-0.209964807,4.138358966e-05
0.005,0.04,0.04,-0.21,0.04001980382,0.03999095201,-0.209964807,4.138358966e-05
0.006,0.04,0.04,-0.21,0.04001980382,0.03999095201,-0.209964807,4.138358966e-05
0.007,0.04,0.04,-0.21,0.04001980382,0.03999095201,-0.209964807,4.138358966e-05
0.008,0.04,0.04,-0.21,0.04001980382,0.03999095201,-0.209964807,4.138358966e-05
0.009,0.04,0.04,-0.21,0.04001980382,0.03999095201,-0.209964807,4.138358967e-05
0.01,0.04,0.04,-0.21,0.04001980382,0.03999095201,-0.209964807,4.138358967e-05
0.011,0.04,0.04,-0.21,0.04001980382,0.03999095201,-0.209964807,4.138358967e-05
0.012,0.04,0.04,-0.21,0.04001980382,0.03999095201,-0.209964807,4.138358967e-05
0.013,0.04,0.04,-0.21,0.04001980382,0.03999095201,-0.209964807,4.138358967e-05
0.014,0.04,0.04,-0.21,0.04001980382,0.03999095201,-0.209964807,4.138358967e-05
0.015,0.04,0.04,-0.21,0.04001980382,0.03999095201,-0.209964807,4.138358967e-05
0.016,0.04,0.04,-0.21,0.04001980382,0.03999095201,-0.209964807,4.138358968e-05
0.017,0.04,0.04,-0.21,0.04001980382,0.03999095201,-0.209964807,4.138358968e-05
0.018,0.04,0.04,-0.21,0.04001980382,0.03999095201,-0.209964807,4.138358968e-05
0.019,0.04,0.04,-0.21,0.04001980382,0.03999095201,-0.209964807,4.138358968e-05
0.02,0.04,0.04,-0.21,0.04001980382,0.03999095201,-0.209964807,4.138358968e-05
0.021,0.04,0.04,-0.21,0.04001980382,0.03999095201,-0.209964807,4.138358968e-05
0.022,0.04,0.04,-0.21,0.04001980382,0.03999095201,-0.209964807,4.138358968e-05
0.023,0.04,0.04,-0.21,0.04001980382,0.03999095201,-0.209964807,4.138358968e-05
0.024,0.04,0.04,-0.21,0.04001980382,0.03999095201,-0.209964807,4.138358969e-05
0.025,0.04,0.04,-0.21,0.04001980382,0.03999095201,-0.209964807,4.138358969e-05
0.026,0.04,0.04,-0.21,0.04001980382,0.03999095201,-0.209964807,4.138358969e-05
0.027,0.04,0.04,-0.21,0.04001980382,0.03999095201,-0.209964807,4.138358969e-05
0.028,0.04,0.04,-0.21,0.04001980382,0.03999095201,-0.209964807,4.138358969e-05
0.029,0.04,0.04,-0.21,0.04001980382,0.03999095201,-0.209964807,4.138358969e-05
0.03,0.04,0.04,-0.21,0.04001980382,0.03999095201,-0.209964807,4.138358969e-05
0.031,0.04,0.04,-0.21,0.04001980382,0.03999095201,-0.209964807,4.138358969e-05
0.032,0.04,0.04,-0.21,0.04001980382,0.03999095201,-0.209964807,4.138358969e-05
0.033,0.04,0.04,-0.21,0.04001980382,0.03999095201,-0.209964807,4.138358969e-05
0.034,0.04,0.04,-0.21,0.04001980382,0.03999095201,-0.209964807,4.138358969e-05
0.035,0.04,0.04,-0.21,0.04001980382,0.03999095201,-0.209964807,4.138358968e-05
0.036,0.04,0.04,-0.21,0.04001980382,0.03999095201,-0.209964807,4.138358968e-05
0.037,0.04,0.04,-0.21,0.04001980382,0.03999095201,-0.209964807,4.138358967e-05
0.038,0.04,0.04,-0.21,0.04001980382,0.03999095201,-0.209964807,4.138358966e-05
0.039,0.04,0.04,-0.21,0.04001980382,0.03999095201,-0.209964807,4.138358965e-05
0.04,0.04,0.04,-0.21,0.04001980382,0.03999095201,-0.209964807,4.138358963e-05
0.041,0.04,0.04,-0.21,0.04001980382,0.03999095201,-0.209964807,4.138358961e-05
0.042,0.04,0.04,-0.21,0.04001980382,0.03999095201,-0.209964807,4.138358958e-05
0.043,0.04,0.04,-0.21,0.04001980382,0.03999095201,-0.209964807,4.138358955e-05
0.044,0.04,0.04,-0.21,0.04001980382,0.03999095201,-0.209964807,4.138358951e-05
0.045,0.04,0.04,-0.21,0.04001980382,0.03999095201,-0.209964807,4.138358945e-05
0.046,0.04,0.04,-0.21,0.04001980382,0.03999095201,-0.209964807,4.138358939e-05
0.047,0.04,0.04,-0.21,0.04001980382,0.03999095201,-0.209964807,4.13835893e-05
0.048,0.04,0.04,-0.21,0.04001980382,0.03999095201,-0.209964807,4.13835892e-05
0.049,0.04,0.04,-0.21,0.04001980382,0.03999095201,-0.209964807,4.138358908e-05
0.05,0.04,0.04,-0.21,0.04001980382,0.03999095201,-0.209964807,4.138358894e-05
0.051,0.04,0.04,-0.21,0.04001980382,0.03999095201,-0.209964807,4.138358876e-05
0.052,0.04,0.04,-0.21,0.04001980382,0.03999095201,-0.209964807,4.138358855e-05
0.053,0.04,0.04,-0.21,0.04001980381,0.03999095201,-0.209964807,4.138358829e-05
0.054,0.04,0.04,-0.21,0.04001980381,0.03999095201,-0.209964807,4.138358799e-05
0.055,0.04,0.04,-0.21,0.04001980381,0.03999095201,-0.209964807,4.138358763e-05
0.056,0.04,0.04,-0.21,0.04001980381,0.03999095201,-0.209964807,4.138358721e-05
0.057,0.04,0.04,-0.21,0.04001980381,0.03999095201,-0.209964807,4.138358672e-05
0.058,0.04,0.04,-0.21,0.0400198038,0.03999095201,-0.209964807,4.138358613e-05
0.059,0.04,0.04,-0.21,0.0400198038,0.03999095201,-0.209964807,4.138358545e-05
0.06,0.04,0.04,-0.21,0.0400198038,0.03999095201,-0.209964807,4.138358466e-05
0.061,0.03999999999,0.04,-0.21,0.04001980379,0.03999095201,-0.209964807,4.138358374e-05
0.062,0.03999999999,0.04,-0.21,0.04001980379,0.03999095201,-0.209964807,4.138358267e-05
0.063,0.03999999999,0.04,-0.21,0.04001980378,0.03999095201,-0.209964807,4.138358144e-05
0.064,0.03999999999,0.04,-0.21,0.04001980378,0.03999095201,-0.209964807,4.138358002e-05
0.065,0.03999999999,0.04,-0.21,0.04001980377,0.03999095201,-0.209964807,4.138357838e-05
0.066,0.03999999999,0.04,-0.21,0.04001980376,0.03999095201,-0.209964807,4.138357651e-05
0.067,0.03999999998,0.04,-0.21,0.04001980375,0.03999095201,-0.209964807,4.138357437e-05
0.068,0.03999999998,0.04,-0.21,0.04001980374,0.039990952,-0.209964807,4.138357192e-05
0.069,0.03999999998,0.04,-0.21,0.04001980373,0.039990952,-0.209964807,4.138356914e-05
0.07,0.03999999997,0.04,-0.21,0.04001980371,0.039990952,-0.209964807,4.138356597e-05
0.071,0.03999999997,0.04,-0.21,0.0400198037,0.039990952,-0.209964807,4.138356238e-05
0.072,0.03999999996,0.04,-0.21,0.04001980368,0.039990952,-0.209964807,4.138355832e-05
0.073,0.03999999996,0.04,-0.21,0.04001980366,0.039990952,-0.209964807,4.138355374e-05
0.074,0.03999999995,0.04,-0.21,0.04001980363,0.039990952,-0.209964807,4.138354857e-05
0.075,0.03999999994,0.04,-0.21,0.04001980361,0.039990952,-0.209964807,4.138354276e-05
0.076,0.03999999993,0.04,-0.21,0.04001980358,0.039990952,-0.209964807,4.138353623e-05
0.077,0.03999999992,0.04,-0.21,0.04001980354,0.039990952,-0.209964807,4.138352891e-05
0.078,0.03999999991,0.04,-0.21,0.0400198035,0.039990952,-0.209964807,4.138352072e-05
0.079,0.03999999989,0.04,-0.21,0.04001980346,0.039990952,-0.209964807,4.138351157e-05
0.08,0.03999999988,0.04,-0.21,0.04001980341,0.039990952,-0.209964807,4.138350137e-05
0.081,0.03999999986,0.04,-0.21,0.04001980335,0.03999095199,-0.209964807,4.138349e-05
0.082,0.03999999984,0.04,-0.21,0.04001980329,0.03999095199,-0.209964807,4.138347737e-05
0.083,0.03999999981,0.04,-0.21,0.04001980322,0.03999095199,-0.209964807,4.138346335e-05
0.084,0.03999999979,0.04,-0.21,0.04001980314,0.03999095199,-0.209964807,4.13834478e-05
0.085,0.03999999975,0.04,-0.21,0.04001980305,0.03999095199,-0.2099648069,4.138343059e-05
0.086,0.03999999972,0.04,-0.21,0.04001980296,0.03999095198,-0.2099648069,4.138341157e-05
0.087,0.03999999968,0.04,-0.21,0.04001980285,0.03999095198,-0.2099648069,4.138339058e-05
0.088,0.03999999964,0.04,-0.21,0.04001980273,0.03999095198,-0.2099648069,4.138336744e-05
0.089,0.03999999959,0.04,-0.21,0.0400198026,0.03999095197,-0.2099648069,4.138334196e-05
0.09,0.03999999953,0.04,-0.21,0.04001980245,0.03999095197,-0.2099648069,4.138331394e-05
0.091,0.03999999947,0.04,-0.21,0.04001980229,0.03999095197,-0.2099648069,4.138328318e-05
0.092,0.0399999994,0.04,-0.21,0.04001980211,0.03999095196,-0.2099648068,4.138324944e-05
0.093,0.03999999932,0.04,-0.21,0.04001980191,0.03999095196,-0.2099648068,4.138321248e-05
0.094,0.03999999924,0.04,-0.21,0.04001980169,0.03999095195,-0.2099648068,4.138317204e-05
0.095,0.03999999914,0.04,-0.21,0.04001980145,0.03999095195,-0.2099648068,4.138312784e-05
0.096,0.03999999903,0.04,-0.21,0.04001980119,0.03999095194,-0.2099648067,4.138307959e-05
0.097,0.03999999891,0.04,-0.21,0.0400198009,0.03999095193,-0.2099648067,4.138302696e-05
0.098,0.03999999878,0.04,-0.21,0.04001980058,0.03999095192,-0.2099648067,4.138296964e-05
0.099,0.03999999863,0.04,-0.21,0.04001980023,0.03999095192,-0.2099648066,4.138290726e-05
0.1,0.03999999847,0.04,-0.21,0.04001979985,0.03999095191,-0.2099648066,4.138283945e-05
0.101,0.03999999829,0.04,-0.21,0.04001979943,0.0399909519,-0.2099648065,4.13827658e-05
0.102,0.03999999809,0.04,-0.21,0.04001979897,0.03999095189,-0.2099648065,4.138268591e-05
0.103,0.03999999787,0.04,-0.21,0.04001979847,0.03999095187,-0.2099648064,4.138259931e-05
0.104,0.03999999763,0.04,-0.21,0.04001979792,0.03999095186,-0.2099648064,4.138250554e-05
0.105,0.03999999736,0.04,-0.21,0.04001979732,0.03999095185,-0.2099648063,4.13824041e-05
0.106,0.03999999707,0.04,-0.21,0.04001979667,0.03999095183,-0.2099648062,4.138229447e-05
0.107,0.03999999675,0.04,-0.21,0.04001979597,0.03999095182,-0.2099648062,4.138217607e-05
0.108,0.03999999639,0.04,-0.21,0.0400197952,0.0399909518,-0.2099648061,4.138204834e-05
0.109,0.03999999601,0.04,-0.21,0.04001979436,0.03999095178,-0.209964806,4.138191064e-05
0.11,0.03999999558,0.04,-0.21,0.04001979345,0.03999095176,-0.2099648059,4.138176234e-05
0.111,0.03999999511,0.04,-0.21,0.04001979247,0.03999095174,-0.2099648058,4.138160275e-05
0.112,0.0399999946,0.04,-0.21,0.0400197914,0.03999095172,-0.2099648057,4.138143114e-05
0.113,0.03999999404,0.04,-0.21,0.04001979024,0.03999095169,-0.2099648056,4.138124677e-05
0.114,0.03999999343,0.04,-0.21,0.04001978899,0.03999095167,-0.2099648055,4.138104883e-05
0.115,0.03999999277,0.04,-0.21,0.04001978764,0.03999095164,-0.2099648053,4.13808365e-05
0.116,0.03999999204,0.04,-0.21,0.04001978617,0.03999095161,-0.2099648052,4.138060891e-05
0.117,0.03999999125,0.04,-0.21,0.04001978459,0.03999095158,-0.209964805,4.138036515e-05
0.118,0.03999999039,0.04,-0.21,0.04001978288,0.03999095154,-0.2099648049,4.138010425e-05
0.119,0.03999998946,0.04,-0.21,0.04001978104,0.03999095151,-0.2099648047,4.137982521e-05
0.12,0.03999998844,0.04,-0.21,0.04001977905,0.03999095147,-0.2099648045,4.1379527e-05
0.121,0.03999998734,0.04,-0.21,0.04001977691,0.03999095142,-0.2099648043,4.137920851e-05
0.122,0.03999998614,0.04,-0.21,0.04001977461,0.03999095138,-0.2099648041,4.13788686e-05
0.123,0.03999998484,0.04,-0.21,0.04001977213,0.03999095133,-0.2099648039,4.137850609e-05
0.124,0.03999998343,0.04,-0.21,0.04001976947,0.03999095128,-0.2099648037,4.137811973e-05
0.125,0.03999998191,0.04,-0.21,0.04001976661,0.03999095122,-0.2099648034,4.137770821e-05
0.126,0.03999998026,0.04,-0.21,0.04001976354,0.03999095117,-0.2099648031,4.137727021e-05
0.127,0.03999997847,0.04,-0.21,0.04001976024,0.0399909511,-0.2099648029,4.137680429e-05
0.128,0.03999997655,0.04,-0.21,0.04001975671,0.03999095104,-0.2099648025,4.137630902e-05
0.129,0.03999997447,0.04,-0.21,0.04001975292,0.03999095097,-0.2099648022,4.137578285e-05
0.13,0.03999997223,0.04,-0.21,0.04001974886,0.03999095089,-0.2099648019,4.137522422e-05
0.131,0.03999996981,0.04,-0.21,0.04001974452,0.03999095081,-0.2099648015,4.137463147e-05
0.132,0.0399999672,0.04,-0.21,0.04001973987,0.03999095073,-0.2099648011,4.137400291e-05
0.133,0.0399999644,0.04,-0.21,0.0400197349,0.03999095064,-0.2099648007,4.137333675e-05
0.134,0.03999996138,0.04,-0.21,0.04001972959,0.03999095055,-0.2099648003,4.137263118e-05
0.135,0.03999995813,0.04,-0.21,0.04001972391,0.03999095045,-0.2099647998,4.137188427e-05
0.136,0.03999995464,0.04,-0.21,0.04001971785,0.03999095034,-0.2099647993,4.137109408e-05
0.137,0.0399999509,0.04,-0.21,0.04001971139,0.03999095023,-0.2099647988,4.137025854e-05
0.138,0.03999994688,0.04,-0.21,0.0400197045,0.03999095011,-0.2099647983,4.136937555e-05
0.139,0.03999994256,0.04,-0.21,0.04001969715,0.03999094999,-0.2099647977,4.136844293e-05
0.14,0.03999993794,0.04,-0.21,0.04001968932,0.03999094986,-0.2099647971,4.136745841e-05
0.141,0.03999993298,0.04,-0.21,0.04001968099,0.03999094972,-0.2099647965,4.136641968e-05
0.142,0.03999992768,0.04,-0.21,0.04001967211,0.03999094958,-0.2099647958,4.136532431e-05
0.143,0.039999922,0.04,-0.21,0.04001966268,0.03999094942,-0.2099647951,4.136416982e-05
0.144,0.03999991592,0.04,-0.21,0.04001965264,0.03999094926,-0.2099647943,4.136295365e-05
0.145,0.03999990943,0.04,-0.21,0.04001964198,0.03999094909,-0.2099647935,4.136167315e-05
0.146,0.03999990249,0.04,-0.21,0.04001963065,0.03999094891,-0.2099647927,4.136032561e-05
0.147,0.03999989508,0.04,-0.21,0.04001961862,0.03999094872,-0.2099647918,4.135890821e-05
0.148,0.03999988717,0.04,-0.21,0.04001960585,0.03999094852,-0.2099647909,4.135741808e-05
0.149,0.03999987874,0.04,-0.21,0.04001959231,0.03999094831,-0.2099647899,4.135585224e-05
0.15,0.03999986974,0.04,-0.21,0.04001957795,0.03999094809,-0.2099647889,4.135420764e-05
0.151,0.03999986015,0.04,-0.21,0.04001956273,0.03999094786,-0.2099647879,4.135248115e-05
0.152,0.03999984994,0.04,-0.21,0.0400195466,0.03999094762,-0.2099647867,4.135066953e-05
0.153,0.03999983907,0.04,-0.21,0.04001952953,0.03999094737,-0.2099647856,4.13487695e-05
0.154,0.03999982751,0.04,-0.21,0.04001951145,0.0399909471,-0.2099647843,4.134677765e-05
0.155,0.0399998152,0.04,-0.21,0.04001949233,0.03999094682,-0.209964783,4.134469051e-05
0.156,0.03999980212,0.04,-0.21,0.0400194721,0.03999094653,-0.2099647817,4.134250451e-05
0.157,0.03999978823,0.04,-0.21,0.04001945071,0.03999094622,-0.2099647803,4.134021602e-05
0.158,0.03999977347,0.04,-0.21,0.04001942811,0.0399909459,-0.2099647788,4.133782128e-05
0.159,0.0399997578,0.04,-0.21,0.04001940424,0.03999094556,-0.2099647772,4.133531648e-05
0.16,0.03999974117,0.04,-0.21,0.04001937903,0.03999094521,-0.2099647756,4.133269772e-05
0.161,0.03999972354,0.04,-0.21,0.04001935242,0.03999094485,-0.2099647739,4.132996101e-05
0.162,0.03999970485,0.04,-0.21,0.04001932434,0.03999094446,-0.2099647721,4.132710226e-05
0.163,0.03999968504,0.04,-0.21,0.04001929473,0.03999094406,-0.2099647703,4.132411733e-05
0.164,0.03999966405,0.04,-0.21,0.04001926351,0.03999094364,-0.2099647684,4.132100196e-05
0.165,0.03999964184,0.04,-0.21,0.0400192306,0.03999094321,-0.2099647663,4.131775184e-05
0.166,0.03999961832,0.04,-0.21,0.04001919593,0.03999094275,-0.2099647642,4.131436257e-05
0.167,0.03999959345,0.04,-0.21,0.04001915942,0.03999094227,-0.209964762,4.131082966e-05
0.168,0.03999956715,0.04,-0.21,0.04001912098,0.03999094178,-0.2099647597,4.130714855e-05
0.169,0.03999953935,0.04,-0.21,0.04001908053,0.03999094126,-0.2099647573,4.13033146e-05
0.17,0.03999950998,0.04,-0.21,0.04001903797,0.03999094072,-0.2099647548,4.129932312e-05
0.171,0.03999947895,0.04,-0.21,0.04001899321,0.03999094016,-0.2099647522,4.129516931e-05
0.172,0.0399994462,0.04,-0.21,0.04001894616,0.03999093957,-0.2099647495,4.129084833e-05
0.173,0.03999941164,0.04,-0.21,0.04001889671,0.03999093896,-0.2099647467,4.128635527e-05
0.174,0.03999937518,0.04,-0.21,0.04001884475,0.03999093833,-0.2099647438,4.128168514e-05
0.175,0.03999933673,0.04,-0.21,0.04001879019,0.03999093767,-0.2099647408,4.12768329e-05
0.176,0.0399992962,0.04,-0.21,0.0400187329,0.03999093699,-0.2099647376,4.127179346e-05
0.177,0.0399992535,0.04,-0.21,0.04001867278,0.03999093627,-0.2099647343,4.126656166e-05
0.178,0.03999920852,0.04,-0.21,0.0400186097,0.03999093553,-0.2099647309,4.126113231e-05
0.179,0.03999916116,0.04,-0.21,0.04001854353,0.03999093476,-0.2099647273,4.125550016e-05
0.18,0.03999911131,0.04,-0.21,0.04001847415,0.03999093397,-0.2099647236,4.124965992e-05
0.181,0.03999905886,0.04,-0.21,0.04001840143,0.03999093314,-0.2099647198,4.124360626e-05
0.182,0.03999900369,0.04,-0.21,0.04001832523,0.03999093228,-0.2099647158,4.123733383e-05
0.183,0.03999894569,0.04,-0.21,0.0400182454,0.03999093138,-0.2099647117,4.123083724e-05
0.184,0.03999888472,0.04,-0.21,0.04001816181,0.03999093046,-0.2099647074,4.12241111e-05
0.185,0.03999882067,0.04,-0.21,0.04001807429,0.0399909295,-0.209964703,4.121714997e-05
0.186,0.03999875339,0.04,-0.21,0.04001798269,0.0399909285,-0.2099646984,4.120994843e-05
0.187,0.03999868275,0.04,-0.21,0.04001788686,0.03999092747,-0.2099646937,4.120250105e-05
0.188,0.03999860861,0.04,-0.21,0.04001778661,0.03999092641,-0.2099646887,4.119480239e-05
0.189,0.03999853081,0.04,-0.21,0.04001768179,0.0399909253,-0.2099646836,4.118684705e-05
0.19,0.03999844921,0.04,-0.21,0.04001757222,0.03999092416,-0.2099646783,4.117862961e-05
0.191,0.03999836364,0.04,-0.21,0.0400174577,0.03999092297,-0.2099646729,4.117014471e-05
0.192,0.03999827395,0.04,-0.21,0.04001733806,0.03999092175,-0.2099646672,4.116138702e-05
0.193,0.03999817996,0.04,-0.21,0.04001721309,0.03999092048,-0.2099646614,4.115235122e-05
0.194,0.03999808149,0.04,-0.21,0.04001708261,0.03999091917,-0.2099646553,4.114303209e-05
0.195,0.03999797838,0.04,-0.21,0.04001694639,0.03999091782,-0.2099646491,4.113342444e-05
0.196,0.03999787042,0.04,-0.21,0.04001680424,0.03999091642,-0.2099646426,4.112352316e-05
0.197,0.03999775744,0.04,-0.21,0.04001665592,0.03999091498,-0.209964636,4.111332321e-05
0.198,0.03999763923,0.04,-0.21,0.04001650122,0.03999091349,-0.2099646291,4.110281966e-05
0.199,0.03999751558,0.04,-0.21,0.04001633991,0.03999091195,-0.209964622,4.109200767e-05
0.2,0.03999738629,0.04,-0.21,0.04001617173,0.03999091036,-0.2099646146,4.108088253e-05
0.201,0.03999725113,0.04,-0.21,0.04001599646,0.03999090872,-0.2099646071,4.106943962e-05
0.202,0.03999710989,0.04,-0.21,0.04001581384,0.03999090703,-0.2099645993,4.105767449e-05
0.203,0.03999696234,0.04,-0.21,0.0400156236,0.03999090528,-0.2099645912,4.104558283e-05
0.204,0.03999680822,0.04,-0.21,0.04001542549,0.03999090348,-0.2099645829,4.103316048e-05
0.205,0.03999664731,0.04,-0.21,0.04001521922,0.03999090163,-0.2099645743,4.102040348e-05
0.206,0.03999647934,0.04,-0.21,0.04001500452,0.03999089972,-0.2099645655,4.100730803e-05
0.207,0.03999630406,0.04,-0.21,0.0400147811,0.03999089775,-0.2099645564,4.099387056e-05
0.208,0.0399961212,0.04,-0.21,0.04001454865,0.03999089572,-0.2099645471,4.09800877e-05
0.209,0.03999593048,0.04,-0.21,0.04001430689,0.03999089364,-0.2099645375,4.096595632e-05
0.21,0.03999573162,0.04,-0.21,0.04001405548,0.03999089149,-0.2099645276,4.095147354e-05
0.211,0.03999552433,0.04,-0.21,0.04001379412,0.03999088928,-0.2099645174,4.093663673e-05
0.212,0.03999530831,0.04,-0.21,0.04001352247,0.039990887,-0.2099645069,4.092144356e-05
0.213,0.03999508326,0.04,-0.21,0.04001324019,0.03999088467,-0.2099644961,4.090589197e-05
0.214,0.03999484885,0.04,-0.21,0.04001294694,0.03999088226,-0.209964485,4.088998025e-05
0.215,0.03999460476,0.04,-0.21,0.04001264236,0.03999087979,-0.2099644736,4.087370697e-05
0.216,0.03999435067,0.04,-0.21,0.04001232609,0.03999087725,-0.2099644619,4.08570711e-05
0.217,0.03999408622,0.04,-0.21,0.04001199776,0.03999087464,-0.2099644498,4.084007194e-05
0.218,0.03999381106,0.04,-0.21,0.04001165698,0.03999087196,-0.2099644374,4.082270919e-05
0.219,0.03999352483,0.04,-0.21,0.04001130336,0.0399908692,-0.2099644247,4.080498295e-05
0.22,0.03999322717,0.04,-0.21,0.04001093649,0.03999086637,-0.2099644117,4.078689373e-05
0.221,0.0399929177,0.04,-0.21,0.04001055598,0.03999086347,-0.2099643983,4.07684425e-05
0.222,0.03999259602,0.04,-0.21,0.0400101614,0.03999086049,-0.2099643846,4.074963068e-05
0.223,0.03999226173,0.04,-0.21,0.04000975232,0.03999085744,-0.2099643705,4.073046017e-05
0.224,0.03999191443,0.04,-0.21,0.04000932829,0.0399908543,-0.209964356,4.071093338e-05
0.225,0.03999155369,0.04,-0.21,0.04000888887,0.03999085108,-0.2099643412,4.069105322e-05
0.226,0.03999117909,0.04,-0.21,0.04000843359,0.03999084779,-0.209964326,4.067082318e-05
0.227,0.03999079019,0.04,-0.21,0.040007962,0.03999084441,-0.2099643104,4.065024727e-05
0.228,0.03999038653,0.04,-0.21,0.04000747359,0.03999084095,-0.2099642944,4.062933012e-05
0.229,0.03998996766,0.04,-0.21,0.04000696789,0.0399908374,-0.2099642781,4.060807693e-05
0.23,0.0399895331,0.04,-0.21,0.04000644438,0.03999083377,-0.2099642613,4.058649357e-05
0.231,0.03998908236,0.04,-0.21,0.04000590255,0.03999083004,-0.2099642442,4.056458653e-05
0.232,0.03998861495,0.04,-0.21,0.04000534189,0.03999082623,-0.2099642266,4.054236297e-05
0.233,0.03998813037,0.04,-0.21,0.04000476184,0.03999082233,-0.2099642086,4.051983075e-05
0.234,0.0399876281,0.04,-0.21,0.04000416187,0.03999081834,-0.2099641902,4.049699845e-05
0.235,0.03998710761,0.04,-0.21,0.04000354141,0.03999081426,-0.2099641714,4.047387537e-05
0.236,0.03998656835,0.04,-0.21,0.04000289989,0.03999081008,-0.2099641522,4.045047159e-05
0.237,0.03998600977,0.04,-0.21,0.04000223673,0.03999080581,-0.2099641325,4.042679794e-05
0.238,0.03998543132,0.04,-0.21,0.04000155134,0.03999080144,-0.2099641124,4.040286608e-05
0.239,0.0399848324,0.04,-0.21,0.0400008431,0.03999079697,-0.2099640918,4.037868847e-05
0.24,0.03998421243,0.04,-0.21,0.0400001114,0.03999079241,-0.2099640708,4.035427842e-05
0.241,0.03998357081,0.04,-0.21,0.03999935562,0.03999078775,-0.2099640493,4.032965013e-05
0.242,0.03998290692,0.04,-0.21,0.03999857509,0.03999078298,-0.2099640273,4.030481863e-05
0.243,0.03998222014,0.04,-0.21,0.03999776918,0.03999077812,-0.2099640049,4.027979991e-05
0.244,0.03998150982,0.04,-0.21,0.0399969372,0.03999077315,-0.209963982,4.025461086e-05
0.245,0.0399807753,0.04,-0.21,0.03999607849,0.03999076808,-0.2099639587,4.022926932e-05
0.246,0.03998001593,0.04,-0.21,0.03999519234,0.0399907629,-0.2099639348,4.020379409e-05
0.247,0.03997923102,0.04,-0.21,0.03999427805,0.03999075761,-0.2099639105,4.017820495e-05
0.248,0.03997841987,0.04,-0.21,0.03999333491,0.03999075222,-0.2099638857,4.01525227e-05
0.249,0.03997758179,0.04,-0.21,0.03999236217,0.03999074672,-0.2099638603,4.012676913e-05
0.25,0.03997671604,0.04,-0.21,0.03999135909,0.03999074112,-0.2099638345,4.010096708e-05
0.251,0.0399758219,0.04,-0.21,0.03999032491,0.0399907354,-0.2099638082,4.007514044e-05
0.252,0.03997489861,0.04,-0.21,0.03998925887,0.03999072957,-0.2099637814,4.004931416e-05
0.253,0.03997394541,0.04,-0.21,0.03998816017,0.03999072363,-0.209963754,4.002351427e-05
0.254,0.03997296153,0.04,-0.21,0.03998702802,0.03999071757,-0.2099637262,3.999776788e-05
0.255,0.03997194617,0.04,-0.21,0.0399858616,0.0399907114,-0.2099636978,3.997210321e-05
0.256,0.03997089853,0.04,-0.21,0.03998466008,0.03999070512,-0.2099636689,3.994654959e-05
0.257,0.03996981779,0.04,-0.21,0.03998342263,0.03999069872,-0.2099636394,3.992113748e-05
0.258,0.03996870311,0.04,-0.21,0.0399821484,0.03999069221,-0.2099636095,3.989589846e-05
0.259,0.03996755365,0.04,-0.21,0.03998083651,0.03999068558,-0.2099635789,3.987086525e-05
0.26,0.03996636854,0.04,-0.21,0.03997948608,0.03999067883,-0.2099635479,3.984607169e-05
0.261,0.03996514691,0.04,-0.21,0.03997809622,0.03999067196,-0.2099635163,3.982155279e-05
0.262,0.03996388785,0.04,-0.21,0.03997666601,0.03999066497,-0.2099634842,3.97973447e-05
0.263,0.03996259047,0.04,-0.21,0.03997519454,0.03999065787,-0.2099634515,3.977348469e-05
0.264,0.03996125384,0.04,-0.21,0.03997368086,0.03999065064,-0.2099634183,3.975001121e-05
0.265,0.03995987703,0.04,-0.21,0.03997212403,0.03999064329,-0.2099633845,3.97269638e-05
0.266,0.03995845907,0.04,-0.21,0.03997052307,0.03999063582,-0.2099633502,3.970438318e-05
0.267,0.03995699901,0.04,-0.21,0.03996887701,0.03999062823,-0.2099633153,3.968231116e-05
0.268,0.03995549586,0.04,-0.21,0.03996718485,0.03999062051,-0.2099632798,3.966079067e-05
0.269,0.03995394862,0.04,-0.21,0.03996544558,0.03999061268,-0.2099632438,3.963986575e-05
0.27,0.03995235628,0.04,-0.21,0.03996365818,0.03999060472,-0.2099632072,3.961958152e-05
0.271,0.0399507178,0.04,-0.21,0.03996182161,0.03999059663,-0.2099631701,3.959998415e-05
0.272,0.03994903215,0.04,-0.21,0.03995993482,0.03999058842,-0.2099631324,3.958112088e-05
0.273,0.03994729827,0.04,-0.21,0.03995799673,0.03999058009,-0.2099630941,3.956303996e-05
0.274,0.03994551508,0.04,-0.21,0.03995600628,0.03999057163,-0.2099630553,3.954579064e-05
0.275,0.03994368149,0.04,-0.21,0.03995396237,0.03999056305,-0.2099630159,3.952942315e-05
0.276,0.03994179639,0.04,-0.21,0.03995186387,0.03999055434,-0.2099629759,3.951398863e-05
0.277,0.03993985867,0.04,-0.21,0.03994970968,0.0399905455,-0.2099629354,3.949953917e-05
0.278,0.03993786719,0.04,-0.21,0.03994749865,0.03999053655,-0.2099628943,3.948612769e-05
0.279,0.0399358208,0.04,-0.21,0.03994522964,0.03999052746,-0.2099628526,3.947380794e-05
0.28,0.03993371833,0.04,-0.21,0.03994290146,0.03999051825,-0.2099628104,3.946263448e-05
0.281,0.03993155859,0.04,-0.21,0.03994051295,0.03999050892,-0.2099627676,3.945266259e-05
0.282,0.03992934039,0.04,-0.21,0.0399380629,0.03999049946,-0.2099627242,3.944394824e-05
0.283,0.03992706253,0.04,-0.21,0.03993555011,0.03999048987,-0.2099626803,3.943654804e-05
0.284,0.03992472376,0.04,-0.21,0.03993297335,0.03999048017,-0.2099626358,3.943051918e-05
0.285,0.03992232284,0.04,-0.21,0.03993033139,0.03999047033,-0.2099625908,3.942591938e-05
0.286,0.03991985853,0.04,-0.21,0.03992762297,0.03999046037,-0.2099625451,3.942280682e-05
0.287,0.03991732953,0.04,-0.21,0.03992484683,0.03999045029,-0.209962499,3.942124007e-05
0.288,0.03991473458,0.04,-0.21,0.03992200169,0.03999044009,-0.2099624522,3.942127805e-05
0.289,0.03991207235,0.04,-0.21,0.03991908626,0.03999042976,-0.209962405,3.94229799e-05
0.29,0.03990934154,0.04,-0.21,0.03991609922,0.0399904193,-0.2099623571,3.942640499e-05
0.291,0.0399065408,0.04,-0.21,0.03991303927,0.03999040873,-0.2099623088,3.943161277e-05
0.292,0.0399036688,0.04,-0.21,0.03990990505,0.03999039804,-0.2099622598,3.943866273e-05
0.293,0.03990072416,0.04,-0.21,0.03990669524,0.03999038722,-0.2099622104,3.944761431e-05
0.294,0.03989770551,0.04,-0.21,0.03990340846,0.03999037628,-0.2099621604,3.94585268e-05
0.295,0.03989461146,0.04,-0.21,0.03990004334,0.03999036523,-0.2099621099,3.94714593e-05
0.296,0.03989144061,0.04,-0.21,0.03989659849,0.03999035405,-0.2099620588,3.948647055e-05
0.297,0.03988819152,0.04,-0.21,0.03989307252,0.03999034276,-0.2099620072,3.950361893e-05
0.298,0.03988486277,0.04,-0.21,0.03988946401,0.03999033135,-0.2099619552,3.952296228e-05
0.299,0.03988145291,0.04,-0.21,0.03988577154,0.03999031982,-0.2099619025,3.954455789e-05
0.3,0.03987796048,0.04,-0.21,0.03988199367,0.03999030818,-0.2099618494,3.956846233e-05
0.301,0.03987438399,0.04,-0.21,0.03987812894,0.03999029643,-0.2099617958,3.959473139e-05
0.302,0.03987072196,0.04,-0.21,0.03987417589,0.03999028456,-0.2099617417,3.962341998e-05
0.303,0.03986697288,0.04,-0.21,0.03987013306,0.03999027258,-0.2099616871,3.965458202e-05
0.304,0.03986313525,0.04,-0.21,0.03986599895,0.03999026049,-0.209961632,3.968827033e-05
0.305,0.03985920752,0.04,-0.21,0.03986177206,0.03999024829,-0.2099615765,3.972453656e-05
0.306,0.03985518816,0.04,-0.21,0.03985745088,0.03999023598,-0.2099615205,3.976343106e-05
0.307,0.0398510756,0.04,-0.21,0.0398530339,0.03999022357,-0.209961464,3.980500277e-05
0.308,0.03984686829,0.04,-0.21,0.03984851957,0.03999021105,-0.209961407,3.984929917e-05
0.309,0.03984256465,0.04,-0.21,0.03984390636,0.03999019843,-0.2099613497,3.989636612e-05
0.31,0.03983816307,0.04,-0.21,0.03983919271,0.0399901857,-0.2099612918,3.994624778e-05
0.311,0.03983366195,0.04,-0.21,0.03983437705,0.03999017287,-0.2099612336,3.999898655e-05
0.312,0.03982905968,0.04,-0.21,0.0398294578,0.03999015995,-0.2099611749,4.00546229e-05
0.313,0.03982435463,0.04,-0.21,0.03982443339,0.03999014692,-0.2099611158,4.011319536e-05
0.314,0.03981954516,0.04,-0.21,0.03981930221,0.0399901338,-0.2099610563,4.017474035e-05
0.315,0.03981462963,0.04,-0.21,0.03981406266,0.03999012059,-0.2099609965,4.023929212e-05
0.316,0.03980960636,0.04,-0.21,0.03980871312,0.03999010728,-0.2099609362,4.03068827e-05
0.317,0.03980447368,0.04,-0.21,0.03980325196,0.03999009389,-0.2099608756,4.037754176e-05
0.318,0.03979922992,0.04,-0.21,0.03979767756,0.0399900804,-0.2099608146,4.045129653e-05
0.319,0.03979387338,0.04,-0.21,0.03979198827,0.03999006683,-0.2099607532,4.052817176e-05
0.32,0.03978840236,0.04,-0.21,0.03978618243,0.03999005318,-0.2099606915,4.060818965e-05
0.321,0.03978281515,0.04,-0.21,0.03978025839,0.03999003944,-0.2099606295,4.069136972e-05
0.322,0.03977711002,0.04,-0.21,0.03977421448,0.03999002562,-0.2099605671,4.077772879e-05
0.323,0.03977128525,0.04,-0.21,0.03976804902,0.03999001172,-0.2099605045,4.086728093e-05
0.324,0.0397653391,0.04,-0.21,0.03976176033,0.03998999775,-0.2099604415,4.096003737e-05
0.325,0.03975926981,0.04,-0.21,0.03975534672,0.0399899837,-0.2099603783,4.105600646e-05
0.326,0.03975307563,0.04,-0.21,0.03974880648,0.03998996959,-0.2099603148,4.115519363e-05
0.327,0.03974675481,0.04,-0.21,0.03974213792,0.0399899554,-0.209960251,4.125760134e-05
0.328,0.03974030556,0.04,-0.21,0.03973533932,0.03998994114,-0.209960187,4.136322906e-05
0.329,0.03973372611,0.04,-0.21,0.03972840897,0.03998992682,-0.2099601228,4.14720732e-05
0.33,0.03972701467,0.04,-0.21,0.03972134513,0.03998991244,-0.2099600583,4.158412715e-05
0.331,0.03972016946,0.04,-0.21,0.03971414609,0.039989898,-0.2099599937,4.169938119e-05
0.332,0.03971318867,0.04,-0.21,0.03970681011,0.0399898835,-0.2099599288,4.181782251e-05
0.333,0.03970607049,0.04,-0.21,0.03969933545,0.03998986895,-0.2099598638,4.193943521e-05
0.334,0.03969881312,0.04,-0.21,0.03969172037,0.03998985435,-0.2099597986,4.206420028e-05
0.335,0.03969141475,0.04,-0.21,0.03968396311,0.03998983969,-0.2099597332,4.219209562e-05
0.336,0.03968387354,0.04,-0.21,0.03967606192,0.03998982499,-0.2099596677,4.2323096e-05
0.337,0.03967618768,0.04,-0.21,0.03966801506,0.03998981025,-0.2099596021,4.245717315e-05
0.338,0.03966835534,0.04,-0.21,0.03965982075,0.03998979546,-0.2099595364,4.25942957e-05
0.339,0.03966037468,0.04,-0.21,0.03965147725,0.03998978064,-0.2099594706,4.273442927e-05
0.34,0.03965224387,0.04,-0.21,0.03964298277,0.03998976578,-0.2099594047,4.287753645e-05
0.341,0.03964396107,0.04,-0.21,0.03963433556,0.03998975088,-0.2099593388,4.302357687e-05
0.342,0.03963552443,0.04,-0.21,0.03962553385,0.03998973596,-0.2099592728,4.317250721e-05
0.343,0.0396269321,0.04,-0.21,0.03961657586,0.03998972101,-0.2099592068,4.332428125e-05
0.344,0.03961818225,0.04,-0.21,0.03960745982,0.03998970603,-0.2099591408,4.347884994e-05
0.345,0.03960927301,0.04,-0.21,0.03959818397,0.03998969104,-0.2099590748,4.363616144e-05
0.346,0.03960020255,0.04,-0.21,0.03958874651,0.03998967602,-0.2099590088,4.379616114e-05
0.347,0.039590969,0.04,-0.21,0.03957914569,0.03998966099,-0.2099589428,4.395879179e-05
0.348,0.03958157053,0.04,-0.21,0.03956937973,0.03998964595,-0.209958877,4.41239935e-05
0.349,0.03957200526,0.04,-0.21,0.03955944684,0.03998963089,-0.2099588111,4.429170386e-05
0.35,0.03956227136,0.04,-0.21,0.03954934527,0.03998961583,-0.2099587454,4.446185797e-05
0.351,0.03955236697,0.04,-0.21,0.03953907323,0.03998960077,-0.2099586798,4.463438852e-05
0.352,0.03954229024,0.04,-0.21,0.03952862896,0.03998958571,-0.2099586143,4.48092259e-05
0.353,0.03953203932,0.04,-0.21,0.03951801069,0.03998957064,-0.2099585489,4.498629824e-05
0.354,0.03952161236,0.04,-0.21,0.03950721665,0.03998955559,-0.2099584837,4.516553151e-05
0.355,0.03951100753,0.04,-0.21,0.03949624508,0.03998954054,-0.2099584187,4.53468496e-05
0.356,0.03950022297,0.04,-0.21,0.03948509422,0.0399895255,-0.2099583538,4.553017442e-05
0.357,0.03948925684,0.04,-0.21,0.03947376231,0.03998951048,-0.2099582892,4.571542595e-05
0.358,0.03947810732,0.04,-0.21,0.03946224759,0.03998949547,-0.2099582248,4.590252239e-05
0.359,0.03946677257,0.04,-0.21,0.03945054832,0.03998948049,-0.2099581607,4.609138018e-05
0.36,0.03945525076,0.04,-0.21,0.03943866275,0.03998946553,-0.2099580968,4.628191414e-05
0.361,0.03944354006,0.04,-0.21,0.03942658914,0.03998945059,-0.2099580332,4.647403755e-05
0.362,0.03943163866,0.04,-0.21,0.03941432575,0.03998943569,-0.2099579699,4.666766225e-05
0.363,0.03941954476,0.04,-0.21,0.03940187086,0.03998942082,-0.2099579069,4.686269871e-05
0.364,0.03940725652,0.04,-0.21,0.03938922274,0.03998940599,-0.2099578443,4.705905616e-05
0.365,0.03939477217,0.04,-0.21,0.03937637968,0.03998939119,-0.209957782,4.725664263e-05
0.366,0.03938208991,0.04,-0.21,0.03936333995,0.03998937644,-0.2099577201,4.745536513e-05
0.367,0.03936920794,0.04,-0.21,0.03935010187,0.03998936173,-0.2099576586,4.765512964e-05
0.368,0.03935612448,0.04,-0.21,0.03933666372,0.03998934707,-0.2099575975,4.785584129e-05
0.369,0.03934283778,0.04,-0.21,0.03932302383,0.03998933246,-0.2099575368,4.805740441e-05
0.37,0.03932934605,0.04,-0.21,0.03930918051,0.0399893179,-0.2099574765,4.825972265e-05
0.371,0.03931564756,0.04,-0.21,0.03929513208,0.03998930341,-0.2099574168,4.846269904e-05
0.372,0.03930174055,0.04,-0.21,0.03928087689,0.03998928897,-0.2099573575,4.866623609e-05
0.373,0.03928762328,0.04,-0.21,0.03926641328,0.03998927459,-0.2099572987,4.887023592e-05
0.374,0.03927329403,0.04,-0.21,0.03925173961,0.03998926029,-0.2099572404,4.90746003e-05
0.375,0.03925875109,0.04,-0.21,0.03923685423,0.03998924605,-0.2099571827,4.927923077e-05
0.376,0.03924399275,0.04,-0.21,0.03922175552,0.03998923188,-0.2099571255,4.948402871e-05
0.377,0.03922901731,0.04,-0.21,0.03920644188,0.03998921778,-0.2099570689,4.968889544e-05
0.378,0.03921382309,0.04,-0.21,0.03919091169,0.03998920377,-0.2099570129,4.98937323e-05
0.379,0.03919840842,0.04,-0.21,0.03917516336,0.03998918983,-0.2099569574,5.009844073e-05
0.38,0.03918277164,0.04,-0.21,0.03915919531,0.03998917598,-0.2099569027,5.030292238e-05
0.381,0.03916691111,0.04,-0.21,0.03914300598,0.03998916222,-0.2099568485,5.050707915e-05
0.382,0.03915082518,0.04,-0.21,0.0391265938,0.03998914854,-0.209956795,5.07108133e-05
0.383,0.03913451225,0.04,-0.21,0.03910995723,0.03998913495,-0.2099567422,5.091402753e-05
0.384,0.0391179707,0.04,-0.21,0.03909309473,0.03998912146,-0.20995669,5.111662503e-05
0.385,0.03910119895,0.04,-0.21,0.0390760048,0.03998910806,-0.2099566386,5.131850961e-05
0.386,0.0390841954,0.04,-0.21,0.03905868592,0.03998909477,-0.2099565879,5.151958571e-05
0.387,0.03906695851,0.04,-0.21,0.0390411366,0.03998908157,-0.2099565379,5.17197585e-05
0.388,0.03904948671,0.04,-0.21,0.03902335537,0.03998906848,-0.2099564887,5.1918934e-05
0.389,0.03903177849,0.04,-0.21,0.03900534076,0.0399890555,-0.2099564403,5.211701906e-05
0.39,0.03901383231,0.04,-0.21,0.03898709132,0.03998904262,-0.2099563926,5.231392151e-05
0.391,0.03899564669,0.04,-0.21,0.03896860562,0.03998902986,-0.2099563458,5.250955017e-05
0.392,0.03897722012,0.04,-0.21,0.03894988224,0.03998901721,-0.2099562998,5.270381496e-05
0.393,0.03895855115,0.04,-0.21,0.03893091978,0.03998900468,-0.2099562546,5.289662693e-05
0.394,0.03893963833,0.04,-0.21,0.03891171684,0.03998899226,-0.2099562102,5.308789834e-05
0.395,0.03892048021,0.04,-0.21,0.03889227207,0.03998897997,-0.2099561667,5.327754273e-05
0.396,0.03890107539,0.04,-0.21,0.0388725841,0.03998896779,-0.2099561241,5.346547496e-05
0.397,0.03888142246,0.04,-0.21,0.0388526516,0.03998895575,-0.2099560824,5.365161126e-05
0.398,0.03886152004,0.04,-0.21,0.03883247324,0.03998894383,-0.2099560416,5.383586935e-05
0.399,0.03884136677,0.04,-0.21,0.03881204772,0.03998893203,-0.2099560016,5.40181684e-05
0.4,0.03882096131,0.04,-0.21,0.03879137374,0.03998892037,-0.2099559627,5.419842916e-05
0.401,0.03880030233,0.04,-0.21,0.03877045005,0.03998890884,-0.2099559246,5.437657399e-05
0.402,0.03877938852,0.04,-0.21,0.03874927538,0.03998889745,-0.2099558875,5.455252689e-05
0.403,0.0387582186,0.04,-0.21,0.03872784851,0.03998888619,-0.2099558514,5.472621358e-05
0.404,0.03873679131,0.04,-0.21,0.0387061682,0.03998887507,-0.2099558163,5.489756152e-05
0.405,0.03871510539,0.04,-0.21,0.03868423327,0.03998886409,-0.2099557821,5.50665e-05
0.406,0.03869315962,0.04,-0.21,0.03866204254,0.03998885325,-0.2099557489,5.523296012e-05
0.407,0.03867095279,0.04,-0.21,0.03863959483,0.03998884256,-0.2099557168,5.539687491e-05
0.408,0.03864848371,0.04,-0.21,0.03861688902,0.03998883201,-0.2099556856,5.555817929e-05
0.409,0.03862575123,0.04,-0.21,0.03859392396,0.0399888216,-0.2099556555,5.571681021e-05
0.41,0.03860275419,0.04,-0.21,0.03857069857,0.03998881134,-0.2099556265,5.587270658e-05
0.411,0.03857949147,0.04,-0.21,0.03854721174,0.03998880123,-0.2099555984,5.602580941e-05
0.412,0.03855596197,0.04,-0.21,0.03852346242,0.03998879127,-0.2099555715,5.617606176e-05
0.413,0.0385321646,0.04,-0.21,0.03849944955,0.03998878146,-0.2099555456,5.632340885e-05
0.414,0.03850809831,0.04,-0.21,0.0384751721,0.0399887718,-0.2099555207,5.646779803e-05
0.415,0.03848376206,0.04,-0.21,0.03845062907,0.0399887623,-0.209955497,5.660917888e-05
0.416,0.03845915483,0.04,-0.21,0.03842581946,0.03998875295,-0.2099554743,5.674750318e-05
0.417,0.03843427563,0.04,-0.21,0.03840074232,0.03998874375,-0.2099554527,5.688272498e-05
0.418,0.03840912348,0.04,-0.21,0.03837539667,0.03998873471,-0.2099554323,5.701480061e-05
0.419,0.03838369743,0.04,-0.21,0.0383497816,0.03998872582,-0.2099554129,5.714368871e-05
0.42,0.03835799655,0.04,-0.21,0.03832389619,0.03998871709,-0.2099553946,5.726935028e-05
0.421,0.03833201993,0.04,-0.21,0.03829773956,0.03998870852,-0.2099553775,5.739174867e-05
0.422,0.0383057667,0.04,-0.21,0.03827131082,0.03998870011,-0.2099553614,5.751084966e-05
0.423,0.03827923598,0.04,-0.21,0.03824460914,0.03998869186,-0.2099553465,5.762662178e-05
0.424,0.03825242693,0.04,-0.21,0.03821763367,0.03998868376,-0.2099553327,5.773903648e-05
0.425,0.03822533875,0.04,-0.21,0.03819038361,0.03998867583,-0.20995532,5.784806791e-05
0.426,0.03819797062,0.04,-0.21,0.03816285816,0.03998866805,-0.2099553085,5.795369258e-05
0.427,0.03817032178,0.04,-0.21,0.03813505654,0.03998866043,-0.2099552981,5.805588914e-05
0.428,0.03814239147,0.04,-0.21,0.03810697801,0.03998865296,-0.2099552888,5.815463821e-05
0.429,0.03811417896,0.04,-0.21,0.03807862184,0.03998864566,-0.2099552806,5.824992252e-05
0.43,0.03808568355,0.04,-0.21,0.0380499873,0.03998863851,-0.2099552736,5.834172711e-05
0.431,0.03805690455,0.04,-0.21,0.03802107372,0.03998863152,-0.2099552677,5.843003961e-05
0.432,0.0380278413,0.04,-0.21,0.03799188041,0.03998862469,-0.2099552629,5.851485034e-05
0.433,0.03799849315,0.04,-0.21,0.03796240673,0.03998861802,-0.2099552593,5.859615243e-05
0.434,0.03796885948,0.04,-0.21,0.03793265204,0.0399886115,-0.2099552568,5.867394175e-05
0.435,0.03793893969,0.04,-0.21,0.03790261571,0.03998860515,-0.2099552554,5.874821679e-05
0.436,0.03790873321,0.04,-0.21,0.03787229717,0.03998859895,-0.2099552551,5.881897866e-05
0.437,0.03787823948,0.04,-0.21,0.03784169582,0.03998859291,-0.209955256,5.888623094e-05
0.438,0.03784745797,0.04,-0.21,0.03781081111,0.03998858702,-0.2099552579,5.894997976e-05
0.439,0.03781638816,0.04,-0.21,0.0377796425,0.03998858128,-0.209955261,5.901023377e-05
0.44,0.03778502956,0.04,-0.21,0.03774818947,0.0399885757,-0.2099552652,5.906700422e-05
0.441,0.0377533817,0.04,-0.21,0.03771645152,0.03998857027,-0.2099552704,5.912030503e-05
0.442,0.03772144413,0.04,-0.21,0.03768442815,0.039988565,-0.2099552768,5.917015277e-05
0.443,0.03768921641,0.04,-0.21,0.03765211889,0.03998855987,-0.2099552842,5.921656666e-05
0.444,0.03765669814,0.04,-0.21,0.03761952331,0.03998855489,-0.2099552928,5.92595686e-05
0.445,0.03762388892,0.04,-0.21,0.03758664096,0.03998855006,-0.2099553023,5.929918315e-05
0.446,0.03759078839,0.04,-0.21,0.03755347143,0.03998854538,-0.209955313,5.933543751e-05
0.447,0.03755739618,0.04,-0.21,0.03752001432,0.03998854085,-0.2099553247,5.936836151e-05
0.448,0.03752371198,0.04,-0.21,0.03748626924,0.03998853646,-0.2099553374,5.939798759e-05
0.449,0.03748973545,0.04,-0.21,0.03745223583,0.03998853221,-0.2099553511,5.942435082e-05
0.45,0.03745546632,0.04,-0.21,0.03741791373,0.03998852809,-0.2099553659,5.944748886e-05
0.451,0.03742090429,0.04,-0.21,0.03738330261,0.03998852412,-0.2099553817,5.946744195e-05
0.452,0.03738604911,0.04,-0.21,0.03734840214,0.03998852028,-0.2099553985,5.94842529e-05
0.453,0.03735090054,0.04,-0.21,0.03731321202,0.03998851657,-0.2099554162,5.949796708e-05
0.454,0.03731545835,0.04,-0.21,0.03727773196,0.039988513,-0.2099554349,5.950863242e-05
0.455,0.03727972233,0.04,-0.21,0.03724196167,0.03998850956,-0.2099554546,5.951629943e-05
0.456,0.03724369229,0.04,-0.21,0.0372059009,0.03998850624,-0.2099554752,5.952102117e-05
0.457,0.03720736805,0.04,-0.21,0.03716954938,0.03998850304,-0.2099554968,5.952285328e-05
0.458,0.03717074945,0.04,-0.21,0.03713290689,0.03998849997,-0.2099555192,5.952185391e-05
0.459,0.03713383635,0.04,-0.21,0.03709597319,0.03998849702,-0.2099555426,5.951808376e-05
0.46,0.03709662861,0.04,-0.21,0.03705874807,0.03998849418,-0.2099555668,5.951160599e-05
0.461,0.03705912612,0.04,-0.21,0.03702123133,0.03998849145,-0.2099555918,5.950248621e-05
0.462,0.03702132877,0.04,-0.21,0.03698342276,0.03998848883,-0.2099556178,5.949079247e-05
0.463,0.03698323646,0.04,-0.21,0.0369453222,0.03998848632,-0.2099556445,5.94765952e-05
0.464,0.03694484913,0.04,-0.21,0.03690692947,0.0399884839,-0.2099556721,5.945996722e-05
0.465,0.0369061667,0.04,-0.21,0.03686824439,0.03998848159,-0.2099557004,5.944098378e-05
0.466,0.03686718913,0.04,-0.21,0.03682926683,0.03998847937,-0.2099557295,5.941972247e-05
0.467,0.03682791636,0.04,-0.21,0.03678999663,0.03998847725,-0.2099557593,5.939626327e-05
0.468,0.03678834837,0.04,-0.21,0.03675043366,0.03998847521,-0.2099557899,5.937068852e-05
0.469,0.03674848512,0.04,-0.21,0.03671057779,0.03998847325,-0.2099558212,5.934308288e-05
0.47,0.03670832662,0.04,-0.21,0.03667042888,0.03998847138,-0.2099558531,5.931353333e-05
0.471,0.03666787284,0.04,-0.21,0.03662998683,0.03998846957,-0.2099558857,5.928212907e-05
0.472,0.0366271238,0.04,-0.21,0.03658925152,0.03998846784,-0.209955919,5.924896156e-05
0.473,0.03658607951,0.04,-0.21,0.03654822283,0.03998846618,-0.2099559528,5.921412442e-05
0.474,0.03654473997,0.04,-0.21,0.03650690068,0.03998846457,-0.2099559872,5.917771351e-05
0.475,0.03650310522,0.04,-0.21,0.03646528496,0.03998846302,-0.2099560222,5.913982679e-05
0.476,0.03646117529,0.04,-0.21,0.03642337557,0.03998846152,-0.2099560578,5.910056441e-05
0.477,0.0364189502,0.04,-0.21,0.03638117241,0.03998846007,-0.2099560938,5.906002868e-05
0.478,0.03637643,0.04,-0.21,0.03633867539,0.03998845866,-0.2099561303,5.901832401e-05
0.479,0.03633361472,0.04,-0.21,0.03629588443,0.03998845729,-0.2099561673,5.897555694e-05
0.48,0.03629050441,0.04,-0.21,0.03625279942,0.03998845594,-0.2099562047,5.893183608e-05
0.481,0.03624709912,0.04,-0.21,0.03620942028,0.03998845462,-0.2099562425,5.888727211e-05
0.482,0.0362033989,0.04,-0.21,0.0361657469,0.03998845332,-0.2099562807,5.884197774e-05
0.483,0.03615940378,0.04,-0.21,0.0361217792,0.03998845203,-0.2099563192,5.879606766e-05
0.484,0.03611511382,0.04,-0.21,0.03607751707,0.03998845075,-0.209956358,5.874965855e-05
0.485,0.03607052906,0.04,-0.21,0.03603296042,0.03998844947,-0.2099563971,5.870286909e-05
0.486,0.03602564955,0.04,-0.21,0.03598810912,0.03998844819,-0.2099564365,5.865581987e-05
0.487,0.03598047532,0.04,-0.21,0.03594296308,0.03998844689,-0.2099564761,5.860863348e-05
0.488,0.03593500642,0.04,-0.21,0.03589752217,0.03998844557,-0.2099565159,5.856143441e-05
0.489,0.03588924288,0.04,-0.21,0.03585178626,0.03998844423,-0.2099565558,5.851434916e-05
0.49,0.03584318473,0.04,-0.21,0.03580575523,0.03998844286,-0.2099565959,5.84675061e-05
0.491,0.03579683198,0.04,-0.21,0.03575942893,0.03998844145,-0.2099566361,5.842103555e-05
0.492,0.03575018466,0.04,-0.21,0.03571280721,0.03998843999,-0.2099566763,5.837506975e-05
0.493,0.03570324276,0.04,-0.21,0.03566588991,0.03998843848,-0.2099567166,5.832974282e-05
0.494,0.0356560063,0.04,-0.21,0.03561867686,0.03998843691,-0.2099567568,5.82851908e-05
0.495,0.03560847524,0.04,-0.21,0.03557116787,0.03998843527,-0.2099567971,5.824155158e-05
0.496,0.03556064958,0.04,-0.21,0.03552336274,0.03998843355,-0.2099568372,5.819896497e-05
0.497,0.03551252928,0.04,-0.21,0.03547526127,0.03998843175,-0.2099568772,5.815757268e-05
0.498,0.0354641143,0.04,-0.21,0.03542686322,0.03998842986,-0.2099569171,5.811751835e-05
0.499,0.03541540456,0.04,-0.21,0.03537816837,0.03998842787,-0.2099569568,5.807894755e-05
0.5,0.0353664,0.04,-0.21,0.03532917643,0.03998842577,-0.2099569963,5.804200782e-05
0.501,0.03531710053,0.04,-0.21,0.03527988715,0.03998842355,-0.2099570355,5.800684926e-05
0.502,0.03526750605,0.04,-0.21,0.03523030031,0.03998842121,-0.2099570745,5.797356192e-05
0.503,0.03521761648,0.04,-0.21,0.03518041607,0.03998841874,-0.2099571133,5.794189367e-05
0.504,0.03516743173,0.04,-0.21,0.03513023511,0.03998841614,-0.2099571522,5.791120315e-05
0.505,0.03511695174,0.04,-0.21,0.03507975839,0.03998841344,-0.2099571914,5.788065736e-05
0.506,0.03506617643,0.04,-0.21,0.03502898687,0.03998841071,-0.209957231,5.784949183e-05
0.507,0.03501510574,0.04,-0.21,0.03497792124,0.03998840805,-0.209957271,5.781719738e-05
0.508,0.03496373963,0.04,-0.21,0.03492656174,0.03998840557,-0.2099573114,5.778357629e-05
0.509,0.03491207805,0.04,-0.21,0.0348749083,0.03998840334,-0.2099573522,5.774867992e-05
0.51,0.03486012095,0.04,-0.21,0.03482296064,0.03998840137,-0.2099573932,5.771268053e-05
0.511,0.03480786831,0.04,-0.21,0.03477071845,0.03998839957,-0.2099574346,5.767573984e-05
0.512,0.0347553201,0.04,-0.21,0.03471818159,0.0399883978,-0.2099574765,5.763792249e-05
0.513,0.0347024763,0.04,-0.21,0.03466535007,0.03998839593,-0.2099575188,5.759917432e-05
0.514,0.03464933691,0.04,-0.21,0.03461222406,0.03998839385,-0.2099575617,5.755935647e-05
0.515,0.03459590191,0.04,-0.21,0.03455880377,0.03998839156,-0.2099576051,5.75183073e-05
0.516,0.03454217132,0.04,-0.21,0.0345050894,0.03998838912,-0.2099576491,5.74759004e-05
0.517,0.03448814513,0.04,-0.21,0.03445108105,0.03998838668,-0.2099576936,5.743207663e-05
0.518,0.03443382337,0.04,-0.21,0.03439677874,0.0399883844,-0.2099577386,5.738684402e-05
0.519,0.03437920605,0.04,-0.21,0.0343421824,0.0399883824,-0.2099577841,5.734025363e-05
0.52,0.03432429321,0.04,-0.21,0.03428729198,0.03998838071,-0.2099578299,5.729236742e-05
0.521,0.03426908488,0.04,-0.21,0.03423210744,0.03998837928,-0.2099578762,5.724323218e-05
0.522,0.03421358111,0.04,-0.21,0.03417662879,0.03998837798,-0.2099579229,5.719286804e-05
0.523,0.03415778195,0.04,-0.21,0.03412085607,0.03998837668,-0.2099579702,5.714127107e-05
0.524,0.03410168744,0.04,-0.21,0.03406478939,0.03998837526,-0.209958018,5.708842438e-05
0.525,0.03404529766,0.04,-0.21,0.03400842882,0.03998837367,-0.2099580664,5.703431008e-05
0.526,0.03398861268,0.04,-0.21,0.03395177446,0.03998837194,-0.2099581153,5.697891694e-05
0.527,0.03393163256,0.04,-0.21,0.0338948264,0.03998837015,-0.2099581647,5.69222421e-05
0.528,0.0338743574,0.04,-0.21,0.0338375847,0.03998836844,-0.2099582146,5.686428847e-05
0.529,0.03381678727,0.04,-0.21,0.03378004945,0.0399883669,-0.2099582649,5.680506127e-05
0.53,0.03375892229,0.04,-0.21,0.03372222073,0.03998836561,-0.2099583157,5.674456601e-05
0.531,0.03370076254,0.04,-0.21,0.03366409864,0.03998836455,-0.2099583669,5.668280899e-05
0.532,0.03364230815,0.04,-0.21,0.03360568326,0.03998836369,-0.2099584186,5.661979898e-05
0.533,0.03358355921,0.04,-0.21,0.0335469747,0.0399883629,-0.2099584707,5.655554855e-05
0.534,0.03352451586,0.04,-0.21,0.03348797308,0.03998836211,-0.2099585233,5.649007333e-05
0.535,0.03346517823,0.04,-0.21,0.03342867849,0.03998836124,-0.2099585765,5.642338911e-05
0.536,0.03340554644,0.04,-0.21,0.03336909107,0.03998836026,-0.2099586301,5.635550796e-05
0.537,0.03334562064,0.04,-0.21,0.03330921094,0.03998835922,-0.2099586843,5.62864351e-05
0.538,0.03328540098,0.04,-0.21,0.03324903826,0.03998835817,-0.2099587389,5.621616823e-05
0.539,0.03322488761,0.04,-0.21,0.03318857318,0.03998835722,-0.209958794,5.614469985e-05
0.54,0.03316408069,0.04,-0.21,0.03312781589,0.03998835642,-0.2099588495,5.60720218e-05
0.541,0.03310298039,0.04,-0.21,0.03306676654,0.03998835582,-0.2099589055,5.599813026e-05
0.542,0.03304158688,0.04,-0.21,0.03300542531,0.0399883554,-0.2099589619,5.592302934e-05
0.543,0.03297990034,0.04,-0.21,0.03294379236,0.03998835511,-0.2099590187,5.584673173e-05
0.544,0.03291792095,0.04,-0.21,0.03288186786,0.0399883549,-0.209959076,5.576925621e-05
0.545,0.03285564891,0.04,-0.21,0.03281965197,0.03998835468,-0.2099591337,5.569062305e-05
0.546,0.03279308441,0.04,-0.21,0.03275714488,0.03998835443,-0.2099591919,5.561084892e-05
0.547,0.03273022766,0.04,-0.21,0.03269434678,0.03998835412,-0.2099592506,5.552994325e-05
0.548,0.03266707888,0.04,-0.21,0.03263125788,0.03998835379,-0.2099593098,5.544790725e-05
0.549,0.03260363826,0.04,-0.21,0.0325678784,0.03998835349,-0.2099593694,5.536473579e-05
0.55,0.03253990605,0.04,-0.21,0.03250420857,0.03998835329,-0.2099594295,5.52804214e-05
0.551,0.03247588246,0.04,-0.21,0.03244024863,0.03998835322,-0.2099594899,5.519495884e-05
0.552,0.03241156774,0.04,-0.21,0.03237599882,0.03998835331,-0.2099595508,5.510834872e-05
0.553,0.03234696212,0.04,-0.21,0.03231145937,0.03998835354,-0.2099596121,5.502059889e-05
0.554,0.03228206585,0.04,-0.21,0.0322466305,0.03998835389,-0.2099596738,5.493172345e-05
0.555,0.03221687918,0.04,-0.21,0.03218151246,0.03998835429,-0.209959736,5.484173961e-05
0.556,0.03215140238,0.04,-0.21,0.03211610549,0.03998835471,-0.2099597986,5.475066385e-05
0.557,0.03208563571,0.04,-0.21,0.03205040983,0.03998835512,-0.2099598616,5.465850846e-05
0.558,0.03201957944,0.04,-0.21,0.03198442576,0.03998835552,-0.2099599251,5.456527978e-05
0.559,0.03195323384,0.04,-0.21,0.03191815355,0.03998835592,-0.209959989,5.447097841e-05
0.56,0.03188659921,0.04,-0.21,0.03185159349,0.03998835638,-0.2099600534,5.437560135e-05
0.561,0.03181967583,0.04,-0.21,0.03178474587,0.03998835693,-0.2099601181,5.427914511e-05
0.562,0.03175246399,0.04,-0.21,0.03171761099,0.0399883576,-0.2099601833,5.418160882e-05
0.563,0.03168496401,0.04,-0.21,0.03165018916,0.0399883584,-0.2099602489,5.408299633e-05
0.564,0.03161717617,0.04,-0.21,0.03158248066,0.03998835933,-0.2099603148,5.398331659e-05
0.565,0.03154910081,0.04,-0.21,0.0315144858,0.03998836035,-0.2099603812,5.388258244e-05
0.566,0.03148073823,0.04,-0.21,0.03144620488,0.03998836142,-0.2099604479,5.378080821e-05
0.567,0.03141208877,0.04,-0.21,0.03137763821,0.03998836253,-0.2099605151,5.367800705e-05
0.568,0.03134315274,0.04,-0.21,0.03130878611,0.03998836365,-0.2099605827,5.357418875e-05
0.569,0.0312739305,0.04,-0.21,0.03123964892,0.03998836477,-0.2099606507,5.346935881e-05
0.57,0.03120442237,0.04,-0.21,0.03117022698,0.03998836594,-0.2099607191,5.336351896e-05
0.571,0.03113462872,0.04,-0.21,0.03110052063,0.03998836716,-0.2099607879,5.325666884e-05
0.572,0.03106454989,0.04,-0.21,0.03103053024,0.03998836848,-0.2099608571,5.31488082e-05
0.573,0.03099418624,0.04,-0.21,0.03096025616,0.03998836991,-0.2099609267,5.30399391e-05
0.574,0.03092353814,0.04,-0.21,0.03088969875,0.03998837146,-0.2099609966,5.293006705e-05
0.575,0.03085260595,0.04,-0.21,0.03081885837,0.03998837312,-0.2099610669,5.281920116e-05
0.576,0.03078139006,0.04,-0.21,0.03074773539,0.03998837485,-0.2099611376,5.270735305e-05
0.577,0.03070989085,0.04,-0.21,0.03067633018,0.03998837665,-0.2099612087,5.259453505e-05
0.578,0.03063810871,0.04,-0.21,0.03060464311,0.03998837848,-0.2099612802,5.248075829e-05
0.579,0.03056604402,0.04,-0.21,0.03053267458,0.03998838035,-0.209961352,5.236603132e-05
0.58,0.03049369719,0.04,-0.21,0.03046042497,0.03998838225,-0.2099614243,5.225035962e-05
0.581,0.03042106863,0.04,-0.21,0.0303878947,0.0399883842,-0.2099614969,5.213374614e-05
0.582,0.03034815873,0.04,-0.21,0.03031508416,0.03998838622,-0.2099615698,5.201619257e-05
0.583,0.03027496793,0.04,-0.21,0.03024199377,0.03998838834,-0.2099616432,5.189770111e-05
0.584,0.03020149664,0.04,-0.21,0.03016862396,0.03998839055,-0.2099617169,5.177827575e-05
0.585,0.03012774528,0.04,-0.21,0.03009497515,0.03998839288,-0.2099617909,5.165792316e-05
0.586,0.03005371429,0.04,-0.21,0.03002104775,0.0399883953,-0.2099618653,5.153665249e-05
0.587,0.02997940411,0.04,-0.21,0.0299468422,0.0399883978,-0.2099619401,5.141447442e-05
0.588,0.02990481518,0.04,-0.21,0.02987235893,0.03998840036,-0.2099620152,5.129139978e-05
0.589,0.02982994796,0.04,-0.21,0.02979759838,0.03998840297,-0.2099620906,5.116743831e-05
0.59,0.02975480288,0.04,-0.21,0.029722561,0.03998840562,-0.2099621664,5.104259771e-05
0.591,0.02967938042,0.04,-0.21,0.02964724724,0.03998840833,-0.2099622426,5.091688357e-05
0.592,0.02960368103,0.04,-0.21,0.02957165757,0.0399884111,-0.2099623191,5.079029987e-05
0.593,0.0295277052,0.04,-0.21,0.02949579245,0.03998841395,-0.209962396,5.066285007e-05
0.594,0.02945145339,0.04,-0.21,0.02941965236,0.03998841689,-0.2099624731,5.053453821e-05
0.595,0.02937492608,0.04,-0.21,0.02934323777,0.03998841993,-0.2099625506,5.040536988e-05
0.596,0.02929812377,0.04,-0.21,0.02926654916,0.03998842307,-0.2099626285,5.027535258e-05
0.597,0.02922104694,0.04,-0.21,0.02918958703,0.0399884263,-0.2099627066,5.014449552e-05
0.598,0.02914369609,0.04,-0.21,0.02911235185,0.0399884296,-0.2099627851,5.001280883e-05
0.599,0.02906607172,0.04,-0.21,0.02903484412,0.03998843297,-0.209962864,4.988030261e-05
0.6,0.02898817434,0.04,-0.21,0.02895706434,0.0399884364,-0.2099629431,4.974698601e-05
0.601,0.02891000446,0.04,-0.21,0.02887901301,0.03998843989,-0.2099630226,4.961286668e-05
0.602,0.0288315626,0.04,-0.21,0.02880069066,0.03998844344,-0.2099631023,4.947795075e-05
0.603,0.02875284928,0.04,-0.21,0.02872209779,0.03998844707,-0.2099631824,4.934224328e-05
0.604,0.02867386504,0.04,-0.21,0.02864323493,0.03998845078,-0.2099632629,4.920574916e-05
0.605,0.02859461039,0.04,-0.21,0.02856410262,0.03998845458,-0.2099633436,4.906847392e-05
0.606,0.02851508589,0.04,-0.21,0.02848470138,0.03998845847,-0.2099634246,4.893042423e-05
0.607,0.02843529208,0.04,-0.21,0.02840503176,0.03998846246,-0.2099635059,4.879160823e-05
0.608,0.02835522949,0.04,-0.21,0.02832509429,0.03998846654,-0.2099635875,4.86520352e-05
0.609,0.0282748987,0.04,-0.21,0.02824488952,0.03998847069,-0.2099636694,4.851171498e-05
0.61,0.02819430025,0.04,-0.21,0.028164418,0.03998847492,-0.2099637516,4.837065722e-05
0.611,0.02811343471,0.04,-0.21,0.02808368029,0.03998847921,-0.2099638341,4.822887073e-05
0.612,0.02803230265,0.04,-0.21,0.02800267695,0.03998848357,-0.2099639169,4.808636321e-05
0.613,0.02795090463,0.04,-0.21,0.02792140855,0.03998848801,-0.209964,4.794314135e-05
0.614,0.02786924125,0.04,-0.21,0.02783987566,0.03998849252,-0.2099640834,4.779921124e-05
0.615,0.02778731309,0.04,-0.21,0.02775807886,0.03998849712,-0.209964167,4.765457897e-05
0.616,0.02770512072,0.04,-0.21,0.02767601874,0.03998850181,-0.2099642509,4.750925121e-05
0.617,0.02762266475,0.04,-0.21,0.02759369589,0.0399885066,-0.2099643351,4.736323566e-05
0.618,0.02753994577,0.04,-0.21,0.02751111089,0.03998851147,-0.2099644196,4.721654095e-05
0.619,0.02745696439,0.04,-0.21,0.02742826434,0.03998851644,-0.2099645043,4.706917648e-05
0.62,0.02737372121,0.04,-0.21,0.02734515685,0.03998852148,-0.2099645893,4.692115195e-05
0.621,0.02729021685,0.04,-0.21,0.02726178902,0.0399885266,-0.2099646746,4.677247678e-05
0.622,0.02720645192,0.04,-0.21,0.02717816145,0.03998853179,-0.2099647601,4.662315977e-05
0.623,0.02712242706,0.04,-0.21,0.02709427477,0.03998853706,-0.2099648459,4.647320892e-05
0.624,0.02703814287,0.04,-0.21,0.0270101296,0.03998854241,-0.209964932,4.632263153e-05
0.625,0.0269536,0.04,-0.21,0.02692572657,0.03998854784,-0.2099650183,4.617143466e-05
0.626,0.02686879908,0.04,-0.21,0.02684106631,0.03998855337,-0.2099651048,4.601962548e-05
0.627,0.02678374076,0.04,-0.21,0.02675614945,0.03998855898,-0.2099651916,4.586721169e-05
0.628,0.02669842568,0.04,-0.21,0.02667097663,0.03998856469,-0.2099652787,4.571420173e-05
0.629,0.02661285448,0.04,-0.21,0.0265855485,0.03998857049,-0.2099653659,4.556060474e-05
0.63,0.02652702783,0.04,-0.21,0.02649986572,0.03998857637,-0.2099654535,4.540643036e-05
0.631,0.02644094639,0.04,-0.21,0.02641392892,0.03998858234,-0.2099655412,4.525168832e-05
0.632,0.02635461082,0.04,-0.21,0.02632773877,0.03998858839,-0.2099656292,4.509638808e-05
0.633,0.02626802179,0.04,-0.21,0.02624129593,0.03998859452,-0.2099657174,4.494053865e-05
0.634,0.02618117997,0.04,-0.21,0.02615460108,0.03998860073,-0.2099658059,4.478414847e-05
0.635,0.02609408605,0.04,-0.21,0.02606765487,0.03998860703,-0.2099658945,4.46272256e-05
0.636,0.0260067407,0.04,-0.21,0.025980458,0.03998861341,-0.2099659834,4.446977799e-05
0.637,0.02591914461,0.04,-0.21,0.02589301115,0.03998861989,-0.2099660725,4.431181378e-05
0.638,0.02583129847,0.04,-0.21,0.02580531499,0.03998862646,-0.2099661619,4.415334162e-05
0.639,0.02574320299,0.04,-0.21,0.02571737023,0.03998863312,-0.2099662514,4.399437067e-05
0.64,0.02565485886,0.04,-0.21,0.02562917755,0.03998863987,-0.2099663412,4.383491057e-05
0.641,0.02556626678,0.04,-0.21,0.02554073765,0.03998864671,-0.2099664311,4.367497129e-05
0.642,0.02547742748,0.04,-0.21,0.02545205125,0.03998865364,-0.2099665213,4.351456276e-05
0.643,0.02538834165,0.04,-0.21,0.02536311904,0.03998866065,-0.2099666117,4.335369474e-05
0.644,0.02529901002,0.04,-0.21,0.02527394174,0.03998866775,-0.2099667022,4.319237665e-05
0.645,0.02520943332,0.04,-0.21,0.02518452006,0.03998867493,-0.209966793,4.303061754e-05
0.646,0.02511961227,0.04,-0.21,0.02509485474,0.0399886822,-0.2099668839,4.286842627e-05
0.647,0.0250295476,0.04,-0.21,0.02500494649,0.03998868956,-0.2099669751,4.270581173e-05
0.648,0.02493924005,0.04,-0.21,0.02491479604,0.03998869702,-0.2099670664,4.2542783e-05
0.649,0.02484869035,0.04,-0.21,0.02482440414,0.03998870457,-0.2099671579,4.237934957e-05
0.65,0.02475789926,0.04,-0.21,0.02473377151,0.03998871221,-0.2099672496,4.221552135e-05
0.651,0.02466686753,0.04,-0.21,0.02464289891,0.03998871995,-0.2099673415,4.205130857e-05
0.652,0.02457559589,0.04,-0.21,0.02455178708,0.03998872777,-0.2099674335,4.188672163e-05
0.653,0.02448408512,0.04,-0.21,0.02446043676,0.03998873569,-0.2099675258,4.172177093e-05
0.654,0.02439233598,0.04,-0.21,0.02436884873,0.03998874369,-0.2099676181,4.155646669e-05
0.655,0.02430034922,0.04,-0.21,0.02427702372,0.03998875178,-0.2099677107,4.139081893e-05
0.656,0.02420812563,0.04,-0.21,0.02418496252,0.03998875996,-0.2099678034,4.122483745e-05
0.657,0.02411566597,0.04,-0.21,0.02409266589,0.03998876823,-0.2099678963,4.105853202e-05
0.658,0.02402297102,0.04,-0.21,0.02400013459,0.0399887766,-0.2099679894,4.089191247e-05
0.659,0.02393004156,0.04,-0.21,0.02390736942,0.03998878506,-0.2099680826,4.072498887e-05
0.66,0.02383687839,0.04,-0.21,0.02381437114,0.03998879361,-0.2099681759,4.055777159e-05
0.661,0.02374348229,0.04,-0.21,0.02372114055,0.03998880226,-0.2099682694,4.039027132e-05
0.662,0.02364985405,0.04,-0.21,0.02362767843,0.039988811,-0.209968363,4.0222499e-05
0.663,0.02355599448,0.04,-0.21,0.02353398557,0.03998881984,-0.2099684568,4.005446566e-05
0.664,0.02346190438,0.04,-0.21,0.02344006278,0.03998882876,-0.2099685507,3.988618234e-05
0.665,0.02336758455,0.04,-0.21,0.02334591085,0.03998883778,-0.2099686448,3.971765995e-05
0.666,0.02327303581,0.04,-0.21,0.02325153058,0.03998884689,-0.209968739,3.95489093e-05
0.667,0.02317825897,0.04,-0.21,0.02315692279,0.03998885609,-0.2099688333,3.937994111e-05
0.668,0.02308325484,0.04,-0.21,0.02306208829,0.03998886538,-0.2099689278,3.921076611e-05
0.669,0.02298802426,0.04,-0.21,0.02296702789,0.03998887477,-0.2099690224,3.904139519e-05
0.67,0.02289256804,0.04,-0.21,0.02287174242,0.03998888425,-0.2099691171,3.887183946e-05
0.671,0.02279688702,0.04,-0.21,0.0227762327,0.03998889383,-0.2099692119,3.870211028e-05
0.672,0.02270098203,0.04,-0.21,0.02268049956,0.0399889035,-0.2099693069,3.853221925e-05
0.673,0.02260485391,0.04,-0.21,0.02258454384,0.03998891327,-0.2099694019,3.836217818e-05
0.674,0.0225085035,0.04,-0.21,0.02248836635,0.03998892313,-0.2099694971,3.819199892e-05
0.675,0.02241193165,0.04,-0.21,0.02239196796,0.03998893309,-0.2099695924,3.802169334e-05
0.676,0.0223151392,0.04,-0.21,0.02229534949,0.03998894314,-0.2099696878,3.785127326e-05
0.677,0.02221812701,0.04,-0.21,0.02219851181,0.03998895328,-0.2099697832,3.768075049e-05
0.678,0.02212089594,0.04,-0.21,0.02210145575,0.03998896351,-0.2099698788,3.751013684e-05
0.679,0.02202344685,0.04,-0.21,0.02200418218,0.03998897384,-0.2099699745,3.733944419e-05
0.68,0.0219257806,0.04,-0.21,0.02190669195,0.03998898427,-0.2099700703,3.71686846e-05
0.681,0.02182789806,0.04,-0.21,0.02180898592,0.03998899479,-0.2099701661,3.699787034e-05
0.682,0.02172980009,0.04,-0.21,0.02171106497,0.03998900541,-0.2099702621,3.682701389e-05
0.683,0.02163148759,0.04,-0.21,0.02161292995,0.03998901612,-0.2099703581,3.665612795e-05
0.684,0.02153296142,0.04,-0.21,0.02151458176,0.03998902693,-0.2099704542,3.648522535e-05
0.685,0.02143422247,0.04,-0.21,0.02141602125,0.03998903783,-0.2099705504,3.631431903e-05
0.686,0.02133527162,0.04,-0.21,0.02131724931,0.03998904883,-0.2099706467,3.614342195e-05
0.687,0.02123610977,0.04,-0.21,0.02121826683,0.03998905992,-0.2099707431,3.597254707e-05
0.688,0.02113673781,0.04,-0.21,0.0211190747,0.03998907111,-0.2099708395,3.580170739e-05
0.689,0.02103715663,0.04,-0.21,0.02101967379,0.03998908239,-0.209970936,3.563091603e-05
0.69,0.02093736714,0.04,-0.21,0.02092006502,0.03998909377,-0.2099710325,3.54601862e-05
0.691,0.02083737024,0.04,-0.21,0.02082024928,0.03998910524,-0.2099711291,3.52895313e-05
0.692,0.02073716684,0.04,-0.21,0.02072022747,0.03998911681,-0.2099712258,3.511896496e-05
0.693,0.02063675784,0.04,-0.21,0.02062000049,0.03998912847,-0.2099713225,3.494850096e-05
0.694,0.02053614417,0.04,-0.21,0.02051956926,0.03998914023,-0.2099714193,3.477815332e-05
0.695,0.02043532673,0.04,-0.21,0.02041893468,0.03998915209,-0.2099715161,3.460793615e-05
0.696,0.02033430646,0.04,-0.21,0.02031809767,0.03998916404,-0.209971613,3.443786369e-05
0.697,0.02023308428,0.04,-0.21,0.02021705916,0.03998917609,-0.2099717099,3.426795024e-05
0.698,0.02013166111,0.04,-0.21,0.02011582006,0.03998918823,-0.2099718068,3.409821019e-05
0.699,0.02003003789,0.04,-0.21,0.0200143813,0.03998920046,-0.2099719038,3.392865804e-05
0.7,0.01992821555,0.04,-0.21,0.0199127438,0.03998921279,-0.2099720009,3.375930838e-05
0.701,0.01982619503,0.04,-0.21,0.01981090851,0.03998922522,-0.2099720979,3.359017599e-05
0.702,0.01972397727,0.04,-0.21,0.01970887636,0.03998923775,-0.209972195,3.342127582e-05
0.703,0.01962156322,0.04,-0.21,0.01960664828,0.03998925036,-0.2099722921,3.325262308e-05
0.704,0.01951895382,0.04,-0.21,0.01950422522,0.03998926308,-0.2099723893,3.308423309e-05
0.705,0.01941615002,0.04,-0.21,0.01940160812,0.03998927589,-0.2099724864,3.291612141e-05
0.706,0.01931315278,0.04,-0.21,0.01929879793,0.03998928879,-0.2099725836,3.274830374e-05
0.707,0.01920996306,0.04,-0.21,0.01919579561,0.03998930179,-0.2099726808,3.258079588e-05
0.708,0.01910658182,0.04,-0.21,0.01909260211,0.03998931489,-0.209972778,3.241361377e-05
0.709,0.01900301002,0.04,-0.21,0.01898921839,0.03998932808,-0.2099728752,3.22467735e-05
0.71,0.01889924863,0.04,-0.21,0.01888564541,0.03998934136,-0.2099729724,3.208029127e-05
0.711,0.01879529862,0.04,-0.21,0.01878188413,0.03998935474,-0.2099730696,3.191418347e-05
0.712,0.01869116096,0.04,-0.21,0.01867793552,0.03998936822,-0.2099731668,3.174846663e-05
0.713,0.01858683663,0.04,-0.21,0.01857380056,0.03998938179,-0.2099732641,3.158315752e-05
0.714,0.0184823266,0.04,-0.21,0.01846948021,0.03998939545,-0.2099733613,3.141827311e-05
0.715,0.01837763187,0.04,-0.21,0.01836497546,0.03998940921,-0.2099734585,3.125383058e-05
0.716,0.01827275342,0.04,-0.21,0.01826028729,0.03998942307,-0.2099735557,3.108984728e-05
0.717,0.01816769223,0.04,-0.21,0.01815541667,0.03998943701,-0.2099736528,3.092634076e-05
0.718,0.0180624493,0.04,-0.21,0.01805036459,0.03998945106,-0.20997375,3.076332871e-05
0.719,0.01795702563,0.04,-0.21,0.01794513205,0.03998946519,-0.2099738472,3.060082894e-05
0.72,0.0178514222,0.04,-0.21,0.01783972003,0.03998947942,-0.2099739443,3.043885946e-05
0.721,0.01774564002,0.04,-0.21,0.01773412954,0.03998949375,-0.2099740414,3.027743844e-05
0.722,0.0176396801,0.04,-0.21,0.01762836156,0.03998950817,-0.2099741384,3.011658425e-05
0.723,0.01753354344,0.04,-0.21,0.0175224171,0.03998952268,-0.2099742355,2.995631546e-05
0.724,0.01742723105,0.04,-0.21,0.01741629716,0.03998953729,-0.2099743325,2.979665083e-05
0.725,0.01732074394,0.04,-0.21,0.01731000275,0.03998955199,-0.2099744294,2.963760938e-05
0.726,0.01721408312,0.04,-0.21,0.01720353489,0.03998956678,-0.2099745264,2.947921033e-05
0.727,0.01710724962,0.04,-0.21,0.01709689457,0.03998958167,-0.2099746232,2.932147306e-05
0.728,0.01700024446,0.04,-0.21,0.01699008282,0.03998959664,-0.2099747201,2.916441716e-05
0.729,0.01689306866,0.04,-0.21,0.01688310066,0.03998961172,-0.2099748169,2.900806237e-05
0.73,0.01678572324,0.04,-0.21,0.0167759491,0.03998962688,-0.2099749136,2.88524286e-05
0.731,0.01667820924,0.04,-0.21,0.01666862917,0.03998964214,-0.2099750103,2.869753598e-05
0.732,0.01657052768,0.04,-0.21,0.0165611419,0.03998965749,-0.2099751069,2.854340483e-05
0.733,0.0164626796,0.04,-0.21,0.01645348831,0.03998967293,-0.2099752035,2.839005564e-05
0.734,0.01635466604,0.04,-0.21,0.01634566943,0.03998968846,-0.2099753,2.823750911e-05
0.735,0.01624648804,0.04,-0.21,0.01623768631,0.03998970409,-0.2099753964,2.80857862e-05
0.736,0.01613814664,0.04,-0.21,0.01612953998,0.0399897198,-0.2099754928,2.793490802e-05
0.737,0.01602964288,0.04,-0.21,0.01602123147,0.03998973561,-0.2099755891,2.778489589e-05
0.738,0.01592097782,0.04,-0.21,0.01591276183,0.03998975151,-0.2099756854,2.763577134e-05
0.739,0.0158121525,0.04,-0.21,0.01580413211,0.0399897675,-0.2099757815,2.748755606e-05
0.74,0.01570316797,0.04,-0.21,0.01569534335,0.03998978358,-0.2099758776,2.734027191e-05
0.741,0.0155940253,0.04,-0.21,0.01558639661,0.03998979975,-0.2099759736,2.719394093e-05
0.742,0.01548472554,0.04,-0.21,0.01547729293,0.03998981601,-0.2099760695,2.704858533e-05
0.743,0.01537526975,0.04,-0.21,0.01536803337,0.03998983236,-0.2099761653,2.690422751e-05
0.744,0.01526565899,0.04,-0.21,0.01525861899,0.03998984881,-0.2099762611,2.676089006e-05
0.745,0.01515589433,0.04,-0.21,0.01514905085,0.03998986534,-0.2099763567,2.661859577e-05
0.746,0.01504597684,0.04,-0.21,0.01503933001,0.03998988196,-0.2099764523,2.647736757e-05
0.747,0.01493590759,0.04,-0.21,0.01492945753,0.03998989866,-0.2099765477,2.633722856e-05
0.748,0.01482568765,0.04,-0.21,0.01481943449,0.03998991546,-0.2099766431,2.619820202e-05
0.749,0.01471531809,0.04,-0.21,0.01470926196,0.03998993235,-0.2099767383,2.606031137e-05
0.75,0.0146048,0.04,-0.21,0.014598941,0.03998994932,-0.2099768335,2.592358018e-05
0.751,0.01449413445,0.04,-0.21,0.0144884727,0.03998996638,-0.2099769285,2.578803215e-05
0.752,0.01438332253,0.04,-0.21,0.01437785813,0.03998998353,-0.2099770234,2.565369109e-05
0.753,0.01427236532,0.04,-0.21,0.01426709836,0.03999000077,-0.2099771182,2.552058096e-05
0.754,0.01416126391,0.04,-0.21,0.01415619449,0.03999001809,-0.2099772129,2.538872584e-05
0.755,0.01405001939,0.04,-0.21,0.01404514759,0.0399900355,-0.2099773075,2.525814996e-05
0.756,0.01393863285,0.04,-0.21,0.01393395875,0.039990053,-0.209977402,2.51288776e-05
0.757,0.01382710538,0.04,-0.21,0.01382262907,0.03999007058,-0.2099774963,2.500093316e-05
0.758,0.01371543808,0.04,-0.21,0.01371115962,0.03999008825,-0.2099775905,2.487434114e-05
0.759,0.01360363205,0.04,-0.21,0.01359955152,0.039990106,-0.2099776846,2.474912609e-05
0.76,0.01349168839,0.04,-0.21,0.01348780584,0.03999012384,-0.2099777785,2.462531264e-05
0.761,0.0133796082,0.04,-0.21,0.01337592369,0.03999014176,-0.2099778724,2.450292545e-05
0.762,0.01326739259,0.04,-0.21,0.01326390617,0.03999015977,-0.209977966,2.438198923e-05
0.763,0.01315504267,0.04,-0.21,0.01315175438,0.03999017786,-0.2099780596,2.426252867e-05
0.764,0.01304255954,0.04,-0.21,0.01303946943,0.03999019603,-0.2099781529,2.414456853e-05
0.765,0.01292994431,0.04,-0.21,0.01292705241,0.03999021429,-0.2099782462,2.402813354e-05
0.766,0.01281719811,0.04,-0.21,0.01281450445,0.03999023263,-0.2099783393,2.391324842e-05
0.767,0.01270432204,0.04,-0.21,0.01270182665,0.03999025105,-0.2099784322,2.379993785e-05
0.768,0.01259131722,0.04,-0.21,0.01258902012,0.03999026956,-0.209978525,2.368822645e-05
0.769,0.01247818477,0.04,-0.21,0.01247608598,0.03999028815,-0.2099786177,2.35781388e-05
0.77,0.01236492582,0.04,-0.21,0.01236302534,0.03999030682,-0.2099787102,2.346969938e-05
0.771,0.01225154148,0.04,-0.21,0.01224983933,0.03999032557,-0.2099788025,2.336293256e-05
0.772,0.01213803289,0.04,-0.21,0.01213652906,0.0399903444,-0.2099788946,2.32578626e-05
0.773,0.01202440117,0.04,-0.21,0.01202309566,0.03999036331,-0.2099789866,2.315451357e-05
0.774,0.01191064745,0.04,-0.21,0.01190954025,0.0399903823,-0.2099790785,2.305290942e-05
0.775,0.01179677286,0.04,-0.21,0.01179586396,0.03999040137,-0.2099791701,2.295307389e-05
0.776,0.01168277854,0.04,-0.21,0.01168206791,0.03999042051,-0.2099792616,2.285503056e-05
0.777,0.01156866562,0.04,-0.21,0.01156815325,0.03999043974,-0.2099793529,2.275880273e-05
0.778,0.01145443524,0.04,-0.21,0.01145412109,0.03999045905,-0.209979444,2.266441349e-05
0.779,0.01134008854,0.04,-0.21,0.01133997257,0.03999047843,-0.209979535,2.257188564e-05
0.78,0.01122562665,0.04,-0.21,0.01122570884,0.03999049789,-0.2099796258,2.248124166e-05
0.781,0.01111105073,0.04,-0.21,0.01111133102,0.03999051743,-0.2099797163,2.239250375e-05
0.782,0.01099636191,0.04,-0.21,0.01099684026,0.03999053704,-0.2099798067,2.230569371e-05
0.783,0.01088156134,0.04,-0.21,0.0108822377,0.03999055673,-0.2099798969,2.222083303e-05
0.784,0.01076665018,0.04,-0.21,0.01076752448,0.0399905765,-0.209979987,2.213794276e-05
0.785,0.01065162956,0.04,-0.21,0.01065270174,0.03999059634,-0.2099800768,2.205704356e-05
0.786,0.01053650065,0.04,-0.21,0.01053777065,0.03999061625,-0.2099801664,2.19781556e-05
0.787,0.01042126458,0.04,-0.21,0.01042273233,0.03999063624,-0.2099802558,2.190129861e-05
0.788,0.01030592253,0.04,-0.21,0.01030758794,0.0399906563,-0.209980345,2.182649182e-05
0.789,0.01019047565,0.04,-0.21,0.01019233864,0.03999067644,-0.2099804341,2.175375397e-05
0.79,0.01007492509,0.04,-0.21,0.01007698558,0.03999069665,-0.2099805229,2.16831032e-05
0.791,0.009959272011,0.04,-0.21,0.009961529908,0.03999071693,-0.2099806115,2.161455707e-05
0.792,0.00984351758,0.04,-0.21,0.009845972787,0.03999073728,-0.2099806998,2.154813258e-05
0.793,0.009727662957,0.04,-0.21,0.009730315372,0.0399907577,-0.209980788,2.148384608e-05
0.794,0.009611709307,0.04,-0.21,0.009614558825,0.0399907782,-0.209980876,2.142171326e-05
0.795,0.009495657796,0.04,-0.21,0.009498704307,0.03999079876,-0.2099809637,2.136174916e-05
0.796,0.009379509592,0.04,-0.21,0.00938275298,0.03999081939,-0.2099810512,2.130396813e-05
0.797,0.009263265864,0.04,-0.21,0.00926670601,0.0399908401,-0.2099811385,2.124838378e-05
0.798,0.009146927782,0.04,-0.21,0.009150564563,0.03999086087,-0.2099812256,2.119500897e-05
0.799,0.009030496519,0.04,-0.21,0.009034329805,0.03999088171,-0.2099813124,2.114385579e-05
0.8,0.008913973248,0.04,-0.21,0.008918002906,0.03999090262,-0.209981399,2.109493559e-05
0.801,0.008797359144,0.04,-0.21,0.008801585036,0.03999092359,-0.2099814854,2.104825886e-05
0.802,0.008680655384,0.04,-0.21,0.008685077367,0.03999094463,-0.2099815716,2.100383529e-05
0.803,0.008563863146,0.04,-0.21,0.008568481073,0.03999096574,-0.2099816575,2.096167373e-05
0.804,0.008446983608,0.04,-0.21,0.008451797328,0.03999098691,-0.2099817431,2.092178216e-05
0.805,0.008330017951,0.04,-0.21,0.008335027308,0.03999100815,-0.2099818286,2.088416766e-05
0.806,0.008212967358,0.04,-0.21,0.008218172191,0.03999102945,-0.2099819137,2.084883646e-05
0.807,0.00809583301,0.04,-0.21,0.008101233154,0.03999105082,-0.2099819987,2.081579385e-05
0.808,0.007978616094,0.04,-0.21,0.00798421138,0.03999107224,-0.2099820834,2.078504423e-05
0.809,0.007861317794,0.04,-0.21,0.007867108047,0.03999109374,-0.2099821678,2.075659107e-05
0.81,0.007743939298,0.04,-0.21,0.00774992434,0.03999111529,-0.209982252,2.073043689e-05
0.811,0.007626481794,0.04,-0.21,0.007632661443,0.0399911369,-0.2099823359,2.070658325e-05
0.812,0.007508946471,0.04,-0.21,0.00751532054,0.03999115858,-0.2099824196,2.068503081e-05
0.813,0.007391334521,0.04,-0.21,0.007397902817,0.03999118032,-0.209982503,2.066577921e-05
0.814,0.007273647135,0.04,-0.21,0.007280409463,0.03999120211,-0.2099825861,2.064882719e-05
0.815,0.007155885506,0.04,-0.21,0.007162841665,0.03999122397,-0.209982669,2.06341725e-05
0.816,0.007038050829,0.04,-0.21,0.007045200615,0.03999124588,-0.2099827517,2.062181193e-05
0.817,0.006920144298,0.04,-0.21,0.006927487503,0.03999126786,-0.209982834,2.061174132e-05
0.818,0.006802167112,0.04,-0.21,0.006809703521,0.03999128988,-0.2099829161,2.060395556e-05
0.819,0.006684120466,0.04,-0.21,0.006691849863,0.03999131197,-0.2099829979,2.059844856e-05
0.82,0.00656600556,0.04,-0.21,0.006573927723,0.03999133411,-0.2099830795,2.059521333e-05
0.821,0.006447823593,0.04,-0.21,0.006455938296,0.03999135631,-0.2099831607,2.059424193e-05
0.822,0.006329575767,0.04,-0.21,0.006337882779,0.03999137857,-0.2099832417,2.059552547e-05
0.823,0.006211263283,0.04,-0.21,0.00621976237,0.03999140087,-0.2099833224,2.059905418e-05
0.824,0.006092887343,0.04,-0.21,0.006101578267,0.03999142323,-0.2099834028,2.060481739e-05
0.825,0.005974449152,0.04,-0.21,0.00598333167,0.03999144565,-0.209983483,2.061280351e-05
0.826,0.005855949914,0.04,-0.21,0.00586502378,0.03999146812,-0.2099835628,2.06230001e-05
0.827,0.005737390836,0.04,-0.21,0.005746655797,0.03999149064,-0.2099836424,2.063539387e-05
0.828,0.005618773122,0.04,-0.21,0.005628228925,0.03999151321,-0.2099837217,2.064997067e-05
0.829,0.005500097982,0.04,-0.21,0.005509744366,0.03999153583,-0.2099838007,2.066671555e-05
0.83,0.005381366624,0.04,-0.21,0.005391203326,0.0399915585,-0.2099838794,2.068561278e-05
0.831,0.005262580256,0.04,-0.21,0.005272607009,0.03999158122,-0.2099839578,2.070664583e-05
0.832,0.005143740089,0.04,-0.21,0.005153956622,0.03999160399,-0.2099840359,2.072979742e-05
0.833,0.005024847334,0.04,-0.21,0.005035253371,0.0399916268,-0.2099841137,2.075504954e-05
0.834,0.004905903202,0.04,-0.21,0.004916498464,0.03999164967,-0.2099841911,2.078238347e-05
0.835,0.004786908906,0.04,-0.21,0.004797693109,0.03999167258,-0.2099842683,2.081177983e-05
0.836,0.00466786566,0.04,-0.21,0.004678838517,0.03999169554,-0.2099843452,2.084321856e-05
0.837,0.004548774677,0.04,-0.21,0.004559935896,0.03999171854,-0.2099844218,2.087667898e-05
0.838,0.004429637172,0.04,-0.21,0.004440986459,0.03999174159,-0.2099844981,2.091213983e-05
0.839,0.004310454362,0.04,-0.21,0.004321991416,0.03999176468,-0.209984574,2.094957924e-05
0.84,0.004191227461,0.04,-0.21,0.00420295198,0.03999178781,-0.2099846497,2.09889748e-05
0.841,0.004071957687,0.04,-0.21,0.004083869365,0.03999181099,-0.209984725,2.103030359e-05
0.842,0.003952646258,0.04,-0.21,0.003964744782,0.03999183421,-0.2099848,2.107354219e-05
0.843,0.003833294391,0.04,-0.21,0.003845579448,0.03999185747,-0.2099848747,2.111866672e-05
0.844,0.003713903306,0.04,-0.21,0.003726374577,0.03999188078,-0.2099849491,2.116565286e-05
0.845,0.003594474222,0.04,-0.21,0.003607131385,0.03999190412,-0.2099850231,2.121447589e-05
0.846,0.003475008359,0.04,-0.21,0.003487851087,0.0399919275,-0.2099850968,2.126511069e-05
0.847,0.003355506937,0.04,-0.21,0.003368534901,0.03999195092,-0.2099851702,2.131753182e-05
0.848,0.003235971178,0.04,-0.21,0.003249184045,0.03999197438,-0.2099852433,2.137171348e-05
0.849,0.003116402304,0.04,-0.21,0.003129799735,0.03999199787,-0.2099853161,2.142762957e-05
0.85,0.002996801536,0.04,-0.21,0.003010383191,0.03999202141,-0.2099853885,2.148525376e-05
0.851,0.002877170097,0.04,-0.21,0.002890935631,0.03999204497,-0.2099854605,2.154455943e-05
0.852,0.002757509211,0.04,-0.21,0.002771458276,0.03999206858,-0.2099855323,2.160551977e-05
0.853,0.0026378201,0.04,-0.21,0.002651952344,0.03999209222,-0.2099856037,2.166810777e-05
0.854,0.00251810399,0.04,-0.21,0.002532419057,0.03999211589,-0.2099856748,2.173229624e-05
0.855,0.002398362103,0.04,-0.21,0.002412859635,0.03999213959,-0.2099857455,2.179805785e-05
0.856,0.002278595666,0.04,-0.21,0.002293275299,0.03999216333,-0.2099858159,2.186536517e-05
0.857,0.002158805904,0.04,-0.21,0.002173667271,0.0399921871,-0.2099858859,2.193419064e-05
0.858,0.002038994041,0.04,-0.21,0.002054036774,0.0399922109,-0.2099859556,2.200450663e-05
0.859,0.001919161304,0.04,-0.21,0.001934385028,0.03999223473,-0.209986025,2.207628548e-05
0.86,0.001799308919,0.04,-0.21,0.001814713258,0.03999225859,-0.209986094,2.214949948e-05
0.861,0.001679438113,0.04,-0.21,0.001695022687,0.03999228248,-0.2099861626,2.222412092e-05
0.862,0.001559550113,0.04,-0.21,0.001575314536,0.0399923064,-0.2099862309,2.230012208e-05
0.863,0.001439646145,0.04,-0.21,0.001455590031,0.03999233034,-0.2099862989,2.23774753e-05
0.864,0.001319727437,0.04,-0.21,0.001335850396,0.03999235431,-0.2099863665,2.245615294e-05
0.865,0.001199795216,0.04,-0.21,0.001216096853,0.03999237831,-0.2099864337,2.253612742e-05
0.866,0.00107985071,0.04,-0.21,0.001096330628,0.03999240233,-0.2099865006,2.261737125e-05
0.867,0.0009598951476,0.04,-0.21,0.000976552945,0.03999242638,-0.2099865671,2.269985702e-05
0.868,0.0008399297562,0.04,-0.21,0.0008567650291,0.03999245045,-0.2099866333,2.278355745e-05
0.869,0.0007199557644,0.04,-0.21,0.0007369681052,0.03999247454,-0.2099866991,2.286844538e-05
0.87,0.0005999744005,0.04,-0.21,0.0006171633983,0.03999249866,-0.2099867646,2.295449378e-05
0.871,0.000479986893,0.04,-0.21,0.0004973521336,0.0399925228,-0.2099868296,2.304167579e-05
0.872,0.0003599944704,0.04,-0.21,0.0003775355365,0.03999254696,-0.2099868943,2.312996469e-05
0.873,0.0002399983616,0.04,-0.21,0.0002577148325,0.03999257114,-0.2099869587,2.321933397e-05
0.874,0.0001199997952,0.04,-0.21,0.0001378912471,0.03999259534,-0.2099870226,2.330975728e-05
0.875,0,0.04,-0.21,1.806600575e-05,0.03999261955,-0.2099870862,2.340120844e-05
0.876,-0.0001199997952,0.04,-0.21,-0.0001017596658,0.03999264379,-0.2099871495,2.349366153e-05
0.877,-0.0002399983616,0.04,-0.21,-0.000221584542,0.03999266804,-0.2099872123,2.358709081e-05
0.878,-0.0003599944704,0.04,-0.21,-0.0003414073971,0.03999269231,-0.2099872748,2.368147078e-05
0.879,-0.000479986893,0.04,-0.21,-0.0004612270056,0.03999271659,-0.2099873369,2.377677617e-05
0.88,-0.0005999744005,0.04,-0.21,-0.0005810421418,0.03999274089,-0.2099873986,2.387298195e-05
0.881,-0.0007199557644,0.04,-0.21,-0.0007008515803,0.03999276521,-0.20998746,2.397006332e-05
0.882,-0.0008399297562,0.04,-0.21,-0.0008206540955,0.03999278954,-0.209987521,2.406799574e-05
0.883,-0.0009598951476,0.04,-0.21,-0.0009404484621,0.03999281388,-0.2099875815,2.416675493e-05
0.884,-0.00107985071,0.04,-0.21,-0.001060233455,0.03999283823,-0.2099876417,2.426631686e-05
0.885,-0.001199795216,0.04,-0.21,-0.001180007849,0.03999286259,-0.2099877016,2.436665779e-05
0.886,-0.001319727437,0.04,-0.21,-0.001299770418,0.03999288697,-0.209987761,2.44677542e-05
0.887,-0.001439646145,0.04,-0.21,-0.001419519939,0.03999291135,-0.20998782,2.456958289e-05
0.888,-0.001559550113,0.04,-0.21,-0.001539255187,0.03999293574,-0.2099878787,2.467212092e-05
0.889,-0.001679438113,0.04,-0.21,-0.001658974937,0.03999296014,-0.209987937,2.477534563e-05
0.89,-0.001799308919,0.04,-0.21,-0.001778677964,0.03999298455,-0.2099879949,2.487923462e-05
0.891,-0.001919161304,0.04,-0.21,-0.001898363046,0.03999300897,-0.2099880523,2.498376579e-05
0.892,-0.002038994041,0.04,-0.21,-0.002018028958,0.03999303339,-0.2099881094,2.508891734e-05
0.893,-0.002158805904,0.04,-0.21,-0.002137674477,0.03999305782,-0.2099881661,2.519466774e-05
0.894,-0.002278595666,0.04,-0.21,-0.00225729838,0.03999308225,-0.2099882224,2.530099575e-05
0.895,-0.002398362103,0.04,-0.21,-0.002376899444,0.03999310668,-0.2099882784,2.54078804e-05
0.896,-0.00251810399,0.04,-0.21,-0.002496476446,0.03999313112,-0.2099883339,2.551530102e-05
0.897,-0.0026378201,0.04,-0.21,-0.002616028165,0.03999315556,-0.209988389,2.562323721e-05
0.898,-0.002757509211,0.04,-0.21,-0.002735553379,0.03999318,-0.2099884437,2.573166887e-05
0.899,-0.002877170097,0.04,-0.21,-0.002855050866,0.03999320445,-0.209988498,2.58405762e-05
0.9,-0.002996801536,0.04,-0.21,-0.002974519406,0.03999322889,-0.2099885519,2.594993966e-05
0.901,-0.003116402304,0.04,-0.21,-0.003093957777,0.03999325333,-0.2099886055,2.605974002e-05
0.902,-0.003235971178,0.04,-0.21,-0.003213364761,0.03999327777,-0.2099886586,2.616995831e-05
0.903,-0.003355506937,0.04,-0.21,-0.003332739137,0.03999330221,-0.2099887113,2.628057586e-05
0.904,-0.003475008359,0.04,-0.21,-0.003452079687,0.03999332665,-0.2099887636,2.639157425e-05
0.905,-0.003594474222,0.04,-0.21,-0.003571385191,0.03999335108,-0.2099888155,2.650293536e-05
0.906,-0.003713903306,0.04,-0.21,-0.003690654432,0.03999337551,-0.2099888669,2.661464134e-05
0.907,-0.003833294391,0.04,-0.21,-0.003809886192,0.03999339993,-0.209988918,2.672667462e-05
0.908,-0.003952646258,0.04,-0.21,-0.003929079254,0.03999342435,-0.2099889687,2.68390179e-05
0.909,-0.004071957687,0.04,-0.21,-0.004048232403,0.03999344876,-0.2099890189,2.695165417e-05
0.91,-0.004191227461,0.04,-0.21,-0.004167344421,0.03999347316,-0.2099890688,2.706456664e-05
0.911,-0.004310454362,0.04,-0.21,-0.004286414095,0.03999349755,-0.2099891182,2.717773883e-05
0.912,-0.004429637172,0.04,-0.21,-0.004405440209,0.03999352194,-0.2099891672,2.729115449e-05
0.913,-0.004548774677,0.04,-0.21,-0.00452442155,0.03999354631,-0.2099892158,2.740479765e-05
0.914,-0.00466786566,0.04,-0.21,-0.004643356905,0.03999357068,-0.209989264,2.751865259e-05
0.915,-0.004786908906,0.04,-0.21,-0.00476224506,0.03999359503,-0.2099893118,2.763270385e-05
0.916,-0.004905903202,0.04,-0.21,-0.004881084805,0.03999361937,-0.2099893592,2.774693622e-05
0.917,-0.005024847334,0.04,-0.21,-0.004999874929,0.0399936437,-0.2099894061,2.786133476e-05
0.918,-0.005143740089,0.04,-0.21,-0.00511861422,0.03999366802,-0.2099894526,2.797588473e-05
0.919,-0.005262580256,0.04,-0.21,-0.00523730147,0.03999369232,-0.2099894987,2.809057165e-05
0.92,-0.005381366624,0.04,-0.21,-0.00535593547,0.0399937166,-0.2099895444,2.82053813e-05
0.921,-0.005500097982,0.04,-0.21,-0.005474515012,0.03999374087,-0.2099895897,2.832029966e-05
0.922,-0.005618773122,0.04,-0.21,-0.005593038889,0.03999376513,-0.2099896345,2.843531299e-05
0.923,-0.005737390836,0.04,-0.21,-0.005711505895,0.03999378937,-0.209989679,2.855040775e-05
0.924,-0.005855949914,0.04,-0.21,-0.005829914824,0.03999381359,-0.209989723,2.866557065e-05
0.925,-0.005974449152,0.04,-0.21,-0.005948264472,0.03999383779,-0.2099897666,2.878078862e-05
0.926,-0.006092887343,0.04,-0.21,-0.006066553635,0.03999386197,-0.2099898097,2.889604882e-05
0.927,-0.006211263283,0.04,-0.21,-0.006184781112,0.03999388613,-0.2099898524,2.901133858e-05
0.928,-0.006329575767,0.04,-0.21,-0.006302945699,0.03999391027,-0.2099898947,2.91266455e-05
0.929,-0.006447823593,0.04,-0.21,-0.006421046196,0.03999393439,-0.2099899366,2.924195735e-05
0.93,-0.00656600556,0.04,-0.21,-0.006539081404,0.03999395848,-0.2099899781,2.935726214e-05
0.931,-0.006684120466,0.04,-0.21,-0.006657050124,0.03999398256,-0.2099900191,2.947254809e-05
0.932,-0.006802167112,0.04,-0.21,-0.006774951157,0.03999400661,-0.2099900597,2.958780359e-05
0.933,-0.006920144298,0.04,-0.21,-0.006892783308,0.03999403063,-0.2099900999,2.970301729e-05
0.934,-0.007038050829,0.04,-0.21,-0.007010545381,0.03999405463,-0.2099901396,2.981817798e-05
0.935,-0.007155885506,0.04,-0.21,-0.007128236181,0.03999407861,-0.209990179,2.993327469e-05
0.936,-0.007273647135,0.04,-0.21,-0.007245854514,0.03999410255,-0.2099902178,3.004829659e-05
0.937,-0.007391334521,0.04,-0.21,-0.007363399189,0.03999412647,-0.2099902563,3.01632331e-05
0.938,-0.007508946471,0.04,-0.21,-0.007480869014,0.03999415036,-0.2099902943,3.027807377e-05
0.939,-0.007626481794,0.04,-0.21,-0.007598262798,0.03999417423,-0.2099903319,3.039280837e-05
0.94,-0.007743939298,0.04,-0.21,-0.007715579353,0.03999419806,-0.2099903691,3.050742683e-05
0.941,-0.007861317794,0.04,-0.21,-0.007832817492,0.03999422186,-0.2099904058,3.062191928e-05
0.942,-0.007978616094,0.04,-0.21,-0.007949976027,0.03999424563,-0.2099904421,3.0736276e-05
0.943,-0.00809583301,0.04,-0.21,-0.008067053774,0.03999426937,-0.209990478,3.085048745e-05
0.944,-0.008212967358,0.04,-0.21,-0.008184049548,0.03999429308,-0.2099905135,3.096454427e-05
0.945,-0.008330017951,0.04,-0.21,-0.008300962166,0.03999431676,-0.2099905485,3.107843725e-05
0.946,-0.008446983608,0.04,-0.21,-0.008417790448,0.0399943404,-0.209990583,3.119215739e-05
0.947,-0.008563863146,0.04,-0.21,-0.008534533212,0.039994364,-0.2099906172,3.13056958e-05
0.948,-0.008680655384,0.04,-0.21,-0.00865118928,0.03999438757,-0.2099906509,3.141904375e-05
0.949,-0.008797359144,0.04,-0.21,-0.008767757474,0.03999441111,-0.2099906842,3.153219269e-05
0.95,-0.008913973248,0.04,-0.21,-0.008884236618,0.0399944346,-0.209990717,3.164513421e-05
0.951,-0.009030496519,0.04,-0.21,-0.009000625538,0.03999445806,-0.2099907494,3.175786007e-05
0.952,-0.009146927782,0.04,-0.21,-0.009116923059,0.03999448149,-0.2099907814,3.187036217e-05
0.953,-0.009263265864,0.04,-0.21,-0.00923312801,0.03999450487,-0.2099908129,3.198263254e-05
0.954,-0.009379509592,0.04,-0.21,-0.009349239221,0.03999452821,-0.209990844,3.209466338e-05
0.955,-0.009495657796,0.04,-0.21,-0.009465255521,0.03999455152,-0.2099908747,3.220644701e-05
0.956,-0.009611709307,0.04,-0.21,-0.009581175744,0.03999457478,-0.2099909049,3.231797592e-05
0.957,-0.009727662957,0.04,-0.21,-0.009696998723,0.039994598,-0.2099909347,3.24292427e-05
0.958,-0.00984351758,0.04,-0.21,-0.009812723294,0.03999462118,-0.2099909641,3.25402401e-05
0.959,-0.009959272011,0.04,-0.21,-0.009928348293,0.03999464431,-0.209990993,3.2650961e-05
0.96,-0.01007492509,0.04,-0.21,-0.01004387256,0.03999466741,-0.2099910215,3.276139839e-05
0.961,-0.01019047565,0.04,-0.21,-0.01015929493,0.03999469045,-0.2099910496,3.287154544e-05
0.962,-0.01030592253,0.04,-0.21,-0.01027461425,0.03999471346,-0.2099910772,3.298139539e-05
0.963,-0.01042126458,0.04,-0.21,-0.01038982936,0.03999473641,-0.2099911044,3.309094164e-05
0.964,-0.01053650065,0.04,-0.21,-0.01050493911,0.03999475932,-0.2099911311,3.32001777e-05
0.965,-0.01065162956,0.04,-0.21,-0.01061994235,0.03999478219,-0.2099911574,3.33090972e-05
0.966,-0.01076665018,0.04,-0.21,-0.01073483791,0.039994805,-0.2099911833,3.341769388e-05
0.967,-0.01088156134,0.04,-0.21,-0.01084962465,0.03999482777,-0.2099912088,3.352596161e-05
0.968,-0.01099636191,0.04,-0.21,-0.01096430143,0.03999485049,-0.2099912338,3.363389437e-05
0.969,-0.01111105073,0.04,-0.21,-0.01107886709,0.03999487316,-0.2099912583,3.374148628e-05
0.97,-0.01122562665,0.04,-0.21,-0.01119332049,0.03999489578,-0.2099912825,3.384873153e-05
0.971,-0.01134008854,0.04,-0.21,-0.01130766048,0.03999491834,-0.2099913062,3.395562446e-05
0.972,-0.01145443524,0.04,-0.21,-0.01142188594,0.03999494086,-0.2099913294,3.406215949e-05
0.973,-0.01156866562,0.04,-0.21,-0.0115359957,0.03999496332,-0.2099913523,3.416833114e-05
0.974,-0.01168277854,0.04,-0.21,-0.01164998865,0.03999498573,-0.2099913747,3.427413405e-05
0.975,-0.01179677286,0.04,-0.21,-0.01176386364,0.03999500809,-0.2099913966,3.437956295e-05
0.976,-0.01191064745,0.04,-0.21,-0.01187761953,0.03999503039,-0.2099914182,3.448461269e-05
0.977,-0.01202440117,0.04,-0.21,-0.0119912552,0.03999505264,-0.2099914393,3.458927821e-05
0.978,-0.01213803289,0.04,-0.21,-0.01210476951,0.03999507483,-0.2099914599,3.469355454e-05
0.979,-0.01225154148,0.04,-0.21,-0.01221816134,0.03999509696,-0.2099914801,3.479743682e-05
0.98,-0.01236492582,0.04,-0.21,-0.01233142956,0.03999511904,-0.2099914999,3.490092028e-05
0.981,-0.01247818477,0.04,-0.21,-0.01244457304,0.03999514106,-0.2099915193,3.500400025e-05
0.982,-0.01259131722,0.04,-0.21,-0.01255759066,0.03999516303,-0.2099915382,3.510667214e-05
0.983,-0.01270432204,0.04,-0.21,-0.01267048131,0.03999518493,-0.2099915567,3.520893146e-05
0.984,-0.01281719811,0.04,-0.21,-0.01278324385,0.03999520677,-0.2099915748,3.53107738e-05
0.985,-0.01292994431,0.04,-0.21,-0.01289587718,0.03999522856,-0.2099915924,3.541219483e-05
0.986,-0.01304255954,0.04,-0.21,-0.01300838018,0.03999525028,-0.2099916096,3.551319034e-05
0.987,-0.01315504267,0.04,-0.21,-0.01312075174,0.03999527195,-0.2099916264,3.561375616e-05
0.988,-0.01326739259,0.04,-0.21,-0.01323299075,0.03999529355,-0.2099916427,3.571388823e-05
0.989,-0.0133796082,0.04,-0.21,-0.01334509609,0.03999531508,-0.2099916586,3.581358258e-05
0.99,-0.01349168839,0.04,-0.21,-0.01345706667,0.03999533656,-0.2099916741,3.591283532e-05
0.991,-0.01360363205,0.04,-0.21,-0.01356890138,0.03999535797,-0.2099916892,3.60116426e-05
0.992,-0.01371543808,0.04,-0.21,-0.01368059911,0.03999537932,-0.2099917038,3.61100007e-05
0.993,-0.01382710538,0.04,-0.21,-0.01379215876,0.0399954006,-0.209991718,3.620790595e-05
0.994,-0.01393863285,0.04,-0.21,-0.01390357925,0.03999542182,-0.2099917317,3.630535476e-05
0.995,-0.01405001939,0.04,-0.21,-0.01401485946,0.03999544297,-0.2099917451,3.640234362e-05
0.996,-0.01416126391,0.04,-0.21,-0.01412599832,0.03999546406,-0.209991758,3.649886908e-05
0.997,-0.01427236532,0.04,-0.21,-0.01423699473,0.03999548507,-0.2099917705,3.659492778e-05
0.998,-0.01438332253,0.04,-0.21,-0.01434784759,0.03999550602,-0.2099917825,3.669051643e-05
0.999,-0.01449413445,0.04,-0.21,-0.01445855583,0.0399955269,-0.2099917942,3.678563179e-05
1,-0.0146048,0.04,-0.21,-0.01456911836,0.03999554772,-0.2099918054,3.688027069e-05
1.001,-0.01471531809,0.04,-0.21,-0.01467953409,0.03999556846,-0.2099918162,3.697443007e-05
1.002,-0.01482568765,0.04,-0.21,-0.01478980195,0.03999558913,-0.2099918265,3.706810689e-05
1.003,-0.01493590759,0.04,-0.21,-0.01489992086,0.03999560973,-0.2099918365,3.716129821e-05
1.004,-0.01504597684,0.04,-0.21,-0.01500988975,0.03999563026,-0.209991846,3.725400114e-05
1.005,-0.01515589433,0.04,-0.21,-0.01511970754,0.03999565072,-0.2099918551,3.734621284e-05
1.006,-0.01526565899,0.04,-0.21,-0.01522937317,0.03999567111,-0.2099918638,3.743793055e-05
1.007,-0.01537526975,0.04,-0.21,-0.01533888556,0.03999569142,-0.209991872,3.752915157e-05
1.008,-0.01548472554,0.04,-0.21,-0.01544824365,0.03999571166,-0.2099918799,3.761987325e-05
1.009,-0.0155940253,0.04,-0.21,-0.01555744637,0.03999573183,-0.2099918873,3.771009302e-05
1.01,-0.01570316797,0.04,-0.21,-0.01566649268,0.03999575192,-0.2099918943,3.779980835e-05
1.011,-0.0158121525,0.04,-0.21,-0.01577538151,0.03999577194,-0.2099919009,3.78890168e-05
1.012,-0.01592097782,0.04,-0.21,-0.0158841118,0.03999579188,-0.2099919071,3.797771593e-05
1.013,-0.01602964288,0.04,-0.21,-0.0159926825,0.03999581174,-0.2099919128,3.806590343e-05
1.014,-0.01613814664,0.04,-0.21,-0.01610109257,0.03999583153,-0.2099919182,3.815357697e-05
1.015,-0.01624648804,0.04,-0.21,-0.01620934096,0.03999585124,-0.2099919231,3.824073434e-05
1.016,-0.01635466604,0.04,-0.21,-0.01631742661,0.03999587088,-0.2099919277,3.832737334e-05
1.017,-0.0164626796,0.04,-0.21,-0.0164253485,0.03999589043,-0.2099919318,3.841349184e-05
1.018,-0.01657052768,0.04,-0.21,-0.01653310557,0.03999590991,-0.2099919355,3.849908776e-05
1.019,-0.01667820924,0.04,-0.21,-0.01664069679,0.03999592931,-0.2099919388,3.858415907e-05
1.02,-0.01678572324,0.04,-0.21,-0.01674812114,0.03999594862,-0.2099919417,3.866870379e-05
1.021,-0.01689306866,0.04,-0.21,-0.01685537757,0.03999596786,-0.2099919441,3.875272e-05
1.022,-0.01700024446,0.04,-0.21,-0.01696246506,0.03999598702,-0.2099919462,3.883620581e-05
1.023,-0.01710724962,0.04,-0.21,-0.01706938258,0.03999600609,-0.2099919479,3.891915941e-05
1.024,-0.01721408312,0.04,-0.21,-0.01717612911,0.03999602509,-0.2099919491,3.900157901e-05
1.025,-0.01732074394,0.04,-0.21,-0.01728270363,0.039996044,-0.20999195,3.908346288e-05
1.026,-0.01742723105,0.04,-0.21,-0.01738910513,0.03999606282,-0.2099919505,3.916480932e-05
1.027,-0.01753354344,0.04,-0.21,-0.01749533257,0.03999608157,-0.2099919505,3.924561668e-05
1.028,-0.0176396801,0.04,-0.21,-0.01760138497,0.03999610023,-0.2099919502,3.932588337e-05
1.029,-0.01774564002,0.04,-0.21,-0.0177072613,0.03999611881,-0.2099919494,3.940560783e-05
1.03,-0.0178514222,0.04,-0.21,-0.01781296056,0.0399961373,-0.2099919483,3.948478854e-05
1.031,-0.01795702563,0.04,-0.21,-0.01791848174,0.03999615571,-0.2099919468,3.956342404e-05
1.032,-0.0180624493,0.04,-0.21,-0.01802382385,0.03999617403,-0.2099919448,3.96415129e-05
1.033,-0.01816769223,0.04,-0.21,-0.01812898589,0.03999619227,-0.2099919425,3.971905374e-05
1.034,-0.01827275342,0.04,-0.21,-0.01823396686,0.03999621042,-0.2099919398,3.97960452e-05
1.035,-0.01837763187,0.04,-0.21,-0.01833876578,0.03999622848,-0.2099919367,3.987248598e-05
1.036,-0.0184823266,0.04,-0.21,-0.01844338164,0.03999624645,-0.2099919332,3.994837483e-05
1.037,-0.01858683663,0.04,-0.21,-0.01854781348,0.03999626434,-0.2099919293,4.00237105e-05
1.038,-0.01869116096,0.04,-0.21,-0.0186520603,0.03999628214,-0.209991925,4.009849179e-05
1.039,-0.01879529862,0.04,-0.21,-0.01875612113,0.03999629985,-0.2099919203,4.017271757e-05
1.04,-0.01889924863,0.04,-0.21,-0.01885999499,0.03999631747,-0.2099919153,4.02463867e-05
1.041,-0.01900301002,0.04,-0.21,-0.0189636809,0.03999633501,-0.2099919099,4.031949812e-05
1.042,-0.01910658182,0.04,-0.21,-0.0190671779,0.03999635245,-0.209991904,4.039205077e-05
1.043,-0.01920996306,0.04,-0.21,-0.01917048502,0.0399963698,-0.2099918979,4.046404365e-05
1.044,-0.01931315278,0.04,-0.21,-0.0192736013,0.03999638706,-0.2099918913,4.053547577e-05
1.045,-0.01941615002,0.04,-0.21,-0.01937652577,0.03999640423,-0.2099918843,4.060634621e-05
1.046,-0.01951895382,0.04,-0.21,-0.01947925747,0.03999642131,-0.209991877,4.067665405e-05
1.047,-0.01962156322,0.04,-0.21,-0.01958179546,0.03999643829,-0.2099918693,4.074639841e-05
1.048,-0.01972397727,0.04,-0.21,-0.01968413878,0.03999645518,-0.2099918612,4.081557845e-05
1.049,-0.01982619503,0.04,-0.21,-0.01978628648,0.03999647198,-0.2099918527,4.088419336e-05
1.05,-0.01992821555,0.04,-0.21,-0.01988823762,0.03999648869,-0.2099918439,4.095224236e-05
1.051,-0.02003003789,0.04,-0.21,-0.01998999126,0.0399965053,-0.2099918347,4.101972469e-05
1.052,-0.02013166111,0.04,-0.21,-0.02009154646,0.03999652182,-0.2099918251,4.108663961e-05
1.053,-0.02023308428,0.04,-0.21,-0.02019290228,0.03999653825,-0.2099918152,4.115298645e-05
1.054,-0.02033430646,0.04,-0.21,-0.0202940578,0.03999655458,-0.2099918049,4.121876454e-05
1.055,-0.02043532673,0.04,-0.21,-0.02039501207,0.03999657081,-0.2099917942,4.128397325e-05
1.056,-0.02053614417,0.04,-0.21,-0.02049576419,0.03999658695,-0.2099917832,4.134861197e-05
1.057,-0.02063675784,0.04,-0.21,-0.02059631323,0.039996603,-0.2099917718,4.141268013e-05
1.058,-0.02073716684,0.04,-0.21,-0.02069665827,0.03999661894,-0.20999176,4.147617718e-05
1.059,-0.02083737024,0.04,-0.21,-0.02079679839,0.03999663479,-0.2099917479,4.153910259e-05
1.06,-0.02093736714,0.04,-0.21,-0.02089673269,0.03999665055,-0.2099917354,4.160145584e-05
1.061,-0.02103715663,0.04,-0.21,-0.02099646025,0.0399966662,-0.2099917226,4.166323646e-05
1.062,-0.02113673781,0.04,-0.21,-0.02109598018,0.03999668176,-0.2099917094,4.1724444e-05
1.063,-0.02123610977,0.04,-0.21,-0.02119529157,0.03999669722,-0.2099916959,4.178507802e-05
1.064,-0.02133527162,0.04,-0.21,-0.02129439352,0.03999671258,-0.209991682,4.184513816e-05
1.065,-0.02143422247,0.04,-0.21,-0.02139328515,0.03999672785,-0.2099916677,4.1904624e-05
1.066,-0.02153296142,0.04,-0.21,-0.02149196556,0.03999674301,-0.2099916532,4.196353521e-05
1.067,-0.02163148759,0.04,-0.21,-0.02159043386,0.03999675808,-0.2099916382,4.202187145e-05
1.068,-0.02172980009,0.04,-0.21,-0.02168868918,0.03999677304,-0.209991623,4.207963239e-05
1.069,-0.02182789806,0.04,-0.21,-0.02178673063,0.03999678791,-0.2099916073,4.213681776e-05
1.07,-0.0219257806,0.04,-0.21,-0.02188455733,0.03999680267,-0.2099915914,4.219342729e-05
1.071,-0.02202344685,0.04,-0.21,-0.02198216842,0.03999681734,-0.2099915751,4.224946071e-05
1.072,-0.02212089594,0.04,-0.21,-0.02207956303,0.0399968319,-0.2099915585,4.230491781e-05
1.073,-0.02221812701,0.04,-0.21,-0.02217674029,0.03999684636,-0.2099915415,4.235979838e-05
1.074,-0.0223151392,0.04,-0.21,-0.02227369935,0.03999686072,-0.2099915242,4.241410223e-05
1.075,-0.02241193165,0.04,-0.21,-0.02237043933,0.03999687498,-0.2099915065,4.246782919e-05
1.076,-0.0225085035,0.04,-0.21,-0.0224669594,0.03999688914,-0.2099914886,4.25209791e-05
1.077,-0.02260485391,0.04,-0.21,-0.0225632587,0.03999690319,-0.2099914703,4.257355184e-05
1.078,-0.02270098203,0.04,-0.21,-0.02265933639,0.03999691714,-0.2099914517,4.262554729e-05
1.079,-0.02279688702,0.04,-0.21,-0.02275519162,0.03999693099,-0.2099914327,4.267696536e-05
1.08,-0.02289256804,0.04,-0.21,-0.02285082356,0.03999694473,-0.2099914134,4.272780596e-05
1.081,-0.02298802426,0.04,-0.21,-0.02294623137,0.03999695837,-0.2099913938,4.277806902e-05
1.082,-0.02308325484,0.04,-0.21,-0.02304141422,0.03999697191,-0.2099913739,4.282775451e-05
1.083,-0.02317825897,0.04,-0.21,-0.02313637128,0.03999698534,-0.2099913537,4.287686237e-05
1.084,-0.02327303581,0.04,-0.21,-0.02323110173,0.03999699867,-0.2099913331,4.292539261e-05
1.085,-0.02336758455,0.04,-0.21,-0.02332560476,0.0399970119,-0.2099913123,4.297334521e-05
1.086,-0.02346190438,0.04,-0.21,-0.02341987955,0.03999702502,-0.2099912911,4.302072018e-05
1.087,-0.02355599448,0.04,-0.21,-0.02351392528,0.03999703803,-0.2099912696,4.306751756e-05
1.088,-0.02364985405,0.04,-0.21,-0.02360774115,0.03999705094,-0.2099912478,4.311373739e-05
1.089,-0.02374348229,0.04,-0.21,-0.02370132636,0.03999706374,-0.2099912257,4.315937971e-05
1.09,-0.02383687839,0.04,-0.21,-0.02379468011,0.03999707644,-0.2099912033,4.320444459e-05
1.091,-0.02393004156,0.04,-0.21,-0.0238878016,0.03999708903,-0.2099911806,4.324893213e-05
1.092,-0.02402297102,0.04,-0.21,-0.02398069005,0.03999710151,-0.2099911576,4.32928424e-05
1.093,-0.02411566597,0.04,-0.21,-0.02407334466,0.03999711389,-0.2099911343,4.333617551e-05
1.094,-0.02420812563,0.04,-0.21,-0.02416576465,0.03999712616,-0.2099911106,4.337893157e-05
1.095,-0.02430034922,0.04,-0.21,-0.02425794925,0.03999713833,-0.2099910867,4.342111072e-05
1.096,-0.02439233598,0.04,-0.21,-0.02434989769,0.03999715038,-0.2099910625,4.346271307e-05
1.097,-0.02448408512,0.04,-0.21,-0.02444160918,0.03999716233,-0.209991038,4.350373881e-05
1.098,-0.02457559589,0.04,-0.21,-0.02453308296,0.03999717417,-0.2099910132,4.354418807e-05
1.099,-0.02466686753,0.04,-0.21,-0.02462431828,0.03999718591,-0.2099909882,4.358406104e-05
1.1,-0.02475789926,0.04,-0.21,-0.02471531438,0.03999719753,-0.2099909628,4.362335788e-05
1.101,-0.02484869035,0.04,-0.21,-0.02480607049,0.03999720905,-0.2099909372,4.366207877e-05
1.102,-0.02493924005,0.04,-0.21,-0.02489658588,0.03999722046,-0.2099909112,4.370022391e-05
1.103,-0.0250295476,0.04,-0.21,-0.02498685979,0.03999723176,-0.209990885,4.373779353e-05
1.104,-0.02511961227,0.04,-0.21,-0.0250768915,0.03999724295,-0.2099908585,4.377478781e-05
1.105,-0.02520943332,0.04,-0.21,-0.02516668025,0.03999725403,-0.2099908318,4.3811207e-05
1.106,-0.02529901002,0.04,-0.21,-0.02525622532,0.039997265,-0.2099908047,4.384705131e-05
1.107,-0.02538834165,0.04,-0.21,-0.02534552598,0.03999727587,-0.2099907774,4.3882321e-05
1.108,-0.02547742748,0.04,-0.21,-0.02543458151,0.03999728662,-0.2099907499,4.39170163e-05
1.109,-0.02556626678,0.04,-0.21,-0.02552339119,0.03999729727,-0.209990722,4.395113744e-05
1.11,-0.02565485886,0.04,-0.21,-0.0256119543,0.0399973078,-0.2099906939,4.39846847e-05
1.111,-0.02574320299,0.04,-0.21,-0.02570027014,0.03999731822,-0.2099906655,4.401765833e-05
1.112,-0.02583129847,0.04,-0.21,-0.02578833799,0.03999732854,-0.2099906369,4.405005859e-05
1.113,-0.02591914461,0.04,-0.21,-0.02587615717,0.03999733874,-0.209990608,4.408188577e-05
1.114,-0.0260067407,0.04,-0.21,-0.02596372696,0.03999734883,-0.2099905788,4.411314016e-05
1.115,-0.02609408605,0.04,-0.21,-0.02605104668,0.03999735881,-0.2099905494,4.414382205e-05
1.116,-0.02618117997,0.04,-0.21,-0.02613811564,0.03999736868,-0.2099905197,4.41739317e-05
1.117,-0.02626802179,0.04,-0.21,-0.02622493316,0.03999737844,-0.2099904898,4.420346942e-05
1.118,-0.02635461082,0.04,-0.21,-0.02631149856,0.03999738809,-0.2099904596,4.42324355e-05
1.119,-0.02644094639,0.04,-0.21,-0.02639781116,0.03999739763,-0.2099904292,4.426083024e-05
1.12,-0.02652702783,0.04,-0.21,-0.02648387029,0.03999740705,-0.2099903985,4.428865395e-05
1.121,-0.02661285448,0.04,-0.21,-0.0265696753,0.03999741637,-0.2099903676,4.431590693e-05
1.122,-0.02669842568,0.04,-0.21,-0.02665522552,0.03999742557,-0.2099903365,4.434258949e-05
1.123,-0.02678374076,0.04,-0.21,-0.02674052029,0.03999743466,-0.2099903051,4.436870196e-05
1.124,-0.02686879908,0.04,-0.21,-0.02682555896,0.03999744364,-0.2099902734,4.439424465e-05
1.125,-0.0269536,0.04,-0.21,-0.02691034089,0.03999745251,-0.2099902416,4.441921789e-05
1.126,-0.02703814287,0.04,-0.21,-0.02699486544,0.03999746126,-0.2099902095,4.444362199e-05
1.127,-0.02712242706,0.04,-0.21,-0.02707913197,0.0399974699,-0.2099901771,4.446745729e-05
1.128,-0.02720645192,0.04,-0.21,-0.02716313984,0.03999747843,-0.2099901446,4.449072409e-05
1.129,-0.02729021685,0.04,-0.21,-0.02724688843,0.03999748685,-0.2099901118,4.451342272e-05
1.13,-0.02737372121,0.04,-0.21,-0.02733037712,0.03999749515,-0.2099900788,4.45355535e-05
1.131,-0.02745696439,0.04,-0.21,-0.02741360529,0.03999750334,-0.2099900455,4.455711677e-05
1.132,-0.02753994577,0.04,-0.21,-0.02749657232,0.03999751142,-0.2099900121,4.457811284e-05
1.133,-0.02762266475,0.04,-0.21,-0.02757927761,0.03999751938,-0.2099899784,4.459854206e-05
1.134,-0.02770512072,0.04,-0.21,-0.02766172056,0.03999752724,-0.2099899445,4.461840476e-05
1.135,-0.02778731309,0.04,-0.21,-0.02774390056,0.03999753498,-0.2099899104,4.463770128e-05
1.136,-0.02786924125,0.04,-0.21,-0.02782581702,0.0399975426,-0.2099898761,4.465643194e-05
1.137,-0.02795090463,0.04,-0.21,-0.02790746936,0.03999755011,-0.2099898415,4.467459706e-05
1.138,-0.02803230265,0.04,-0.21,-0.02798885699,0.03999755751,-0.2099898068,4.469219698e-05
1.139,-0.02811343471,0.04,-0.21,-0.02806997933,0.0399975648,-0.2099897718,4.4709232e-05
1.14,-0.02819430025,0.04,-0.21,-0.02815083581,0.03999757197,-0.2099897367,4.472570245e-05
1.141,-0.0282748987,0.04,-0.21,-0.02823142586,0.03999757903,-0.2099897013,4.474160866e-05
1.142,-0.02835522949,0.04,-0.21,-0.02831174892,0.03999758597,-0.2099896657,4.475695097e-05
1.143,-0.02843529208,0.04,-0.21,-0.02839180442,0.0399975928,-0.20998963,4.477172968e-05
1.144,-0.02851508589,0.04,-0.21,-0.02847159182,0.03999759952,-0.209989594,4.478594512e-05
1.145,-0.02859461039,0.04,-0.21,-0.02855111056,0.03999760612,-0.2099895579,4.479959762e-05
1.146,-0.02867386504,0.04,-0.21,-0.0286303601,0.03999761261,-0.2099895216,4.481268748e-05
1.147,-0.02875284928,0.04,-0.21,-0.02870933991,0.03999761899,-0.209989485,4.482521501e-05
1.148,-0.0288315626,0.04,-0.21,-0.02878804944,0.03999762525,-0.2099894483,4.483718054e-05
1.149,-0.02891000446,0.04,-0.21,-0.02886648818,0.03999763139,-0.2099894114,4.484858436e-05
1.15,-0.02898817434,0.04,-0.21,-0.02894465559,0.03999763742,-0.2099893743,4.485942677e-05
1.151,-0.02906607172,0.04,-0.21,-0.02902255117,0.03999764334,-0.209989337,4.486970808e-05
1.152,-0.02914369609,0.04,-0.21,-0.02910017439,0.03999764914,-0.2099892996,4.487942857e-05
1.153,-0.02922104694,0.04,-0.21,-0.02917752476,0.03999765483,-0.209989262,4.488858854e-05
1.154,-0.02929812377,0.04,-0.21,-0.02925460176,0.03999766041,-0.2099892242,4.489718831e-05
1.155,-0.02937492608,0.04,-0.21,-0.02933140491,0.03999766587,-0.2099891862,4.490522816e-05
1.156,-0.02945145339,0.04,-0.21,-0.0294079337,0.03999767121,-0.209989148,4.491270836e-05
1.157,-0.0295277052,0.04,-0.21,-0.02948418767,0.03999767644,-0.2099891097,4.491962921e-05
1.158,-0.02960368103,0.04,-0.21,-0.02956016631,0.03999768156,-0.2099890712,4.492599096e-05
1.159,-0.02967938042,0.04,-0.21,-0.02963586916,0.03999768656,-0.2099890326,4.493179389e-05
1.16,-0.02975480288,0.04,-0.21,-0.02971129575,0.03999769145,-0.2099889938,4.493703825e-05
1.161,-0.02982994796,0.04,-0.21,-0.02978644561,0.03999769622,-0.2099889548,4.494172433e-05
1.162,-0.02990481518,0.04,-0.21,-0.02986131828,0.03999770088,-0.2099889156,4.494585237e-05
1.163,-0.02997940411,0.04,-0.21,-0.02993591331,0.03999770542,-0.2099888763,4.494942263e-05
1.164,-0.03005371429,0.04,-0.21,-0.03001023025,0.03999770985,-0.2099888369,4.495243538e-05
1.165,-0.03012774528,0.04,-0.21,-0.03008426866,0.03999771416,-0.2099887973,4.495489086e-05
1.166,-0.03020149664,0.04,-0.21,-0.03015802809,0.03999771836,-0.2099887575,4.495678929e-05
1.167,-0.03027496793,0.04,-0.21,-0.03023150813,0.03999772244,-0.2099887176,4.495813092e-05
1.168,-0.03034815873,0.04,-0.21,-0.03030470833,0.03999772641,-0.2099886776,4.495891595e-05
1.169,-0.03042106863,0.04,-0.21,-0.03037762828,0.03999773027,-0.2099886374,4.495914462e-05
1.17,-0.03049369719,0.04,-0.21,-0.03045026756,0.039997734,-0.209988597,4.495881714e-05
1.171,-0.03056604402,0.04,-0.21,-0.03052262576,0.03999773763,-0.2099885566,4.495793372e-05
1.172,-0.03063810871,0.04,-0.21,-0.03059470248,0.03999774114,-0.2099885159,4.495649459e-05
1.173,-0.03070989085,0.04,-0.21,-0.03066649732,0.03999774453,-0.2099884752,4.495449994e-05
1.174,-0.03078139006,0.04,-0.21,-0.03073800989,0.03999774781,-0.2099884343,4.495194997e-05
1.175,-0.03085260595,0.04,-0.21,-0.03080923979,0.03999775097,-0.2099883932,4.494884487e-05
1.176,-0.03092353814,0.04,-0.21,-0.03088018665,0.03999775402,-0.2099883521,4.494518482e-05
1.177,-0.03099418624,0.04,-0.21,-0.03095085009,0.03999775696,-0.2099883108,4.494097e-05
1.178,-0.03106454989,0.04,-0.21,-0.03102122973,0.03999775977,-0.2099882694,4.493620059e-05
1.179,-0.03113462872,0.04,-0.21,-0.03109132522,0.03999776248,-0.2099882278,4.493087674e-05
1.18,-0.03120442237,0.04,-0.21,-0.03116113619,0.03999776507,-0.2099881861,4.492499861e-05
1.181,-0.0312739305,0.04,-0.21,-0.0312306623,0.03999776754,-0.2099881443,4.491856637e-05
1.182,-0.03134315274,0.04,-0.21,-0.03129990318,0.0399977699,-0.2099881024,4.491158015e-05
1.183,-0.03141208877,0.04,-0.21,-0.03136885851,0.03999777214,-0.2099880604,4.490404016e-05
1.184,-0.03148073823,0.04,-0.21,-0.03143752794,0.03999777427,-0.2099880182,4.489594663e-05
1.185,-0.03154910081,0.04,-0.21,-0.03150591114,0.03999777629,-0.209987976,4.488729982e-05
1.186,-0.03161717617,0.04,-0.21,-0.03157400779,0.03999777818,-0.2099879336,4.48781e-05
1.187,-0.03168496401,0.04,-0.21,-0.03164181757,0.03999777997,-0.2099878911,4.486834739e-05
1.188,-0.03175246399,0.04,-0.21,-0.03170934017,0.03999778164,-0.2099878485,4.485804212e-05
1.189,-0.03181967583,0.04,-0.21,-0.03177657528,0.03999778319,-0.2099878058,4.484718428e-05
1.19,-0.03188659921,0.04,-0.21,-0.0318435226,0.03999778463,-0.209987763,4.483577389e-05
1.191,-0.03195323384,0.04,-0.21,-0.03191018184,0.03999778596,-0.2099877201,4.482381094e-05
1.192,-0.03201957944,0.04,-0.21,-0.0319765527,0.03999778717,-0.209987677,4.481129545e-05
1.193,-0.03208563571,0.04,-0.21,-0.0320426349,0.03999778826,-0.2099876339,4.479822742e-05
1.194,-0.03215140238,0.04,-0.21,-0.03210842817,0.03999778924,-0.2099875907,4.478460691e-05
1.195,-0.03221687918,0.04,-0.21,-0.03217393224,0.03999779011,-0.2099875474,4.477043401e-05
1.196,-0.03228206585,0.04,-0.21,-0.03223914683,0.03999779086,-0.2099875039,4.475570879e-05
1.197,-0.03234696212,0.04,-0.21,-0.0323040717,0.03999779149,-0.2099874604,4.474043136e-05
1.198,-0.03241156774,0.04,-0.21,-0.03236870658,0.03999779201,-0.2099874168,4.472460175e-05
1.199,-0.03247588246,0.04,-0.21,-0.03243305124,0.03999779242,-0.2099873731,4.470821999e-05
1.2,-0.03253990605,0.04,-0.21,-0.03249710542,0.03999779271,-0.2099873294,4.469128607e-05
1.201,-0.03260363826,0.04,-0.21,-0.0325608689,0.03999779288,-0.2099872855,4.467379996e-05
1.202,-0.03266707888,0.04,-0.21,-0.03262434145,0.03999779295,-0.2099872415,4.465576163e-05
1.203,-0.03273022766,0.04,-0.21,-0.03268752285,0.03999779289,-0.2099871975,4.463717104e-05
1.204,-0.03279308441,0.04,-0.21,-0.03275041287,0.03999779272,-0.2099871534,4.46180282e-05
1.205,-0.03285564891,0.04,-0.21,-0.03281301132,0.03999779244,-0.2099871091,4.459833309e-05
1.206,-0.03291792095,0.04,-0.21,-0.03287531798,0.03999779204,-0.2099870649,4.457808574e-05
1.207,-0.03297990034,0.04,-0.21,-0.03293733266,0.03999779153,-0.2099870205,4.455728616e-05
1.208,-0.03304158688,0.04,-0.21,-0.03299905517,0.0399977909,-0.2099869761,4.453593434e-05
1.209,-0.03310298039,0.04,-0.21,-0.03306048532,0.03999779015,-0.2099869315,4.451403028e-05
1.21,-0.03316408069,0.04,-0.21,-0.03312162294,0.03999778929,-0.209986887,4.449157394e-05
1.211,-0.03322488761,0.04,-0.21,-0.03318246785,0.03999778832,-0.2099868423,4.446856526e-05
1.212,-0.03328540098,0.04,-0.21,-0.03324301988,0.03999778723,-0.2099867976,4.44450042e-05
1.213,-0.03334562064,0.04,-0.21,-0.03330327889,0.03999778603,-0.2099867528,4.442089069e-05
1.214,-0.03340554644,0.04,-0.21,-0.0333632447,0.03999778471,-0.2099867079,4.43962247e-05
1.215,-0.03346517823,0.04,-0.21,-0.03342291719,0.03999778328,-0.2099866629,4.437100618e-05
1.216,-0.03352451586,0.04,-0.21,-0.0334822962,0.03999778173,-0.2099866179,4.434523509e-05
1.217,-0.03358355921,0.04,-0.21,-0.03354138161,0.03999778006,-0.2099865729,4.431891141e-05
1.218,-0.03364230815,0.04,-0.21,-0.03360017328,0.03999777829,-0.2099865277,4.42920351e-05
1.219,-0.03370076254,0.04,-0.21,-0.0336586711,0.03999777639,-0.2099864826,4.426460612e-05
1.22,-0.03375892229,0.04,-0.21,-0.03371687495,0.03999777438,-0.2099864373,4.423662441e-05
1.221,-0.03381678727,0.04,-0.21,-0.03377478472,0.03999777226,-0.209986392,4.420808993e-05
1.222,-0.0338743574,0.04,-0.21,-0.03383240031,0.03999777002,-0.2099863466,4.417900261e-05
1.223,-0.03393163256,0.04,-0.21,-0.03388972163,0.03999776767,-0.2099863012,4.414936237e-05
1.224,-0.03398861268,0.04,-0.21,-0.03394674859,0.0399977652,-0.2099862557,4.411916915e-05
1.225,-0.03404529766,0.04,-0.21,-0.0340034811,0.03999776262,-0.2099862102,4.408842288e-05
1.226,-0.03410168744,0.04,-0.21,-0.0340599191,0.03999775992,-0.2099861646,4.405712353e-05
1.227,-0.03415778195,0.04,-0.21,-0.03411606251,0.03999775711,-0.209986119,4.402527103e-05
1.228,-0.03421358111,0.04,-0.21,-0.03417191127,0.03999775418,-0.2099860733,4.399286535e-05
1.229,-0.03426908488,0.04,-0.21,-0.03422746533,0.03999775113,-0.2099860276,4.395990644e-05
1.23,-0.03432429321,0.04,-0.21,-0.03428272463,0.03999774798,-0.2099859818,4.392639426e-05
1.231,-0.03437920605,0.04,-0.21,-0.03433768914,0.0399977447,-0.209985936,4.389232874e-05
1.232,-0.03443382337,0.04,-0.21,-0.03439235882,0.03999774131,-0.2099858901,4.385770983e-05
1.233,-0.03448814513,0.04,-0.21,-0.03444673365,0.03999773781,-0.2099858442,4.382253747e-05
1.234,-0.03454217132,0.04,-0.21,-0.0345008136,0.03999773419,-0.2099857982,4.37868116e-05
1.235,-0.03459590191,0.04,-0.21,-0.03455459865,0.03999773046,-0.2099857522,4.375053219e-05
1.236,-0.03464933691,0.04,-0.21,-0.0346080888,0.03999772661,-0.2099857062,4.371369918e-05
1.237,-0.0347024763,0.04,-0.21,-0.03466128405,0.03999772264,-0.2099856601,4.367631255e-05
1.238,-0.0347553201,0.04,-0.21,-0.0347141844,0.03999771856,-0.209985614,4.363837227e-05
1.239,-0.03480786831,0.04,-0.21,-0.03476678987,0.03999771437,-0.2099855678,4.359987832e-05
1.24,-0.03486012095,0.04,-0.21,-0.03481910047,0.03999771006,-0.2099855217,4.356083069e-05
1.241,-0.03491207805,0.04,-0.21,-0.03487111623,0.03999770563,-0.2099854754,4.352122934e-05
1.242,-0.03496373963,0.04,-0.21,-0.03492283719,0.03999770109,-0.2099854292,4.348107427e-05
1.243,-0.03501510574,0.04,-0.21,-0.03497426338,0.03999769644,-0.2099853829,4.344036545e-05
1.244,-0.03506617643,0.04,-0.21,-0.03502539486,0.03999769167,-0.2099853365,4.339910288e-05
1.245,-0.03511695174,0.04,-0.21,-0.03507623167,0.03999768678,-0.2099852902,4.335728656e-05
1.246,-0.03516743173,0.04,-0.21,-0.03512677387,0.03999768178,-0.2099852438,4.331491651e-05
1.247,-0.03521761648,0.04,-0.21,-0.03517702155,0.03999767666,-0.2099851973,4.327199275e-05
1.248,-0.03526750605,0.04,-0.21,-0.03522697476,0.03999767143,-0.2099851509,4.322851531e-05
1.249,-0.03531710053,0.04,-0.21,-0.03527663359,0.03999766608,-0.2099851044,4.318448423e-05
1.25,-0.0353664,0.04,-0.21,-0.03532599813,0.03999766062,-0.2099850579,4.313989956e-05
1.251,-0.03541540456,0.04,-0.21,-0.03537506848,0.03999765504,-0.2099850113,4.309476136e-05
1.252,-0.03546411431,0.04,-0.21,-0.03542384474,0.03999764934,-0.2099849648,4.30490697e-05
1.253,-0.03551252936,0.04,-0.21,-0.03547232703,0.03999764353,-0.2099849182,4.300282464e-05
1.254,-0.03556064983,0.04,-0.21,-0.03552051545,0.0399976376,-0.2099848715,4.295602627e-05
1.255,-0.03560847583,0.04,-0.21,-0.03556841013,0.03999763156,-0.2099848249,4.29086747e-05
1.256,-0.03565600751,0.04,-0.21,-0.03561601121,0.0399976254,-0.2099847782,4.286077004e-05
1.257,-0.03570324499,0.04,-0.21,-0.03566331882,0.03999761913,-0.2099847315,4.28123124e-05
1.258,-0.03575018842,0.04,-0.21,-0.03571033312,0.03999761274,-0.2099846848,4.276330193e-05
1.259,-0.03579683795,0.04,-0.21,-0.03575705425,0.03999760624,-0.209984638,4.271373879e-05
1.26,-0.03584319375,0.04,-0.21,-0.03580348237,0.03999759961,-0.2099845913,4.266362316e-05
1.261,-0.03588925597,0.04,-0.21,-0.03584961766,0.03999759288,-0.2099845445,4.261295522e-05
1.262,-0.0359350248,0.04,-0.21,-0.03589546028,0.03999758602,-0.2099844977,4.256173518e-05
1.263,-0.03598050041,0.04,-0.21,-0.03594101043,0.03999757905,-0.2099844508,4.250996325e-05
1.264,-0.036025683,0.04,-0.21,-0.03598626828,0.03999757196,-0.209984404,4.245763967e-05
1.265,-0.03607057275,0.04,-0.21,-0.03603123405,0.03999756476,-0.2099843571,4.240476469e-05
1.266,-0.03611516987,0.04,-0.21,-0.03607590792,0.03999755744,-0.2099843102,4.235133859e-05
1.267,-0.03615947457,0.04,-0.21,-0.03612029013,0.03999755001,-0.2099842633,4.229736162e-05
1.268,-0.03620348706,0.04,-0.21,-0.03616438088,0.03999754245,-0.2099842164,4.224283399e-05
1.269,-0.03624720758,0.04,-0.21,-0.03620818039,0.03999753478,-0.2099841694,4.21877559e-05
1.27,-0.03629063636,0.04,-0.21,-0.03625168892,0.039997527,-0.2099841224,4.21321275e-05
1.271,-0.03633377363,0.04,-0.21,-0.0362949067,0.03999751909,-0.2099840754,4.207594902e-05
1.272,-0.03637661965,0.04,-0.21,-0.03633783397,0.03999751107,-0.2099840284,4.201922073e-05
1.273,-0.03641917466,0.04,-0.21,-0.036380471,0.03999750294,-0.2099839814,4.196194299e-05
1.274,-0.03646143893,0.04,-0.21,-0.03642281804,0.03999749468,-0.2099839344,4.190411624e-05
1.275,-0.03650341274,0.04,-0.21,-0.03646487538,0.03999748631,-0.2099838873,4.184574097e-05
1.276,-0.03654509635,0.04,-0.21,-0.03650664329,0.03999747782,-0.2099838402,4.178681773e-05
1.277,-0.03658649005,0.04,-0.21,-0.03654812205,0.03999746921,-0.2099837931,4.172734706e-05
1.278,-0.03662759413,0.04,-0.21,-0.03658931197,0.03999746048,-0.209983746,4.16673295e-05
1.279,-0.03666840891,0.04,-0.21,-0.03663021334,0.03999745164,-0.2099836988,4.160676559e-05
1.28,-0.03670893467,0.04,-0.21,-0.03667082648,0.03999744267,-0.2099836517,4.154565586e-05
1.281,-0.03674917174,0.04,-0.21,-0.03671115169,0.03999743359,-0.2099836045,4.148400087e-05
1.282,-0.03678912044,0.04,-0.21,-0.03675118932,0.03999742439,-0.2099835573,4.142180124e-05
1.283,-0.03682878111,0.04,-0.21,-0.03679093968,0.03999741507,-0.2099835101,4.135905764e-05
1.284,-0.03686815407,0.04,-0.21,-0.03683040312,0.03999740564,-0.2099834629,4.12957708e-05
1.285,-0.03690723968,0.04,-0.21,-0.03686958,0.03999739608,-0.2099834156,4.123194152e-05
1.286,-0.03694603829,0.04,-0.21,-0.03690847065,0.0399973864,-0.2099833684,4.116757064e-05
1.287,-0.03698455025,0.04,-0.21,-0.03694707546,0.03999737661,-0.2099833211,4.110265905e-05
1.288,-0.03702277595,0.04,-0.21,-0.03698539478,0.0399973667,-0.2099832738,4.103720765e-05
1.289,-0.03706071576,0.04,-0.21,-0.03702342901,0.03999735666,-0.2099832265,4.097121736e-05
1.29,-0.03709837006,0.04,-0.21,-0.03706117852,0.03999734651,-0.2099831791,4.090468913e-05
1.291,-0.03713573924,0.04,-0.21,-0.03709864371,0.03999733624,-0.2099831318,4.083762396e-05
1.292,-0.03717282371,0.04,-0.21,-0.03713582498,0.03999732584,-0.2099830844,4.077002289e-05
1.293,-0.03720962387,0.04,-0.21,-0.03717272276,0.03999731533,-0.209983037,4.0701887e-05
1.294,-0.03724614014,0.04,-0.21,-0.03720933744,0.03999730469,-0.2099829896,4.063321746e-05
1.295,-0.03728237294,0.04,-0.21,-0.03724566947,0.03999729394,-0.2099829421,4.056401548e-05
1.296,-0.03731832271,0.04,-0.21,-0.03728171927,0.03999728306,-0.2099828946,4.049428236e-05
1.297,-0.03735398988,0.04,-0.21,-0.03731748729,0.03999727207,-0.2099828472,4.042401944e-05
1.298,-0.03738937491,0.04,-0.21,-0.03735297397,0.03999726095,-0.2099827996,4.035322812e-05
1.299,-0.03742447824,0.04,-0.21,-0.03738817978,0.03999724971,-0.2099827521,4.028190983e-05
1.3,-0.03745930035,0.04,-0.21,-0.03742310519,0.03999723835,-0.2099827045,4.021006607e-05
1.301,-0.0374938417,0.04,-0.21,-0.03745775066,0.03999722687,-0.209982657,4.013769838e-05
1.302,-0.03752810278,0.04,-0.21,-0.03749211668,0.03999721526,-0.2099826094,4.006480837e-05
1.303,-0.03756208407,0.04,-0.21,-0.03752620374,0.03999720353,-0.2099825617,3.999139769e-05
1.304,-0.03759578607,0.04,-0.21,-0.03756001234,0.03999719168,-0.2099825141,3.991746809e-05
1.305,-0.03762920928,0.04,-0.21,-0.03759354299,0.03999717971,-0.2099824664,3.98430214e-05
1.306,-0.03766235421,0.04,-0.21,-0.03762679619,0.03999716761,-0.2099824187,3.976805951e-05
1.307,-0.03769522139,0.04,-0.21,-0.03765977248,0.0399971554,-0.2099823709,3.96925844e-05
1.308,-0.03772781134,0.04,-0.21,-0.03769247239,0.03999714305,-0.2099823231,3.961659813e-05
1.309,-0.0377601246,0.04,-0.21,-0.03772489644,0.03999713059,-0.2099822753,3.954010281e-05
1.31,-0.03779216171,0.04,-0.21,-0.0377570452,0.039997118,-0.2099822275,3.946310065e-05
1.311,-0.03782392323,0.04,-0.21,-0.03778891922,0.03999710528,-0.2099821796,3.93855939e-05
1.312,-0.03785540972,0.04,-0.21,-0.03782051906,0.03999709244,-0.2099821318,3.930758492e-05
1.313,-0.03788662174,0.04,-0.21,-0.03785184529,0.03999707948,-0.2099820838,3.922907614e-05
1.314,-0.03791755988,0.04,-0.21,-0.03788289849,0.03999706639,-0.2099820359,3.915007008e-05
1.315,-0.03794822472,0.04,-0.21,-0.03791367926,0.03999705318,-0.2099819879,3.907056938e-05
1.316,-0.03797861685,0.04,-0.21,-0.03794418819,0.03999703984,-0.2099819398,3.899057674e-05
1.317,-0.03800873688,0.04,-0.21,-0.03797442588,0.03999702637,-0.2099818918,3.891009499e-05
1.318,-0.03803858542,0.04,-0.21,-0.03800439295,0.03999701278,-0.2099818436,3.882912705e-05
1.319,-0.03806816308,0.04,-0.21,-0.03803409003,0.03999699906,-0.2099817955,3.874767593e-05
1.32,-0.0380974705,0.04,-0.21,-0.03806351773,0.03999698522,-0.2099817473,3.866574476e-05
1.321,-0.03812650831,0.04,-0.21,-0.03809267671,0.03999697125,-0.2099816991,3.858333675e-05
1.322,-0.03815527715,0.04,-0.21,-0.03812156761,0.03999695715,-0.2099816508,3.850045524e-05
1.323,-0.03818377768,0.04,-0.21,-0.03815019107,0.03999694293,-0.2099816025,3.841710364e-05
1.324,-0.03821201055,0.04,-0.21,-0.03817854778,0.03999692857,-0.2099815541,3.833328553e-05
1.325,-0.03823997645,0.04,-0.21,-0.0382066384,0.03999691409,-0.2099815057,3.824900456e-05
1.326,-0.03826767604,0.04,-0.21,-0.03823446361,0.03999689948,-0.2099814573,3.816426454e-05
1.327,-0.03829511001,0.04,-0.21,-0.0382620241,0.03999688474,-0.2099814088,3.807906939e-05
1.328,-0.03832227905,0.04,-0.21,-0.03828932058,0.03999686987,-0.2099813602,3.799342316e-05
1.329,-0.03834918388,0.04,-0.21,-0.03831635374,0.03999685487,-0.2099813116,3.790733006e-05
1.33,-0.0383758252,0.04,-0.21,-0.0383431243,0.03999683975,-0.209981263,3.782079438e-05
1.331,-0.03840220373,0.04,-0.21,-0.03836963299,0.03999682449,-0.2099812143,3.773382058e-05
1.332,-0.03842832021,0.04,-0.21,-0.03839588054,0.0399968091,-0.2099811655,3.764641327e-05
1.333,-0.03845417536,0.04,-0.21,-0.03842186769,0.03999679358,-0.2099811167,3.755857716e-05
1.334,-0.03847976994,0.04,-0.21,-0.03844759519,0.03999677793,-0.2099810678,3.747031715e-05
1.335,-0.0385051047,0.04,-0.21,-0.0384730638,0.03999676215,-0.2099810189,3.738163827e-05
1.336,-0.03853018041,0.04,-0.21,-0.03849827429,0.03999674624,-0.2099809699,3.729254572e-05
1.337,-0.03855499784,0.04,-0.21,-0.03852322743,0.03999673019,-0.2099809208,3.720304486e-05
1.338,-0.03857955776,0.04,-0.21,-0.038547924,0.03999671401,-0.2099808717,3.711314121e-05
1.339,-0.03860386097,0.04,-0.21,-0.03857236481,0.0399966977,-0.2099808225,3.702284047e-05
1.34,-0.03862790827,0.04,-0.21,-0.03859655065,0.03999668126,-0.2099807732,3.693214851e-05
1.341,-0.03865170047,0.04,-0.21,-0.03862048233,0.03999666468,-0.2099807239,3.684107136e-05
1.342,-0.03867523837,0.04,-0.21,-0.03864416068,0.03999664797,-0.2099806745,3.674961524e-05
1.343,-0.03869852282,0.04,-0.21,-0.03866758652,0.03999663112,-0.209980625,3.665778658e-05
1.344,-0.03872155463,0.04,-0.21,-0.03869076069,0.03999661414,-0.2099805755,3.656559195e-05
1.345,-0.03874433465,0.04,-0.21,-0.03871368403,0.03999659702,-0.2099805259,3.647303816e-05
1.346,-0.03876686374,0.04,-0.21,-0.03873635741,0.03999657977,-0.2099804762,3.63801322e-05
1.347,-0.03878914275,0.04,-0.21,-0.03875878168,0.03999656238,-0.2099804264,3.628688127e-05
1.348,-0.03881117255,0.04,-0.21,-0.03878095772,0.03999654486,-0.2099803765,3.619329279e-05
1.349,-0.03883295403,0.04,-0.21,-0.03880288641,0.0399965272,-0.2099803266,3.609937437e-05
1.35,-0.03885448806,0.04,-0.21,-0.03882456864,0.0399965094,-0.2099802766,3.600513388e-05
1.351,-0.03887577555,0.04,-0.21,-0.03884600531,0.03999649146,-0.2099802265,3.591057938e-05
1.352,-0.0388968174,0.04,-0.21,-0.03886719733,0.03999647339,-0.2099801763,3.581571918e-05
1.353,-0.03891761452,0.04,-0.21,-0.03888814562,0.03999645517,-0.209980126,3.572056182e-05
1.354,-0.03893816784,0.04,-0.21,-0.0389088511,0.03999643682,-0.2099800756,3.562511609e-05
1.355,-0.03895847828,0.04,-0.21,-0.03892931471,0.03999641833,-0.2099800251,3.552939101e-05
1.356,-0.0389785468,0.04,-0.21,-0.0389495374,0.0399963997,-0.2099799746,3.543339586e-05
1.357,-0.03899837433,0.04,-0.21,-0.03896952012,0.03999638093,-0.2099799239,3.533714021e-05
1.358,-0.03901796184,0.04,-0.21,-0.03898926383,0.03999636202,-0.2099798731,3.524063386e-05
1.359,-0.0390373103,0.04,-0.21,-0.0390087695,0.03999634296,-0.2099798223,3.514388689e-05
1.36,-0.03905642068,0.04,-0.21,-0.03902803812,0.03999632377,-0.2099797713,3.504690968e-05
1.361,-0.03907529398,0.04,-0.21,-0.03904707067,0.03999630443,-0.2099797202,3.494971288e-05
1.362,-0.03909393117,0.04,-0.21,-0.03906586817,0.03999628495,-0.209979669,3.485230742e-05
1.363,-0.03911233328,0.04,-0.21,-0.0390844316,0.03999626533,-0.2099796177,3.475470456e-05
1.364,-0.03913050132,0.04,-0.21,-0.039102762,0.03999624557,-0.2099795663,3.465691583e-05
1.365,-0.0391484363,0.04,-0.21,-0.03912086039,0.03999622566,-0.2099795148,3.45589531e-05
1.366,-0.03916613926,0.04,-0.21,-0.03913872781,0.0399962056,-0.2099794631,3.446082854e-05
1.367,-0.03918361125,0.04,-0.21,-0.0391563653,0.03999618541,-0.2099794114,3.436255465e-05
1.368,-0.03920085331,0.04,-0.21,-0.03917377391,0.03999616506,-0.2099793595,3.426414429e-05
1.369,-0.0392178665,0.04,-0.21,-0.03919095472,0.03999614457,-0.2099793075,3.416561062e-05
1.37,-0.03923465189,0.04,-0.21,-0.0392079088,0.03999612394,-0.2099792553,3.406696718e-05
1.371,-0.03925121057,0.04,-0.21,-0.03922463723,0.03999610315,-0.2099792031,3.396822785e-05
1.372,-0.03926754362,0.04,-0.21,-0.03924114109,0.03999608222,-0.2099791507,3.386940689e-05
1.373,-0.03928365213,0.04,-0.21,-0.0392574215,0.03999606115,-0.2099790981,3.37705189e-05
1.374,-0.03929953722,0.04,-0.21,-0.03927347957,0.03999603992,-0.2099790455,3.36715789e-05
1.375,-0.0393152,0.04,-0.21,-0.03928931641,0.03999601855,-0.2099789927,3.357260227e-05
1.376,-0.0393306416,0.04,-0.21,-0.03930493316,0.03999599702,-0.2099789397,3.347360479e-05
1.377,-0.03934586315,0.04,-0.21,-0.03932033095,0.03999597535,-0.2099788867,3.337460265e-05
1.378,-0.03936086579,0.04,-0.21,-0.03933551094,0.03999595353,-0.2099788334,3.327561245e-05
1.379,-0.03937565069,0.04,-0.21,-0.03935047427,0.03999593155,-0.2099787801,3.31766512e-05
1.38,-0.039390219,0.04,-0.21,-0.03936522213,0.03999590943,-0.2099787265,3.307773636e-05
1.381,-0.0394045719,0.04,-0.21,-0.03937975569,0.03999588715,-0.2099786728,3.297888582e-05
1.382,-0.03941871057,0.04,-0.21,-0.03939407614,0.03999586472,-0.209978619,3.288011789e-05
1.383,-0.0394326362,0.04,-0.21,-0.03940818466,0.03999584213,-0.209978565,3.278145136e-05
1.384,-0.03944634999,0.04,-0.21,-0.03942208248,0.0399958194,-0.2099785109,3.268290549e-05
1.385,-0.03945985316,0.04,-0.21,-0.0394357708,0.03999579651,-0.2099784566,3.258449998e-05
1.386,-0.03947314693,0.04,-0.21,-0.03944925084,0.03999577346,-0.2099784021,3.248625504e-05
1.387,-0.03948623253,0.04,-0.21,-0.03946252386,0.03999575026,-0.2099783474,3.238819136e-05
1.388,-0.03949911119,0.04,-0.21,-0.03947559108,0.03999572691,-0.2099782926,3.229033011e-05
1.389,-0.03951178417,0.04,-0.21,-0.03948845377,0.0399957034,-0.2099782376,3.219269299e-05
1.39,-0.03952425273,0.04,-0.21,-0.03950111318,0.03999567973,-0.2099781825,3.209530219e-05
1.391,-0.03953651813,0.04,-0.21,-0.0395135706,0.0399956559,-0.2099781271,3.199818045e-05
1.392,-0.03954858166,0.04,-0.21,-0.0395258273,0.03999563192,-0.2099780716,3.190135102e-05
1.393,-0.03956044461,0.04,-0.21,-0.03953788459,0.03999560778,-0.2099780159,3.18048377e-05
1.394,-0.03957210827,0.04,-0.21,-0.03954974375,0.03999558348,-0.20997796,3.170866484e-05
1.395,-0.03958357395,0.04,-0.21,-0.03956140611,0.03999555902,-0.2099779039,3.161285733e-05
1.396,-0.03959484296,0.04,-0.21,-0.03957287299,0.0399955344,-0.2099778476,3.151744065e-05
1.397,-0.03960591665,0.04,-0.21,-0.03958414572,0.03999550962,-0.2099777912,3.142244082e-05
1.398,-0.03961679634,0.04,-0.21,-0.03959522564,0.03999548467,-0.2099777345,3.132788448e-05
1.399,-0.03962748338,0.04,-0.21,-0.0396061141,0.03999545957,-0.2099776776,3.123379882e-05
1.4,-0.03963797914,0.04,-0.21,-0.03961681248,0.0399954343,-0.2099776205,3.114021164e-05
1.401,-0.03964828497,0.04,-0.21,-0.03962732213,0.03999540887,-0.2099775633,3.104715136e-05
1.402,-0.03965840225,0.04,-0.21,-0.03963764445,0.03999538328,-0.2099775058,3.095464697e-05
1.403,-0.03966833238,0.04,-0.21,-0.03964778081,0.03999535753,-0.2099774481,3.086272811e-05
1.404,-0.03967807675,0.04,-0.21,-0.03965773264,0.0399953316,-0.2099773902,3.077142502e-05
1.405,-0.03968763676,0.04,-0.21,-0.03966750133,0.03999530552,-0.2099773321,3.068076859e-05
1.406,-0.03969701384,0.04,-0.21,-0.0396770883,0.03999527927,-0.2099772737,3.059079032e-05
1.407,-0.0397062094,0.04,-0.21,-0.039686495,0.03999525285,-0.2099772151,3.050152236e-05
1.408,-0.0397152249,0.04,-0.21,-0.03969572286,0.03999522626,-0.2099771563,3.041299751e-05
1.409,-0.03972406177,0.04,-0.21,-0.03970477334,0.03999519951,-0.2099770973,3.032524918e-05
1.41,-0.03973272147,0.04,-0.21,-0.03971364789,0.03999517259,-0.2099770381,3.023831148e-05
1.411,-0.03974120547,0.04,-0.21,-0.03972234799,0.0399951455,-0.2099769786,3.015221915e-05
1.412,-0.03974951524,0.04,-0.21,-0.03973087512,0.03999511824,-0.2099769189,3.006700757e-05
1.413,-0.03975765229,0.04,-0.21,-0.03973923078,0.03999509081,-0.2099768589,2.998271281e-05
1.414,-0.03976561809,0.04,-0.21,-0.03974741646,0.03999506321,-0.2099767987,2.989937157e-05
1.415,-0.03977341416,0.04,-0.21,-0.03975543368,0.03999503544,-0.2099767382,2.981702123e-05
1.416,-0.03978104202,0.04,-0.21,-0.03976328395,0.0399950075,-0.2099766775,2.973569981e-05
1.417,-0.0397885032,0.04,-0.21,-0.03977096883,0.03999497938,-0.2099766166,2.9655446e-05
1.418,-0.03979579923,0.04,-0.21,-0.03977848984,0.03999495109,-0.2099765554,2.957629913e-05
1.419,-0.03980293167,0.04,-0.21,-0.03978584854,0.03999492263,-0.2099764939,2.949829921e-05
1.42,-0.03980990206,0.04,-0.21,-0.03979304649,0.03999489399,-0.2099764322,2.942148687e-05
1.421,-0.03981671199,0.04,-0.21,-0.03980008527,0.03999486518,-0.2099763702,2.934590338e-05
1.422,-0.03982336303,0.04,-0.21,-0.03980696647,0.0399948362,-0.2099763079,2.927159068e-05
1.423,-0.03982985677,0.04,-0.21,-0.03981369167,0.03999480704,-0.2099762454,2.91985913e-05
1.424,-0.0398361948,0.04,-0.21,-0.03982026248,0.0399947777,-0.2099761826,2.912694841e-05
1.425,-0.03984237875,0.04,-0.21,-0.03982668052,0.03999474818,-0.2099761195,2.905670579e-05
1.426,-0.03984841023,0.04,-0.21,-0.03983294741,0.03999471849,-0.2099760562,2.898790783e-05
1.427,-0.03985429087,0.04,-0.21,-0.0398390648,0.03999468861,-0.2099759926,2.892059949e-05
1.428,-0.03986002232,0.04,-0.21,-0.03984503431,0.03999465856,-0.2099759287,2.88548263e-05
1.429,-0.03986560622,0.04,-0.21,-0.03985085762,0.03999462833,-0.2099758645,2.879063438e-05
1.43,-0.03987104424,0.04,-0.21,-0.03985653639,0.03999459792,-0.2099758,2.872807037e-05
1.431,-0.03987633806,0.04,-0.21,-0.03986207229,0.03999456733,-0.2099757352,2.866718144e-05
1.432,-0.03988148934,0.04,-0.21,-0.03986746702,0.03999453655,-0.2099756701,2.860801528e-05
1.433,-0.0398864998,0.04,-0.21,-0.03987272227,0.0399945056,-0.2099756047,2.855062004e-05
1.434,-0.03989137113,0.04,-0.21,-0.03987783976,0.03999447446,-0.2099755391,2.849504437e-05
1.435,-0.03989610504,0.04,-0.21,-0.0398828212,0.03999444314,-0.2099754731,2.844133732e-05
1.436,-0.03990070327,0.04,-0.21,-0.03988766832,0.03999441163,-0.2099754068,2.83895484e-05
1.437,-0.03990516755,0.04,-0.21,-0.03989238286,0.03999437994,-0.2099753402,2.833972748e-05
1.438,-0.03990949962,0.04,-0.21,-0.03989696658,0.03999434806,-0.2099752733,2.829192478e-05
1.439,-0.03991370125,0.04,-0.21,-0.03990142123,0.039994316,-0.209975206,2.824619089e-05
1.44,-0.03991777419,0.04,-0.21,-0.0399057486,0.03999428375,-0.2099751385,2.820257667e-05
1.441,-0.03992172024,0.04,-0.21,-0.03990995046,0.03999425132,-0.2099750706,2.816113324e-05
1.442,-0.03992554117,0.04,-0.21,-0.0399140286,0.03999421869,-0.2099750024,2.812191198e-05
1.443,-0.03992923879,0.04,-0.21,-0.03991798484,0.03999418588,-0.2099749339,2.808496444e-05
1.444,-0.03993281492,0.04,-0.21,-0.03992182098,0.03999415288,-0.209974865,2.805034232e-05
1.445,-0.03993627136,0.04,-0.21,-0.03992553886,0.03999411969,-0.2099747958,2.801809747e-05
1.446,-0.03993960995,0.04,-0.21,-0.0399291403,0.03999408631,-0.2099747263,2.79882818e-05
1.447,-0.03994283253,0.04,-0.21,-0.03993262716,0.03999405274,-0.2099746565,2.796094723e-05
1.448,-0.03994594097,0.04,-0.21,-0.0399360013,0.03999401898,-0.2099745863,2.793614572e-05
1.449,-0.03994893711,0.04,-0.21,-0.03993926458,0.03999398502,-0.2099745157,2.791392913e-05
1.45,-0.03995182285,0.04,-0.21,-0.03994241889,0.03999395088,-0.2099744448,2.789434925e-05
1.451,-0.03995460006,0.04,-0.21,-0.03994546611,0.03999391654,-0.2099743735,2.787745771e-05
1.452,-0.03995727063,0.04,-0.21,-0.03994840814,0.039993882,-0.2099743019,2.786330595e-05
1.453,-0.03995983649,0.04,-0.21,-0.03995124691,0.03999384727,-0.20997423,2.785194517e-05
1.454,-0.03996229954,0.04,-0.21,-0.03995398433,0.03999381235,-0.2099741577,2.784342626e-05
1.455,-0.03996466172,0.04,-0.21,-0.03995662233,0.03999377723,-0.209974085,2.78377998e-05
1.456,-0.03996692496,0.04,-0.21,-0.03995916286,0.03999374192,-0.2099740119,2.783511593e-05
1.457,-0.03996909122,0.04,-0.21,-0.03996160789,0.03999370641,-0.2099739385,2.783542439e-05
1.458,-0.03997116246,0.04,-0.21,-0.03996395936,0.0399936707,-0.2099738647,2.783877439e-05
1.459,-0.03997314065,0.04,-0.21,-0.03996621927,0.03999363479,-0.2099737906,2.78452146e-05
1.46,-0.03997502779,0.04,-0.21,-0.0399683896,0.03999359868,-0.209973716,2.78547931e-05
1.461,-0.03997682585,0.04,-0.21,-0.03997047235,0.03999356238,-0.2099736411,2.78675573e-05
1.462,-0.03997853685,0.04,-0.21,-0.03997246953,0.03999352587,-0.2099735658,2.788355392e-05
1.463,-0.03998016281,0.04,-0.21,-0.03997438316,0.03999348917,-0.2099734901,2.790282892e-05
1.464,-0.03998170576,0.04,-0.21,-0.03997621528,0.03999345226,-0.2099734141,2.792542745e-05
1.465,-0.03998316773,0.04,-0.21,-0.03997796794,0.03999341515,-0.2099733376,2.795139381e-05
1.466,-0.03998455077,0.04,-0.21,-0.03997964318,0.03999337785,-0.2099732608,2.79807714e-05
1.467,-0.03998585695,0.04,-0.21,-0.03998124307,0.03999334033,-0.2099731835,2.801360267e-05
1.468,-0.03998708835,0.04,-0.21,-0.03998276969,0.03999330262,-0.2099731059,2.804992908e-05
1.469,-0.03998824703,0.04,-0.21,-0.03998422513,0.0399932647,-0.2099730279,2.808979102e-05
1.47,-0.03998933511,0.04,-0.21,-0.03998561149,0.03999322658,-0.2099729494,2.813322783e-05
1.471,-0.03999035468,0.04,-0.21,-0.03998693088,0.03999318825,-0.2099728706,2.818027772e-05
1.472,-0.03999130787,0.04,-0.21,-0.03998818542,0.03999314971,-0.2099727913,2.823097772e-05
1.473,-0.0399921968,0.04,-0.21,-0.03998937725,0.03999311097,-0.2099727117,2.828536367e-05
1.474,-0.03999302361,0.04,-0.21,-0.0399905085,0.03999307203,-0.2099726316,2.834347017e-05
1.475,-0.03999379046,0.04,-0.21,-0.03999158135,0.03999303287,-0.2099725511,2.840533056e-05
1.476,-0.03999449951,0.04,-0.21,-0.03999259794,0.03999299351,-0.2099724702,2.847097688e-05
1.477,-0.03999515293,0.04,-0.21,-0.03999356047,0.03999295394,-0.2099723889,2.854043982e-05
1.478,-0.03999575291,0.04,-0.21,-0.03999447111,0.03999291416,-0.2099723071,2.861374875e-05
1.479,-0.03999630164,0.04,-0.21,-0.03999533209,0.03999287418,-0.209972225,2.869093164e-05
1.48,-0.03999680134,0.04,-0.21,-0.03999614559,0.03999283398,-0.2099721424,2.877201507e-05
1.481,-0.03999725422,0.04,-0.21,-0.03999691385,0.03999279357,-0.2099720594,2.885702422e-05
1.482,-0.03999766251,0.04,-0.21,-0.03999763911,0.03999275295,-0.2099719759,2.894598283e-05
1.483,-0.03999802846,0.04,-0.21,-0.03999832361,0.03999271212,-0.209971892,2.903891322e-05
1.484,-0.03999835433,0.04,-0.21,-0.03999896961,0.03999267108,-0.2099718077,2.913583623e-05
1.485,-0.03999864236,0.04,-0.21,-0.03999957938,0.03999262982,-0.209971723,2.923677128e-05
1.486,-0.03999889486,0.04,-0.21,-0.0400001552,0.03999258836,-0.2099716378,2.934173631e-05
1.487,-0.03999911409,0.04,-0.21,-0.04000069935,0.03999254668,-0.2099715521,2.945074783e-05
1.488,-0.03999930236,0.04,-0.21,-0.04000121416,0.03999250478,-0.2099714661,2.956382088e-05
1.489,-0.03999946199,0.04,-0.21,-0.04000170193,0.03999246267,-0.2099713795,2.968096904e-05
1.49,-0.0399995953,0.04,-0.21,-0.04000216498,0.03999242035,-0.2099712926,2.980220449e-05
1.491,-0.03999970462,0.04,-0.21,-0.04000260566,0.03999237781,-0.2099712051,2.992753794e-05
1.492,-0.03999979229,0.04,-0.21,-0.04000302632,0.03999233505,-0.2099711173,3.005697871e-05
1.493,-0.03999986068,0.04,-0.21,-0.04000342932,0.03999229208,-0.209971029,3.01905347e-05
1.494,-0.03999991216,0.04,-0.21,-0.04000381704,0.03999224889,-0.2099709402,3.032821245e-05
1.495,-0.03999994911,0.04,-0.21,-0.04000419185,0.03999220549,-0.209970851,3.047001712e-05
1.496,-0.03999997391,0.04,-0.21,-0.04000455615,0.03999216186,-0.2099707613,3.061595254e-05
1.497,-0.03999998898,0.04,-0.21,-0.04000491236,0.03999211802,-0.2099706711,3.076602122e-05
1.498,-0.03999999673,0.04,-0.21,-0.04000526288,0.03999207396,-0.2099705805,3.092022439e-05
1.499,-0.03999999959,0.04,-0.21,-0.04000561017,0.03999202968,-0.2099704895,3.1078562e-05
1.5,-0.04,0.04,-0.21,-0.04000595665,0.03999198518,-0.2099703979,3.124103278e-05
1.501,-0.04,0.03999999959,-0.21,-0.04000630478,0.03999194047,-0.2099703059,3.140761159e-05
1.502,-0.04,0.03999999673,-0.21,-0.04000664423,0.03999186963,-0.2099702113,3.158424327e-05
1.503,-0.04,0.03999998898,-0.21,-0.04000694837,0.03999171664,-0.2099701206,3.177246836e-05
1.504,-0.04,0.03999997391,-0.21,-0.04000719278,0.03999143367,-0.2099700563,3.195771035e-05
1.505,-0.04,0.03999994911,-0.21,-0.04000736752,0.03999100365,-0.2099700381,3.212501085e-05
1.506,-0.04,0.03999991216,-0.21,-0.04000747987,0.03999044523,-0.2099700666,3.22735213e-05
1.507,-0.04,0.03999986068,-0.21,-0.04000754974,0.03998980276,-0.2099701227,3.24162167e-05
1.508,-0.04,0.03999979229,-0.21,-0.0400076015,0.03998912788,-0.2099701794,3.256959248e-05
1.509,-0.04,0.03999970462,-0.21,-0.04000765553,0.03998846054,-0.2099702152,3.274398368e-05
1.51,-0.04,0.0399995953,-0.21,-0.04000772287,0.0399878169,-0.2099702225,3.294042022e-05
1.511,-0.04,0.03999946199,-0.21,-0.0400078041,0.03998718771,-0.2099702078,3.315326213e-05
1.512,-0.04,0.03999930236,-0.21,-0.04000789233,0.03998654634,-0.2099701858,3.337497567e-05
1.513,-0.04,0.03999911409,-0.21,-0.04000797815,0.03998586202,-0.2099701722,3.360010767e-05
1.514,-0.04,0.03999889486,-0.21,-0.04000805433,0.0399851124,-0.2099701764,3.382710697e-05
1.515,-0.04,0.03999864236,-0.21,-0.04000811847,0.03998429064,-0.2099701998,3.405779789e-05
1.516,-0.04,0.03999835433,-0.21,-0.04000817296,0.03998340531,-0.2099702361,3.429521708e-05
1.517,-0.04,0.03999802846,-0.21,-0.04000822295,0.03998247417,-0.2099702755,3.454122715e-05
1.518,-0.04,0.03999766251,-0.21,-0.04000827363,0.03998151538,-0.2099703094,3.479530547e-05
1.519,-0.04,0.03999725422,-0.21,-0.04000832808,0.03998053987,-0.209970333,3.505502088e-05
1.52,-0.04,0.03999680134,-0.21,-0.04000838659,0.03997954753,-0.2099703469,3.531761334e-05
1.521,-0.04,0.03999630164,-0.21,-0.04000844735,0.03997852831,-0.2099703554,3.558158243e-05
1.522,-0.04,0.03999575291,-0.21,-0.04000850783,0.03997746674,-0.2099703643,3.584743992e-05
1.523,-0.04,0.03999515293,-0.21,-0.0400085663,0.03997634791,-0.2099703781,3.611737838e-05
1.524,-0.04,0.03999449951,-0.21,-0.04000862256,0.03997516217,-0.2099703985,3.639412896e-05
1.525,-0.04,0.03999379046,-0.21,-0.04000867776,0.03997390716,-0.209970424,3.667957632e-05
1.526,-0.04,0.03999302361,-0.21,-0.0400087336,0.03997258679,-0.2099704514,3.697376327e-05
1.527,-0.04,0.0399921968,-0.21,-0.04000879132,0.03997120803,-0.2099704773,3.727473585e-05
1.528,-0.04,0.03999130787,-0.21,-0.04000885106,0.03996977703,-0.2099704994,3.757928867e-05
1.529,-0.04,0.03999035468,-0.21,-0.04000891182,0.03996829622,-0.2099705175,3.788424419e-05
1.53,-0.04,0.03998933511,-0.21,-0.04000897197,0.03996676323,-0.2099705329,3.818767109e-05
1.531,-0.04,0.03998824703,-0.21,-0.04000903009,0.03996517168,-0.2099705478,3.848952315e-05
1.532,-0.04,0.03998708835,-0.21,-0.04000908564,0.03996351343,-0.2099705644,3.879148203e-05
1.533,-0.04,0.03998585695,-0.21,-0.04000913921,0.03996178098,-0.2099705835,3.909613532e-05
1.534,-0.04,0.03998455077,-0.21,-0.04000919225,0.03995996935,-0.2099706048,3.940586671e-05
1.535,-0.04,0.03998316773,-0.21,-0.04000924641,0.03995807672,-0.209970627,3.972190739e-05
1.536,-0.04,0.03998170576,-0.21,-0.04000930284,0.03995610378,-0.2099706485,4.004389721e-05
1.537,-0.04,0.03998016281,-0.21,-0.04000936172,0.0399540524,-0.2099706683,4.037008075e-05
1.538,-0.04,0.03997853685,-0.21,-0.04000942217,0.03995192399,-0.2099706861,4.069800993e-05
1.539,-0.04,0.03997682585,-0.21,-0.04000948268,0.0399497184,-0.2099707024,4.102544247e-05
1.54,-0.04,0.03997502779,-0.21,-0.0400095417,0.0399474335,-0.2099707182,4.135108226e-05
1.541,-0.04,0.03997314065,-0.21,-0.04000959825,0.03994506553,-0.2099707347,4.167490592e-05
1.542,-0.04,0.03997116246,-0.21,-0.04000965227,0.03994260998,-0.2099707524,4.19980011e-05
1.543,-0.04,0.03996909122,-0.21,-0.0400097046,0.03994006259,-0.2099707714,4.23220277e-05
1.544,-0.04,0.03996692496,-0.21,-0.04000975659,0.03993742005,-0.209970791,4.264853485e-05
1.545,-0.04,0.03996466172,-0.21,-0.04000980957,0.03993468032,-0.2099708104,4.297839086e-05
1.546,-0.04,0.03996229954,-0.21,-0.04000986433,0.03993184242,-0.209970829,4.331151382e-05
1.547,-0.04,0.03995983649,-0.21,-0.0400099209,0.03992890591,-0.2099708464,4.36469632e-05
1.548,-0.04,0.03995727063,-0.21,-0.04000997853,0.03992587034,-0.2099708627,4.398331932e-05
1.549,-0.04,0.03995460006,-0.21,-0.0400100361,0.0399227347,-0.2099708784,4.431918619e-05
1.55,-0.04,0.03995182285,-0.21,-0.04001009247,0.03991949728,-0.2099708942,4.465363085e-05
1.551,-0.04,0.03994893711,-0.21,-0.04001014697,0.03991615567,-0.2099709106,4.498641698e-05
1.552,-0.04,0.03994594097,-0.21,-0.04001019952,0.03991270708,-0.2099709277,4.531797798e-05
1.553,-0.04,0.03994283253,-0.21,-0.0400102507,0.03990914867,-0.2099709454,4.564916932e-05
1.554,-0.04,0.03993960995,-0.21,-0.0400103014,0.03990547786,-0.2099709634,4.598090894e-05
1.555,-0.04,0.03993627136,-0.21,-0.04001035251,0.03990169252,-0.209970981,4.63138387e-05
1.556,-0.04,0.03993281492,-0.21,-0.04001040463,0.03989779096,-0.2099709981,4.664811676e-05
1.557,-0.04,0.03992923879,-0.21,-0.04001045782,0.03989377183,-0.2099710143,4.698339418e-05
1.558,-0.04,0.03992554117,-0.21,-0.04001051168,0.03988963392,-0.2099710301,4.73189618e-05
1.559,-0.04,0.03992172024,-0.21,-0.04001056551,0.03988537592,-0.2099710455,4.765399986e-05
1.56,-0.04,0.03991777419,-0.21,-0.0400106186,0.03988099634,-0.209971061,4.798783699e-05
1.561,-0.04,0.03991370125,-0.21,-0.04001067044,0.03987649337,-0.2099710768,4.832013334e-05
1.562,-0.04,0.03990949962,-0.21,-0.04001072092,0.03987186501,-0.209971093,4.865093697e-05
1.563,-0.04,0.03990516755,-0.21,-0.04001077029,0.0398671091,-0.2099711096,4.898060878e-05
1.564,-0.04,0.03990070327,-0.21,-0.04001081908,0.03986222347,-0.2099711262,4.930965473e-05
1.565,-0.04,0.03989610504,-0.21,-0.04001086782,0.03985720609,-0.2099711427,4.963852904e-05
1.566,-0.04,0.03989137113,-0.21,-0.04001091695,0.03985205508,-0.2099711588,4.996747507e-05
1.567,-0.04,0.0398864998,-0.21,-0.04001096659,0.03984676878,-0.2099711744,5.029645104e-05
1.568,-0.04,0.03988148934,-0.21,-0.04001101659,0.03984134572,-0.2099711897,5.0625156e-05
1.569,-0.04,0.03987633806,-0.21,-0.04001106657,0.03983578445,-0.2099712049,5.095313754e-05
1.57,-0.04,0.03987104424,-0.21,-0.0400111161,0.03983008356,-0.20997122,5.127993867e-05
1.571,-0.04,0.03986560622,-0.21,-0.04001116484,0.03982424151,-0.2099712353,5.160523262e-05
1.572,-0.04,0.03986002232,-0.21,-0.04001121264,0.03981825664,-0.2099712508,5.192890343e-05
1.573,-0.04,0.03985429087,-0.21,-0.04001125958,0.03981212716,-0.2099712665,5.22510511e-05
1.574,-0.04,0.03984841023,-0.21,-0.04001130589,0.0398058512,-0.2099712822,5.257192677e-05
1.575,-0.04,0.03984237875,-0.21,-0.04001135192,0.03979942688,-0.2099712978,5.289182502e-05
1.576,-0.04,0.0398361948,-0.21,-0.04001139792,0.03979285238,-0.2099713133,5.321097227e-05
1.577,-0.04,0.03982985677,-0.21,-0.04001144406,0.03978612601,-0.2099713285,5.352944764e-05
1.578,-0.04,0.03982336303,-0.21,-0.0400114903,0.03977924622,-0.2099713435,5.384715935e-05
1.579,-0.04,0.03981671199,-0.21,-0.04001153649,0.03977221154,-0.2099713583,5.416387933e-05
1.58,-0.04,0.03980990206,-0.21,-0.04001158239,0.03976502057,-0.2099713732,5.447931986e-05
1.581,-0.04,0.03980293167,-0.21,-0.04001162776,0.03975767188,-0.209971388,5.479322338e-05
1.582,-0.04,0.03979579923,-0.21,-0.04001167246,0.039750164,-0.209971403,5.510543521e-05
1.583,-0.04,0.0397885032,-0.21,-0.04001171649,0.03974249535,-0.2099714181,5.541593643e-05
1.584,-0.04,0.03978104202,-0.21,-0.04001175993,0.03973466427,-0.2099714332,5.572482967e-05
1.585,-0.04,0.03977341416,-0.21,-0.04001180295,0.03972666907,-0.2099714482,5.603228642e-05
1.586,-0.04,0.03976561809,-0.21,-0.04001184575,0.03971850806,-0.2099714632,5.633847634e-05
1.587,-0.04,0.03975765229,-0.21,-0.04001188843,0.03971017963,-0.2099714781,5.664350358e-05
1.588,-0.04,0.03974951524,-0.21,-0.04001193104,0.03970168225,-0.2099714929,5.694737037e-05
1.589,-0.04,0.03974120547,-0.21,-0.04001197353,0.03969301447,-0.2099715075,5.724997782e-05
1.59,-0.04,0.03973272147,-0.21,-0.04001201577,0.03968417492,-0.2099715221,5.755116031e-05
1.591,-0.04,0.03972406177,-0.21,-0.04001205763,0.03967516225,-0.2099715367,5.785073943e-05
1.592,-0.04,0.0397152249,-0.21,-0.04001209898,0.03966597506,-0.2099715514,5.814857779e-05
1.593,-0.04,0.0397062094,-0.21,-0.04001213979,0.03965661193,-0.209971566,5.844461476e-05
1.594,-0.04,0.03969701384,-0.21,-0.04001218007,0.03964707138,-0.2099715808,5.873887403e-05
1.595,-0.04,0.03968763676,-0.21,-0.0400122199,0.03963735187,-0.2099715955,5.903144253e-05
1.596,-0.04,0.03967807675,-0.21,-0.04001225939,0.03962745186,-0.2099716102,5.932243049e-05
1.597,-0.04,0.03966833238,-0.21,-0.04001229864,0.03961736986,-0.2099716249,5.961192728e-05
1.598,-0.04,0.03965840225,-0.21,-0.04001233769,0.03960710441,-0.2099716395,5.989996833e-05
1.599,-0.04,0.03964828497,-0.21,-0.04001237654,0.03959665413,-0.209971654,6.018652301e-05
1.6,-0.04,0.03963797914,-0.21,-0.04001241514,0.03958601767,-0.2099716685,6.047150586e-05
1.601,-0.04,0.03962748338,-0.21,-0.04001245341,0.03957519375,-0.209971683,6.075480523e-05
1.602,-0.04,0.03961679634,-0.21,-0.04001249127,0.03956418106,-0.2099716975,6.103631835e-05
1.603,-0.04,0.03960591665,-0.21,-0.04001252867,0.03955297828,-0.209971712,6.131598058e-05
1.604,-0.04,0.03959484296,-0.21,-0.0400125656,0.03954158405,-0.2099717266,6.159377944e-05
1.605,-0.04,0.03958357395,-0.21,-0.04001260209,0.03952999699,-0.2099717411,6.186975018e-05
1.606,-0.04,0.03957210827,-0.21,-0.0400126382,0.0395182157,-0.2099717557,6.214395606e-05
1.607,-0.04,0.03956044461,-0.21,-0.04001267398,0.0395062388,-0.2099717703,6.241646103e-05
1.608,-0.04,0.03954858166,-0.21,-0.04001270949,0.03949406494,-0.2099717849,6.268730486e-05
1.609,-0.04,0.03953651813,-0.21,-0.04001274474,0.03948169281,-0.2099717994,6.295648872e-05
1.61,-0.04,0.03952425273,-0.21,-0.04001277972,0.03946912113,-0.2099718139,6.322397497e-05
1.611,-0.04,0.03951178417,-0.21,-0.04001281438,0.03945634868,-0.2099718284,6.348970016e-05
1.612,-0.04,0.03949911119,-0.21,-0.04001284868,0.03944337422,-0.2099718429,6.375359556e-05
1.613,-0.04,0.03948623253,-0.21,-0.04001288257,0.03943019653,-0.2099718574,6.401560772e-05
1.614,-0.04,0.03947314693,-0.21,-0.04001291604,0.03941681437,-0.209971872,6.427571221e-05
1.615,-0.04,0.03945985316,-0.21,-0.04001294908,0.03940322646,-0.2099718866,6.453391655e-05
1.616,-0.04,0.03944634999,-0.21,-0.04001298173,0.03938943155,-0.2099719012,6.479025229e-05
1.617,-0.04,0.0394326362,-0.21,-0.04001301402,0.03937542837,-0.2099719158,6.504475999e-05
1.618,-0.04,0.03941871057,-0.21,-0.04001304599,0.03936121566,-0.2099719305,6.529747252e-05
1.619,-0.04,0.0394045719,-0.21,-0.04001307765,0.03934679222,-0.2099719451,6.554840269e-05
1.62,-0.04,0.039390219,-0.21,-0.04001310902,0.03933215685,-0.2099719597,6.579753871e-05
1.621,-0.04,0.03937565069,-0.21,-0.04001314006,0.03931730838,-0.2099719744,6.604484837e-05
1.622,-0.04,0.03936086579,-0.21,-0.04001317076,0.03930224566,-0.209971989,6.629028981e-05
1.623,-0.04,0.03934586315,-0.21,-0.04001320109,0.03928696756,-0.2099720037,6.653382453e-05
1.624,-0.04,0.0393306416,-0.21,-0.04001323101,0.03927147294,-0.2099720184,6.677542822e-05
1.625,-0.04,0.0393152,-0.21,-0.04001326054,0.03925576062,-0.2099720332,6.701509598e-05
1.626,-0.04,0.03929953722,-0.21,-0.04001328967,0.03923982947,-0.209972048,6.725284061e-05
1.627,-0.04,0.03928365213,-0.21,-0.04001331844,0.03922367833,-0.2099720628,6.748868525e-05
1.628,-0.04,0.03926754362,-0.21,-0.04001334685,0.03920730606,-0.2099720777,6.772265338e-05
1.629,-0.04,0.03925121057,-0.21,-0.04001337494,0.03919071152,-0.2099720926,6.795475964e-05
1.63,-0.04,0.03923465189,-0.21,-0.0400134027,0.03917389362,-0.2099721074,6.818500451e-05
1.631,-0.04,0.0392178665,-0.21,-0.04001343013,0.03915685127,-0.2099721224,6.84133743e-05
1.632,-0.04,0.03920085331,-0.21,-0.04001345722,0.0391395834,-0.2099721373,6.863984594e-05
1.633,-0.04,0.03918361125,-0.21,-0.04001348395,0.03912208896,-0.2099721523,6.886439447e-05
1.634,-0.04,0.03916613926,-0.21,-0.0400135103,0.03910436689,-0.2099721673,6.908700058e-05
1.635,-0.04,0.0391484363,-0.21,-0.04001353627,0.03908641615,-0.2099721824,6.930765566e-05
1.636,-0.04,0.03913050132,-0.21,-0.04001356185,0.03906823567,-0.2099721975,6.952636279e-05
1.637,-0.04,0.03911233328,-0.21,-0.04001358706,0.03904982442,-0.2099722126,6.974313391e-05
1.638,-0.04,0.03909393117,-0.21,-0.04001361191,0.03903118134,-0.2099722278,6.995798428e-05
1.639,-0.04,0.03907529398,-0.21,-0.04001363642,0.03901230541,-0.2099722431,7.017092643e-05
1.64,-0.04,0.03905642068,-0.21,-0.04001366058,0.03899319562,-0.2099722583,7.038196561e-05
1.641,-0.04,0.0390373103,-0.21,-0.04001368441,0.03897385096,-0.2099722736,7.059109816e-05
1.642,-0.04,0.03901796184,-0.21,-0.04001370789,0.03895427045,-0.209972289,7.079831302e-05
1.643,-0.04,0.03899837433,-0.21,-0.04001373102,0.03893445312,-0.2099723044,7.100359567e-05
1.644,-0.04,0.0389785468,-0.21,-0.04001375378,0.038914398,-0.2099723198,7.120693283e-05
1.645,-0.04,0.03895847828,-0.21,-0.04001377617,0.03889410415,-0.2099723353,7.140831645e-05
1.646,-0.04,0.03893816784,-0.21,-0.04001379819,0.03887357059,-0.2099723509,7.160774556e-05
1.647,-0.04,0.03891761452,-0.21,-0.04001381983,0.03885279639,-0.2099723665,7.18052257e-05
1.648,-0.04,0.0388968174,-0.21,-0.04001384111,0.03883178059,-0.2099723821,7.200076621e-05
1.649,-0.04,0.03887577555,-0.21,-0.04001386204,0.03881052226,-0.2099723978,7.219437661e-05
1.65,-0.04,0.03885448806,-0.21,-0.04001388262,0.03878902047,-0.2099724136,7.238606322e-05
1.651,-0.04,0.03883295403,-0.21,-0.04001390285,0.03876727432,-0.2099724294,7.257582725e-05
1.652,-0.04,0.03881117255,-0.21,-0.04001392274,0.03874528291,-0.2099724453,7.276366481e-05
1.653,-0.04,0.03878914275,-0.21,-0.04001394227,0.03872304535,-0.2099724612,7.294956861e-05
1.654,-0.04,0.03876686374,-0.21,-0.04001396145,0.03870056076,-0.2099724772,7.313353073e-05
1.655,-0.04,0.03874433465,-0.21,-0.04001398026,0.03867782827,-0.2099724932,7.331554532e-05
1.656,-0.04,0.03872155463,-0.21,-0.04001399871,0.03865484703,-0.2099725093,7.349561049e-05
1.657,-0.04,0.03869852282,-0.21,-0.04001401679,0.03863161617,-0.2099725255,7.367372862e-05
1.658,-0.04,0.03867523837,-0.21,-0.04001403451,0.03860813484,-0.2099725417,7.384990537e-05
1.659,-0.04,0.03865170047,-0.21,-0.04001405187,0.03858440219,-0.209972558,7.402414759e-05
1.66,-0.04,0.03862790827,-0.21,-0.04001406888,0.0385604174,-0.2099725744,7.419646119e-05
1.661,-0.04,0.03860386097,-0.21,-0.04001408554,0.03853617964,-0.2099725908,7.436684943e-05
1.662,-0.04,0.03857955776,-0.21,-0.04001410185,0.03851168809,-0.2099726073,7.453531237e-05
1.663,-0.04,0.03855499784,-0.21,-0.04001411782,0.03848694197,-0.2099726239,7.47018474e-05
1.664,-0.04,0.03853018041,-0.21,-0.04001413343,0.03846194047,-0.2099726405,7.486645068e-05
1.665,-0.04,0.0385051047,-0.21,-0.04001414868,0.03843668282,-0.2099726572,7.502911889e-05
1.666,-0.04,0.03847976994,-0.21,-0.04001416357,0.03841116823,-0.209972674,7.518985065e-05
1.667,-0.04,0.03845417536,-0.21,-0.0400141781,0.03838539595,-0.2099726908,7.534864719e-05
1.668,-0.04,0.03842832021,-0.21,-0.04001419228,0.0383593652,-0.2099727077,7.550551211e-05
1.669,-0.04,0.03840220373,-0.21,-0.0400142061,0.03833307524,-0.2099727247,7.566045045e-05
1.67,-0.04,0.0383758252,-0.21,-0.04001421956,0.03830652531,-0.2099727418,7.581346725e-05
1.671,-0.04,0.03834918388,-0.21,-0.04001423268,0.03827971469,-0.2099727589,7.596456646e-05
1.672,-0.04,0.03832227905,-0.21,-0.04001424545,0.03825264264,-0.2099727761,7.611375013e-05
1.673,-0.04,0.03829511001,-0.21,-0.04001425787,0.03822530845,-0.2099727934,7.626101851e-05
1.674,-0.04,0.03826767604,-0.21,-0.04001426995,0.03819771142,-0.2099728108,7.640637065e-05
1.675,-0.04,0.03823997645,-0.21,-0.04001428167,0.03816985085,-0.2099728282,7.654980538e-05
1.676,-0.04,0.03821201055,-0.21,-0.04001429303,0.03814172604,-0.2099728457,7.669132237e-05
1.677,-0.04,0.03818377768,-0.21,-0.04001430405,0.03811333631,-0.2099728633,7.683092275e-05
1.678,-0.04,0.03815527715,-0.21,-0.04001431471,0.038084681,-0.209972881,7.696860922e-05
1.679,-0.04,0.03812650831,-0.21,-0.04001432502,0.03805575943,-0.2099728988,7.710438569e-05
1.68,-0.04,0.0380974705,-0.21,-0.04001433498,0.03802657094,-0.2099729166,7.723825648e-05
1.681,-0.04,0.03806816308,-0.21,-0.04001434459,0.03799711489,-0.2099729346,7.737022558e-05
1.682,-0.04,0.03803858542,-0.21,-0.04001435386,0.03796739062,-0.2099729526,7.750029602e-05
1.683,-0.04,0.03800873688,-0.21,-0.04001436278,0.03793739752,-0.2099729707,7.762846966e-05
1.684,-0.04,0.03797861685,-0.21,-0.04001437136,0.03790713495,-0.2099729888,7.775474744e-05
1.685,-0.04,0.03794822472,-0.21,-0.04001437959,0.0378766023,-0.2099730071,7.787912988e-05
1.686,-0.04,0.03791755988,-0.21,-0.04001438748,0.03784579898,-0.2099730255,7.800161774e-05
1.687,-0.04,0.03788662174,-0.21,-0.04001439502,0.03781472437,-0.2099730439,7.812221251e-05
1.688,-0.04,0.03785540972,-0.21,-0.04001440221,0.03778337788,-0.2099730624,7.824091666e-05
1.689,-0.04,0.03782392323,-0.21,-0.04001440906,0.03775175895,-0.2099730811,7.835773353e-05
1.69,-0.04,0.03779216171,-0.21,-0.04001441556,0.03771986698,-0.2099730998,7.847266694e-05
1.691,-0.04,0.0377601246,-0.21,-0.04001442172,0.03768770141,-0.2099731186,7.858572077e-05
1.692,-0.04,0.03772781134,-0.21,-0.04001442754,0.03765526169,-0.2099731374,7.869689844e-05
1.693,-0.04,0.03769522139,-0.21,-0.04001443301,0.03762254726,-0.2099731564,7.880620273e-05
1.694,-0.04,0.03766235421,-0.21,-0.04001443815,0.03758955759,-0.2099731755,7.891363575e-05
1.695,-0.04,0.03762920928,-0.21,-0.04001444295,0.03755629214,-0.2099731947,7.901919922e-05
1.696,-0.04,0.03759578607,-0.21,-0.04001444741,0.03752275039,-0.2099732139,7.912289483e-05
1.697,-0.04,0.03756208407,-0.21,-0.04001445153,0.03748893182,-0.2099732333,7.922472459e-05
1.698,-0.04,0.03752810278,-0.21,-0.04001445531,0.03745483592,-0.2099732527,7.932469106e-05
1.699,-0.04,0.0374938417,-0.21,-0.04001445875,0.0374204622,-0.2099732722,7.942279738e-05
1.7,-0.04,0.03745930035,-0.21,-0.04001446186,0.03738581015,-0.2099732919,7.951904714e-05
1.701,-0.04,0.03742447824,-0.21,-0.04001446463,0.0373508793,-0.2099733116,7.961344406e-05
1.702,-0.04,0.03738937491,-0.21,-0.04001446706,0.03731566917,-0.2099733314,7.970599174e-05
1.703,-0.04,0.03735398988,-0.21,-0.04001446916,0.03728017928,-0.2099733513,7.979669343e-05
1.704,-0.04,0.03731832271,-0.21,-0.04001447092,0.03724440918,-0.2099733714,7.988555197e-05
1.705,-0.04,0.03728237294,-0.21,-0.04001447236,0.03720835842,-0.2099733915,7.997256989e-05
1.706,-0.04,0.03724614014,-0.21,-0.04001447346,0.03717202655,-0.2099734117,8.005774957e-05
1.707,-0.04,0.03720962387,-0.21,-0.04001447423,0.03713541313,-0.209973432,8.014109355e-05
1.708,-0.04,0.03717282371,-0.21,-0.04001447467,0.03709851775,-0.2099734524,8.022260461e-05
1.709,-0.04,0.03713573924,-0.21,-0.04001447477,0.03706133997,-0.2099734729,8.030228593e-05
1.71,-0.04,0.03709837006,-0.21,-0.04001447455,0.03702387938,-0.2099734935,8.038014099e-05
1.711,-0.04,0.03706071576,-0.21,-0.040014474,0.03698613558,-0.2099735142,8.045617345e-05
1.712,-0.04,0.03702277595,-0.21,-0.04001447312,0.03694810817,-0.209973535,8.053038698e-05
1.713,-0.04,0.03698455025,-0.21,-0.04001447192,0.03690979677,-0.2099735559,8.060278508e-05
1.714,-0.04,0.03694603829,-0.21,-0.04001447039,0.03687120098,-0.2099735769,8.067337101e-05
1.715,-0.04,0.03690723968,-0.21,-0.04001446854,0.03683232043,-0.2099735981,8.074214784e-05
1.716,-0.04,0.03686815407,-0.21,-0.04001446636,0.03679315477,-0.2099736193,8.080911849e-05
1.717,-0.04,0.03682878111,-0.21,-0.04001446387,0.03675370363,-0.2099736406,8.087428589e-05
1.718,-0.04,0.03678912044,-0.21,-0.04001446104,0.03671396666,-0.209973662,8.093765311e-05
1.719,-0.04,0.03674917174,-0.21,-0.0400144579,0.03667394352,-0.2099736835,8.099922344e-05
1.72,-0.04,0.03670893467,-0.21,-0.04001445444,0.03663363387,-0.2099737051,8.105900039e-05
1.721,-0.04,0.03666840891,-0.21,-0.04001445065,0.03659303739,-0.2099737268,8.11169876e-05
1.722,-0.04,0.03662759413,-0.21,-0.04001444655,0.03655215375,-0.2099737487,8.117318877e-05
1.723,-0.04,0.03658649005,-0.21,-0.04001444214,0.03651098265,-0.2099737706,8.122760757e-05
1.724,-0.04,0.03654509635,-0.21,-0.0400144374,0.03646952377,-0.2099737926,8.128024753e-05
1.725,-0.04,0.03650341274,-0.21,-0.04001443236,0.03642777683,-0.2099738148,8.133111201e-05
1.726,-0.04,0.03646143893,-0.21,-0.04001442699,0.03638574153,-0.209973837,8.138020434e-05
1.727,-0.04,0.03641917466,-0.21,-0.04001442132,0.03634341759,-0.2099738593,8.142752777e-05
1.728,-0.04,0.03637661965,-0.21,-0.04001441533,0.03630080473,-0.2099738818,8.147308561e-05
1.729,-0.04,0.03633377363,-0.21,-0.04001440903,0.0362579027,-0.2099739043,8.151688132e-05
1.73,-0.04,0.03629063636,-0.21,-0.04001440242,0.03621471123,-0.209973927,8.155891846e-05
1.731,-0.04,0.03624720758,-0.21,-0.04001439551,0.03617123006,-0.2099739498,8.159920072e-05
1.732,-0.04,0.03620348706,-0.21,-0.04001438828,0.03612745896,-0.2099739726,8.163773185e-05
1.733,-0.04,0.03615947457,-0.21,-0.04001438075,0.03608339769,-0.2099739956,8.167451559e-05
1.734,-0.04,0.03611516987,-0.21,-0.04001437291,0.03603904601,-0.2099740187,8.170955565e-05
1.735,-0.04,0.03607057275,-0.21,-0.04001436477,0.03599440371,-0.2099740418,8.174285563e-05
1.736,-0.04,0.036025683,-0.21,-0.04001435633,0.03594947057,-0.2099740651,8.177441908e-05
1.737,-0.04,0.03598050041,-0.21,-0.04001434758,0.03590424638,-0.2099740885,8.180424953e-05
1.738,-0.04,0.0359350248,-0.21,-0.04001433854,0.03585873095,-0.209974112,8.183235048e-05
1.739,-0.04,0.03588925597,-0.21,-0.04001432919,0.03581292407,-0.2099741356,8.185872553e-05
1.74,-0.04,0.03584319375,-0.21,-0.04001431954,0.03576682558,-0.2099741593,8.188337834e-05
1.741,-0.04,0.03579683795,-0.21,-0.0400143096,0.03572043528,-0.2099741831,8.190631267e-05
1.742,-0.04,0.03575018842,-0.21,-0.04001429936,0.03567375301,-0.209974207,8.192753233e-05
1.743,-0.04,0.03570324499,-0.21,-0.04001428883,0.0356267786,-0.2099742311,8.194704114e-05
1.744,-0.04,0.03565600751,-0.21,-0.040014278,0.03557951189,-0.2099742552,8.196484289e-05
1.745,-0.04,0.03560847583,-0.21,-0.04001426688,0.03553195275,-0.2099742794,8.198094134e-05
1.746,-0.04,0.03556064983,-0.21,-0.04001425547,0.03548410102,-0.2099743038,8.199534023e-05
1.747,-0.04,0.03551252936,-0.21,-0.04001424377,0.03543595657,-0.2099743282,8.200804324e-05
1.748,-0.04,0.03546411431,-0.21,-0.04001423178,0.03538751928,-0.2099743527,8.201905406e-05
1.749,-0.04,0.03541540456,-0.21,-0.0400142195,0.03533878901,-0.2099743774,8.202837643e-05
1.75,-0.04,0.0353664,-0.21,-0.04001420694,0.03528976567,-0.2099744021,8.203601411e-05
1.751,-0.04,0.03531710053,-0.21,-0.04001419409,0.03524044915,-0.209974427,8.204197091e-05
1.752,-0.04,0.03526750605,-0.21,-0.04001418096,0.03519083933,-0.209974452,8.204625071e-05
1.753,-0.04,0.03521761648,-0.21,-0.04001416754,0.03514093615,-0.209974477,8.204885738e-05
1.754,-0.04,0.03516743173,-0.21,-0.04001415385,0.03509073949,-0.2099745022,8.204979482e-05
1.755,-0.04,0.03511695174,-0.21,-0.04001413987,0.0350402493,-0.2099745275,8.204906688e-05
1.756,-0.04,0.03506617643,-0.21,-0.04001412562,0.0349894655,-0.2099745528,8.204667742e-05
1.757,-0.04,0.03501510574,-0.21,-0.04001411109,0.03493838802,-0.2099745783,8.204263027e-05
1.758,-0.04,0.03496373963,-0.21,-0.04001409629,0.03488701681,-0.2099746039,8.203692923e-05
1.759,-0.04,0.03491207805,-0.21,-0.04001408121,0.03483535182,-0.2099746296,8.202957817e-05
1.76,-0.04,0.03486012095,-0.21,-0.04001406585,0.034783393,-0.2099746554,8.202058093e-05
1.761,-0.04,0.03480786831,-0.21,-0.04001405023,0.03473114033,-0.2099746813,8.200994141e-05
1.762,-0.04,0.0347553201,-0.21,-0.04001403434,0.03467859376,-0.2099747073,8.199766354e-05
1.763,-0.04,0.0347024763,-0.21,-0.04001401818,0.03462575328,-0.2099747334,8.198375124e-05
1.764,-0.04,0.03464933691,-0.21,-0.04001400175,0.03457261887,-0.2099747596,8.196820847e-05
1.765,-0.04,0.03459590191,-0.21,-0.04001398505,0.03451919052,-0.2099747859,8.19510392e-05
1.766,-0.04,0.03454217132,-0.21,-0.0400139681,0.03446546823,-0.2099748123,8.193224735e-05
1.767,-0.04,0.03448814513,-0.21,-0.04001395087,0.03441145201,-0.2099748388,8.191183685e-05
1.768,-0.04,0.03443382337,-0.21,-0.04001393339,0.03435714187,-0.2099748654,8.188981163e-05
1.769,-0.04,0.03437920605,-0.21,-0.04001391565,0.03430253783,-0.2099748921,8.186617562e-05
1.77,-0.04,0.03432429321,-0.21,-0.04001389765,0.0342476399,-0.2099749189,8.184093277e-05
1.771,-0.04,0.03426908488,-0.21,-0.04001387939,0.03419244813,-0.2099749458,8.181408702e-05
1.772,-0.04,0.03421358111,-0.21,-0.04001386088,0.03413696255,-0.2099749728,8.178564239e-05
1.773,-0.04,0.03415778195,-0.21,-0.04001384212,0.03408118321,-0.2099749999,8.175560285e-05
1.774,-0.04,0.03410168744,-0.21,-0.0400138231,0.03402511015,-0.209975027,8.172397243e-05
1.775,-0.04,0.03404529766,-0.21,-0.04001380383,0.03396874345,-0.2099750543,8.169075514e-05
1.776,-0.04,0.03398861268,-0.21,-0.04001378431,0.03391208316,-0.2099750817,8.165595498e-05
1.777,-0.04,0.03393163256,-0.21,-0.04001376455,0.03385512935,-0.2099751092,8.161957597e-05
1.778,-0.04,0.0338743574,-0.21,-0.04001374454,0.0337978821,-0.2099751368,8.158162211e-05
1.779,-0.04,0.03381678727,-0.21,-0.04001372428,0.03374034151,-0.2099751645,8.154209741e-05
1.78,-0.04,0.03375892229,-0.21,-0.04001370378,0.03368250765,-0.2099751923,8.15010059e-05
1.781,-0.04,0.03370076254,-0.21,-0.04001368304,0.03362438064,-0.2099752201,8.145835161e-05
1.782,-0.04,0.03364230815,-0.21,-0.04001366206,0.03356596056,-0.2099752481,8.141413857e-05
1.783,-0.04,0.03358355921,-0.21,-0.04001364085,0.03350724754,-0.2099752762,8.136837085e-05
1.784,-0.04,0.03352451586,-0.21,-0.04001361939,0.03344824169,-0.2099753043,8.132105251e-05
1.785,-0.04,0.03346517823,-0.21,-0.0400135977,0.03338894314,-0.2099753326,8.127218762e-05
1.786,-0.04,0.03340554644,-0.21,-0.04001357578,0.03332935201,-0.2099753609,8.122178025e-05
1.787,-0.04,0.03334562064,-0.21,-0.04001355363,0.03326946845,-0.2099753893,8.116983447e-05
1.788,-0.04,0.03328540098,-0.21,-0.04001353125,0.0332092926,-0.2099754179,8.111635436e-05
1.789,-0.04,0.03322488761,-0.21,-0.04001350863,0.0331488246,-0.2099754465,8.106134401e-05
1.79,-0.04,0.03316408069,-0.21,-0.0400134858,0.03308806461,-0.2099754752,8.100480751e-05
1.791,-0.04,0.03310298039,-0.21,-0.04001346273,0.03302701279,-0.209975504,8.094674895e-05
1.792,-0.04,0.03304158688,-0.21,-0.04001343945,0.03296566933,-0.2099755329,8.088717242e-05
1.793,-0.04,0.03297990034,-0.21,-0.04001341594,0.03290403438,-0.2099755618,8.082608204e-05
1.794,-0.04,0.03291792095,-0.21,-0.04001339221,0.03284210813,-0.2099755909,8.076348192e-05
1.795,-0.04,0.03285564891,-0.21,-0.04001336827,0.03277989076,-0.20997562,8.069937619e-05
1.796,-0.04,0.03279308441,-0.21,-0.0400133441,0.03271738248,-0.2099756493,8.063376898e-05
1.797,-0.04,0.03273022766,-0.21,-0.04001331973,0.03265458348,-0.2099756786,8.056666444e-05
1.798,-0.04,0.03266707888,-0.21,-0.04001329514,0.03259149397,-0.209975708,8.049806669e-05
1.799,-0.04,0.03260363826,-0.21,-0.04001327034,0.03252811416,-0.2099757375,8.042797989e-05
1.8,-0.04,0.03253990605,-0.21,-0.04001324533,0.03246444427,-0.2099757671,8.035640817e-05
1.801,-0.04,0.03247588246,-0.21,-0.04001322011,0.03240048453,-0.2099757967,8.028335568e-05
1.802,-0.04,0.03241156774,-0.21,-0.04001319468,0.03233623516,-0.2099758265,8.020882659e-05
1.803,-0.04,0.03234696212,-0.21,-0.04001316906,0.0322716964,-0.2099758563,8.013282506e-05
1.804,-0.04,0.03228206585,-0.21,-0.04001314323,0.0322068685,-0.2099758862,8.005535528e-05
1.805,-0.04,0.03221687918,-0.21,-0.04001311719,0.0321417517,-0.2099759162,7.997642142e-05
1.806,-0.04,0.03215140238,-0.21,-0.04001309096,0.03207634626,-0.2099759463,7.989602767e-05
1.807,-0.04,0.03208563571,-0.21,-0.04001306454,0.03201065245,-0.2099759764,7.981417823e-05
1.808,-0.04,0.03201957944,-0.21,-0.04001303791,0.03194467052,-0.2099760067,7.973087728e-05
1.809,-0.04,0.03195323384,-0.21,-0.0400130111,0.03187840076,-0.209976037,7.964612905e-05
1.81,-0.04,0.03188659921,-0.21,-0.04001298409,0.03181184344,-0.2099760674,7.955993773e-05
1.811,-0.04,0.03181967583,-0.21,-0.04001295689,0.03174499884,-0.2099760978,7.947230753e-05
1.812,-0.04,0.03175246399,-0.21,-0.04001292951,0.03167786727,-0.2099761284,7.938324266e-05
1.813,-0.04,0.03168496401,-0.21,-0.04001290194,0.03161044901,-0.209976159,7.929274737e-05
1.814,-0.04,0.03161717617,-0.21,-0.04001287418,0.03154274437,-0.2099761896,7.920082588e-05
1.815,-0.04,0.03154910081,-0.21,-0.04001284624,0.03147475366,-0.2099762204,7.910748242e-05
1.816,-0.04,0.03148073823,-0.21,-0.04001281812,0.03140647719,-0.2099762512,7.901272125e-05
1.817,-0.04,0.03141208877,-0.21,-0.04001278983,0.03133791529,-0.2099762821,7.89165466e-05
1.818,-0.04,0.03134315274,-0.21,-0.04001276135,0.03126906827,-0.2099763131,7.881896276e-05
1.819,-0.04,0.0312739305,-0.21,-0.0400127327,0.03119993648,-0.2099763442,7.871997399e-05
1.82,-0.04,0.03120442237,-0.21,-0.04001270388,0.03113052025,-0.2099763753,7.861958454e-05
1.821,-0.04,0.03113462872,-0.21,-0.04001267489,0.03106081993,-0.2099764065,7.851779871e-05
1.822,-0.04,0.03106454989,-0.21,-0.04001264572,0.03099083586,-0.2099764377,7.841462076e-05
1.823,-0.04,0.03099418624,-0.21,-0.04001261639,0.03092056841,-0.209976469,7.831005497e-05
1.824,-0.04,0.03092353814,-0.21,-0.04001258689,0.03085001792,-0.2099765004,7.820410565e-05
1.825,-0.04,0.03085260595,-0.21,-0.04001255723,0.03077918477,-0.2099765319,7.80967771e-05
1.826,-0.04,0.03078139006,-0.21,-0.04001252741,0.03070806934,-0.2099765634,7.798807363e-05
1.827,-0.04,0.03070989085,-0.21,-0.04001249743,0.03063667199,-0.209976595,7.787799955e-05
1.828,-0.04,0.03063810871,-0.21,-0.04001246729,0.03056499312,-0.2099766266,7.77665592e-05
1.829,-0.04,0.03056604402,-0.21,-0.040012437,0.03049303311,-0.2099766583,7.765375689e-05
1.83,-0.04,0.03049369719,-0.21,-0.04001240655,0.03042079236,-0.2099766901,7.753959697e-05
1.831,-0.04,0.03042106863,-0.21,-0.04001237595,0.03034827127,-0.2099767219,7.742408378e-05
1.832,-0.04,0.03034815873,-0.21,-0.04001234519,0.03027547025,-0.2099767538,7.730722166e-05
1.833,-0.04,0.03027496793,-0.21,-0.04001231429,0.0302023897,-0.2099767857,7.718901497e-05
1.834,-0.04,0.03020149664,-0.21,-0.04001228325,0.03012903004,-0.2099768177,7.706946807e-05
1.835,-0.04,0.03012774528,-0.21,-0.04001225206,0.03005539171,-0.2099768498,7.694858533e-05
1.836,-0.04,0.03005371429,-0.21,-0.04001222072,0.02998147512,-0.2099768819,7.682637112e-05
1.837,-0.04,0.02997940411,-0.21,-0.04001218925,0.02990728071,-0.2099769141,7.670282983e-05
1.838,-0.04,0.02990481518,-0.21,-0.04001215764,0.02983280892,-0.2099769463,7.657796587e-05
1.839,-0.04,0.02982994796,-0.21,-0.04001212589,0.02975806019,-0.2099769785,7.645178364e-05
1.84,-0.04,0.02975480288,-0.21,-0.04001209401,0.02968303498,-0.2099770109,7.632428756e-05
1.841,-0.04,0.02967938042,-0.21,-0.04001206199,0.02960773374,-0.2099770432,7.619548202e-05
1.842,-0.04,0.02960368103,-0.21,-0.04001202985,0.02953215693,-0.2099770757,7.606537147e-05
1.843,-0.04,0.0295277052,-0.21,-0.04001199757,0.02945630501,-0.2099771081,7.59339603e-05
1.844,-0.04,0.02945145339,-0.21,-0.04001196517,0.02938017847,-0.2099771406,7.580125299e-05
1.845,-0.04,0.02937492608,-0.21,-0.04001193265,0.02930377777,-0.2099771732,7.566725398e-05
1.846,-0.04,0.02929812377,-0.21,-0.0400119,0.02922710339,-0.2099772058,7.553196771e-05
1.847,-0.04,0.02922104694,-0.21,-0.04001186723,0.02915015584,-0.2099772385,7.539539865e-05
1.848,-0.04,0.02914369609,-0.21,-0.04001183435,0.02907293559,-0.2099772712,7.525755129e-05
1.849,-0.04,0.02906607172,-0.21,-0.04001180135,0.02899544315,-0.2099773039,7.511843011e-05
1.85,-0.04,0.02898817434,-0.21,-0.04001176823,0.02891767902,-0.2099773367,7.497803959e-05
1.851,-0.04,0.02891000446,-0.21,-0.040011735,0.0288396437,-0.2099773695,7.483638424e-05
1.852,-0.04,0.0288315626,-0.21,-0.04001170166,0.02876133772,-0.2099774024,7.469346858e-05
1.853,-0.04,0.02875284928,-0.21,-0.04001166821,0.02868276159,-0.2099774353,7.454929711e-05
1.854,-0.04,0.02867386504,-0.21,-0.04001163466,0.02860391584,-0.2099774682,7.440387438e-05
1.855,-0.04,0.02859461039,-0.21,-0.040011601,0.02852480099,-0.2099775012,7.425720491e-05
1.856,-0.04,0.02851508589,-0.21,-0.04001156724,0.02844541757,-0.2099775342,7.410929325e-05
1.857,-0.04,0.02843529208,-0.21,-0.04001153338,0.02836576614,-0.2099775673,7.396014396e-05
1.858,-0.04,0.02835522949,-0.21,-0.04001149942,0.02828584723,-0.2099776003,7.380976159e-05
1.859,-0.04,0.0282748987,-0.21,-0.04001146536,0.02820566138,-0.2099776334,7.365815072e-05
1.86,-0.04,0.02819430025,-0.21,-0.04001143121,0.02812520917,-0.2099776666,7.350531596e-05
1.861,-0.04,0.02811343471,-0.21,-0.04001139697,0.02804449114,-0.2099776997,7.335126189e-05
1.862,-0.04,0.02803230265,-0.21,-0.04001136264,0.02796350786,-0.2099777329,7.319599313e-05
1.863,-0.04,0.02795090463,-0.21,-0.04001132822,0.0278822599,-0.2099777662,7.30395143e-05
1.864,-0.04,0.02786924125,-0.21,-0.04001129372,0.02780074784,-0.2099777994,7.288183002e-05
1.865,-0.04,0.02778731309,-0.21,-0.04001125913,0.02771897225,-0.2099778327,7.272294494e-05
1.866,-0.04,0.02770512072,-0.21,-0.04001122446,0.02763693372,-0.209977866,7.25628637e-05
1.867,-0.04,0.02762266475,-0.21,-0.04001118971,0.02755463283,-0.2099778993,7.240159097e-05
1.868,-0.04,0.02753994577,-0.21,-0.04001115488,0.02747207019,-0.2099779327,7.223913142e-05
1.869,-0.04,0.02745696439,-0.21,-0.04001111998,0.02738924639,-0.2099779661,7.207548972e-05
1.87,-0.04,0.02737372121,-0.21,-0.040011085,0.02730616203,-0.2099779994,7.191067058e-05
1.871,-0.04,0.02729021685,-0.21,-0.04001104996,0.02722281773,-0.2099780329,7.174467872e-05
1.872,-0.04,0.02720645192,-0.21,-0.04001101484,0.02713921409,-0.2099780663,7.157751887e-05
1.873,-0.04,0.02712242706,-0.21,-0.04001097965,0.02705535174,-0.2099780997,7.140919574e-05
1.874,-0.04,0.02703814287,-0.21,-0.04001094441,0.02697123129,-0.2099781332,7.123971409e-05
1.875,-0.04,0.0269536,-0.21,-0.04001090909,0.02688685338,-0.2099781667,7.106907867e-05
1.876,-0.04,0.02686879908,-0.21,-0.04001087372,0.02680221864,-0.2099782001,7.089729427e-05
1.877,-0.04,0.02678374076,-0.21,-0.04001083829,0.02671732771,-0.2099782336,7.072436566e-05
1.878,-0.04,0.02669842568,-0.21,-0.0400108028,0.02663218122,-0.2099782672,7.055029763e-05
1.879,-0.04,0.02661285448,-0.21,-0.04001076726,0.02654677983,-0.2099783007,7.037509502e-05
1.88,-0.04,0.02652702783,-0.21,-0.04001073166,0.02646112419,-0.2099783342,7.019876264e-05
1.881,-0.04,0.02644094639,-0.21,-0.04001069601,0.02637521494,-0.2099783677,7.002130534e-05
1.882,-0.04,0.02635461082,-0.21,-0.04001066032,0.02628905276,-0.2099784013,6.984272795e-05
1.883,-0.04,0.02626802179,-0.21,-0.04001062458,0.02620263831,-0.2099784348,6.966303536e-05
1.884,-0.04,0.02618117997,-0.21,-0.04001058879,0.02611597225,-0.2099784684,6.948223246e-05
1.885,-0.04,0.02609408605,-0.21,-0.04001055296,0.02602905526,-0.2099785019,6.930032415e-05
1.886,-0.04,0.0260067407,-0.21,-0.04001051709,0.02594188803,-0.2099785355,6.911731533e-05
1.887,-0.04,0.02591914461,-0.21,-0.04001048119,0.02585447123,-0.209978569,6.893321094e-05
1.888,-0.04,0.02583129847,-0.21,-0.04001044525,0.02576680555,-0.2099786026,6.874801593e-05
1.889,-0.04,0.02574320299,-0.21,-0.04001040927,0.02567889168,-0.2099786361,6.856173524e-05
1.89,-0.04,0.02565485886,-0.21,-0.04001037326,0.02559073033,-0.2099786697,6.837437386e-05
1.891,-0.04,0.02556626678,-0.21,-0.04001033722,0.02550232219,-0.2099787032,6.818593679e-05
1.892,-0.04,0.02547742748,-0.21,-0.04001030116,0.02541366796,-0.2099787368,6.799642905e-05
1.893,-0.04,0.02538834165,-0.21,-0.04001026507,0.02532476837,-0.2099787703,6.780585567e-05
1.894,-0.04,0.02529901002,-0.21,-0.04001022896,0.02523562411,-0.2099788038,6.761422168e-05
1.895,-0.04,0.02520943332,-0.21,-0.04001019282,0.02514623592,-0.2099788373,6.742153214e-05
1.896,-0.04,0.02511961227,-0.21,-0.04001015667,0.02505660452,-0.2099788708,6.722779214e-05
1.897,-0.04,0.0250295476,-0.21,-0.04001012049,0.02496673062,-0.2099789043,6.703300677e-05
1.898,-0.04,0.02493924005,-0.21,-0.04001008431,0.02487661497,-0.2099789378,6.683718117e-05
1.899,-0.04,0.02484869035,-0.21,-0.04001004811,0.0247862583,-0.2099789713,6.664032049e-05
1.9,-0.04,0.02475789926,-0.21,-0.0400100119,0.02469566135,-0.2099790047,6.644242986e-05
1.901,-0.04,0.02466686753,-0.21,-0.04000997568,0.02460482487,-0.2099790382,6.624351446e-05
1.902,-0.04,0.02457559589,-0.21,-0.04000993945,0.02451374961,-0.2099790716,6.60435795e-05
1.903,-0.04,0.02448408512,-0.21,-0.04000990322,0.02442243631,-0.209979105,6.58426302e-05
1.904,-0.04,0.02439233598,-0.21,-0.04000986698,0.02433088573,-0.2099791384,6.564067179e-05
1.905,-0.04,0.02430034922,-0.21,-0.04000983075,0.02423909865,-0.2099791717,6.543770954e-05
1.906,-0.04,0.02420812563,-0.21,-0.04000979452,0.02414707581,-0.2099792051,6.523374871e-05
1.907,-0.04,0.02411566597,-0.21,-0.04000975829,0.024054818,-0.2099792384,6.502879462e-05
1.908,-0.04,0.02402297102,-0.21,-0.04000972206,0.02396232599,-0.2099792717,6.482285259e-05
1.909,-0.04,0.02393004156,-0.21,-0.04000968585,0.02386960055,-0.2099793049,6.461592797e-05
1.91,-0.04,0.02383687839,-0.21,-0.04000964964,0.02377664247,-0.2099793381,6.440802613e-05
1.911,-0.04,0.02374348229,-0.21,-0.04000961345,0.02368345253,-0.2099793713,6.419915249e-05
1.912,-0.04,0.02364985405,-0.21,-0.04000957727,0.02359003153,-0.2099794045,6.398931245e-05
1.913,-0.04,0.02355599448,-0.21,-0.0400095411,0.02349638026,-0.2099794377,6.377851145e-05
1.914,-0.04,0.02346190438,-0.21,-0.04000950496,0.02340249951,-0.2099794708,6.356675494e-05
1.915,-0.04,0.02336758455,-0.21,-0.04000946883,0.02330839009,-0.2099795038,6.335404844e-05
1.916,-0.04,0.02327303581,-0.21,-0.04000943272,0.02321405281,-0.2099795369,6.314039746e-05
1.917,-0.04,0.02317825897,-0.21,-0.04000939664,0.02311948847,-0.2099795699,6.292580756e-05
1.918,-0.04,0.02308325484,-0.21,-0.04000936059,0.0230246979,-0.2099796029,6.271028432e-05
1.919,-0.04,0.02298802426,-0.21,-0.04000932456,0.0229296819,-0.2099796358,6.249383336e-05
1.92,-0.04,0.02289256804,-0.21,-0.04000928857,0.0228344413,-0.2099796687,6.227646028e-05
1.921,-0.04,0.02279688702,-0.21,-0.0400092526,0.02273897693,-0.2099797015,6.205817073e-05
1.922,-0.04,0.02270098203,-0.21,-0.04000921668,0.02264328962,-0.2099797343,6.183897039e-05
1.923,-0.04,0.02260485391,-0.21,-0.04000918078,0.0225473802,-0.2099797671,6.161886497e-05
1.924,-0.04,0.0225085035,-0.21,-0.04000914493,0.0224512495,-0.2099797998,6.139786023e-05
1.925,-0.04,0.02241193165,-0.21,-0.04000910911,0.02235489838,-0.2099798325,6.117596197e-05
1.926,-0.04,0.0223151392,-0.21,-0.04000907334,0.02225832767,-0.2099798651,6.095317598e-05
1.927,-0.04,0.02221812701,-0.21,-0.04000903762,0.02216153822,-0.2099798977,6.072950812e-05
1.928,-0.04,0.02212089594,-0.21,-0.04000900194,0.02206453089,-0.2099799302,6.050496425e-05
1.929,-0.04,0.02202344685,-0.21,-0.0400089663,0.02196730653,-0.2099799627,6.027955029e-05
1.93,-0.04,0.0219257806,-0.21,-0.04000893072,0.021869866,-0.2099799951,6.005327218e-05
1.931,-0.04,0.02182789806,-0.21,-0.04000889519,0.02177221017,-0.2099800275,5.982613589e-05
1.932,-0.04,0.02172980009,-0.21,-0.04000885972,0.0216743399,-0.2099800598,5.959814743e-05
1.933,-0.04,0.02163148759,-0.21,-0.0400088243,0.02157625606,-0.2099800921,5.936931283e-05
1.934,-0.04,0.02153296142,-0.21,-0.04000878894,0.02147795954,-0.2099801243,5.91396382e-05
1.935,-0.04,0.02143422247,-0.21,-0.04000875364,0.0213794512,-0.2099801564,5.890912965e-05
1.936,-0.04,0.02133527162,-0.21,-0.0400087184,0.02128073194,-0.2099801885,5.867779334e-05
1.937,-0.04,0.02123610977,-0.21,-0.04000868323,0.02118180263,-0.2099802205,5.844563549e-05
1.938,-0.04,0.02113673781,-0.21,-0.04000864812,0.02108266416,-0.2099802525,5.821266233e-05
1.939,-0.04,0.02103715663,-0.21,-0.04000861308,0.02098331743,-0.2099802844,5.797888015e-05
1.94,-0.04,0.02093736714,-0.21,-0.04000857812,0.02088376333,-0.2099803162,5.774429528e-05
1.941,-0.04,0.02083737024,-0.21,-0.04000854322,0.02078400277,-0.209980348,5.750891408e-05
1.942,-0.04,0.02073716684,-0.21,-0.0400085084,0.02068403664,-0.2099803797,5.727274298e-05
1.943,-0.04,0.02063675784,-0.21,-0.04000847365,0.02058386585,-0.2099804113,5.703578842e-05
1.944,-0.04,0.02053614417,-0.21,-0.04000843898,0.02048349132,-0.2099804429,5.679805691e-05
1.945,-0.04,0.02043532673,-0.21,-0.0400084044,0.02038291395,-0.2099804744,5.6559555e-05
1.946,-0.04,0.02033430646,-0.21,-0.04000836989,0.02028213467,-0.2099805058,5.632028927e-05
1.947,-0.04,0.02023308428,-0.21,-0.04000833547,0.02018115439,-0.2099805371,5.608026639e-05
1.948,-0.04,0.02013166111,-0.21,-0.04000830113,0.02007997404,-0.2099805684,5.583949303e-05
1.949,-0.04,0.02003003789,-0.21,-0.04000826688,0.01997859454,-0.2099805996,5.559797597e-05
1.95,-0.04,0.01992821555,-0.21,-0.04000823272,0.01987701682,-0.2099806307,5.535572199e-05
1.951,-0.04,0.01982619503,-0.21,-0.04000819866,0.01977524183,-0.2099806618,5.511273797e-05
1.952,-0.04,0.01972397727,-0.21,-0.04000816468,0.01967327048,-0.2099806927,5.486903081e-05
1.953,-0.04,0.01962156322,-0.21,-0.0400081308,0.01957110374,-0.2099807236,5.46246075e-05
1.954,-0.04,0.01951895382,-0.21,-0.04000809702,0.01946874253,-0.2099807544,5.437947506e-05
1.955,-0.04,0.01941615002,-0.21,-0.04000806334,0.0193661878,-0.2099807851,5.413364055e-05
1.956,-0.04,0.01931315278,-0.21,-0.04000802975,0.01926344052,-0.2099808158,5.388711112e-05
1.957,-0.04,0.01920996306,-0.21,-0.04000799627,0.01916050162,-0.2099808463,5.363989398e-05
1.958,-0.04,0.01910658182,-0.21,-0.0400079629,0.01905737206,-0.2099808768,5.339199639e-05
1.959,-0.04,0.01900301002,-0.21,-0.04000792963,0.01895405281,-0.2099809072,5.314342571e-05
1.96,-0.04,0.01889924863,-0.21,-0.04000789647,0.01885054483,-0.2099809374,5.289418933e-05
1.961,-0.04,0.01879529862,-0.21,-0.04000786342,0.01874684908,-0.2099809676,5.264429474e-05
1.962,-0.04,0.01869116096,-0.21,-0.04000783048,0.01864296653,-0.2099809977,5.239374949e-05
1.963,-0.04,0.01858683663,-0.21,-0.04000779765,0.01853889816,-0.2099810277,5.214256118e-05
1.964,-0.04,0.0184823266,-0.21,-0.04000776494,0.01843464493,-0.2099810577,5.189073748e-05
1.965,-0.04,0.01837763187,-0.21,-0.04000773235,0.01833020783,-0.2099810875,5.163828615e-05
1.966,-0.04,0.01827275342,-0.21,-0.04000769988,0.01822558784,-0.2099811172,5.138521504e-05
1.967,-0.04,0.01816769223,-0.21,-0.04000766752,0.01812078594,-0.2099811468,5.113153207e-05
1.968,-0.04,0.0180624493,-0.21,-0.04000763529,0.01801580312,-0.2099811764,5.087724525e-05
1.969,-0.04,0.01795702563,-0.21,-0.04000760319,0.01791064036,-0.2099812058,5.062236267e-05
1.97,-0.04,0.0178514222,-0.21,-0.04000757121,0.01780529867,-0.2099812351,5.03668925e-05
1.971,-0.04,0.01774564002,-0.21,-0.04000753936,0.01769977904,-0.2099812643,5.011084301e-05
1.972,-0.04,0.0176396801,-0.21,-0.04000750764,0.01759408247,-0.2099812935,4.985422254e-05
1.973,-0.04,0.01753354344,-0.21,-0.04000747605,0.01748820995,-0.2099813225,4.959703955e-05
1.974,-0.04,0.01742723105,-0.21,-0.04000744459,0.0173821625,-0.2099813514,4.933930256e-05
1.975,-0.04,0.01732074394,-0.21,-0.04000741327,0.01727594112,-0.2099813802,4.908102019e-05
1.976,-0.04,0.01721408312,-0.21,-0.04000738208,0.01716954682,-0.2099814089,4.882220118e-05
1.977,-0.04,0.01710724962,-0.21,-0.04000735103,0.01706298062,-0.2099814375,4.856285439e-05
1.978,-0.04,0.01700024446,-0.21,-0.04000732013,0.01695624352,-0.2099814659,4.830298876e-05
1.979,-0.04,0.01689306866,-0.21,-0.04000728936,0.01684933656,-0.2099814943,4.804261335e-05
1.98,-0.04,0.01678572324,-0.21,-0.04000725874,0.01674226074,-0.2099815225,4.778173735e-05
1.981,-0.04,0.01667820924,-0.21,-0.04000722826,0.0166350171,-0.2099815507,4.752037003e-05
1.982,-0.04,0.01657052768,-0.21,-0.04000719793,0.01652760667,-0.2099815787,4.725852081e-05
1.983,-0.04,0.0164626796,-0.21,-0.04000716775,0.01642003046,-0.2099816066,4.69961992e-05
1.984,-0.04,0.01635466604,-0.21,-0.04000713772,0.01631228953,-0.2099816344,4.673341483e-05
1.985,-0.04,0.01624648804,-0.21,-0.04000710784,0.01620438489,-0.209981662,4.647017752e-05
1.986,-0.04,0.01613814664,-0.21,-0.04000707812,0.01609631758,-0.2099816896,4.620649716e-05
1.987,-0.04,0.01602964288,-0.21,-0.04000704854,0.01598808866,-0.209981717,4.594238381e-05
1.988,-0.04,0.01592097782,-0.21,-0.04000701913,0.01587969916,-0.2099817443,4.567784766e-05
1.989,-0.04,0.0158121525,-0.21,-0.04000698987,0.01577115012,-0.2099817715,4.541289905e-05
1.99,-0.04,0.01570316797,-0.21,-0.04000696078,0.0156624426,-0.2099817986,4.514754846e-05
1.991,-0.04,0.0155940253,-0.21,-0.04000693184,0.01555357764,-0.2099818255,4.488180654e-05
1.992,-0.04,0.01548472554,-0.21,-0.04000690307,0.01544455631,-0.2099818523,4.46156841e-05
1.993,-0.04,0.01537526975,-0.21,-0.04000687446,0.01533537964,-0.209981879,4.43491921e-05
1.994,-0.04,0.01526565899,-0.21,-0.04000684602,0.01522604871,-0.2099819055,4.408234164e-05
1.995,-0.04,0.01515589433,-0.21,-0.04000681775,0.01511656458,-0.2099819319,4.381514403e-05
1.996,-0.04,0.01504597684,-0.21,-0.04000678964,0.0150069283,-0.2099819582,4.354761077e-05
1.997,-0.04,0.01493590759,-0.21,-0.04000676171,0.01489714094,-0.2099819844,4.327975351e-05
1.998,-0.04,0.01482568765,-0.21,-0.04000673394,0.01478720358,-0.2099820104,4.301158412e-05
1.999,-0.04,0.01471531809,-0.21,-0.04000670636,0.01467711727,-0.2099820363,4.274311465e-05
2,-0.04,0.0146048,-0.21,-0.04000667894,0.0145668831,-0.209982062,4.247435737e-05
2.001,-0.04,0.01449413445,-0.21,-0.04000665171,0.01445650214,-0.2099820876,4.220532473e-05
2.002,-0.04,0.01438332253,-0.21,-0.04000662465,0.01434597547,-0.2099821131,4.19360294e-05
2.003,-0.04,0.01427236532,-0.21,-0.04000659777,0.01423530416,-0.2099821384,4.166648427e-05
2.004,-0.04,0.01416126391,-0.21,-0.04000657107,0.01412448931,-0.2099821636,4.139670245e-05
2.005,-0.04,0.01405001939,-0.21,-0.04000654456,0.01401353199,-0.2099821887,4.112669732e-05
2.006,-0.04,0.01393863285,-0.21,-0.04000651823,0.01390243329,-0.2099822136,4.085648248e-05
2.007,-0.04,0.01382710538,-0.21,-0.04000649208,0.0137911943,-0.2099822383,4.058607178e-05
2.008,-0.04,0.01371543808,-0.21,-0.04000646612,0.01367981611,-0.209982263,4.031547936e-05
2.009,-0.04,0.01360363205,-0.21,-0.04000644035,0.01356829981,-0.2099822874,4.004471961e-05
2.01,-0.04,0.01349168839,-0.21,-0.04000641477,0.01345664651,-0.2099823118,3.977380717e-05
2.011,-0.04,0.0133796082,-0.21,-0.04000638938,0.0133448573,-0.209982336,3.950275699e-05
2.012,-0.04,0.01326739259,-0.21,-0.04000636418,0.01323293328,-0.20998236,3.923158431e-05
2.013,-0.04,0.01315504267,-0.21,-0.04000633918,0.01312087554,-0.2099823839,3.896030468e-05
2.014,-0.04,0.01304255954,-0.21,-0.04000631437,0.01300868521,-0.2099824076,3.868893397e-05
2.015,-0.04,0.01292994431,-0.21,-0.04000628976,0.01289636337,-0.2099824312,3.841748835e-05
2.016,-0.04,0.01281719811,-0.21,-0.04000626534,0.01278391115,-0.2099824546,3.814598434e-05
2.017,-0.04,0.01270432204,-0.21,-0.04000624112,0.01267132965,-0.2099824779,3.787443881e-05
2.018,-0.04,0.01259131722,-0.21,-0.04000621711,0.01255861998,-0.209982501,3.760286903e-05
2.019,-0.04,0.01247818477,-0.21,-0.04000619329,0.01244578326,-0.209982524,3.73312926e-05
2.02,-0.04,0.01236492582,-0.21,-0.04000616968,0.01233282061,-0.2099825468,3.705972749e-05
2.021,-0.04,0.01225154148,-0.21,-0.04000614627,0.01221973314,-0.2099825695,3.678819211e-05
2.022,-0.04,0.01213803289,-0.21,-0.04000612307,0.01210652198,-0.2099825919,3.651670525e-05
2.023,-0.04,0.01202440117,-0.21,-0.04000610008,0.01199318825,-0.2099826143,3.624528614e-05
2.024,-0.04,0.01191064745,-0.21,-0.04000607729,0.01187973307,-0.2099826364,3.597395446e-05
2.025,-0.04,0.01179677286,-0.21,-0.04000605471,0.01176615757,-0.2099826585,3.570273031e-05
2.026,-0.04,0.01168277854,-0.21,-0.04000603234,0.01165246288,-0.2099826803,3.54316343e-05
2.027,-0.04,0.01156866562,-0.21,-0.04000601019,0.01153865012,-0.209982702,3.516068754e-05
2.028,-0.04,0.01145443524,-0.21,-0.04000598824,0.01142472044,-0.2099827235,3.488991163e-05
2.029,-0.04,0.01134008854,-0.21,-0.04000596651,0.01131067496,-0.2099827449,3.461932869e-05
2.03,-0.04,0.01122562665,-0.21,-0.04000594499,0.01119651482,-0.209982766,3.434896138e-05
2.031,-0.04,0.01111105073,-0.21,-0.04000592369,0.01108224115,-0.2099827871,3.407883293e-05
2.032,-0.04,0.01099636191,-0.21,-0.04000590261,0.01096785511,-0.2099828079,3.380896711e-05
2.033,-0.04,0.01088156134,-0.21,-0.04000588175,0.01085335782,-0.2099828286,3.353938836e-05
2.034,-0.04,0.01076665018,-0.21,-0.0400058611,0.01073875044,-0.2099828491,3.327012171e-05
2.035,-0.04,0.01065162956,-0.21,-0.04000584068,0.0106240341,-0.2099828694,3.300119286e-05
2.036,-0.04,0.01053650065,-0.21,-0.04000582048,0.01050920996,-0.2099828896,3.273262814e-05
2.037,-0.04,0.01042126458,-0.21,-0.04000580049,0.01039427915,-0.2099829096,3.246445463e-05
2.038,-0.04,0.01030592253,-0.21,-0.04000578074,0.01027924284,-0.2099829294,3.219670008e-05
2.039,-0.04,0.01019047565,-0.21,-0.04000576121,0.01016410217,-0.2099829491,3.192939299e-05
2.04,-0.04,0.01007492509,-0.21,-0.0400057419,0.01004885829,-0.2099829685,3.166256263e-05
2.041,-0.04,0.009959272011,-0.21,-0.04000572282,0.009933512365,-0.2099829878,3.139623909e-05
2.042,-0.04,0.00984351758,-0.21,-0.04000570397,0.009818065545,-0.2099830069,3.113045327e-05
2.043,-0.04,0.009727662957,-0.21,-0.04000568535,0.009702518988,-0.2099830259,3.086523692e-05
2.044,-0.04,0.009611709307,-0.21,-0.04000566695,0.009586873855,-0.2099830446,3.060062271e-05
2.045,-0.04,0.009495657796,-0.21,-0.04000564879,0.009471131307,-0.2099830632,3.033664422e-05
2.046,-0.04,0.009379509592,-0.21,-0.04000563086,0.009355292505,-0.2099830816,3.007333595e-05
2.047,-0.04,0.009263265864,-0.21,-0.04000561316,0.009239358614,-0.2099830998,2.981073339e-05
2.048,-0.04,0.009146927782,-0.21,-0.04000559569,0.0091233308,-0.2099831179,2.954887305e-05
2.049,-0.04,0.009030496519,-0.21,-0.04000557846,0.009007210229,-0.2099831357,2.928779252e-05
2.05,-0.04,0.008913973248,-0.21,-0.04000556147,0.008890998069,-0.2099831534,2.902753047e-05
2.051,-0.04,0.008797359144,-0.21,-0.04000554471,0.008774695491,-0.2099831709,2.876812669e-05
2.052,-0.04,0.008680655384,-0.21,-0.04000552818,0.008658303666,-0.2099831881,2.850962216e-05
2.053,-0.04,0.008563863146,-0.21,-0.0400055119,0.008541823767,-0.2099832053,2.825205904e-05
2.054,-0.04,0.008446983608,-0.21,-0.04000549585,0.008425256966,-0.2099832222,2.799548074e-05
2.055,-0.04,0.008330017951,-0.21,-0.04000548005,0.008308604441,-0.2099832389,2.773993199e-05
2.056,-0.04,0.008212967358,-0.21,-0.04000546448,0.008191867367,-0.2099832554,2.748545881e-05
2.057,-0.04,0.00809583301,-0.21,-0.04000544915,0.008075046922,-0.2099832718,2.723210862e-05
2.058,-0.04,0.007978616094,-0.21,-0.04000543407,0.007958144286,-0.2099832879,2.697993029e-05
2.059,-0.04,0.007861317794,-0.21,-0.04000541923,0.00784116064,-0.2099833039,2.672897412e-05
2.06,-0.04,0.007743939298,-0.21,-0.04000540463,0.007724097164,-0.2099833197,2.647929195e-05
2.061,-0.04,0.007626481794,-0.21,-0.04000539028,0.007606955043,-0.2099833353,2.623093716e-05
2.062,-0.04,0.007508946471,-0.21,-0.04000537617,0.007489735461,-0.2099833507,2.598396476e-05
2.063,-0.04,0.007391334521,-0.21,-0.0400053623,0.007372439602,-0.2099833659,2.573843138e-05
2.064,-0.04,0.007273647135,-0.21,-0.04000534868,0.007255068654,-0.2099833809,2.549439538e-05
2.065,-0.04,0.007155885506,-0.21,-0.04000533531,0.007137623805,-0.2099833957,2.525191687e-05
2.066,-0.04,0.007038050829,-0.21,-0.04000532219,0.007020106244,-0.2099834103,2.501105775e-05
2.067,-0.04,0.006920144298,-0.21,-0.04000530931,0.00690251716,-0.2099834247,2.477188177e-05
2.068,-0.04,0.006802167112,-0.21,-0.04000529669,0.006784857745,-0.2099834389,2.453445459e-05
2.069,-0.04,0.006684120466,-0.21,-0.04000528431,0.006667129191,-0.2099834529,2.429884379e-05
2.07,-0.04,0.00656600556,-0.21,-0.04000527218,0.006549332692,-0.2099834667,2.406511896e-05
2.071,-0.04,0.006447823593,-0.21,-0.04000526031,0.006431469443,-0.2099834803,2.383335168e-05
2.072,-0.04,0.006329575767,-0.21,-0.04000524868,0.006313540637,-0.2099834937,2.360361563e-05
2.073,-0.04,0.006211263283,-0.21,-0.04000523731,0.006195547473,-0.209983507,2.337598659e-05
2.074,-0.04,0.006092887343,-0.21,-0.04000522619,0.006077491148,-0.20998352,2.315054246e-05
2.075,-0.04,0.005974449152,-0.21,-0.04000521532,0.005959372859,-0.2099835328,2.292736331e-05
2.076,-0.04,0.005855949914,-0.21,-0.0400052047,0.005841193808,-0.2099835454,2.270653148e-05
2.077,-0.04,0.005737390836,-0.21,-0.04000519434,0.005722955193,-0.2099835578,2.248813145e-05
2.078,-0.04,0.005618773122,-0.21,-0.04000518423,0.005604658216,-0.20998357,2.227225003e-05
2.079,-0.04,0.005500097982,-0.21,-0.04000517438,0.005486304079,-0.2099835819,2.205897628e-05
2.08,-0.04,0.005381366624,-0.21,-0.04000516478,0.005367893986,-0.2099835937,2.184840148e-05
2.081,-0.04,0.005262580256,-0.21,-0.04000515544,0.005249429141,-0.2099836053,2.164061919e-05
2.082,-0.04,0.005143740089,-0.21,-0.04000514636,0.005130910747,-0.2099836167,2.143572522e-05
2.083,-0.04,0.005024847334,-0.21,-0.04000513753,0.005012340012,-0.2099836278,2.123381765e-05
2.084,-0.04,0.004905903202,-0.21,-0.04000512895,0.00489371814,-0.2099836388,2.103499674e-05
2.085,-0.04,0.004786908906,-0.21,-0.04000512064,0.00477504634,-0.2099836495,2.083936491e-05
2.086,-0.04,0.00466786566,-0.21,-0.04000511258,0.00465632582,-0.2099836601,2.064702672e-05
2.087,-0.04,0.004548774677,-0.21,-0.04000510478,0.004537557787,-0.2099836704,2.045808879e-05
2.088,-0.04,0.004429637172,-0.21,-0.04000509724,0.004418743452,-0.2099836805,2.027265969e-05
2.089,-0.04,0.004310454362,-0.21,-0.04000508996,0.004299884025,-0.2099836904,2.009084986e-05
2.09,-0.04,0.004191227461,-0.21,-0.04000508294,0.004180980716,-0.2099837001,1.991277152e-05
2.091,-0.04,0.004071957687,-0.21,-0.04000507617,0.004062034738,-0.2099837096,1.973853852e-05
2.092,-0.04,0.003952646258,-0.21,-0.04000506967,0.003943047302,-0.2099837189,1.956826625e-05
2.093,-0.04,0.003833294391,-0.21,-0.04000506342,0.003824019621,-0.2099837279,1.940207134e-05
2.094,-0.04,0.003713903306,-0.21,-0.04000505744,0.003704952909,-0.2099837368,1.924007158e-05
2.095,-0.04,0.003594474222,-0.21,-0.04000505171,0.00358584838,-0.2099837454,1.908238574e-05
2.096,-0.04,0.003475008359,-0.21,-0.04000504625,0.003466707248,-0.2099837538,1.892913323e-05
2.097,-0.04,0.003355506937,-0.21,-0.04000504104,0.003347530728,-0.209983762,1.878043396e-05
2.098,-0.04,0.003235971178,-0.21,-0.0400050361,0.003228320037,-0.20998377,1.863640803e-05
2.099,-0.04,0.003116402304,-0.21,-0.04000503142,0.003109076391,-0.2099837778,1.849717537e-05
2.1,-0.04,0.002996801536,-0.21,-0.040005027,0.002989801006,-0.2099837853,1.836285557e-05
2.101,-0.04,0.002877170097,-0.21,-0.04000502284,0.002870495099,-0.2099837926,1.823356741e-05
2.102,-0.04,0.002757509211,-0.21,-0.04000501894,0.00275115989,-0.2099837998,1.810942855e-05
2.103,-0.04,0.0026378201,-0.21,-0.0400050153,0.002631796594,-0.2099838067,1.79905552e-05
2.104,-0.04,0.00251810399,-0.21,-0.04000501193,0.002512406432,-0.2099838133,1.787706166e-05
2.105,-0.04,0.002398362103,-0.21,-0.04000500881,0.002392990623,-0.2099838198,1.776905996e-05
2.106,-0.04,0.002278595666,-0.21,-0.04000500596,0.002273550385,-0.2099838261,1.76666594e-05
2.107,-0.04,0.002158805904,-0.21,-0.04000500337,0.002154086938,-0.2099838321,1.756996622e-05
2.108,-0.04,0.002038994041,-0.21,-0.04000500104,0.002034601503,-0.2099838379,1.747908302e-05
2.109,-0.04,0.001919161304,-0.21,-0.04000499897,0.001915095301,-0.2099838435,1.739410842e-05
2.11,-0.04,0.001799308919,-0.21,-0.04000499717,0.001795569551,-0.2099838489,1.731513661e-05
2.111,-0.04,0.001679438113,-0.21,-0.04000499563,0.001676025476,-0.209983854,1.72422569e-05
2.112,-0.04,0.001559550113,-0.21,-0.04000499434,0.001556464296,-0.2099838589,1.717555327e-05
2.113,-0.04,0.001439646145,-0.21,-0.04000499332,0.001436887233,-0.2099838636,1.711510398e-05
2.114,-0.04,0.001319727437,-0.21,-0.04000499257,0.001317295509,-0.2099838681,1.70609812e-05
2.115,-0.04,0.001199795216,-0.21,-0.04000499207,0.001197690347,-0.2099838724,1.701325057e-05
2.116,-0.04,0.00107985071,-0.21,-0.04000499183,0.001078072968,-0.2099838764,1.69719709e-05
2.117,-0.04,0.0009598951476,-0.21,-0.04000499186,0.0009584445948,-0.2099838803,1.693719386e-05
2.118,-0.04,0.0008399297562,-0.21,-0.04000499215,0.0008388064507,-0.2099838839,1.690896363e-05
2.119,-0.04,0.0007199557644,-0.21,-0.0400049927,0.0007191597581,-0.2099838872,1.688731671e-05
2.12,-0.04,0.0005999744005,-0.21,-0.04000499351,0.0005995057402,-0.2099838904,1.68722817e-05
2.121,-0.04,0.000479986893,-0.21,-0.04000499458,0.0004798456199,-0.2099838933,1.686387913e-05
2.122,-0.04,0.0003599944704,-0.21,-0.04000499591,0.0003601806204,-0.209983896,1.686212136e-05
2.123,-0.04,0.0002399983616,-0.21,-0.0400049975,0.0002405119649,-0.2099838985,1.686701247e-05
2.124,-0.04,0.0001199997952,-0.21,-0.04000499935,0.0001208408769,-0.2099839008,1.687854826e-05
2.125,-0.04,0,-0.21,-0.04000500146,1.16857954e-06,-0.2099839028,1.689671634e-05
2.126,-0.04,-0.0001199997952,-0.21,-0.04000500383,-0.0001185037037,-0.2099839046,1.692149608e-05
2.127,-0.04,-0.0002399983616,-0.21,-0.04000500646,-0.0002381747495,-0.2099839062,1.695285888e-05
2.128,-0.04,-0.0003599944704,-0.21,-0.04000500935,-0.0003578433346,-0.2099839076,1.699076822e-05
2.129,-0.04,-0.000479986893,-0.21,-0.0400050125,-0.0004775082356,-0.2099839087,1.703517988e-05
2.13,-0.04,-0.0005999744005,-0.21,-0.0400050159,-0.0005971682293,-0.2099839097,1.70860423e-05
2.131,-0.04,-0.0007199557644,-0.21,-0.04000501957,-0.0007168220926,-0.2099839104,1.714329677e-05
2.132,-0.04,-0.0008399297562,-0.21,-0.04000502349,-0.0008364686023,-0.2099839108,1.720687778e-05
2.133,-0.04,-0.0009598951476,-0.21,-0.04000502767,-0.0009561065356,-0.2099839111,1.727671341e-05
2.134,-0.04,-0.00107985071,-0.21,-0.04000503211,-0.00107573467,-0.2099839111,1.735272565e-05
2.135,-0.04,-0.001199795216,-0.21,-0.0400050368,-0.001195351781,-0.2099839109,1.743483085e-05
2.136,-0.04,-0.001319727437,-0.21,-0.04000504175,-0.001314956649,-0.2099839104,1.752294009e-05
2.137,-0.04,-0.001439646145,-0.21,-0.04000504696,-0.00143454805,-0.2099839098,1.761695964e-05
2.138,-0.04,-0.001559550113,-0.21,-0.04000505242,-0.001554124761,-0.2099839089,1.771679136e-05
2.139,-0.04,-0.001679438113,-0.21,-0.04000505814,-0.001673685562,-0.2099839078,1.782233319e-05
2.14,-0.04,-0.001799308919,-0.21,-0.04000506411,-0.001793229231,-0.2099839065,1.793347957e-05
2.141,-0.04,-0.001919161304,-0.21,-0.04000507034,-0.001912754546,-0.2099839049,1.805012184e-05
2.142,-0.04,-0.002038994041,-0.21,-0.04000507681,-0.002032260286,-0.2099839031,1.817214873e-05
2.143,-0.04,-0.002158805904,-0.21,-0.04000508355,-0.002151745231,-0.2099839011,1.829944669e-05
2.144,-0.04,-0.002278595666,-0.21,-0.04000509053,-0.002271208159,-0.2099838989,1.843190037e-05
2.145,-0.04,-0.002398362103,-0.21,-0.04000509777,-0.002390647851,-0.2099838964,1.856939295e-05
2.146,-0.04,-0.00251810399,-0.21,-0.04000510526,-0.002510063087,-0.2099838937,1.871180653e-05
2.147,-0.04,-0.0026378201,-0.21,-0.040005113,-0.002629452648,-0.2099838908,1.88590225e-05
2.148,-0.04,-0.002757509211,-0.21,-0.04000512099,-0.002748815315,-0.2099838877,1.901092189e-05
2.149,-0.04,-0.002877170097,-0.21,-0.04000512923,-0.002868149869,-0.2099838843,1.916738558e-05
2.15,-0.04,-0.002996801536,-0.21,-0.04000513772,-0.002987455091,-0.2099838807,1.932829471e-05
2.151,-0.04,-0.003116402304,-0.21,-0.04000514646,-0.003106729765,-0.2099838769,1.949353083e-05
2.152,-0.04,-0.003235971178,-0.21,-0.04000515544,-0.003225972673,-0.2099838729,1.966297626e-05
2.153,-0.04,-0.003355506937,-0.21,-0.04000516468,-0.003345182599,-0.2099838686,1.983651423e-05
2.154,-0.04,-0.003475008359,-0.21,-0.04000517416,-0.003464358325,-0.2099838641,2.001402913e-05
2.155,-0.04,-0.003594474222,-0.21,-0.04000518388,-0.003583498637,-0.2099838594,2.019540668e-05
2.156,-0.04,-0.003713903306,-0.21,-0.04000519385,-0.00370260232,-0.2099838545,2.038053407e-05
2.157,-0.04,-0.003833294391,-0.21,-0.04000520407,-0.003821668158,-0.2099838493,2.056930011e-05
2.158,-0.04,-0.003952646258,-0.21,-0.04000521453,-0.003940694938,-0.2099838439,2.076159539e-05
2.159,-0.04,-0.004071957687,-0.21,-0.04000522523,-0.004059681446,-0.2099838383,2.095731237e-05
2.16,-0.04,-0.004191227461,-0.21,-0.04000523618,-0.00417862647,-0.2099838325,2.115634544e-05
2.161,-0.04,-0.004310454362,-0.21,-0.04000524737,-0.004297528797,-0.2099838264,2.135859104e-05
2.162,-0.04,-0.004429637172,-0.21,-0.04000525879,-0.004416387216,-0.2099838201,2.15639477e-05
2.163,-0.04,-0.004548774677,-0.21,-0.04000527046,-0.004535200517,-0.2099838136,2.177231609e-05
2.164,-0.04,-0.00466786566,-0.21,-0.04000528237,-0.004653967489,-0.2099838069,2.198359909e-05
2.165,-0.04,-0.004786908906,-0.21,-0.04000529452,-0.004772686922,-0.2099838,2.219770177e-05
2.166,-0.04,-0.004905903202,-0.21,-0.0400053069,-0.004891357609,-0.2099837928,2.241453147e-05
2.167,-0.04,-0.005024847334,-0.21,-0.04000531952,-0.005009978341,-0.2099837854,2.263399775e-05
2.168,-0.04,-0.005143740089,-0.21,-0.04000533238,-0.005128547911,-0.2099837778,2.285601241e-05
2.169,-0.04,-0.005262580256,-0.21,-0.04000534547,-0.005247065113,-0.2099837699,2.308048944e-05
2.17,-0.04,-0.005381366624,-0.21,-0.0400053588,-0.005365528741,-0.2099837619,2.330734511e-05
2.171,-0.04,-0.005500097982,-0.21,-0.04000537235,-0.005483937591,-0.2099837536,2.353649789e-05
2.172,-0.04,-0.005618773122,-0.21,-0.04000538615,-0.005602290458,-0.2099837451,2.376786837e-05
2.173,-0.04,-0.005737390836,-0.21,-0.04000540017,-0.005720586141,-0.2099837363,2.400137934e-05
2.174,-0.04,-0.005855949914,-0.21,-0.04000541442,-0.005838823436,-0.2099837274,2.423695569e-05
2.175,-0.04,-0.005974449152,-0.21,-0.04000542891,-0.005957001143,-0.2099837182,2.44745244e-05
2.176,-0.04,-0.006092887343,-0.21,-0.04000544362,-0.006075118061,-0.2099837088,2.471401448e-05
2.177,-0.04,-0.006211263283,-0.21,-0.04000545856,-0.006193172991,-0.2099836992,2.495535695e-05
2.178,-0.04,-0.006329575767,-0.21,-0.04000547373,-0.006311164735,-0.2099836894,2.519848478e-05
2.179,-0.04,-0.006447823593,-0.21,-0.04000548912,-0.006429092095,-0.2099836793,2.544333284e-05
2.18,-0.04,-0.00656600556,-0.21,-0.04000550474,-0.006546953875,-0.2099836691,2.56898379e-05
2.181,-0.04,-0.006684120466,-0.21,-0.04000552058,-0.00666474888,-0.2099836586,2.593793849e-05
2.182,-0.04,-0.006802167112,-0.21,-0.04000553664,-0.006782475914,-0.2099836479,2.6187575e-05
2.183,-0.04,-0.006920144298,-0.21,-0.04000555293,-0.006900133786,-0.209983637,2.643868948e-05
2.184,-0.04,-0.007038050829,-0.21,-0.04000556944,-0.007017721303,-0.2099836258,2.669122569e-05
2.185,-0.04,-0.007155885506,-0.21,-0.04000558616,-0.007135237273,-0.2099836145,2.694512901e-05
2.186,-0.04,-0.007273647135,-0.21,-0.04000560311,-0.007252680507,-0.2099836029,2.720034643e-05
2.187,-0.04,-0.007391334521,-0.21,-0.04000562027,-0.007370049815,-0.2099835911,2.745682646e-05
2.188,-0.04,-0.007508946471,-0.21,-0.04000563765,-0.007487344011,-0.2099835791,2.77145191e-05
2.189,-0.04,-0.007626481794,-0.21,-0.04000565524,-0.007604561908,-0.2099835669,2.797337578e-05
2.19,-0.04,-0.007743939298,-0.21,-0.04000567305,-0.007721702319,-0.2099835545,2.823334938e-05
2.191,-0.04,-0.007861317794,-0.21,-0.04000569107,-0.007838764062,-0.2099835418,2.849439408e-05
2.192,-0.04,-0.007978616094,-0.21,-0.0400057093,-0.007955745953,-0.209983529,2.87564654e-05
2.193,-0.04,-0.00809583301,-0.21,-0.04000572774,-0.00807264681,-0.2099835159,2.901952015e-05
2.194,-0.04,-0.008212967358,-0.21,-0.04000574639,-0.008189465453,-0.2099835026,2.928351638e-05
2.195,-0.04,-0.008330017951,-0.21,-0.04000576525,-0.008306200703,-0.2099834891,2.954841329e-05
2.196,-0.04,-0.008446983608,-0.21,-0.04000578432,-0.008422851382,-0.2099834754,2.981417124e-05
2.197,-0.04,-0.008563863146,-0.21,-0.04000580359,-0.008539416314,-0.2099834615,3.008075172e-05
2.198,-0.04,-0.008680655384,-0.21,-0.04000582307,-0.008655894323,-0.2099834474,3.034811729e-05
2.199,-0.04,-0.008797359144,-0.21,-0.04000584275,-0.008772284235,-0.209983433,3.061623151e-05
2.2,-0.04,-0.008913973248,-0.21,-0.04000586263,-0.008888584879,-0.2099834185,3.088505899e-05
2.201,-0.04,-0.009030496519,-0.21,-0.04000588272,-0.009004795082,-0.2099834037,3.115456531e-05
2.202,-0.04,-0.009146927782,-0.21,-0.040005903,-0.009120913676,-0.2099833887,3.142471697e-05
2.203,-0.04,-0.009263265864,-0.21,-0.04000592348,-0.009236939491,-0.2099833736,3.169548138e-05
2.204,-0.04,-0.009379509592,-0.21,-0.04000594416,-0.009352871362,-0.2099833582,3.196682685e-05
2.205,-0.04,-0.009495657796,-0.21,-0.04000596503,-0.009468708123,-0.2099833426,3.22387225e-05
2.206,-0.04,-0.009611709307,-0.21,-0.0400059861,-0.00958444861,-0.2099833268,3.251113826e-05
2.207,-0.04,-0.009727662957,-0.21,-0.04000600736,-0.009700091661,-0.2099833108,3.278404486e-05
2.208,-0.04,-0.00984351758,-0.21,-0.04000602882,-0.009815636115,-0.2099832946,3.305741377e-05
2.209,-0.04,-0.009959272011,-0.21,-0.04000605046,-0.009931080813,-0.2099832782,3.33312172e-05
2.21,-0.04,-0.01007492509,-0.21,-0.0400060723,-0.0100464246,-0.2099832616,3.360542812e-05
2.211,-0.04,-0.01019047565,-0.21,-0.04000609432,-0.01016166631,-0.2099832448,3.38800201e-05
2.212,-0.04,-0.01030592253,-0.21,-0.04000611652,-0.0102768048,-0.2099832278,3.415496745e-05
2.213,-0.04,-0.01042126458,-0.21,-0.04000613892,-0.01039183891,-0.2099832106,3.443024506e-05
2.214,-0.04,-0.01053650065,-0.21,-0.04000616149,-0.0105067675,-0.2099831931,3.470582847e-05
2.215,-0.04,-0.01065162956,-0.21,-0.04000618425,-0.0106215894,-0.2099831755,3.498169378e-05
2.216,-0.04,-0.01076665018,-0.21,-0.04000620719,-0.01073630348,-0.2099831577,3.525781768e-05
2.217,-0.04,-0.01088156134,-0.21,-0.04000623031,-0.01085090859,-0.2099831397,3.553417739e-05
2.218,-0.04,-0.01099636191,-0.21,-0.04000625361,-0.01096540358,-0.2099831215,3.58107507e-05
2.219,-0.04,-0.01111105073,-0.21,-0.04000627708,-0.01107978731,-0.2099831031,3.608751592e-05
2.22,-0.04,-0.01122562665,-0.21,-0.04000630073,-0.01119405864,-0.2099830845,3.636445185e-05
2.221,-0.04,-0.01134008854,-0.21,-0.04000632455,-0.01130821643,-0.2099830657,3.664153777e-05
2.222,-0.04,-0.01145443524,-0.21,-0.04000634854,-0.01142225954,-0.2099830467,3.691875341e-05
2.223,-0.04,-0.01156866562,-0.21,-0.04000637271,-0.01153618684,-0.2099830275,3.719607898e-05
2.224,-0.04,-0.01168277854,-0.21,-0.04000639704,-0.01164999719,-0.2099830081,3.747349508e-05
2.225,-0.04,-0.01179677286,-0.21,-0.04000642155,-0.01176368947,-0.2099829886,3.775098276e-05
2.226,-0.04,-0.01191064745,-0.21,-0.04000644622,-0.01187726253,-0.2099829688,3.802852345e-05
2.227,-0.04,-0.01202440117,-0.21,-0.04000647105,-0.01199071526,-0.2099829488,3.830609902e-05
2.228,-0.04,-0.01213803289,-0.21,-0.04000649605,-0.01210404652,-0.2099829287,3.858369169e-05
2.229,-0.04,-0.01225154148,-0.21,-0.04000652121,-0.0122172552,-0.2099829084,3.886128408e-05
2.23,-0.04,-0.01236492582,-0.21,-0.04000654653,-0.01233034017,-0.2099828878,3.913885911e-05
2.231,-0.04,-0.01247818477,-0.21,-0.040006572,-0.0124433003,-0.2099828671,3.941640009e-05
2.232,-0.04,-0.01259131722,-0.21,-0.04000659764,-0.01255613449,-0.2099828462,3.969389062e-05
2.233,-0.04,-0.01270432204,-0.21,-0.04000662343,-0.01266884161,-0.2099828252,3.997131464e-05
2.234,-0.04,-0.01281719811,-0.21,-0.04000664937,-0.01278142054,-0.2099828039,4.024865642e-05
2.235,-0.04,-0.01292994431,-0.21,-0.04000667547,-0.01289387019,-0.2099827824,4.052590051e-05
2.236,-0.04,-0.01304255954,-0.21,-0.04000670172,-0.01300618943,-0.2099827608,4.080303172e-05
2.237,-0.04,-0.01315504267,-0.21,-0.04000672812,-0.01311837716,-0.209982739,4.108003522e-05
2.238,-0.04,-0.01326739259,-0.21,-0.04000675467,-0.01323043227,-0.209982717,4.135689638e-05
2.239,-0.04,-0.0133796082,-0.21,-0.04000678136,-0.01334235366,-0.2099826948,4.163360089e-05
2.24,-0.04,-0.01349168839,-0.21,-0.0400068082,-0.01345414023,-0.2099826725,4.191013463e-05
2.241,-0.04,-0.01360363205,-0.21,-0.04000683518,-0.01356579087,-0.2099826499,4.218648381e-05
2.242,-0.04,-0.01371543808,-0.21,-0.0400068623,-0.01367730449,-0.2099826272,4.246263482e-05
2.243,-0.04,-0.01382710538,-0.21,-0.04000688956,-0.01378867999,-0.2099826043,4.273857428e-05
2.244,-0.04,-0.01393863285,-0.21,-0.04000691696,-0.01389991628,-0.2099825813,4.301428908e-05
2.245,-0.04,-0.01405001939,-0.21,-0.0400069445,-0.01401101227,-0.209982558,4.328976628e-05
2.246,-0.04,-0.01416126391,-0.21,-0.04000697217,-0.01412196686,-0.2099825346,4.356499317e-05
2.247,-0.04,-0.01427236532,-0.21,-0.04000699997,-0.01423277898,-0.209982511,4.383995726e-05
2.248,-0.04,-0.01438332253,-0.21,-0.04000702791,-0.01434344754,-0.2099824873,4.411464624e-05
2.249,-0.04,-0.01449413445,-0.21,-0.04000705598,-0.01445397145,-0.2099824634,4.438904798e-05
2.25,-0.04,-0.0146048,-0.21,-0.04000708417,-0.01456434964,-0.2099824393,4.466315058e-05
2.251,-0.04,-0.01471531809,-0.21,-0.04000711249,-0.01467458103,-0.209982415,4.493694232e-05
2.252,-0.04,-0.01482568765,-0.21,-0.04000714094,-0.01478466454,-0.2099823906,4.521041159e-05
2.253,-0.04,-0.01493590759,-0.21,-0.04000716951,-0.0148945991,-0.209982366,4.548354703e-05
2.254,-0.04,-0.01504597684,-0.21,-0.0400071982,-0.01500438364,-0.2099823412,4.575633739e-05
2.255,-0.04,-0.01515589433,-0.21,-0.04000722702,-0.01511401709,-0.2099823163,4.602877162e-05
2.256,-0.04,-0.01526565899,-0.21,-0.04000725595,-0.01522349839,-0.2099822912,4.630083878e-05
2.257,-0.04,-0.01537526975,-0.21,-0.04000728499,-0.01533282648,-0.2099822659,4.657252811e-05
2.258,-0.04,-0.01548472554,-0.21,-0.04000731416,-0.01544200029,-0.2099822405,4.684382901e-05
2.259,-0.04,-0.0155940253,-0.21,-0.04000734343,-0.01555101876,-0.2099822149,4.7114731e-05
2.26,-0.04,-0.01570316797,-0.21,-0.04000737282,-0.01565988085,-0.2099821892,4.738522379e-05
2.261,-0.04,-0.0158121525,-0.21,-0.04000740232,-0.01576858549,-0.2099821633,4.765529714e-05
2.262,-0.04,-0.01592097782,-0.21,-0.04000743192,-0.01587713164,-0.2099821372,4.7924941e-05
2.263,-0.04,-0.01602964288,-0.21,-0.04000746164,-0.01598551825,-0.209982111,4.819414542e-05
2.264,-0.04,-0.01613814664,-0.21,-0.04000749145,-0.01609374427,-0.2099820846,4.846290061e-05
2.265,-0.04,-0.01624648804,-0.21,-0.04000752137,-0.01620180866,-0.2099820581,4.873119687e-05
2.266,-0.04,-0.01635466604,-0.21,-0.04000755139,-0.01630971038,-0.2099820314,4.899902463e-05
2.267,-0.04,-0.0164626796,-0.21,-0.04000758151,-0.01641744839,-0.2099820046,4.926637444e-05
2.268,-0.04,-0.01657052768,-0.21,-0.04000761173,-0.01652502166,-0.2099819776,4.953323695e-05
2.269,-0.04,-0.01667820924,-0.21,-0.04000764205,-0.01663242916,-0.2099819505,4.97996029e-05
2.27,-0.04,-0.01678572324,-0.21,-0.04000767246,-0.01673966985,-0.2099819232,5.006546319e-05
2.271,-0.04,-0.01689306866,-0.21,-0.04000770296,-0.01684674271,-0.2099818958,5.033080875e-05
2.272,-0.04,-0.01700024446,-0.21,-0.04000773355,-0.01695364672,-0.2099818683,5.059563067e-05
2.273,-0.04,-0.01710724962,-0.21,-0.04000776423,-0.01706038085,-0.2099818405,5.085992012e-05
2.274,-0.04,-0.01721408312,-0.21,-0.040007795,-0.01716694408,-0.2099818127,5.112366837e-05
2.275,-0.04,-0.01732074394,-0.21,-0.04000782585,-0.01727333541,-0.2099817847,5.138686677e-05
2.276,-0.04,-0.01742723105,-0.21,-0.04000785679,-0.01737955381,-0.2099817565,5.164950676e-05
2.277,-0.04,-0.01753354344,-0.21,-0.04000788781,-0.01748559828,-0.2099817283,5.191157987e-05
2.278,-0.04,-0.0176396801,-0.21,-0.04000791891,-0.01759146781,-0.2099816998,5.217307771e-05
2.279,-0.04,-0.01774564002,-0.21,-0.04000795009,-0.01769716139,-0.2099816713,5.243399199e-05
2.28,-0.04,-0.0178514222,-0.21,-0.04000798135,-0.01780267803,-0.2099816426,5.26943145e-05
2.281,-0.04,-0.01795702563,-0.21,-0.04000801268,-0.01790801672,-0.2099816138,5.295403711e-05
2.282,-0.04,-0.0180624493,-0.21,-0.04000804408,-0.01801317647,-0.2099815848,5.321315176e-05
2.283,-0.04,-0.01816769223,-0.21,-0.04000807556,-0.01811815628,-0.2099815557,5.347165045e-05
2.284,-0.04,-0.01827275342,-0.21,-0.0400081071,-0.01822295518,-0.2099815265,5.372952528e-05
2.285,-0.04,-0.01837763187,-0.21,-0.04000813871,-0.01832757216,-0.2099814971,5.398676839e-05
2.286,-0.04,-0.0184823266,-0.21,-0.04000817039,-0.01843200624,-0.2099814676,5.424337202e-05
2.287,-0.04,-0.01858683663,-0.21,-0.04000820213,-0.01853625646,-0.209981438,5.449932849e-05
2.288,-0.04,-0.01869116096,-0.21,-0.04000823394,-0.01864032181,-0.2099814082,5.475463016e-05
2.289,-0.04,-0.01879529862,-0.21,-0.04000826581,-0.01874420134,-0.2099813784,5.500926948e-05
2.29,-0.04,-0.01889924863,-0.21,-0.04000829773,-0.01884789408,-0.2099813484,5.526323894e-05
2.291,-0.04,-0.01900301002,-0.21,-0.04000832971,-0.01895139904,-0.2099813183,5.551653109e-05
2.292,-0.04,-0.01910658182,-0.21,-0.04000836175,-0.01905471527,-0.209981288,5.576913857e-05
2.293,-0.04,-0.01920996306,-0.21,-0.04000839384,-0.0191578418,-0.2099812576,5.602105405e-05
2.294,-0.04,-0.01931315278,-0.21,-0.04000842598,-0.01926077768,-0.2099812272,5.627227025e-05
2.295,-0.04,-0.01941615002,-0.21,-0.04000845818,-0.01936352194,-0.2099811966,5.652277998e-05
2.296,-0.04,-0.01951895382,-0.21,-0.04000849042,-0.01946607364,-0.2099811658,5.677257612e-05
2.297,-0.04,-0.01962156322,-0.21,-0.04000852271,-0.01956843183,-0.209981135,5.702165157e-05
2.298,-0.04,-0.01972397727,-0.21,-0.04000855504,-0.01967059556,-0.2099811041,5.726999928e-05
2.299,-0.04,-0.01982619503,-0.21,-0.04000858741,-0.01977256388,-0.209981073,5.751761229e-05
2.3,-0.04,-0.01992821555,-0.21,-0.04000861983,-0.01987433586,-0.2099810418,5.776448363e-05
2.301,-0.04,-0.02003003789,-0.21,-0.04000865228,-0.01997591056,-0.2099810105,5.801060644e-05
2.302,-0.04,-0.02013166111,-0.21,-0.04000868477,-0.02007728704,-0.2099809791,5.825597389e-05
2.303,-0.04,-0.02023308428,-0.21,-0.0400087173,-0.02017846438,-0.2099809476,5.850057918e-05
2.304,-0.04,-0.02033430646,-0.21,-0.04000874986,-0.02027944165,-0.209980916,5.874441559e-05
2.305,-0.04,-0.02043532673,-0.21,-0.04000878246,-0.02038021792,-0.2099808843,5.898747642e-05
2.306,-0.04,-0.02053614417,-0.21,-0.04000881508,-0.02048079228,-0.2099808525,5.922975501e-05
2.307,-0.04,-0.02063675784,-0.21,-0.04000884773,-0.02058116381,-0.2099808206,5.947124479e-05
2.308,-0.04,-0.02073716684,-0.21,-0.04000888041,-0.0206813316,-0.2099807885,5.971193918e-05
2.309,-0.04,-0.02083737024,-0.21,-0.04000891312,-0.02078129473,-0.2099807564,5.995183167e-05
2.31,-0.04,-0.02093736714,-0.21,-0.04000894584,-0.0208810523,-0.2099807242,6.01909158e-05
2.311,-0.04,-0.02103715663,-0.21,-0.04000897859,-0.02098060341,-0.2099806919,6.042918513e-05
2.312,-0.04,-0.02113673781,-0.21,-0.04000901136,-0.02107994715,-0.2099806595,6.066663326e-05
2.313,-0.04,-0.02123610977,-0.21,-0.04000904414,-0.02117908264,-0.2099806269,6.090325386e-05
2.314,-0.04,-0.02133527162,-0.21,-0.04000907695,-0.02127800897,-0.2099805943,6.11390406e-05
2.315,-0.04,-0.02143422247,-0.21,-0.04000910976,-0.02137672526,-0.2099805616,6.137398722e-05
2.316,-0.04,-0.02153296142,-0.21,-0.04000914259,-0.02147523063,-0.2099805288,6.160808747e-05
2.317,-0.04,-0.02163148759,-0.21,-0.04000917543,-0.02157352419,-0.209980496,6.184133517e-05
2.318,-0.04,-0.02172980009,-0.21,-0.04000920827,-0.02167160507,-0.209980463,6.207372414e-05
2.319,-0.04,-0.02182789806,-0.21,-0.04000924113,-0.02176947239,-0.2099804299,6.230524827e-05
2.32,-0.04,-0.0219257806,-0.21,-0.04000927399,-0.02186712527,-0.2099803968,6.253590146e-05
2.321,-0.04,-0.02202344685,-0.21,-0.04000930685,-0.02196456286,-0.2099803636,6.276567764e-05
2.322,-0.04,-0.02212089594,-0.21,-0.04000933971,-0.02206178429,-0.2099803303,6.299457079e-05
2.323,-0.04,-0.02221812701,-0.21,-0.04000937258,-0.02215878869,-0.2099802969,6.322257493e-05
2.324,-0.04,-0.0223151392,-0.21,-0.04000940544,-0.02225557522,-0.2099802634,6.344968411e-05
2.325,-0.04,-0.02241193165,-0.21,-0.0400094383,-0.02235214302,-0.2099802299,6.36758924e-05
2.326,-0.04,-0.0225085035,-0.21,-0.04000947115,-0.02244849124,-0.2099801963,6.39011939e-05
2.327,-0.04,-0.02260485391,-0.21,-0.040009504,-0.02254461903,-0.2099801626,6.412558275e-05
2.328,-0.04,-0.02270098203,-0.21,-0.04000953683,-0.02264052557,-0.2099801288,6.434905313e-05
2.329,-0.04,-0.02279688702,-0.21,-0.04000956966,-0.02273620999,-0.2099800949,6.457159921e-05
2.33,-0.04,-0.02289256804,-0.21,-0.04000960247,-0.02283167149,-0.209980061,6.479321522e-05
2.331,-0.04,-0.02298802426,-0.21,-0.04000963527,-0.02292690922,-0.209980027,6.501389542e-05
2.332,-0.04,-0.02308325484,-0.21,-0.04000966806,-0.02302192235,-0.209979993,6.523363412e-05
2.333,-0.04,-0.02317825897,-0.21,-0.04000970082,-0.02311671008,-0.2099799588,6.545242563e-05
2.334,-0.04,-0.02327303581,-0.21,-0.04000973357,-0.02321127157,-0.2099799246,6.567026428e-05
2.335,-0.04,-0.02336758455,-0.21,-0.04000976629,-0.02330560602,-0.2099798904,6.588714445e-05
2.336,-0.04,-0.02346190438,-0.21,-0.040009799,-0.02339971261,-0.2099798561,6.610306052e-05
2.337,-0.04,-0.02355599448,-0.21,-0.04000983167,-0.02349359054,-0.2099798217,6.631800691e-05
2.338,-0.04,-0.02364985405,-0.21,-0.04000986432,-0.02358723901,-0.2099797872,6.653197809e-05
2.339,-0.04,-0.02374348229,-0.21,-0.04000989695,-0.02368065722,-0.2099797527,6.674496851e-05
2.34,-0.04,-0.02383687839,-0.21,-0.04000992954,-0.02377384437,-0.2099797182,6.69569727e-05
2.341,-0.04,-0.02393004156,-0.21,-0.0400099621,-0.02386679967,-0.2099796836,6.716798516e-05
2.342,-0.04,-0.02402297102,-0.21,-0.04000999463,-0.02395952234,-0.2099796489,6.737800046e-05
2.343,-0.04,-0.02411566597,-0.21,-0.04001002712,-0.0240520116,-0.2099796142,6.758701316e-05
2.344,-0.04,-0.02420812563,-0.21,-0.04001005958,-0.02414426666,-0.2099795794,6.779501787e-05
2.345,-0.04,-0.02430034922,-0.21,-0.040010092,-0.02423628676,-0.2099795446,6.800200919e-05
2.346,-0.04,-0.02439233598,-0.21,-0.04001012437,-0.02432807112,-0.2099795097,6.820798179e-05
2.347,-0.04,-0.02448408512,-0.21,-0.04001015671,-0.02441961898,-0.2099794747,6.841293033e-05
2.348,-0.04,-0.02457559589,-0.21,-0.040010189,-0.02451092957,-0.2099794398,6.861684951e-05
2.349,-0.04,-0.02466686753,-0.21,-0.04001022125,-0.02460200214,-0.2099794048,6.881973405e-05
2.35,-0.04,-0.02475789926,-0.21,-0.04001025345,-0.02469283594,-0.2099793697,6.902157868e-05
2.351,-0.04,-0.02484869035,-0.21,-0.0400102856,-0.02478343022,-0.2099793346,6.922237816e-05
2.352,-0.04,-0.02493924005,-0.21,-0.0400103177,-0.02487378423,-0.2099792994,6.942212725e-05
2.353,-0.04,-0.0250295476,-0.21,-0.04001034975,-0.02496389724,-0.2099792643,6.962082076e-05
2.354,-0.04,-0.02511961227,-0.21,-0.04001038174,-0.0250537685,-0.209979229,6.981845352e-05
2.355,-0.04,-0.02520943332,-0.21,-0.04001041368,-0.02514339728,-0.2099791938,7.001502038e-05
2.356,-0.04,-0.02529901002,-0.21,-0.04001044557,-0.02523278286,-0.2099791585,7.021051619e-05
2.357,-0.04,-0.02538834165,-0.21,-0.04001047739,-0.02532192452,-0.2099791231,7.040493585e-05
2.358,-0.04,-0.02547742748,-0.21,-0.04001050916,-0.02541082152,-0.2099790878,7.059827425e-05
2.359,-0.04,-0.02556626678,-0.21,-0.04001054086,-0.02549947318,-0.2099790524,7.079052633e-05
2.36,-0.04,-0.02565485886,-0.21,-0.0400105725,-0.02558787876,-0.209979017,7.098168701e-05
2.361,-0.04,-0.02574320299,-0.21,-0.04001060407,-0.02567603756,-0.2099789815,7.117175126e-05
2.362,-0.04,-0.02583129847,-0.21,-0.04001063558,-0.02576394889,-0.209978946,7.136071408e-05
2.363,-0.04,-0.02591914461,-0.21,-0.04001066701,-0.02585161205,-0.2099789105,7.154857046e-05
2.364,-0.04,-0.0260067407,-0.21,-0.04001069838,-0.02593902634,-0.209978875,7.17353154e-05
2.365,-0.04,-0.02609408605,-0.21,-0.04001072968,-0.02602619108,-0.2099788394,7.192094396e-05
2.366,-0.04,-0.02618117997,-0.21,-0.0400107609,-0.02611310558,-0.2099788039,7.21054512e-05
2.367,-0.04,-0.02626802179,-0.21,-0.04001079205,-0.02619976917,-0.2099787683,7.228883219e-05
2.368,-0.04,-0.02635461082,-0.21,-0.04001082312,-0.02628618117,-0.2099787326,7.247108203e-05
2.369,-0.04,-0.02644094639,-0.21,-0.04001085411,-0.02637234091,-0.209978697,7.26521958e-05
2.37,-0.04,-0.02652702783,-0.21,-0.04001088503,-0.02645824772,-0.2099786614,7.283216865e-05
2.371,-0.04,-0.02661285448,-0.21,-0.04001091586,-0.02654390095,-0.2099786257,7.301099571e-05
2.372,-0.04,-0.02669842568,-0.21,-0.04001094661,-0.02662929994,-0.20997859,7.318867216e-05
2.373,-0.04,-0.02678374076,-0.21,-0.04001097727,-0.02671444404,-0.2099785543,7.336519318e-05
2.374,-0.04,-0.02686879908,-0.21,-0.04001100785,-0.0267993326,-0.2099785187,7.354055395e-05
2.375,-0.04,-0.0269536,-0.21,-0.04001103834,-0.02688396498,-0.2099784829,7.371474966e-05
2.376,-0.04,-0.02703814287,-0.21,-0.04001106874,-0.02696834054,-0.2099784472,7.388777555e-05
2.377,-0.04,-0.02712242706,-0.21,-0.04001109905,-0.02705245866,-0.2099784115,7.405962686e-05
2.378,-0.04,-0.02720645192,-0.21,-0.04001112927,-0.02713631869,-0.2099783758,7.423029887e-05
2.379,-0.04,-0.02729021685,-0.21,-0.04001115939,-0.02721992003,-0.2099783401,7.439978685e-05
2.38,-0.04,-0.02737372121,-0.21,-0.04001118942,-0.02730326204,-0.2099783043,7.45680861e-05
2.381,-0.04,-0.02745696439,-0.21,-0.04001121935,-0.02738634413,-0.2099782686,7.473519192e-05
2.382,-0.04,-0.02753994577,-0.21,-0.04001124919,-0.02746916567,-0.2099782329,7.490109963e-05
2.383,-0.04,-0.02762266475,-0.21,-0.04001127892,-0.02755172607,-0.2099781971,7.506580455e-05
2.384,-0.04,-0.02770512072,-0.21,-0.04001130855,-0.02763402472,-0.2099781614,7.522930204e-05
2.385,-0.04,-0.02778731309,-0.21,-0.04001133808,-0.02771606104,-0.2099781257,7.539158745e-05
2.386,-0.04,-0.02786924125,-0.21,-0.04001136751,-0.02779783442,-0.20997809,7.555265615e-05
2.387,-0.04,-0.02795090463,-0.21,-0.04001139682,-0.0278793443,-0.2099780543,7.571250357e-05
2.388,-0.04,-0.02803230265,-0.21,-0.04001142603,-0.02796059009,-0.2099780186,7.587112511e-05
2.389,-0.04,-0.02811343471,-0.21,-0.04001145514,-0.02804157121,-0.2099779829,7.602851619e-05
2.39,-0.04,-0.02819430025,-0.21,-0.04001148413,-0.02812228709,-0.2099779472,7.618467226e-05
2.391,-0.04,-0.0282748987,-0.21,-0.04001151301,-0.02820273718,-0.2099779116,7.633958876e-05
2.392,-0.04,-0.02835522949,-0.21,-0.04001154177,-0.02828292091,-0.2099778759,7.649326115e-05
2.393,-0.04,-0.02843529208,-0.21,-0.04001157042,-0.02836283772,-0.2099778403,7.66456849e-05
2.394,-0.04,-0.02851508589,-0.21,-0.04001159896,-0.02844248707,-0.2099778047,7.679685551e-05
2.395,-0.04,-0.02859461039,-0.21,-0.04001162737,-0.02852186841,-0.2099777691,7.694676847e-05
2.396,-0.04,-0.02867386504,-0.21,-0.04001165567,-0.02860098121,-0.2099777335,7.709541931e-05
2.397,-0.04,-0.02875284928,-0.21,-0.04001168385,-0.02867982492,-0.2099776979,7.724280355e-05
2.398,-0.04,-0.0288315626,-0.21,-0.0400117119,-0.02875839903,-0.2099776624,7.738891676e-05
2.399,-0.04,-0.02891000446,-0.21,-0.04001173983,-0.028836703,-0.2099776269,7.753375449e-05
2.4,-0.04,-0.02898817434,-0.21,-0.04001176764,-0.02891473632,-0.2099775914,7.767731231e-05
2.401,-0.04,-0.02906607172,-0.21,-0.04001179532,-0.02899249846,-0.209977556,7.781958578e-05
2.402,-0.04,-0.02914369609,-0.21,-0.04001182287,-0.02906998894,-0.2099775205,7.796057051e-05
2.403,-0.04,-0.02922104694,-0.21,-0.04001185029,-0.02914720723,-0.2099774851,7.810026209e-05
2.404,-0.04,-0.02929812377,-0.21,-0.04001187758,-0.02922415285,-0.2099774497,7.823865615e-05
2.405,-0.04,-0.02937492608,-0.21,-0.04001190474,-0.0293008253,-0.2099774144,7.837574833e-05
2.406,-0.04,-0.02945145339,-0.21,-0.04001193177,-0.02937722409,-0.2099773791,7.851153426e-05
2.407,-0.04,-0.0295277052,-0.21,-0.04001195866,-0.02945334874,-0.2099773438,7.864600959e-05
2.408,-0.04,-0.02960368103,-0.21,-0.04001198542,-0.02952919878,-0.2099773086,7.877916999e-05
2.409,-0.04,-0.02967938042,-0.21,-0.04001201203,-0.02960477372,-0.2099772734,7.891101113e-05
2.41,-0.04,-0.02975480288,-0.21,-0.04001203851,-0.02968007311,-0.2099772382,7.904152871e-05
2.411,-0.04,-0.02982994796,-0.21,-0.04001206485,-0.02975509648,-0.2099772031,7.917071842e-05
2.412,-0.04,-0.02990481518,-0.21,-0.04001209105,-0.02982984339,-0.209977168,7.929857598e-05
2.413,-0.04,-0.02997940411,-0.21,-0.04001211711,-0.02990431337,-0.209977133,7.942509711e-05
2.414,-0.04,-0.03005371429,-0.21,-0.04001214302,-0.02997850598,-0.209977098,7.955027755e-05
2.415,-0.04,-0.03012774528,-0.21,-0.04001216878,-0.03005242079,-0.209977063,7.967411301e-05
2.416,-0.04,-0.03020149664,-0.21,-0.0400121944,-0.03012605736,-0.2099770281,7.979659927e-05
2.417,-0.04,-0.03027496793,-0.21,-0.04001221987,-0.03019941526,-0.2099769932,7.991773209e-05
2.418,-0.04,-0.03034815873,-0.21,-0.04001224519,-0.03027249406,-0.2099769584,8.003750724e-05
2.419,-0.04,-0.03042106863,-0.21,-0.04001227036,-0.03034529336,-0.2099769236,8.015592052e-05
2.42,-0.04,-0.03049369719,-0.21,-0.04001229538,-0.03041781274,-0.2099768889,8.027296774e-05
2.421,-0.04,-0.03056604402,-0.21,-0.04001232024,-0.03049005179,-0.2099768542,8.038864469e-05
2.422,-0.04,-0.03063810871,-0.21,-0.04001234495,-0.03056201011,-0.2099768196,8.05029472e-05
2.423,-0.04,-0.03070989085,-0.21,-0.04001236951,-0.03063368731,-0.2099767851,8.061587107e-05
2.424,-0.04,-0.03078139006,-0.21,-0.04001239391,-0.03070508299,-0.2099767505,8.072741214e-05
2.425,-0.04,-0.03085260595,-0.21,-0.04001241815,-0.03077619678,-0.2099767161,8.083756627e-05
2.426,-0.04,-0.03092353814,-0.21,-0.04001244222,-0.03084702829,-0.2099766817,8.09463293e-05
2.427,-0.04,-0.03099418624,-0.21,-0.04001246614,-0.03091757716,-0.2099766474,8.105369711e-05
2.428,-0.04,-0.03106454989,-0.21,-0.0400124899,-0.030987843,-0.2099766131,8.115966558e-05
2.429,-0.04,-0.03113462872,-0.21,-0.04001251349,-0.03105782547,-0.2099765789,8.126423059e-05
2.43,-0.04,-0.03120442237,-0.21,-0.04001253692,-0.03112752421,-0.2099765447,8.136738806e-05
2.431,-0.04,-0.0312739305,-0.21,-0.04001256019,-0.03119693887,-0.2099765106,8.146913386e-05
2.432,-0.04,-0.03134315274,-0.21,-0.04001258328,-0.0312660691,-0.2099764766,8.156946393e-05
2.433,-0.04,-0.03141208877,-0.21,-0.04001260621,-0.03133491456,-0.2099764426,8.166837418e-05
2.434,-0.04,-0.03148073823,-0.21,-0.04001262897,-0.03140347493,-0.2099764087,8.176586054e-05
2.435,-0.04,-0.03154910081,-0.21,-0.04001265156,-0.03147174987,-0.2099763749,8.186191894e-05
2.436,-0.04,-0.03161717617,-0.21,-0.04001267397,-0.03153973907,-0.2099763412,8.195654535e-05
2.437,-0.04,-0.03168496401,-0.21,-0.04001269622,-0.03160744221,-0.2099763075,8.204973572e-05
2.438,-0.04,-0.03175246399,-0.21,-0.04001271829,-0.03167485898,-0.2099762738,8.214148602e-05
2.439,-0.04,-0.03181967583,-0.21,-0.04001274018,-0.03174198907,-0.2099762403,8.223179224e-05
2.44,-0.04,-0.03188659921,-0.21,-0.0400127619,-0.0318088322,-0.2099762068,8.232065036e-05
2.441,-0.04,-0.03195323384,-0.21,-0.04001278344,-0.03187538806,-0.2099761734,8.240805639e-05
2.442,-0.04,-0.03201957944,-0.21,-0.04001280481,-0.03194165638,-0.2099761401,8.249400632e-05
2.443,-0.04,-0.03208563571,-0.21,-0.04001282599,-0.03200763686,-0.2099761069,8.257849615e-05
2.444,-0.04,-0.03215140238,-0.21,-0.04001284699,-0.03207332925,-0.2099760737,8.26615219e-05
2.445,-0.04,-0.03221687918,-0.21,-0.04001286781,-0.03213873327,-0.2099760406,8.27430796e-05
2.446,-0.04,-0.03228206585,-0.21,-0.04001288845,-0.03220384866,-0.2099760076,8.282316528e-05
2.447,-0.04,-0.03234696212,-0.21,-0.0400129089,-0.03226867517,-0.2099759746,8.2901775e-05
2.448,-0.04,-0.03241156774,-0.21,-0.04001292917,-0.03233321253,-0.2099759418,8.297890481e-05
2.449,-0.04,-0.03247588246,-0.21,-0.04001294925,-0.03239746053,-0.209975909,8.305455079e-05
2.45,-0.04,-0.03253990605,-0.21,-0.04001296914,-0.0324614189,-0.2099758763,8.312870899e-05
2.451,-0.04,-0.03260363826,-0.21,-0.04001298885,-0.03252508743,-0.2099758437,8.320137551e-05
2.452,-0.04,-0.03266707888,-0.21,-0.04001300836,-0.03258846589,-0.2099758112,8.327254642e-05
2.453,-0.04,-0.03273022766,-0.21,-0.04001302769,-0.03265155405,-0.2099757788,8.334221788e-05
2.454,-0.04,-0.03279308441,-0.21,-0.04001304682,-0.03271435171,-0.2099757464,8.341038646e-05
2.455,-0.04,-0.03285564891,-0.21,-0.04001306576,-0.03277685866,-0.2099757142,8.34770491e-05
2.456,-0.04,-0.03291792095,-0.21,-0.04001308451,-0.0328390747,-0.209975682,8.354220294e-05
2.457,-0.04,-0.03297990034,-0.21,-0.04001310306,-0.03290099963,-0.2099756499,8.360584501e-05
2.458,-0.04,-0.03304158688,-0.21,-0.04001312141,-0.03296263326,-0.2099756179,8.3667972e-05
2.459,-0.04,-0.03310298039,-0.21,-0.04001313957,-0.03302397542,-0.209975586,8.372858018e-05
2.46,-0.04,-0.03316408069,-0.21,-0.04001315752,-0.03308502592,-0.2099755542,8.37876655e-05
2.461,-0.04,-0.03322488761,-0.21,-0.04001317528,-0.0331457846,-0.2099755225,8.384522368e-05
2.462,-0.04,-0.03328540098,-0.21,-0.04001319284,-0.03320625129,-0.2099754909,8.390125047e-05
2.463,-0.04,-0.03334562064,-0.21,-0.04001321019,-0.03326642584,-0.2099754594,8.395574175e-05
2.464,-0.04,-0.03340554644,-0.21,-0.04001322734,-0.03332630811,-0.209975428,8.400869364e-05
2.465,-0.04,-0.03346517823,-0.21,-0.04001324429,-0.03338589794,-0.2099753966,8.406010247e-05
2.466,-0.04,-0.03352451586,-0.21,-0.04001326104,-0.03344519519,-0.2099753654,8.410996463e-05
2.467,-0.04,-0.03358355921,-0.21,-0.04001327757,-0.03350419975,-0.2099753343,8.415827649e-05
2.468,-0.04,-0.03364230815,-0.21,-0.04001329391,-0.03356291148,-0.2099753033,8.420503433e-05
2.469,-0.04,-0.03370076254,-0.21,-0.04001331003,-0.03362133026,-0.2099752723,8.425023424e-05
2.47,-0.04,-0.03375892229,-0.21,-0.04001332595,-0.03367945599,-0.2099752415,8.42938722e-05
2.471,-0.04,-0.03381678727,-0.21,-0.04001334165,-0.03373728856,-0.2099752108,8.433594413e-05
2.472,-0.04,-0.0338743574,-0.21,-0.04001335715,-0.03379482787,-0.2099751801,8.437644595e-05
2.473,-0.04,-0.03393163256,-0.21,-0.04001337244,-0.03385207383,-0.2099751496,8.441537373e-05
2.474,-0.04,-0.03398861268,-0.21,-0.04001338751,-0.03390902635,-0.2099751192,8.445272359e-05
2.475,-0.04,-0.03404529766,-0.21,-0.04001340237,-0.03396568536,-0.2099750889,8.448849176e-05
2.476,-0.04,-0.03410168744,-0.21,-0.04001341702,-0.03402205079,-0.2099750587,8.452267453e-05
2.477,-0.04,-0.03415778195,-0.21,-0.04001343145,-0.03407812256,-0.2099750286,8.455526816e-05
2.478,-0.04,-0.03421358111,-0.21,-0.04001344567,-0.03413390063,-0.2099749986,8.458626884e-05
2.479,-0.04,-0.03426908488,-0.21,-0.04001345967,-0.03418938493,-0.2099749687,8.461567275e-05
2.48,-0.04,-0.03432429321,-0.21,-0.04001347345,-0.03424457542,-0.2099749389,8.464347602e-05
2.481,-0.04,-0.03437920605,-0.21,-0.04001348702,-0.03429947206,-0.2099749093,8.466967473e-05
2.482,-0.04,-0.03443382337,-0.21,-0.04001350037,-0.03435407483,-0.2099748797,8.469426502e-05
2.483,-0.04,-0.03448814513,-0.21,-0.0400135135,-0.03440838369,-0.2099748502,8.471724306e-05
2.484,-0.04,-0.03454217132,-0.21,-0.0400135264,-0.03446239863,-0.2099748209,8.473860505e-05
2.485,-0.04,-0.03459590191,-0.21,-0.04001353909,-0.03451611964,-0.2099747917,8.475834724e-05
2.486,-0.04,-0.03464933691,-0.21,-0.04001355155,-0.03456954671,-0.2099747626,8.477646589e-05
2.487,-0.04,-0.0347024763,-0.21,-0.0400135638,-0.03462267984,-0.2099747336,8.479295728e-05
2.488,-0.04,-0.0347553201,-0.21,-0.04001357581,-0.03467551903,-0.2099747047,8.480781767e-05
2.489,-0.04,-0.03480786831,-0.21,-0.04001358761,-0.03472806432,-0.2099746759,8.482104332e-05
2.49,-0.04,-0.03486012095,-0.21,-0.04001359918,-0.03478031571,-0.2099746473,8.483263048e-05
2.491,-0.04,-0.03491207805,-0.21,-0.04001361052,-0.03483227324,-0.2099746187,8.48425754e-05
2.492,-0.04,-0.03496373963,-0.21,-0.04001362163,-0.03488393695,-0.2099745903,8.485087433e-05
2.493,-0.04,-0.03501510574,-0.21,-0.04001363252,-0.03493530687,-0.209974562,8.485752355e-05
2.494,-0.04,-0.03506617643,-0.21,-0.04001364318,-0.03498638305,-0.2099745338,8.486251937e-05
2.495,-0.04,-0.03511695174,-0.21,-0.04001365361,-0.03503716556,-0.2099745057,8.486585809e-05
2.496,-0.04,-0.03516743173,-0.21,-0.04001366382,-0.03508765446,-0.2099744777,8.486753604e-05
2.497,-0.04,-0.03521761648,-0.21,-0.04001367379,-0.03513784981,-0.2099744499,8.486754956e-05
2.498,-0.04,-0.03526750605,-0.21,-0.04001368353,-0.0351877517,-0.2099744222,8.486589501e-05
2.499,-0.04,-0.03531710053,-0.21,-0.04001369303,-0.03523736021,-0.2099743946,8.486256873e-05
2.5,-0.04,-0.0353664,-0.21,-0.04001370231,-0.03528667543,-0.2099743671,8.48575671e-05
2.501,-0.04,-0.03541540456,-0.21,-0.04001371135,-0.03533569746,-0.2099743397,8.485088648e-05
2.502,-0.04,-0.03546411431,-0.21,-0.04001372016,-0.0353844264,-0.2099743125,8.484252327e-05
2.503,-0.04,-0.03551252936,-0.21,-0.04001372873,-0.03543286238,-0.2099742854,8.483247386e-05
2.504,-0.04,-0.03556064983,-0.21,-0.04001373707,-0.0354810055,-0.2099742584,8.482073466e-05
2.505,-0.04,-0.03560847583,-0.21,-0.04001374517,-0.03552885591,-0.2099742315,8.480730207e-05
2.506,-0.04,-0.03565600751,-0.21,-0.04001375303,-0.03557641372,-0.2099742047,8.479217252e-05
2.507,-0.04,-0.03570324499,-0.21,-0.04001376066,-0.03562367909,-0.2099741781,8.477534246e-05
2.508,-0.04,-0.03575018842,-0.21,-0.04001376805,-0.03567065216,-0.2099741516,8.475680834e-05
2.509,-0.04,-0.03579683795,-0.21,-0.0400137752,-0.03571733308,-0.2099741252,8.473656666e-05
2.51,-0.04,-0.03584319375,-0.21,-0.04001378211,-0.03576372203,-0.2099740989,8.47146139e-05
2.511,-0.04,-0.03588925597,-0.21,-0.04001378878,-0.03580981917,-0.2099740728,8.469094655e-05
2.512,-0.04,-0.0359350248,-0.21,-0.04001379521,-0.03585562468,-0.2099740468,8.466556114e-05
2.513,-0.04,-0.03598050041,-0.21,-0.04001380139,-0.03590113874,-0.2099740209,8.463845418e-05
2.514,-0.04,-0.036025683,-0.21,-0.04001380734,-0.03594636155,-0.2099739951,8.460962221e-05
2.515,-0.04,-0.03607057275,-0.21,-0.04001381304,-0.03599129331,-0.2099739695,8.457906177e-05
2.516,-0.04,-0.03611516987,-0.21,-0.0400138185,-0.03603593422,-0.209973944,8.454676943e-05
2.517,-0.04,-0.03615947457,-0.21,-0.04001382372,-0.0360802845,-0.2099739186,8.451274175e-05
2.518,-0.04,-0.03620348706,-0.21,-0.04001382869,-0.03612434436,-0.2099738933,8.447697535e-05
2.519,-0.04,-0.03624720758,-0.21,-0.04001383341,-0.03616811405,-0.2099738682,8.443946683e-05
2.52,-0.04,-0.03629063636,-0.21,-0.04001383789,-0.03621159379,-0.2099738431,8.440021283e-05
2.521,-0.04,-0.03633377363,-0.21,-0.04001384212,-0.03625478384,-0.2099738182,8.435921001e-05
2.522,-0.04,-0.03637661965,-0.21,-0.04001384611,-0.03629768443,-0.2099737935,8.431645501e-05
2.523,-0.04,-0.03641917466,-0.21,-0.04001384985,-0.03634029584,-0.2099737688,8.427194451e-05
2.524,-0.04,-0.03646143893,-0.21,-0.04001385334,-0.03638261832,-0.2099737443,8.422567519e-05
2.525,-0.04,-0.03650341274,-0.21,-0.04001385658,-0.03642465215,-0.2099737199,8.417764377e-05
2.526,-0.04,-0.03654509635,-0.21,-0.04001385957,-0.03646639761,-0.2099736957,8.412784696e-05
2.527,-0.04,-0.03658649005,-0.21,-0.04001386231,-0.036507855,-0.2099736716,8.40762815e-05
2.528,-0.04,-0.03662759413,-0.21,-0.0400138648,-0.0365490246,-0.2099736476,8.402294416e-05
2.529,-0.04,-0.03666840891,-0.21,-0.04001386704,-0.03658990673,-0.2099736237,8.396783173e-05
2.53,-0.04,-0.03670893467,-0.21,-0.04001386903,-0.03663050169,-0.2099735999,8.391094099e-05
2.531,-0.04,-0.03674917174,-0.21,-0.04001387077,-0.03667080981,-0.2099735763,8.385226877e-05
2.532,-0.04,-0.03678912044,-0.21,-0.04001387225,-0.0367108314,-0.2099735528,8.379181191e-05
2.533,-0.04,-0.03682878111,-0.21,-0.04001387348,-0.03675056681,-0.2099735294,8.372956728e-05
2.534,-0.04,-0.03686815407,-0.21,-0.04001387445,-0.03679001638,-0.2099735062,8.366553173e-05
2.535,-0.04,-0.03690723968,-0.21,-0.04001387518,-0.03682918046,-0.2099734831,8.359970216e-05
2.536,-0.04,-0.03694603829,-0.21,-0.04001387564,-0.0368680594,-0.2099734601,8.353207549e-05
2.537,-0.04,-0.03698455025,-0.21,-0.04001387585,-0.03690665358,-0.2099734372,8.346264865e-05
2.538,-0.04,-0.03702277595,-0.21,-0.04001387581,-0.03694496336,-0.2099734145,8.339141861e-05
2.539,-0.04,-0.03706071576,-0.21,-0.04001387551,-0.03698298913,-0.2099733918,8.331838236e-05
2.54,-0.04,-0.03709837006,-0.21,-0.04001387495,-0.03702073127,-0.2099733694,8.324353689e-05
2.541,-0.04,-0.03713573924,-0.21,-0.04001387413,-0.03705819018,-0.209973347,8.316687925e-05
2.542,-0.04,-0.03717282371,-0.21,-0.04001387306,-0.03709536628,-0.2099733248,8.308840647e-05
2.543,-0.04,-0.03720962387,-0.21,-0.04001387173,-0.03713225996,-0.2099733027,8.300811565e-05
2.544,-0.04,-0.03724614014,-0.21,-0.04001387013,-0.03716887165,-0.2099732807,8.292600387e-05
2.545,-0.04,-0.03728237294,-0.21,-0.04001386828,-0.03720520178,-0.2099732588,8.284206826e-05
2.546,-0.04,-0.03731832271,-0.21,-0.04001386617,-0.03724125078,-0.2099732371,8.275630597e-05
2.547,-0.04,-0.03735398988,-0.21,-0.0400138638,-0.0372770191,-0.2099732155,8.266871418e-05
2.548,-0.04,-0.03738937491,-0.21,-0.04001386117,-0.0373125072,-0.209973194,8.257929008e-05
2.549,-0.04,-0.03742447824,-0.21,-0.04001385828,-0.03734771552,-0.2099731726,8.248803091e-05
2.55,-0.04,-0.03745930035,-0.21,-0.04001385512,-0.03738264454,-0.2099731514,8.239493392e-05
2.551,-0.04,-0.0374938417,-0.21,-0.0400138517,-0.03741729474,-0.2099731303,8.229999641e-05
2.552,-0.04,-0.03752810278,-0.21,-0.04001384802,-0.03745166659,-0.2099731093,8.22032157e-05
2.553,-0.04,-0.03756208407,-0.21,-0.04001384408,-0.0374857606,-0.2099730884,8.210458912e-05
2.554,-0.04,-0.03759578607,-0.21,-0.04001383987,-0.03751957725,-0.2099730677,8.200411404e-05
2.555,-0.04,-0.03762920928,-0.21,-0.0400138354,-0.03755311707,-0.2099730471,8.190178786e-05
2.556,-0.04,-0.03766235421,-0.21,-0.04001383067,-0.03758638055,-0.2099730266,8.179760803e-05
2.557,-0.04,-0.03769522139,-0.21,-0.04001382567,-0.03761936824,-0.2099730062,8.169157201e-05
2.558,-0.04,-0.03772781134,-0.21,-0.0400138204,-0.03765208067,-0.209972986,8.15836773e-05
2.559,-0.04,-0.0377601246,-0.21,-0.04001381487,-0.03768451836,-0.2099729658,8.147392144e-05
2.56,-0.04,-0.03779216171,-0.21,-0.04001380907,-0.03771668188,-0.2099729458,8.136230199e-05
2.561,-0.04,-0.03782392323,-0.21,-0.04001380301,-0.03774857177,-0.2099729259,8.124881655e-05
2.562,-0.04,-0.03785540972,-0.21,-0.04001379668,-0.03778018861,-0.2099729062,8.113346276e-05
2.563,-0.04,-0.03788662174,-0.21,-0.04001379008,-0.03781153297,-0.2099728865,8.101623829e-05
2.564,-0.04,-0.03791755988,-0.21,-0.04001378322,-0.03784260543,-0.209972867,8.089714086e-05
2.565,-0.04,-0.03794822472,-0.21,-0.04001377608,-0.03787340657,-0.2099728476,8.077616821e-05
2.566,-0.04,-0.03797861685,-0.21,-0.04001376868,-0.03790393701,-0.2099728283,8.065331812e-05
2.567,-0.04,-0.03800873688,-0.21,-0.04001376101,-0.03793419734,-0.2099728091,8.052858843e-05
2.568,-0.04,-0.03803858542,-0.21,-0.04001375307,-0.03796418818,-0.20997279,8.0401977e-05
2.569,-0.04,-0.03806816308,-0.21,-0.04001374486,-0.03799391015,-0.2099727711,8.027348174e-05
2.57,-0.04,-0.0380974705,-0.21,-0.04001373638,-0.03802336389,-0.2099727523,8.01431006e-05
2.571,-0.04,-0.03812650831,-0.21,-0.04001372763,-0.03805255003,-0.2099727336,8.001083157e-05
2.572,-0.04,-0.03815527715,-0.21,-0.04001371861,-0.03808146922,-0.209972715,7.98766727e-05
2.573,-0.04,-0.03818377768,-0.21,-0.04001370932,-0.03811012213,-0.2099726965,7.974062206e-05
2.574,-0.04,-0.03821201055,-0.21,-0.04001369976,-0.03813850941,-0.2099726781,7.960267777e-05
2.575,-0.04,-0.03823997645,-0.21,-0.04001368992,-0.03816663174,-0.2099726599,7.946283803e-05
2.576,-0.04,-0.03826767604,-0.21,-0.04001367982,-0.03819448981,-0.2099726417,7.932110104e-05
2.577,-0.04,-0.03829511001,-0.21,-0.04001366944,-0.03822208429,-0.2099726237,7.917746509e-05
2.578,-0.04,-0.03832227905,-0.21,-0.04001365879,-0.0382494159,-0.2099726058,7.903192851e-05
2.579,-0.04,-0.03834918388,-0.21,-0.04001364786,-0.03827648533,-0.209972588,7.888448966e-05
2.58,-0.04,-0.0383758252,-0.21,-0.04001363667,-0.03830329331,-0.2099725703,7.873514698e-05
2.581,-0.04,-0.03840220373,-0.21,-0.0400136252,-0.03832984057,-0.2099725527,7.858389895e-05
2.582,-0.04,-0.03842832021,-0.21,-0.04001361345,-0.03835612783,-0.2099725352,7.84307441e-05
2.583,-0.04,-0.03845417536,-0.21,-0.04001360143,-0.03838215583,-0.2099725178,7.827568104e-05
2.584,-0.04,-0.03847976994,-0.21,-0.04001358914,-0.03840792533,-0.2099725005,7.811870842e-05
2.585,-0.04,-0.0385051047,-0.21,-0.04001357657,-0.03843343709,-0.2099724834,7.795982496e-05
2.586,-0.04,-0.03853018041,-0.21,-0.04001356373,-0.03845869187,-0.2099724663,7.779902942e-05
2.587,-0.04,-0.03855499784,-0.21,-0.04001355061,-0.03848369046,-0.2099724494,7.763632066e-05
2.588,-0.04,-0.03857955776,-0.21,-0.04001353722,-0.03850843363,-0.2099724325,7.747169756e-05
2.589,-0.04,-0.03860386097,-0.21,-0.04001352355,-0.03853292218,-0.2099724158,7.730515909e-05
2.59,-0.04,-0.03862790827,-0.21,-0.0400135096,-0.03855715692,-0.2099723991,7.71367043e-05
2.591,-0.04,-0.03865170047,-0.21,-0.04001349538,-0.03858113865,-0.2099723826,7.696633228e-05
2.592,-0.04,-0.03867523837,-0.21,-0.04001348088,-0.0386048682,-0.2099723661,7.679404222e-05
2.593,-0.04,-0.03869852282,-0.21,-0.04001346611,-0.0386283464,-0.2099723498,7.661983335e-05
2.594,-0.04,-0.03872155463,-0.21,-0.04001345105,-0.03865157408,-0.2099723336,7.6443705e-05
2.595,-0.04,-0.03874433465,-0.21,-0.04001343572,-0.03867455209,-0.2099723174,7.626565657e-05
2.596,-0.04,-0.03876686374,-0.21,-0.04001342012,-0.03869728129,-0.2099723014,7.608568753e-05
2.597,-0.04,-0.03878914275,-0.21,-0.04001340423,-0.03871976254,-0.2099722854,7.590379744e-05
2.598,-0.04,-0.03881117255,-0.21,-0.04001338807,-0.03874199671,-0.2099722695,7.571998562e-05
2.599,-0.04,-0.03883295403,-0.21,-0.04001337163,-0.03876398469,-0.2099722538,7.553425087e-05
2.6,-0.04,-0.03885448806,-0.21,-0.04001335491,-0.03878572738,-0.2099722381,7.534659166e-05
2.601,-0.04,-0.03887577555,-0.21,-0.04001333792,-0.03880722567,-0.2099722225,7.515700642e-05
2.602,-0.04,-0.0388968174,-0.21,-0.04001332065,-0.03882848047,-0.209972207,7.49654939e-05
2.603,-0.04,-0.03891761452,-0.21,-0.0400133031,-0.03884949271,-0.2099721916,7.477205336e-05
2.604,-0.04,-0.03893816784,-0.21,-0.04001328527,-0.03887026331,-0.2099721763,7.457668462e-05
2.605,-0.04,-0.03895847828,-0.21,-0.04001326716,-0.0388907932,-0.2099721611,7.437938801e-05
2.606,-0.04,-0.0389785468,-0.21,-0.04001324878,-0.03891108334,-0.2099721459,7.418016411e-05
2.607,-0.04,-0.03899837433,-0.21,-0.04001323012,-0.03893113468,-0.2099721309,7.397901355e-05
2.608,-0.04,-0.03901796184,-0.21,-0.04001321118,-0.03895094818,-0.2099721159,7.377593688e-05
2.609,-0.04,-0.0390373103,-0.21,-0.04001319197,-0.03897052481,-0.209972101,7.357093449e-05
2.61,-0.04,-0.03905642068,-0.21,-0.04001317247,-0.03898986556,-0.2099720862,7.336400668e-05
2.611,-0.04,-0.03907529398,-0.21,-0.0400131527,-0.03900897142,-0.2099720715,7.315515378e-05
2.612,-0.04,-0.03909393117,-0.21,-0.04001313265,-0.03902784338,-0.2099720569,7.29443763e-05
2.613,-0.04,-0.03911233328,-0.21,-0.04001311232,-0.03904648247,-0.2099720423,7.273167504e-05
2.614,-0.04,-0.03913050132,-0.21,-0.04001309172,-0.03906488969,-0.2099720278,7.251705111e-05
2.615,-0.04,-0.0391484363,-0.21,-0.04001307083,-0.03908306608,-0.2099720134,7.230050588e-05
2.616,-0.04,-0.03916613926,-0.21,-0.04001304967,-0.03910101267,-0.2099719991,7.208204094e-05
2.617,-0.04,-0.03918361125,-0.21,-0.04001302823,-0.0391187305,-0.2099719848,7.186165797e-05
2.618,-0.04,-0.03920085331,-0.21,-0.04001300651,-0.03913622064,-0.2099719706,7.163935873e-05
2.619,-0.04,-0.0392178665,-0.21,-0.04001298451,-0.03915348415,-0.2099719565,7.141514499e-05
2.62,-0.04,-0.03923465189,-0.21,-0.04001296224,-0.0391705221,-0.2099719424,7.118901861e-05
2.621,-0.04,-0.03925121057,-0.21,-0.04001293968,-0.03918733558,-0.2099719285,7.096098154e-05
2.622,-0.04,-0.03926754362,-0.21,-0.04001291685,-0.03920392568,-0.2099719146,7.073103593e-05
2.623,-0.04,-0.03928365213,-0.21,-0.04001289374,-0.0392202935,-0.2099719007,7.049918414e-05
2.624,-0.04,-0.03929953722,-0.21,-0.04001287035,-0.03923644015,-0.2099718869,7.026542876e-05
2.625,-0.04,-0.0393152,-0.21,-0.04001284668,-0.03925236676,-0.2099718732,7.002977261e-05
2.626,-0.04,-0.0393306416,-0.21,-0.04001282274,-0.03926807445,-0.2099718596,6.979221871e-05
2.627,-0.04,-0.03934586315,-0.21,-0.04001279851,-0.03928356437,-0.209971846,6.95527703e-05
2.628,-0.04,-0.03936086579,-0.21,-0.04001277401,-0.03929883767,-0.2099718324,6.931143076e-05
2.629,-0.04,-0.03937565069,-0.21,-0.04001274923,-0.03931389549,-0.209971819,6.906820364e-05
2.63,-0.04,-0.039390219,-0.21,-0.04001272417,-0.03932873902,-0.2099718056,6.882309267e-05
2.631,-0.04,-0.0394045719,-0.21,-0.04001269883,-0.03934336943,-0.2099717922,6.857610178e-05
2.632,-0.04,-0.03941871057,-0.21,-0.04001267322,-0.0393577879,-0.2099717789,6.83272351e-05
2.633,-0.04,-0.0394326362,-0.21,-0.04001264732,-0.03937199564,-0.2099717657,6.807649698e-05
2.634,-0.04,-0.03944634999,-0.21,-0.04001262115,-0.03938599385,-0.2099717525,6.782389204e-05
2.635,-0.04,-0.03945985316,-0.21,-0.0400125947,-0.03939978375,-0.2099717393,6.756942513e-05
2.636,-0.04,-0.03947314693,-0.21,-0.04001256798,-0.03941336656,-0.2099717262,6.731310137e-05
2.637,-0.04,-0.03948623253,-0.21,-0.04001254097,-0.03942674351,-0.2099717132,6.705492615e-05
2.638,-0.04,-0.03949911119,-0.21,-0.04001251369,-0.03943991586,-0.2099717002,6.679490513e-05
2.639,-0.04,-0.03951178417,-0.21,-0.04001248613,-0.03945288486,-0.2099716872,6.653304423e-05
2.64,-0.04,-0.03952425273,-0.21,-0.04001245829,-0.03946565177,-0.2099716743,6.626934965e-05
2.641,-0.04,-0.03953651813,-0.21,-0.04001243018,-0.03947821786,-0.2099716614,6.600382785e-05
2.642,-0.04,-0.03954858166,-0.21,-0.04001240178,-0.03949058443,-0.2099716486,6.57364856e-05
2.643,-0.04,-0.03956044461,-0.21,-0.04001237312,-0.03950275275,-0.2099716358,6.546732996e-05
2.644,-0.04,-0.03957210827,-0.21,-0.04001234417,-0.03951472415,-0.2099716231,6.519636828e-05
2.645,-0.04,-0.03958357395,-0.21,-0.04001231495,-0.03952649992,-0.2099716103,6.492360828e-05
2.646,-0.04,-0.03959484296,-0.21,-0.04001228545,-0.03953808139,-0.2099715977,6.464905799e-05
2.647,-0.04,-0.03960591665,-0.21,-0.04001225567,-0.0395494699,-0.209971585,6.437272583e-05
2.648,-0.04,-0.03961679634,-0.21,-0.04001222562,-0.03956066679,-0.2099715724,6.409462057e-05
2.649,-0.04,-0.03962748338,-0.21,-0.04001219529,-0.03957167341,-0.2099715598,6.381475137e-05
2.65,-0.04,-0.03963797914,-0.21,-0.04001216469,-0.03958249112,-0.2099715473,6.353312777e-05
2.651,-0.04,-0.03964828497,-0.21,-0.04001213381,-0.03959312129,-0.2099715347,6.324975971e-05
2.652,-0.04,-0.03965840225,-0.21,-0.04001210265,-0.03960356531,-0.2099715222,6.296465755e-05
2.653,-0.04,-0.03966833238,-0.21,-0.04001207122,-0.03961382457,-0.2099715097,6.267783203e-05
2.654,-0.04,-0.03967807675,-0.21,-0.04001203952,-0.03962390046,-0.2099714973,6.238929436e-05
2.655,-0.04,-0.03968763676,-0.21,-0.04001200754,-0.03963379441,-0.2099714849,6.209905617e-05
2.656,-0.04,-0.03969701384,-0.21,-0.04001197528,-0.03964350783,-0.2099714724,6.180712958e-05
2.657,-0.04,-0.0397062094,-0.21,-0.04001194275,-0.03965304216,-0.20997146,6.151352722e-05
2.658,-0.04,-0.0397152249,-0.21,-0.04001190994,-0.03966239883,-0.2099714477,6.12182622e-05
2.659,-0.04,-0.03972406177,-0.21,-0.04001187686,-0.0396715793,-0.2099714353,6.092134818e-05
2.66,-0.04,-0.03973272147,-0.21,-0.04001184351,-0.03968058504,-0.209971423,6.062279937e-05
2.661,-0.04,-0.03974120547,-0.21,-0.04001180988,-0.0396894175,-0.2099714106,6.032263052e-05
2.662,-0.04,-0.03974951524,-0.21,-0.04001177598,-0.03969807818,-0.2099713983,6.002085699e-05
2.663,-0.04,-0.03975765229,-0.21,-0.04001174181,-0.03970656857,-0.209971386,5.971749468e-05
2.664,-0.04,-0.03976561809,-0.21,-0.04001170736,-0.03971489017,-0.2099713736,5.941256015e-05
2.665,-0.04,-0.03977341416,-0.21,-0.04001167264,-0.03972304449,-0.2099713613,5.910607059e-05
2.666,-0.04,-0.03978104202,-0.21,-0.04001163765,-0.03973103305,-0.209971349,5.879804382e-05
2.667,-0.04,-0.0397885032,-0.21,-0.04001160239,-0.03973885739,-0.2099713367,5.848849841e-05
2.668,-0.04,-0.03979579923,-0.21,-0.04001156685,-0.03974651905,-0.2099713244,5.817745361e-05
2.669,-0.04,-0.03980293167,-0.21,-0.04001153104,-0.03975401959,-0.2099713121,5.786492944e-05
2.67,-0.04,-0.03980990206,-0.21,-0.04001149496,-0.03976136056,-0.2099712998,5.755094667e-05
2.671,-0.04,-0.03981671199,-0.21,-0.04001145861,-0.03976854354,-0.2099712875,5.723552688e-05
2.672,-0.04,-0.03982336303,-0.21,-0.04001142199,-0.03977557012,-0.2099712752,5.69186925e-05
2.673,-0.04,-0.03982985677,-0.21,-0.0400113851,-0.03978244188,-0.2099712629,5.660046676e-05
2.674,-0.04,-0.0398361948,-0.21,-0.04001134794,-0.03978916044,-0.2099712506,5.628087383e-05
2.675,-0.04,-0.03984237875,-0.21,-0.0400113105,-0.03979572741,-0.2099712382,5.595993874e-05
2.676,-0.04,-0.03984841023,-0.21,-0.0400112728,-0.03980214442,-0.2099712259,5.563768753e-05
2.677,-0.04,-0.03985429087,-0.21,-0.04001123483,-0.03980841309,-0.2099712135,5.531414719e-05
2.678,-0.04,-0.03986002232,-0.21,-0.04001119659,-0.03981453508,-0.2099712011,5.498934577e-05
2.679,-0.04,-0.03986560622,-0.21,-0.04001115809,-0.03982051204,-0.2099711887,5.466331236e-05
2.68,-0.04,-0.03987104424,-0.21,-0.04001111931,-0.03982634564,-0.2099711763,5.43360772e-05
2.681,-0.04,-0.03987633806,-0.21,-0.04001108027,-0.03983203755,-0.2099711639,5.400767165e-05
2.682,-0.04,-0.03988148934,-0.21,-0.04001104095,-0.03983758948,-0.2099711514,5.367812828e-05
2.683,-0.04,-0.0398864998,-0.21,-0.04001100138,-0.0398430031,-0.2099711389,5.33474809e-05
2.684,-0.04,-0.03989137113,-0.21,-0.04001096153,-0.03984828014,-0.2099711264,5.301576459e-05
2.685,-0.04,-0.03989610504,-0.21,-0.04001092142,-0.0398534223,-0.2099711139,5.268301577e-05
2.686,-0.04,-0.03990070327,-0.21,-0.04001088104,-0.03985843133,-0.2099711013,5.234927225e-05
2.687,-0.04,-0.03990516755,-0.21,-0.0400108404,-0.03986330896,-0.2099710887,5.201457329e-05
2.688,-0.04,-0.03990949962,-0.21,-0.04001079949,-0.03986805694,-0.2099710761,5.167895962e-05
2.689,-0.04,-0.03991370125,-0.21,-0.04001075832,-0.03987267704,-0.2099710635,5.134247356e-05
2.69,-0.04,-0.03991777419,-0.21,-0.04001071688,-0.03987717102,-0.2099710508,5.100515902e-05
2.691,-0.04,-0.03992172024,-0.21,-0.04001067518,-0.03988154067,-0.2099710381,5.06670616e-05
2.692,-0.04,-0.03992554117,-0.21,-0.04001063321,-0.03988578779,-0.2099710253,5.032822865e-05
2.693,-0.04,-0.03992923879,-0.21,-0.04001059099,-0.03988991417,-0.2099710125,4.998870933e-05
2.694,-0.04,-0.03993281492,-0.21,-0.0400105485,-0.03989392163,-0.2099709996,4.964855466e-05
2.695,-0.04,-0.03993627136,-0.21,-0.04001050574,-0.039897812,-0.2099709868,4.930781765e-05
2.696,-0.04,-0.03993960995,-0.21,-0.04001046273,-0.03990158712,-0.2099709738,4.896655331e-05
2.697,-0.04,-0.03994283253,-0.21,-0.04001041945,-0.03990524882,-0.2099709608,4.862481877e-05
2.698,-0.04,-0.03994594097,-0.21,-0.04001037591,-0.03990879897,-0.2099709478,4.828267336e-05
2.699,-0.04,-0.03994893711,-0.21,-0.04001033211,-0.03991223944,-0.2099709347,4.794017867e-05
2.7,-0.04,-0.03995182285,-0.21,-0.04001028806,-0.03991557211,-0.2099709216,4.759739867e-05
2.701,-0.04,-0.03995460006,-0.21,-0.04001024374,-0.03991879886,-0.2099709084,4.72543998e-05
2.702,-0.04,-0.03995727063,-0.21,-0.04001019916,-0.0399219216,-0.2099708952,4.691125102e-05
2.703,-0.04,-0.03995983649,-0.21,-0.04001015432,-0.03992494224,-0.2099708819,4.656802398e-05
2.704,-0.04,-0.03996229954,-0.21,-0.04001010923,-0.03992786271,-0.2099708686,4.622479306e-05
2.705,-0.04,-0.03996466172,-0.21,-0.04001006388,-0.03993068493,-0.2099708552,4.58816355e-05
2.706,-0.04,-0.03996692496,-0.21,-0.04001001827,-0.03993341084,-0.2099708417,4.553863151e-05
2.707,-0.04,-0.03996909122,-0.21,-0.0400099724,-0.03993604242,-0.2099708282,4.519586438e-05
2.708,-0.04,-0.03997116246,-0.21,-0.04000992628,-0.03993858162,-0.2099708146,4.485342059e-05
2.709,-0.04,-0.03997314065,-0.21,-0.0400098799,-0.03994103042,-0.209970801,4.451138992e-05
2.71,-0.04,-0.03997502779,-0.21,-0.04000983326,-0.0399433908,-0.2099707872,4.416986562e-05
2.711,-0.04,-0.03997682585,-0.21,-0.04000978637,-0.03994566478,-0.2099707735,4.382894447e-05
2.712,-0.04,-0.03997853685,-0.21,-0.04000973923,-0.03994785435,-0.2099707596,4.348872695e-05
2.713,-0.04,-0.03998016281,-0.21,-0.04000969183,-0.03994996154,-0.2099707457,4.314931738e-05
2.714,-0.04,-0.03998170576,-0.21,-0.04000964418,-0.03995198839,-0.2099707317,4.281082401e-05
2.715,-0.04,-0.03998316773,-0.21,-0.04000959627,-0.03995393693,-0.2099707176,4.247335919e-05
2.716,-0.04,-0.03998455077,-0.21,-0.04000954812,-0.03995580922,-0.2099707035,4.213703953e-05
2.717,-0.04,-0.03998585695,-0.21,-0.04000949971,-0.03995760732,-0.2099706893,4.180198599e-05
2.718,-0.04,-0.03998708835,-0.21,-0.04000945105,-0.03995933332,-0.209970675,4.146832404e-05
2.719,-0.04,-0.03998824703,-0.21,-0.04000940214,-0.03996098931,-0.2099706606,4.113618384e-05
2.72,-0.04,-0.03998933511,-0.21,-0.04000935298,-0.03996257737,-0.2099706461,4.080570034e-05
2.721,-0.04,-0.03999035468,-0.21,-0.04000930356,-0.03996409962,-0.2099706316,4.047701345e-05
2.722,-0.04,-0.03999130787,-0.21,-0.0400092539,-0.03996555819,-0.209970617,4.01502682e-05
2.723,-0.04,-0.0399921968,-0.21,-0.040009204,-0.0399669552,-0.2099706022,3.982561482e-05
2.724,-0.04,-0.03999302361,-0.21,-0.04000915384,-0.0399682928,-0.2099705875,3.950320895e-05
2.725,-0.04,-0.03999379046,-0.21,-0.04000910343,-0.03996957315,-0.2099705726,3.918321176e-05
2.726,-0.04,-0.03999449951,-0.21,-0.04000905278,-0.03997079841,-0.2099705576,3.886579005e-05
2.727,-0.04,-0.03999515293,-0.21,-0.04000900188,-0.03997197076,-0.2099705425,3.855111643e-05
2.728,-0.04,-0.03999575291,-0.21,-0.04000895074,-0.03997309238,-0.2099705274,3.823936938e-05
2.729,-0.04,-0.03999630164,-0.21,-0.04000889935,-0.03997416549,-0.2099705122,3.793073341e-05
2.73,-0.04,-0.03999680134,-0.21,-0.04000884771,-0.03997519229,-0.2099704968,3.762539914e-05
2.731,-0.04,-0.03999725422,-0.21,-0.04000879583,-0.03997617501,-0.2099704814,3.732356342e-05
2.732,-0.04,-0.03999766251,-0.21,-0.04000874371,-0.03997711587,-0.2099704659,3.702542935e-05
2.733,-0.04,-0.03999802846,-0.21,-0.04000869134,-0.03997801713,-0.2099704502,3.673120638e-05
2.734,-0.04,-0.03999835433,-0.21,-0.04000863873,-0.03997888104,-0.2099704345,3.644111034e-05
2.735,-0.04,-0.03999864236,-0.21,-0.04000858588,-0.03997970988,-0.2099704187,3.615536346e-05
2.736,-0.04,-0.03999889486,-0.21,-0.04000853279,-0.03998050592,-0.2099704028,3.587419439e-05
2.737,-0.04,-0.03999911409,-0.21,-0.04000847945,-0.03998127145,-0.2099703867,3.559783811e-05
2.738,-0.04,-0.03999930236,-0.21,-0.04000842588,-0.03998200879,-0.2099703706,3.532653593e-05
2.739,-0.04,-0.03999946199,-0.21,-0.04000837206,-0.03998272023,-0.2099703544,3.506053537e-05
2.74,-0.04,-0.0399995953,-0.21,-0.04000831801,-0.03998340812,-0.209970338,3.480009005e-05
2.741,-0.04,-0.03999970462,-0.21,-0.04000826372,-0.03998407478,-0.2099703216,3.45454595e-05
2.742,-0.04,-0.03999979229,-0.21,-0.04000820919,-0.03998472258,-0.209970305,3.4296909e-05
2.743,-0.04,-0.03999986068,-0.21,-0.04000815442,-0.03998535386,-0.2099702884,3.405470926e-05
2.744,-0.04,-0.03999991216,-0.21,-0.04000809941,-0.039985971,-0.2099702716,3.381913621e-05
2.745,-0.04,-0.03999994911,-0.21,-0.04000804417,-0.03998657639,-0.2099702547,3.359047056e-05
2.746,-0.04,-0.03999997391,-0.21,-0.04000798869,-0.03998717242,-0.2099702377,3.33689975e-05
2.747,-0.04,-0.03999998898,-0.21,-0.04000793298,-0.03998776151,-0.2099702206,3.315500614e-05
2.748,-0.04,-0.03999999673,-0.21,-0.04000787703,-0.03998834606,-0.2099702034,3.294878909e-05
2.749,-0.04,-0.03999999959,-0.21,-0.04000782085,-0.03998892851,-0.2099701861,3.275064184e-05
2.75,-0.04,-0.04,-0.21,-0.04000776444,-0.03998951131,-0.2099701686,3.256086214e-05
2.751,-0.03999999959,-0.04,-0.21,-0.04000770779,-0.03999009691,-0.2099701511,3.237972128e-05
2.752,-0.03999999673,-0.04,-0.21,-0.04000763474,-0.03999065799,-0.2099701293,3.221597962e-05
2.753,-0.03999998898,-0.04,-0.21,-0.04000751001,-0.03999113422,-0.209970107,3.207426457e-05
2.754,-0.03999997391,-0.04,-0.21,-0.04000730308,-0.03999147738,-0.2099701063,3.193723471e-05
2.755,-0.03999994911,-0.04,-0.21,-0.040007002,-0.0399916749,-0.2099701497,3.178190475e-05
2.756,-0.03999991216,-0.04,-0.21,-0.04000661582,-0.03999175234,-0.2099702415,3.159959071e-05
2.757,-0.03999986068,-0.04,-0.21,-0.04000616856,-0.03999176054,-0.2099703636,3.140057933e-05
2.758,-0.03999979229,-0.04,-0.21,-0.04000568896,-0.03999175528,-0.2099704873,3.120485906e-05
2.759,-0.03999970462,-0.04,-0.21,-0.04000520015,-0.0399917779,-0.2099705885,3.102971001e-05
2.76,-0.0399995953,-0.04,-0.21,-0.04000471285,-0.03999184386,-0.2099706571,3.088233842e-05
2.761,-0.03999946199,-0.04,-0.21,-0.04000422393,-0.03999194254,-0.2099706993,3.075922063e-05
2.762,-0.03999930236,-0.04,-0.21,-0.04000372023,-0.03999204691,-0.2099707314,3.064995156e-05
2.763,-0.03999911409,-0.04,-0.21,-0.04000318515,-0.03999212793,-0.2099707713,3.054279521e-05
2.764,-0.03999889486,-0.04,-0.21,-0.04000260529,-0.03999216737,-0.2099708308,3.042960205e-05
2.765,-0.03999864236,-0.04,-0.21,-0.04000197441,-0.03999216419,-0.2099709123,3.030832684e-05
2.766,-0.03999835433,-0.04,-0.21,-0.04000129378,-0.03999213288,-0.2099710095,3.01824826e-05
2.767,-0.03999802846,-0.04,-0.21,-0.04000056951,-0.03999209582,-0.209971111,3.005838333e-05
2.768,-0.03999766251,-0.04,-0.21,-0.03999980851,-0.03999207347,-0.2099712062,2.994194672e-05
2.769,-0.03999725422,-0.04,-0.21,-0.03999901488,-0.0399920768,-0.2099712886,2.983654509e-05
2.77,-0.03999680134,-0.04,-0.21,-0.03999818823,-0.03999210452,-0.2099713583,2.97424175e-05
2.771,-0.03999630164,-0.04,-0.21,-0.03999732396,-0.03999214561,-0.2099714199,2.965736481e-05
2.772,-0.03999575291,-0.04,-0.21,-0.03999641528,-0.03999218518,-0.2099714806,2.957814894e-05
2.773,-0.03999515293,-0.04,-0.21,-0.03999545553,-0.03999221104,-0.2099715464,2.950197703e-05
2.774,-0.03999449951,-0.04,-0.21,-0.03999443994,-0.03999221812,-0.2099716201,2.942750343e-05
2.775,-0.03999379046,-0.04,-0.21,-0.03999336628,-0.03999220944,-0.2099717008,2.935501066e-05
2.776,-0.03999302361,-0.04,-0.21,-0.03999223425,-0.03999219376,-0.2099717848,2.928584243e-05
2.777,-0.0399921968,-0.04,-0.21,-0.03999104424,-0.03999218135,-0.2099718675,2.92215198e-05
2.778,-0.03999130787,-0.04,-0.21,-0.03998979605,-0.03999217977,-0.2099719458,2.916302863e-05
2.779,-0.03999035468,-0.04,-0.21,-0.03998848819,-0.03999219137,-0.2099720185,2.911054276e-05
2.78,-0.03998933511,-0.04,-0.21,-0.03998711788,-0.03999221318,-0.2099720869,2.906356448e-05
2.781,-0.03998824703,-0.04,-0.21,-0.03998568165,-0.03999223888,-0.2099721536,2.902130205e-05
2.782,-0.03998708835,-0.04,-0.21,-0.03998417613,-0.03999226169,-0.2099722213,2.898307382e-05
2.783,-0.03998585695,-0.04,-0.21,-0.03998259867,-0.03999227707,-0.2099722915,2.89485706e-05
2.784,-0.03998455077,-0.04,-0.21,-0.03998094752,-0.03999228409,-0.2099723644,2.891788999e-05
2.785,-0.03998316773,-0.04,-0.21,-0.03997922148,-0.03999228521,-0.2099724388,2.889136634e-05
2.786,-0.03998170576,-0.04,-0.21,-0.03997741942,-0.03999228481,-0.2099725129,2.886931581e-05
2.787,-0.03998016281,-0.04,-0.21,-0.03997553976,-0.03999228723,-0.2099725852,2.885184106e-05
2.788,-0.03997853685,-0.04,-0.21,-0.03997358026,-0.03999229514,-0.2099726551,2.883878196e-05
2.789,-0.03997682585,-0.04,-0.21,-0.03997153809,-0.03999230881,-0.2099727229,2.882980585e-05
2.79,-0.03997502779,-0.04,-0.21,-0.03996941028,-0.03999232637,-0.2099727894,2.882456526e-05
2.791,-0.03997314065,-0.04,-0.21,-0.03996719411,-0.0399923449,-0.2099728561,2.882283717e-05
2.792,-0.03997116246,-0.04,-0.21,-0.03996488746,-0.03999236165,-0.2099729235,2.882458461e-05
2.793,-0.03996909122,-0.04,-0.21,-0.03996248884,-0.03999237504,-0.209972992,2.882992491e-05
2.794,-0.03996692496,-0.04,-0.21,-0.03995999713,-0.03999238504,-0.209973061,2.883903016e-05
2.795,-0.03996466172,-0.04,-0.21,-0.03995741124,-0.0399923929,-0.2099731299,2.885201283e-05
2.796,-0.03996229954,-0.04,-0.21,-0.03995472971,-0.03999240046,-0.2099731978,2.88688505e-05
2.797,-0.03995983649,-0.04,-0.21,-0.03995195053,-0.03999240937,-0.2099732644,2.888937964e-05
2.798,-0.03995727063,-0.04,-0.21,-0.0399490712,-0.03999242052,-0.2099733297,2.891335251e-05
2.799,-0.03995460006,-0.04,-0.21,-0.03994608893,-0.03999243386,-0.2099733942,2.894052319e-05
2.8,-0.03995182285,-0.04,-0.21,-0.03994300106,-0.03999244856,-0.2099734584,2.897072124e-05
2.801,-0.03994893711,-0.04,-0.21,-0.03993980526,-0.03999246352,-0.2099735229,2.90038834e-05
2.802,-0.03994594097,-0.04,-0.21,-0.03993649975,-0.03999247777,-0.2099735878,2.90400359e-05
2.803,-0.03994283253,-0.04,-0.21,-0.03993308314,-0.0399924908,-0.209973653,2.907924196e-05
2.804,-0.03993960995,-0.04,-0.21,-0.03992955428,-0.03999250264,-0.2099737181,2.91215411e-05
2.805,-0.03993627136,-0.04,-0.21,-0.03992591196,-0.03999251375,-0.2099737827,2.916690727e-05
2.806,-0.03993281492,-0.04,-0.21,-0.03992215463,-0.03999252475,-0.2099738464,2.921524058e-05
2.807,-0.03992923879,-0.04,-0.21,-0.03991828039,-0.03999253615,-0.2099739093,2.92663914e-05
2.808,-0.03992554117,-0.04,-0.21,-0.03991428697,-0.03999254821,-0.2099739714,2.93202016e-05
2.809,-0.03992172024,-0.04,-0.21,-0.03991017199,-0.03999256092,-0.2099740331,2.937654322e-05
2.81,-0.03991777419,-0.04,-0.21,-0.03990593311,-0.03999257403,-0.2099740947,2.943533857e-05
2.811,-0.03991370125,-0.04,-0.21,-0.03990156827,-0.03999258724,-0.2099741565,2.949655625e-05
2.812,-0.03990949962,-0.04,-0.21,-0.03989707572,-0.03999260029,-0.2099742183,2.956018841e-05
2.813,-0.03990516755,-0.04,-0.21,-0.03989245398,-0.03999261304,-0.2099742801,2.962622125e-05
2.814,-0.03990070327,-0.04,-0.21,-0.03988770175,-0.0399926255,-0.2099743417,2.969461256e-05
2.815,-0.03989610504,-0.04,-0.21,-0.03988281768,-0.03999263774,-0.2099744028,2.97652847e-05
2.816,-0.03989137113,-0.04,-0.21,-0.03987780024,-0.03999264989,-0.2099744633,2.983813417e-05
2.817,-0.0398864998,-0.04,-0.21,-0.03987264771,-0.03999266202,-0.2099745233,2.991305147e-05
2.818,-0.03988148934,-0.04,-0.21,-0.03986735815,-0.03999267419,-0.2099745827,2.998994146e-05
2.819,-0.03987633806,-0.04,-0.21,-0.03986192953,-0.03999268641,-0.2099746419,3.00687357e-05
2.82,-0.03987104424,-0.04,-0.21,-0.03985635983,-0.03999269868,-0.2099747009,3.014939233e-05
2.821,-0.03986560622,-0.04,-0.21,-0.03985064717,-0.03999271098,-0.2099747599,3.023188515e-05
2.822,-0.03986002232,-0.04,-0.21,-0.03984478984,-0.03999272331,-0.2099748188,3.031618736e-05
2.823,-0.03985429087,-0.04,-0.21,-0.0398387863,-0.03999273566,-0.2099748776,3.040225734e-05
2.824,-0.03984841023,-0.04,-0.21,-0.03983263511,-0.03999274802,-0.2099749362,3.049003193e-05
2.825,-0.03984237875,-0.04,-0.21,-0.03982633486,-0.03999276034,-0.2099749944,3.057942938e-05
2.826,-0.0398361948,-0.04,-0.21,-0.03981988408,-0.03999277258,-0.2099750521,3.06703599e-05
2.827,-0.03982985677,-0.04,-0.21,-0.03981328119,-0.03999278471,-0.2099751095,3.076273886e-05
2.828,-0.03982336303,-0.04,-0.21,-0.0398065245,-0.03999279668,-0.2099751666,3.085649752e-05
2.829,-0.03981671199,-0.04,-0.21,-0.03979961226,-0.03999280853,-0.2099752233,3.095158704e-05
2.83,-0.03980990206,-0.04,-0.21,-0.0397925427,-0.03999282029,-0.2099752799,3.104797514e-05
2.831,-0.03980293167,-0.04,-0.21,-0.03978531411,-0.03999283203,-0.2099753364,3.114563709e-05
2.832,-0.03979579923,-0.04,-0.21,-0.03977792485,-0.03999284383,-0.2099753927,3.1244545e-05
2.833,-0.0397885032,-0.04,-0.21,-0.03977037338,-0.0399928557,-0.2099754489,3.134465934e-05
2.834,-0.03978104202,-0.04,-0.21,-0.03976265824,-0.03999286765,-0.2099755049,3.144592571e-05
2.835,-0.03977341416,-0.04,-0.21,-0.03975477799,-0.03999287961,-0.2099755605,3.154827736e-05
2.836,-0.03976561809,-0.04,-0.21,-0.03974673121,-0.03999289153,-0.2099756159,3.16516423e-05
2.837,-0.03975765229,-0.04,-0.21,-0.03973851644,-0.03999290333,-0.2099756711,3.175595195e-05
2.838,-0.03974951524,-0.04,-0.21,-0.03973013217,-0.03999291497,-0.2099757259,3.186114828e-05
2.839,-0.03974120547,-0.04,-0.21,-0.03972157684,-0.03999292646,-0.2099757805,3.196718718e-05
2.84,-0.03973272147,-0.04,-0.21,-0.03971284889,-0.03999293783,-0.2099758349,3.207403706e-05
2.841,-0.03972406177,-0.04,-0.21,-0.03970394675,-0.03999294916,-0.2099758892,3.218167381e-05
2.842,-0.0397152249,-0.04,-0.21,-0.03969486889,-0.0399929605,-0.2099759433,3.229007386e-05
2.843,-0.0397062094,-0.04,-0.21,-0.03968561382,-0.03999297189,-0.2099759972,3.239920793e-05
2.844,-0.03969701384,-0.04,-0.21,-0.03967618012,-0.03999298333,-0.2099760509,3.250903743e-05
2.845,-0.03968763676,-0.04,-0.21,-0.03966656638,-0.03999299481,-0.2099761044,3.261951447e-05
2.846,-0.03967807675,-0.04,-0.21,-0.03965677124,-0.03999300625,-0.2099761577,3.273058511e-05
2.847,-0.03966833238,-0.04,-0.21,-0.03964679333,-0.03999301762,-0.2099762108,3.284219477e-05
2.848,-0.03965840225,-0.04,-0.21,-0.03963663125,-0.03999302886,-0.2099762637,3.295429358e-05
2.849,-0.03964828497,-0.04,-0.21,-0.03962628361,-0.03999303998,-0.2099763164,3.306684028e-05
2.85,-0.03963797914,-0.04,-0.21,-0.03961574898,-0.03999305099,-0.2099763689,3.317980323e-05
2.851,-0.03962748338,-0.04,-0.21,-0.03960502594,-0.03999306194,-0.2099764212,3.329315865e-05
2.852,-0.03961679634,-0.04,-0.21,-0.03959411308,-0.03999307286,-0.2099764733,3.34068866e-05
2.853,-0.03960591665,-0.04,-0.21,-0.039583009,-0.0399930838,-0.2099765253,3.352096635e-05
2.854,-0.03959484296,-0.04,-0.21,-0.03957171234,-0.03999309476,-0.2099765771,3.363537245e-05
2.855,-0.03958357395,-0.04,-0.21,-0.03956022177,-0.03999310573,-0.2099766288,3.375007292e-05
2.856,-0.03957210827,-0.04,-0.21,-0.03954853598,-0.03999311669,-0.2099766803,3.386502978e-05
2.857,-0.03956044461,-0.04,-0.21,-0.03953665369,-0.03999312759,-0.2099767316,3.398020182e-05
2.858,-0.03954858166,-0.04,-0.21,-0.0395245736,-0.03999313842,-0.2099767828,3.409554844e-05
2.859,-0.03953651813,-0.04,-0.21,-0.03951229443,-0.03999314915,-0.2099768338,3.421103331e-05
2.86,-0.03952425273,-0.04,-0.21,-0.03949981488,-0.0399931598,-0.2099768846,3.432662672e-05
2.861,-0.03951178417,-0.04,-0.21,-0.03948713366,-0.03999317038,-0.2099769353,3.444230577e-05
2.862,-0.03949911119,-0.04,-0.21,-0.03947424946,-0.03999318091,-0.2099769858,3.455805273e-05
2.863,-0.03948623253,-0.04,-0.21,-0.03946116098,-0.03999319144,-0.2099770362,3.467385187e-05
2.864,-0.03947314693,-0.04,-0.21,-0.03944786697,-0.03999320195,-0.2099770864,3.478968616e-05
2.865,-0.03945985316,-0.04,-0.21,-0.03943436617,-0.03999321247,-0.2099771365,3.490553479e-05
2.866,-0.03944634999,-0.04,-0.21,-0.03942065735,-0.03999322296,-0.2099771865,3.50213722e-05
2.867,-0.0394326362,-0.04,-0.21,-0.0394067393,-0.03999323343,-0.2099772363,3.513716903e-05
2.868,-0.03941871057,-0.04,-0.21,-0.03939261084,-0.03999324384,-0.209977286,3.525289438e-05
2.869,-0.0394045719,-0.04,-0.21,-0.03937827076,-0.03999325418,-0.2099773356,3.536851869e-05
2.87,-0.039390219,-0.04,-0.21,-0.03936371788,-0.03999326446,-0.209977385,3.548401613e-05
2.871,-0.03937565069,-0.04,-0.21,-0.039348951,-0.03999327468,-0.2099774343,3.559936587e-05
2.872,-0.03936086579,-0.04,-0.21,-0.03933396895,-0.03999328486,-0.2099774834,3.571455179e-05
2.873,-0.03934586315,-0.04,-0.21,-0.03931877052,-0.039993295,-0.2099775325,3.582956082e-05
2.874,-0.0393306416,-0.04,-0.21,-0.03930335455,-0.03999330512,-0.2099775814,3.594438065e-05
2.875,-0.0393152,-0.04,-0.21,-0.03928771989,-0.03999331522,-0.2099776302,3.605899741e-05
2.876,-0.03929953722,-0.04,-0.21,-0.03927186538,-0.0399933253,-0.2099776789,3.617339428e-05
2.877,-0.03928365213,-0.04,-0.21,-0.0392557899,-0.03999333536,-0.2099777275,3.628755126e-05
2.878,-0.03926754362,-0.04,-0.21,-0.03923949235,-0.03999334538,-0.209977776,3.640144624e-05
2.879,-0.03925121057,-0.04,-0.21,-0.03922297163,-0.03999335535,-0.2099778243,3.651505679e-05
2.88,-0.03923465189,-0.04,-0.21,-0.03920622664,-0.03999336528,-0.2099778726,3.662836205e-05
2.881,-0.0392178665,-0.04,-0.21,-0.03918925629,-0.03999337515,-0.2099779207,3.674134425e-05
2.882,-0.03920085331,-0.04,-0.21,-0.03917205949,-0.03999338498,-0.2099779688,3.685398911e-05
2.883,-0.03918361125,-0.04,-0.21,-0.03915463517,-0.03999339477,-0.2099780167,3.696628527e-05
2.884,-0.03916613926,-0.04,-0.21,-0.03913698224,-0.03999340453,-0.2099780646,3.707822299e-05
2.885,-0.0391484363,-0.04,-0.21,-0.03911909964,-0.03999341427,-0.2099781124,3.718979249e-05
2.886,-0.03913050132,-0.04,-0.21,-0.03910098632,-0.03999342398,-0.20997816,3.730098258e-05
2.887,-0.03911233328,-0.04,-0.21,-0.03908264125,-0.03999343367,-0.2099782076,3.741178003e-05
2.888,-0.03909393117,-0.04,-0.21,-0.03906406341,-0.03999344333,-0.2099782551,3.752216973e-05
2.889,-0.03907529398,-0.04,-0.21,-0.03904525177,-0.03999345296,-0.2099783025,3.763213559e-05
2.89,-0.03905642068,-0.04,-0.21,-0.03902620534,-0.03999346254,-0.2099783499,3.774166186e-05
2.891,-0.0390373103,-0.04,-0.21,-0.03900692313,-0.03999347209,-0.2099783971,3.785073429e-05
2.892,-0.03901796184,-0.04,-0.21,-0.03898740413,-0.03999348159,-0.2099784443,3.795934084e-05
2.893,-0.03899837433,-0.04,-0.21,-0.03896764737,-0.03999349106,-0.2099784914,3.806747174e-05
2.894,-0.0389785468,-0.04,-0.21,-0.03894765187,-0.03999350049,-0.2099785384,3.817511892e-05
2.895,-0.03895847828,-0.04,-0.21,-0.03892741666,-0.0399935099,-0.2099785854,3.828227501e-05
2.896,-0.03893816784,-0.04,-0.21,-0.03890694078,-0.03999351928,-0.2099786322,3.838893233e-05
2.897,-0.03891761452,-0.04,-0.21,-0.03888622328,-0.03999352864,-0.2099786791,3.849508214e-05
2.898,-0.0388968174,-0.04,-0.21,-0.03886526322,-0.03999353797,-0.2099787258,3.860071444e-05
2.899,-0.03887577555,-0.04,-0.21,-0.03884405969,-0.03999354728,-0.2099787725,3.870581824e-05
2.9,-0.03885448806,-0.04,-0.21,-0.03882261177,-0.03999355655,-0.2099788191,3.881038225e-05
2.901,-0.03883295403,-0.04,-0.21,-0.03880091855,-0.03999356579,-0.2099788657,3.891439573e-05
2.902,-0.03881117255,-0.04,-0.21,-0.03877897913,-0.03999357499,-0.2099789122,3.901784909e-05
2.903,-0.03878914275,-0.04,-0.21,-0.03875679263,-0.03999358416,-0.2099789586,3.912073429e-05
2.904,-0.03876686374,-0.04,-0.21,-0.03873435815,-0.0399935933,-0.209979005,3.922304462e-05
2.905,-0.03874433465,-0.04,-0.21,-0.03871167482,-0.0399936024,-0.2099790514,3.932477435e-05
2.906,-0.03872155463,-0.04,-0.21,-0.03868874178,-0.03999361149,-0.2099790977,3.942591795e-05
2.907,-0.03869852282,-0.04,-0.21,-0.03866555816,-0.03999362055,-0.2099791439,3.952646961e-05
2.908,-0.03867523837,-0.04,-0.21,-0.03864212311,-0.03999362958,-0.2099791901,3.962642281e-05
2.909,-0.03865170047,-0.04,-0.21,-0.03861843581,-0.03999363859,-0.2099792363,3.972577031e-05
2.91,-0.03862790827,-0.04,-0.21,-0.03859449541,-0.03999364757,-0.2099792824,3.982450442e-05
2.911,-0.03860386097,-0.04,-0.21,-0.03857030112,-0.03999365652,-0.2099793285,3.992261745e-05
2.912,-0.03857955776,-0.04,-0.21,-0.0385458521,-0.03999366544,-0.2099793745,4.002010225e-05
2.913,-0.03855499784,-0.04,-0.21,-0.03852114757,-0.03999367434,-0.2099794205,4.011695252e-05
2.914,-0.03853018041,-0.04,-0.21,-0.03849618672,-0.0399936832,-0.2099794665,4.021316293e-05
2.915,-0.0385051047,-0.04,-0.21,-0.03847096878,-0.03999369203,-0.2099795124,4.030872896e-05
2.916,-0.03847976994,-0.04,-0.21,-0.03844549296,-0.03999370084,-0.2099795583,4.04036466e-05
2.917,-0.03845417536,-0.04,-0.21,-0.03841975848,-0.03999370963,-0.2099796041,4.049791189e-05
2.918,-0.03842832021,-0.04,-0.21,-0.0383937646,-0.03999371839,-0.20997965,4.059152062e-05
2.919,-0.03840220373,-0.04,-0.21,-0.03836751056,-0.03999372713,-0.2099796958,4.068446817e-05
2.92,-0.0383758252,-0.04,-0.21,-0.03834099562,-0.03999373584,-0.2099797416,4.077674952e-05
2.921,-0.03834918388,-0.04,-0.21,-0.03831421905,-0.03999374453,-0.2099797873,4.08683595e-05
2.922,-0.03832227905,-0.04,-0.21,-0.03828718012,-0.03999375319,-0.2099798331,4.095929309e-05
2.923,-0.03829511001,-0.04,-0.21,-0.03825987812,-0.03999376182,-0.2099798788,4.104954566e-05
2.924,-0.03826767604,-0.04,-0.21,-0.03823231233,-0.03999377043,-0.2099799245,4.113911319e-05
2.925,-0.03823997645,-0.04,-0.21,-0.03820448208,-0.03999377901,-0.2099799701,4.122799228e-05
2.926,-0.03821201055,-0.04,-0.21,-0.03817638665,-0.03999378757,-0.2099800158,4.131618001e-05
2.927,-0.03818377768,-0.04,-0.21,-0.03814802536,-0.0399937961,-0.2099800614,4.140367367e-05
2.928,-0.03815527715,-0.04,-0.21,-0.03811939755,-0.03999380461,-0.209980107,4.149047061e-05
2.929,-0.03812650831,-0.04,-0.21,-0.03809050254,-0.0399938131,-0.2099801526,4.157656797e-05
2.93,-0.0380974705,-0.04,-0.21,-0.03806133969,-0.03999382156,-0.2099801982,4.166196266e-05
2.931,-0.03806816308,-0.04,-0.21,-0.03803190833,-0.03999383,-0.2099802438,4.17466514e-05
2.932,-0.03803858542,-0.04,-0.21,-0.03800220784,-0.03999383841,-0.2099802894,4.183063091e-05
2.933,-0.03800873688,-0.04,-0.21,-0.03797223759,-0.03999384681,-0.2099803349,4.191389806e-05
2.934,-0.03797861685,-0.04,-0.21,-0.03794199694,-0.03999385517,-0.2099803805,4.199645003e-05
2.935,-0.03794822472,-0.04,-0.21,-0.03791148528,-0.03999386351,-0.209980426,4.207828441e-05
2.936,-0.03791755988,-0.04,-0.21,-0.03788070202,-0.03999387183,-0.2099804716,4.215939918e-05
2.937,-0.03788662174,-0.04,-0.21,-0.03784964654,-0.03999388013,-0.2099805171,4.223979257e-05
2.938,-0.03785540972,-0.04,-0.21,-0.03781831827,-0.0399938884,-0.2099805627,4.231946296e-05
2.939,-0.03782392323,-0.04,-0.21,-0.03778671661,-0.03999389665,-0.2099806082,4.239840869e-05
2.94,-0.03779216171,-0.04,-0.21,-0.037754841,-0.03999390488,-0.2099806537,4.247662801e-05
2.941,-0.0377601246,-0.04,-0.21,-0.03772269086,-0.03999391308,-0.2099806993,4.255411904e-05
2.942,-0.03772781134,-0.04,-0.21,-0.03769026565,-0.03999392126,-0.2099807448,4.263087984e-05
2.943,-0.03769522139,-0.04,-0.21,-0.03765756482,-0.03999392942,-0.2099807903,4.270690848e-05
2.944,-0.03766235421,-0.04,-0.21,-0.03762458782,-0.03999393756,-0.2099808359,4.278220321e-05
2.945,-0.03762920928,-0.04,-0.21,-0.03759133412,-0.03999394567,-0.2099808814,4.285676249e-05
2.946,-0.03759578607,-0.04,-0.21,-0.03755780321,-0.03999395376,-0.209980927,4.293058506e-05
2.947,-0.03756208407,-0.04,-0.21,-0.03752399456,-0.03999396183,-0.2099809725,4.300366988e-05
2.948,-0.03752810278,-0.04,-0.21,-0.03748990766,-0.03999396987,-0.2099810181,4.307601607e-05
2.949,-0.0374938417,-0.04,-0.21,-0.03745554202,-0.03999397789,-0.2099810636,4.314762281e-05
2.95,-0.03745930035,-0.04,-0.21,-0.03742089714,-0.03999398589,-0.2099811092,4.321848928e-05
2.951,-0.03742447824,-0.04,-0.21,-0.03738597254,-0.03999399387,-0.2099811548,4.328861455e-05
2.952,-0.03738937491,-0.04,-0.21,-0.03735076775,-0.03999400182,-0.2099812004,4.33579977e-05
2.953,-0.03735398988,-0.04,-0.21,-0.0373152823,-0.03999400976,-0.209981246,4.342663775e-05
2.954,-0.03731832271,-0.04,-0.21,-0.03727951572,-0.03999401767,-0.2099812916,4.349453379e-05
2.955,-0.03728237294,-0.04,-0.21,-0.03724346758,-0.03999402556,-0.2099813372,4.356168505e-05
2.956,-0.03724614014,-0.04,-0.21,-0.03720713742,-0.03999403342,-0.2099813829,4.36280909e-05
2.957,-0.03720962387,-0.04,-0.21,-0.0371705248,-0.03999404126,-0.2099814285,4.369375087e-05
2.958,-0.03717282371,-0.04,-0.21,-0.03713362931,-0.03999404908,-0.2099814742,4.375866467e-05
2.959,-0.03713573924,-0.04,-0.21,-0.03709645052,-0.03999405688,-0.2099815198,4.382283206e-05
2.96,-0.03709837006,-0.04,-0.21,-0.03705898802,-0.03999406466,-0.2099815655,4.388625285e-05
2.961,-0.03706071576,-0.04,-0.21,-0.03702124141,-0.03999407241,-0.2099816112,4.394892682e-05
2.962,-0.03702277595,-0.04,-0.21,-0.03698321028,-0.03999408014,-0.2099816569,4.401085374e-05
2.963,-0.03698455025,-0.04,-0.21,-0.03694489426,-0.03999408785,-0.2099817027,4.407203335e-05
2.964,-0.03694603829,-0.04,-0.21,-0.03690629296,-0.03999409554,-0.2099817484,4.413246541e-05
2.965,-0.03690723968,-0.04,-0.21,-0.036867406,-0.0399941032,-0.2099817942,4.419214974e-05
2.966,-0.03686815407,-0.04,-0.21,-0.03682823304,-0.03999411084,-0.2099818399,4.425108624e-05
2.967,-0.03682878111,-0.04,-0.21,-0.0367887737,-0.03999411846,-0.2099818857,4.430927492e-05
2.968,-0.03678912044,-0.04,-0.21,-0.03674902763,-0.03999412605,-0.2099819315,4.436671592e-05
2.969,-0.03674917174,-0.04,-0.21,-0.03670899451,-0.03999413363,-0.2099819774,4.442340944e-05
2.97,-0.03670893467,-0.04,-0.21,-0.03666867399,-0.03999414117,-0.2099820232,4.447935579e-05
2.971,-0.03666840891,-0.04,-0.21,-0.03662806574,-0.0399941487,-0.2099820691,4.453455538e-05
2.972,-0.03662759413,-0.04,-0.21,-0.03658716945,-0.0399941562,-0.209982115,4.458900871e-05
2.973,-0.03658649005,-0.04,-0.21,-0.03654598481,-0.03999416368,-0.2099821609,4.464271632e-05
2.974,-0.03654509635,-0.04,-0.21,-0.03650451151,-0.03999417114,-0.2099822068,4.469567867e-05
2.975,-0.03650341274,-0.04,-0.21,-0.03646274925,-0.03999417857,-0.2099822527,4.474789617e-05
2.976,-0.03646143893,-0.04,-0.21,-0.03642069776,-0.03999418598,-0.2099822987,4.479936914e-05
2.977,-0.03641917466,-0.04,-0.21,-0.03637835674,-0.03999419337,-0.2099823446,4.485009787e-05
2.978,-0.03637661965,-0.04,-0.21,-0.03633572593,-0.03999420073,-0.2099823906,4.490008267e-05
2.979,-0.03633377363,-0.04,-0.21,-0.03629280506,-0.03999420806,-0.2099824366,4.494932391e-05
2.98,-0.03629063636,-0.04,-0.21,-0.03624959388,-0.03999421538,-0.2099824827,4.499782205e-05
2.981,-0.03624720758,-0.04,-0.21,-0.03620609212,-0.03999422266,-0.2099825287,4.504557768e-05
2.982,-0.03620348706,-0.04,-0.21,-0.03616229956,-0.03999422993,-0.2099825748,4.509259142e-05
2.983,-0.03615947457,-0.04,-0.21,-0.03611821595,-0.03999423717,-0.2099826209,4.513886393e-05
2.984,-0.03611516987,-0.04,-0.21,-0.03607384107,-0.03999424438,-0.209982667,4.51843959e-05
2.985,-0.03607057275,-0.04,-0.21,-0.0360291747,-0.03999425157,-0.2099827131,4.522918796e-05
2.986,-0.036025683,-0.04,-0.21,-0.03598421661,-0.03999425874,-0.2099827593,4.527324073e-05
2.987,-0.03598050041,-0.04,-0.21,-0.03593896662,-0.03999426588,-0.2099828054,4.531655482e-05
2.988,-0.0359350248,-0.04,-0.21,-0.03589342451,-0.03999427299,-0.2099828516,4.535913085e-05
2.989,-0.03588925597,-0.04,-0.21,-0.03584759011,-0.03999428008,-0.2099828978,4.540096949e-05
2.99,-0.03584319375,-0.04,-0.21,-0.03580146321,-0.03999428715,-0.209982944,4.544207146e-05
2.991,-0.03579683795,-0.04,-0.21,-0.03575504366,-0.03999429418,-0.2099829902,4.548243753e-05
2.992,-0.03575018842,-0.04,-0.21,-0.03570833127,-0.0399943012,-0.2099830365,4.552206851e-05
2.993,-0.03570324499,-0.04,-0.21,-0.0356613259,-0.03999430818,-0.2099830827,4.556096526e-05
2.994,-0.03565600751,-0.04,-0.21,-0.03561402737,-0.03999431514,-0.209983129,4.559912862e-05
2.995,-0.03560847583,-0.04,-0.21,-0.03556643555,-0.03999432208,-0.2099831753,4.563655946e-05
2.996,-0.03556064983,-0.04,-0.21,-0.0355185503,-0.03999432899,-0.2099832216,4.567325862e-05
2.997,-0.03551252936,-0.04,-0.21,-0.03547037147,-0.03999433587,-0.2099832679,4.570922695e-05
2.998,-0.03546411431,-0.04,-0.21,-0.03542189896,-0.03999434272,-0.2099833142,4.574446532e-05
2.999,-0.03541540456,-0.04,-0.21,-0.03537313263,-0.03999434955,-0.2099833606,4.57789746e-05
3,-0.0353664,-0.04,-0.21,-0.03532407238,-0.03999435635,-0.2099834069,4.581275568e-05
3.001,-0.03531710053,-0.04,-0.21,-0.0352747181,-0.03999436312,-0.2099834533,4.584580951e-05
3.002,-0.03526750605,-0.04,-0.21,-0.0352250697,-0.03999436987,-0.2099834997,4.587813705e-05
3.003,-0.03521761648,-0.04,-0.21,-0.03517512708,-0.03999437658,-0.2099835461,4.590973926e-05
3.004,-0.03516743173,-0.04,-0.21,-0.03512489016,-0.03999438327,-0.2099835925,4.594061715e-05
3.005,-0.03511695174,-0.04,-0.21,-0.03507435887,-0.03999438993,-0.2099836389,4.597077171e-05
3.006,-0.03506617643,-0.04,-0.21,-0.03502353314,-0.03999439656,-0.2099836853,4.600020394e-05
3.007,-0.03501510574,-0.04,-0.21,-0.0349724129,-0.03999440317,-0.2099837317,4.602891485e-05
3.008,-0.03496373963,-0.04,-0.21,-0.0349209981,-0.03999440974,-0.2099837781,4.605690546e-05
3.009,-0.03491207805,-0.04,-0.21,-0.03486928869,-0.03999441629,-0.2099838246,4.608417677e-05
3.01,-0.03486012095,-0.04,-0.21,-0.03481728463,-0.0399944228,-0.209983871,4.611072982e-05
3.011,-0.03480786831,-0.04,-0.21,-0.03476498589,-0.03999442929,-0.2099839175,4.613656563e-05
3.012,-0.0347553201,-0.04,-0.21,-0.03471239244,-0.03999443574,-0.2099839639,4.616168527e-05
3.013,-0.0347024763,-0.04,-0.21,-0.03465950426,-0.03999444217,-0.2099840104,4.618608981e-05
3.014,-0.03464933691,-0.04,-0.21,-0.03460632133,-0.03999444857,-0.2099840568,4.620978032e-05
3.015,-0.03459590191,-0.04,-0.21,-0.03455284365,-0.03999445493,-0.2099841033,4.623275791e-05
3.016,-0.03454217132,-0.04,-0.21,-0.03449907121,-0.03999446126,-0.2099841497,4.625502365e-05
3.017,-0.03448814513,-0.04,-0.21,-0.03444500404,-0.03999446757,-0.2099841962,4.627657864e-05
3.018,-0.03443382337,-0.04,-0.21,-0.03439064213,-0.03999447384,-0.2099842427,4.629742399e-05
3.019,-0.03437920605,-0.04,-0.21,-0.03433598551,-0.03999448007,-0.2099842891,4.631756078e-05
3.02,-0.03432429321,-0.04,-0.21,-0.03428103421,-0.03999448628,-0.2099843356,4.633699012e-05
3.021,-0.03426908488,-0.04,-0.21,-0.03422578826,-0.03999449245,-0.209984382,4.635571311e-05
3.022,-0.03421358111,-0.04,-0.21,-0.0341702477,-0.0399944986,-0.2099844285,4.637373088e-05
3.023,-0.03415778195,-0.04,-0.21,-0.03411441258,-0.0399945047,-0.2099844749,4.639104455e-05
3.024,-0.03410168744,-0.04,-0.21,-0.03405828296,-0.03999451078,-0.2099845213,4.640765522e-05
3.025,-0.03404529766,-0.04,-0.21,-0.03400185888,-0.03999451682,-0.2099845677,4.642356404e-05
3.026,-0.03398861268,-0.04,-0.21,-0.03394514043,-0.03999452283,-0.2099846142,4.643877215e-05
3.027,-0.03393163256,-0.04,-0.21,-0.03388812768,-0.0399945288,-0.2099846606,4.645328069e-05
3.028,-0.0338743574,-0.04,-0.21,-0.0338308207,-0.03999453474,-0.209984707,4.646709079e-05
3.029,-0.03381678727,-0.04,-0.21,-0.03377321958,-0.03999454064,-0.2099847533,4.648020359e-05
3.03,-0.03375892229,-0.04,-0.21,-0.03371532442,-0.03999454651,-0.2099847997,4.649262022e-05
3.031,-0.03370076254,-0.04,-0.21,-0.03365713532,-0.03999455235,-0.209984846,4.650434183e-05
3.032,-0.03364230815,-0.04,-0.21,-0.03359865239,-0.03999455814,-0.2099848924,4.651536954e-05
3.033,-0.03358355921,-0.04,-0.21,-0.03353987573,-0.03999456391,-0.2099849387,4.65257045e-05
3.034,-0.03352451586,-0.04,-0.21,-0.03348080547,-0.03999456963,-0.209984985,4.653534785e-05
3.035,-0.03346517823,-0.04,-0.21,-0.03342144173,-0.03999457532,-0.2099850313,4.654430074e-05
3.036,-0.03340554644,-0.04,-0.21,-0.03336178465,-0.03999458097,-0.2099850775,4.655256432e-05
3.037,-0.03334562064,-0.04,-0.21,-0.03330183436,-0.03999458658,-0.2099851237,4.656013972e-05
3.038,-0.03328540098,-0.04,-0.21,-0.03324159102,-0.03999459216,-0.2099851699,4.65670281e-05
3.039,-0.03322488761,-0.04,-0.21,-0.03318105477,-0.0399945977,-0.2099852161,4.657323059e-05
3.04,-0.03316408069,-0.04,-0.21,-0.03312022577,-0.0399946032,-0.2099852623,4.657874834e-05
3.041,-0.03310298039,-0.04,-0.21,-0.03305910419,-0.03999460866,-0.2099853084,4.658358248e-05
3.042,-0.03304158688,-0.04,-0.21,-0.0329976902,-0.03999461408,-0.2099853545,4.658773415e-05
3.043,-0.03297990034,-0.04,-0.21,-0.03293598398,-0.03999461946,-0.2099854006,4.659120448e-05
3.044,-0.03291792095,-0.04,-0.21,-0.0328739857,-0.0399946248,-0.2099854466,4.65939946e-05
3.045,-0.03285564891,-0.04,-0.21,-0.03281169556,-0.03999463011,-0.2099854926,4.659610564e-05
3.046,-0.03279308441,-0.04,-0.21,-0.03274911376,-0.03999463537,-0.2099855386,4.659753875e-05
3.047,-0.03273022766,-0.04,-0.21,-0.0326862405,-0.03999464059,-0.2099855845,4.659829504e-05
3.048,-0.03266707888,-0.04,-0.21,-0.03262307598,-0.03999464577,-0.2099856304,4.659837565e-05
3.049,-0.03260363826,-0.04,-0.21,-0.03255962042,-0.03999465091,-0.2099856762,4.65977817e-05
3.05,-0.03253990605,-0.04,-0.21,-0.03249587405,-0.039994656,-0.209985722,4.65965143e-05
3.051,-0.03247588246,-0.04,-0.21,-0.03243183709,-0.03999466106,-0.2099857678,4.659457458e-05
3.052,-0.03241156774,-0.04,-0.21,-0.03236750977,-0.03999466607,-0.2099858135,4.659196363e-05
3.053,-0.03234696212,-0.04,-0.21,-0.03230289234,-0.03999467103,-0.2099858592,4.658868258e-05
3.054,-0.03228206585,-0.04,-0.21,-0.03223798503,-0.03999467596,-0.2099859048,4.658473253e-05
3.055,-0.03221687918,-0.04,-0.21,-0.03217278811,-0.03999468084,-0.2099859504,4.658011457e-05
3.056,-0.03215140238,-0.04,-0.21,-0.03210730182,-0.03999468567,-0.209985996,4.657482981e-05
3.057,-0.03208563571,-0.04,-0.21,-0.03204152644,-0.03999469047,-0.2099860414,4.656887934e-05
3.058,-0.03201957944,-0.04,-0.21,-0.03197546223,-0.03999469521,-0.2099860869,4.656226425e-05
3.059,-0.03195323384,-0.04,-0.21,-0.03190910947,-0.03999469991,-0.2099861322,4.655498563e-05
3.06,-0.03188659921,-0.04,-0.21,-0.03184246843,-0.03999470457,-0.2099861775,4.654704457e-05
3.061,-0.03181967583,-0.04,-0.21,-0.03177553942,-0.03999470918,-0.2099862228,4.653844214e-05
3.062,-0.03175246399,-0.04,-0.21,-0.03170832272,-0.03999471374,-0.209986268,4.652917942e-05
3.063,-0.03168496401,-0.04,-0.21,-0.03164081864,-0.03999471826,-0.2099863131,4.651925748e-05
3.064,-0.03161717617,-0.04,-0.21,-0.03157302747,-0.03999472273,-0.2099863582,4.650867736e-05
3.065,-0.03154910081,-0.04,-0.21,-0.03150494953,-0.03999472715,-0.2099864032,4.649744014e-05
3.066,-0.03148073823,-0.04,-0.21,-0.03143658514,-0.03999473152,-0.2099864481,4.648554687e-05
3.067,-0.03141208877,-0.04,-0.21,-0.03136793462,-0.03999473585,-0.209986493,4.647299859e-05
3.068,-0.03134315274,-0.04,-0.21,-0.0312989983,-0.03999474012,-0.2099865378,4.645979636e-05
3.069,-0.0312739305,-0.04,-0.21,-0.03122977651,-0.03999474435,-0.2099865825,4.644594122e-05
3.07,-0.03120442237,-0.04,-0.21,-0.0311602696,-0.03999474853,-0.2099866272,4.64314342e-05
3.071,-0.03113462872,-0.04,-0.21,-0.03109047792,-0.03999475266,-0.2099866717,4.641627634e-05
3.072,-0.03106454989,-0.04,-0.21,-0.03102040181,-0.03999475673,-0.2099867162,4.640046866e-05
3.073,-0.03099418624,-0.04,-0.21,-0.03095004163,-0.03999476076,-0.2099867606,4.638401217e-05
3.074,-0.03092353814,-0.04,-0.21,-0.03087939775,-0.03999476474,-0.209986805,4.63669079e-05
3.075,-0.03085260595,-0.04,-0.21,-0.03080847054,-0.03999476866,-0.2099868492,4.634915685e-05
3.076,-0.03078139006,-0.04,-0.21,-0.03073726037,-0.03999477253,-0.2099868934,4.633076001e-05
3.077,-0.03070989085,-0.04,-0.21,-0.03066576763,-0.03999477635,-0.2099869375,4.631171839e-05
3.078,-0.03063810871,-0.04,-0.21,-0.03059399269,-0.03999478012,-0.2099869815,4.629203299e-05
3.079,-0.03056604402,-0.04,-0.21,-0.03052193596,-0.03999478384,-0.2099870254,4.627170479e-05
3.08,-0.03049369719,-0.04,-0.21,-0.03044959783,-0.0399947875,-0.2099870692,4.625073478e-05
3.081,-0.03042106863,-0.04,-0.21,-0.0303769787,-0.03999479111,-0.2099871129,4.622912395e-05
3.082,-0.03034815873,-0.04,-0.21,-0.03030407899,-0.03999479466,-0.2099871565,4.620687326e-05
3.083,-0.03027496793,-0.04,-0.21,-0.0302308991,-0.03999479816,-0.2099872,4.618398368e-05
3.084,-0.03020149664,-0.04,-0.21,-0.03015743946,-0.0399948016,-0.2099872434,4.616045617e-05
3.085,-0.03012774528,-0.04,-0.21,-0.0300837005,-0.03999480499,-0.2099872867,4.613629167e-05
3.086,-0.03005371429,-0.04,-0.21,-0.03000968264,-0.03999480832,-0.20998733,4.611149114e-05
3.087,-0.02997940411,-0.04,-0.21,-0.02993538633,-0.0399948116,-0.2099873731,4.608605553e-05
3.088,-0.02990481518,-0.04,-0.21,-0.029860812,-0.03999481482,-0.2099874161,4.605998577e-05
3.089,-0.02982994796,-0.04,-0.21,-0.0297859601,-0.03999481799,-0.2099874589,4.603328282e-05
3.09,-0.02975480288,-0.04,-0.21,-0.02971083108,-0.03999482109,-0.2099875017,4.60059476e-05
3.091,-0.02967938042,-0.04,-0.21,-0.02963542541,-0.03999482414,-0.2099875444,4.597798104e-05
3.092,-0.02960368103,-0.04,-0.21,-0.02955974354,-0.03999482713,-0.2099875869,4.594938405e-05
3.093,-0.0295277052,-0.04,-0.21,-0.02948378596,-0.03999483007,-0.2099876294,4.592015756e-05
3.094,-0.02945145339,-0.04,-0.21,-0.02940755312,-0.03999483294,-0.2099876717,4.589030247e-05
3.095,-0.02937492608,-0.04,-0.21,-0.02933104552,-0.03999483575,-0.2099877138,4.585981968e-05
3.096,-0.02929812377,-0.04,-0.21,-0.02925426363,-0.03999483851,-0.2099877559,4.582871009e-05
3.097,-0.02922104694,-0.04,-0.21,-0.02917720795,-0.03999484121,-0.2099877978,4.579697459e-05
3.098,-0.02914369609,-0.04,-0.21,-0.02909987897,-0.03999484384,-0.2099878397,4.576461409e-05
3.099,-0.02906607172,-0.04,-0.21,-0.02902227719,-0.03999484642,-0.2099878813,4.573162947e-05
3.1,-0.02898817434,-0.04,-0.21,-0.02894440313,-0.03999484893,-0.2099879229,4.569802162e-05
3.101,-0.02891000446,-0.04,-0.21,-0.02886625728,-0.03999485138,-0.2099879643,4.566379141e-05
3.102,-0.0288315626,-0.04,-0.21,-0.02878784018,-0.03999485377,-0.2099880056,4.562893971e-05
3.103,-0.02875284928,-0.04,-0.21,-0.02870915233,-0.0399948561,-0.2099880467,4.559346737e-05
3.104,-0.02867386504,-0.04,-0.21,-0.02863019428,-0.03999485837,-0.2099880877,4.555737527e-05
3.105,-0.02859461039,-0.04,-0.21,-0.02855096654,-0.03999486057,-0.2099881286,4.55206642e-05
3.106,-0.02851508589,-0.04,-0.21,-0.02847146966,-0.03999486272,-0.2099881693,4.548333487e-05
3.107,-0.02843529208,-0.04,-0.21,-0.02839170418,-0.03999486479,-0.2099882098,4.544538786e-05
3.108,-0.02835522949,-0.04,-0.21,-0.02831167064,-0.03999486681,-0.2099882503,4.540682375e-05
3.109,-0.0282748987,-0.04,-0.21,-0.02823136961,-0.03999486876,-0.2099882905,4.536764314e-05
3.11,-0.02819430025,-0.04,-0.21,-0.02815080164,-0.03999487065,-0.2099883306,4.532784671e-05
3.111,-0.02811343471,-0.04,-0.21,-0.02806996729,-0.03999487247,-0.2099883706,4.528743522e-05
3.112,-0.02803230265,-0.04,-0.21,-0.02798886712,-0.03999487422,-0.2099884104,4.524640953e-05
3.113,-0.02795090463,-0.04,-0.21,-0.02790750172,-0.03999487592,-0.20998845,4.520477053e-05
3.114,-0.02786924125,-0.04,-0.21,-0.02782587166,-0.03999487754,-0.2099884895,4.516251908e-05
3.115,-0.02778731309,-0.04,-0.21,-0.02774397752,-0.0399948791,-0.2099885288,4.511965603e-05
3.116,-0.02770512072,-0.04,-0.21,-0.02766181989,-0.0399948806,-0.2099885679,4.507618214e-05
3.117,-0.02762266475,-0.04,-0.21,-0.02757939936,-0.03999488203,-0.2099886069,4.503209811e-05
3.118,-0.02753994577,-0.04,-0.21,-0.02749671653,-0.03999488339,-0.2099886457,4.498740467e-05
3.119,-0.02745696439,-0.04,-0.21,-0.027413772,-0.03999488469,-0.2099886844,4.49421025e-05
3.12,-0.02737372121,-0.04,-0.21,-0.02733056638,-0.03999488591,-0.2099887228,4.489619234e-05
3.121,-0.02729021685,-0.04,-0.21,-0.02724710028,-0.03999488707,-0.2099887611,4.484967495e-05
3.122,-0.02720645192,-0.04,-0.21,-0.02716337432,-0.03999488817,-0.2099887992,4.480255112e-05
3.123,-0.02712242706,-0.04,-0.21,-0.02707938912,-0.03999488919,-0.2099888371,4.475482166e-05
3.124,-0.02703814287,-0.04,-0.21,-0.0269951453,-0.03999489014,-0.2099888749,4.470648738e-05
3.125,-0.0269536,-0.04,-0.21,-0.0269106435,-0.03999489103,-0.2099889124,4.465754905e-05
3.126,-0.02686879908,-0.04,-0.21,-0.02682588435,-0.03999489185,-0.2099889498,4.460800746e-05
3.127,-0.02678374076,-0.04,-0.21,-0.0267408685,-0.0399948926,-0.209988987,4.455786334e-05
3.128,-0.02669842568,-0.04,-0.21,-0.02665559658,-0.03999489328,-0.2099890239,4.450711743e-05
3.129,-0.02661285448,-0.04,-0.21,-0.02657006925,-0.03999489388,-0.2099890607,4.445577045e-05
3.13,-0.02652702783,-0.04,-0.21,-0.02648428717,-0.03999489442,-0.2099890973,4.440382314e-05
3.131,-0.02644094639,-0.04,-0.21,-0.02639825099,-0.03999489489,-0.2099891337,4.435127626e-05
3.132,-0.02635461082,-0.04,-0.21,-0.02631196137,-0.03999489529,-0.2099891699,4.429813056e-05
3.133,-0.02626802179,-0.04,-0.21,-0.02622541899,-0.03999489561,-0.2099892059,4.424438682e-05
3.134,-0.02618117997,-0.04,-0.21,-0.02613862451,-0.03999489587,-0.2099892417,4.419004581e-05
3.135,-0.02609408605,-0.04,-0.21,-0.02605157863,-0.03999489605,-0.2099892773,4.413510829e-05
3.136,-0.0260067407,-0.04,-0.21,-0.025964282,-0.03999489616,-0.2099893127,4.407957504e-05
3.137,-0.02591914461,-0.04,-0.21,-0.02587673534,-0.0399948962,-0.2099893478,4.402344681e-05
3.138,-0.02583129847,-0.04,-0.21,-0.02578893932,-0.03999489617,-0.2099893828,4.396672436e-05
3.139,-0.02574320299,-0.04,-0.21,-0.02570089464,-0.03999489606,-0.2099894175,4.390940845e-05
3.14,-0.02565485886,-0.04,-0.21,-0.025612602,-0.03999489589,-0.209989452,4.385149981e-05
3.141,-0.02556626678,-0.04,-0.21,-0.02552406211,-0.03999489564,-0.2099894863,4.379299922e-05
3.142,-0.02547742748,-0.04,-0.21,-0.02543527568,-0.03999489531,-0.2099895204,4.373390744e-05
3.143,-0.02538834165,-0.04,-0.21,-0.02534624341,-0.03999489491,-0.2099895542,4.367422523e-05
3.144,-0.02529901002,-0.04,-0.21,-0.02525696603,-0.03999489444,-0.2099895878,4.361395338e-05
3.145,-0.02520943332,-0.04,-0.21,-0.02516744426,-0.0399948939,-0.2099896212,4.355309267e-05
3.146,-0.02511961227,-0.04,-0.21,-0.02507767883,-0.03999489328,-0.2099896544,4.349164389e-05
3.147,-0.0250295476,-0.04,-0.21,-0.02498767047,-0.03999489258,-0.2099896873,4.342960782e-05
3.148,-0.02493924005,-0.04,-0.21,-0.02489741991,-0.03999489182,-0.20998972,4.336698524e-05
3.149,-0.02484869035,-0.04,-0.21,-0.02480692789,-0.03999489097,-0.2099897525,4.330377694e-05
3.15,-0.02475789926,-0.04,-0.21,-0.02471619516,-0.03999489005,-0.2099897847,4.323998372e-05
3.151,-0.02466686753,-0.04,-0.21,-0.02462522246,-0.03999488906,-0.2099898167,4.317560637e-05
3.152,-0.02457559589,-0.04,-0.21,-0.02453401055,-0.03999488799,-0.2099898484,4.311064569e-05
3.153,-0.02448408512,-0.04,-0.21,-0.02444256018,-0.03999488685,-0.2099898799,4.304510248e-05
3.154,-0.02439233598,-0.04,-0.21,-0.02435087212,-0.03999488563,-0.2099899112,4.297897756e-05
3.155,-0.02430034922,-0.04,-0.21,-0.02425894713,-0.03999488433,-0.2099899422,4.291227175e-05
3.156,-0.02420812563,-0.04,-0.21,-0.02416678598,-0.03999488296,-0.2099899729,4.284498588e-05
3.157,-0.02411566597,-0.04,-0.21,-0.02407438944,-0.03999488151,-0.2099900034,4.277712079e-05
3.158,-0.02402297102,-0.04,-0.21,-0.0239817583,-0.03999487999,-0.2099900336,4.270867732e-05
3.159,-0.02393004156,-0.04,-0.21,-0.02388889332,-0.03999487839,-0.2099900636,4.263965633e-05
3.16,-0.02383687839,-0.04,-0.21,-0.02379579531,-0.03999487671,-0.2099900933,4.257005865e-05
3.161,-0.02374348229,-0.04,-0.21,-0.02370246504,-0.03999487496,-0.2099901228,4.249988515e-05
3.162,-0.02364985405,-0.04,-0.21,-0.02360890331,-0.03999487312,-0.209990152,4.242913669e-05
3.163,-0.02355599448,-0.04,-0.21,-0.02351511092,-0.03999487122,-0.2099901809,4.235781413e-05
3.164,-0.02346190438,-0.04,-0.21,-0.02342108868,-0.03999486923,-0.2099902096,4.228591837e-05
3.165,-0.02336758455,-0.04,-0.21,-0.02332683738,-0.03999486717,-0.209990238,4.221345032e-05
3.166,-0.02327303581,-0.04,-0.21,-0.02323235784,-0.03999486502,-0.2099902661,4.214041087e-05
3.167,-0.02317825897,-0.04,-0.21,-0.02313765088,-0.03999486281,-0.2099902939,4.206680093e-05
3.168,-0.02308325484,-0.04,-0.21,-0.0230427173,-0.03999486051,-0.2099903215,4.199262144e-05
3.169,-0.02298802426,-0.04,-0.21,-0.02294755793,-0.03999485814,-0.2099903488,4.191787334e-05
3.17,-0.02289256804,-0.04,-0.21,-0.02285217361,-0.03999485568,-0.2099903758,4.184255757e-05
3.171,-0.02279688702,-0.04,-0.21,-0.02275656515,-0.03999485315,-0.2099904025,4.176667507e-05
3.172,-0.02270098203,-0.04,-0.21,-0.02266073338,-0.03999485055,-0.209990429,4.169022683e-05
3.173,-0.02260485391,-0.04,-0.21,-0.02256467916,-0.03999484786,-0.2099904551,4.161321382e-05
3.174,-0.0225085035,-0.04,-0.21,-0.02246840332,-0.03999484509,-0.209990481,4.153563701e-05
3.175,-0.02241193165,-0.04,-0.21,-0.0223719067,-0.03999484225,-0.2099905066,4.145749743e-05
3.176,-0.0223151392,-0.04,-0.21,-0.02227519015,-0.03999483933,-0.2099905319,4.13787961e-05
3.177,-0.02221812701,-0.04,-0.21,-0.02217825453,-0.03999483633,-0.2099905569,4.129953403e-05
3.178,-0.02212089594,-0.04,-0.21,-0.02208110069,-0.03999483325,-0.2099905816,4.121971229e-05
3.179,-0.02202344685,-0.04,-0.21,-0.02198372949,-0.03999483009,-0.209990606,4.113933192e-05
3.18,-0.0219257806,-0.04,-0.21,-0.0218861418,-0.03999482685,-0.2099906301,4.1058394e-05
3.181,-0.02182789806,-0.04,-0.21,-0.02178833847,-0.03999482354,-0.2099906539,4.097689963e-05
3.182,-0.02172980009,-0.04,-0.21,-0.0216903204,-0.03999482014,-0.2099906774,4.089484992e-05
3.183,-0.02163148759,-0.04,-0.21,-0.02159208844,-0.03999481667,-0.2099907006,4.081224599e-05
3.184,-0.02153296142,-0.04,-0.21,-0.02149364348,-0.03999481312,-0.2099907235,4.072908896e-05
3.185,-0.02143422247,-0.04,-0.21,-0.0213949864,-0.03999480948,-0.209990746,4.064538e-05
3.186,-0.02133527162,-0.04,-0.21,-0.02129611808,-0.03999480577,-0.2099907683,4.056112028e-05
3.187,-0.02123610977,-0.04,-0.21,-0.02119703941,-0.03999480198,-0.2099907903,4.047631099e-05
3.188,-0.02113673781,-0.04,-0.21,-0.0210977513,-0.03999479812,-0.2099908119,4.039095334e-05
3.189,-0.02103715663,-0.04,-0.21,-0.02099825462,-0.03999479417,-0.2099908332,4.030504856e-05
3.19,-0.02093736714,-0.04,-0.21,-0.02089855029,-0.03999479014,-0.2099908542,4.021859789e-05
3.191,-0.02083737024,-0.04,-0.21,-0.02079863921,-0.03999478603,-0.2099908749,4.01316026e-05
3.192,-0.02073716684,-0.04,-0.21,-0.02069852228,-0.03999478185,-0.2099908953,4.004406398e-05
3.193,-0.02063675784,-0.04,-0.21,-0.02059820041,-0.03999477759,-0.2099909153,3.995598335e-05
3.194,-0.02053614417,-0.04,-0.21,-0.02049767452,-0.03999477324,-0.209990935,3.986736204e-05
3.195,-0.02043532673,-0.04,-0.21,-0.02039694552,-0.03999476882,-0.2099909544,3.97782014e-05
3.196,-0.02033430646,-0.04,-0.21,-0.02029601434,-0.03999476432,-0.2099909735,3.968850279e-05
3.197,-0.02023308428,-0.04,-0.21,-0.0201948819,-0.03999475974,-0.2099909922,3.959826762e-05
3.198,-0.02013166111,-0.04,-0.21,-0.02009354912,-0.03999475508,-0.2099910106,3.950749729e-05
3.199,-0.02003003789,-0.04,-0.21,-0.01999201694,-0.03999475034,-0.2099910287,3.941619327e-05
3.2,-0.01992821555,-0.04,-0.21,-0.01989028629,-0.03999474552,-0.2099910464,3.932435702e-05
3.201,-0.01982619503,-0.04,-0.21,-0.01978835811,-0.03999474063,-0.2099910638,3.923199003e-05
3.202,-0.01972397727,-0.04,-0.21,-0.01968623334,-0.03999473565,-0.2099910808,3.913909384e-05
3.203,-0.01962156322,-0.04,-0.21,-0.01958391293,-0.0399947306,-0.2099910976,3.904567001e-05
3.204,-0.01951895382,-0.04,-0.21,-0.01948139781,-0.03999472547,-0.2099911139,3.89517201e-05
3.205,-0.01941615002,-0.04,-0.21,-0.01937868895,-0.03999472026,-0.2099911299,3.885724572e-05
3.206,-0.01931315278,-0.04,-0.21,-0.01927578728,-0.03999471497,-0.2099911456,3.876224848e-05
3.207,-0.01920996306,-0.04,-0.21,-0.01917269379,-0.0399947096,-0.209991161,3.866673004e-05
3.208,-0.01910658182,-0.04,-0.21,-0.01906940941,-0.03999470416,-0.2099911759,3.85706921e-05
3.209,-0.01900301002,-0.04,-0.21,-0.01896593511,-0.03999469864,-0.2099911906,3.847413638e-05
3.21,-0.01889924863,-0.04,-0.21,-0.01886227187,-0.03999469303,-0.2099912048,3.837706462e-05
3.211,-0.01879529862,-0.04,-0.21,-0.01875842065,-0.03999468735,-0.2099912188,3.827947862e-05
3.212,-0.01869116096,-0.04,-0.21,-0.01865438242,-0.0399946816,-0.2099912323,3.81813802e-05
3.213,-0.01858683663,-0.04,-0.21,-0.01855015816,-0.03999467576,-0.2099912456,3.808277121e-05
3.214,-0.0184823266,-0.04,-0.21,-0.01844574885,-0.03999466985,-0.2099912584,3.798365352e-05
3.215,-0.01837763187,-0.04,-0.21,-0.01834115547,-0.03999466386,-0.2099912709,3.788402906e-05
3.216,-0.01827275342,-0.04,-0.21,-0.018236379,-0.03999465779,-0.209991283,3.778389976e-05
3.217,-0.01816769223,-0.04,-0.21,-0.01813142043,-0.03999465165,-0.2099912948,3.768326761e-05
3.218,-0.0180624493,-0.04,-0.21,-0.01802628076,-0.03999464542,-0.2099913062,3.758213464e-05
3.219,-0.01795702563,-0.04,-0.21,-0.01792096098,-0.03999463912,-0.2099913173,3.748050291e-05
3.22,-0.0178514222,-0.04,-0.21,-0.01781546207,-0.03999463275,-0.2099913279,3.737837451e-05
3.221,-0.01774564002,-0.04,-0.21,-0.01770978505,-0.0399946263,-0.2099913382,3.727575161e-05
3.222,-0.0176396801,-0.04,-0.21,-0.01760393092,-0.03999461977,-0.2099913482,3.717263636e-05
3.223,-0.01753354344,-0.04,-0.21,-0.01749790068,-0.03999461316,-0.2099913577,3.7069031e-05
3.224,-0.01742723105,-0.04,-0.21,-0.01739169534,-0.03999460648,-0.2099913669,3.696493779e-05
3.225,-0.01732074394,-0.04,-0.21,-0.01728531591,-0.03999459972,-0.2099913757,3.686035903e-05
3.226,-0.01721408312,-0.04,-0.21,-0.0171787634,-0.03999459289,-0.2099913842,3.675529706e-05
3.227,-0.01710724962,-0.04,-0.21,-0.01707203884,-0.03999458598,-0.2099913922,3.664975427e-05
3.228,-0.01700024446,-0.04,-0.21,-0.01696514324,-0.039994579,-0.2099913999,3.654373309e-05
3.229,-0.01689306866,-0.04,-0.21,-0.01685807762,-0.03999457194,-0.2099914072,3.6437236e-05
3.23,-0.01678572324,-0.04,-0.21,-0.01675084302,-0.0399945648,-0.2099914141,3.633026554e-05
3.231,-0.01667820924,-0.04,-0.21,-0.01664344045,-0.0399945576,-0.2099914207,3.622282428e-05
3.232,-0.01657052768,-0.04,-0.21,-0.01653587095,-0.03999455031,-0.2099914268,3.611491486e-05
3.233,-0.0164626796,-0.04,-0.21,-0.01642813555,-0.03999454295,-0.2099914326,3.600653996e-05
3.234,-0.01635466604,-0.04,-0.21,-0.01632023529,-0.03999453552,-0.209991438,3.58977023e-05
3.235,-0.01624648804,-0.04,-0.21,-0.01621217121,-0.03999452802,-0.209991443,3.578840464e-05
3.236,-0.01613814664,-0.04,-0.21,-0.01610394435,-0.03999452044,-0.2099914476,3.567864982e-05
3.237,-0.01602964288,-0.04,-0.21,-0.01599555575,-0.03999451278,-0.2099914518,3.556844072e-05
3.238,-0.01592097782,-0.04,-0.21,-0.01588700646,-0.03999450506,-0.2099914556,3.545778029e-05
3.239,-0.0158121525,-0.04,-0.21,-0.01577829752,-0.03999449726,-0.2099914591,3.534667153e-05
3.24,-0.01570316797,-0.04,-0.21,-0.01566943,-0.03999448939,-0.2099914621,3.523511749e-05
3.241,-0.0155940253,-0.04,-0.21,-0.01556040494,-0.03999448144,-0.2099914647,3.51231213e-05
3.242,-0.01548472554,-0.04,-0.21,-0.01545122341,-0.03999447342,-0.209991467,3.501068611e-05
3.243,-0.01537526975,-0.04,-0.21,-0.01534188645,-0.03999446534,-0.2099914688,3.489781514e-05
3.244,-0.01526565899,-0.04,-0.21,-0.01523239515,-0.03999445718,-0.2099914703,3.478451172e-05
3.245,-0.01515589433,-0.04,-0.21,-0.01512275054,-0.03999444894,-0.2099914713,3.467077919e-05
3.246,-0.01504597684,-0.04,-0.21,-0.01501295372,-0.03999444064,-0.209991472,3.455662098e-05
3.247,-0.01493590759,-0.04,-0.21,-0.01490300573,-0.03999443227,-0.2099914723,3.444204056e-05
3.248,-0.01482568765,-0.04,-0.21,-0.01479290767,-0.03999442383,-0.2099914721,3.432704149e-05
3.249,-0.01471531809,-0.04,-0.21,-0.01468266059,-0.03999441531,-0.2099914715,3.421162742e-05
3.25,-0.0146048,-0.04,-0.21,-0.01457226559,-0.03999440673,-0.2099914706,3.409580203e-05
3.251,-0.01449413445,-0.04,-0.21,-0.01446172372,-0.03999439807,-0.2099914692,3.39795691e-05
3.252,-0.01438332253,-0.04,-0.21,-0.01435103609,-0.03999438935,-0.2099914675,3.386293248e-05
3.253,-0.01427236532,-0.04,-0.21,-0.01424020376,-0.03999438056,-0.2099914653,3.374589605e-05
3.254,-0.01416126391,-0.04,-0.21,-0.01412922784,-0.0399943717,-0.2099914627,3.362846383e-05
3.255,-0.01405001939,-0.04,-0.21,-0.0140181094,-0.03999436277,-0.2099914597,3.351063988e-05
3.256,-0.01393863285,-0.04,-0.21,-0.01390684953,-0.03999435377,-0.2099914563,3.339242834e-05
3.257,-0.01382710538,-0.04,-0.21,-0.01379544933,-0.03999434471,-0.2099914525,3.327383343e-05
3.258,-0.01371543808,-0.04,-0.21,-0.0136839099,-0.03999433558,-0.2099914482,3.315485948e-05
3.259,-0.01360363205,-0.04,-0.21,-0.01357223232,-0.03999432638,-0.2099914436,3.303551088e-05
3.26,-0.01349168839,-0.04,-0.21,-0.01346041771,-0.03999431711,-0.2099914385,3.291579211e-05
3.261,-0.0133796082,-0.04,-0.21,-0.01334846716,-0.03999430778,-0.2099914331,3.279570773e-05
3.262,-0.01326739259,-0.04,-0.21,-0.01323638178,-0.03999429838,-0.2099914272,3.267526242e-05
3.263,-0.01315504267,-0.04,-0.21,-0.01312416266,-0.03999428892,-0.2099914209,3.255446092e-05
3.264,-0.01304255954,-0.04,-0.21,-0.01301181093,-0.03999427939,-0.2099914141,3.243330807e-05
3.265,-0.01292994431,-0.04,-0.21,-0.01289932768,-0.0399942698,-0.209991407,3.231180881e-05
3.266,-0.01281719811,-0.04,-0.21,-0.01278671404,-0.03999426014,-0.2099913994,3.218996816e-05
3.267,-0.01270432204,-0.04,-0.21,-0.01267397111,-0.03999425042,-0.2099913915,3.206779125e-05
3.268,-0.01259131722,-0.04,-0.21,-0.01256110001,-0.03999424063,-0.2099913831,3.194528333e-05
3.269,-0.01247818477,-0.04,-0.21,-0.01244810187,-0.03999423079,-0.2099913742,3.182244973e-05
3.27,-0.01236492582,-0.04,-0.21,-0.0123349778,-0.03999422087,-0.209991365,3.16992959e-05
3.271,-0.01225154148,-0.04,-0.21,-0.01222172892,-0.0399942109,-0.2099913553,3.15758274e-05
3.272,-0.01213803289,-0.04,-0.21,-0.01210835635,-0.03999420086,-0.2099913453,3.145204988e-05
3.273,-0.01202440117,-0.04,-0.21,-0.01199486123,-0.03999419076,-0.2099913347,3.132796911e-05
3.274,-0.01191064745,-0.04,-0.21,-0.01188124469,-0.0399941806,-0.2099913238,3.120359096e-05
3.275,-0.01179677286,-0.04,-0.21,-0.01176750784,-0.03999417038,-0.2099913125,3.107892144e-05
3.276,-0.01168277854,-0.04,-0.21,-0.01165365183,-0.0399941601,-0.2099913007,3.095396668e-05
3.277,-0.01156866562,-0.04,-0.21,-0.01153967779,-0.03999414976,-0.2099912885,3.082873292e-05
3.278,-0.01145443524,-0.04,-0.21,-0.01142558685,-0.03999413935,-0.2099912758,3.070322654e-05
3.279,-0.01134008854,-0.04,-0.21,-0.01131138015,-0.03999412889,-0.2099912628,3.057745403e-05
3.28,-0.01122562665,-0.04,-0.21,-0.01119705883,-0.03999411837,-0.2099912493,3.045142202e-05
3.281,-0.01111105073,-0.04,-0.21,-0.01108262403,-0.03999410779,-0.2099912354,3.032513725e-05
3.282,-0.01099636191,-0.04,-0.21,-0.0109680769,-0.03999409716,-0.209991221,3.019860662e-05
3.283,-0.01088156134,-0.04,-0.21,-0.01085341858,-0.03999408646,-0.2099912062,3.007183717e-05
3.284,-0.01076665018,-0.04,-0.21,-0.01073865021,-0.03999407571,-0.209991191,2.994483605e-05
3.285,-0.01065162956,-0.04,-0.21,-0.01062377295,-0.0399940649,-0.2099911754,2.981761058e-05
3.286,-0.01053650065,-0.04,-0.21,-0.01050878794,-0.03999405404,-0.2099911593,2.969016824e-05
3.287,-0.01042126458,-0.04,-0.21,-0.01039369633,-0.03999404312,-0.2099911428,2.956251662e-05
3.288,-0.01030592253,-0.04,-0.21,-0.01027849929,-0.03999403214,-0.2099911259,2.943466348e-05
3.289,-0.01019047565,-0.04,-0.21,-0.01016319795,-0.03999402111,-0.2099911085,2.930661675e-05
3.29,-0.01007492509,-0.04,-0.21,-0.01004779349,-0.03999401002,-0.2099910908,2.917838453e-05
3.291,-0.009959272011,-0.04,-0.21,-0.009932287053,-0.03999399888,-0.2099910725,2.904997505e-05
3.292,-0.00984351758,-0.04,-0.21,-0.009816679804,-0.03999398769,-0.2099910539,2.892139673e-05
3.293,-0.009727662957,-0.04,-0.21,-0.009700972904,-0.03999397644,-0.2099910348,2.879265814e-05
3.294,-0.009611709307,-0.04,-0.21,-0.009585167515,-0.03999396514,-0.2099910153,2.866376803e-05
3.295,-0.009495657796,-0.04,-0.21,-0.009469264803,-0.03999395379,-0.2099909953,2.853473535e-05
3.296,-0.009379509592,-0.04,-0.21,-0.009353265931,-0.03999394238,-0.2099909749,2.840556919e-05
3.297,-0.009263265864,-0.04,-0.21,-0.009237172069,-0.03999393093,-0.2099909541,2.827627886e-05
3.298,-0.009146927782,-0.04,-0.21,-0.009120984384,-0.03999391942,-0.2099909329,2.814687387e-05
3.299,-0.009030496519,-0.04,-0.21,-0.009004704047,-0.03999390786,-0.2099909112,2.801736387e-05
3.3,-0.008913973248,-0.04,-0.21,-0.00888833223,-0.03999389626,-0.209990889,2.788775876e-05
3.301,-0.008797359144,-0.04,-0.21,-0.008771870105,-0.0399938846,-0.2099908665,2.775806861e-05
3.302,-0.008680655384,-0.04,-0.21,-0.008655318848,-0.0399938729,-0.2099908435,2.76283037e-05
3.303,-0.008563863146,-0.04,-0.21,-0.008538679634,-0.03999386114,-0.2099908201,2.749847454e-05
3.304,-0.008446983608,-0.04,-0.21,-0.008421953641,-0.03999384934,-0.2099907962,2.736859183e-05
3.305,-0.008330017951,-0.04,-0.21,-0.008305142046,-0.03999383749,-0.2099907719,2.723866651e-05
3.306,-0.008212967358,-0.04,-0.21,-0.008188246031,-0.03999382559,-0.2099907472,2.710870973e-05
3.307,-0.00809583301,-0.04,-0.21,-0.008071266776,-0.03999381365,-0.209990722,2.697873286e-05
3.308,-0.007978616094,-0.04,-0.21,-0.007954205463,-0.03999380166,-0.2099906964,2.684874753e-05
3.309,-0.007861317794,-0.04,-0.21,-0.007837063277,-0.03999378963,-0.2099906704,2.67187656e-05
3.31,-0.007743939298,-0.04,-0.21,-0.007719841402,-0.03999377755,-0.2099906439,2.658879914e-05
3.311,-0.007626481794,-0.04,-0.21,-0.007602541026,-0.03999376543,-0.209990617,2.645886051e-05
3.312,-0.007508946471,-0.04,-0.21,-0.007485163334,-0.03999375326,-0.2099905896,2.632896229e-05
3.313,-0.007391334521,-0.04,-0.21,-0.007367709517,-0.03999374105,-0.2099905619,2.619911734e-05
3.314,-0.007273647135,-0.04,-0.21,-0.007250180763,-0.03999372879,-0.2099905337,2.606933878e-05
3.315,-0.007155885506,-0.04,-0.21,-0.007132578264,-0.03999371649,-0.209990505,2.593964001e-05
3.316,-0.007038050829,-0.04,-0.21,-0.007014903212,-0.03999370416,-0.2099904759,2.581003467e-05
3.317,-0.006920144298,-0.04,-0.21,-0.0068971568,-0.03999369178,-0.2099904464,2.568053671e-05
3.318,-0.006802167112,-0.04,-0.21,-0.006779340222,-0.03999367935,-0.2099904165,2.555116035e-05
3.319,-0.006684120466,-0.04,-0.21,-0.006661454674,-0.03999366689,-0.2099903861,2.54219201e-05
3.32,-0.00656600556,-0.04,-0.21,-0.006543501353,-0.03999365439,-0.2099903552,2.529283078e-05
3.321,-0.006447823593,-0.04,-0.21,-0.006425481455,-0.03999364185,-0.209990324,2.51639075e-05
3.322,-0.006329575767,-0.04,-0.21,-0.00630739618,-0.03999362927,-0.2099902923,2.503516568e-05
3.323,-0.006211263283,-0.04,-0.21,-0.006189246727,-0.03999361665,-0.2099902602,2.490662104e-05
3.324,-0.006092887343,-0.04,-0.21,-0.006071034296,-0.03999360399,-0.2099902276,2.477828965e-05
3.325,-0.005974449152,-0.04,-0.21,-0.005952760089,-0.0399935913,-0.2099901946,2.465018788e-05
3.326,-0.005855949914,-0.04,-0.21,-0.005834425309,-0.03999357857,-0.2099901612,2.452233245e-05
3.327,-0.005737390836,-0.04,-0.21,-0.005716031158,-0.0399935658,-0.2099901274,2.43947404e-05
3.328,-0.005618773122,-0.04,-0.21,-0.005597578842,-0.039993553,-0.2099900931,2.426742912e-05
3.329,-0.005500097982,-0.04,-0.21,-0.005479069564,-0.03999354016,-0.2099900584,2.414041634e-05
3.33,-0.005381366624,-0.04,-0.21,-0.005360504531,-0.03999352729,-0.2099900232,2.401372016e-05
3.331,-0.005262580256,-0.04,-0.21,-0.005241884951,-0.03999351439,-0.2099899877,2.388735904e-05
3.332,-0.005143740089,-0.04,-0.21,-0.00512321203,-0.03999350145,-0.2099899516,2.37613518e-05
3.333,-0.005024847334,-0.04,-0.21,-0.005004486978,-0.03999348847,-0.2099899152,2.363571764e-05
3.334,-0.004905903202,-0.04,-0.21,-0.004885711003,-0.03999347547,-0.2099898783,2.35104761e-05
3.335,-0.004786908906,-0.04,-0.21,-0.004766885316,-0.03999346243,-0.209989841,2.338564715e-05
3.336,-0.00466786566,-0.04,-0.21,-0.004648011127,-0.03999344936,-0.2099898033,2.326125112e-05
3.337,-0.004548774677,-0.04,-0.21,-0.004529089649,-0.03999343626,-0.2099897652,2.313730875e-05
3.338,-0.004429637172,-0.04,-0.21,-0.004410122093,-0.03999342313,-0.2099897266,2.301384121e-05
3.339,-0.004310454362,-0.04,-0.21,-0.004291109672,-0.03999340997,-0.2099896876,2.289087002e-05
3.34,-0.004191227461,-0.04,-0.21,-0.0041720536,-0.03999339678,-0.2099896481,2.276841713e-05
3.341,-0.004071957687,-0.04,-0.21,-0.004052955092,-0.03999338356,-0.2099896083,2.264650494e-05
3.342,-0.003952646258,-0.04,-0.21,-0.003933815362,-0.03999337031,-0.209989568,2.252515621e-05
3.343,-0.003833294391,-0.04,-0.21,-0.003814635627,-0.03999335704,-0.2099895273,2.240439415e-05
3.344,-0.003713903306,-0.04,-0.21,-0.003695417101,-0.03999334374,-0.2099894861,2.228424241e-05
3.345,-0.003594474222,-0.04,-0.21,-0.003576161003,-0.03999333041,-0.2099894445,2.216472506e-05
3.346,-0.003475008359,-0.04,-0.21,-0.003456868549,-0.03999331705,-0.2099894026,2.204586661e-05
3.347,-0.003355506937,-0.04,-0.21,-0.003337540958,-0.03999330367,-0.2099893601,2.1927692e-05
3.348,-0.003235971178,-0.04,-0.21,-0.003218179447,-0.03999329027,-0.2099893173,2.181022666e-05
3.349,-0.003116402304,-0.04,-0.21,-0.003098785236,-0.03999327684,-0.2099892741,2.169349641e-05
3.35,-0.002996801536,-0.04,-0.21,-0.002979359544,-0.03999326339,-0.2099892304,2.157752752e-05
3.351,-0.002877170097,-0.04,-0.21,-0.002859903592,-0.03999324991,-0.2099891863,2.146234672e-05
3.352,-0.002757509211,-0.04,-0.21,-0.002740418599,-0.03999323641,-0.2099891418,2.13479812e-05
3.353,-0.0026378201,-0.04,-0.21,-0.002620905786,-0.03999322289,-0.2099890968,2.123445858e-05
3.354,-0.00251810399,-0.04,-0.21,-0.002501366375,-0.03999320934,-0.2099890515,2.112180693e-05
3.355,-0.002398362103,-0.04,-0.21,-0.002381801587,-0.03999319578,-0.2099890057,2.101005478e-05
3.356,-0.002278595666,-0.04,-0.21,-0.002262212645,-0.03999318219,-0.2099889595,2.08992311e-05
3.357,-0.002158805904,-0.04,-0.21,-0.00214260077,-0.03999316859,-0.2099889129,2.07893653e-05
3.358,-0.002038994041,-0.04,-0.21,-0.002022967186,-0.03999315496,-0.2099888659,2.068048726e-05
3.359,-0.001919161304,-0.04,-0.21,-0.001903313114,-0.03999314132,-0.2099888185,2.057262727e-05
3.36,-0.001799308919,-0.04,-0.21,-0.00178363978,-0.03999312765,-0.2099887706,2.046581603e-05
3.361,-0.001679438113,-0.04,-0.21,-0.001663948406,-0.03999311397,-0.2099887224,2.036008469e-05
3.362,-0.001559550113,-0.04,-0.21,-0.001544240216,-0.03999310027,-0.2099886737,2.025546483e-05
3.363,-0.001439646145,-0.04,-0.21,-0.001424516435,-0.03999308656,-0.2099886246,2.015198843e-05
3.364,-0.001319727437,-0.04,-0.21,-0.001304778286,-0.03999307283,-0.2099885752,2.004968788e-05
3.365,-0.001199795216,-0.04,-0.21,-0.001185026995,-0.03999305908,-0.2099885253,1.994859597e-05
3.366,-0.00107985071,-0.04,-0.21,-0.001065263785,-0.03999304531,-0.209988475,1.984874584e-05
3.367,-0.0009598951476,-0.04,-0.21,-0.0009454898828,-0.03999303154,-0.2099884242,1.975017104e-05
3.368,-0.0008399297562,-0.04,-0.21,-0.0008257065125,-0.03999301774,-0.2099883731,1.965290542e-05
3.369,-0.0007199557644,-0.04,-0.21,-0.0007059148995,-0.03999300394,-0.2099883216,1.955698322e-05
3.37,-0.0005999744005,-0.04,-0.21,-0.0005861162692,-0.03999299012,-0.2099882697,1.946243899e-05
3.371,-0.000479986893,-0.04,-0.21,-0.000466311847,-0.03999297629,-0.2099882174,1.936930758e-05
3.372,-0.0003599944704,-0.04,-0.21,-0.0003465028584,-0.03999296244,-0.2099881646,1.927762409e-05
3.373,-0.0002399983616,-0.04,-0.21,-0.0002266905289,-0.03999294859,-0.2099881115,1.918742396e-05
3.374,-0.0001199997952,-0.04,-0.21,-0.0001068760842,-0.03999293472,-0.209988058,1.909874283e-05
3.375,0,-0.04,-0.21,1.293925008e-05,-0.03999292084,-0.209988004,1.901161656e-05
3.376,0.0001199997952,-0.04,-0.21,0.0001327542484,-0.03999290695,-0.2099879497,1.89260812e-05
3.377,0.0002399983616,-0.04,-0.21,0.000252567685,-0.03999289306,-0.209987895,1.884217296e-05
3.378,0.0003599944704,-0.04,-0.21,0.0003723783345,-0.03999287915,-0.2099878399,1.87599282e-05
3.379,0.000479986893,-0.04,-0.21,0.0004921849712,-0.03999286524,-0.2099877844,1.867938336e-05
3.38,0.0005999744005,-0.04,-0.21,0.0006119863697,-0.03999285131,-0.2099877285,1.860057498e-05
3.381,0.0007199557644,-0.04,-0.21,0.0007317813047,-0.03999283738,-0.2099876722,1.852353961e-05
3.382,0.0008399297562,-0.04,-0.21,0.0008515685509,-0.03999282345,-0.2099876155,1.844831382e-05
3.383,0.0009598951476,-0.04,-0.21,0.0009713468833,-0.03999280951,-0.2099875584,1.837493418e-05
3.384,0.00107985071,-0.04,-0.21,0.001091115077,-0.03999279556,-0.209987501,1.830343712e-05
3.385,0.001199795216,-0.04,-0.21,0.001210871907,-0.0399927816,-0.2099874431,1.823385898e-05
3.386,0.001319727437,-0.04,-0.21,0.001330616148,-0.03999276764,-0.2099873849,1.816623593e-05
3.387,0.001439646145,-0.04,-0.21,0.001450346577,-0.03999275368,-0.2099873263,1.810060396e-05
3.388,0.001559550113,-0.04,-0.21,0.001570061969,-0.03999273971,-0.2099872673,1.803699881e-05
3.389,0.001679438113,-0.04,-0.21,0.001689761101,-0.03999272574,-0.2099872079,1.797545592e-05
3.39,0.001799308919,-0.04,-0.21,0.001809442747,-0.03999271177,-0.2099871481,1.79160104e-05
3.391,0.001919161304,-0.04,-0.21,0.001929105686,-0.03999269779,-0.209987088,1.785869696e-05
3.392,0.002038994041,-0.04,-0.21,0.002048748695,-0.03999268382,-0.2099870275,1.780354986e-05
3.393,0.002158805904,-0.04,-0.21,0.002168370549,-0.03999266984,-0.2099869666,1.775060289e-05
3.394,0.002278595666,-0.04,-0.21,0.002287970027,-0.03999265586,-0.2099869053,1.76998893e-05
3.395,0.002398362103,-0.04,-0.21,0.002407545907,-0.03999264188,-0.2099868437,1.765144174e-05
3.396,0.00251810399,-0.04,-0.21,0.002527096967,-0.0399926279,-0.2099867817,1.760529224e-05
3.397,0.0026378201,-0.04,-0.21,0.002646621986,-0.03999261392,-0.2099867193,1.756147206e-05
3.398,0.002757509211,-0.04,-0.21,0.002766119743,-0.03999259994,-0.2099866565,1.75200118e-05
3.399,0.002877170097,-0.04,-0.21,0.002885589017,-0.03999258597,-0.2099865934,1.748094121e-05
3.4,0.002996801536,-0.04,-0.21,0.003005028589,-0.03999257199,-0.2099865299,1.744428919e-05
3.401,0.003116402304,-0.04,-0.21,0.003124437238,-0.03999255802,-0.2099864661,1.741008373e-05
3.402,0.003235971178,-0.04,-0.21,0.003243813746,-0.03999254405,-0.2099864018,1.737835189e-05
3.403,0.003355506937,-0.04,-0.21,0.003363156895,-0.03999253009,-0.2099863373,1.734911972e-05
3.404,0.003475008359,-0.04,-0.21,0.003482465465,-0.03999251613,-0.2099862723,1.732241216e-05
3.405,0.003594474222,-0.04,-0.21,0.00360173824,-0.03999250217,-0.209986207,1.729825314e-05
3.406,0.003713903306,-0.04,-0.21,0.003720974004,-0.03999248822,-0.2099861414,1.727666537e-05
3.407,0.003833294391,-0.04,-0.21,0.003840171538,-0.03999247428,-0.2099860754,1.725767041e-05
3.408,0.003952646258,-0.04,-0.21,0.003959329629,-0.03999246034,-0.209986009,1.724128857e-05
3.409,0.004071957687,-0.04,-0.21,0.00407844706,-0.0399924464,-0.2099859423,1.722753887e-05
3.41,0.004191227461,-0.04,-0.21,0.004197522617,-0.03999243248,-0.2099858752,1.721643907e-05
3.411,0.004310454362,-0.04,-0.21,0.004316555086,-0.03999241856,-0.2099858078,1.720800554e-05
3.412,0.004429637172,-0.04,-0.21,0.004435543255,-0.03999240465,-0.20998574,1.720225331e-05
3.413,0.004548774677,-0.04,-0.21,0.00455448591,-0.03999239075,-0.2099856719,1.719919599e-05
3.414,0.00466786566,-0.04,-0.21,0.004673381841,-0.03999237686,-0.2099856035,1.719884576e-05
3.415,0.004786908906,-0.04,-0.21,0.004792229835,-0.03999236297,-0.2099855347,1.720121335e-05
3.416,0.004905903202,-0.04,-0.21,0.004911028684,-0.0399923491,-0.2099854656,1.720630802e-05
3.417,0.005024847334,-0.04,-0.21,0.005029777176,-0.03999233524,-0.2099853961,1.721413756e-05
3.418,0.005143740089,-0.04,-0.21,0.005148474104,-0.03999232138,-0.2099853263,1.722470823e-05
3.419,0.005262580256,-0.04,-0.21,0.00526711826,-0.03999230754,-0.2099852561,1.723802483e-05
3.42,0.005381366624,-0.04,-0.21,0.005385708437,-0.03999229371,-0.2099851856,1.725409061e-05
3.421,0.005500097982,-0.04,-0.21,0.005504243428,-0.03999227989,-0.2099851148,1.727290732e-05
3.422,0.005618773122,-0.04,-0.21,0.005622722028,-0.03999226609,-0.2099850437,1.72944752e-05
3.423,0.005737390836,-0.04,-0.21,0.005741143033,-0.03999225229,-0.2099849722,1.731879301e-05
3.424,0.005855949914,-0.04,-0.21,0.005859505239,-0.03999223851,-0.2099849004,1.734585796e-05
3.425,0.005974449152,-0.04,-0.21,0.005977807444,-0.03999222475,-0.2099848283,1.737566583e-05
3.426,0.006092887343,-0.04,-0.21,0.006096048445,-0.03999221099,-0.2099847558,1.740821093e-05
3.427,0.006211263283,-0.04,-0.21,0.006214227042,-0.03999219726,-0.2099846831,1.74434861e-05
3.428,0.006329575767,-0.04,-0.21,0.006332342036,-0.03999218353,-0.20998461,1.748148277e-05
3.429,0.006447823593,-0.04,-0.21,0.006450392227,-0.03999216983,-0.2099845366,1.7522191e-05
3.43,0.00656600556,-0.04,-0.21,0.006568376418,-0.03999215614,-0.2099844628,1.756559945e-05
3.431,0.006684120466,-0.04,-0.21,0.006686293412,-0.03999214246,-0.2099843888,1.761169544e-05
3.432,0.006802167112,-0.04,-0.21,0.006804142014,-0.0399921288,-0.2099843145,1.766046501e-05
3.433,0.006920144298,-0.04,-0.21,0.006921921028,-0.03999211516,-0.2099842398,1.771189292e-05
3.434,0.007038050829,-0.04,-0.21,0.007039629262,-0.03999210154,-0.2099841648,1.776596274e-05
3.435,0.007155885506,-0.04,-0.21,0.007157265523,-0.03999208794,-0.2099840896,1.782265679e-05
3.436,0.007273647135,-0.04,-0.21,0.007274828619,-0.03999207435,-0.209984014,1.788195629e-05
3.437,0.007391334521,-0.04,-0.21,0.007392317361,-0.03999206078,-0.2099839381,1.794384137e-05
3.438,0.007508946471,-0.04,-0.21,0.007509730559,-0.03999204723,-0.2099838619,1.800829106e-05
3.439,0.007626481794,-0.04,-0.21,0.007627067027,-0.0399920337,-0.2099837855,1.807528343e-05
3.44,0.007743939298,-0.04,-0.21,0.007744325576,-0.03999202019,-0.2099837087,1.814479557e-05
3.441,0.007861317794,-0.04,-0.21,0.007861505023,-0.0399920067,-0.2099836316,1.821680363e-05
3.442,0.007978616094,-0.04,-0.21,0.007978604183,-0.03999199323,-0.2099835543,1.829128293e-05
3.443,0.00809583301,-0.04,-0.21,0.008095621872,-0.03999197979,-0.2099834766,1.836820797e-05
3.444,0.008212967358,-0.04,-0.21,0.00821255691,-0.03999196636,-0.2099833987,1.844755246e-05
3.445,0.008330017951,-0.04,-0.21,0.008329408116,-0.03999195296,-0.2099833204,1.852928944e-05
3.446,0.008446983608,-0.04,-0.21,0.008446174312,-0.03999193958,-0.2099832419,1.861339122e-05
3.447,0.008563863146,-0.04,-0.21,0.008562854319,-0.03999192622,-0.2099831631,1.869982953e-05
3.448,0.008680655384,-0.04,-0.21,0.008679446961,-0.03999191288,-0.2099830841,1.878857552e-05
3.449,0.008797359144,-0.04,-0.21,0.008795951064,-0.03999189957,-0.2099830047,1.887959982e-05
3.45,0.008913973248,-0.04,-0.21,0.008912365454,-0.03999188628,-0.2099829251,1.897287256e-05
3.451,0.009030496519,-0.04,-0.21,0.009028688959,-0.03999187302,-0.2099828452,1.906836344e-05
3.452,0.009146927782,-0.04,-0.21,0.009144920408,-0.03999185978,-0.209982765,1.91660418e-05
3.453,0.009263265864,-0.04,-0.21,0.009261058633,-0.03999184656,-0.2099826846,1.926587661e-05
3.454,0.009379509592,-0.04,-0.21,0.009377102464,-0.03999183337,-0.2099826039,1.936783655e-05
3.455,0.009495657796,-0.04,-0.21,0.009493050737,-0.03999182021,-0.2099825229,1.947189001e-05
3.456,0.009611709307,-0.04,-0.21,0.009608902286,-0.03999180707,-0.2099824417,1.95780052e-05
3.457,0.009727662957,-0.04,-0.21,0.009724655947,-0.03999179396,-0.2099823602,1.96861501e-05
3.458,0.00984351758,-0.04,-0.21,0.009840310561,-0.03999178087,-0.2099822784,1.979629259e-05
3.459,0.009959272011,-0.04,-0.21,0.009955864965,-0.03999176781,-0.2099821964,1.990840041e-05
3.46,0.01007492509,-0.04,-0.21,0.010071318,-0.03999175478,-0.2099821142,2.002244123e-05
3.461,0.01019047565,-0.04,-0.21,0.01018666852,-0.03999174178,-0.2099820316,2.013838267e-05
3.462,0.01030592253,-0.04,-0.21,0.01030191535,-0.0399917288,-0.2099819489,2.025619231e-05
3.463,0.01042126458,-0.04,-0.21,0.01041705735,-0.03999171585,-0.2099818659,2.037583778e-05
3.464,0.01053650065,-0.04,-0.21,0.01053209336,-0.03999170293,-0.2099817826,2.049728676e-05
3.465,0.01065162956,-0.04,-0.21,0.01064702224,-0.03999169004,-0.2099816991,2.062050698e-05
3.466,0.01076665018,-0.04,-0.21,0.01076184284,-0.03999167718,-0.2099816154,2.074546626e-05
3.467,0.01088156134,-0.04,-0.21,0.010876554,-0.03999166435,-0.2099815314,2.087213255e-05
3.468,0.01099636191,-0.04,-0.21,0.01099115459,-0.03999165155,-0.2099814472,2.100047395e-05
3.469,0.01111105073,-0.04,-0.21,0.01110564345,-0.03999163878,-0.2099813627,2.113045867e-05
3.47,0.01122562665,-0.04,-0.21,0.01122001946,-0.03999162604,-0.2099812781,2.126205514e-05
3.471,0.01134008854,-0.04,-0.21,0.01133428146,-0.03999161333,-0.2099811932,2.139523198e-05
3.472,0.01145443524,-0.04,-0.21,0.01144842833,-0.03999160065,-0.209981108,2.152995801e-05
3.473,0.01156866562,-0.04,-0.21,0.01156245891,-0.039991588,-0.2099810227,2.16662023e-05
3.474,0.01168277854,-0.04,-0.21,0.01167637209,-0.03999157539,-0.2099809371,2.180393414e-05
3.475,0.01179677286,-0.04,-0.21,0.01179016672,-0.0399915628,-0.2099808513,2.194312308e-05
3.476,0.01191064745,-0.04,-0.21,0.01190384168,-0.03999155025,-0.2099807653,2.208373894e-05
3.477,0.01202440117,-0.04,-0.21,0.01201739584,-0.03999153773,-0.209980679,2.222575183e-05
3.478,0.01213803289,-0.04,-0.21,0.01213082806,-0.03999152525,-0.2099805926,2.236913213e-05
3.479,0.01225154148,-0.04,-0.21,0.01224413724,-0.0399915128,-0.209980506,2.25138505e-05
3.48,0.01236492582,-0.04,-0.21,0.01235732223,-0.03999150038,-0.2099804191,2.265987793e-05
3.481,0.01247818477,-0.04,-0.21,0.01247038192,-0.03999148799,-0.209980332,2.280718574e-05
3.482,0.01259131722,-0.04,-0.21,0.0125833152,-0.03999147564,-0.2099802448,2.295574548e-05
3.483,0.01270432204,-0.04,-0.21,0.01269612095,-0.03999146332,-0.2099801573,2.31055291e-05
3.484,0.01281719811,-0.04,-0.21,0.01280879804,-0.03999145104,-0.2099800696,2.325650885e-05
3.485,0.01292994431,-0.04,-0.21,0.01292134537,-0.03999143879,-0.2099799818,2.34086573e-05
3.486,0.01304255954,-0.04,-0.21,0.01303376182,-0.03999142658,-0.2099798937,2.356194733e-05
3.487,0.01315504267,-0.04,-0.21,0.0131460463,-0.03999141441,-0.2099798055,2.37163522e-05
3.488,0.01326739259,-0.04,-0.21,0.01325819768,-0.03999140226,-0.2099797171,2.387184548e-05
3.489,0.0133796082,-0.04,-0.21,0.01337021487,-0.03999139016,-0.2099796285,2.402840106e-05
3.49,0.01349168839,-0.04,-0.21,0.01348209677,-0.03999137809,-0.2099795397,2.418599319e-05
3.491,0.01360363205,-0.04,-0.21,0.01359384226,-0.03999136606,-0.2099794507,2.434459645e-05
3.492,0.01371543808,-0.04,-0.21,0.01370545027,-0.03999135406,-0.2099793615,2.450418576e-05
3.493,0.01382710538,-0.04,-0.21,0.01381691968,-0.0399913421,-0.2099792722,2.466473634e-05
3.494,0.01393863285,-0.04,-0.21,0.01392824941,-0.03999133018,-0.2099791827,2.482622378e-05
3.495,0.01405001939,-0.04,-0.21,0.01403943836,-0.03999131829,-0.209979093,2.498862395e-05
3.496,0.01416126391,-0.04,-0.21,0.01415048545,-0.03999130644,-0.2099790032,2.515191312e-05
3.497,0.01427236532,-0.04,-0.21,0.01426138959,-0.03999129463,-0.2099789132,2.531606781e-05
3.498,0.01438332253,-0.04,-0.21,0.01437214968,-0.03999128286,-0.209978823,2.548106494e-05
3.499,0.01449413445,-0.04,-0.21,0.01448276467,-0.03999127113,-0.2099787327,2.56468817e-05
3.5,0.0146048,-0.04,-0.21,0.01459323345,-0.03999125943,-0.2099786422,2.581349561e-05
3.501,0.01471531809,-0.04,-0.21,0.01470355495,-0.03999124778,-0.2099785516,2.59808845e-05
3.502,0.01482568765,-0.04,-0.21,0.01481372811,-0.03999123616,-0.2099784608,2.614902652e-05
3.503,0.01493590759,-0.04,-0.21,0.01492375184,-0.03999122458,-0.2099783699,2.631790011e-05
3.504,0.01504597684,-0.04,-0.21,0.01503362508,-0.03999121304,-0.2099782788,2.648748402e-05
3.505,0.01515589433,-0.04,-0.21,0.01514334675,-0.03999120154,-0.2099781876,2.665775733e-05
3.506,0.01526565899,-0.04,-0.21,0.01525291579,-0.03999119008,-0.2099780962,2.682869936e-05
3.507,0.01537526975,-0.04,-0.21,0.01536233114,-0.03999117866,-0.2099780047,2.700028976e-05
3.508,0.01548472554,-0.04,-0.21,0.01547159174,-0.03999116728,-0.2099779131,2.717250845e-05
3.509,0.0155940253,-0.04,-0.21,0.01558069653,-0.03999115594,-0.2099778213,2.734533562e-05
3.51,0.01570316797,-0.04,-0.21,0.01568964446,-0.03999114464,-0.2099777294,2.751875177e-05
3.511,0.0158121525,-0.04,-0.21,0.01579843446,-0.03999113339,-0.2099776374,2.769273765e-05
3.512,0.01592097782,-0.04,-0.21,0.0159070655,-0.03999112217,-0.2099775452,2.786727429e-05
3.513,0.01602964288,-0.04,-0.21,0.01601553651,-0.03999111099,-0.209977453,2.804234298e-05
3.514,0.01613814664,-0.04,-0.21,0.01612384647,-0.03999109986,-0.2099773606,2.821792526e-05
3.515,0.01624648804,-0.04,-0.21,0.01623199432,-0.03999108876,-0.2099772681,2.839400293e-05
3.516,0.01635466604,-0.04,-0.21,0.01633997902,-0.03999107771,-0.2099771754,2.857055803e-05
3.517,0.0164626796,-0.04,-0.21,0.01644779954,-0.0399910667,-0.2099770827,2.874757291e-05
3.518,0.01657052768,-0.04,-0.21,0.01655545484,-0.03999105573,-0.2099769899,2.892503007e-05
3.519,0.01667820924,-0.04,-0.21,0.01666294389,-0.03999104481,-0.2099768969,2.91029123e-05
3.52,0.01678572324,-0.04,-0.21,0.01677026566,-0.03999103392,-0.2099768038,2.928120257e-05
3.521,0.01689306866,-0.04,-0.21,0.01687741912,-0.03999102308,-0.2099767107,2.945988414e-05
3.522,0.01700024446,-0.04,-0.21,0.01698440326,-0.03999101228,-0.2099766174,2.96389405e-05
3.523,0.01710724962,-0.04,-0.21,0.01709121704,-0.03999100153,-0.2099765241,2.981835529e-05
3.524,0.01721408312,-0.04,-0.21,0.01719785945,-0.03999099082,-0.2099764307,2.99981124e-05
3.525,0.01732074394,-0.04,-0.21,0.01730432948,-0.03999098015,-0.2099763371,3.017819595e-05
3.526,0.01742723105,-0.04,-0.21,0.01741062611,-0.03999096952,-0.2099762435,3.035859024e-05
3.527,0.01753354344,-0.04,-0.21,0.01751674833,-0.03999095894,-0.2099761498,3.05392798e-05
3.528,0.0176396801,-0.04,-0.21,0.01762269514,-0.0399909484,-0.209976056,3.072024934e-05
3.529,0.01774564002,-0.04,-0.21,0.01772846552,-0.0399909379,-0.2099759622,3.090148373e-05
3.53,0.0178514222,-0.04,-0.21,0.01783405849,-0.03999092745,-0.2099758683,3.108296807e-05
3.531,0.01795702563,-0.04,-0.21,0.01793947303,-0.03999091704,-0.2099757743,3.126468764e-05
3.532,0.0180624493,-0.04,-0.21,0.01804470816,-0.03999090668,-0.2099756802,3.144662789e-05
3.533,0.01816769223,-0.04,-0.21,0.01814976288,-0.03999089636,-0.209975586,3.162877444e-05
3.534,0.01827275342,-0.04,-0.21,0.01825463621,-0.03999088609,-0.2099754918,3.181111315e-05
3.535,0.01837763187,-0.04,-0.21,0.01835932715,-0.03999087586,-0.2099753976,3.199362997e-05
3.536,0.0184823266,-0.04,-0.21,0.01846383473,-0.03999086567,-0.2099753032,3.217631106e-05
3.537,0.01858683663,-0.04,-0.21,0.01856815796,-0.03999085553,-0.2099752089,3.235914271e-05
3.538,0.01869116096,-0.04,-0.21,0.01867229586,-0.03999084543,-0.2099751144,3.254211139e-05
3.539,0.01879529862,-0.04,-0.21,0.01877624747,-0.03999083538,-0.20997502,3.272520371e-05
3.54,0.01889924863,-0.04,-0.21,0.0188800118,-0.03999082538,-0.2099749254,3.290840646e-05
3.541,0.01900301002,-0.04,-0.21,0.0189835879,-0.03999081542,-0.2099748309,3.309170659e-05
3.542,0.01910658182,-0.04,-0.21,0.01908697479,-0.0399908055,-0.2099747362,3.327509116e-05
3.543,0.01920996306,-0.04,-0.21,0.01919017151,-0.03999079563,-0.2099746416,3.345854736e-05
3.544,0.01931315278,-0.04,-0.21,0.01929317711,-0.03999078581,-0.2099745469,3.364206257e-05
3.545,0.01941615002,-0.04,-0.21,0.01939599063,-0.03999077603,-0.2099744522,3.382562427e-05
3.546,0.01951895382,-0.04,-0.21,0.01949861112,-0.0399907663,-0.2099743575,3.40092201e-05
3.547,0.01962156322,-0.04,-0.21,0.01960103762,-0.03999075661,-0.2099742627,3.41928378e-05
3.548,0.01972397727,-0.04,-0.21,0.0197032692,-0.03999074697,-0.2099741679,3.437646525e-05
3.549,0.01982619503,-0.04,-0.21,0.0198053049,-0.03999073737,-0.2099740731,3.456009047e-05
3.55,0.01992821555,-0.04,-0.21,0.01990714379,-0.03999072782,-0.2099739782,3.474370159e-05
3.551,0.02003003789,-0.04,-0.21,0.02000878494,-0.03999071832,-0.2099738834,3.492728684e-05
3.552,0.02013166111,-0.04,-0.21,0.02011022741,-0.03999070887,-0.2099737885,3.511083461e-05
3.553,0.02023308428,-0.04,-0.21,0.02021147027,-0.03999069946,-0.2099736936,3.529433337e-05
3.554,0.02033430646,-0.04,-0.21,0.02031251259,-0.03999069009,-0.2099735988,3.547777173e-05
3.555,0.02043532673,-0.04,-0.21,0.02041335346,-0.03999068078,-0.2099735039,3.566113839e-05
3.556,0.02053614417,-0.04,-0.21,0.02051399195,-0.03999067151,-0.209973409,3.584442215e-05
3.557,0.02063675784,-0.04,-0.21,0.02061442714,-0.03999066228,-0.2099733141,3.602761195e-05
3.558,0.02073716684,-0.04,-0.21,0.02071465813,-0.0399906531,-0.2099732193,3.621069677e-05
3.559,0.02083737024,-0.04,-0.21,0.020814684,-0.03999064397,-0.2099731244,3.639366574e-05
3.56,0.02093736714,-0.04,-0.21,0.02091450385,-0.03999063489,-0.2099730295,3.657650808e-05
3.561,0.02103715663,-0.04,-0.21,0.02101411678,-0.03999062586,-0.2099729347,3.675921311e-05
3.562,0.02113673781,-0.04,-0.21,0.02111352189,-0.03999061687,-0.2099728399,3.694177023e-05
3.563,0.02123610977,-0.04,-0.21,0.02121271828,-0.03999060793,-0.2099727451,3.712416893e-05
3.564,0.02133527162,-0.04,-0.21,0.02131170505,-0.03999059903,-0.2099726503,3.730639881e-05
3.565,0.02143422247,-0.04,-0.21,0.02141048134,-0.03999059018,-0.2099725556,3.748844954e-05
3.566,0.02153296142,-0.04,-0.21,0.02150904623,-0.03999058138,-0.2099724608,3.767031089e-05
3.567,0.02163148759,-0.04,-0.21,0.02160739887,-0.03999057263,-0.2099723661,3.785197271e-05
3.568,0.02172980009,-0.04,-0.21,0.02170553837,-0.03999056393,-0.2099722715,3.80334249e-05
3.569,0.02182789806,-0.04,-0.21,0.02180346385,-0.03999055527,-0.2099721769,3.821465749e-05
3.57,0.0219257806,-0.04,-0.21,0.02190117444,-0.03999054666,-0.2099720823,3.839566059e-05
3.571,0.02202344685,-0.04,-0.21,0.02199866929,-0.03999053809,-0.2099719878,3.857642434e-05
3.572,0.02212089594,-0.04,-0.21,0.02209594752,-0.03999052958,-0.2099718933,3.875693899e-05
3.573,0.02221812701,-0.04,-0.21,0.02219300828,-0.03999052111,-0.2099717988,3.893719484e-05
3.574,0.0223151392,-0.04,-0.21,0.02228985071,-0.03999051269,-0.2099717045,3.911718229e-05
3.575,0.02241193165,-0.04,-0.21,0.02238647396,-0.03999050432,-0.2099716101,3.929689181e-05
3.576,0.0225085035,-0.04,-0.21,0.02248287719,-0.039990496,-0.2099715159,3.947631393e-05
3.577,0.02260485391,-0.04,-0.21,0.02257905954,-0.03999048772,-0.2099714217,3.965543925e-05
3.578,0.02270098203,-0.04,-0.21,0.02267502018,-0.03999047949,-0.2099713275,3.983425846e-05
3.579,0.02279688702,-0.04,-0.21,0.02277075827,-0.03999047131,-0.2099712335,4.001276225e-05
3.58,0.02289256804,-0.04,-0.21,0.02286627298,-0.03999046317,-0.2099711395,4.019094141e-05
3.581,0.02298802426,-0.04,-0.21,0.02296156348,-0.03999045509,-0.2099710455,4.036878684e-05
3.582,0.02308325484,-0.04,-0.21,0.02305662895,-0.03999044705,-0.2099709517,4.054628944e-05
3.583,0.02317825897,-0.04,-0.21,0.02315146856,-0.03999043906,-0.2099708579,4.072344021e-05
3.584,0.02327303581,-0.04,-0.21,0.0232460815,-0.03999043112,-0.2099707642,4.090023017e-05
3.585,0.02336758455,-0.04,-0.21,0.02334046695,-0.03999042323,-0.2099706706,4.107665044e-05
3.586,0.02346190438,-0.04,-0.21,0.0234346241,-0.03999041538,-0.2099705771,4.125269216e-05
3.587,0.02355599448,-0.04,-0.21,0.02352855216,-0.03999040758,-0.2099704837,4.142834655e-05
3.588,0.02364985405,-0.04,-0.21,0.02362225031,-0.03999039983,-0.2099703904,4.160360488e-05
3.589,0.02374348229,-0.04,-0.21,0.02371571777,-0.03999039213,-0.2099702971,4.17784585e-05
3.59,0.02383687839,-0.04,-0.21,0.02380895373,-0.03999038448,-0.209970204,4.195289876e-05
3.591,0.02393004156,-0.04,-0.21,0.02390195741,-0.03999037687,-0.209970111,4.212691712e-05
3.592,0.02402297102,-0.04,-0.21,0.02399472802,-0.03999036932,-0.2099700181,4.230050504e-05
3.593,0.02411566597,-0.04,-0.21,0.02408726478,-0.03999036181,-0.2099699253,4.247365401e-05
3.594,0.02420812563,-0.04,-0.21,0.02417956692,-0.03999035434,-0.2099698326,4.264635566e-05
3.595,0.02430034922,-0.04,-0.21,0.02427163367,-0.03999034693,-0.20996974,4.281860161e-05
3.596,0.02439233598,-0.04,-0.21,0.02436346424,-0.03999033957,-0.2099696475,4.299038354e-05
3.597,0.02448408512,-0.04,-0.21,0.02445505789,-0.03999033225,-0.2099695552,4.316169318e-05
3.598,0.02457559589,-0.04,-0.21,0.02454641384,-0.03999032498,-0.209969463,4.33325223e-05
3.599,0.02466686753,-0.04,-0.21,0.02463753134,-0.03999031776,-0.2099693709,4.35028627e-05
3.6,0.02475789926,-0.04,-0.21,0.02472840965,-0.03999031058,-0.2099692789,4.367270626e-05
3.601,0.02484869035,-0.04,-0.21,0.024819048,-0.03999030346,-0.2099691871,4.384204488e-05
3.602,0.02493924005,-0.04,-0.21,0.02490944567,-0.03999029638,-0.2099690954,4.401087051e-05
3.603,0.0250295476,-0.04,-0.21,0.02499960191,-0.03999028935,-0.2099690039,4.417917514e-05
3.604,0.02511961227,-0.04,-0.21,0.02508951598,-0.03999028237,-0.2099689125,4.43469508e-05
3.605,0.02520943332,-0.04,-0.21,0.02517918715,-0.03999027544,-0.2099688212,4.451418957e-05
3.606,0.02529901002,-0.04,-0.21,0.0252686147,-0.03999026855,-0.2099687301,4.468088357e-05
3.607,0.02538834165,-0.04,-0.21,0.02535779791,-0.03999026171,-0.2099686392,4.484702494e-05
3.608,0.02547742748,-0.04,-0.21,0.02544673605,-0.03999025493,-0.2099685484,4.501260587e-05
3.609,0.02556626678,-0.04,-0.21,0.02553542842,-0.03999024818,-0.2099684577,4.517761863e-05
3.61,0.02565485886,-0.04,-0.21,0.02562387431,-0.03999024149,-0.2099683672,4.534205548e-05
3.611,0.02574320299,-0.04,-0.21,0.025712073,-0.03999023484,-0.2099682769,4.550590871e-05
3.612,0.02583129847,-0.04,-0.21,0.02580002381,-0.03999022824,-0.2099681868,4.566917069e-05
3.613,0.02591914461,-0.04,-0.21,0.02588772603,-0.03999022169,-0.2099680968,4.58318338e-05
3.614,0.0260067407,-0.04,-0.21,0.02597517898,-0.03999021519,-0.209968007,4.599389047e-05
3.615,0.02609408605,-0.04,-0.21,0.02606238196,-0.03999020874,-0.2099679173,4.615533315e-05
3.616,0.02618117997,-0.04,-0.21,0.02614933431,-0.03999020233,-0.2099678279,4.631615432e-05
3.617,0.02626802179,-0.04,-0.21,0.02623603532,-0.03999019597,-0.2099677386,4.647634651e-05
3.618,0.02635461082,-0.04,-0.21,0.02632248435,-0.03999018966,-0.2099676495,4.663590229e-05
3.619,0.02644094639,-0.04,-0.21,0.02640868071,-0.03999018339,-0.2099675606,4.679481427e-05
3.62,0.02652702783,-0.04,-0.21,0.02649462374,-0.03999017717,-0.2099674719,4.695307507e-05
3.621,0.02661285448,-0.04,-0.21,0.02658031279,-0.03999017101,-0.2099673834,4.711067735e-05
3.622,0.02669842568,-0.04,-0.21,0.0266657472,-0.03999016488,-0.209967295,4.726761382e-05
3.623,0.02678374076,-0.04,-0.21,0.02675092631,-0.03999015881,-0.2099672069,4.742387721e-05
3.624,0.02686879908,-0.04,-0.21,0.02683584949,-0.03999015278,-0.209967119,4.757946029e-05
3.625,0.0269536,-0.04,-0.21,0.02692051609,-0.0399901468,-0.2099670313,4.773435584e-05
3.626,0.02703814287,-0.04,-0.21,0.02700492548,-0.03999014087,-0.2099669437,4.788855667e-05
3.627,0.02712242706,-0.04,-0.21,0.02708907703,-0.03999013498,-0.2099668564,4.804205566e-05
3.628,0.02720645192,-0.04,-0.21,0.0271729701,-0.03999012914,-0.2099667693,4.81948457e-05
3.629,0.02729021685,-0.04,-0.21,0.02725660408,-0.03999012335,-0.2099666825,4.83469197e-05
3.63,0.02737372121,-0.04,-0.21,0.02733997835,-0.03999011761,-0.2099665958,4.849827065e-05
3.631,0.02745696439,-0.04,-0.21,0.0274230923,-0.03999011191,-0.2099665094,4.864889148e-05
3.632,0.02753994577,-0.04,-0.21,0.02750594532,-0.03999010626,-0.2099664232,4.879877523e-05
3.633,0.02762266475,-0.04,-0.21,0.02758853681,-0.03999010066,-0.2099663372,4.894791492e-05
3.634,0.02770512072,-0.04,-0.21,0.02767086617,-0.0399900951,-0.2099662514,4.909630365e-05
3.635,0.02778731309,-0.04,-0.21,0.02775293281,-0.03999008959,-0.2099661659,4.924393449e-05
3.636,0.02786924125,-0.04,-0.21,0.02783473613,-0.03999008413,-0.2099660806,4.939080059e-05
3.637,0.02795090463,-0.04,-0.21,0.02791627557,-0.03999007871,-0.2099659956,4.953689513e-05
3.638,0.02803230265,-0.04,-0.21,0.02799755053,-0.03999007334,-0.2099659108,4.968221127e-05
3.639,0.02811343471,-0.04,-0.21,0.02807856045,-0.03999006802,-0.2099658262,4.982674222e-05
3.64,0.02819430025,-0.04,-0.21,0.02815930475,-0.03999006274,-0.2099657419,4.997048123e-05
3.641,0.0282748987,-0.04,-0.21,0.02823978288,-0.03999005751,-0.2099656579,5.011342158e-05
3.642,0.02835522949,-0.04,-0.21,0.02831999428,-0.03999005233,-0.2099655741,5.025555658e-05
3.643,0.02843529208,-0.04,-0.21,0.02839993838,-0.03999004719,-0.2099654905,5.039687954e-05
3.644,0.02851508589,-0.04,-0.21,0.02847961466,-0.0399900421,-0.2099654072,5.053738384e-05
3.645,0.02859461039,-0.04,-0.21,0.02855902255,-0.03999003705,-0.2099653242,5.067706286e-05
3.646,0.02867386504,-0.04,-0.21,0.02863816153,-0.03999003205,-0.2099652415,5.081591002e-05
3.647,0.02875284928,-0.04,-0.21,0.02871703105,-0.0399900271,-0.209965159,5.095391874e-05
3.648,0.0288315626,-0.04,-0.21,0.0287956306,-0.03999002219,-0.2099650767,5.109108249e-05
3.649,0.02891000446,-0.04,-0.21,0.02887395965,-0.03999001733,-0.2099649948,5.122739476e-05
3.65,0.02898817434,-0.04,-0.21,0.02895201769,-0.03999001252,-0.2099649131,5.136284909e-05
3.651,0.02906607172,-0.04,-0.21,0.02902980419,-0.03999000775,-0.2099648317,5.149743904e-05
3.652,0.02914369609,-0.04,-0.21,0.02910731865,-0.03999000302,-0.2099647506,5.163115817e-05
3.653,0.02922104694,-0.04,-0.21,0.02918456058,-0.03998999834,-0.2099646698,5.176400009e-05
3.654,0.02929812377,-0.04,-0.21,0.02926152947,-0.03998999371,-0.2099645892,5.189595844e-05
3.655,0.02937492608,-0.04,-0.21,0.02933822483,-0.03998998912,-0.209964509,5.202702688e-05
3.656,0.02945145339,-0.04,-0.21,0.02941464617,-0.03998998458,-0.209964429,5.215719909e-05
3.657,0.0295277052,-0.04,-0.21,0.02949079303,-0.03998998009,-0.2099643494,5.228646878e-05
3.658,0.02960368103,-0.04,-0.21,0.02956666491,-0.03998997563,-0.20996427,5.241482967e-05
3.659,0.02967938042,-0.04,-0.21,0.02964226135,-0.03998997123,-0.2099641909,5.254227555e-05
3.66,0.02975480288,-0.04,-0.21,0.02971758188,-0.03998996687,-0.2099641122,5.266880021e-05
3.661,0.02982994796,-0.04,-0.21,0.02979262605,-0.03998996255,-0.2099640337,5.279439747e-05
3.662,0.02990481518,-0.04,-0.21,0.0298673934,-0.03998995828,-0.2099639556,5.291906118e-05
3.663,0.02997940411,-0.04,-0.21,0.02994188348,-0.03998995405,-0.2099638777,5.304278525e-05
3.664,0.03005371429,-0.04,-0.21,0.03001609585,-0.03998994987,-0.2099638002,5.316556375e-05
3.665,0.03012774528,-0.04,-0.21,0.03009003007,-0.03998994573,-0.209963723,5.328739093e-05
3.666,0.03020149664,-0.04,-0.21,0.0301636857,-0.03998994164,-0.2099636461,5.340826114e-05
3.667,0.03027496793,-0.04,-0.21,0.03023706232,-0.03998993759,-0.2099635695,5.352816874e-05
3.668,0.03034815873,-0.04,-0.21,0.03031015951,-0.03998993359,-0.2099634933,5.364710793e-05
3.669,0.03042106863,-0.04,-0.21,0.03038297685,-0.03998992963,-0.2099634174,5.37650728e-05
3.67,0.03049369719,-0.04,-0.21,0.03045551392,-0.03998992572,-0.2099633418,5.388205733e-05
3.671,0.03056604402,-0.04,-0.21,0.03052777033,-0.03998992185,-0.2099632666,5.399805549e-05
3.672,0.03063810871,-0.04,-0.21,0.03059974568,-0.03998991803,-0.2099631916,5.411306128e-05
3.673,0.03070989085,-0.04,-0.21,0.03067143957,-0.03998991425,-0.2099631171,5.422706881e-05
3.674,0.03078139006,-0.04,-0.21,0.03074285161,-0.03998991051,-0.2099630428,5.434007226e-05
3.675,0.03085260595,-0.04,-0.21,0.03081398142,-0.03998990682,-0.2099629689,5.445206592e-05
3.676,0.03092353814,-0.04,-0.21,0.03088482863,-0.03998990317,-0.2099628954,5.456304407e-05
3.677,0.03099418624,-0.04,-0.21,0.03095539285,-0.03998989957,-0.2099628222,5.467300099e-05
3.678,0.03106454989,-0.04,-0.21,0.03102567374,-0.03998989601,-0.2099627493,5.478193096e-05
3.679,0.03113462872,-0.04,-0.21,0.03109567091,-0.0399898925,-0.2099626768,5.488982821e-05
3.68,0.03120442237,-0.04,-0.21,0.03116538403,-0.03998988903,-0.2099626047,5.499668701e-05
3.681,0.0312739305,-0.04,-0.21,0.03123481275,-0.0399898856,-0.2099625329,5.510250165e-05
3.682,0.03134315274,-0.04,-0.21,0.03130395671,-0.03998988222,-0.2099624614,5.520726648e-05
3.683,0.03141208877,-0.04,-0.21,0.03137281559,-0.03998987888,-0.2099623904,5.531097588e-05
3.684,0.03148073823,-0.04,-0.21,0.03144138905,-0.03998987558,-0.2099623197,5.541362431e-05
3.685,0.03154910081,-0.04,-0.21,0.03150967677,-0.03998987233,-0.2099622493,5.551520623e-05
3.686,0.03161717617,-0.04,-0.21,0.03157767842,-0.03998986911,-0.2099621794,5.561571613e-05
3.687,0.03168496401,-0.04,-0.21,0.0316453937,-0.03998986595,-0.2099621098,5.57151485e-05
3.688,0.03175246399,-0.04,-0.21,0.03171282229,-0.03998986282,-0.2099620406,5.581349787e-05
3.689,0.03181967583,-0.04,-0.21,0.03177996389,-0.03998985974,-0.2099619717,5.591075878e-05
3.69,0.03188659921,-0.04,-0.21,0.03184681822,-0.0399898567,-0.2099619033,5.600692578e-05
3.691,0.03195323384,-0.04,-0.21,0.03191338497,-0.0399898537,-0.2099618352,5.61019935e-05
3.692,0.03201957944,-0.04,-0.21,0.03197966386,-0.03998985075,-0.2099617675,5.619595657e-05
3.693,0.03208563571,-0.04,-0.21,0.03204565462,-0.03998984783,-0.2099617002,5.628880969e-05
3.694,0.03215140238,-0.04,-0.21,0.03211135697,-0.03998984496,-0.2099616333,5.638054754e-05
3.695,0.03221687918,-0.04,-0.21,0.03217677065,-0.03998984214,-0.2099615667,5.647116488e-05
3.696,0.03228206585,-0.04,-0.21,0.03224189539,-0.03998983935,-0.2099615006,5.656065646e-05
3.697,0.03234696212,-0.04,-0.21,0.03230673094,-0.0399898366,-0.2099614349,5.664901709e-05
3.698,0.03241156774,-0.04,-0.21,0.03237127706,-0.0399898339,-0.2099613695,5.673624157e-05
3.699,0.03247588246,-0.04,-0.21,0.0324355335,-0.03998983124,-0.2099613046,5.682232473e-05
3.7,0.03253990605,-0.04,-0.21,0.03249950002,-0.03998982862,-0.2099612401,5.690726146e-05
3.701,0.03260363826,-0.04,-0.21,0.0325631764,-0.03998982604,-0.2099611759,5.699104669e-05
3.702,0.03266707888,-0.04,-0.21,0.03262656241,-0.0399898235,-0.2099611122,5.707367536e-05
3.703,0.03273022766,-0.04,-0.21,0.03268965784,-0.03998982101,-0.2099610489,5.715514246e-05
3.704,0.03279308441,-0.04,-0.21,0.03275246247,-0.03998981855,-0.209960986,5.723544298e-05
3.705,0.03285564891,-0.04,-0.21,0.03281497609,-0.03998981614,-0.2099609235,5.731457199e-05
3.706,0.03291792095,-0.04,-0.21,0.03287719851,-0.03998981376,-0.2099608615,5.739252457e-05
3.707,0.03297990034,-0.04,-0.21,0.03293912954,-0.03998981143,-0.2099607998,5.74692958e-05
3.708,0.03304158688,-0.04,-0.21,0.03300076898,-0.03998980914,-0.2099607386,5.754488083e-05
3.709,0.03310298039,-0.04,-0.21,0.03306211667,-0.03998980688,-0.2099606778,5.761927483e-05
3.71,0.03316408069,-0.04,-0.21,0.03312317241,-0.03998980467,-0.2099606174,5.769247301e-05
3.711,0.03322488761,-0.04,-0.21,0.03318393606,-0.0399898025,-0.2099605574,5.776447061e-05
3.712,0.03328540098,-0.04,-0.21,0.03324440743,-0.03998980037,-0.2099604979,5.783526291e-05
3.713,0.03334562064,-0.04,-0.21,0.03330458639,-0.03998979827,-0.2099604388,5.790484523e-05
3.714,0.03340554644,-0.04,-0.21,0.03336447278,-0.03998979622,-0.2099603802,5.797321291e-05
3.715,0.03346517823,-0.04,-0.21,0.03342406645,-0.03998979421,-0.209960322,5.804036133e-05
3.716,0.03352451586,-0.04,-0.21,0.03348336728,-0.03998979223,-0.2099602642,5.810628592e-05
3.717,0.03358355921,-0.04,-0.21,0.03354237513,-0.0399897903,-0.2099602068,5.817098214e-05
3.718,0.03364230815,-0.04,-0.21,0.03360108988,-0.0399897884,-0.2099601499,5.823444545e-05
3.719,0.03370076254,-0.04,-0.21,0.03365951141,-0.03998978655,-0.2099600935,5.829667139e-05
3.72,0.03375892229,-0.04,-0.21,0.03371763962,-0.03998978473,-0.2099600375,5.835765552e-05
3.721,0.03381678727,-0.04,-0.21,0.03377547439,-0.03998978295,-0.2099599819,5.841739345e-05
3.722,0.0338743574,-0.04,-0.21,0.03383301563,-0.03998978121,-0.2099599268,5.847588082e-05
3.723,0.03393163256,-0.04,-0.21,0.03389026326,-0.03998977951,-0.2099598721,5.85331133e-05
3.724,0.03398861268,-0.04,-0.21,0.03394721718,-0.03998977785,-0.2099598179,5.858908662e-05
3.725,0.03404529766,-0.04,-0.21,0.03400387732,-0.03998977622,-0.2099597641,5.864379652e-05
3.726,0.03410168744,-0.04,-0.21,0.0340602436,-0.03998977464,-0.2099597108,5.86972388e-05
3.727,0.03415778195,-0.04,-0.21,0.03411631597,-0.03998977309,-0.209959658,5.874940929e-05
3.728,0.03421358111,-0.04,-0.21,0.03417209436,-0.03998977158,-0.2099596056,5.880030389e-05
3.729,0.03426908488,-0.04,-0.21,0.03422757873,-0.03998977011,-0.2099595537,5.884991849e-05
3.73,0.03432429321,-0.04,-0.21,0.03428276903,-0.03998976867,-0.2099595023,5.889824905e-05
3.731,0.03437920605,-0.04,-0.21,0.03433766521,-0.03998976728,-0.2099594513,5.894529158e-05
3.732,0.03443382337,-0.04,-0.21,0.03439226726,-0.03998976592,-0.2099594008,5.89910421e-05
3.733,0.03448814513,-0.04,-0.21,0.03444657514,-0.0399897646,-0.2099593507,5.90354967e-05
3.734,0.03454217132,-0.04,-0.21,0.03450058884,-0.03998976331,-0.2099593012,5.907865151e-05
3.735,0.03459590191,-0.04,-0.21,0.03455430835,-0.03998976206,-0.2099592521,5.912050271e-05
3.736,0.03464933691,-0.04,-0.21,0.03460773366,-0.03998976085,-0.2099592035,5.916104649e-05
3.737,0.0347024763,-0.04,-0.21,0.03466086477,-0.03998975968,-0.2099591553,5.920027912e-05
3.738,0.0347553201,-0.04,-0.21,0.03471370169,-0.03998975854,-0.2099591076,5.923819692e-05
3.739,0.03480786831,-0.04,-0.21,0.03476624445,-0.03998975744,-0.2099590605,5.927479622e-05
3.74,0.03486012095,-0.04,-0.21,0.03481849306,-0.03998975638,-0.2099590138,5.93100734e-05
3.741,0.03491207805,-0.04,-0.21,0.03487044755,-0.03998975535,-0.2099589675,5.934402491e-05
3.742,0.03496373963,-0.04,-0.21,0.03492210797,-0.03998975436,-0.2099589218,5.937664723e-05
3.743,0.03501510574,-0.04,-0.21,0.03497347434,-0.03998975341,-0.2099588766,5.940793691e-05
3.744,0.03506617643,-0.04,-0.21,0.03502454673,-0.03998975249,-0.2099588318,5.943789052e-05
3.745,0.03511695174,-0.04,-0.21,0.03507532519,-0.0399897516,-0.2099587875,5.94665047e-05
3.746,0.03516743173,-0.04,-0.21,0.03512580979,-0.03998975076,-0.2099587438,5.949377612e-05
3.747,0.03521761648,-0.04,-0.21,0.03517600059,-0.03998974995,-0.2099587005,5.951970152e-05
3.748,0.03526750605,-0.04,-0.21,0.03522589768,-0.03998974917,-0.2099586577,5.954427769e-05
3.749,0.03531710053,-0.04,-0.21,0.03527550114,-0.03998974843,-0.2099586154,5.956750143e-05
3.75,0.0353664,-0.04,-0.21,0.03532481106,-0.03998974773,-0.2099585736,5.958936964e-05
3.751,0.03541540456,-0.04,-0.21,0.03537382754,-0.03998974706,-0.2099585323,5.960987925e-05
3.752,0.03546411431,-0.04,-0.21,0.0354225507,-0.03998974642,-0.2099584916,5.962902725e-05
3.753,0.03551252936,-0.04,-0.21,0.03547098063,-0.03998974582,-0.2099584513,5.964681069e-05
3.754,0.03556064983,-0.04,-0.21,0.03551911747,-0.03998974526,-0.2099584115,5.966322665e-05
3.755,0.03560847583,-0.04,-0.21,0.03556696134,-0.03998974473,-0.2099583722,5.967827229e-05
3.756,0.03565600751,-0.04,-0.21,0.03561451238,-0.03998974423,-0.2099583334,5.96919448e-05
3.757,0.03570324499,-0.04,-0.21,0.03566177073,-0.03998974377,-0.2099582952,5.970424145e-05
3.758,0.03575018842,-0.04,-0.21,0.03570873653,-0.03998974335,-0.2099582574,5.971515957e-05
3.759,0.03579683795,-0.04,-0.21,0.03575540995,-0.03998974296,-0.2099582202,5.972469652e-05
3.76,0.03584319375,-0.04,-0.21,0.03580179114,-0.0399897426,-0.2099581835,5.973284974e-05
3.761,0.03588925597,-0.04,-0.21,0.03584788029,-0.03998974228,-0.2099581472,5.973961673e-05
3.762,0.0359350248,-0.04,-0.21,0.03589367756,-0.03998974199,-0.2099581115,5.974499503e-05
3.763,0.03598050041,-0.04,-0.21,0.03593918314,-0.03998974173,-0.2099580764,5.974898226e-05
3.764,0.036025683,-0.04,-0.21,0.03598439723,-0.03998974151,-0.2099580417,5.975157611e-05
3.765,0.03607057275,-0.04,-0.21,0.03602932003,-0.03998974133,-0.2099580075,5.97527743e-05
3.766,0.03611516987,-0.04,-0.21,0.03607395174,-0.03998974117,-0.2099579739,5.975257462e-05
3.767,0.03615947457,-0.04,-0.21,0.03611829257,-0.03998974105,-0.2099579408,5.975097495e-05
3.768,0.03620348706,-0.04,-0.21,0.03616234276,-0.03998974097,-0.2099579082,5.974797322e-05
3.769,0.03624720758,-0.04,-0.21,0.03620610252,-0.03998974091,-0.2099578761,5.974356741e-05
3.77,0.03629063636,-0.04,-0.21,0.03624957211,-0.0399897409,-0.2099578446,5.973775559e-05
3.771,0.03633377363,-0.04,-0.21,0.03629275175,-0.03998974091,-0.2099578136,5.973053589e-05
3.772,0.03637661965,-0.04,-0.21,0.03633564171,-0.03998974096,-0.2099577831,5.972190651e-05
3.773,0.03641917466,-0.04,-0.21,0.03637824223,-0.03998974104,-0.2099577531,5.971186571e-05
3.774,0.03646143893,-0.04,-0.21,0.0364205536,-0.03998974115,-0.2099577237,5.970041184e-05
3.775,0.03650341274,-0.04,-0.21,0.03646257608,-0.03998974129,-0.2099576948,5.968754329e-05
3.776,0.03654509635,-0.04,-0.21,0.03650430995,-0.03998974147,-0.2099576664,5.967325855e-05
3.777,0.03658649005,-0.04,-0.21,0.03654575551,-0.03998974168,-0.2099576386,5.965755615e-05
3.778,0.03662759413,-0.04,-0.21,0.03658691305,-0.03998974193,-0.2099576113,5.964043474e-05
3.779,0.03666840891,-0.04,-0.21,0.03662778288,-0.0399897422,-0.2099575845,5.962189302e-05
3.78,0.03670893467,-0.04,-0.21,0.0366683653,-0.03998974251,-0.2099575583,5.960192977e-05
3.781,0.03674917174,-0.04,-0.21,0.03670866064,-0.03998974285,-0.2099575326,5.958054384e-05
3.782,0.03678912044,-0.04,-0.21,0.03674866922,-0.03998974323,-0.2099575074,5.955773417e-05
3.783,0.03682878111,-0.04,-0.21,0.03678839139,-0.03998974363,-0.2099574828,5.953349978e-05
3.784,0.03686815407,-0.04,-0.21,0.03682782747,-0.03998974407,-0.2099574587,5.950783975e-05
3.785,0.03690723968,-0.04,-0.21,0.03686697783,-0.03998974454,-0.2099574351,5.948075326e-05
3.786,0.03694603829,-0.04,-0.21,0.03690584282,-0.03998974504,-0.2099574121,5.945223959e-05
3.787,0.03698455025,-0.04,-0.21,0.0369444228,-0.03998974557,-0.2099573896,5.942229807e-05
3.788,0.03702277595,-0.04,-0.21,0.03698271816,-0.03998974614,-0.2099573677,5.939092813e-05
3.789,0.03706071576,-0.04,-0.21,0.03702072926,-0.03998974673,-0.2099573463,5.93581293e-05
3.79,0.03709837006,-0.04,-0.21,0.0370584565,-0.03998974736,-0.2099573255,5.932390119e-05
3.791,0.03713573924,-0.04,-0.21,0.03709590029,-0.03998974802,-0.2099573051,5.928824349e-05
3.792,0.03717282371,-0.04,-0.21,0.03713306101,-0.03998974871,-0.2099572854,5.925115599e-05
3.793,0.03720962387,-0.04,-0.21,0.03716993908,-0.03998974943,-0.2099572662,5.921263857e-05
3.794,0.03724614014,-0.04,-0.21,0.03720653493,-0.03998975019,-0.2099572475,5.917269122e-05
3.795,0.03728237294,-0.04,-0.21,0.03724284898,-0.03998975097,-0.2099572294,5.913131399e-05
3.796,0.03731832271,-0.04,-0.21,0.03727888167,-0.03998975179,-0.2099572118,5.908850707e-05
3.797,0.03735398988,-0.04,-0.21,0.03731463345,-0.03998975264,-0.2099571948,5.904427073e-05
3.798,0.03738937491,-0.04,-0.21,0.03735010475,-0.03998975352,-0.2099571783,5.899860532e-05
3.799,0.03742447824,-0.04,-0.21,0.03738529605,-0.03998975443,-0.2099571623,5.895151133e-05
3.8,0.03745930035,-0.04,-0.21,0.03742020782,-0.03998975537,-0.209957147,5.890298932e-05
3.801,0.0374938417,-0.04,-0.21,0.03745484052,-0.03998975634,-0.2099571321,5.885303997e-05
3.802,0.03752810278,-0.04,-0.21,0.03748919464,-0.03998975734,-0.2099571178,5.880166409e-05
3.803,0.03756208407,-0.04,-0.21,0.03752327068,-0.03998975837,-0.2099571041,5.874886254e-05
3.804,0.03759578607,-0.04,-0.21,0.03755706913,-0.03998975944,-0.2099570909,5.869463636e-05
3.805,0.03762920928,-0.04,-0.21,0.0375905905,-0.03998976053,-0.2099570783,5.863898665e-05
3.806,0.03766235421,-0.04,-0.21,0.03762383531,-0.03998976166,-0.2099570662,5.858191465e-05
3.807,0.03769522139,-0.04,-0.21,0.03765680409,-0.03998976281,-0.2099570547,5.852342173e-05
3.808,0.03772781134,-0.04,-0.21,0.03768949735,-0.039989764,-0.2099570437,5.846350933e-05
3.809,0.0377601246,-0.04,-0.21,0.03772191565,-0.03998976522,-0.2099570333,5.840217906e-05
3.81,0.03779216171,-0.04,-0.21,0.03775405954,-0.03998976647,-0.2099570234,5.833943263e-05
3.811,0.03782392323,-0.04,-0.21,0.03778592957,-0.03998976774,-0.2099570141,5.827527186e-05
3.812,0.03785540972,-0.04,-0.21,0.0378175263,-0.03998976905,-0.2099570053,5.820969873e-05
3.813,0.03788662174,-0.04,-0.21,0.03784885031,-0.03998977039,-0.2099569971,5.814271534e-05
3.814,0.03791755988,-0.04,-0.21,0.03787990218,-0.03998977176,-0.2099569894,5.80743239e-05
3.815,0.03794822472,-0.04,-0.21,0.0379106825,-0.03998977316,-0.2099569823,5.800452678e-05
3.816,0.03797861685,-0.04,-0.21,0.03794119187,-0.03998977459,-0.2099569758,5.793332648e-05
3.817,0.03800873688,-0.04,-0.21,0.03797143089,-0.03998977605,-0.2099569698,5.786072562e-05
3.818,0.03803858542,-0.04,-0.21,0.03800140018,-0.03998977754,-0.2099569644,5.778672699e-05
3.819,0.03806816308,-0.04,-0.21,0.03803110036,-0.03998977906,-0.2099569595,5.77113335e-05
3.82,0.0380974705,-0.04,-0.21,0.03806053207,-0.03998978061,-0.2099569552,5.763454822e-05
3.821,0.03812650831,-0.04,-0.21,0.03808969593,-0.03998978219,-0.2099569514,5.755637437e-05
3.822,0.03815527715,-0.04,-0.21,0.03811859261,-0.0399897838,-0.2099569482,5.747681531e-05
3.823,0.03818377768,-0.04,-0.21,0.03814722276,-0.03998978543,-0.2099569455,5.739587456e-05
3.824,0.03821201055,-0.04,-0.21,0.03817558703,-0.0399897871,-0.2099569434,5.731355582e-05
3.825,0.03823997645,-0.04,-0.21,0.03820368612,-0.0399897888,-0.2099569419,5.722986291e-05
3.826,0.03826767604,-0.04,-0.21,0.03823152069,-0.03998979053,-0.2099569409,5.714479985e-05
3.827,0.03829511001,-0.04,-0.21,0.03825909143,-0.03998979229,-0.2099569405,5.70583708e-05
3.828,0.03832227905,-0.04,-0.21,0.03828639906,-0.03998979408,-0.2099569406,5.697058012e-05
3.829,0.03834918388,-0.04,-0.21,0.03831344426,-0.0399897959,-0.2099569413,5.688143231e-05
3.83,0.0383758252,-0.04,-0.21,0.03834022777,-0.03998979775,-0.2099569425,5.679093207e-05
3.831,0.03840220373,-0.04,-0.21,0.03836675029,-0.03998979963,-0.2099569443,5.669908427e-05
3.832,0.03842832021,-0.04,-0.21,0.03839301258,-0.03998980154,-0.2099569467,5.660589398e-05
3.833,0.03845417536,-0.04,-0.21,0.03841901536,-0.03998980347,-0.2099569496,5.651136642e-05
3.834,0.03847976994,-0.04,-0.21,0.03844475939,-0.03998980544,-0.209956953,5.641550705e-05
3.835,0.0385051047,-0.04,-0.21,0.03847024543,-0.03998980744,-0.209956957,5.631832148e-05
3.836,0.03853018041,-0.04,-0.21,0.03849547424,-0.03998980947,-0.2099569616,5.621981557e-05
3.837,0.03855499784,-0.04,-0.21,0.03852044661,-0.03998981152,-0.2099569667,5.611999517e-05
3.838,0.03857955776,-0.04,-0.21,0.03854516331,-0.03998981361,-0.2099569724,5.601886612e-05
3.839,0.03860386097,-0.04,-0.21,0.03856962514,-0.03998981573,-0.2099569787,5.591643431e-05
3.84,0.03862790827,-0.04,-0.21,0.0385938329,-0.03998981787,-0.2099569855,5.581270581e-05
3.841,0.03865170047,-0.04,-0.21,0.03861778741,-0.03998982004,-0.2099569928,5.570768705e-05
3.842,0.03867523837,-0.04,-0.21,0.03864148948,-0.03998982224,-0.2099570007,5.560138493e-05
3.843,0.03869852282,-0.04,-0.21,0.03866493995,-0.03998982447,-0.2099570092,5.549380675e-05
3.844,0.03872155463,-0.04,-0.21,0.03868813965,-0.03998982673,-0.2099570182,5.538496016e-05
3.845,0.03874433465,-0.04,-0.21,0.03871108943,-0.03998982902,-0.2099570277,5.527485304e-05
3.846,0.03876686374,-0.04,-0.21,0.03873379014,-0.03998983133,-0.2099570379,5.516349348e-05
3.847,0.03878914275,-0.04,-0.21,0.03875624264,-0.03998983368,-0.2099570485,5.505088969e-05
3.848,0.03881117255,-0.04,-0.21,0.03877844782,-0.03998983605,-0.2099570597,5.493705008e-05
3.849,0.03883295403,-0.04,-0.21,0.03880040655,-0.03998983845,-0.2099570715,5.482198333e-05
3.85,0.03885448806,-0.04,-0.21,0.03882211972,-0.03998984088,-0.2099570839,5.470569837e-05
3.851,0.03887577555,-0.04,-0.21,0.03884358823,-0.03998984334,-0.2099570967,5.458820449e-05
3.852,0.0388968174,-0.04,-0.21,0.03886481299,-0.03998984582,-0.2099571102,5.446951131e-05
3.853,0.03891761452,-0.04,-0.21,0.03888579492,-0.03998984834,-0.2099571241,5.434962878e-05
3.854,0.03893816784,-0.04,-0.21,0.03890653495,-0.03998985088,-0.2099571387,5.422856711e-05
3.855,0.03895847828,-0.04,-0.21,0.038927034,-0.03998985345,-0.2099571538,5.410633683e-05
3.856,0.0389785468,-0.04,-0.21,0.03894729303,-0.03998985604,-0.2099571694,5.39829487e-05
3.857,0.03899837433,-0.04,-0.21,0.03896731299,-0.03998985867,-0.2099571856,5.385841381e-05
3.858,0.03901796184,-0.04,-0.21,0.03898709484,-0.03998986132,-0.2099572023,5.373274351e-05
3.859,0.0390373103,-0.04,-0.21,0.03900663955,-0.03998986401,-0.2099572196,5.360594952e-05
3.86,0.03905642068,-0.04,-0.21,0.03902594811,-0.03998986672,-0.2099572374,5.34780439e-05
3.861,0.03907529398,-0.04,-0.21,0.0390450215,-0.03998986945,-0.2099572558,5.334903908e-05
3.862,0.03909393117,-0.04,-0.21,0.03906386073,-0.03998987222,-0.2099572747,5.321894782e-05
3.863,0.03911233328,-0.04,-0.21,0.03908246679,-0.03998987501,-0.2099572941,5.308778325e-05
3.864,0.03913050132,-0.04,-0.21,0.03910084072,-0.03998987783,-0.2099573142,5.295555887e-05
3.865,0.0391484363,-0.04,-0.21,0.03911898352,-0.03998988068,-0.2099573347,5.282228852e-05
3.866,0.03916613926,-0.04,-0.21,0.03913689626,-0.03998988356,-0.2099573558,5.268798642e-05
3.867,0.03918361125,-0.04,-0.21,0.03915457995,-0.03998988647,-0.2099573774,5.255266715e-05
3.868,0.03920085331,-0.04,-0.21,0.03917203567,-0.0399898894,-0.2099573996,5.241634574e-05
3.869,0.0392178665,-0.04,-0.21,0.03918926448,-0.03998989236,-0.2099574223,5.227903758e-05
3.87,0.03923465189,-0.04,-0.21,0.03920626744,-0.03998989535,-0.2099574456,5.214075851e-05
3.871,0.03925121057,-0.04,-0.21,0.03922304564,-0.03998989837,-0.2099574694,5.200152479e-05
3.872,0.03926754362,-0.04,-0.21,0.03923960018,-0.03998990141,-0.2099574937,5.186135312e-05
3.873,0.03928365213,-0.04,-0.21,0.03925593214,-0.03998990449,-0.2099575186,5.172026064e-05
3.874,0.03929953722,-0.04,-0.21,0.03927204265,-0.03998990759,-0.209957544,5.157826491e-05
3.875,0.0393152,-0.04,-0.21,0.03928793283,-0.03998991072,-0.20995757,5.143538401e-05
3.876,0.0393306416,-0.04,-0.21,0.03930360379,-0.03998991388,-0.2099575965,5.129163642e-05
3.877,0.03934586315,-0.04,-0.21,0.03931905669,-0.03998991706,-0.2099576235,5.114704116e-05
3.878,0.03936086579,-0.04,-0.21,0.03933429267,-0.03998992028,-0.2099576511,5.100161772e-05
3.879,0.03937565069,-0.04,-0.21,0.03934931288,-0.03998992352,-0.2099576791,5.085538611e-05
3.88,0.039390219,-0.04,-0.21,0.03936411849,-0.03998992679,-0.2099577078,5.070836686e-05
3.881,0.0394045719,-0.04,-0.21,0.03937871069,-0.03998993008,-0.2099577369,5.056058101e-05
3.882,0.03941871057,-0.04,-0.21,0.03939309065,-0.03998993341,-0.2099577666,5.041205016e-05
3.883,0.0394326362,-0.04,-0.21,0.03940725958,-0.03998993676,-0.2099577968,5.026279647e-05
3.884,0.03944634999,-0.04,-0.21,0.03942121867,-0.03998994015,-0.2099578276,5.011284265e-05
3.885,0.03945985316,-0.04,-0.21,0.03943496914,-0.03998994356,-0.2099578589,4.996221197e-05
3.886,0.03947314693,-0.04,-0.21,0.03944851222,-0.03998994699,-0.2099578907,4.981092833e-05
3.887,0.03948623253,-0.04,-0.21,0.03946184914,-0.03998995046,-0.209957923,4.96590162e-05
3.888,0.03949911119,-0.04,-0.21,0.03947498114,-0.03998995396,-0.2099579558,4.950650068e-05
3.889,0.03951178417,-0.04,-0.21,0.03948790948,-0.03998995748,-0.2099579892,4.93534075e-05
3.89,0.03952425273,-0.04,-0.21,0.03950063541,-0.03998996103,-0.2099580231,4.919976304e-05
3.891,0.03953651813,-0.04,-0.21,0.03951316022,-0.03998996461,-0.2099580575,4.904559432e-05
3.892,0.03954858166,-0.04,-0.21,0.03952548519,-0.03998996822,-0.2099580925,4.889092905e-05
3.893,0.03956044461,-0.04,-0.21,0.0395376116,-0.03998997186,-0.209958128,4.873579562e-05
3.894,0.03957210827,-0.04,-0.21,0.03954954076,-0.03998997552,-0.2099581639,4.858022312e-05
3.895,0.03958357395,-0.04,-0.21,0.03956127398,-0.03998997922,-0.2099582004,4.842424135e-05
3.896,0.03959484296,-0.04,-0.21,0.03957281258,-0.03998998294,-0.2099582375,4.826788087e-05
3.897,0.03960591665,-0.04,-0.21,0.0395841579,-0.03998998669,-0.209958275,4.811117293e-05
3.898,0.03961679634,-0.04,-0.21,0.03959531127,-0.03998999047,-0.2099583131,4.795414959e-05
3.899,0.03962748338,-0.04,-0.21,0.03960627404,-0.03998999428,-0.2099583516,4.779684366e-05
3.9,0.03963797914,-0.04,-0.21,0.03961704758,-0.03998999812,-0.2099583907,4.763928877e-05
3.901,0.03964828497,-0.04,-0.21,0.03962763325,-0.03999000199,-0.2099584303,4.748151931e-05
3.902,0.03965840225,-0.04,-0.21,0.03963803244,-0.03999000588,-0.2099584704,4.732357055e-05
3.903,0.03966833238,-0.04,-0.21,0.03964824654,-0.03999000981,-0.209958511,4.716547857e-05
3.904,0.03967807675,-0.04,-0.21,0.03965827694,-0.03999001376,-0.2099585521,4.70072803e-05
3.905,0.03968763676,-0.04,-0.21,0.03966812506,-0.03999001775,-0.2099585937,4.684901357e-05
3.906,0.03969701384,-0.04,-0.21,0.03967779232,-0.03999002176,-0.2099586359,4.669071707e-05
3.907,0.0397062094,-0.04,-0.21,0.03968728015,-0.0399900258,-0.2099586785,4.653243041e-05
3.908,0.0397152249,-0.04,-0.21,0.03969658999,-0.03999002987,-0.2099587216,4.637419413e-05
3.909,0.03972406177,-0.04,-0.21,0.03970572329,-0.03999003397,-0.2099587653,4.621604969e-05
3.91,0.03973272147,-0.04,-0.21,0.0397146815,-0.0399900381,-0.2099588094,4.605803951e-05
3.911,0.03974120547,-0.04,-0.21,0.03972346611,-0.03999004227,-0.2099588541,4.5900207e-05
3.912,0.03974951524,-0.04,-0.21,0.03973207858,-0.03999004646,-0.2099588992,4.574259652e-05
3.913,0.03975765229,-0.04,-0.21,0.03974052042,-0.03999005068,-0.2099589448,4.558525347e-05
3.914,0.03976561809,-0.04,-0.21,0.03974879312,-0.03999005493,-0.209958991,4.542822425e-05
3.915,0.03977341416,-0.04,-0.21,0.03975689819,-0.03999005921,-0.2099590376,4.52715563e-05
3.916,0.03978104202,-0.04,-0.21,0.03976483716,-0.03999006352,-0.2099590847,4.511529811e-05
3.917,0.0397885032,-0.04,-0.21,0.03977261155,-0.03999006786,-0.2099591324,4.495949923e-05
3.918,0.03979579923,-0.04,-0.21,0.03978022291,-0.03999007223,-0.2099591805,4.480421029e-05
3.919,0.03980293167,-0.04,-0.21,0.03978767279,-0.03999007663,-0.2099592291,4.464948303e-05
3.92,0.03980990206,-0.04,-0.21,0.03979496275,-0.03999008106,-0.2099592781,4.449537028e-05
3.921,0.03981671199,-0.04,-0.21,0.03980209436,-0.03999008553,-0.2099593277,4.4341926e-05
3.922,0.03982336303,-0.04,-0.21,0.03980906921,-0.03999009002,-0.2099593778,4.418920527e-05
3.923,0.03982985677,-0.04,-0.21,0.03981588889,-0.03999009454,-0.2099594283,4.403726434e-05
3.924,0.0398361948,-0.04,-0.21,0.039822555,-0.0399900991,-0.2099594794,4.38861606e-05
3.925,0.03984237875,-0.04,-0.21,0.03982906915,-0.03999010369,-0.2099595309,4.373595262e-05
3.926,0.03984841023,-0.04,-0.21,0.03983543298,-0.03999010831,-0.2099595829,4.358670012e-05
3.927,0.03985429087,-0.04,-0.21,0.0398416481,-0.03999011296,-0.2099596353,4.343846405e-05
3.928,0.03986002232,-0.04,-0.21,0.03984771618,-0.03999011764,-0.2099596883,4.329130652e-05
3.929,0.03986560622,-0.04,-0.21,0.03985363886,-0.03999012235,-0.2099597417,4.314529084e-05
3.93,0.03987104424,-0.04,-0.21,0.03985941781,-0.0399901271,-0.2099597956,4.300048155e-05
3.931,0.03987633806,-0.04,-0.21,0.03986505471,-0.03999013187,-0.20995985,4.285694438e-05
3.932,0.03988148934,-0.04,-0.21,0.03987055124,-0.03999013668,-0.2099599048,4.271474627e-05
3.933,0.0398864998,-0.04,-0.21,0.03987590909,-0.03999014152,-0.2099599602,4.257395539e-05
3.934,0.03989137113,-0.04,-0.21,0.03988112999,-0.0399901464,-0.2099600159,4.243464111e-05
3.935,0.03989610504,-0.04,-0.21,0.03988621563,-0.03999015131,-0.2099600722,4.2296874e-05
3.936,0.03990070327,-0.04,-0.21,0.03989116776,-0.03999015625,-0.2099601289,4.216072586e-05
3.937,0.03990516755,-0.04,-0.21,0.03989598812,-0.03999016122,-0.2099601861,4.202626968e-05
3.938,0.03990949962,-0.04,-0.21,0.03990067844,-0.03999016622,-0.2099602438,4.189357963e-05
3.939,0.03991370125,-0.04,-0.21,0.03990524049,-0.03999017126,-0.2099603019,4.176273107e-05
3.94,0.03991777419,-0.04,-0.21,0.03990967605,-0.03999017634,-0.2099603605,4.163380053e-05
3.941,0.03992172024,-0.04,-0.21,0.0399139869,-0.03999018144,-0.2099604196,4.15068657e-05
3.942,0.03992554117,-0.04,-0.21,0.03991817482,-0.03999018658,-0.2099604791,4.138200539e-05
3.943,0.03992923879,-0.04,-0.21,0.03992224162,-0.03999019176,-0.209960539,4.125929953e-05
3.944,0.03993281492,-0.04,-0.21,0.03992618911,-0.03999019697,-0.2099605995,4.113882917e-05
3.945,0.03993627136,-0.04,-0.21,0.03993001913,-0.03999020221,-0.2099606603,4.102067638e-05
3.946,0.03993960995,-0.04,-0.21,0.03993373349,-0.03999020749,-0.2099607217,4.090492431e-05
3.947,0.03994283253,-0.04,-0.21,0.03993733406,-0.0399902128,-0.2099607835,4.079165709e-05
3.948,0.03994594097,-0.04,-0.21,0.03994082268,-0.03999021815,-0.2099608457,4.068095985e-05
3.949,0.03994893711,-0.04,-0.21,0.03994420122,-0.03999022353,-0.2099609084,4.057291862e-05
3.95,0.03995182285,-0.04,-0.21,0.03994747157,-0.03999022895,-0.2099609715,4.046762036e-05
3.951,0.03995460006,-0.04,-0.21,0.03995063561,-0.0399902344,-0.2099610351,4.036515284e-05
3.952,0.03995727063,-0.04,-0.21,0.03995369523,-0.03999023989,-0.2099610992,4.026560466e-05
3.953,0.03995983649,-0.04,-0.21,0.03995665236,-0.03999024542,-0.2099611636,4.016906517e-05
3.954,0.03996229954,-0.04,-0.21,0.03995950892,-0.03999025098,-0.2099612286,4.007562438e-05
3.955,0.03996466172,-0.04,-0.21,0.03996226683,-0.03999025658,-0.2099612939,3.998537297e-05
3.956,0.03996692496,-0.04,-0.21,0.03996492804,-0.03999026221,-0.2099613597,3.989840218e-05
3.957,0.03996909122,-0.04,-0.21,0.0399674945,-0.03999026788,-0.209961426,3.981480375e-05
3.958,0.03997116246,-0.04,-0.21,0.03996996818,-0.03999027359,-0.2099614927,3.973466986e-05
3.959,0.03997314065,-0.04,-0.21,0.03997235106,-0.03999027934,-0.2099615598,3.965809305e-05
3.96,0.03997502779,-0.04,-0.21,0.03997464513,-0.03999028512,-0.2099616274,3.958516616e-05
3.961,0.03997682585,-0.04,-0.21,0.03997685238,-0.03999029095,-0.2099616953,3.951598223e-05
3.962,0.03997853685,-0.04,-0.21,0.03997897482,-0.03999029681,-0.2099617638,3.945063442e-05
3.963,0.03998016281,-0.04,-0.21,0.03998101447,-0.03999030271,-0.2099618326,3.938921591e-05
3.964,0.03998170576,-0.04,-0.21,0.03998297337,-0.03999030865,-0.2099619019,3.933181986e-05
3.965,0.03998316773,-0.04,-0.21,0.03998485355,-0.03999031462,-0.2099619717,3.927853927e-05
3.966,0.03998455077,-0.04,-0.21,0.03998665708,-0.03999032064,-0.2099620418,3.922946689e-05
3.967,0.03998585695,-0.04,-0.21,0.03998838601,-0.0399903267,-0.2099621124,3.918469513e-05
3.968,0.03998708835,-0.04,-0.21,0.03999004243,-0.03999033279,-0.2099621834,3.914431597e-05
3.969,0.03998824703,-0.04,-0.21,0.03999162842,-0.03999033893,-0.2099622548,3.910842084e-05
3.97,0.03998933511,-0.04,-0.21,0.03999314608,-0.03999034511,-0.2099623267,3.907710053e-05
3.971,0.03999035468,-0.04,-0.21,0.03999459752,-0.03999035133,-0.209962399,3.905044506e-05
3.972,0.03999130787,-0.04,-0.21,0.03999598485,-0.03999035758,-0.2099624717,3.902854361e-05
3.973,0.0399921968,-0.04,-0.21,0.03999731023,-0.03999036388,-0.2099625448,3.901148437e-05
3.974,0.03999302361,-0.04,-0.21,0.03999857577,-0.03999037023,-0.2099626183,3.899935446e-05
3.975,0.03999379046,-0.04,-0.21,0.03999978365,-0.03999037661,-0.2099626923,3.899223981e-05
3.976,0.03999449951,-0.04,-0.21,0.04000093603,-0.03999038304,-0.2099627666,3.899022506e-05
3.977,0.03999515293,-0.04,-0.21,0.04000203509,-0.03999038951,-0.2099628414,3.899339343e-05
3.978,0.03999575291,-0.04,-0.21,0.04000308301,-0.03999039602,-0.2099629166,3.900182664e-05
3.979,0.03999630164,-0.04,-0.21,0.04000408199,-0.03999040257,-0.2099629923,3.901560479e-05
3.98,0.03999680134,-0.04,-0.21,0.04000503425,-0.03999040917,-0.2099630683,3.903480624e-05
3.981,0.03999725422,-0.04,-0.21,0.04000594202,-0.03999041582,-0.2099631447,3.905950754e-05
3.982,0.03999766251,-0.04,-0.21,0.04000680751,-0.03999042251,-0.2099632216,3.90897833e-05
3.983,0.03999802846,-0.04,-0.21,0.04000763299,-0.03999042924,-0.2099632988,3.912570612e-05
3.984,0.03999835433,-0.04,-0.21,0.04000842071,-0.03999043602,-0.2099633765,3.916734648e-05
3.985,0.03999864236,-0.04,-0.21,0.04000917293,-0.03999044284,-0.2099634546,3.921477263e-05
3.986,0.03999889486,-0.04,-0.21,0.04000989195,-0.03999044971,-0.2099635331,3.926805057e-05
3.987,0.03999911409,-0.04,-0.21,0.04001058004,-0.03999045662,-0.209963612,3.932724388e-05
3.988,0.03999930236,-0.04,-0.21,0.04001123952,-0.03999046359,-0.2099636913,3.939241373e-05
3.989,0.03999946199,-0.04,-0.21,0.0400118727,-0.0399904706,-0.209963771,3.946361874e-05
3.99,0.0399995953,-0.04,-0.21,0.0400124819,-0.03999047765,-0.2099638511,3.954091497e-05
3.991,0.03999970462,-0.04,-0.21,0.04001306947,-0.03999048476,-0.2099639316,3.962435581e-05
3.992,0.03999979229,-0.04,-0.21,0.04001363775,-0.03999049191,-0.2099640125,3.971399197e-05
3.993,0.03999986068,-0.04,-0.21,0.04001418911,-0.03999049911,-0.2099640938,3.980987139e-05
3.994,0.03999991216,-0.04,-0.21,0.04001472592,-0.03999050636,-0.2099641755,3.991203926e-05
3.995,0.03999994911,-0.04,-0.21,0.04001525056,-0.03999051366,-0.2099642576,4.002053792e-05
3.996,0.03999997391,-0.04,-0.21,0.04001576543,-0.03999052101,-0.2099643401,4.013540686e-05
3.997,0.03999998898,-0.04,-0.21,0.04001627295,-0.03999052842,-0.209964423,4.025668272e-05
3.998,0.03999999673,-0.04,-0.21,0.04001677552,-0.03999053587,-0.2099645063,4.038439924e-05
3.999,0.03999999959,-0.04,-0.21,0.04001727559,-0.03999054337,-0.20996459,4.051858728e-05
4,0.04,-0.04,-0.21,0.04001777559,-0.03999055093,-0.2099646741,4.065927481e-05
4.001,0.04,-0.03999999959,-0.21,0.04001827798,-0.03999055853,-0.2099647586,4.080657593e-05
4.002,0.04,-0.03999999673,-0.21,0.04001875932,-0.03999054525,-0.2099648313,4.09643985e-05
4.003,0.04,-0.03999998898,-0.21,0.04001916684,-0.0399904619,-0.2099648766,4.113134312e-05
4.004,0.04,-0.03999997391,-0.21,0.04001945717,-0.03999025666,-0.2099649001,4.129178342e-05
4.005,0.04,-0.03999994911,-0.21,0.04001961657,-0.03998989421,-0.2099649232,4.142818139e-05
4.006,0.04,-0.03999991216,-0.21,0.04001966286,-0.03998936735,-0.209964966,4.153551578e-05
4.007,0.04,-0.03999986068,-0.21,0.04001963492,-0.03998870024,-0.2099650354,4.162461368e-05
4.008,0.04,-0.03999979229,-0.21,0.04001957739,-0.03998794281,-0.2099651232,4.171421711e-05
4.009,0.04,-0.03999970462,-0.21,0.0400195269,-0.03998715725,-0.2099652128,4.181968778e-05
4.01,0.04,-0.0399995953,-0.21,0.04001950393,-0.03998640018,-0.2099652873,4.194625052e-05
4.011,0.04,-0.03999946199,-0.21,0.04001951153,-0.03998570614,-0.2099653358,4.208954162e-05
4.012,0.04,-0.03999930236,-0.21,0.04001953956,-0.03998507797,-0.2099653565,4.224095748e-05
4.013,0.04,-0.03999911409,-0.21,0.04001957172,-0.03998448708,-0.2099653561,4.2393378e-05
4.014,0.04,-0.03999889486,-0.21,0.04001959245,-0.03998388371,-0.2099653471,4.254432253e-05
4.015,0.04,-0.03999864236,-0.21,0.04001959151,-0.03998321329,-0.2099653435,4.269611864e-05
4.016,0.04,-0.03999835433,-0.21,0.04001956578,-0.03998243357,-0.2099653563,4.285410002e-05
4.017,0.04,-0.03999802846,-0.21,0.04001951838,-0.03998152696,-0.2099653909,4.302392156e-05
4.018,0.04,-0.03999766251,-0.21,0.04001945666,-0.03998050443,-0.2099654451,4.320880297e-05
4.019,0.04,-0.03999725422,-0.21,0.04001938971,-0.03997940005,-0.209965511,4.340760742e-05
4.02,0.04,-0.03999680134,-0.21,0.04001932623,-0.03997825863,-0.2099655774,4.361476221e-05
4.021,0.04,-0.03999630164,-0.21,0.04001927297,-0.03997712059,-0.2099656337,4.382240838e-05
4.022,0.04,-0.03999575291,-0.21,0.04001923368,-0.03997600906,-0.2099656729,4.40238991e-05
4.023,0.04,-0.03999515293,-0.21,0.0400192086,-0.03997492306,-0.2099656939,4.421683719e-05
4.024,0.04,-0.03999449951,-0.21,0.04001919455,-0.03997383867,-0.209965701,4.44040956e-05
4.025,0.04,-0.03999379046,-0.21,0.04001918567,-0.03997271714,-0.2099657025,4.459250357e-05
4.026,0.04,-0.03999302361,-0.21,0.04001917489,-0.03997151714,-0.2099657079,4.479010473e-05
4.027,0.04,-0.0399921968,-0.21,0.04001915582,-0.03997020702,-0.2099657246,4.500329659e-05
4.028,0.04,-0.03999130787,-0.21,0.04001912454,-0.03996877335,-0.2099657563,4.523478179e-05
4.029,0.04,-0.03999035468,-0.21,0.04001908082,-0.03996722322,-0.2099658015,4.548271296e-05
4.03,0.04,-0.03998933511,-0.21,0.0400190283,-0.03996558017,-0.209965855,4.574113042e-05
4.031,0.04,-0.03998824703,-0.21,0.04001897334,-0.03996387528,-0.2099659092,4.60016607e-05
4.032,0.04,-0.03998708835,-0.21,0.04001892313,-0.03996213651,-0.2099659566,4.625613942e-05
4.033,0.04,-0.03998585695,-0.21,0.04001888342,-0.03996037969,-0.2099659924,4.649934739e-05
4.034,0.04,-0.03998455077,-0.21,0.04001885671,-0.03995860381,-0.2099660155,4.673079879e-05
4.035,0.04,-0.03998316773,-0.21,0.04001884153,-0.03995679168,-0.2099660286,4.695483019e-05
4.036,0.04,-0.03998170576,-0.21,0.04001883298,-0.03995491562,-0.2099660373,4.717898995e-05
4.037,0.04,-0.03998016281,-0.21,0.04001882439,-0.03995294589,-0.2099660482,4.741143961e-05
4.038,0.04,-0.03997853685,-0.21,0.04001880947,-0.03995085926,-0.2099660666,4.765834749e-05
4.039,0.04,-0.03997682585,-0.21,0.04001878434,-0.03994864511,-0.2099660954,4.792206169e-05
4.04,0.04,-0.03997502779,-0.21,0.04001874858,-0.03994630727,-0.209966134,4.820047407e-05
4.041,0.04,-0.03997314065,-0.21,0.04001870528,-0.0399438613,-0.2099661786,4.848766692e-05
4.042,0.04,-0.03997116246,-0.21,0.04001865984,-0.03994132847,-0.2099662241,4.877567799e-05
4.043,0.04,-0.03996909122,-0.21,0.04001861816,-0.03993872827,-0.2099662652,4.905693376e-05
4.044,0.04,-0.03996692496,-0.21,0.04001858478,-0.03993607198,-0.2099662981,4.932661965e-05
4.045,0.04,-0.03996466172,-0.21,0.04001856146,-0.0399333591,-0.209966322,4.95841744e-05
4.046,0.04,-0.03996229954,-0.21,0.04001854686,-0.03993057762,-0.2099663385,4.983336523e-05
4.047,0.04,-0.03995983649,-0.21,0.04001853709,-0.03992770776,-0.2099663515,5.00809376e-05
4.048,0.04,-0.03995727063,-0.21,0.04001852706,-0.03992472788,-0.2099663657,5.033436255e-05
4.049,0.04,-0.03995460006,-0.21,0.04001851218,-0.03992162064,-0.2099663851,5.059947053e-05
4.05,0.04,-0.03995182285,-0.21,0.04001848973,-0.03991837738,-0.2099664117,5.087870343e-05
4.051,0.04,-0.03994893711,-0.21,0.04001845955,-0.03991499973,-0.2099664454,5.117045133e-05
4.052,0.04,-0.03994594097,-0.21,0.04001842399,-0.03991149788,-0.2099664836,5.146961326e-05
4.053,0.04,-0.03994283253,-0.21,0.04001838697,-0.0399078864,-0.2099665226,5.176920011e-05
4.054,0.04,-0.03993960995,-0.21,0.0400183527,-0.03990417892,-0.2099665586,5.206250713e-05
4.055,0.04,-0.03993627136,-0.21,0.04001832436,-0.0399003835,-0.209966589,5.234518411e-05
4.056,0.04,-0.03993281492,-0.21,0.04001830318,-0.03989649986,-0.2099666127,5.261652972e-05
4.057,0.04,-0.03992923879,-0.21,0.04001828819,-0.03989251946,-0.2099666311,5.287958538e-05
4.058,0.04,-0.03992554117,-0.21,0.04001827666,-0.03988842798,-0.2099666468,5.314002716e-05
4.059,0.04,-0.03992172024,-0.21,0.04001826502,-0.0398842095,-0.2099666631,5.340426917e-05
4.06,0.04,-0.03991777419,-0.21,0.04001825004,-0.03987985092,-0.2099666829,5.367742619e-05
4.061,0.04,-0.03991370125,-0.21,0.04001822977,-0.03987534523,-0.2099667079,5.396177353e-05
4.062,0.04,-0.03990949962,-0.21,0.04001820406,-0.03987069277,-0.2099667379,5.425613907e-05
4.063,0.04,-0.03990516755,-0.21,0.04001817451,-0.0398659001,-0.2099667712,5.455636429e-05
4.064,0.04,-0.03990070327,-0.21,0.04001814383,-0.03986097714,-0.2099668053,5.485666141e-05
4.065,0.04,-0.03989610504,-0.21,0.04001811499,-0.03985593336,-0.2099668373,5.515143624e-05
4.066,0.04,-0.03989137113,-0.21,0.04001809028,-0.03985077438,-0.2099668653,5.543700388e-05
4.067,0.04,-0.0398864998,-0.21,0.04001807065,-0.03984549996,-0.2099668886,5.571265592e-05
4.068,0.04,-0.03988148934,-0.21,0.04001805548,-0.03984010385,-0.2099669079,5.59807525e-05
4.069,0.04,-0.03987633806,-0.21,0.0400180429,-0.03983457556,-0.2099669252,5.624584391e-05
4.07,0.04,-0.03987104424,-0.21,0.04001803042,-0.0398289033,-0.2099669428,5.65131457e-05
4.071,0.04,-0.03986560622,-0.21,0.04001801571,-0.03982307713,-0.2099669627,5.678688129e-05
4.072,0.04,-0.03986002232,-0.21,0.04001799733,-0.03981709138,-0.2099669863,5.706901192e-05
4.073,0.04,-0.03985429087,-0.21,0.0400179751,-0.03981094563,-0.2099670135,5.735871954e-05
4.074,0.04,-0.03984841023,-0.21,0.04001795007,-0.03980464402,-0.2099670431,5.765276157e-05
4.075,0.04,-0.03984237875,-0.21,0.04001792416,-0.03979819319,-0.2099670734,5.79465535e-05
4.076,0.04,-0.0398361948,-0.21,0.04001789949,-0.03979159961,-0.2099671022,5.823562376e-05
4.077,0.04,-0.03982985677,-0.21,0.04001787772,-0.03978486712,-0.2099671282,5.851698013e-05
4.078,0.04,-0.03982336303,-0.21,0.0400178596,-0.03977799536,-0.2099671508,5.878996373e-05
4.079,0.04,-0.03981671199,-0.21,0.04001784475,-0.03977097971,-0.2099671705,5.905633982e-05
4.08,0.04,-0.03980990206,-0.21,0.04001783187,-0.03976381238,-0.2099671887,5.931962863e-05
4.081,0.04,-0.03980293167,-0.21,0.0400178192,-0.03975648456,-0.2099672069,5.958392233e-05
4.082,0.04,-0.03979579923,-0.21,0.04001780505,-0.03974898866,-0.2099672268,5.985258421e-05
4.083,0.04,-0.0397885032,-0.21,0.04001778835,-0.03974132009,-0.2099672492,6.012723804e-05
4.084,0.04,-0.03978104202,-0.21,0.04001776892,-0.039733478,-0.2099672742,6.040734127e-05
4.085,0.04,-0.03977341416,-0.21,0.04001774747,-0.03972546489,-0.209967301,6.06904423e-05
4.086,0.04,-0.03976561809,-0.21,0.04001772536,-0.03971728511,-0.2099673283,6.097301163e-05
4.087,0.04,-0.03975765229,-0.21,0.0400177041,-0.03970894299,-0.2099673546,6.125156828e-05
4.088,0.04,-0.03974951524,-0.21,0.04001768491,-0.03970044105,-0.2099673789,6.152374279e-05
4.089,0.04,-0.03974120547,-0.21,0.04001766837,-0.03969177885,-0.2099674007,6.178894954e-05
4.09,0.04,-0.03973272147,-0.21,0.04001765424,-0.03968295285,-0.2099674205,6.204847538e-05
4.091,0.04,-0.03972406177,-0.21,0.04001764162,-0.03967395721,-0.209967439,6.230498315e-05
4.092,0.04,-0.0397152249,-0.21,0.04001762924,-0.03966478527,-0.2099674576,6.256161392e-05
4.093,0.04,-0.0397062094,-0.21,0.04001761589,-0.03965543118,-0.2099674773,6.282098724e-05
4.094,0.04,-0.03969701384,-0.21,0.04001760078,-0.03964589122,-0.2099674987,6.308441344e-05
4.095,0.04,-0.03968763676,-0.21,0.04001758375,-0.03963616435,-0.209967522,6.335154832e-05
4.096,0.04,-0.03967807675,-0.21,0.04001756529,-0.03962625191,-0.2099675466,6.36205729e-05
4.097,0.04,-0.03966833238,-0.21,0.04001754635,-0.0396161567,-0.2099675715,6.38888175e-05
4.098,0.04,-0.03965840225,-0.21,0.04001752801,-0.03960588153,-0.2099675958,6.415361809e-05
4.099,0.04,-0.03964828497,-0.21,0.04001751118,-0.03959542796,-0.2099676187,6.441313073e-05
4.1,0.04,-0.03963797914,-0.21,0.04001749628,-0.03958479546,-0.2099676399,6.466685434e-05
4.101,0.04,-0.03962748338,-0.21,0.04001748316,-0.03957398127,-0.2099676594,6.491571297e-05
4.102,0.04,-0.03961679634,-0.21,0.0400174712,-0.03956298092,-0.2099676781,6.516169328e-05
4.103,0.04,-0.03960591665,-0.21,0.04001745949,-0.03955178935,-0.2099676967,6.540717222e-05
4.104,0.04,-0.03959484296,-0.21,0.04001744717,-0.03954040201,-0.2099677161,6.565415915e-05
4.105,0.04,-0.03958357395,-0.21,0.04001743364,-0.03952881584,-0.2099677368,6.590369079e-05
4.106,0.04,-0.03957210827,-0.21,0.04001741877,-0.03951702972,-0.2099677588,6.615555676e-05
4.107,0.04,-0.03956044461,-0.21,0.0400174029,-0.03950504429,-0.2099677817,6.640842253e-05
4.108,0.04,-0.03954858166,-0.21,0.0400173867,-0.03949286122,-0.2099678048,6.666029198e-05
4.109,0.04,-0.03953651813,-0.21,0.04001737096,-0.03948048226,-0.2099678276,6.690915057e-05
4.11,0.04,-0.03952425273,-0.21,0.04001735631,-0.03946790831,-0.2099678493,6.715358259e-05
4.111,0.04,-0.03951178417,-0.21,0.04001734309,-0.03945513875,-0.2099678698,6.7393173e-05
4.112,0.04,-0.03949911119,-0.21,0.0400173312,-0.03944217137,-0.2099678891,6.762858017e-05
4.113,0.04,-0.03948623253,-0.21,0.0400173202,-0.03942900273,-0.2099679077,6.786127339e-05
4.114,0.04,-0.03947314693,-0.21,0.04001730945,-0.0394156289,-0.2099679263,6.809303383e-05
4.115,0.04,-0.03945985316,-0.21,0.04001729833,-0.03940204632,-0.2099679454,6.832538552e-05
4.116,0.04,-0.03944634999,-0.21,0.04001728639,-0.03938825247,-0.2099679654,6.855913573e-05
4.117,0.04,-0.0394326362,-0.21,0.04001727354,-0.03937424623,-0.2099679864,6.87941602e-05
4.118,0.04,-0.03941871057,-0.21,0.04001726,-0.03936002775,-0.209968008,6.902948637e-05
4.119,0.04,-0.0394045719,-0.21,0.04001724625,-0.03934559796,-0.2099680298,6.92636334e-05
4.12,0.04,-0.039390219,-0.21,0.04001723285,-0.03933095789,-0.2099680513,6.94950914e-05
4.121,0.04,-0.03937565069,-0.21,0.04001722027,-0.03931610793,-0.2099680721,6.972278515e-05
4.122,0.04,-0.03936086579,-0.21,0.04001720875,-0.03930104744,-0.209968092,6.994638011e-05
4.123,0.04,-0.03934586315,-0.21,0.04001719824,-0.0392857746,-0.2099681111,7.016634397e-05
4.124,0.04,-0.0393306416,-0.21,0.04001718842,-0.03927028671,-0.2099681296,7.03837575e-05
4.125,0.04,-0.0393152,-0.21,0.04001717885,-0.0392545807,-0.2099681482,7.059994623e-05
4.126,0.04,-0.03929953722,-0.21,0.04001716906,-0.03923865374,-0.209968167,7.081605621e-05
4.127,0.04,-0.03928365213,-0.21,0.04001715874,-0.03922250375,-0.2099681865,7.103270792e-05
4.128,0.04,-0.03926754362,-0.21,0.0400171478,-0.03920612966,-0.2099682067,7.124983042e-05
4.129,0.04,-0.03925121057,-0.21,0.04001713641,-0.03918953131,-0.2099682273,7.146671754e-05
4.13,0.04,-0.03923465189,-0.21,0.0400171249,-0.03917270914,-0.2099682481,7.168227665e-05
4.131,0.04,-0.0392178665,-0.21,0.04001711367,-0.03915566365,-0.2099682687,7.189538373e-05
4.132,0.04,-0.03920085331,-0.21,0.04001710307,-0.03913839493,-0.2099682888,7.210522948e-05
4.133,0.04,-0.03918361125,-0.21,0.04001709327,-0.0391209023,-0.2099683082,7.231155033e-05
4.134,0.04,-0.03916613926,-0.21,0.04001708424,-0.03910318426,-0.2099683271,7.251467888e-05
4.135,0.04,-0.0391484363,-0.21,0.04001707576,-0.03908523864,-0.2099683455,7.271540768e-05
4.136,0.04,-0.03913050132,-0.21,0.04001706751,-0.03906706302,-0.209968364,7.291471836e-05
4.137,0.04,-0.03911233328,-0.21,0.04001705916,-0.03904865514,-0.2099683826,7.311346704e-05
4.138,0.04,-0.03909393117,-0.21,0.04001705047,-0.03903001327,-0.2099684017,7.331212544e-05
4.139,0.04,-0.03907529398,-0.21,0.04001704138,-0.0390111364,-0.2099684213,7.351065444e-05
4.14,0.04,-0.03905642068,-0.21,0.040017032,-0.0389920242,-0.2099684413,7.370854204e-05
4.141,0.04,-0.0390373103,-0.21,0.04001702258,-0.03897267678,-0.2099684614,7.390498508e-05
4.142,0.04,-0.03901796184,-0.21,0.0400170134,-0.0389530943,-0.2099684813,7.409915126e-05
4.143,0.04,-0.03899837433,-0.21,0.0400170047,-0.03893327662,-0.2099685008,7.429043613e-05
4.144,0.04,-0.0389785468,-0.21,0.04001699663,-0.03891322308,-0.2099685199,7.447863622e-05
4.145,0.04,-0.03895847828,-0.21,0.04001698915,-0.03889293241,-0.2099685386,7.466398909e-05
4.146,0.04,-0.03893816784,-0.21,0.04001698212,-0.03887240287,-0.209968557,7.484707518e-05
4.147,0.04,-0.03891761452,-0.21,0.0400169753,-0.03885163251,-0.2099685754,7.502861897e-05
4.148,0.04,-0.0388968174,-0.21,0.04001696844,-0.0388306195,-0.2099685939,7.520925663e-05
4.149,0.04,-0.03887577555,-0.21,0.0400169614,-0.0388093624,-0.2099686128,7.538934343e-05
4.15,0.04,-0.03885448806,-0.21,0.04001695411,-0.03878786031,-0.209968632,7.556885843e-05
4.151,0.04,-0.03883295403,-0.21,0.04001694666,-0.03876611278,-0.2099686515,7.574743042e-05
4.152,0.04,-0.03881117255,-0.21,0.04001693921,-0.03874411971,-0.209968671,7.592447059e-05
4.153,0.04,-0.03878914275,-0.21,0.04001693198,-0.03872188105,-0.2099686905,7.609936538e-05
4.154,0.04,-0.03876686374,-0.21,0.04001692513,-0.03869939653,-0.2099687097,7.627166647e-05
4.155,0.04,-0.03874433465,-0.21,0.04001691878,-0.0386766655,-0.2099687286,7.644121971e-05
4.156,0.04,-0.03872155463,-0.21,0.04001691289,-0.03865368688,-0.2099687472,7.660819607e-05
4.157,0.04,-0.03869852282,-0.21,0.04001690737,-0.03863045926,-0.2099687656,7.677302065e-05
4.158,0.04,-0.03867523837,-0.21,0.04001690205,-0.03860698106,-0.2099687839,7.693622691e-05
4.159,0.04,-0.03865170047,-0.21,0.04001689675,-0.0385832508,-0.2099688024,7.70982855e-05
4.16,0.04,-0.03862790827,-0.21,0.04001689136,-0.03855926728,-0.2099688211,7.725946184e-05
4.161,0.04,-0.03860386097,-0.21,0.04001688583,-0.03853502967,-0.2099688401,7.741974486e-05
4.162,0.04,-0.03857955776,-0.21,0.04001688023,-0.03851053751,-0.2099688593,7.757886515e-05
4.163,0.04,-0.03855499784,-0.21,0.04001687467,-0.03848579055,-0.2099688786,7.773639191e-05
4.164,0.04,-0.03853018041,-0.21,0.04001686931,-0.03846078862,-0.2099688977,7.789187458e-05
4.165,0.04,-0.0385051047,-0.21,0.04001686426,-0.03843553137,-0.2099689168,7.804498289e-05
4.166,0.04,-0.03847976994,-0.21,0.04001685961,-0.0384100182,-0.2099689355,7.819560213e-05
4.167,0.04,-0.03845417536,-0.21,0.04001685534,-0.03838424818,-0.2099689541,7.834385663e-05
4.168,0.04,-0.03842832021,-0.21,0.04001685138,-0.03835822015,-0.2099689726,7.849005807e-05
4.169,0.04,-0.03840220373,-0.21,0.0400168476,-0.03833193283,-0.209968991,7.863459865e-05
4.17,0.04,-0.0383758252,-0.21,0.04001684388,-0.03830538502,-0.2099690095,7.877782532e-05
4.171,0.04,-0.03834918388,-0.21,0.04001684013,-0.03827857571,-0.2099690282,7.891993489e-05
4.172,0.04,-0.03832227905,-0.21,0.04001683633,-0.03825150417,-0.2099690471,7.906092136e-05
4.173,0.04,-0.03829511001,-0.21,0.04001683252,-0.03822416992,-0.2099690661,7.920058891e-05
4.174,0.04,-0.03826767604,-0.21,0.04001682878,-0.03819657269,-0.2099690852,7.933862285e-05
4.175,0.04,-0.03823997645,-0.21,0.04001682522,-0.03816871219,-0.2099691043,7.947469359e-05
4.176,0.04,-0.03821201055,-0.21,0.04001682193,-0.03814058808,-0.2099691232,7.960855941e-05
4.177,0.04,-0.03818377768,-0.21,0.04001681897,-0.03811219977,-0.209969142,7.974013657e-05
4.178,0.04,-0.03815527715,-0.21,0.04001681632,-0.0380835465,-0.2099691607,7.98695166e-05
4.179,0.04,-0.03812650831,-0.21,0.04001681393,-0.0380546273,-0.2099691792,7.999692848e-05
4.18,0.04,-0.0380974705,-0.21,0.04001681171,-0.03802544114,-0.2099691978,8.012266029e-05
4.181,0.04,-0.03806816308,-0.21,0.04001680958,-0.03799598702,-0.2099692164,8.024696703e-05
4.182,0.04,-0.03803858542,-0.21,0.04001680748,-0.03796626412,-0.2099692352,8.036999368e-05
4.183,0.04,-0.03800873688,-0.21,0.04001680537,-0.0379362718,-0.2099692541,8.049173664e-05
4.184,0.04,-0.03797861685,-0.21,0.0400168033,-0.03790600962,-0.2099692731,8.061205334e-05
4.185,0.04,-0.03794822472,-0.21,0.04001680132,-0.03787547725,-0.2099692922,8.073071429e-05
4.186,0.04,-0.03791755988,-0.21,0.04001679951,-0.03784467441,-0.2099693112,8.084747929e-05
4.187,0.04,-0.03788662174,-0.21,0.04001679793,-0.03781360073,-0.2099693302,8.096217273e-05
4.188,0.04,-0.03785540972,-0.21,0.04001679663,-0.03778225571,-0.2099693491,8.107473472e-05
4.189,0.04,-0.03782392323,-0.21,0.04001679559,-0.03775063869,-0.2099693679,8.11852336e-05
4.19,0.04,-0.03779216171,-0.21,0.04001679478,-0.03771874888,-0.2099693866,8.129383803e-05
4.191,0.04,-0.0377601246,-0.21,0.04001679414,-0.03768658543,-0.2099694054,8.140075959e-05
4.192,0.04,-0.03772781134,-0.21,0.04001679359,-0.03765414756,-0.2099694242,8.150618519e-05
4.193,0.04,-0.03769522139,-0.21,0.0400167931,-0.03762143457,-0.2099694431,8.161022101e-05
4.194,0.04,-0.03766235421,-0.21,0.04001679266,-0.03758844592,-0.2099694621,8.17128645e-05
4.195,0.04,-0.03762920928,-0.21,0.04001679228,-0.0375551812,-0.2099694812,8.181401172e-05
4.196,0.04,-0.03759578607,-0.21,0.040016792,-0.03752164011,-0.2099695004,8.191349564e-05
4.197,0.04,-0.03756208407,-0.21,0.04001679188,-0.03748782236,-0.2099695196,8.201114199e-05
4.198,0.04,-0.03752810278,-0.21,0.04001679198,-0.0374537276,-0.2099695387,8.210682415e-05
4.199,0.04,-0.0374938417,-0.21,0.04001679231,-0.03741935541,-0.2099695577,8.220050035e-05
4.2,0.04,-0.03745930035,-0.21,0.04001679287,-0.03738470522,-0.2099695767,8.22922224e-05
4.201,0.04,-0.03742447824,-0.21,0.04001679363,-0.03734977641,-0.2099695957,8.238211498e-05
4.202,0.04,-0.03738937491,-0.21,0.04001679455,-0.03731456828,-0.2099696147,8.247033347e-05
4.203,0.04,-0.03735398988,-0.21,0.04001679557,-0.03727908021,-0.2099696337,8.255701464e-05
4.204,0.04,-0.03731832271,-0.21,0.04001679668,-0.03724331164,-0.2099696528,8.264223583e-05
4.205,0.04,-0.03728237294,-0.21,0.04001679786,-0.0372072621,-0.2099696721,8.272599496e-05
4.206,0.04,-0.03724614014,-0.21,0.04001679912,-0.03717093125,-0.2099696914,8.28082162e-05
4.207,0.04,-0.03720962387,-0.21,0.04001680049,-0.03713431881,-0.2099697107,8.288877833e-05
4.208,0.04,-0.03717282371,-0.21,0.04001680202,-0.03709742452,-0.20996973,8.296755551e-05
4.209,0.04,-0.03713573924,-0.21,0.04001680374,-0.03706024808,-0.2099697494,8.304445734e-05
4.21,0.04,-0.03709837006,-0.21,0.04001680567,-0.03702278911,-0.2099697687,8.311945557e-05
4.211,0.04,-0.03706071576,-0.21,0.0400168078,-0.03698504717,-0.2099697879,8.31925901e-05
4.212,0.04,-0.03702277595,-0.21,0.04001681011,-0.03694702175,-0.2099698072,8.326395349e-05
4.213,0.04,-0.03698455025,-0.21,0.04001681257,-0.03690871232,-0.2099698264,8.333365994e-05
4.214,0.04,-0.03694603829,-0.21,0.04001681514,-0.03687011836,-0.2099698458,8.340180937e-05
4.215,0.04,-0.03690723968,-0.21,0.04001681781,-0.03683123944,-0.2099698652,8.346845795e-05
4.216,0.04,-0.03686815407,-0.21,0.04001682057,-0.03679207518,-0.2099698846,8.35336038e-05
4.217,0.04,-0.03682878111,-0.21,0.04001682342,-0.03675262531,-0.2099699042,8.359719171e-05
4.218,0.04,-0.03678912044,-0.21,0.0400168264,-0.03671288959,-0.2099699238,8.365913399e-05
4.219,0.04,-0.03674917174,-0.21,0.04001682952,-0.03667286779,-0.2099699434,8.371934039e-05
4.22,0.04,-0.03670893467,-0.21,0.04001683282,-0.03663255966,-0.2099699629,8.377774707e-05
4.221,0.04,-0.03666840891,-0.21,0.0400168363,-0.0365919649,-0.2099699825,8.383433576e-05
4.222,0.04,-0.03662759413,-0.21,0.04001683997,-0.03655108317,-0.2099700021,8.388913767e-05
4.223,0.04,-0.03658649005,-0.21,0.0400168438,-0.03650991406,-0.2099700217,8.394222186e-05
4.224,0.04,-0.03654509635,-0.21,0.04001684777,-0.03646845717,-0.2099700412,8.39936724e-05
4.225,0.04,-0.03650341274,-0.21,0.04001685186,-0.03642671212,-0.2099700609,8.404356229e-05
4.226,0.04,-0.03646143893,-0.21,0.04001685605,-0.03638467855,-0.2099700806,8.409193218e-05
4.227,0.04,-0.03641917466,-0.21,0.04001686035,-0.0363423562,-0.2099701004,8.413878046e-05
4.228,0.04,-0.03637661965,-0.21,0.04001686475,-0.03629974485,-0.2099701202,8.418406703e-05
4.229,0.04,-0.03633377363,-0.21,0.04001686927,-0.0362568443,-0.2099701401,8.422772882e-05
4.23,0.04,-0.03629063636,-0.21,0.04001687393,-0.03621365439,-0.20997016,8.426970163e-05
4.231,0.04,-0.03624720758,-0.21,0.04001687876,-0.03617017491,-0.2099701798,8.430994104e-05
4.232,0.04,-0.03620348706,-0.21,0.04001688375,-0.03612640566,-0.2099701997,8.434843602e-05
4.233,0.04,-0.03615947457,-0.21,0.04001688891,-0.03608234637,-0.2099702196,8.438521141e-05
4.234,0.04,-0.03611516987,-0.21,0.04001689422,-0.03603799674,-0.2099702395,8.442031902e-05
4.235,0.04,-0.03607057275,-0.21,0.04001689966,-0.03599335648,-0.2099702595,8.44538209e-05
4.236,0.04,-0.036025683,-0.21,0.04001690523,-0.03594842532,-0.2099702795,8.448577041e-05
4.237,0.04,-0.03598050041,-0.21,0.0400169109,-0.035903203,-0.2099702995,8.451619701e-05
4.238,0.04,-0.0359350248,-0.21,0.04001691668,-0.03585768934,-0.2099703196,8.454509942e-05
4.239,0.04,-0.03588925597,-0.21,0.04001692258,-0.03581188417,-0.2099703398,8.457244872e-05
4.24,0.04,-0.03584319375,-0.21,0.04001692859,-0.03576578738,-0.2099703599,8.459819989e-05
4.241,0.04,-0.03579683795,-0.21,0.04001693474,-0.03571939885,-0.2099703802,8.462230776e-05
4.242,0.04,-0.03575018842,-0.21,0.04001694104,-0.03567271845,-0.2099704004,8.464474206e-05
4.243,0.04,-0.03570324499,-0.21,0.04001694749,-0.03562574603,-0.2099704206,8.466549696e-05
4.244,0.04,-0.03565600751,-0.21,0.04001695409,-0.03557848141,-0.2099704409,8.468459249e-05
4.245,0.04,-0.03560847583,-0.21,0.04001696083,-0.0355309244,-0.2099704611,8.470206782e-05
4.246,0.04,-0.03556064983,-0.21,0.04001696771,-0.03548307481,-0.2099704814,8.471796896e-05
4.247,0.04,-0.03551252936,-0.21,0.0400169747,-0.03543493245,-0.2099705017,8.4732335e-05
4.248,0.04,-0.03546411431,-0.21,0.04001698181,-0.03538649717,-0.2099705221,8.47451874e-05
4.249,0.04,-0.03541540456,-0.21,0.04001698902,-0.03533776886,-0.2099705426,8.475652528e-05
4.25,0.04,-0.0353664,-0.21,0.04001699634,-0.03528874744,-0.209970563,8.476632803e-05
4.251,0.04,-0.03531710053,-0.21,0.04001700379,-0.03523943283,-0.2099705836,8.477456392e-05
4.252,0.04,-0.03526750605,-0.21,0.04001701136,-0.03518982499,-0.2099706041,8.478120165e-05
4.253,0.04,-0.03521761648,-0.21,0.04001701907,-0.03513992385,-0.2099706247,8.478622118e-05
4.254,0.04,-0.03516743173,-0.21,0.04001702693,-0.03508972934,-0.2099706452,8.478962034e-05
4.255,0.04,-0.03511695174,-0.21,0.04001703492,-0.03503924136,-0.2099706658,8.479141556e-05
4.256,0.04,-0.03506617643,-0.21,0.04001704305,-0.03498845982,-0.2099706864,8.479163671e-05
4.257,0.04,-0.03501510574,-0.21,0.0400170513,-0.0349373846,-0.2099707071,8.47903181e-05
4.258,0.04,-0.03496373963,-0.21,0.04001705967,-0.03488601561,-0.2099707278,8.478748855e-05
4.259,0.04,-0.03491207805,-0.21,0.04001706814,-0.0348343528,-0.2099707485,8.478316384e-05
4.26,0.04,-0.03486012095,-0.21,0.04001707673,-0.03478239613,-0.2099707693,8.477734357e-05
4.261,0.04,-0.03480786831,-0.21,0.04001708542,-0.03473014557,-0.2099707901,8.477001336e-05
4.262,0.04,-0.0347553201,-0.21,0.04001709424,-0.03467760113,-0.2099708109,8.476115124e-05
4.263,0.04,-0.0347024763,-0.21,0.04001710317,-0.03462476283,-0.2099708318,8.475073603e-05
4.264,0.04,-0.03464933691,-0.21,0.04001711224,-0.03457163066,-0.2099708527,8.473875505e-05
4.265,0.04,-0.03459590191,-0.21,0.04001712144,-0.03451820462,-0.2099708736,8.472520865e-05
4.266,0.04,-0.03454217132,-0.21,0.04001713076,-0.0344644847,-0.2099708945,8.471011052e-05
4.267,0.04,-0.03448814513,-0.21,0.04001714021,-0.03441047088,-0.2099709155,8.469348371e-05
4.268,0.04,-0.03443382337,-0.21,0.04001714978,-0.03435616314,-0.2099709365,8.467535402e-05
4.269,0.04,-0.03437920605,-0.21,0.04001715946,-0.03430156148,-0.2099709575,8.465574292e-05
4.27,0.04,-0.03432429321,-0.21,0.04001716924,-0.03424666591,-0.2099709785,8.463466222e-05
4.271,0.04,-0.03426908488,-0.21,0.04001717914,-0.03419147648,-0.2099709996,8.461211209e-05
4.272,0.04,-0.03421358111,-0.21,0.04001718914,-0.03413599323,-0.2099710207,8.458808282e-05
4.273,0.04,-0.03415778195,-0.21,0.04001719925,-0.03408021623,-0.2099710419,8.456255959e-05
4.274,0.04,-0.03410168744,-0.21,0.04001720948,-0.03402414556,-0.2099710631,8.453552858e-05
4.275,0.04,-0.03404529766,-0.21,0.04001721984,-0.03396778129,-0.2099710843,8.450698238e-05
4.276,0.04,-0.03398861268,-0.21,0.04001723031,-0.03391112348,-0.2099711055,8.447692311e-05
4.277,0.04,-0.03393163256,-0.21,0.0400172409,-0.03385417221,-0.2099711267,8.444536233e-05
4.278,0.04,-0.0338743574,-0.21,0.04001725161,-0.03379692753,-0.209971148,8.441231809e-05
4.279,0.04,-0.03381678727,-0.21,0.04001726243,-0.03373938951,-0.2099711693,8.437781006e-05
4.28,0.04,-0.03375892229,-0.21,0.04001727335,-0.03368155822,-0.2099711906,8.434185447e-05
4.281,0.04,-0.03370076254,-0.21,0.04001728438,-0.03362343375,-0.209971212,8.430446039e-05
4.282,0.04,-0.03364230815,-0.21,0.04001729552,-0.03356501622,-0.2099712334,8.426562857e-05
4.283,0.04,-0.03358355921,-0.21,0.04001730675,-0.03350630574,-0.2099712548,8.422535283e-05
4.284,0.04,-0.03352451586,-0.21,0.0400173181,-0.03344730246,-0.2099712762,8.418362367e-05
4.285,0.04,-0.03346517823,-0.21,0.04001732955,-0.0333880065,-0.2099712977,8.41404326e-05
4.286,0.04,-0.03340554644,-0.21,0.04001734112,-0.03332841801,-0.2099713192,8.409577598e-05
4.287,0.04,-0.03334562064,-0.21,0.04001735279,-0.03326853713,-0.2099713407,8.404965707e-05
4.288,0.04,-0.03328540098,-0.21,0.04001736458,-0.033208364,-0.2099713622,8.400208585e-05
4.289,0.04,-0.03322488761,-0.21,0.04001737648,-0.03314789875,-0.2099713837,8.395307671e-05
4.29,0.04,-0.03316408069,-0.21,0.04001738848,-0.03308714152,-0.2099714053,8.390264488e-05
4.291,0.04,-0.03310298039,-0.21,0.04001740058,-0.03302609247,-0.2099714269,8.38508029e-05
4.292,0.04,-0.03304158688,-0.21,0.04001741278,-0.03296475175,-0.2099714485,8.379755803e-05
4.293,0.04,-0.03297990034,-0.21,0.04001742508,-0.03290311956,-0.2099714701,8.374291161e-05
4.294,0.04,-0.03291792095,-0.21,0.04001743748,-0.03284119607,-0.2099714918,8.368686019e-05
4.295,0.04,-0.03285564891,-0.21,0.04001744997,-0.0327789815,-0.2099715135,8.362939814e-05
4.296,0.04,-0.03279308441,-0.21,0.04001746257,-0.03271647603,-0.2099715352,8.357052085e-05
4.297,0.04,-0.03273022766,-0.21,0.04001747528,-0.03265367989,-0.2099715569,8.351022737e-05
4.298,0.04,-0.03266707888,-0.21,0.04001748809,-0.03259059327,-0.2099715786,8.344852173e-05
4.299,0.04,-0.03260363826,-0.21,0.04001750099,-0.03252721638,-0.2099716004,8.338541269e-05
4.3,0.04,-0.03253990605,-0.21,0.040017514,-0.03246354944,-0.2099716221,8.332091194e-05
4.301,0.04,-0.03247588246,-0.21,0.04001752711,-0.03239959266,-0.2099716439,8.325503161e-05
4.302,0.04,-0.03241156774,-0.21,0.04001754031,-0.03233534626,-0.2099716657,8.318778165e-05
4.303,0.04,-0.03234696212,-0.21,0.0400175536,-0.03227081047,-0.2099716876,8.31191682e-05
4.304,0.04,-0.03228206585,-0.21,0.04001756699,-0.03220598555,-0.2099717094,8.304919313e-05
4.305,0.04,-0.03221687918,-0.21,0.04001758047,-0.03214087175,-0.2099717313,8.297785507e-05
4.306,0.04,-0.03215140238,-0.21,0.04001759404,-0.03207546932,-0.2099717531,8.29051513e-05
4.307,0.04,-0.03208563571,-0.21,0.04001760771,-0.03200977855,-0.209971775,8.283108004e-05
4.308,0.04,-0.03201957944,-0.21,0.04001762147,-0.0319437997,-0.2099717969,8.275564222e-05
4.309,0.04,-0.03195323384,-0.21,0.04001763532,-0.03187753305,-0.2099718189,8.26788424e-05
4.31,0.04,-0.03188659921,-0.21,0.04001764927,-0.03181097887,-0.2099718408,8.260068841e-05
4.311,0.04,-0.03181967583,-0.21,0.04001766331,-0.03174413744,-0.2099718627,8.252119005e-05
4.312,0.04,-0.03175246399,-0.21,0.04001767744,-0.03167700904,-0.2099718847,8.244035722e-05
4.313,0.04,-0.03168496401,-0.21,0.04001769166,-0.03160959398,-0.2099719066,8.235819815e-05
4.314,0.04,-0.03161717617,-0.21,0.04001770597,-0.03154189254,-0.2099719286,8.227471826e-05
4.315,0.04,-0.03154910081,-0.21,0.04001772036,-0.03147390504,-0.2099719506,8.218991997e-05
4.316,0.04,-0.03148073823,-0.21,0.04001773483,-0.0314056318,-0.2099719726,8.210380352e-05
4.317,0.04,-0.03141208877,-0.21,0.04001774939,-0.03133707314,-0.2099719946,8.201636836e-05
4.318,0.04,-0.03134315274,-0.21,0.04001776404,-0.03126822941,-0.2099720167,8.192761475e-05
4.319,0.04,-0.0312739305,-0.21,0.04001777878,-0.03119910093,-0.2099720387,8.183754502e-05
4.32,0.04,-0.03120442237,-0.21,0.0400177936,-0.03112968804,-0.2099720607,8.174616407e-05
4.321,0.04,-0.03113462872,-0.21,0.0400178085,-0.03105999108,-0.2099720828,8.165347908e-05
4.322,0.04,-0.03106454989,-0.21,0.04001782349,-0.0309900104,-0.2099721048,8.155949847e-05
4.323,0.04,-0.03099418624,-0.21,0.04001783856,-0.03091974635,-0.2099721269,8.146423063e-05
4.324,0.04,-0.03092353814,-0.21,0.04001785371,-0.03084919929,-0.209972149,8.136768263e-05
4.325,0.04,-0.03085260595,-0.21,0.04001786894,-0.03077836958,-0.209972171,8.126985952e-05
4.326,0.04,-0.03078139006,-0.21,0.04001788425,-0.03070725759,-0.2099721931,8.117076427e-05
4.327,0.04,-0.03070989085,-0.21,0.04001789963,-0.03063586372,-0.2099722152,8.107039838e-05
4.328,0.04,-0.03063810871,-0.21,0.0400179151,-0.03056418834,-0.2099722373,8.096876293e-05
4.329,0.04,-0.03056604402,-0.21,0.04001793064,-0.03049223185,-0.2099722594,8.086585972e-05
4.33,0.04,-0.03049369719,-0.21,0.04001794626,-0.03041999465,-0.2099722814,8.076169206e-05
4.331,0.04,-0.03042106863,-0.21,0.04001796195,-0.03034747714,-0.2099723035,8.06562651e-05
4.332,0.04,-0.03034815873,-0.21,0.04001797773,-0.03027467971,-0.2099723256,8.054958556e-05
4.333,0.04,-0.03027496793,-0.21,0.04001799357,-0.03020160279,-0.2099723477,8.044166094e-05
4.334,0.04,-0.03020149664,-0.21,0.04001800949,-0.03012824678,-0.2099723698,8.033249861e-05
4.335,0.04,-0.03012774528,-0.21,0.04001802549,-0.03005461211,-0.2099723919,8.022210494e-05
4.336,0.04,-0.03005371429,-0.21,0.04001804155,-0.02998069919,-0.209972414,8.011048482e-05
4.337,0.04,-0.02997940411,-0.21,0.04001805768,-0.02990650848,-0.2099724361,7.999764176e-05
4.338,0.04,-0.02990481518,-0.21,0.04001807389,-0.02983204041,-0.2099724582,7.988357828e-05
4.339,0.04,-0.02982994796,-0.21,0.04001809016,-0.02975729542,-0.2099724803,7.976829671e-05
4.34,0.04,-0.02975480288,-0.21,0.0400181065,-0.02968227397,-0.2099725023,7.965179998e-05
4.341,0.04,-0.02967938042,-0.21,0.04001812291,-0.02960697652,-0.2099725244,7.953409216e-05
4.342,0.04,-0.02960368103,-0.21,0.04001813939,-0.02953140353,-0.2099725465,7.941517861e-05
4.343,0.04,-0.0295277052,-0.21,0.04001815594,-0.02945555546,-0.2099725685,7.929506573e-05
4.344,0.04,-0.02945145339,-0.21,0.04001817255,-0.02937943278,-0.2099725906,7.917376045e-05
4.345,0.04,-0.02937492608,-0.21,0.04001818923,-0.02930303597,-0.2099726126,7.905126949e-05
4.346,0.04,-0.02929812377,-0.21,0.04001820597,-0.0292263655,-0.2099726347,7.892759885e-05
4.347,0.04,-0.02922104694,-0.21,0.04001822277,-0.02914942187,-0.2099726567,7.880275349e-05
4.348,0.04,-0.02914369609,-0.21,0.04001823963,-0.02907220557,-0.2099726788,7.867673736e-05
4.349,0.04,-0.02906607172,-0.21,0.04001825656,-0.02899471709,-0.2099727008,7.854955386e-05
4.35,0.04,-0.02898817434,-0.21,0.04001827355,-0.02891695695,-0.2099727228,7.842120628e-05
4.351,0.04,-0.02891000446,-0.21,0.04001829059,-0.02883892565,-0.2099727448,7.829169845e-05
4.352,0.04,-0.0288315626,-0.21,0.0400183077,-0.02876062371,-0.2099727668,7.816103499e-05
4.353,0.04,-0.02875284928,-0.21,0.04001832487,-0.02868205164,-0.2099727887,7.802922149e-05
4.354,0.04,-0.02867386504,-0.21,0.04001834209,-0.02860320998,-0.2099728107,7.789626421e-05
4.355,0.04,-0.02859461039,-0.21,0.04001835937,-0.02852409924,-0.2099728326,7.776216974e-05
4.356,0.04,-0.02851508589,-0.21,0.04001837671,-0.02844471996,-0.2099728546,7.762694448e-05
4.357,0.04,-0.02843529208,-0.21,0.0400183941,-0.02836507268,-0.2099728765,7.749059424e-05
4.358,0.04,-0.02835522949,-0.21,0.04001841155,-0.02828515794,-0.2099728984,7.735312415e-05
4.359,0.04,-0.0282748987,-0.21,0.04001842904,-0.02820497629,-0.2099729203,7.721453867e-05
4.36,0.04,-0.02819430025,-0.21,0.04001844659,-0.02812452829,-0.2099729421,7.707484188e-05
4.361,0.04,-0.02811343471,-0.21,0.0400184642,-0.0280438145,-0.209972964,7.693403792e-05
4.362,0.04,-0.02803230265,-0.21,0.04001848185,-0.02796283548,-0.2099729858,7.679213131e-05
4.363,0.04,-0.02795090463,-0.21,0.04001849955,-0.02788159181,-0.2099730076,7.66491272e-05
4.364,0.04,-0.02786924125,-0.21,0.04001851731,-0.02780008406,-0.2099730294,7.650503136e-05
4.365,0.04,-0.02778731309,-0.21,0.04001853511,-0.02771831281,-0.2099730512,7.635985007e-05
4.366,0.04,-0.02770512072,-0.21,0.04001855296,-0.02763627863,-0.2099730729,7.621358976e-05
4.367,0.04,-0.02762266475,-0.21,0.04001857085,-0.02755398213,-0.2099730947,7.60662567e-05
4.368,0.04,-0.02753994577,-0.21,0.04001858879,-0.02747142389,-0.2099731164,7.591785677e-05
4.369,0.04,-0.02745696439,-0.21,0.04001860678,-0.0273886045,-0.2099731381,7.576839533e-05
4.37,0.04,-0.02737372121,-0.21,0.04001862481,-0.02730552459,-0.2099731597,7.561787732e-05
4.371,0.04,-0.02729021685,-0.21,0.04001864288,-0.02722218475,-0.2099731814,7.54663075e-05
4.372,0.04,-0.02720645192,-0.21,0.040018661,-0.02713858559,-0.209973203,7.531369068e-05
4.373,0.04,-0.02712242706,-0.21,0.04001867916,-0.02705472775,-0.2099732246,7.516003201e-05
4.374,0.04,-0.02703814287,-0.21,0.04001869735,-0.02697061184,-0.2099732461,7.500533708e-05
4.375,0.04,-0.0269536,-0.21,0.04001871559,-0.02688623849,-0.2099732677,7.484961195e-05
4.376,0.04,-0.02686879908,-0.21,0.04001873387,-0.02680160833,-0.2099732892,7.469286297e-05
4.377,0.04,-0.02678374076,-0.21,0.04001875218,-0.026716722,-0.2099733106,7.453509661e-05
4.378,0.04,-0.02669842568,-0.21,0.04001877054,-0.02663158014,-0.2099733321,7.437631921e-05
4.379,0.04,-0.02661285448,-0.21,0.04001878892,-0.02654618339,-0.2099733535,7.421653681e-05
4.38,0.04,-0.02652702783,-0.21,0.04001880735,-0.02646053241,-0.2099733749,7.405575512e-05
4.381,0.04,-0.02644094639,-0.21,0.0400188258,-0.02637462785,-0.2099733962,7.38939796e-05
4.382,0.04,-0.02635461082,-0.21,0.0400188443,-0.02628847038,-0.2099734176,7.37312156e-05
4.383,0.04,-0.02626802179,-0.21,0.04001886282,-0.02620206065,-0.2099734389,7.356746857e-05
4.384,0.04,-0.02618117997,-0.21,0.04001888138,-0.02611539935,-0.2099734601,7.340274422e-05
4.385,0.04,-0.02609408605,-0.21,0.04001889996,-0.02602848714,-0.2099734813,7.323704858e-05
4.386,0.04,-0.0260067407,-0.21,0.04001891858,-0.0259413247,-0.2099735025,7.307038803e-05
4.387,0.04,-0.02591914461,-0.21,0.04001893723,-0.02585391272,-0.2099735237,7.290276916e-05
4.388,0.04,-0.02583129847,-0.21,0.0400189559,-0.02576625188,-0.2099735448,7.273419861e-05
4.389,0.04,-0.02574320299,-0.21,0.0400189746,-0.02567834288,-0.2099735659,7.25646829e-05
4.39,0.04,-0.02565485886,-0.21,0.04001899333,-0.0255901864,-0.2099735869,7.239422841e-05
4.391,0.04,-0.02556626678,-0.21,0.04001901209,-0.02550178316,-0.2099736079,7.222284125e-05
4.392,0.04,-0.02547742748,-0.21,0.04001903087,-0.02541313386,-0.2099736289,7.205052741e-05
4.393,0.04,-0.02538834165,-0.21,0.04001904967,-0.02532423921,-0.2099736498,7.187729286e-05
4.394,0.04,-0.02529901002,-0.21,0.04001906849,-0.02523509992,-0.2099736707,7.170314363e-05
4.395,0.04,-0.02520943332,-0.21,0.04001908734,-0.02514571672,-0.2099736915,7.152808599e-05
4.396,0.04,-0.02511961227,-0.21,0.04001910621,-0.02505609032,-0.2099737123,7.135212647e-05
4.397,0.04,-0.0250295476,-0.21,0.0400191251,-0.02496622146,-0.2099737331,7.117527184e-05
4.398,0.04,-0.02493924005,-0.21,0.04001914401,-0.02487611086,-0.2099737538,7.0997529e-05
4.399,0.04,-0.02484869035,-0.21,0.04001916294,-0.02478575926,-0.2099737745,7.081890489e-05
4.4,0.04,-0.02475789926,-0.21,0.04001918188,-0.0246951674,-0.2099737951,7.063940641e-05
4.401,0.04,-0.02466686753,-0.21,0.04001920084,-0.02460433603,-0.2099738157,7.045904032e-05
4.402,0.04,-0.02457559589,-0.21,0.04001921982,-0.0245132659,-0.2099738363,7.027781324e-05
4.403,0.04,-0.02448408512,-0.21,0.04001923881,-0.02442195775,-0.2099738568,7.009573174e-05
4.404,0.04,-0.02439233598,-0.21,0.04001925782,-0.02433041234,-0.2099738772,6.991280239e-05
4.405,0.04,-0.02430034922,-0.21,0.04001927684,-0.02423863045,-0.2099738976,6.972903187e-05
4.406,0.04,-0.02420812563,-0.21,0.04001929587,-0.02414661283,-0.209973918,6.954442705e-05
4.407,0.04,-0.02411566597,-0.21,0.04001931491,-0.02405436025,-0.2099739383,6.935899497e-05
4.408,0.04,-0.02402297102,-0.21,0.04001933396,-0.02396187349,-0.2099739585,6.917274289e-05
4.409,0.04,-0.02393004156,-0.21,0.04001935302,-0.02386915332,-0.2099739787,6.898567814e-05
4.41,0.04,-0.02383687839,-0.21,0.04001937209,-0.02377620053,-0.2099739989,6.879780811e-05
4.411,0.04,-0.02374348229,-0.21,0.04001939117,-0.0236830159,-0.209974019,6.860914014e-05
4.412,0.04,-0.02364985405,-0.21,0.04001941026,-0.02358960023,-0.209974039,6.841968152e-05
4.413,0.04,-0.02355599448,-0.21,0.04001942935,-0.0234959543,-0.209974059,6.822943948e-05
4.414,0.04,-0.02346190438,-0.21,0.04001944844,-0.02340207892,-0.209974079,6.803842121e-05
4.415,0.04,-0.02336758455,-0.21,0.04001946754,-0.02330797489,-0.2099740989,6.784663396e-05
4.416,0.04,-0.02327303581,-0.21,0.04001948664,-0.02321364301,-0.2099741187,6.765408511e-05
4.417,0.04,-0.02317825897,-0.21,0.04001950574,-0.02311908409,-0.2099741385,6.746078215e-05
4.418,0.04,-0.02308325484,-0.21,0.04001952485,-0.02302429896,-0.2099741582,6.726673275e-05
4.419,0.04,-0.02298802426,-0.21,0.04001954395,-0.02292928842,-0.2099741779,6.707194472e-05
4.42,0.04,-0.02289256804,-0.21,0.04001956306,-0.0228340533,-0.2099741975,6.687642597e-05
4.421,0.04,-0.02279688702,-0.21,0.04001958216,-0.02273859443,-0.2099742171,6.668018447e-05
4.422,0.04,-0.02270098203,-0.21,0.04001960126,-0.02264291263,-0.2099742366,6.648322816e-05
4.423,0.04,-0.02260485391,-0.21,0.04001962036,-0.02254700874,-0.209974256,6.628556495e-05
4.424,0.04,-0.0225085035,-0.21,0.04001963945,-0.02245088359,-0.2099742754,6.608720277e-05
4.425,0.04,-0.02241193165,-0.21,0.04001965853,-0.02235453803,-0.2099742947,6.588814954e-05
4.426,0.04,-0.0223151392,-0.21,0.04001967761,-0.0222579729,-0.2099743139,6.568841327e-05
4.427,0.04,-0.02221812701,-0.21,0.04001969669,-0.02216118905,-0.2099743331,6.548800207e-05
4.428,0.04,-0.02212089594,-0.21,0.04001971575,-0.02206418734,-0.2099743523,6.528692418e-05
4.429,0.04,-0.02202344685,-0.21,0.04001973481,-0.02196696861,-0.2099743713,6.508518801e-05
4.43,0.04,-0.0219257806,-0.21,0.04001975385,-0.02186953374,-0.2099743904,6.488280207e-05
4.431,0.04,-0.02182789806,-0.21,0.04001977289,-0.02177188357,-0.2099744093,6.467977499e-05
4.432,0.04,-0.02172980009,-0.21,0.04001979191,-0.02167401899,-0.2099744282,6.447611542e-05
4.433,0.04,-0.02163148759,-0.21,0.04001981092,-0.02157594085,-0.209974447,6.427183204e-05
4.434,0.04,-0.02153296142,-0.21,0.04001982992,-0.02147765004,-0.2099744657,6.406693354e-05
4.435,0.04,-0.02143422247,-0.21,0.0400198489,-0.02137914744,-0.2099744844,6.386142865e-05
4.436,0.04,-0.02133527162,-0.21,0.04001986787,-0.02128043392,-0.209974503,6.365532616e-05
4.437,0.04,-0.02123610977,-0.21,0.04001988682,-0.02118151037,-0.2099745216,6.344863491e-05
4.438,0.04,-0.02113673781,-0.21,0.04001990575,-0.02108237768,-0.2099745401,6.324136392e-05
4.439,0.04,-0.02103715663,-0.21,0.04001992466,-0.02098303674,-0.2099745585,6.303352228e-05
4.44,0.04,-0.02093736714,-0.21,0.04001994356,-0.02088348846,-0.2099745768,6.282511928e-05
4.441,0.04,-0.02083737024,-0.21,0.04001996243,-0.02078373371,-0.2099745951,6.261616427e-05
4.442,0.04,-0.02073716684,-0.21,0.04001998129,-0.02068377342,-0.2099746133,6.240666672e-05
4.443,0.04,-0.02063675784,-0.21,0.04002000012,-0.02058360849,-0.2099746314,6.219663613e-05
4.444,0.04,-0.02053614417,-0.21,0.04002001893,-0.02048323982,-0.2099746495,6.198608212e-05
4.445,0.04,-0.02043532673,-0.21,0.04002003771,-0.02038266834,-0.2099746675,6.177501429e-05
4.446,0.04,-0.02033430646,-0.21,0.04002005647,-0.02028189495,-0.2099746854,6.156344235e-05
4.447,0.04,-0.02023308428,-0.21,0.04002007521,-0.02018092057,-0.2099747033,6.135137608e-05
4.448,0.04,-0.02013166111,-0.21,0.04002009391,-0.02007974614,-0.209974721,6.113882536e-05
4.449,0.04,-0.02003003789,-0.21,0.04002011259,-0.01997837257,-0.2099747387,6.092580021e-05
4.45,0.04,-0.01992821555,-0.21,0.04002013125,-0.01987680081,-0.2099747564,6.071231076e-05
4.451,0.04,-0.01982619503,-0.21,0.04002014987,-0.01977503177,-0.2099747739,6.049836729e-05
4.452,0.04,-0.01972397727,-0.21,0.04002016846,-0.0196730664,-0.2099747914,6.02839802e-05
4.453,0.04,-0.01962156322,-0.21,0.04002018702,-0.01957090564,-0.2099748088,6.006915999e-05
4.454,0.04,-0.01951895382,-0.21,0.04002020555,-0.01946855043,-0.2099748261,5.985391727e-05
4.455,0.04,-0.01941615002,-0.21,0.04002022405,-0.01936600171,-0.2099748433,5.963826269e-05
4.456,0.04,-0.01931315278,-0.21,0.04002024251,-0.01926326045,-0.2099748605,5.942220702e-05
4.457,0.04,-0.01920996306,-0.21,0.04002026093,-0.01916032758,-0.2099748776,5.920576111e-05
4.458,0.04,-0.01910658182,-0.21,0.04002027933,-0.01905720407,-0.2099748946,5.898893591e-05
4.459,0.04,-0.01900301002,-0.21,0.04002029768,-0.01895389087,-0.2099749115,5.877174251e-05
4.46,0.04,-0.01889924863,-0.21,0.040020316,-0.01885038896,-0.2099749284,5.855419213e-05
4.461,0.04,-0.01879529862,-0.21,0.04002033428,-0.01874669928,-0.2099749451,5.833629615e-05
4.462,0.04,-0.01869116096,-0.21,0.04002035251,-0.01864282282,-0.2099749618,5.811806607e-05
4.463,0.04,-0.01858683663,-0.21,0.04002037071,-0.01853876054,-0.2099749784,5.789951355e-05
4.464,0.04,-0.0184823266,-0.21,0.04002038887,-0.01843451343,-0.209974995,5.768065033e-05
4.465,0.04,-0.01837763187,-0.21,0.04002040698,-0.01833008244,-0.2099750114,5.746148831e-05
4.466,0.04,-0.01827275342,-0.21,0.04002042506,-0.01822546858,-0.2099750278,5.724203949e-05
4.467,0.04,-0.01816769223,-0.21,0.04002044308,-0.01812067282,-0.2099750441,5.702231597e-05
4.468,0.04,-0.0180624493,-0.21,0.04002046107,-0.01801569614,-0.2099750603,5.680232999e-05
4.469,0.04,-0.01795702563,-0.21,0.040020479,-0.01791053954,-0.2099750764,5.658209393e-05
4.47,0.04,-0.0178514222,-0.21,0.04002049689,-0.01780520402,-0.2099750924,5.63616203e-05
4.471,0.04,-0.01774564002,-0.21,0.04002051474,-0.01769969056,-0.2099751083,5.614092179e-05
4.472,0.04,-0.0176396801,-0.21,0.04002053253,-0.01759400016,-0.2099751242,5.592001122e-05
4.473,0.04,-0.01753354344,-0.21,0.04002055028,-0.01748813384,-0.20997514,5.569890159e-05
4.474,0.04,-0.01742723105,-0.21,0.04002056797,-0.01738209258,-0.2099751556,5.547760604e-05
4.475,0.04,-0.01732074394,-0.21,0.04002058562,-0.0172758774,-0.2099751712,5.525613789e-05
4.476,0.04,-0.01721408312,-0.21,0.04002060321,-0.01716948931,-0.2099751867,5.503451059e-05
4.477,0.04,-0.01710724962,-0.21,0.04002062075,-0.01706292933,-0.2099752022,5.481273773e-05
4.478,0.04,-0.01700024446,-0.21,0.04002063823,-0.01695619846,-0.2099752175,5.459083305e-05
4.479,0.04,-0.01689306866,-0.21,0.04002065566,-0.01684929772,-0.2099752328,5.436881044e-05
4.48,0.04,-0.01678572324,-0.21,0.04002067303,-0.01674222815,-0.2099752479,5.414668396e-05
4.481,0.04,-0.01667820924,-0.21,0.04002069035,-0.01663499075,-0.209975263,5.392446785e-05
4.482,0.04,-0.01657052768,-0.21,0.04002070761,-0.01652758657,-0.209975278,5.370217652e-05
4.483,0.04,-0.0164626796,-0.21,0.04002072481,-0.01642001662,-0.2099752928,5.347982462e-05
4.484,0.04,-0.01635466604,-0.21,0.04002074196,-0.01631228194,-0.2099753076,5.32574269e-05
4.485,0.04,-0.01624648804,-0.21,0.04002075904,-0.01620438356,-0.2099753224,5.303499834e-05
4.486,0.04,-0.01613814664,-0.21,0.04002077606,-0.01609632253,-0.209975337,5.281255411e-05
4.487,0.04,-0.01602964288,-0.21,0.04002079302,-0.01598809988,-0.2099753515,5.259010953e-05
4.488,0.04,-0.01592097782,-0.21,0.04002080992,-0.01587971666,-0.2099753659,5.236768011e-05
4.489,0.04,-0.0158121525,-0.21,0.04002082676,-0.0157711739,-0.2099753803,5.214528155e-05
4.49,0.04,-0.01570316797,-0.21,0.04002084353,-0.01566247267,-0.2099753945,5.192292972e-05
4.491,0.04,-0.0155940253,-0.21,0.04002086023,-0.015553614,-0.2099754087,5.170064071e-05
4.492,0.04,-0.01548472554,-0.21,0.04002087687,-0.01544459896,-0.2099754227,5.147843083e-05
4.493,0.04,-0.01537526975,-0.21,0.04002089344,-0.01533542859,-0.2099754367,5.125631659e-05
4.494,0.04,-0.01526565899,-0.21,0.04002090994,-0.01522610396,-0.2099754506,5.103431472e-05
4.495,0.04,-0.01515589433,-0.21,0.04002092638,-0.01511662612,-0.2099754643,5.081244215e-05
4.496,0.04,-0.01504597684,-0.21,0.04002094274,-0.01500699615,-0.209975478,5.059071606e-05
4.497,0.04,-0.01493590759,-0.21,0.04002095904,-0.0148972151,-0.2099754916,5.036915379e-05
4.498,0.04,-0.01482568765,-0.21,0.04002097526,-0.01478728404,-0.2099755051,5.014777294e-05
4.499,0.04,-0.01471531809,-0.21,0.04002099142,-0.01467720404,-0.2099755185,4.99265913e-05
4.5,0.04,-0.0146048,-0.21,0.0400210075,-0.01456697618,-0.2099755318,4.970562692e-05
4.501,0.04,-0.01449413445,-0.21,0.0400210235,-0.01445660153,-0.209975545,4.948489805e-05
4.502,0.04,-0.01438332253,-0.21,0.04002103943,-0.01434608117,-0.2099755581,4.926442317e-05
4.503,0.04,-0.01427236532,-0.21,0.04002105529,-0.01423541617,-0.2099755711,4.904422104e-05
4.504,0.04,-0.01416126391,-0.21,0.04002107107,-0.01412460762,-0.209975584,4.882431065e-05
4.505,0.04,-0.01405001939,-0.21,0.04002108677,-0.01401365661,-0.2099755968,4.860471124e-05
4.506,0.04,-0.01393863285,-0.21,0.04002110239,-0.01390256422,-0.2099756095,4.838544232e-05
4.507,0.04,-0.01382710538,-0.21,0.04002111794,-0.01379133154,-0.2099756222,4.816652361e-05
4.508,0.04,-0.01371543808,-0.21,0.0400211334,-0.01367995966,-0.2099756347,4.794797511e-05
4.509,0.04,-0.01360363205,-0.21,0.04002114879,-0.01356844967,-0.2099756471,4.772981706e-05
4.51,0.04,-0.01349168839,-0.21,0.0400211641,-0.01345680267,-0.2099756594,4.751206995e-05
4.511,0.04,-0.0133796082,-0.21,0.04002117932,-0.01334501976,-0.2099756716,4.729475457e-05
4.512,0.04,-0.01326739259,-0.21,0.04002119446,-0.01323310203,-0.2099756837,4.707789196e-05
4.513,0.04,-0.01315504267,-0.21,0.04002120951,-0.0131210506,-0.2099756958,4.686150345e-05
4.514,0.04,-0.01304255954,-0.21,0.04002122449,-0.01300886655,-0.2099757077,4.664561062e-05
4.515,0.04,-0.01292994431,-0.21,0.04002123937,-0.01289655101,-0.2099757195,4.643023538e-05
4.516,0.04,-0.01281719811,-0.21,0.04002125417,-0.01278410507,-0.2099757312,4.621539989e-05
4.517,0.04,-0.01270432204,-0.21,0.04002126889,-0.01267152986,-0.2099757428,4.600112659e-05
4.518,0.04,-0.01259131722,-0.21,0.04002128352,-0.01255882647,-0.2099757543,4.578743824e-05
4.519,0.04,-0.01247818477,-0.21,0.04002129805,-0.01244599602,-0.2099757657,4.557435784e-05
4.52,0.04,-0.01236492582,-0.21,0.0400213125,-0.01233303964,-0.209975777,4.536190873e-05
4.521,0.04,-0.01225154148,-0.21,0.04002132686,-0.01221995844,-0.2099757882,4.515011453e-05
4.522,0.04,-0.01213803289,-0.21,0.04002134113,-0.01210675354,-0.2099757993,4.493899914e-05
4.523,0.04,-0.01202440117,-0.21,0.04002135531,-0.01199342606,-0.2099758103,4.472858681e-05
4.524,0.04,-0.01191064745,-0.21,0.0400213694,-0.01187997712,-0.2099758212,4.451890205e-05
4.525,0.04,-0.01179677286,-0.21,0.04002138339,-0.01176640786,-0.209975832,4.430996972e-05
4.526,0.04,-0.01168277854,-0.21,0.04002139729,-0.01165271941,-0.2099758427,4.410181496e-05
4.527,0.04,-0.01156866562,-0.21,0.04002141109,-0.01153891288,-0.2099758533,4.389446325e-05
4.528,0.04,-0.01145443524,-0.21,0.0400214248,-0.01142498942,-0.2099758638,4.368794037e-05
4.529,0.04,-0.01134008854,-0.21,0.04002143841,-0.01131095015,-0.2099758741,4.34822724e-05
4.53,0.04,-0.01122562665,-0.21,0.04002145193,-0.01119679621,-0.2099758844,4.327748577e-05
4.531,0.04,-0.01111105073,-0.21,0.04002146535,-0.01108252875,-0.2099758946,4.30736072e-05
4.532,0.04,-0.01099636191,-0.21,0.04002147867,-0.0109681489,-0.2099759046,4.287066374e-05
4.533,0.04,-0.01088156134,-0.21,0.04002149189,-0.01085365779,-0.2099759146,4.266868278e-05
4.534,0.04,-0.01076665018,-0.21,0.04002150502,-0.01073905658,-0.2099759244,4.2467692e-05
4.535,0.04,-0.01065162956,-0.21,0.04002151804,-0.0106243464,-0.2099759342,4.226771944e-05
4.536,0.04,-0.01053650065,-0.21,0.04002153096,-0.01050952841,-0.2099759438,4.206879343e-05
4.537,0.04,-0.01042126458,-0.21,0.04002154378,-0.01039460375,-0.2099759534,4.187094264e-05
4.538,0.04,-0.01030592253,-0.21,0.0400215565,-0.01027957357,-0.2099759628,4.167419607e-05
4.539,0.04,-0.01019047565,-0.21,0.04002156911,-0.01016443902,-0.2099759721,4.147858303e-05
4.54,0.04,-0.01007492509,-0.21,0.04002158162,-0.01004920125,-0.2099759813,4.128413314e-05
4.541,0.04,-0.009959272011,-0.21,0.04002159403,-0.009933861429,-0.2099759904,4.109087635e-05
4.542,0.04,-0.00984351758,-0.21,0.04002160633,-0.009818420698,-0.2099759994,4.089884293e-05
4.543,0.04,-0.009727662957,-0.21,0.04002161852,-0.009702880219,-0.2099760083,4.070806346e-05
4.544,0.04,-0.009611709307,-0.21,0.04002163061,-0.009587241151,-0.2099760171,4.051856884e-05
4.545,0.04,-0.009495657796,-0.21,0.04002164259,-0.009471504655,-0.2099760258,4.033039025e-05
4.546,0.04,-0.009379509592,-0.21,0.04002165447,-0.009355671894,-0.2099760343,4.014355922e-05
4.547,0.04,-0.009263265864,-0.21,0.04002166623,-0.009239744031,-0.2099760428,3.995810755e-05
4.548,0.04,-0.009146927782,-0.21,0.04002167788,-0.009123722231,-0.2099760511,3.977406736e-05
4.549,0.04,-0.009030496519,-0.21,0.04002168943,-0.00900760766,-0.2099760594,3.959147105e-05
4.55,0.04,-0.008913973248,-0.21,0.04002170086,-0.008891401487,-0.2099760675,3.941035128e-05
4.551,0.04,-0.008797359144,-0.21,0.04002171219,-0.008775104882,-0.2099760755,3.923074101e-05
4.552,0.04,-0.008680655384,-0.21,0.0400217234,-0.008658719015,-0.2099760835,3.90526735e-05
4.553,0.04,-0.008563863146,-0.21,0.0400217345,-0.008542245058,-0.2099760913,3.887618223e-05
4.554,0.04,-0.008446983608,-0.21,0.04002174548,-0.008425684186,-0.209976099,3.870130098e-05
4.555,0.04,-0.008330017951,-0.21,0.04002175636,-0.008309037573,-0.2099761066,3.852806372e-05
4.556,0.04,-0.008212967358,-0.21,0.04002176711,-0.008192306395,-0.209976114,3.835650471e-05
4.557,0.04,-0.00809583301,-0.21,0.04002177776,-0.008075491831,-0.2099761214,3.818665843e-05
4.558,0.04,-0.007978616094,-0.21,0.04002178828,-0.00795859506,-0.2099761287,3.801855956e-05
4.559,0.04,-0.007861317794,-0.21,0.04002179869,-0.007841617261,-0.2099761358,3.785224299e-05
4.56,0.04,-0.007743939298,-0.21,0.04002180899,-0.007724559616,-0.2099761429,3.76877438e-05
4.561,0.04,-0.007626481794,-0.21,0.04002181916,-0.007607423308,-0.2099761498,3.752509726e-05
4.562,0.04,-0.007508946471,-0.21,0.04002182922,-0.007490209521,-0.2099761566,3.73643388e-05
4.563,0.04,-0.007391334521,-0.21,0.04002183916,-0.00737291944,-0.2099761634,3.720550402e-05
4.564,0.04,-0.007273647135,-0.21,0.04002184898,-0.007255554251,-0.20997617,3.704862863e-05
4.565,0.04,-0.007155885506,-0.21,0.04002185868,-0.007138115142,-0.2099761765,3.689374847e-05
4.566,0.04,-0.007038050829,-0.21,0.04002186826,-0.007020603302,-0.2099761829,3.674089947e-05
4.567,0.04,-0.006920144298,-0.21,0.04002187772,-0.006903019921,-0.2099761891,3.659011765e-05
4.568,0.04,-0.006802167112,-0.21,0.04002188706,-0.006785366189,-0.2099761953,3.644143908e-05
4.569,0.04,-0.006684120466,-0.21,0.04002189628,-0.006667643298,-0.2099762014,3.62948999e-05
4.57,0.04,-0.00656600556,-0.21,0.04002190537,-0.006549852442,-0.2099762073,3.615053626e-05
4.571,0.04,-0.006447823593,-0.21,0.04002191434,-0.006431994815,-0.2099762131,3.600838431e-05
4.572,0.04,-0.006329575767,-0.21,0.04002192319,-0.006314071611,-0.2099762189,3.586848017e-05
4.573,0.04,-0.006211263283,-0.21,0.04002193191,-0.006196084028,-0.2099762245,3.573085995e-05
4.574,0.04,-0.006092887343,-0.21,0.04002194051,-0.006078033262,-0.20997623,3.559555963e-05
4.575,0.04,-0.005974449152,-0.21,0.04002194898,-0.005959920511,-0.2099762354,3.546261513e-05
4.576,0.04,-0.005855949914,-0.21,0.04002195733,-0.005841746974,-0.2099762406,3.533206226e-05
4.577,0.04,-0.005737390836,-0.21,0.04002196555,-0.005723513852,-0.2099762458,3.520393667e-05
4.578,0.04,-0.005618773122,-0.21,0.04002197365,-0.005605222346,-0.2099762509,3.507827383e-05
4.579,0.04,-0.005500097982,-0.21,0.04002198161,-0.005486873657,-0.2099762558,3.495510902e-05
4.58,0.04,-0.005381366624,-0.21,0.04002198945,-0.005368468988,-0.2099762607,3.483447724e-05
4.581,0.04,-0.005262580256,-0.21,0.04002199716,-0.005250009543,-0.2099762654,3.471641325e-05
4.582,0.04,-0.005143740089,-0.21,0.04002200475,-0.005131496526,-0.20997627,3.460095153e-05
4.583,0.04,-0.005024847334,-0.21,0.0400220122,-0.005012931143,-0.2099762745,3.448812623e-05
4.584,0.04,-0.004905903202,-0.21,0.04002201952,-0.004894314599,-0.2099762789,3.437797116e-05
4.585,0.04,-0.004786908906,-0.21,0.04002202672,-0.004775648103,-0.2099762832,3.42705197e-05
4.586,0.04,-0.00466786566,-0.21,0.04002203378,-0.00465693286,-0.2099762874,3.416580484e-05
4.587,0.04,-0.004548774677,-0.21,0.04002204071,-0.00453817008,-0.2099762914,3.406385908e-05
4.588,0.04,-0.004429637172,-0.21,0.04002204751,-0.004419360972,-0.2099762954,3.396471445e-05
4.589,0.04,-0.004310454362,-0.21,0.04002205418,-0.004300506746,-0.2099762992,3.386840244e-05
4.59,0.04,-0.004191227461,-0.21,0.04002206071,-0.004181608612,-0.209976303,3.377495396e-05
4.591,0.04,-0.004071957687,-0.21,0.04002206712,-0.004062667781,-0.2099763066,3.368439937e-05
4.592,0.04,-0.003952646258,-0.21,0.04002207339,-0.003943685467,-0.2099763101,3.359676839e-05
4.593,0.04,-0.003833294391,-0.21,0.04002207953,-0.00382466288,-0.2099763135,3.351209009e-05
4.594,0.04,-0.003713903306,-0.21,0.04002208553,-0.003705601234,-0.2099763168,3.34303928e-05
4.595,0.04,-0.003594474222,-0.21,0.0400220914,-0.003586501743,-0.2099763199,3.335170415e-05
4.596,0.04,-0.003475008359,-0.21,0.04002209713,-0.003467365621,-0.209976323,3.3276051e-05
4.597,0.04,-0.003355506937,-0.21,0.04002210273,-0.003348194084,-0.2099763259,3.32034594e-05
4.598,0.04,-0.003235971178,-0.21,0.04002210819,-0.003228988346,-0.2099763288,3.313395456e-05
4.599,0.04,-0.003116402304,-0.21,0.04002211352,-0.003109749624,-0.2099763315,3.306756082e-05
4.6,0.04,-0.002996801536,-0.21,0.04002211871,-0.002990479134,-0.2099763341,3.300430162e-05
4.601,0.04,-0.002877170097,-0.21,0.04002212376,-0.002871178093,-0.2099763366,3.294419948e-05
4.602,0.04,-0.002757509211,-0.21,0.04002212868,-0.002751847719,-0.209976339,3.288727599e-05
4.603,0.04,-0.0026378201,-0.21,0.04002213346,-0.002632489229,-0.2099763413,3.283355169e-05
4.604,0.04,-0.00251810399,-0.21,0.0400221381,-0.002513103842,-0.2099763435,3.278304615e-05
4.605,0.04,-0.002398362103,-0.21,0.04002214261,-0.002393692777,-0.2099763455,3.273577784e-05
4.606,0.04,-0.002278595666,-0.21,0.04002214698,-0.002274257252,-0.2099763475,3.269176422e-05
4.607,0.04,-0.002158805904,-0.21,0.0400221512,-0.002154798487,-0.2099763493,3.265102157e-05
4.608,0.04,-0.002038994041,-0.21,0.04002215529,-0.002035317703,-0.2099763511,3.261356509e-05
4.609,0.04,-0.001919161304,-0.21,0.04002215924,-0.001915816119,-0.2099763527,3.257940885e-05
4.61,0.04,-0.001799308919,-0.21,0.04002216305,-0.001796294955,-0.2099763542,3.254856573e-05
4.611,0.04,-0.001679438113,-0.21,0.04002216672,-0.001676755434,-0.2099763556,3.252104743e-05
4.612,0.04,-0.001559550113,-0.21,0.04002217025,-0.001557198775,-0.2099763569,3.249686443e-05
4.613,0.04,-0.001439646145,-0.21,0.04002217364,-0.0014376262,-0.2099763581,3.2476026e-05
4.614,0.04,-0.001319727437,-0.21,0.04002217689,-0.001318038931,-0.2099763591,3.245854018e-05
4.615,0.04,-0.001199795216,-0.21,0.04002218,-0.00119843819,-0.2099763601,3.244441379e-05
4.616,0.04,-0.00107985071,-0.21,0.04002218297,-0.001078825199,-0.2099763609,3.243365234e-05
4.617,0.04,-0.0009598951476,-0.21,0.04002218579,-0.0009592011795,-0.2099763617,3.242626007e-05
4.618,0.04,-0.0008399297562,-0.21,0.04002218848,-0.0008395673546,-0.2099763623,3.242224e-05
4.619,0.04,-0.0007199557644,-0.21,0.04002219102,-0.0007199249466,-0.2099763628,3.242159386e-05
4.62,0.04,-0.0005999744005,-0.21,0.04002219342,-0.0006002751784,-0.2099763632,3.242432208e-05
4.621,0.04,-0.000479986893,-0.21,0.04002219567,-0.0004806192727,-0.2099763635,3.243042381e-05
4.622,0.04,-0.0003599944704,-0.21,0.04002219779,-0.0003609584524,-0.2099763637,3.243989693e-05
4.623,0.04,-0.0002399983616,-0.21,0.04002219976,-0.0002412939405,-0.2099763638,3.245273805e-05
4.624,0.04,-0.0001199997952,-0.21,0.04002220159,-0.00012162696,-0.2099763637,3.246894248e-05
4.625,0.04,0,-0.21,0.04002220328,-1.958734118e-06,-0.2099763636,3.248850431e-05
4.626,0.04,0.0001199997952,-0.21,0.04002220482,0.0001177095141,-0.2099763633,3.251141636e-05
4.627,0.04,0.0002399983616,-0.21,0.04002220622,0.0002373765616,-0.209976363,3.25376702e-05
4.628,0.04,0.0003599944704,-0.21,0.04002220748,0.0003570411853,-0.2099763625,3.256725617e-05
4.629,0.04,0.000479986893,-0.21,0.04002220859,0.000476702162,-0.2099763619,3.260016342e-05
4.63,0.04,0.0005999744005,-0.21,0.04002220956,0.0005963582688,-0.2099763612,3.263637986e-05
4.631,0.04,0.0007199557644,-0.21,0.04002221038,0.0007160082829,-0.2099763604,3.267589227e-05
4.632,0.04,0.0008399297562,-0.21,0.04002221106,0.0008356509813,-0.2099763595,3.271868624e-05
4.633,0.04,0.0009598951476,-0.21,0.04002221159,0.0009552851414,-0.2099763585,3.276474623e-05
4.634,0.04,0.00107985071,-0.21,0.04002221198,0.001074909541,-0.2099763574,3.281405559e-05
4.635,0.04,0.001199795216,-0.21,0.04002221223,0.001194522956,-0.2099763561,3.286659659e-05
4.636,0.04,0.001319727437,-0.21,0.04002221233,0.001314124167,-0.2099763548,3.292235041e-05
4.637,0.04,0.001439646145,-0.21,0.04002221229,0.001433711949,-0.2099763533,3.298129722e-05
4.638,0.04,0.001559550113,-0.21,0.0400222121,0.001553285082,-0.2099763518,3.304341616e-05
4.639,0.04,0.001679438113,-0.21,0.04002221176,0.001672842344,-0.2099763501,3.310868541e-05
4.64,0.04,0.001799308919,-0.21,0.04002221129,0.001792382513,-0.2099763483,3.317708219e-05
4.641,0.04,0.001919161304,-0.21,0.04002221066,0.001911904368,-0.2099763464,3.324858279e-05
4.642,0.04,0.002038994041,-0.21,0.04002220989,0.002031406689,-0.2099763444,3.332316265e-05
4.643,0.04,0.002158805904,-0.21,0.04002220898,0.002150888254,-0.2099763423,3.340079635e-05
4.644,0.04,0.002278595666,-0.21,0.04002220792,0.002270347844,-0.2099763401,3.348145762e-05
4.645,0.04,0.002398362103,-0.21,0.04002220671,0.002389784239,-0.2099763378,3.356511943e-05
4.646,0.04,0.00251810399,-0.21,0.04002220536,0.002509196218,-0.2099763354,3.365175397e-05
4.647,0.04,0.0026378201,-0.21,0.04002220386,0.002628582564,-0.2099763329,3.374133274e-05
4.648,0.04,0.002757509211,-0.21,0.04002220222,0.002747942057,-0.2099763302,3.383382653e-05
4.649,0.04,0.002877170097,-0.21,0.04002220043,0.002867273479,-0.2099763275,3.392920554e-05
4.65,0.04,0.002996801536,-0.21,0.0400221985,0.002986575611,-0.2099763246,3.402743929e-05
4.651,0.04,0.003116402304,-0.21,0.04002219642,0.003105847237,-0.2099763217,3.412849676e-05
4.652,0.04,0.003235971178,-0.21,0.04002219419,0.003225087139,-0.2099763186,3.423234634e-05
4.653,0.04,0.003355506937,-0.21,0.04002219182,0.003344294101,-0.2099763154,3.433895595e-05
4.654,0.04,0.003475008359,-0.21,0.04002218931,0.003463466907,-0.2099763121,3.444829302e-05
4.655,0.04,0.003594474222,-0.21,0.04002218665,0.003582604341,-0.2099763088,3.456032456e-05
4.656,0.04,0.003713903306,-0.21,0.04002218384,0.003701705189,-0.2099763053,3.467501713e-05
4.657,0.04,0.003833294391,-0.21,0.04002218089,0.003820768235,-0.2099763017,3.479233694e-05
4.658,0.04,0.003952646258,-0.21,0.04002217779,0.003939792266,-0.209976298,3.491224984e-05
4.659,0.04,0.004071957687,-0.21,0.04002217455,0.00405877607,-0.2099762942,3.503472139e-05
4.66,0.04,0.004191227461,-0.21,0.04002217116,0.004177718433,-0.2099762903,3.515971683e-05
4.661,0.04,0.004310454362,-0.21,0.04002216763,0.004296618143,-0.2099762863,3.528720118e-05
4.662,0.04,0.004429637172,-0.21,0.04002216395,0.004415473989,-0.2099762821,3.541713925e-05
4.663,0.04,0.004548774677,-0.21,0.04002216013,0.004534284761,-0.2099762779,3.554949563e-05
4.664,0.04,0.00466786566,-0.21,0.04002215616,0.004653049248,-0.2099762736,3.568423474e-05
4.665,0.04,0.004786908906,-0.21,0.04002215204,0.004771766241,-0.2099762691,3.582132087e-05
4.666,0.04,0.004905903202,-0.21,0.04002214779,0.004890434533,-0.2099762646,3.59607182e-05
4.667,0.04,0.005024847334,-0.21,0.04002214338,0.005009052914,-0.20997626,3.610239086e-05
4.668,0.04,0.005143740089,-0.21,0.04002213884,0.005127620179,-0.2099762552,3.624630288e-05
4.669,0.04,0.005262580256,-0.21,0.04002213415,0.00524613512,-0.2099762504,3.639241826e-05
4.67,0.04,0.005381366624,-0.21,0.04002212931,0.005364596534,-0.2099762454,3.6540701e-05
4.671,0.04,0.005500097982,-0.21,0.04002212433,0.005483003214,-0.2099762404,3.66911151e-05
4.672,0.04,0.005618773122,-0.21,0.04002211921,0.005601353957,-0.2099762352,3.684362461e-05
4.673,0.04,0.005737390836,-0.21,0.04002211394,0.005719647561,-0.2099762299,3.69981936e-05
4.674,0.04,0.005855949914,-0.21,0.04002210853,0.005837882824,-0.2099762246,3.715478624e-05
4.675,0.04,0.005974449152,-0.21,0.04002210298,0.005956058544,-0.2099762191,3.731336677e-05
4.676,0.04,0.006092887343,-0.21,0.04002209728,0.006074173522,-0.2099762135,3.747389955e-05
4.677,0.04,0.006211263283,-0.21,0.04002209144,0.006192226558,-0.2099762079,3.763634907e-05
4.678,0.04,0.006329575767,-0.21,0.04002208546,0.006310216453,-0.2099762021,3.780067994e-05
4.679,0.04,0.006447823593,-0.21,0.04002207934,0.006428142012,-0.2099761962,3.796685697e-05
4.68,0.04,0.00656600556,-0.21,0.04002207307,0.006546002037,-0.2099761902,3.813484512e-05
4.681,0.04,0.006684120466,-0.21,0.04002206666,0.006663795333,-0.2099761842,3.830460951e-05
4.682,0.04,0.006802167112,-0.21,0.04002206011,0.006781520706,-0.209976178,3.847611548e-05
4.683,0.04,0.006920144298,-0.21,0.04002205342,0.006899176963,-0.2099761717,3.864932857e-05
4.684,0.04,0.007038050829,-0.21,0.04002204658,0.007016762911,-0.2099761653,3.882421456e-05
4.685,0.04,0.007155885506,-0.21,0.04002203961,0.007134277361,-0.2099761588,3.900073945e-05
4.686,0.04,0.007273647135,-0.21,0.04002203249,0.007251719121,-0.2099761522,3.91788695e-05
4.687,0.04,0.007391334521,-0.21,0.04002202524,0.007369087003,-0.2099761456,3.935857119e-05
4.688,0.04,0.007508946471,-0.21,0.04002201784,0.007486379819,-0.2099761388,3.953981131e-05
4.689,0.04,0.007626481794,-0.21,0.0400220103,0.007603596383,-0.2099761319,3.972255686e-05
4.69,0.04,0.007743939298,-0.21,0.04002200263,0.00772073551,-0.2099761249,3.990677515e-05
4.691,0.04,0.007861317794,-0.21,0.04002199481,0.007837796016,-0.2099761178,4.009243375e-05
4.692,0.04,0.007978616094,-0.21,0.04002198685,0.007954776717,-0.2099761107,4.027950054e-05
4.693,0.04,0.00809583301,-0.21,0.04002197876,0.008071676433,-0.2099761034,4.046794368e-05
4.694,0.04,0.008212967358,-0.21,0.04002197053,0.008188493982,-0.209976096,4.065773164e-05
4.695,0.04,0.008330017951,-0.21,0.04002196216,0.008305228185,-0.2099760885,4.084883319e-05
4.696,0.04,0.008446983608,-0.21,0.04002195365,0.008421877866,-0.209976081,4.104121742e-05
4.697,0.04,0.008563863146,-0.21,0.040021945,0.008538441847,-0.2099760733,4.123485369e-05
4.698,0.04,0.008680655384,-0.21,0.04002193622,0.008654918953,-0.2099760655,4.142971172e-05
4.699,0.04,0.008797359144,-0.21,0.0400219273,0.00877130801,-0.2099760577,4.162576152e-05
4.7,0.04,0.008913973248,-0.21,0.04002191825,0.008887607847,-0.2099760497,4.18229734e-05
4.701,0.04,0.009030496519,-0.21,0.04002190905,0.009003817291,-0.2099760416,4.202131802e-05
4.702,0.04,0.009146927782,-0.21,0.04002189973,0.009119935174,-0.2099760335,4.222076634e-05
4.703,0.04,0.009263265864,-0.21,0.04002189026,0.009235960327,-0.2099760252,4.24212897e-05
4.704,0.04,0.009379509592,-0.21,0.04002188067,0.009351891583,-0.2099760169,4.262285969e-05
4.705,0.04,0.009495657796,-0.21,0.04002187094,0.009467727778,-0.2099760084,4.282544826e-05
4.706,0.04,0.009611709307,-0.21,0.04002186107,0.009583467747,-0.2099759999,4.302902766e-05
4.707,0.04,0.009727662957,-0.21,0.04002185107,0.009699110327,-0.2099759913,4.323357049e-05
4.708,0.04,0.00984351758,-0.21,0.04002184094,0.009814654359,-0.2099759825,4.343904965e-05
4.709,0.04,0.009959272011,-0.21,0.04002183067,0.009930098683,-0.2099759737,4.364543837e-05
4.71,0.04,0.01007492509,-0.21,0.04002182027,0.01004544214,-0.2099759648,4.385271021e-05
4.711,0.04,0.01019047565,-0.21,0.04002180974,0.01016068358,-0.2099759558,4.406083904e-05
4.712,0.04,0.01030592253,-0.21,0.04002179908,0.01027582184,-0.2099759467,4.426979904e-05
4.713,0.04,0.01042126458,-0.21,0.04002178829,0.01039085577,-0.2099759375,4.447956471e-05
4.714,0.04,0.01053650065,-0.21,0.04002177737,0.01050578422,-0.2099759282,4.469011089e-05
4.715,0.04,0.01065162956,-0.21,0.04002176632,0.01062060604,-0.2099759188,4.490141272e-05
4.716,0.04,0.01076665018,-0.21,0.04002175514,0.01073532008,-0.2099759093,4.511344561e-05
4.717,0.04,0.01088156134,-0.21,0.04002174382,0.0108499252,-0.2099758997,4.532618533e-05
4.718,0.04,0.01099636191,-0.21,0.04002173239,0.01096442025,-0.20997589,4.553960793e-05
4.719,0.04,0.01111105073,-0.21,0.04002172082,0.01107880409,-0.2099758803,4.575368976e-05
4.72,0.04,0.01122562665,-0.21,0.04002170912,0.01119307557,-0.2099758704,4.596840747e-05
4.721,0.04,0.01134008854,-0.21,0.0400216973,0.01130723357,-0.2099758605,4.618373803e-05
4.722,0.04,0.01145443524,-0.21,0.04002168535,0.01142127693,-0.2099758505,4.639965867e-05
4.723,0.04,0.01156866562,-0.21,0.04002167328,0.01153520453,-0.2099758403,4.661614694e-05
4.724,0.04,0.01168277854,-0.21,0.04002166108,0.01164901523,-0.2099758301,4.683318068e-05
4.725,0.04,0.01179677286,-0.21,0.04002164875,0.0117627079,-0.2099758198,4.7050738e-05
4.726,0.04,0.01191064745,-0.21,0.04002163631,0.01187628141,-0.2099758094,4.726879732e-05
4.727,0.04,0.01202440117,-0.21,0.04002162373,0.01198973462,-0.2099757989,4.748733729e-05
4.728,0.04,0.01213803289,-0.21,0.04002161104,0.01210306643,-0.2099757884,4.770633685e-05
4.729,0.04,0.01225154148,-0.21,0.04002159822,0.01221627569,-0.2099757777,4.792577522e-05
4.73,0.04,0.01236492582,-0.21,0.04002158528,0.01232936129,-0.2099757669,4.814563191e-05
4.731,0.04,0.01247818477,-0.21,0.04002157222,0.0124423221,-0.2099757561,4.836588667e-05
4.732,0.04,0.01259131722,-0.21,0.04002155903,0.01255515701,-0.2099757452,4.858651953e-05
4.733,0.04,0.01270432204,-0.21,0.04002154573,0.01266786491,-0.2099757341,4.880751076e-05
4.734,0.04,0.01281719811,-0.21,0.04002153231,0.01278044467,-0.209975723,4.90288409e-05
4.735,0.04,0.01292994431,-0.21,0.04002151877,0.01289289518,-0.2099757118,4.925049072e-05
4.736,0.04,0.01304255954,-0.21,0.04002150511,0.01300521534,-0.2099757005,4.947244128e-05
4.737,0.04,0.01315504267,-0.21,0.04002149133,0.01311740403,-0.2099756892,4.969467386e-05
4.738,0.04,0.01326739259,-0.21,0.04002147744,0.01322946015,-0.2099756777,4.991716996e-05
4.739,0.04,0.0133796082,-0.21,0.04002146343,0.0133413826,-0.2099756662,5.013991132e-05
4.74,0.04,0.01349168839,-0.21,0.0400214493,0.01345317026,-0.2099756545,5.036287995e-05
4.741,0.04,0.01360363205,-0.21,0.04002143506,0.01356482205,-0.2099756428,5.058605809e-05
4.742,0.04,0.01371543808,-0.21,0.0400214207,0.01367633687,-0.209975631,5.080942819e-05
4.743,0.04,0.01382710538,-0.21,0.04002140623,0.01378771361,-0.2099756191,5.103297294e-05
4.744,0.04,0.01393863285,-0.21,0.04002139164,0.01389895119,-0.2099756072,5.125667523e-05
4.745,0.04,0.01405001939,-0.21,0.04002137695,0.01401004851,-0.2099755951,5.148051815e-05
4.746,0.04,0.01416126391,-0.21,0.04002136214,0.01412100448,-0.209975583,5.170448506e-05
4.747,0.04,0.01427236532,-0.21,0.04002134722,0.01423181802,-0.2099755708,5.192855949e-05
4.748,0.04,0.01438332253,-0.21,0.04002133219,0.01434248805,-0.2099755584,5.215272518e-05
4.749,0.04,0.01449413445,-0.21,0.04002131705,0.01445301348,-0.2099755461,5.237696611e-05
4.75,0.04,0.0146048,-0.21,0.0400213018,0.01456339322,-0.2099755336,5.260126642e-05
4.751,0.04,0.01471531809,-0.21,0.04002128645,0.01467362622,-0.209975521,5.282561046e-05
4.752,0.04,0.01482568765,-0.21,0.04002127098,0.01478371138,-0.2099755084,5.304998279e-05
4.753,0.04,0.01493590759,-0.21,0.04002125541,0.01489364763,-0.2099754957,5.327436813e-05
4.754,0.04,0.01504597684,-0.21,0.04002123973,0.01500343391,-0.2099754829,5.349875143e-05
4.755,0.04,0.01515589433,-0.21,0.04002122395,0.01511306915,-0.20997547,5.372311782e-05
4.756,0.04,0.01526565899,-0.21,0.04002120806,0.01522255228,-0.209975457,5.39474526e-05
4.757,0.04,0.01537526975,-0.21,0.04002119207,0.01533188224,-0.209975444,5.417174123e-05
4.758,0.04,0.01548472554,-0.21,0.04002117598,0.01544105797,-0.2099754309,5.439596935e-05
4.759,0.04,0.0155940253,-0.21,0.04002115978,0.0155500784,-0.2099754177,5.46201228e-05
4.76,0.04,0.01570316797,-0.21,0.04002114348,0.01565894249,-0.2099754044,5.484418759e-05
4.761,0.04,0.0158121525,-0.21,0.04002112708,0.01576764918,-0.209975391,5.506814989e-05
4.762,0.04,0.01592097782,-0.21,0.04002111059,0.01587619742,-0.2099753776,5.529199605e-05
4.763,0.04,0.01602964288,-0.21,0.04002109399,0.01598458616,-0.2099753641,5.551571256e-05
4.764,0.04,0.01613814664,-0.21,0.04002107729,0.01609281435,-0.2099753505,5.573928608e-05
4.765,0.04,0.01624648804,-0.21,0.0400210605,0.01620088096,-0.2099753368,5.596270346e-05
4.766,0.04,0.01635466604,-0.21,0.0400210436,0.01630878494,-0.209975323,5.618595163e-05
4.767,0.04,0.0164626796,-0.21,0.04002102662,0.01641652525,-0.2099753092,5.640901772e-05
4.768,0.04,0.01657052768,-0.21,0.04002100953,0.01652410087,-0.2099752953,5.6631889e-05
4.769,0.04,0.01667820924,-0.21,0.04002099236,0.01663151075,-0.2099752813,5.685455289e-05
4.77,0.04,0.01678572324,-0.21,0.04002097509,0.01673875387,-0.2099752673,5.707699696e-05
4.771,0.04,0.01689306866,-0.21,0.04002095772,0.0168458292,-0.2099752531,5.729920894e-05
4.772,0.04,0.01700024446,-0.21,0.04002094027,0.01695273572,-0.2099752389,5.752117668e-05
4.773,0.04,0.01710724962,-0.21,0.04002092272,0.0170594724,-0.2099752246,5.774288818e-05
4.774,0.04,0.01721408312,-0.21,0.04002090509,0.01716603823,-0.2099752103,5.796433156e-05
4.775,0.04,0.01732074394,-0.21,0.04002088736,0.01727243219,-0.2099751959,5.818549508e-05
4.776,0.04,0.01742723105,-0.21,0.04002086955,0.01737865327,-0.2099751814,5.840636711e-05
4.777,0.04,0.01753354344,-0.21,0.04002085164,0.01748470045,-0.2099751668,5.862693618e-05
4.778,0.04,0.0176396801,-0.21,0.04002083366,0.01759057273,-0.2099751521,5.884719094e-05
4.779,0.04,0.01774564002,-0.21,0.04002081558,0.0176962691,-0.2099751374,5.906712015e-05
4.78,0.04,0.0178514222,-0.21,0.04002079742,0.01780178857,-0.2099751226,5.928671268e-05
4.781,0.04,0.01795702563,-0.21,0.04002077918,0.01790713013,-0.2099751077,5.950595756e-05
4.782,0.04,0.0180624493,-0.21,0.04002076085,0.01801229279,-0.2099750928,5.972484393e-05
4.783,0.04,0.01816769223,-0.21,0.04002074244,0.01811727555,-0.2099750778,5.994336105e-05
4.784,0.04,0.01827275342,-0.21,0.04002072395,0.01822207743,-0.2099750627,6.016149829e-05
4.785,0.04,0.01837763187,-0.21,0.04002070538,0.01832669744,-0.2099750476,6.037924514e-05
4.786,0.04,0.0184823266,-0.21,0.04002068673,0.01843113459,-0.2099750324,6.059659118e-05
4.787,0.04,0.01858683663,-0.21,0.040020668,0.0185353879,-0.2099750171,6.081352609e-05
4.788,0.04,0.01869116096,-0.21,0.0400206492,0.01863945639,-0.2099750017,6.103003968e-05
4.789,0.04,0.01879529862,-0.21,0.04002063031,0.0187433391,-0.2099749863,6.124612185e-05
4.79,0.04,0.01889924863,-0.21,0.04002061135,0.01884703504,-0.2099749708,6.146176259e-05
4.791,0.04,0.01900301002,-0.21,0.04002059232,0.01895054325,-0.2099749552,6.167695206e-05
4.792,0.04,0.01910658182,-0.21,0.04002057321,0.01905386276,-0.2099749396,6.189168047e-05
4.793,0.04,0.01920996306,-0.21,0.04002055403,0.01915699261,-0.2099749239,6.210593815e-05
4.794,0.04,0.01931315278,-0.21,0.04002053478,0.01925993184,-0.2099749081,6.231971549e-05
4.795,0.04,0.01941615002,-0.21,0.04002051545,0.01936267949,-0.2099748923,6.253300302e-05
4.796,0.04,0.01951895382,-0.21,0.04002049606,0.01946523462,-0.2099748764,6.274579135e-05
4.797,0.04,0.01962156322,-0.21,0.04002047659,0.01956759627,-0.2099748605,6.295807117e-05
4.798,0.04,0.01972397727,-0.21,0.04002045706,0.01966976349,-0.2099748444,6.316983325e-05
4.799,0.04,0.01982619503,-0.21,0.04002043746,0.01977173534,-0.2099748284,6.33810685e-05
4.8,0.04,0.01992821555,-0.21,0.0400204178,0.01987351088,-0.2099748122,6.359176784e-05
4.801,0.04,0.02003003789,-0.21,0.04002039806,0.01997508917,-0.209974796,6.380192234e-05
4.802,0.04,0.02013166111,-0.21,0.04002037827,0.02007646928,-0.2099747797,6.401152314e-05
4.803,0.04,0.02023308428,-0.21,0.04002035841,0.02017765028,-0.2099747634,6.422056146e-05
4.804,0.04,0.02033430646,-0.21,0.04002033849,0.02027863124,-0.209974747,6.442902861e-05
4.805,0.04,0.02043532673,-0.21,0.04002031851,0.02037941125,-0.2099747305,6.4636916e-05
4.806,0.04,0.02053614417,-0.21,0.04002029846,0.02047998936,-0.209974714,6.484421508e-05
4.807,0.04,0.02063675784,-0.21,0.04002027836,0.02058036468,-0.2099746974,6.505091741e-05
4.808,0.04,0.02073716684,-0.21,0.0400202582,0.02068053629,-0.2099746807,6.525701461e-05
4.809,0.04,0.02083737024,-0.21,0.04002023798,0.02078050327,-0.209974664,6.546249836e-05
4.81,0.04,0.02093736714,-0.21,0.04002021771,0.02088026473,-0.2099746473,6.566736044e-05
4.811,0.04,0.02103715663,-0.21,0.04002019738,0.02097981975,-0.2099746304,6.58715927e-05
4.812,0.04,0.02113673781,-0.21,0.040020177,0.02107916744,-0.2099746136,6.607518705e-05
4.813,0.04,0.02123610977,-0.21,0.04002015656,0.0211783069,-0.2099745966,6.62781355e-05
4.814,0.04,0.02133527162,-0.21,0.04002013607,0.02127723723,-0.2099745796,6.64804301e-05
4.815,0.04,0.02143422247,-0.21,0.04002011553,0.02137595756,-0.2099745626,6.668206301e-05
4.816,0.04,0.02153296142,-0.21,0.04002009494,0.02147446699,-0.2099745454,6.688302642e-05
4.817,0.04,0.02163148759,-0.21,0.0400200743,0.02157276464,-0.2099745283,6.708331263e-05
4.818,0.04,0.02172980009,-0.21,0.04002005362,0.02167084964,-0.209974511,6.728291396e-05
4.819,0.04,0.02182789806,-0.21,0.04002003288,0.0217687211,-0.2099744938,6.748182281e-05
4.82,0.04,0.0219257806,-0.21,0.0400200121,0.02186637816,-0.2099744764,6.768003164e-05
4.821,0.04,0.02202344685,-0.21,0.04001999128,0.02196381995,-0.209974459,6.787753297e-05
4.822,0.04,0.02212089594,-0.21,0.04001997041,0.02206104561,-0.2099744416,6.807431939e-05
4.823,0.04,0.02221812701,-0.21,0.0400199495,0.02215805427,-0.2099744241,6.827038356e-05
4.824,0.04,0.0223151392,-0.21,0.04001992855,0.02225484507,-0.2099744065,6.846571821e-05
4.825,0.04,0.02241193165,-0.21,0.04001990755,0.02235141718,-0.2099743889,6.866031611e-05
4.826,0.04,0.0225085035,-0.21,0.04001988652,0.02244776973,-0.2099743713,6.885417009e-05
4.827,0.04,0.02260485391,-0.21,0.04001986545,0.02254390188,-0.2099743536,6.904727305e-05
4.828,0.04,0.02270098203,-0.21,0.04001984434,0.0226398128,-0.2099743358,6.923961794e-05
4.829,0.04,0.02279688702,-0.21,0.0400198232,0.02273550163,-0.209974318,6.943119778e-05
4.83,0.04,0.02289256804,-0.21,0.04001980202,0.02283096756,-0.2099743001,6.962200562e-05
4.831,0.04,0.02298802426,-0.21,0.0400197808,0.02292620974,-0.2099742822,6.981203456e-05
4.832,0.04,0.02308325484,-0.21,0.04001975956,0.02302122736,-0.2099742642,7.000127776e-05
4.833,0.04,0.02317825897,-0.21,0.04001973828,0.02311601958,-0.2099742462,7.018972845e-05
4.834,0.04,0.02327303581,-0.21,0.04001971697,0.0232105856,-0.2099742282,7.03773799e-05
4.835,0.04,0.02336758455,-0.21,0.04001969563,0.02330492459,-0.2099742101,7.056422544e-05
4.836,0.04,0.02346190438,-0.21,0.04001967426,0.02339903576,-0.2099741919,7.075025845e-05
4.837,0.04,0.02355599448,-0.21,0.04001965287,0.02349291828,-0.2099741737,7.093547237e-05
4.838,0.04,0.02364985405,-0.21,0.04001963145,0.02358657136,-0.2099741554,7.111986068e-05
4.839,0.04,0.02374348229,-0.21,0.04001961,0.0236799942,-0.2099741371,7.13034169e-05
4.84,0.04,0.02383687839,-0.21,0.04001958853,0.023773186,-0.2099741188,7.148613461e-05
4.841,0.04,0.02393004156,-0.21,0.04001956704,0.02386614598,-0.2099741004,7.166800741e-05
4.842,0.04,0.02402297102,-0.21,0.04001954552,0.02395887334,-0.209974082,7.184902897e-05
4.843,0.04,0.02411566597,-0.21,0.04001952399,0.02405136731,-0.2099740635,7.202919298e-05
4.844,0.04,0.02420812563,-0.21,0.04001950243,0.02414362711,-0.209974045,7.220849321e-05
4.845,0.04,0.02430034922,-0.21,0.04001948086,0.02423565196,-0.2099740264,7.238692348e-05
4.846,0.04,0.02439233598,-0.21,0.04001945927,0.02432744109,-0.2099740078,7.256447762e-05
4.847,0.04,0.02448408512,-0.21,0.04001943766,0.02441899374,-0.2099739892,7.274114953e-05
4.848,0.04,0.02457559589,-0.21,0.04001941604,0.02451030914,-0.2099739705,7.291693314e-05
4.849,0.04,0.02466686753,-0.21,0.04001939441,0.02460138654,-0.2099739517,7.309182243e-05
4.85,0.04,0.02475789926,-0.21,0.04001937276,0.02469222518,-0.209973933,7.326581142e-05
4.851,0.04,0.02484869035,-0.21,0.0400193511,0.02478282431,-0.2099739142,7.343889416e-05
4.852,0.04,0.02493924005,-0.21,0.04001932943,0.0248731832,-0.2099738953,7.361106474e-05
4.853,0.04,0.0250295476,-0.21,0.04001930775,0.02496330109,-0.2099738764,7.378231729e-05
4.854,0.04,0.02511961227,-0.21,0.04001928606,0.02505317726,-0.2099738575,7.395264599e-05
4.855,0.04,0.02520943332,-0.21,0.04001926436,0.02514281096,-0.2099738385,7.412204507e-05
4.856,0.04,0.02529901002,-0.21,0.04001924266,0.02523220148,-0.2099738195,7.429050878e-05
4.857,0.04,0.02538834165,-0.21,0.04001922096,0.02532134808,-0.2099738005,7.445803142e-05
4.858,0.04,0.02547742748,-0.21,0.04001919925,0.02541025006,-0.2099737814,7.462460731e-05
4.859,0.04,0.02556626678,-0.21,0.04001917753,0.02549890669,-0.2099737623,7.479023083e-05
4.86,0.04,0.02565485886,-0.21,0.04001915582,0.02558731726,-0.2099737431,7.495489636e-05
4.861,0.04,0.02574320299,-0.21,0.04001913411,0.02567548107,-0.2099737239,7.511859834e-05
4.862,0.04,0.02583129847,-0.21,0.0400191124,0.02576339742,-0.2099737047,7.528133123e-05
4.863,0.04,0.02591914461,-0.21,0.04001909069,0.02585106561,-0.2099736855,7.544308954e-05
4.864,0.04,0.0260067407,-0.21,0.04001906898,0.02593848494,-0.2099736662,7.560386782e-05
4.865,0.04,0.02609408605,-0.21,0.04001904728,0.02602565474,-0.2099736468,7.576366067e-05
4.866,0.04,0.02618117997,-0.21,0.04001902558,0.0261125743,-0.2099736275,7.592246269e-05
4.867,0.04,0.02626802179,-0.21,0.04001900389,0.02619924297,-0.2099736081,7.608026852e-05
4.868,0.04,0.02635461082,-0.21,0.04001898221,0.02628566005,-0.2099735887,7.623707284e-05
4.869,0.04,0.02644094639,-0.21,0.04001896054,0.02637182489,-0.2099735692,7.639287034e-05
4.87,0.04,0.02652702783,-0.21,0.04001893888,0.02645773681,-0.2099735497,7.654765579e-05
4.871,0.04,0.02661285448,-0.21,0.04001891723,0.02654339516,-0.2099735302,7.670142392e-05
4.872,0.04,0.02669842568,-0.21,0.04001889559,0.02662879927,-0.2099735107,7.685416954e-05
4.873,0.04,0.02678374076,-0.21,0.04001887397,0.02671394851,-0.2099734911,7.700588749e-05
4.874,0.04,0.02686879908,-0.21,0.04001885236,0.02679884221,-0.2099734715,7.715657263e-05
4.875,0.04,0.0269536,-0.21,0.04001883077,0.02688347974,-0.2099734519,7.730621984e-05
4.876,0.04,0.02703814287,-0.21,0.04001880919,0.02696786046,-0.2099734322,7.745482405e-05
4.877,0.04,0.02712242706,-0.21,0.04001878764,0.02705198374,-0.2099734125,7.760238022e-05
4.878,0.04,0.02720645192,-0.21,0.0400187661,0.02713584895,-0.2099733928,7.774888333e-05
4.879,0.04,0.02729021685,-0.21,0.04001874458,0.02721945546,-0.2099733731,7.789432841e-05
4.88,0.04,0.02737372121,-0.21,0.04001872309,0.02730280266,-0.2099733533,7.803871047e-05
4.881,0.04,0.02745696439,-0.21,0.04001870162,0.02738588994,-0.2099733335,7.818202457e-05
4.882,0.04,0.02753994577,-0.21,0.04001868018,0.02746871668,-0.2099733137,7.83242658e-05
4.883,0.04,0.02762266475,-0.21,0.04001865876,0.02755128228,-0.2099732939,7.846542926e-05
4.884,0.04,0.02770512072,-0.21,0.04001863736,0.02763358614,-0.209973274,7.860551009e-05
4.885,0.04,0.02778731309,-0.21,0.040018616,0.02771562767,-0.2099732541,7.874450348e-05
4.886,0.04,0.02786924125,-0.21,0.04001859466,0.02779740627,-0.2099732342,7.888240462e-05
4.887,0.04,0.02795090463,-0.21,0.04001857336,0.02787892136,-0.2099732143,7.901920874e-05
4.888,0.04,0.02803230265,-0.21,0.04001855208,0.02796017237,-0.2099731943,7.915491109e-05
4.889,0.04,0.02811343471,-0.21,0.04001853084,0.02804115872,-0.2099731744,7.928950693e-05
4.89,0.04,0.02819430025,-0.21,0.04001850964,0.02812187983,-0.2099731544,7.942299157e-05
4.891,0.04,0.0282748987,-0.21,0.04001848846,0.02820233515,-0.2099731343,7.955536033e-05
4.892,0.04,0.02835522949,-0.21,0.04001846733,0.02828252411,-0.2099731143,7.968660856e-05
4.893,0.04,0.02843529208,-0.21,0.04001844623,0.02836244615,-0.2099730943,7.98167316e-05
4.894,0.04,0.02851508589,-0.21,0.04001842517,0.02844210074,-0.2099730742,7.994572484e-05
4.895,0.04,0.02859461039,-0.21,0.04001840415,0.02852148732,-0.2099730541,8.007358369e-05
4.896,0.04,0.02867386504,-0.21,0.04001838317,0.02860060535,-0.209973034,8.020030361e-05
4.897,0.04,0.02875284928,-0.21,0.04001836223,0.0286794543,-0.2099730139,8.032588004e-05
4.898,0.04,0.0288315626,-0.21,0.04001834134,0.02875803364,-0.2099729937,8.045030848e-05
4.899,0.04,0.02891000446,-0.21,0.04001832049,0.02883634284,-0.2099729736,8.057358443e-05
4.9,0.04,0.02898817434,-0.21,0.04001829969,0.02891438139,-0.2099729534,8.069570343e-05
4.901,0.04,0.02906607172,-0.21,0.04001827893,0.02899214877,-0.2099729332,8.081666103e-05
4.902,0.04,0.02914369609,-0.21,0.04001825822,0.02906964448,-0.209972913,8.093645279e-05
4.903,0.04,0.02922104694,-0.21,0.04001823756,0.029146868,-0.2099728928,8.105507431e-05
4.904,0.04,0.02929812377,-0.21,0.04001821695,0.02922381885,-0.2099728725,8.117252118e-05
4.905,0.04,0.02937492608,-0.21,0.04001819639,0.02930049652,-0.2099728523,8.128878905e-05
4.906,0.04,0.02945145339,-0.21,0.04001817589,0.02937690053,-0.209972832,8.140387357e-05
4.907,0.04,0.0295277052,-0.21,0.04001815544,0.0294530304,-0.2099728117,8.151777039e-05
4.908,0.04,0.02960368103,-0.21,0.04001813504,0.02952888565,-0.2099727915,8.163047522e-05
4.909,0.04,0.02967938042,-0.21,0.0400181147,0.0296044658,-0.2099727712,8.174198377e-05
4.91,0.04,0.02975480288,-0.21,0.04001809442,0.0296797704,-0.2099727508,8.185229178e-05
4.911,0.04,0.02982994796,-0.21,0.04001807419,0.02975479897,-0.2099727305,8.196139499e-05
4.912,0.04,0.02990481518,-0.21,0.04001805403,0.02982955107,-0.2099727102,8.206928918e-05
4.913,0.04,0.02997940411,-0.21,0.04001803392,0.02990402624,-0.2099726899,8.217597015e-05
4.914,0.04,0.03005371429,-0.21,0.04001801388,0.02997822404,-0.2099726695,8.228143371e-05
4.915,0.04,0.03012774528,-0.21,0.0400179939,0.03005214402,-0.2099726491,8.238567568e-05
4.916,0.04,0.03020149664,-0.21,0.04001797398,0.03012578576,-0.2099726288,8.248869191e-05
4.917,0.04,0.03027496793,-0.21,0.04001795413,0.03019914882,-0.2099726084,8.259047824e-05
4.918,0.04,0.03034815873,-0.21,0.04001793435,0.03027223279,-0.209972588,8.269103055e-05
4.919,0.04,0.03042106863,-0.21,0.04001791463,0.03034503724,-0.2099725676,8.279034475e-05
4.92,0.04,0.03049369719,-0.21,0.04001789499,0.03041756175,-0.2099725472,8.288841675e-05
4.921,0.04,0.03056604402,-0.21,0.04001787541,0.03048980594,-0.2099725268,8.298524251e-05
4.922,0.04,0.03063810871,-0.21,0.04001785591,0.03056176938,-0.2099725064,8.308081797e-05
4.923,0.04,0.03070989085,-0.21,0.04001783647,0.0306334517,-0.209972486,8.31751391e-05
4.924,0.04,0.03078139006,-0.21,0.04001781711,0.03070485249,-0.2099724656,8.326820189e-05
4.925,0.04,0.03085260595,-0.21,0.04001779783,0.03077597137,-0.2099724452,8.336000233e-05
4.926,0.04,0.03092353814,-0.21,0.04001777862,0.03084680797,-0.2099724247,8.345053644e-05
4.927,0.04,0.03099418624,-0.21,0.04001775948,0.03091736191,-0.2099724043,8.353980026e-05
4.928,0.04,0.03106454989,-0.21,0.04001774043,0.03098763283,-0.2099723839,8.362778983e-05
4.929,0.04,0.03113462872,-0.21,0.04001772145,0.03105762035,-0.2099723634,8.371450124e-05
4.93,0.04,0.03120442237,-0.21,0.04001770255,0.03112732414,-0.209972343,8.379993054e-05
4.931,0.04,0.0312739305,-0.21,0.04001768374,0.03119674383,-0.2099723226,8.388407386e-05
4.932,0.04,0.03134315274,-0.21,0.04001766501,0.03126587908,-0.2099723021,8.39669273e-05
4.933,0.04,0.03141208877,-0.21,0.04001764636,0.03133472955,-0.2099722817,8.404848701e-05
4.934,0.04,0.03148073823,-0.21,0.04001762779,0.03140329492,-0.2099722612,8.412874912e-05
4.935,0.04,0.03154910081,-0.21,0.04001760931,0.03147157484,-0.2099722408,8.42077098e-05
4.936,0.04,0.03161717617,-0.21,0.04001759092,0.03153956901,-0.2099722203,8.428536523e-05
4.937,0.04,0.03168496401,-0.21,0.04001757262,0.03160727711,-0.2099721999,8.436171159e-05
4.938,0.04,0.03175246399,-0.21,0.0400175544,0.03167469882,-0.2099721794,8.44367451e-05
4.939,0.04,0.03181967583,-0.21,0.04001753627,0.03174183384,-0.209972159,8.451046196e-05
4.94,0.04,0.03188659921,-0.21,0.04001751824,0.03180868188,-0.2099721385,8.458285843e-05
4.941,0.04,0.03195323384,-0.21,0.0400175003,0.03187524264,-0.2099721181,8.465393075e-05
4.942,0.04,0.03201957944,-0.21,0.04001748245,0.03194151584,-0.2099720977,8.47236752e-05
4.943,0.04,0.03208563571,-0.21,0.0400174647,0.0320075012,-0.2099720772,8.479208805e-05
4.944,0.04,0.03215140238,-0.21,0.04001744704,0.03207319844,-0.2099720568,8.48591656e-05
4.945,0.04,0.03221687918,-0.21,0.04001742947,0.0321386073,-0.2099720364,8.492490416e-05
4.946,0.04,0.03228206585,-0.21,0.04001741201,0.03220372751,-0.2099720159,8.498930006e-05
4.947,0.04,0.03234696212,-0.21,0.04001739464,0.03226855882,-0.2099719955,8.505234963e-05
4.948,0.04,0.03241156774,-0.21,0.04001737738,0.03233310098,-0.2099719751,8.511404923e-05
4.949,0.04,0.03247588246,-0.21,0.04001736021,0.03239735374,-0.2099719547,8.517439521e-05
4.95,0.04,0.03253990605,-0.21,0.04001734315,0.03246131687,-0.2099719343,8.523338396e-05
4.951,0.04,0.03260363826,-0.21,0.04001732619,0.03252499013,-0.2099719139,8.529101188e-05
4.952,0.04,0.03266707888,-0.21,0.04001730933,0.03258837331,-0.2099718935,8.534727536e-05
4.953,0.04,0.03273022766,-0.21,0.04001729258,0.03265146617,-0.2099718731,8.540217085e-05
4.954,0.04,0.03279308441,-0.21,0.04001727594,0.03271426852,-0.2099718527,8.545569477e-05
4.955,0.04,0.03285564891,-0.21,0.0400172594,0.03277678013,-0.2099718323,8.550784358e-05
4.956,0.04,0.03291792095,-0.21,0.04001724297,0.03283900081,-0.2099718119,8.555861374e-05
4.957,0.04,0.03297990034,-0.21,0.04001722665,0.03290093037,-0.2099717915,8.560800172e-05
4.958,0.04,0.03304158688,-0.21,0.04001721044,0.03296256862,-0.2099717712,8.565600401e-05
4.959,0.04,0.03310298039,-0.21,0.04001719434,0.03302391537,-0.2099717508,8.570261712e-05
4.96,0.04,0.03316408069,-0.21,0.04001717836,0.03308497045,-0.2099717305,8.574783757e-05
4.961,0.04,0.03322488761,-0.21,0.04001716248,0.03314573369,-0.2099717102,8.579166188e-05
4.962,0.04,0.03328540098,-0.21,0.04001714672,0.03320620493,-0.2099716898,8.583408659e-05
4.963,0.04,0.03334562064,-0.21,0.04001713108,0.03326638401,-0.2099716695,8.587510827e-05
4.964,0.04,0.03340554644,-0.21,0.04001711555,0.03332627079,-0.2099716492,8.591472351e-05
4.965,0.04,0.03346517823,-0.21,0.04001710014,0.03338586511,-0.2099716289,8.595292887e-05
4.966,0.04,0.03352451586,-0.21,0.04001708485,0.03344516683,-0.2099716086,8.598972096e-05
4.967,0.04,0.03358355921,-0.21,0.04001706968,0.03350417584,-0.2099715883,8.602509639e-05
4.968,0.04,0.03364230815,-0.21,0.04001705463,0.033562892,-0.209971568,8.605905179e-05
4.969,0.04,0.03370076254,-0.21,0.0400170397,0.0336213152,-0.2099715478,8.60915838e-05
4.97,0.04,0.03375892229,-0.21,0.04001702489,0.03367944532,-0.2099715275,8.612268905e-05
4.971,0.04,0.03381678727,-0.21,0.0400170102,0.03373728225,-0.2099715073,8.615236423e-05
4.972,0.04,0.0338743574,-0.21,0.04001699564,0.03379482591,-0.2099714871,8.618060601e-05
4.973,0.04,0.03393163256,-0.21,0.0400169812,0.0338520762,-0.2099714668,8.620741108e-05
4.974,0.04,0.03398861268,-0.21,0.04001696689,0.03390903303,-0.2099714466,8.623277615e-05
4.975,0.04,0.03404529766,-0.21,0.04001695271,0.03396569632,-0.2099714264,8.625669794e-05
4.976,0.04,0.03410168744,-0.21,0.04001693866,0.034022066,-0.2099714062,8.627917319e-05
4.977,0.04,0.03415778195,-0.21,0.04001692473,0.034078142,-0.2099713861,8.630019865e-05
4.978,0.04,0.03421358111,-0.21,0.04001691093,0.03413392428,-0.2099713659,8.631977108e-05
4.979,0.04,0.03426908488,-0.21,0.04001689727,0.03418941276,-0.2099713458,8.633788726e-05
4.98,0.04,0.03432429321,-0.21,0.04001688373,0.03424460741,-0.2099713256,8.635454398e-05
4.981,0.04,0.03437920605,-0.21,0.04001687033,0.03429950819,-0.2099713055,8.636973804e-05
4.982,0.04,0.03443382337,-0.21,0.04001685707,0.03435411507,-0.2099712854,8.638346626e-05
4.983,0.04,0.03448814513,-0.21,0.04001684393,0.03440842801,-0.2099712653,8.639572547e-05
4.984,0.04,0.03454217132,-0.21,0.04001683093,0.03446244701,-0.2099712452,8.64065125e-05
4.985,0.04,0.03459590191,-0.21,0.04001681807,0.03451617204,-0.2099712251,8.641582423e-05
4.986,0.04,0.03464933691,-0.21,0.04001680535,0.03456960311,-0.209971205,8.642365753e-05
4.987,0.04,0.0347024763,-0.21,0.04001679276,0.03462274021,-0.209971185,8.64300093e-05
4.988,0.04,0.0347553201,-0.21,0.04001678031,0.03467558335,-0.209971165,8.643487644e-05
4.989,0.04,0.03480786831,-0.21,0.04001676801,0.03472813255,-0.2099711449,8.643825588e-05
4.99,0.04,0.03486012095,-0.21,0.04001675584,0.03478038783,-0.2099711249,8.644014454e-05
4.991,0.04,0.03491207805,-0.21,0.04001674381,0.03483234922,-0.2099711049,8.644053938e-05
4.992,0.04,0.03496373963,-0.21,0.04001673193,0.03488401675,-0.2099710849,8.643943735e-05
4.993,0.04,0.03501510574,-0.21,0.04001672019,0.03493539046,-0.209971065,8.643683544e-05
4.994,0.04,0.03506617643,-0.21,0.04001670859,0.03498647041,-0.209971045,8.643273065e-05
4.995,0.04,0.03511695174,-0.21,0.04001669714,0.03503725666,-0.2099710251,8.642711998e-05
4.996,0.04,0.03516743173,-0.21,0.04001668584,0.03508774925,-0.2099710051,8.642000046e-05
4.997,0.04,0.03521761648,-0.21,0.04001667468,0.03513794828,-0.2099709852,8.641136914e-05
4.998,0.04,0.03526750605,-0.21,0.04001666367,0.0351878538,-0.2099709653,8.640122309e-05
4.999,0.04,0.03531710053,-0.21,0.0400166528,0.03523746591,-0.2099709454,8.638955937e-05
5,0.04,0.0353664,-0.21,0.04001664209,0.0352867847,-0.2099709255,8.637637508e-05
5.001,0.04,0.03541540456,-0.21,0.04001663152,0.03533581027,-0.2099709057,8.636166644e-05
5.002,0.04,0.0354641143,-0.21,0.04001662111,0.03538454266,-0.2099708858,8.634548172e-05
5.003,0.04,0.03551252928,-0.21,0.04001661081,0.03543298155,-0.2099708659,8.632818013e-05
5.004,0.04,0.03556064958,-0.21,0.04001660062,0.03548112616,-0.209970846,8.631053745e-05
5.005,0.04,0.03560847524,-0.21,0.04001659046,0.03552897532,-0.2099708262,8.629363602e-05
5.006,0.04,0.0356560063,-0.21,0.04001658028,0.03557652773,-0.2099708066,8.627862731e-05
5.007,0.04,0.03570324276,-0.21,0.04001656997,0.03562378229,-0.2099707875,8.626646165e-05
5.008,0.04,0.03575018466,-0.21,0.04001655946,0.03567073837,-0.2099707689,8.625767095e-05
5.009,0.04,0.03579683198,-0.21,0.0400165487,0.03571739596,-0.2099707508,8.625226829e-05
5.01,0.04,0.03584318473,-0.21,0.0400165377,0.03576375559,-0.2099707332,8.624979213e-05
5.011,0.04,0.03588924288,-0.21,0.04001652656,0.03580981816,-0.2099707159,8.624947781e-05
5.012,0.04,0.03593500642,-0.21,0.04001651543,0.03585558463,-0.2099706987,8.625049984e-05
5.013,0.04,0.03598047532,-0.21,0.04001650444,0.03590105578,-0.2099706814,8.625220803e-05
5.014,0.04,0.03602564955,-0.21,0.04001649369,0.03594623193,-0.209970664,8.625428672e-05
5.015,0.04,0.03607052906,-0.21,0.04001648317,0.03599111298,-0.2099706465,8.625679365e-05
5.016,0.04,0.03611511382,-0.21,0.04001647281,0.03603569845,-0.2099706291,8.626007571e-05
5.017,0.04,0.03615940378,-0.21,0.04001646246,0.03607998771,-0.209970612,8.626459654e-05
5.018,0.04,0.0362033989,-0.21,0.04001645199,0.03612398023,-0.2099705951,8.627073597e-05
5.019,0.04,0.03624709912,-0.21,0.04001644131,0.03616767576,-0.2099705787,8.627862605e-05
5.02,0.04,0.03629050441,-0.21,0.04001643039,0.03621107448,-0.2099705626,8.628807276e-05
5.021,0.04,0.03633361472,-0.21,0.04001641933,0.03625417693,-0.2099705469,8.629858315e-05
5.022,0.04,0.03637643,-0.21,0.04001640826,0.03629698386,-0.2099705312,8.630948372e-05
5.023,0.04,0.0364189502,-0.21,0.04001639733,0.03633949607,-0.2099705157,8.632008853e-05
5.024,0.04,0.03646117529,-0.21,0.04001638666,0.03638171415,-0.2099705,8.632986211e-05
5.025,0.04,0.03650310522,-0.21,0.04001637629,0.03642363841,-0.2099704842,8.633852718e-05
5.026,0.04,0.03654473997,-0.21,0.0400163662,0.03646526877,-0.2099704683,8.634608638e-05
5.027,0.04,0.03658607951,-0.21,0.0400163563,0.03650660493,-0.2099704524,8.635275621e-05
5.028,0.04,0.0366271238,-0.21,0.04001634647,0.03654764648,-0.2099704366,8.63588384e-05
5.029,0.04,0.03666787284,-0.21,0.04001633662,0.03658839308,-0.2099704209,8.636457218e-05
5.03,0.04,0.03670832662,-0.21,0.04001632669,0.03662884464,-0.2099704055,8.637001487e-05
5.031,0.04,0.03674848512,-0.21,0.04001631671,0.03666900135,-0.2099703903,8.637498657e-05
5.032,0.04,0.03678834837,-0.21,0.04001630674,0.03670886369,-0.2099703753,8.637909292e-05
5.033,0.04,0.03682791636,-0.21,0.04001629691,0.03674843231,-0.2099703603,8.63818149e-05
5.034,0.04,0.03686718913,-0.21,0.04001628731,0.03678770785,-0.2099703452,8.638263389e-05
5.035,0.04,0.0369061667,-0.21,0.04001627804,0.03682669083,-0.2099703299,8.638115117e-05
5.036,0.04,0.03694484913,-0.21,0.04001626911,0.03686538152,-0.2099703145,8.637716453e-05
5.037,0.04,0.03698323646,-0.21,0.04001626049,0.03690377995,-0.2099702989,8.637068018e-05
5.038,0.04,0.03702132877,-0.21,0.04001625212,0.03694188599,-0.2099702833,8.636185979e-05
5.039,0.04,0.03705912612,-0.21,0.04001624392,0.03697969942,-0.2099702676,8.635092237e-05
5.04,0.04,0.03709662861,-0.21,0.04001623581,0.03701722012,-0.209970252,8.633803444e-05
5.041,0.04,0.03713383635,-0.21,0.04001622777,0.03705444813,-0.2099702364,8.63232234e-05
5.042,0.04,0.03717074945,-0.21,0.04001621982,0.03709138377,-0.209970221,8.630634016e-05
5.043,0.04,0.03720736805,-0.21,0.04001621202,0.03712802751,-0.2099702056,8.628708009e-05
5.044,0.04,0.03724369229,-0.21,0.04001620445,0.03716437998,-0.2099701901,8.626505272e-05
5.045,0.04,0.03727972233,-0.21,0.04001619719,0.03720044181,-0.2099701744,8.623987577e-05
5.046,0.04,0.03731545835,-0.21,0.04001619029,0.03723621351,-0.2099701585,8.621126255e-05
5.047,0.04,0.03735090054,-0.21,0.04001618378,0.03727169545,-0.2099701425,8.617907592e-05
5.048,0.04,0.03738604911,-0.21,0.04001617762,0.03730688779,-0.2099701262,8.614333335e-05
5.049,0.04,0.03742090429,-0.21,0.04001617177,0.0373417906,-0.2099701098,8.610416435e-05
5.05,0.04,0.03745546632,-0.21,0.04001616617,0.0373764039,-0.2099700933,8.606173593e-05
5.051,0.04,0.03748973545,-0.21,0.04001616077,0.0374107278,-0.2099700767,8.601617126e-05
5.052,0.04,0.03752371198,-0.21,0.04001615555,0.03744476254,-0.2099700602,8.596748748e-05
5.053,0.04,0.03755739618,-0.21,0.04001615052,0.03747850855,-0.2099700436,8.591557102e-05
5.054,0.04,0.03759078839,-0.21,0.04001614574,0.03751196642,-0.2099700269,8.586019618e-05
5.055,0.04,0.03762388892,-0.21,0.04001614125,0.03754513684,-0.2099700101,8.580107895e-05
5.056,0.04,0.03765669814,-0.21,0.04001613714,0.03757802048,-0.2099699931,8.573794718e-05
5.057,0.04,0.03768921641,-0.21,0.04001613342,0.03761061796,-0.2099699759,8.567060437e-05
5.058,0.04,0.03772144413,-0.21,0.04001613012,0.03764292978,-0.2099699584,8.55989673e-05
5.059,0.04,0.0377533817,-0.21,0.04001612721,0.0376749563,-0.2099699407,8.552306721e-05
5.06,0.04,0.03778502956,-0.21,0.04001612465,0.03770669781,-0.2099699227,8.5443016e-05
5.061,0.04,0.03781638816,-0.21,0.04001612241,0.03773815459,-0.2099699047,8.535895e-05
5.062,0.04,0.03784745797,-0.21,0.04001612043,0.03776932699,-0.2099698865,8.527097e-05
5.063,0.04,0.03787823948,-0.21,0.04001611872,0.03780021547,-0.2099698683,8.517909669e-05
5.064,0.04,0.03790873321,-0.21,0.04001611728,0.03783082064,-0.2099698499,8.508325447e-05
5.065,0.04,0.03793893969,-0.21,0.04001611615,0.03786114323,-0.2099698315,8.498328729e-05
5.066,0.04,0.03796885948,-0.21,0.04001611537,0.03789118405,-0.2099698128,8.487899981e-05
5.067,0.04,0.03799849315,-0.21,0.04001611498,0.03792094389,-0.2099697939,8.477020959e-05
5.068,0.04,0.0380278413,-0.21,0.04001611503,0.03795042352,-0.2099697747,8.465679348e-05
5.069,0.04,0.03805690455,-0.21,0.0400161155,0.0379796236,-0.2099697553,8.453871394e-05
5.07,0.04,0.03808568355,-0.21,0.04001611639,0.03800854474,-0.2099697357,8.441601802e-05
5.071,0.04,0.03811417896,-0.21,0.04001611766,0.03803718745,-0.2099697158,8.428881098e-05
5.072,0.04,0.03814239147,-0.21,0.04001611928,0.03806555229,-0.2099696958,8.415721402e-05
5.073,0.04,0.03817032178,-0.21,0.04001612122,0.03809363985,-0.2099696756,8.402132018e-05
5.074,0.04,0.03819797062,-0.21,0.04001612347,0.03812145082,-0.2099696553,8.388116248e-05
5.075,0.04,0.03822533875,-0.21,0.04001612604,0.03814898602,-0.2099696348,8.373670332e-05
5.076,0.04,0.03825242693,-0.21,0.04001612896,0.03817624633,-0.2099696141,8.358784761e-05
5.077,0.04,0.03827923598,-0.21,0.04001613226,0.03820323274,-0.2099695933,8.343447401e-05
5.078,0.04,0.0383057667,-0.21,0.04001613597,0.03822994619,-0.2099695722,8.327647364e-05
5.079,0.04,0.03833201993,-0.21,0.04001614011,0.03825638762,-0.2099695508,8.31137837e-05
5.08,0.04,0.03835799655,-0.21,0.04001614468,0.03828255791,-0.2099695292,8.294640581e-05
5.081,0.04,0.03838369743,-0.21,0.04001614967,0.03830845787,-0.2099695074,8.277440407e-05
5.082,0.04,0.03840912348,-0.21,0.04001615506,0.03833408829,-0.2099694853,8.259788456e-05
5.083,0.04,0.03843427563,-0.21,0.04001616081,0.03835944996,-0.2099694631,8.241696379e-05
5.084,0.04,0.03845915483,-0.21,0.0400161669,0.03838454374,-0.2099694406,8.223173635e-05
5.085,0.04,0.03848376206,-0.21,0.04001617333,0.03840937053,-0.2099694181,8.204225214e-05
5.086,0.04,0.03850809831,-0.21,0.0400161801,0.03843393137,-0.2099693953,8.184850954e-05
5.087,0.04,0.0385321646,-0.21,0.04001618723,0.03845822732,-0.2099693724,8.165046601e-05
5.088,0.04,0.03855596197,-0.21,0.04001619474,0.03848225954,-0.2099693492,8.144806162e-05
5.089,0.04,0.03857949147,-0.21,0.04001620267,0.03850602916,-0.2099693259,8.124124763e-05
5.09,0.04,0.03860275419,-0.21,0.040016211,0.03852953729,-0.2099693022,8.103001083e-05
5.091,0.04,0.03862575123,-0.21,0.04001621976,0.03855278502,-0.2099692784,8.081438619e-05
5.092,0.04,0.03864848371,-0.21,0.04001622892,0.03857577339,-0.2099692543,8.059445463e-05
5.093,0.04,0.03867095279,-0.21,0.04001623846,0.03859850343,-0.20996923,8.037032735e-05
5.094,0.04,0.03869315962,-0.21,0.04001624836,0.03862097616,-0.2099692055,8.014212228e-05
5.095,0.04,0.03871510539,-0.21,0.04001625861,0.03864319268,-0.2099691809,7.990994053e-05
5.096,0.04,0.03873679131,-0.21,0.04001626919,0.03866515411,-0.2099691561,7.967385013e-05
5.097,0.04,0.0387582186,-0.21,0.04001628011,0.03868686168,-0.2099691311,7.943388171e-05
5.098,0.04,0.03877938852,-0.21,0.04001629138,0.03870831665,-0.209969106,7.919003684e-05
5.099,0.04,0.03880030233,-0.21,0.04001630302,0.03872952033,-0.2099690806,7.894230567e-05
5.1,0.04,0.03882096131,-0.21,0.04001631504,0.03875047404,-0.2099690551,7.869068788e-05
5.101,0.04,0.03884136677,-0.21,0.04001632745,0.03877117908,-0.2099690293,7.843521017e-05
5.102,0.04,0.03886152004,-0.21,0.04001634024,0.03879163671,-0.2099690033,7.817593504e-05
5.103,0.04,0.03888142246,-0.21,0.0400163534,0.0388118482,-0.2099689771,7.791295852e-05
5.104,0.04,0.03890107539,-0.21,0.04001636692,0.03883181477,-0.2099689508,7.764639832e-05
5.105,0.04,0.03892048021,-0.21,0.04001638078,0.03885153769,-0.2099689243,7.737637643e-05
5.106,0.04,0.03893963833,-0.21,0.04001639496,0.03887101823,-0.2099688976,7.710300199e-05
5.107,0.04,0.03895855115,-0.21,0.04001640945,0.03889025775,-0.2099688708,7.682635979e-05
5.108,0.04,0.03897722012,-0.21,0.04001642425,0.03890925762,-0.2099688438,7.654650752e-05
5.109,0.04,0.03899564669,-0.21,0.04001643938,0.03892801929,-0.2099688167,7.626348228e-05
5.11,0.04,0.03901383231,-0.21,0.04001645483,0.03894654422,-0.2099687894,7.597731362e-05
5.111,0.04,0.03903177849,-0.21,0.04001647063,0.03896483389,-0.2099687619,7.568803883e-05
5.112,0.04,0.03904948671,-0.21,0.04001648677,0.03898288975,-0.2099687343,7.539571538e-05
5.113,0.04,0.03906695851,-0.21,0.04001650325,0.03900071326,-0.2099687065,7.510042702e-05
5.114,0.04,0.0390841954,-0.21,0.04001652005,0.03901830585,-0.2099686785,7.480228171e-05
5.115,0.04,0.03910119895,-0.21,0.04001653717,0.03903566893,-0.2099686504,7.450140267e-05
5.116,0.04,0.0391179707,-0.21,0.04001655458,0.03905280394,-0.2099686221,7.419791569e-05
5.117,0.04,0.03913451225,-0.21,0.04001657227,0.03906971235,-0.2099685938,7.389193676e-05
5.118,0.04,0.03915082518,-0.21,0.04001659023,0.03908639566,-0.2099685653,7.35835639e-05
5.119,0.04,0.03916691111,-0.21,0.04001660846,0.0391028554,-0.2099685367,7.327287552e-05
5.12,0.04,0.03918277164,-0.21,0.04001662697,0.03911909316,-0.209968508,7.295993532e-05
5.121,0.04,0.03919840842,-0.21,0.04001664577,0.03913511054,-0.2099684791,7.264480193e-05
5.122,0.04,0.03921382309,-0.21,0.04001666484,0.03915090914,-0.2099684502,7.232753985e-05
5.123,0.04,0.03922901731,-0.21,0.0400166842,0.03916649056,-0.2099684211,7.200822836e-05
5.124,0.04,0.03924399275,-0.21,0.04001670384,0.03918185638,-0.2099683919,7.16869656e-05
5.125,0.04,0.03925875109,-0.21,0.04001672375,0.03919700817,-0.2099683625,7.136386685e-05
5.126,0.04,0.03927329403,-0.21,0.0400167439,0.03921194751,-0.2099683331,7.103905787e-05
5.127,0.04,0.03928762328,-0.21,0.0400167643,0.03922667597,-0.2099683036,7.071266568e-05
5.128,0.04,0.03930174055,-0.21,0.04001678493,0.03924119514,-0.209968274,7.038480969e-05
5.129,0.04,0.03931564756,-0.21,0.04001680577,0.03925550667,-0.2099682443,7.005559599e-05
5.13,0.04,0.03932934605,-0.21,0.04001682683,0.0392696122,-0.2099682145,6.972511635e-05
5.131,0.04,0.03934283778,-0.21,0.04001684811,0.03928351342,-0.2099681847,6.939345188e-05
5.132,0.04,0.03935612448,-0.21,0.04001686961,0.03929721202,-0.2099681548,6.906067999e-05
5.133,0.04,0.03936920794,-0.21,0.04001689132,0.03931070971,-0.2099681248,6.872688227e-05
5.134,0.04,0.03938208991,-0.21,0.04001691325,0.03932400818,-0.2099680948,6.839215069e-05
5.135,0.04,0.03939477217,-0.21,0.04001693539,0.03933710912,-0.2099680647,6.805659033e-05
5.136,0.04,0.03940725652,-0.21,0.04001695773,0.0393500142,-0.2099680345,6.772031801e-05
5.137,0.04,0.03941954476,-0.21,0.04001698026,0.03936272509,-0.2099680043,6.738345737e-05
5.138,0.04,0.03943163866,-0.21,0.04001700297,0.03937524347,-0.209967974,6.704613223e-05
5.139,0.04,0.03944354006,-0.21,0.04001702583,0.03938757102,-0.2099679437,6.670846034e-05
5.14,0.04,0.03945525076,-0.21,0.04001704885,0.03939970947,-0.2099679134,6.637054936e-05
5.141,0.04,0.03946677257,-0.21,0.04001707203,0.03941166053,-0.209967883,6.603249629e-05
5.142,0.04,0.03947810732,-0.21,0.04001709535,0.03942342597,-0.2099678527,6.569439015e-05
5.143,0.04,0.03948925684,-0.21,0.04001711882,0.03943500753,-0.2099678223,6.535631697e-05
5.144,0.04,0.03950022297,-0.21,0.04001714244,0.03944640698,-0.2099677919,6.501836532e-05
5.145,0.04,0.03951100753,-0.21,0.04001716621,0.03945762607,-0.2099677614,6.468063063e-05
5.146,0.04,0.03952161236,-0.21,0.04001719011,0.03946866654,-0.209967731,6.434321695e-05
5.147,0.04,0.03953203932,-0.21,0.04001721414,0.03947953012,-0.2099677005,6.400623591e-05
5.148,0.04,0.03954229024,-0.21,0.04001723828,0.03949021854,-0.2099676701,6.366980308e-05
5.149,0.04,0.03955236697,-0.21,0.04001726253,0.03950073353,-0.2099676396,6.333403335e-05
5.15,0.04,0.03956227136,-0.21,0.04001728688,0.03951107683,-0.2099676092,6.299903643e-05
5.151,0.04,0.03957200526,-0.21,0.04001731131,0.03952125018,-0.2099675788,6.26649142e-05
5.152,0.04,0.03958157053,-0.21,0.04001733582,0.03953125536,-0.2099675485,6.233176029e-05
5.153,0.04,0.039590969,-0.21,0.04001736041,0.03954109413,-0.2099675181,6.199966208e-05
5.154,0.04,0.03960020255,-0.21,0.04001738509,0.03955076827,-0.2099674879,6.166870417e-05
5.155,0.04,0.03960927301,-0.21,0.04001740983,0.03956027955,-0.2099674576,6.133897221e-05
5.156,0.04,0.03961818225,-0.21,0.04001743465,0.03956962975,-0.2099674274,6.101055588e-05
5.157,0.04,0.0396269321,-0.21,0.04001745953,0.03957882062,-0.2099673972,6.068355001e-05
5.158,0.04,0.03963552443,-0.21,0.04001748446,0.0395878539,-0.209967367,6.035805372e-05
5.159,0.04,0.03964396107,-0.21,0.04001750944,0.03959673134,-0.209967337,6.003416793e-05
5.16,0.04,0.03965224387,-0.21,0.04001753445,0.03960545467,-0.209967307,5.971199199e-05
5.161,0.04,0.03966037468,-0.21,0.04001755949,0.03961402563,-0.209967277,5.939162071e-05
5.162,0.04,0.03966835534,-0.21,0.04001758455,0.03962244597,-0.2099672472,5.907314244e-05
5.163,0.04,0.03967618768,-0.21,0.04001760962,0.03963071744,-0.2099672174,5.875663893e-05
5.164,0.04,0.03968387354,-0.21,0.0400176347,0.0396388418,-0.2099671877,5.844218667e-05
5.165,0.04,0.03969141475,-0.21,0.04001765979,0.03964682081,-0.2099671581,5.812985936e-05
5.166,0.04,0.03969881312,-0.21,0.04001768489,0.03965465621,-0.2099671285,5.781973045e-05
5.167,0.04,0.03970607049,-0.21,0.04001770998,0.03966234975,-0.2099670991,5.751187519e-05
5.168,0.04,0.03971318867,-0.21,0.04001773507,0.03966990316,-0.2099670698,5.72063713e-05
5.169,0.04,0.03972016946,-0.21,0.04001776014,0.03967731815,-0.2099670405,5.690329835e-05
5.17,0.04,0.03972701467,-0.21,0.04001778519,0.03968459643,-0.2099670114,5.660273599e-05
5.171,0.04,0.03973372611,-0.21,0.04001781021,0.03969173971,-0.2099669824,5.630476166e-05
5.172,0.04,0.03974030556,-0.21,0.04001783519,0.03969874969,-0.2099669535,5.600944859e-05
5.173,0.04,0.03974675481,-0.21,0.04001786012,0.03970562807,-0.2099669247,5.571686451e-05
5.174,0.04,0.03975307563,-0.21,0.040017885,0.03971237656,-0.209966896,5.54270716e-05
5.175,0.04,0.03975926981,-0.21,0.04001790983,0.03971899686,-0.2099668675,5.514012746e-05
5.176,0.04,0.0397653391,-0.21,0.0400179346,0.03972549066,-0.2099668391,5.485608672e-05
5.177,0.04,0.03977128525,-0.21,0.04001795931,0.03973185967,-0.2099668109,5.457500283e-05
5.178,0.04,0.03977711002,-0.21,0.04001798396,0.03973810554,-0.2099667828,5.429692933e-05
5.179,0.04,0.03978281515,-0.21,0.04001800854,0.03974422995,-0.2099667548,5.402192033e-05
5.18,0.04,0.03978840236,-0.21,0.04001803304,0.03975023456,-0.209966727,5.375003003e-05
5.181,0.04,0.03979387338,-0.21,0.04001805746,0.03975612099,-0.2099666993,5.348131153e-05
5.182,0.04,0.03979922992,-0.21,0.04001808179,0.03976189089,-0.2099666718,5.32158153e-05
5.183,0.04,0.03980447368,-0.21,0.04001810602,0.03976754589,-0.2099666444,5.29535879e-05
5.184,0.04,0.03980960636,-0.21,0.04001813014,0.03977308761,-0.2099666173,5.269467112e-05
5.185,0.04,0.03981462963,-0.21,0.04001815416,0.03977851766,-0.2099665902,5.243910204e-05
5.186,0.04,0.03981954516,-0.21,0.04001817808,0.03978383767,-0.2099665634,5.218691366e-05
5.187,0.04,0.03982435463,-0.21,0.04001820188,0.03978904923,-0.2099665367,5.1938136e-05
5.188,0.04,0.03982905968,-0.21,0.04001822556,0.03979415395,-0.2099665102,5.169279731e-05
5.189,0.04,0.03983366195,-0.21,0.04001824913,0.03979915341,-0.2099664839,5.145092488e-05
5.19,0.04,0.03983816307,-0.21,0.04001827257,0.03980404917,-0.2099664578,5.121254534e-05
5.191,0.04,0.03984256465,-0.21,0.04001829588,0.0398088428,-0.2099664318,5.097768435e-05
5.192,0.04,0.03984686829,-0.21,0.04001831906,0.03981353583,-0.2099664061,5.074636587e-05
5.193,0.04,0.0398510756,-0.21,0.0400183421,0.0398181298,-0.2099663805,5.051861114e-05
5.194,0.04,0.03985518816,-0.21,0.040018365,0.03982262623,-0.2099663551,5.02944379e-05
5.195,0.04,0.03985920752,-0.21,0.04001838774,0.03982702663,-0.2099663299,5.007385989e-05
5.196,0.04,0.03986313525,-0.21,0.04001841034,0.03983133251,-0.209966305,4.985688694e-05
5.197,0.04,0.03986697288,-0.21,0.04001843278,0.03983554538,-0.2099662802,4.964352541e-05
5.198,0.04,0.03987072196,-0.21,0.04001845506,0.03983966672,-0.2099662556,4.943377895e-05
5.199,0.04,0.03987438399,-0.21,0.04001847719,0.03984369801,-0.2099662313,4.922764926e-05
5.2,0.04,0.03987796048,-0.21,0.04001849915,0.03984764071,-0.2099662071,4.902513668e-05
5.201,0.04,0.03988145291,-0.21,0.04001852095,0.03985149627,-0.2099661832,4.882624036e-05
5.202,0.04,0.03988486277,-0.21,0.04001854258,0.03985526612,-0.2099661595,4.863095809e-05
5.203,0.04,0.03988819152,-0.21,0.04001856403,0.03985895168,-0.209966136,4.843928586e-05
5.204,0.04,0.03989144061,-0.21,0.04001858531,0.03986255435,-0.2099661127,4.825121729e-05
5.205,0.04,0.03989461146,-0.21,0.04001860641,0.03986607554,-0.2099660896,4.806674313e-05
5.206,0.04,0.03989770551,-0.21,0.04001862732,0.03986951662,-0.2099660668,4.788585104e-05
5.207,0.04,0.03990072416,-0.21,0.04001864805,0.03987287898,-0.2099660442,4.770852569e-05
5.208,0.04,0.0399036688,-0.21,0.04001866859,0.03987616397,-0.2099660218,4.753474908e-05
5.209,0.04,0.0399065408,-0.21,0.04001868894,0.03987937295,-0.2099659996,4.736450106e-05
5.21,0.04,0.03990934154,-0.21,0.0400187091,0.03988250726,-0.2099659777,4.719775982e-05
5.211,0.04,0.03991207235,-0.21,0.04001872907,0.03988556821,-0.209965956,4.703450231e-05
5.212,0.04,0.03991473458,-0.21,0.04001874885,0.03988855713,-0.2099659345,4.687470436e-05
5.213,0.04,0.03991732953,-0.21,0.04001876843,0.03989147529,-0.2099659132,4.67183406e-05
5.214,0.04,0.03991985853,-0.21,0.04001878781,0.03989432399,-0.2099658922,4.656538424e-05
5.215,0.04,0.03992232284,-0.21,0.04001880698,0.03989710447,-0.2099658714,4.641580675e-05
5.216,0.04,0.03992472376,-0.21,0.04001882595,0.039899818,-0.2099658509,4.626957759e-05
5.217,0.04,0.03992706253,-0.21,0.04001884472,0.03990246582,-0.2099658306,4.61266642e-05
5.218,0.04,0.03992934039,-0.21,0.04001886328,0.03990504915,-0.2099658105,4.5987032e-05
5.219,0.04,0.03993155859,-0.21,0.04001888163,0.0399075692,-0.2099657907,4.585064471e-05
5.22,0.04,0.03993371833,-0.21,0.04001889977,0.03991002719,-0.2099657711,4.571746467e-05
5.221,0.04,0.0399358208,-0.21,0.04001891771,0.0399124243,-0.2099657518,4.558745318e-05
5.222,0.04,0.03993786719,-0.21,0.04001893543,0.0399147617,-0.2099657327,4.546057075e-05
5.223,0.04,0.03993985867,-0.21,0.04001895294,0.03991704055,-0.2099657138,4.533677722e-05
5.224,0.04,0.03994179639,-0.21,0.04001897024,0.039919262,-0.2099656952,4.521603176e-05
5.225,0.04,0.03994368149,-0.21,0.04001898733,0.03992142716,-0.2099656768,4.509829273e-05
5.226,0.04,0.03994551508,-0.21,0.0400190042,0.03992353716,-0.2099656587,4.498351754e-05
5.227,0.04,0.03994729827,-0.21,0.04001902085,0.03992559309,-0.2099656407,4.487166256e-05
5.228,0.04,0.03994903215,-0.21,0.04001903729,0.03992759603,-0.2099656231,4.476268312e-05
5.229,0.04,0.0399507178,-0.21,0.04001905351,0.03992954708,-0.2099656057,4.465653355e-05
5.23,0.04,0.03995235628,-0.21,0.04001906952,0.03993144728,-0.2099655885,4.455316742e-05
5.231,0.04,0.03995394862,-0.21,0.0400190853,0.03993329768,-0.2099655716,4.44525377e-05
5.232,0.04,0.03995549586,-0.21,0.04001910088,0.03993509932,-0.2099655549,4.435459706e-05
5.233,0.04,0.03995699901,-0.21,0.04001911623,0.03993685322,-0.2099655384,4.425929794e-05
5.234,0.04,0.03995845907,-0.21,0.04001913137,0.03993856037,-0.2099655222,4.41665927e-05
5.235,0.04,0.03995987703,-0.21,0.04001914629,0.03994022178,-0.2099655062,4.407643363e-05
5.236,0.04,0.03996125384,-0.21,0.040019161,0.0399418384,-0.2099654905,4.398877283e-05
5.237,0.04,0.03996259047,-0.21,0.04001917549,0.0399434112,-0.209965475,4.390356226e-05
5.238,0.04,0.03996388785,-0.21,0.04001918976,0.03994494114,-0.2099654597,4.382075362e-05
5.239,0.04,0.03996514691,-0.21,0.04001920382,0.03994642913,-0.2099654447,4.37402984e-05
5.24,0.04,0.03996636854,-0.21,0.04001921766,0.0399478761,-0.2099654299,4.366214796e-05
5.241,0.04,0.03996755365,-0.21,0.04001923128,0.03994928296,-0.2099654153,4.358625362e-05
5.242,0.04,0.03996870311,-0.21,0.04001924469,0.0399506506,-0.209965401,4.351256683e-05
5.243,0.04,0.03996981779,-0.21,0.04001925789,0.03995197991,-0.2099653869,4.344103924e-05
5.244,0.04,0.03997089853,-0.21,0.04001927088,0.03995327174,-0.209965373,4.337162286e-05
5.245,0.04,0.03997194617,-0.21,0.04001928365,0.03995452696,-0.2099653594,4.330427008e-05
5.246,0.04,0.03997296153,-0.21,0.04001929621,0.03995574639,-0.209965346,4.323893367e-05
5.247,0.04,0.03997394541,-0.21,0.04001930857,0.03995693086,-0.2099653328,4.317556678e-05
5.248,0.04,0.03997489861,-0.21,0.04001932071,0.03995808118,-0.2099653199,4.311412292e-05
5.249,0.04,0.0399758219,-0.21,0.04001933265,0.03995919815,-0.2099653071,4.305455594e-05
5.25,0.04,0.03997671604,-0.21,0.04001934438,0.03996028254,-0.2099652946,4.299682005e-05
5.251,0.04,0.03997758179,-0.21,0.0400193559,0.03996133515,-0.2099652824,4.29408699e-05
5.252,0.04,0.03997841987,-0.21,0.04001936722,0.03996235671,-0.2099652703,4.288666056e-05
5.253,0.04,0.03997923102,-0.21,0.04001937833,0.03996334798,-0.2099652585,4.283414768e-05
5.254,0.04,0.03998001593,-0.21,0.04001938925,0.0399643097,-0.2099652469,4.278328751e-05
5.255,0.04,0.0399807753,-0.21,0.04001939996,0.03996524258,-0.2099652354,4.273403694e-05
5.256,0.04,0.03998150982,-0.21,0.04001941048,0.03996614733,-0.2099652243,4.268635353e-05
5.257,0.04,0.03998222014,-0.21,0.04001942079,0.03996702464,-0.2099652133,4.264019554e-05
5.258,0.04,0.03998290692,-0.21,0.04001943092,0.0399678752,-0.2099652025,4.259552186e-05
5.259,0.04,0.03998357081,-0.21,0.04001944085,0.03996869968,-0.2099651919,4.255229206e-05
5.26,0.04,0.03998421243,-0.21,0.04001945058,0.03996949872,-0.2099651816,4.251046635e-05
5.261,0.04,0.0399848324,-0.21,0.04001946013,0.03997027298,-0.2099651714,4.24700056e-05
5.262,0.04,0.03998543132,-0.21,0.04001946948,0.03997102308,-0.2099651615,4.243087137e-05
5.263,0.04,0.03998600977,-0.21,0.04001947865,0.03997174966,-0.2099651518,4.239302592e-05
5.264,0.04,0.03998656835,-0.21,0.04001948763,0.03997245332,-0.2099651422,4.235643223e-05
5.265,0.04,0.03998710761,-0.21,0.04001949643,0.03997313465,-0.2099651329,4.232105405e-05
5.266,0.04,0.0399876281,-0.21,0.04001950505,0.03997379425,-0.2099651237,4.22868559e-05
5.267,0.04,0.03998813037,-0.21,0.04001951349,0.03997443269,-0.2099651147,4.225380305e-05
5.268,0.04,0.03998861495,-0.21,0.04001952175,0.03997505053,-0.209965106,4.222186153e-05
5.269,0.04,0.03998908236,-0.21,0.04001952983,0.03997564833,-0.2099650974,4.219099813e-05
5.27,0.04,0.0399895331,-0.21,0.04001953774,0.03997622661,-0.209965089,4.216118038e-05
5.271,0.04,0.03998996766,-0.21,0.04001954548,0.03997678591,-0.2099650808,4.213237652e-05
5.272,0.04,0.03999038653,-0.21,0.04001955305,0.03997732676,-0.2099650727,4.210455556e-05
5.273,0.04,0.03999079019,-0.21,0.04001956045,0.03997784965,-0.2099650649,4.207768721e-05
5.274,0.04,0.03999117909,-0.21,0.04001956768,0.03997835508,-0.2099650572,4.205174194e-05
5.275,0.04,0.03999155369,-0.21,0.04001957475,0.03997884355,-0.2099650497,4.202669096e-05
5.276,0.04,0.03999191443,-0.21,0.04001958166,0.03997931552,-0.2099650424,4.20025062e-05
5.277,0.04,0.03999226173,-0.21,0.04001958841,0.03997977147,-0.2099650352,4.197916034e-05
5.278,0.04,0.03999259602,-0.21,0.040019595,0.03998021185,-0.2099650282,4.195662674e-05
5.279,0.04,0.0399929177,-0.21,0.04001960144,0.0399806371,-0.2099650214,4.193487951e-05
5.28,0.04,0.03999322717,-0.21,0.04001960773,0.03998104767,-0.2099650147,4.191389343e-05
5.281,0.04,0.03999352483,-0.21,0.04001961386,0.03998144396,-0.2099650082,4.189364394e-05
5.282,0.04,0.03999381106,-0.21,0.04001961985,0.03998182642,-0.2099650018,4.18741072e-05
5.283,0.04,0.03999408622,-0.21,0.04001962569,0.03998219543,-0.2099649957,4.185526001e-05
5.284,0.04,0.03999435067,-0.21,0.04001963138,0.0399825514,-0.2099649896,4.183707983e-05
5.285,0.04,0.03999460476,-0.21,0.04001963694,0.03998289471,-0.2099649837,4.181954477e-05
5.286,0.04,0.03999484885,-0.21,0.04001964235,0.03998322575,-0.209964978,4.180263359e-05
5.287,0.04,0.03999508326,-0.21,0.04001964763,0.03998354488,-0.2099649724,4.178632567e-05
5.288,0.04,0.03999530831,-0.21,0.04001965277,0.03998385248,-0.2099649669,4.1770601e-05
5.289,0.04,0.03999552433,-0.21,0.04001965778,0.03998414888,-0.2099649616,4.175544015e-05
5.29,0.04,0.03999573162,-0.21,0.04001966266,0.03998443444,-0.2099649565,4.174082429e-05
5.291,0.04,0.03999593048,-0.21,0.04001966741,0.0399847095,-0.2099649514,4.172673513e-05
5.292,0.04,0.0399961212,-0.21,0.04001967203,0.03998497437,-0.2099649465,4.171315497e-05
5.293,0.04,0.03999630406,-0.21,0.04001967653,0.03998522937,-0.2099649417,4.170006664e-05
5.294,0.04,0.03999647934,-0.21,0.04001968091,0.03998547483,-0.2099649371,4.16874535e-05
5.295,0.04,0.03999664731,-0.21,0.04001968517,0.03998571104,-0.2099649326,4.167529944e-05
5.296,0.04,0.03999680822,-0.21,0.04001968931,0.03998593831,-0.2099649282,4.16635889e-05
5.297,0.04,0.03999696234,-0.21,0.04001969334,0.03998615691,-0.2099649239,4.165230678e-05
5.298,0.04,0.03999710989,-0.21,0.04001969725,0.03998636713,-0.2099649198,4.164143847e-05
5.299,0.04,0.03999725113,-0.21,0.04001970106,0.03998656924,-0.2099649158,4.163096984e-05
5.3,0.04,0.03999738629,-0.21,0.04001970475,0.03998676352,-0.2099649119,4.162088719e-05
5.301,0.04,0.03999751558,-0.21,0.04001970834,0.03998695022,-0.2099649081,4.161117728e-05
5.302,0.04,0.03999763923,-0.21,0.04001971182,0.03998712958,-0.2099649044,4.160182728e-05
5.303,0.04,0.03999775744,-0.21,0.0400197152,0.03998730187,-0.2099649008,4.159282478e-05
5.304,0.04,0.03999787042,-0.21,0.04001971848,0.03998746732,-0.2099648973,4.158415777e-05
5.305,0.04,0.03999797838,-0.21,0.04001972167,0.03998762615,-0.2099648939,4.157581467e-05
5.306,0.04,0.03999808149,-0.21,0.04001972475,0.0399877786,-0.2099648907,4.156778427e-05
5.307,0.04,0.03999817996,-0.21,0.04001972775,0.03998792488,-0.2099648875,4.156005573e-05
5.308,0.04,0.03999827395,-0.21,0.04001973065,0.03998806522,-0.2099648844,4.155261861e-05
5.309,0.04,0.03999836364,-0.21,0.04001973346,0.03998819981,-0.2099648815,4.154546279e-05
5.31,0.04,0.03999844921,-0.21,0.04001973619,0.03998832886,-0.2099648786,4.153857848e-05
5.311,0.04,0.03999853081,-0.21,0.04001973882,0.03998845257,-0.2099648758,4.153195623e-05
5.312,0.04,0.03999860861,-0.21,0.04001974138,0.03998857112,-0.2099648731,4.152558689e-05
5.313,0.04,0.03999868275,-0.21,0.04001974385,0.03998868471,-0.2099648705,4.151946161e-05
5.314,0.04,0.03999875339,-0.21,0.04001974624,0.0399887935,-0.2099648679,4.151357183e-05
5.315,0.04,0.03999882067,-0.21,0.04001974856,0.03998889768,-0.2099648655,4.15079093e-05
5.316,0.04,0.03999888472,-0.21,0.0400197508,0.0399889974,-0.2099648631,4.150246604e-05
5.317,0.04,0.03999894569,-0.21,0.04001975296,0.03998909285,-0.2099648608,4.149723434e-05
5.318,0.04,0.03999900369,-0.21,0.04001975505,0.03998918417,-0.2099648586,4.149220678e-05
5.319,0.04,0.03999905886,-0.21,0.04001975708,0.03998927152,-0.2099648565,4.148737616e-05
5.32,0.04,0.03999911131,-0.21,0.04001975903,0.03998935504,-0.2099648544,4.148273556e-05
5.321,0.04,0.03999916116,-0.21,0.04001976091,0.03998943489,-0.2099648524,4.147827826e-05
5.322,0.04,0.03999920852,-0.21,0.04001976273,0.0399895112,-0.2099648505,4.147399776e-05
5.323,0.04,0.0399992535,-0.21,0.04001976449,0.03998958411,-0.2099648486,4.146988778e-05
5.324,0.04,0.0399992962,-0.21,0.04001976618,0.03998965375,-0.2099648468,4.146594226e-05
5.325,0.04,0.03999933673,-0.21,0.04001976782,0.03998972025,-0.2099648451,4.146215532e-05
5.326,0.04,0.03999937518,-0.21,0.04001976939,0.03998978372,-0.2099648434,4.145852128e-05
5.327,0.04,0.03999941164,-0.21,0.04001977091,0.0399898443,-0.2099648418,4.145503468e-05
5.328,0.04,0.0399994462,-0.21,0.04001977237,0.03998990209,-0.2099648403,4.145169023e-05
5.329,0.04,0.03999947895,-0.21,0.04001977378,0.0399899572,-0.2099648388,4.144848282e-05
5.33,0.04,0.03999950998,-0.21,0.04001977514,0.03999000974,-0.2099648374,4.144540752e-05
5.331,0.04,0.03999953935,-0.21,0.04001977644,0.03999005982,-0.209964836,4.144245957e-05
5.332,0.04,0.03999956715,-0.21,0.0400197777,0.03999010754,-0.2099648347,4.143963434e-05
5.333,0.04,0.03999959345,-0.21,0.04001977891,0.03999015299,-0.2099648334,4.143692739e-05
5.334,0.04,0.03999961832,-0.21,0.04001978007,0.03999019626,-0.2099648321,4.143433438e-05
5.335,0.04,0.03999964184,-0.21,0.04001978119,0.03999023746,-0.209964831,4.143185113e-05
5.336,0.04,0.03999966405,-0.21,0.04001978226,0.03999027666,-0.2099648298,4.142947361e-05
5.337,0.04,0.03999968504,-0.21,0.04001978329,0.03999031395,-0.2099648287,4.14271979e-05
5.338,0.04,0.03999970485,-0.21,0.04001978428,0.0399903494,-0.2099648277,4.142502023e-05
5.339,0.04,0.03999972354,-0.21,0.04001978523,0.03999038311,-0.2099648267,4.142293696e-05
5.34,0.04,0.03999974117,-0.21,0.04001978614,0.03999041514,-0.2099648257,4.142094457e-05
5.341,0.04,0.0399997578,-0.21,0.04001978701,0.03999044557,-0.2099648248,4.141903966e-05
5.342,0.04,0.03999977347,-0.21,0.04001978785,0.03999047446,-0.2099648239,4.141721894e-05
5.343,0.04,0.03999978823,-0.21,0.04001978865,0.03999050188,-0.2099648231,4.141547923e-05
5.344,0.04,0.03999980212,-0.21,0.04001978942,0.03999052791,-0.2099648223,4.141381745e-05
5.345,0.04,0.0399998152,-0.21,0.04001979016,0.0399905526,-0.2099648215,4.141223062e-05
5.346,0.04,0.03999982751,-0.21,0.04001979086,0.03999057601,-0.2099648208,4.141071584e-05
5.347,0.04,0.03999983907,-0.21,0.04001979153,0.0399905982,-0.20996482,4.140927032e-05
5.348,0.04,0.03999984994,-0.21,0.04001979218,0.03999061922,-0.2099648194,4.140789137e-05
5.349,0.04,0.03999986015,-0.21,0.04001979279,0.03999063913,-0.2099648187,4.140657638e-05
5.35,0.04,0.03999986974,-0.21,0.04001979338,0.03999065798,-0.2099648181,4.140532284e-05
5.351,0.04,0.03999987874,-0.21,0.04001979395,0.03999067582,-0.2099648175,4.140412833e-05
5.352,0.04,0.03999988717,-0.21,0.04001979448,0.0399906927,-0.2099648169,4.140299049e-05
5.353,0.04,0.03999989508,-0.21,0.040019795,0.03999070866,-0.2099648164,4.140190707e-05
5.354,0.04,0.03999990249,-0.21,0.04001979548,0.03999072374,-0.2099648159,4.140087586e-05
5.355,0.04,0.03999990943,-0.21,0.04001979595,0.039990738,-0.2099648154,4.139989476e-05
5.356,0.04,0.03999991592,-0.21,0.04001979639,0.03999075146,-0.2099648149,4.139896169e-05
5.357,0.04,0.039999922,-0.21,0.04001979682,0.03999076417,-0.2099648145,4.139807469e-05
5.358,0.04,0.03999992768,-0.21,0.04001979722,0.03999077616,-0.2099648141,4.139723184e-05
5.359,0.04,0.03999993298,-0.21,0.0400197976,0.03999078747,-0.2099648137,4.139643127e-05
5.36,0.04,0.03999993794,-0.21,0.04001979797,0.03999079813,-0.2099648133,4.139567121e-05
5.361,0.04,0.03999994256,-0.21,0.04001979832,0.03999080818,-0.2099648129,4.139494995e-05
5.362,0.04,0.03999994688,-0.21,0.04001979865,0.03999081764,-0.2099648126,4.139426581e-05
5.363,0.04,0.0399999509,-0.21,0.04001979896,0.03999082656,-0.2099648122,4.139361721e-05
5.364,0.04,0.03999995464,-0.21,0.04001979926,0.03999083494,-0.2099648119,4.13930026e-05
5.365,0.04,0.03999995813,-0.21,0.04001979954,0.03999084283,-0.2099648116,4.13924205e-05
5.366,0.04,0.03999996138,-0.21,0.04001979981,0.03999085024,-0.2099648113,4.139186946e-05
5.367,0.04,0.0399999644,-0.21,0.04001980006,0.03999085721,-0.2099648111,4.139134809e-05
5.368,0.04,0.0399999672,-0.21,0.0400198003,0.03999086375,-0.2099648108,4.139085506e-05
5.369,0.04,0.03999996981,-0.21,0.04001980053,0.0399908699,-0.2099648106,4.139038907e-05
5.37,0.04,0.03999997223,-0.21,0.04001980074,0.03999087566,-0.2099648104,4.138994887e-05
5.371,0.04,0.03999997447,-0.21,0.04001980095,0.03999088106,-0.2099648101,4.138953328e-05
5.372,0.04,0.03999997655,-0.21,0.04001980114,0.03999088613,-0.2099648099,4.138914115e-05
5.373,0.04,0.03999997847,-0.21,0.04001980132,0.03999089087,-0.2099648098,4.138877136e-05
5.374,0.04,0.03999998026,-0.21,0.04001980149,0.03999089531,-0.2099648096,4.138842287e-05
5.375,0.04,0.03999998191,-0.21,0.04001980165,0.03999089947,-0.2099648094,4.138809464e-05
5.376,0.04,0.03999998343,-0.21,0.04001980181,0.03999090335,-0.2099648092,4.13877857e-05
5.377,0.04,0.03999998484,-0.21,0.04001980195,0.03999090698,-0.2099648091,4.13874951e-05
5.378,0.04,0.03999998614,-0.21,0.04001980209,0.03999091037,-0.209964809,4.138722192e-05
5.379,0.04,0.03999998734,-0.21,0.04001980221,0.03999091354,-0.2099648088,4.13869653e-05
5.38,0.04,0.03999998844,-0.21,0.04001980233,0.03999091649,-0.2099648087,4.13867244e-05
5.381,0.04,0.03999998946,-0.21,0.04001980245,0.03999091924,-0.2099648086,4.13864984e-05
5.382,0.04,0.03999999039,-0.21,0.04001980255,0.0399909218,-0.2099648085,4.138628654e-05
5.383,0.04,0.03999999125,-0.21,0.04001980265,0.03999092419,-0.2099648084,4.138608807e-05
5.384,0.04,0.03999999204,-0.21,0.04001980275,0.03999092641,-0.2099648083,4.13859023e-05
5.385,0.04,0.03999999277,-0.21,0.04001980283,0.03999092848,-0.2099648082,4.138572855e-05
5.386,0.04,0.03999999343,-0.21,0.04001980292,0.03999093039,-0.2099648081,4.138556617e-05
5.387,0.04,0.03999999404,-0.21,0.04001980299,0.03999093217,-0.209964808,4.138541454e-05
5.388,0.04,0.0399999946,-0.21,0.04001980307,0.03999093382,-0.2099648079,4.138527307e-05
5.389,0.04,0.03999999511,-0.21,0.04001980313,0.03999093535,-0.2099648079,4.138514119e-05
5.39,0.04,0.03999999558,-0.21,0.0400198032,0.03999093677,-0.2099648078,4.138501836e-05
5.391,0.04,0.03999999601,-0.21,0.04001980325,0.03999093808,-0.2099648077,4.138490406e-05
5.392,0.04,0.03999999639,-0.21,0.04001980331,0.0399909393,-0.2099648077,4.138479779e-05
5.393,0.04,0.03999999675,-0.21,0.04001980336,0.03999094042,-0.2099648076,4.138469908e-05
5.394,0.04,0.03999999707,-0.21,0.04001980341,0.03999094145,-0.2099648076,4.138460749e-05
5.395,0.04,0.03999999736,-0.21,0.04001980345,0.03999094241,-0.2099648075,4.138452258e-05
5.396,0.04,0.03999999763,-0.21,0.04001980349,0.03999094328,-0.2099648075,4.138444396e-05
5.397,0.04,0.03999999787,-0.21,0.04001980353,0.03999094409,-0.2099648075,4.138437124e-05
5.398,0.04,0.03999999809,-0.21,0.04001980356,0.03999094484,-0.2099648074,4.138430406e-05
5.399,0.04,0.03999999829,-0.21,0.0400198036,0.03999094552,-0.2099648074,4.138424206e-05
5.4,0.04,0.03999999847,-0.21,0.04001980363,0.03999094615,-0.2099648074,4.138418492e-05
5.401,0.04,0.03999999863,-0.21,0.04001980365,0.03999094672,-0.2099648073,4.138413231e-05
5.402,0.04,0.03999999878,-0.21,0.04001980368,0.03999094725,-0.2099648073,4.138408394e-05
5.403,0.04,0.03999999891,-0.21,0.0400198037,0.03999094773,-0.2099648073,4.138403953e-05
5.404,0.04,0.03999999903,-0.21,0.04001980373,0.03999094817,-0.2099648072,4.138399881e-05
5.405,0.04,0.03999999914,-0.21,0.04001980375,0.03999094857,-0.2099648072,4.138396152e-05
5.406,0.04,0.03999999924,-0.21,0.04001980377,0.03999094894,-0.2099648072,4.138392744e-05
5.407,0.04,0.03999999932,-0.21,0.04001980378,0.03999094927,-0.2099648072,4.138389633e-05
5.408,0.04,0.0399999994,-0.21,0.0400198038,0.03999094957,-0.2099648072,4.138386798e-05
5.409,0.04,0.03999999947,-0.21,0.04001980381,0.03999094985,-0.2099648072,4.13838422e-05
5.41,0.04,0.03999999953,-0.21,0.04001980382,0.0399909501,-0.2099648071,4.13838188e-05
5.411,0.04,0.03999999959,-0.21,0.04001980384,0.03999095032,-0.2099648071,4.13837976e-05
5.412,0.04,0.03999999964,-0.21,0.04001980385,0.03999095053,-0.2099648071,4.138377843e-05
5.413,0.04,0.03999999968,-0.21,0.04001980386,0.03999095071,-0.2099648071,4.138376114e-05
5.414,0.04,0.03999999972,-0.21,0.04001980387,0.03999095087,-0.2099648071,4.138374557e-05
5.415,0.04,0.03999999975,-0.21,0.04001980387,0.03999095102,-0.2099648071,4.138373159e-05
5.416,0.04,0.03999999979,-0.21,0.04001980388,0.03999095115,-0.2099648071,4.138371908e-05
5.417,0.04,0.03999999981,-0.21,0.04001980389,0.03999095127,-0.2099648071,4.13837079e-05
5.418,0.04,0.03999999984,-0.21,0.04001980389,0.03999095138,-0.2099648071,4.138369796e-05
5.419,0.04,0.03999999986,-0.21,0.0400198039,0.03999095147,-0.2099648071,4.138368914e-05
5.42,0.04,0.03999999988,-0.21,0.04001980391,0.03999095155,-0.2099648071,4.138368135e-05
5.421,0.04,0.03999999989,-0.21,0.04001980391,0.03999095163,-0.2099648071,4.13836745e-05
5.422,0.04,0.03999999991,-0.21,0.04001980391,0.03999095169,-0.2099648071,4.13836685e-05
5.423,0.04,0.03999999992,-0.21,0.04001980392,0.03999095175,-0.2099648071,4.138366328e-05
5.424,0.04,0.03999999993,-0.21,0.04001980392,0.0399909518,-0.2099648071,4.138365876e-05
5.425,0.04,0.03999999994,-0.21,0.04001980392,0.03999095184,-0.2099648071,4.138365487e-05
5.426,0.04,0.03999999995,-0.21,0.04001980392,0.03999095188,-0.2099648071,4.138365155e-05
5.427,0.04,0.03999999996,-0.21,0.04001980393,0.03999095191,-0.2099648071,4.138364874e-05
5.428,0.04,0.03999999996,-0.21,0.04001980393,0.03999095194,-0.209964807,4.138364639e-05
5.429,0.04,0.03999999997,-0.21,0.04001980393,0.03999095196,-0.209964807,4.138364446e-05
5.43,0.04,0.03999999997,-0.21,0.04001980393,0.03999095198,-0.209964807,4.138364289e-05
5.431,0.04,0.03999999998,-0.21,0.04001980393,0.039990952,-0.209964807,4.138364165e-05
5.432,0.04,0.03999999998,-0.21,0.04001980393,0.03999095201,-0.209964807,4.138364071e-05
5.433,0.04,0.03999999998,-0.21,0.04001980393,0.03999095202,-0.209964807,4.138364002e-05
5.434,0.04,0.03999999999,-0.21,0.04001980394,0.03999095203,-0.209964807,4.138363955e-05
5.435,0.04,0.03999999999,-0.21,0.04001980394,0.03999095204,-0.209964807,4.138363927e-05
5.436,0.04,0.03999999999,-0.21,0.04001980394,0.03999095204,-0.209964807,4.138363917e-05
5.437,0.04,0.03999999999,-0.21,0.04001980394,0.03999095204,-0.209964807,4.138363921e-05
5.438,0.04,0.03999999999,-0.21,0.04001980394,0.03999095204,-0.209964807,4.138363937e-05
5.439,0.04,0.03999999999,-0.21,0.04001980394,0.03999095205,-0.209964807,4.138363964e-05
5.44,0.04,0.04,-0.21,0.04001980394,0.03999095205,-0.209964807,4.138364e-05
5.441,0.04,0.04,-0.21,0.04001980394,0.03999095204,-0.209964807,4.138364043e-05
5.442,0.04,0.04,-0.21,0.04001980394,0.03999095204,-0.209964807,4.138364092e-05
5.443,0.04,0.04,-0.21,0.04001980394,0.03999095204,-0.209964807,4.138364146e-05
5.444,0.04,0.04,-0.21,0.04001980394,0.03999095204,-0.209964807,4.138364204e-05
5.445,0.04,0.04,-0.21,0.04001980394,0.03999095203,-0.209964807,4.138364264e-05
5.446,0.04,0.04,-0.21,0.04001980394,0.03999095203,-0.209964807,4.138364327e-05
5.447,0.04,0.04,-0.21,0.04001980394,0.03999095203,-0.209964807,4.13836439e-05
5.448,0.04,0.04,-0.21,0.04001980394,0.03999095202,-0.209964807,4.138364454e-05
5.449,0.04,0.04,-0.21,0.04001980394,0.03999095202,-0.209964807,4.138364518e-05
5.45,0.04,0.04,-0.21,0.04001980394,0.03999095201,-0.209964807,4.138364582e-05
5.451,0.04,0.04,-0.21,0.04001980394,0.03999095201,-0.209964807,4.138364644e-05
5.452,0.04,0.04,-0.21,0.04001980394,0.03999095201,-0.209964807,4.138364706e-05
5.453,0.04,0.04,-0.21,0.04001980394,0.039990952,-0.209964807,4.138364766e-05
5.454,0.04,0.04,-0.21,0.04001980394,0.039990952,-0.209964807,4.138364825e-05
5.455,0.04,0.04,-0.21,0.04001980394,0.039990952,-0.209964807,4.138364882e-05
5.456,0.04,0.04,-0.21,0.04001980394,0.03999095199,-0.209964807,4.138364936e-05
5.457,0.04,0.04,-0.21,0.04001980394,0.03999095199,-0.209964807,4.138364989e-05
5.458,0.04,0.04,-0.21,0.04001980394,0.03999095198,-0.209964807,4.13836504e-05
5.459,0.04,0.04,-0.21,0.04001980394,0.03999095198,-0.209964807,4.138365088e-05
5.46,0.04,0.04,-0.21,0.04001980394,0.03999095198,-0.209964807,4.138365135e-05
5.461,0.04,0.04,-0.21,0.04001980394,0.03999095197,-0.209964807,4.138365179e-05
5.462,0.04,0.04,-0.21,0.04001980394,0.03999095197,-0.209964807,4.138365221e-05
5.463,0.04,0.04,-0.21,0.04001980394,0.03999095197,-0.209964807,4.13836526e-05
5.464,0.04,0.04,-0.21,0.04001980394,0.03999095197,-0.209964807,4.138365298e-05
5.465,0.04,0.04,-0.21,0.04001980394,0.03999095196,-0.209964807,4.138365334e-05
5.466,0.04,0.04,-0.21,0.04001980394,0.03999095196,-0.209964807,4.138365368e-05
5.467,0.04,0.04,-0.21,0.04001980394,0.03999095196,-0.209964807,4.1383654e-05
5.468,0.04,0.04,-0.21,0.04001980393,0.03999095196,-0.209964807,4.13836543e-05
5.469,0.04,0.04,-0.21,0.04001980393,0.03999095196,-0.209964807,4.138365458e-05
5.47,0.04,0.04,-0.21,0.04001980393,0.03999095195,-0.209964807,4.138365485e-05
5.471,0.04,0.04,-0.21,0.04001980393,0.03999095195,-0.209964807,4.13836551e-05
5.472,0.04,0.04,-0.21,0.04001980393,0.03999095195,-0.209964807,4.138365533e-05
5.473,0.04,0.04,-0.21,0.04001980393,0.03999095195,-0.209964807,4.138365555e-05
5.474,0.04,0.04,-0.21,0.04001980393,0.03999095195,-0.209964807,4.138365576e-05
5.475,0.04,0.04,-0.21,0.04001980393,0.03999095195,-0.209964807,4.138365595e-05
5.476,0.04,0.04,-0.21,0.04001980393,0.03999095194,-0.209964807,4.138365613e-05
5.477,0.04,0.04,-0.21,0.04001980393,0.03999095194,-0.209964807,4.13836563e-05
5.478,0.04,0.04,-0.21,0.04001980393,0.03999095194,-0.209964807,4.138365646e-05
5.479,0.04,0.04,-0.21,0.04001980393,0.03999095194,-0.209964807,4.138365661e-05
5.48,0.04,0.04,-0.21,0.04001980393,0.03999095194,-0.209964807,4.138365675e-05
5.481,0.04,0.04,-0.21,0.04001980393,0.03999095194,-0.209964807,4.138365688e-05
5.482,0.04,0.04,-0.21,0.04001980393,0.03999095194,-0.209964807,4.1383657e-05
5.483,0.04,0.04,-0.21,0.04001980393,0.03999095194,-0.209964807,4.138365712e-05
5.484,0.04,0.04,-0.21,0.04001980393,0.03999095194,-0.209964807,4.138365722e-05
5.485,0.04,0.04,-0.21,0.04001980393,0.03999095194,-0.209964807,4.138365732e-05
5.486,0.04,0.04,-0.21,0.04001980393,0.03999095193,-0.209964807,4.138365742e-05
5.487,0.04,0.04,-0.21,0.04001980393,0.03999095193,-0.209964807,4.13836575e-05
5.488,0.04,0.04,-0.21,0.04001980393,0.03999095193,-0.209964807,4.138365758e-05
5.489,0.04,0.04,-0.21,0.04001980393,0.03999095193,-0.209964807,4.138365766e-05
5.49,0.04,0.04,-0.21,0.04001980393,0.03999095193,-0.209964807,4.138365773e-05
5.491,0.04,0.04,-0.21,0.04001980393,0.03999095193,-0.209964807,4.13836578e-05
5.492,0.04,0.04,-0.21,0.04001980393,0.03999095193,-0.209964807,4.138365786e-05
5.493,0.04,0.04,-0.21,0.04001980393,0.03999095193,-0.209964807,4.138365792e-05
5.494,0.04,0.04,-0.21,0.04001980393,0.03999095193,-0.209964807,4.138365797e-05
5.495,0.04,0.04,-0.21,0.04001980393,0.03999095193,-0.209964807,4.138365802e-05
5.496,0.04,0.04,-0.21,0.04001980393,0.03999095193,-0.209964807,4.138365807e-05
5.497,0.04,0.04,-0.21,0.04001980393,0.03999095193,-0.209964807,4.138365811e-05
5.498,0.04,0.04,-0.21,0.04001980393,0.03999095193,-0.209964807,4.138365816e-05
5.499,0.04,0.04,-0.21,0.04001980393,0.03999095193,-0.209964807,4.13836582e-05
5.5,0.04,0.04,-0.21,0.04001980393,0.03999095193,-0.209964807,4.138365823e-05
5.501,0.04,0.04,-0.21,0.04001980393,0.03999095193,-0.209964807,4.138365827e-05
5.502,0.04,0.04,-0.21,0.04001980393,0.03999095193,-0.209964807,4.13836583e-05
5.503,0.04,0.04,-0.21,0.04001980393,0.03999095193,-0.209964807,4.138365833e-05
5.504,0.04,0.04,-0.21,0.04001980393,0.03999095193,-0.209964807,4.138365836e-05
5.505,0.04,0.04,-0.21,0.04001980393,0.03999095193,-0.209964807,4.138365838e-05
5.506,0.04,0.04,-0.21,0.04001980393,0.03999095193,-0.209964807,4.138365841e-05
5.507,0.04,0.04,-0.21,0.04001980393,0.03999095193,-0.209964807,4.138365843e-05
5.508,0.04,0.04,-0.21,0.04001980393,0.03999095193,-0.209964807,4.138365845e-05
5.509,0.04,0.04,-0.21,0.04001980393,0.03999095193,-0.209964807,4.138365847e-05
5.51,0.04,0.04,-0.21,0.04001980393,0.03999095193,-0.209964807,4.138365849e-05
5.511,0.04,0.04,-0.21,0.04001980393,0.03999095193,-0.209964807,4.138365851e-05
5.512,0.04,0.04,-0.21,0.04001980393,0.03999095193,-0.209964807,4.138365853e-05
5.513,0.04,0.04,-0.21,0.04001980393,0.03999095193,-0.209964807,4.138365854e-05
5.514,0.04,0.04,-0.21,0.04001980393,0.03999095193,-0.209964807,4.138365856e-05
5.515,0.04,0.04,-0.21,0.04001980393,0.03999095193,-0.209964807,4.138365857e-05
5.516,0.04,0.04,-0.21,0.04001980393,0.03999095193,-0.209964807,4.138365858e-05
5.517,0.04,0.04,-0.21,0.04001980393,0.03999095193,-0.209964807,4.138365859e-05
5.518,0.04,0.04,-0.21,0.04001980393,0.03999095193,-0.209964807,4.138365861e-05
5.519,0.04,0.04,-0.21,0.04001980393,0.03999095193,-0.209964807,4.138365862e-05
5.52,0.04,0.04,-0.21,0.04001980393,0.03999095193,-0.209964807,4.138365863e-05
5.521,0.04,0.04,-0.21,0.04001980393,0.03999095193,-0.209964807,4.138365864e-05
5.522,0.04,0.04,-0.21,0.04001980393,0.03999095193,-0.209964807,4.138365865e-05
5.523,0.04,0.04,-0.21,0.04001980393,0.03999095193,-0.209964807,4.138365866e-05
5.524,0.04,0.04,-0.21,0.04001980393,0.03999095193,-0.209964807,4.138365866e-05
5.525,0.04,0.04,-0.21,0.04001980393,0.03999095193,-0.209964807,4.138365867e-05
5.526,0.04,0.04,-0.21,0.04001980393,0.03999095193,-0.209964807,4.138365868e-05
5.527,0.04,0.04,-0.21,0.04001980393,0.03999095193,-0.209964807,4.138365868e-05
5.528,0.04,0.04,-0.21,0.04001980393,0.03999095193,-0.209964807,4.138365869e-05
5.529,0.04,0.04,-0.21,0.04001980393,0.03999095193,-0.209964807,4.13836587e-05
5.53,0.04,0.04,-0.21,0.04001980393,0.03999095193,-0.209964807,4.13836587e-05
5.531,0.04,0.04,-0.21,0.04001980393,0.03999095193,-0.209964807,4.138365871e-05
5.532,0.04,0.04,-0.21,0.04001980393,0.03999095193,-0.209964807,4.138365871e-05
5.533,0.04,0.04,-0.21,0.04001980393,0.03999095193,-0.209964807,4.138365872e-05
5.534,0.04,0.04,-0.21,0.04001980393,0.03999095193,-0.209964807,4.138365872e-05
5.535,0.04,0.04,-0.21,0.04001980393,0.03999095193,-0.209964807,4.138365873e-05
5.536,0.04,0.04,-0.21,0.04001980393,0.03999095193,-0.209964807,4.138365873e-05
5.537,0.04,0.04,-0.21,0.04001980393,0.03999095193,-0.209964807,4.138365874e-05
5.538,0.04,0.04,-0.21,0.04001980393,0.03999095193,-0.209964807,4.138365874e-05
5.539,0.04,0.04,-0.21,0.04001980393,0.03999095193,-0.209964807,4.138365874e-05
5.54,0.04,0.04,-0.21,0.04001980393,0.03999095193,-0.209964807,4.138365875e-05
5.541,0.04,0.04,-0.21,0.04001980393,0.03999095193,-0.209964807,4.138365875e-05
5.542,0.04,0.04,-0.21,0.04001980393,0.03999095193,-0.209964807,4.138365876e-05
5.543,0.04,0.04,-0.21,0.04001980393,0.03999095193,-0.209964807,4.138365876e-05
5.544,0.04,0.04,-0.21,0.04001980393,0.03999095193,-0.209964807,4.138365876e-05
5.545,0.04,0.04,-0.21,0.04001980393,0.03999095193,-0.209964807,4.138365877e-05
5.546,0.04,0.04,-0.21,0.04001980393,0.03999095193,-0.209964807,4.138365877e-05
5.547,0.04,0.04,-0.21,0.04001980393,0.03999095193,-0.209964807,4.138365877e-05
5.548,0.04,0.04,-0.21,0.04001980393,0.03999095193,-0.209964807,4.138365877e-05
5.549,0.04,0.04,-0.21,0.04001980393,0.03999095193,-0.209964807,4.138365878e-05
5.55,0.04,0.04,-0.21,0.04001980393,0.03999095193,-0.209964807,4.138365878e-05
5.551,0.04,0.04,-0.21,0.04001980393,0.03999095193,-0.209964807,4.138365878e-05
5.552,0.04,0.04,-0.21,0.04001980393,0.03999095193,-0.209964807,4.138365878e-05
5.553,0.04,0.04,-0.21,0.04001980393,0.03999095193,-0.209964807,4.138365879e-05
5.554,0.04,0.04,-0.21,0.04001980393,0.03999095193,-0.209964807,4.138365879e-05
5.555,0.04,0.04,-0.21,0.04001980393,0.03999095193,-0.209964807,4.138365879e-05
5.556,0.04,0.04,-0.21,0.04001980393,0.03999095193,-0.209964807,4.138365879e-05
5.557,0.04,0.04,-0.21,0.04001980393,0.03999095193,-0.209964807,4.138365879e-05
5.558,0.04,0.04,-0.21,0.04001980393,0.03999095193,-0.209964807,4.13836588e-05
5.559,0.04,0.04,-0.21,0.04001980393,0.03999095193,-0.209964807,4.13836588e-05
5.56,0.04,0.04,-0.21,0.04001980393,0.03999095193,-0.209964807,4.13836588e-05
5.561,0.04,0.04,-0.21,0.04001980393,0.03999095193,-0.209964807,4.13836588e-05
5.562,0.04,0.04,-0.21,0.04001980393,0.03999095193,-0.209964807,4.13836588e-05
5.563,0.04,0.04,-0.21,0.04001980393,0.03999095193,-0.209964807,4.138365881e-05
5.564,0.04,0.04,-0.21,0.04001980393,0.03999095193,-0.209964807,4.138365881e-05
5.565,0.04,0.04,-0.21,0.04001980393,0.03999095193,-0.209964807,4.138365881e-05
5.566,0.04,0.04,-0.21,0.04001980393,0.03999095193,-0.209964807,4.138365881e-05
5.567,0.04,0.04,-0.21,0.04001980393,0.03999095193,-0.209964807,4.138365881e-05
5.568,0.04,0.04,-0.21,0.04001980393,0.03999095193,-0.209964807,4.138365882e-05
5.569,0.04,0.04,-0.21,0.04001980393,0.03999095193,-0.209964807,4.138365882e-05
5.57,0.04,0.04,-0.21,0.04001980393,0.03999095193,-0.209964807,4.138365882e-05
5.571,0.04,0.04,-0.21,0.04001980393,0.03999095193,-0.209964807,4.138365882e-05
5.572,0.04,0.04,-0.21,0.04001980393,0.03999095193,-0.209964807,4.138365882e-05
5.573,0.04,0.04,-0.21,0.04001980393,0.03999095193,-0.209964807,4.138365882e-05
5.574,0.04,0.04,-0.21,0.04001980393,0.03999095193,-0.209964807,4.138365883e-05
5.575,0.04,0.04,-0.21,0.04001980393,0.03999095193,-0.209964807,4.138365883e-05
5.576,0.04,0.04,-0.21,0.04001980393,0.03999095193,-0.209964807,4.138365883e-05
5.577,0.04,0.04,-0.21,0.04001980393,0.03999095193,-0.209964807,4.138365883e-05
5.578,0.04,0.04,-0.21,0.04001980393,0.03999095193,-0.209964807,4.138365883e-05
5.579,0.04,0.04,-0.21,0.04001980393,0.03999095193,-0.209964807,4.138365883e-05
5.58,0.04,0.04,-0.21,0.04001980393,0.03999095193,-0.209964807,4.138365884e-05
5.581,0.04,0.04,-0.21,0.04001980393,0.03999095193,-0.209964807,4.138365884e-05
5.582,0.04,0.04,-0.21,0.04001980393,0.03999095193,-0.209964807,4.138365884e-05
5.583,0.04,0.04,-0.21,0.04001980393,0.03999095193,-0.209964807,4.138365884e-05
5.584,0.04,0.04,-0.21,0.04001980393,0.03999095193,-0.209964807,4.138365884e-05
5.585,0.04,0.04,-0.21,0.04001980393,0.03999095193,-0.209964807,4.138365884e-05
5.586,0.04,0.04,-0.21,0.04001980393,0.03999095193,-0.209964807,4.138365884e-05
5.587,0.04,0.04,-0.21,0.04001980393,0.03999095193,-0.209964807,4.138365885e-05
5.588,0.04,0.04,-0.21,0.04001980393,0.03999095193,-0.209964807,4.138365885e-05
5.589,0.04,0.04,-0.21,0.04001980393,0.03999095193,-0.209964807,4.138365885e-05
5.59,0.04,0.04,-0.21,0.04001980393,0.03999095193,-0.209964807,4.138365885e-05
5.591,0.04,0.04,-0.21,0.04001980393,0.03999095193,-0.209964807,4.138365885e-05
5.592,0.04,0.04,-0.21,0.04001980393,0.03999095193,-0.209964807,4.138365885e-05
5.593,0.04,0.04,-0.21,0.04001980393,0.03999095193,-0.209964807,4.138365885e-05
5.594,0.04,0.04,-0.21,0.04001980393,0.03999095193,-0.209964807,4.138365886e-05
5.595,0.04,0.04,-0.21,0.04001980393,0.03999095193,-0.209964807,4.138365886e-05
5.596,0.04,0.04,-0.21,0.04001980393,0.03999095193,-0.209964807,4.138365886e-05
5.597,0.04,0.04,-0.21,0.04001980393,0.03999095193,-0.209964807,4.138365886e-05
5.598,0.04,0.04,-0.21,0.04001980393,0.03999095193,-0.209964807,4.138365886e-05
5.599,0.04,0.04,-0.21,0.04001980393,0.03999095193,-0.209964807,4.138365886e-05
5.6,0.04,0.04,-0.21,0.04001980393,0.03999095193,-0.209964807,4.138365887e-05
5.601,0.04,0.04,-0.21,0.04001980393,0.03999095193,-0.209964807,4.138365887e-05
5.602,0.04,0.04,-0.21,0.04001980393,0.03999095193,-0.209964807,4.138365887e-05
5.603,0.04,0.04,-0.21,0.04001980393,0.03999095193,-0.209964807,4.138365887e-05
5.604,0.04,0.04,-0.21,0.04001980393,0.03999095193,-0.209964807,4.138365887e-05
5.605,0.04,0.04,-0.21,0.04001980393,0.03999095193,-0.209964807,4.138365887e-05
5.606,0.04,0.04,-0.21,0.04001980393,0.03999095193,-0.209964807,4.138365887e-05
5.607,0.04,0.04,-0.21,0.04001980393,0.03999095193,-0.209964807,4.138365888e-05
5.608,0.04,0.04,-0.21,0.04001980393,0.03999095193,-0.209964807,4.138365888e-05
5.609,0.04,0.04,-0.21,0.04001980393,0.03999095193,-0.209964807,4.138365888e-05
5.61,0.04,0.04,-0.21,0.04001980393,0.03999095193,-0.209964807,4.138365888e-05
5.611,0.04,0.04,-0.21,0.04001980393,0.03999095193,-0.209964807,4.138365888e-05
5.612,0.04,0.04,-0.21,0.04001980393,0.03999095193,-0.209964807,4.138365888e-05
5.613,0.04,0.04,-0.21,0.04001980393,0.03999095193,-0.209964807,4.138365888e-05
5.614,0.04,0.04,-0.21,0.04001980393,0.03999095193,-0.209964807,4.138365889e-05
5.615,0.04,0.04,-0.21,0.04001980393,0.03999095193,-0.209964807,4.138365889e-05
5.616,0.04,0.04,-0.21,0.04001980393,0.03999095193,-0.209964807,4.138365889e-05
5.617,0.04,0.04,-0.21,0.04001980393,0.03999095193,-0.209964807,4.138365889e-05
5.618,0.04,0.04,-0.21,0.04001980393,0.03999095193,-0.209964807,4.138365889e-05
5.619,0.04,0.04,-0.21,0.04001980393,0.03999095193,-0.209964807,4.138365889e-05
5.62,0.04,0.04,-0.21,0.04001980393,0.03999095193,-0.209964807,4.138365889e-05
5.621,0.04,0.04,-0.21,0.04001980393,0.03999095193,-0.209964807,4.13836589e-05
5.622,0.04,0.04,-0.21,0.04001980393,0.03999095193,-0.209964807,4.13836589e-05
5.623,0.04,0.04,-0.21,0.04001980393,0.03999095193,-0.209964807,4.13836589e-05
5.624,0.04,0.04,-0.21,0.04001980393,0.03999095193,-0.209964807,4.13836589e-05
5.625,0.04,0.04,-0.21,0.04001980393,0.03999095193,-0.209964807,4.13836589e-05
5.626,0.04,0.04,-0.21,0.04001980393,0.03999095193,-0.209964807,4.13836589e-05
5.627,0.04,0.04,-0.21,0.04001980393,0.03999095193,-0.209964807,4.13836589e-05
5.628,0.04,0.04,-0.21,0.04001980393,0.03999095193,-0.209964807,4.138365891e-05
5.629,0.04,0.04,-0.21,0.04001980393,0.03999095193,-0.209964807,4.138365891e-05
5.63,0.04,0.04,-0.21,0.04001980393,0.03999095193,-0.209964807,4.138365891e-05
5.631,0.04,0.04,-0.21,0.04001980393,0.03999095193,-0.209964807,4.138365891e-05
5.632,0.04,0.04,-0.21,0.04001980393,0.03999095193,-0.209964807,4.138365891e-05
5.633,0.04,0.04,-0.21,0.04001980393,0.03999095193,-0.209964807,4.138365891e-05
5.634,0.04,0.04,-0.21,0.04001980393,0.03999095193,-0.209964807,4.138365891e-05
5.635,0.04,0.04,-0.21,0.04001980393,0.03999095193,-0.209964807,4.138365892e-05
5.636,0.04,0.04,-0.21,0.04001980393,0.03999095193,-0.209964807,4.138365892e-05
5.637,0.04,0.04,-0.21,0.04001980393,0.03999095193,-0.209964807,4.138365892e-05
5.638,0.04,0.04,-0.21,0.04001980393,0.03999095193,-0.209964807,4.138365892e-05
5.639,0.04,0.04,-0.21,0.04001980393,0.03999095193,-0.209964807,4.138365892e-05
5.64,0.04,0.04,-0.21,0.04001980393,0.03999095193,-0.209964807,4.138365892e-05
5.641,0.04,0.04,-0.21,0.04001980393,0.03999095193,-0.209964807,4.138365892e-05
5.642,0.04,0.04,-0.21,0.04001980393,0.03999095193,-0.209964807,4.138365893e-05
5.643,0.04,0.04,-0.21,0.04001980393,0.03999095193,-0.209964807,4.138365893e-05
5.644,0.04,0.04,-0.21,0.04001980393,0.03999095193,-0.209964807,4.138365893e-05
5.645,0.04,0.04,-0.21,0.04001980393,0.03999095193,-0.209964807,4.138365893e-05
5.646,0.04,0.04,-0.21,0.04001980393,0.03999095193,-0.209964807,4.138365893e-05
5.647,0.04,0.04,-0.21,0.04001980393,0.03999095193,-0.209964807,4.138365893e-05
5.648,0.04,0.04,-0.21,0.04001980393,0.03999095193,-0.209964807,4.138365893e-05
5.649,0.04,0.04,-0.21,0.04001980393,0.03999095193,-0.209964807,4.138365894e-05
5.65,0.04,0.04,-0.21,0.04001980393,0.03999095193,-0.209964807,4.138365894e-05
5.651,0.04,0.04,-0.21,0.04001980393,0.03999095193,-0.209964807,4.138365894e-05
5.652,0.04,0.04,-0.21,0.04001980393,0.03999095193,-0.209964807,4.138365894e-05
5.653,0.04,0.04,-0.21,0.04001980393,0.03999095193,-0.209964807,4.138365894e-05
5.654,0.04,0.04,-0.21,0.04001980393,0.03999095193,-0.209964807,4.138365894e-05
5.655,0.04,0.04,-0.21,0.04001980393,0.03999095193,-0.209964807,4.138365894e-05
5.656,0.04,0.04,-0.21,0.04001980393,0.03999095193,-0.209964807,4.138365895e-05
5.657,0.04,0.04,-0.21,0.04001980393,0.03999095193,-0.209964807,4.138365895e-05
5.658,0.04,0.04,-0.21,0.04001980393,0.03999095193,-0.209964807,4.138365895e-05
5.659,0.04,0.04,-0.21,0.04001980393,0.03999095193,-0.209964807,4.138365895e-05
5.66,0.04,0.04,-0.21,0.04001980393,0.03999095193,-0.209964807,4.138365895e-05
5.661,0.04,0.04,-0.21,0.04001980393,0.03999095193,-0.209964807,4.138365895e-05
5.662,0.04,0.04,-0.21,0.04001980393,0.03999095193,-0.209964807,4.138365895e-05
5.663,0.04,0.04,-0.21,0.04001980393,0.03999095193,-0.209964807,4.138365896e-05
5.664,0.04,0.04,-0.21,0.04001980393,0.03999095193,-0.209964807,4.138365896e-05
5.665,0.04,0.04,-0.21,0.04001980393,0.03999095193,-0.209964807,4.138365896e-05
5.666,0.04,0.04,-0.21,0.04001980393,0.03999095193,-0.209964807,4.138365896e-05
5.667,0.04,0.04,-0.21,0.04001980393,0.03999095193,-0.209964807,4.138365896e-05
5.668,0.04,0.04,-0.21,0.04001980393,0.03999095193,-0.209964807,4.138365896e-05
5.669,0.04,0.04,-0.21,0.04001980393,0.03999095193,-0.209964807,4.138365896e-05
5.67,0.04,0.04,-0.21,0.04001980393,0.03999095193,-0.209964807,4.138365897e-05
5.671,0.04,0.04,-0.21,0.04001980393,0.03999095193,-0.209964807,4.138365897e-05
5.672,0.04,0.04,-0.21,0.04001980393,0.03999095193,-0.209964807,4.138365897e-05
5.673,0.04,0.04,-0.21,0.04001980393,0.03999095193,-0.209964807,4.138365897e-05
5.674,0.04,0.04,-0.21,0.04001980393,0.03999095193,-0.209964807,4.138365897e-05
5.675,0.04,0.04,-0.21,0.04001980393,0.03999095193,-0.209964807,4.138365897e-05
5.676,0.04,0.04,-0.21,0.04001980393,0.03999095193,-0.209964807,4.138365897e-05
5.677,0.04,0.04,-0.21,0.04001980393,0.03999095193,-0.209964807,4.138365898e-05
5.678,0.04,0.04,-0.21,0.04001980393,0.03999095193,-0.209964807,4.138365898e-05
5.679,0.04,0.04,-0.21,0.04001980393,0.03999095193,-0.209964807,4.138365898e-05
5.68,0.04,0.04,-0.21,0.04001980393,0.03999095193,-0.209964807,4.138365898e-05
5.681,0.04,0.04,-0.21,0.04001980393,0.03999095193,-0.209964807,4.138365898e-05
5.682,0.04,0.04,-0.21,0.04001980393,0.03999095193,-0.209964807,4.138365898e-05
5.683,0.04,0.04,-0.21,0.04001980393,0.03999095193,-0.209964807,4.138365898e-05
5.684,0.04,0.04,-0.21,0.04001980393,0.03999095193,-0.209964807,4.138365899e-05
5.685,0.04,0.04,-0.21,0.04001980393,0.03999095193,-0.209964807,4.138365899e-05
5.686,0.04,0.04,-0.21,0.04001980393,0.03999095193,-0.209964807,4.138365899e-05
5.687,0.04,0.04,-0.21,0.04001980393,0.03999095193,-0.209964807,4.138365899e-05
5.688,0.04,0.04,-0.21,0.04001980393,0.03999095193,-0.209964807,4.138365899e-05
5.689,0.04,0.04,-0.21,0.04001980393,0.03999095193,-0.209964807,4.138365899e-05
5.69,0.04,0.04,-0.21,0.04001980393,0.03999095193,-0.209964807,4.138365899e-05
5.691,0.04,0.04,-0.21,0.04001980393,0.03999095193,-0.209964807,4.1383659e-05
5.692,0.04,0.04,-0.21,0.04001980393,0.03999095193,-0.209964807,4.1383659e-05
5.693,0.04,0.04,-0.21,0.04001980393,0.03999095193,-0.209964807,4.1383659e-05
5.694,0.04,0.04,-0.21,0.04001980393,0.03999095193,-0.209964807,4.1383659e-05
5.695,0.04,0.04,-0.21,0.04001980393,0.03999095193,-0.209964807,4.1383659e-05
5.696,0.04,0.04,-0.21,0.04001980393,0.03999095193,-0.209964807,4.1383659e-05
5.697,0.04,0.04,-0.21,0.04001980393,0.03999095193,-0.209964807,4.1383659e-05
5.698,0.04,0.04,-0.21,0.04001980393,0.03999095193,-0.209964807,4.138365901e-05
5.699,0.04,0.04,-0.21,0.04001980393,0.03999095193,-0.209964807,4.138365901e-05
5.7,0.04,0.04,-0.21,0.04001980393,0.03999095193,-0.209964807,4.138365901e-05
5.701,0.04,0.04,-0.21,0.04001980393,0.03999095193,-0.209964807,4.138365901e-05
5.702,0.04,0.04,-0.21,0.04001980393,0.03999095193,-0.209964807,4.138365901e-05
5.703,0.04,0.04,-0.21,0.04001980393,0.03999095193,-0.209964807,4.138365901e-05
5.704,0.04,0.04,-0.21,0.04001980393,0.03999095193,-0.209964807,4.138365901e-05
5.705,0.04,0.04,-0.21,0.04001980393,0.03999095193,-0.209964807,4.138365902e-05
5.706,0.04,0.04,-0.21,0.04001980393,0.03999095193,-0.209964807,4.138365902e-05
5.707,0.04,0.04,-0.21,0.04001980393,0.03999095193,-0.209964807,4.138365902e-05
5.708,0.04,0.04,-0.21,0.04001980393,0.03999095193,-0.209964807,4.138365902e-05
5.709,0.04,0.04,-0.21,0.04001980393,0.03999095193,-0.209964807,4.138365902e-05
5.71,0.04,0.04,-0.21,0.04001980393,0.03999095193,-0.209964807,4.138365902e-05
5.711,0.04,0.04,-0.21,0.04001980393,0.03999095193,-0.209964807,4.138365902e-05
5.712,0.04,0.04,-0.21,0.04001980393,0.03999095193,-0.209964807,4.138365903e-05
5.713,0.04,0.04,-0.21,0.04001980393,0.03999095193,-0.209964807,4.138365903e-05
5.714,0.04,0.04,-0.21,0.04001980393,0.03999095193,-0.209964807,4.138365903e-05
5.715,0.04,0.04,-0.21,0.04001980393,0.03999095193,-0.209964807,4.138365903e-05
5.716,0.04,0.04,-0.21,0.04001980393,0.03999095193,-0.209964807,4.138365903e-05
5.717,0.04,0.04,-0.21,0.04001980393,0.03999095193,-0.209964807,4.138365903e-05
5.718,0.04,0.04,-0.21,0.04001980393,0.03999095193,-0.209964807,4.138365903e-05
5.719,0.04,0.04,-0.21,0.04001980393,0.03999095193,-0.209964807,4.138365904e-05
5.72,0.04,0.04,-0.21,0.04001980393,0.03999095193,-0.209964807,4.138365904e-05
5.721,0.04,0.04,-0.21,0.04001980393,0.03999095193,-0.209964807,4.138365904e-05
5.722,0.04,0.04,-0.21,0.04001980393,0.03999095193,-0.209964807,4.138365904e-05
5.723,0.04,0.04,-0.21,0.04001980393,0.03999095193,-0.209964807,4.138365904e-05
5.724,0.04,0.04,-0.21,0.04001980393,0.03999095193,-0.209964807,4.138365904e-05
5.725,0.04,0.04,-0.21,0.04001980393,0.03999095193,-0.209964807,4.138365904e-05
5.726,0.04,0.04,-0.21,0.04001980393,0.03999095193,-0.209964807,4.138365905e-05
5.727,0.04,0.04,-0.21,0.04001980393,0.03999095193,-0.209964807,4.138365905e-05
5.728,0.04,0.04,-0.21,0.04001980393,0.03999095193,-0.209964807,4.138365905e-05
5.729,0.04,0.04,-0.21,0.04001980393,0.03999095193,-0.209964807,4.138365905e-05
5.73,0.04,0.04,-0.21,0.04001980393,0.03999095193,-0.209964807,4.138365905e-05
5.731,0.04,0.04,-0.21,0.04001980393,0.03999095193,-0.209964807,4.138365905e-05
5.732,0.04,0.04,-0.21,0.04001980393,0.03999095193,-0.209964807,4.138365905e-05
5.733,0.04,0.04,-0.21,0.04001980393,0.03999095193,-0.209964807,4.138365906e-05
5.734,0.04,0.04,-0.21,0.04001980393,0.03999095193,-0.209964807,4.138365906e-05
5.735,0.04,0.04,-0.21,0.04001980393,0.03999095193,-0.209964807,4.138365906e-05
5.736,0.04,0.04,-0.21,0.04001980393,0.03999095193,-0.209964807,4.138365906e-05
5.737,0.04,0.04,-0.21,0.04001980393,0.03999095193,-0.209964807,4.138365906e-05
5.738,0.04,0.04,-0.21,0.04001980393,0.03999095193,-0.209964807,4.138365906e-05
5.739,0.04,0.04,-0.21,0.04001980393,0.03999095193,-0.209964807,4.138365906e-05
5.74,0.04,0.04,-0.21,0.04001980393,0.03999095193,-0.209964807,4.138365907e-05
5.741,0.04,0.04,-0.21,0.04001980393,0.03999095193,-0.209964807,4.138365907e-05
5.742,0.04,0.04,-0.21,0.04001980393,0.03999095193,-0.209964807,4.138365907e-05
5.743,0.04,0.04,-0.21,0.04001980393,0.03999095193,-0.209964807,4.138365907e-05
5.744,0.04,0.04,-0.21,0.04001980393,0.03999095193,-0.209964807,4.138365907e-05
5.745,0.04,0.04,-0.21,0.04001980393,0.03999095193,-0.209964807,4.138365907e-05
5.746,0.04,0.04,-0.21,0.04001980393,0.03999095193,-0.209964807,4.138365907e-05
5.747,0.04,0.04,-0.21,0.04001980393,0.03999095193,-0.209964807,4.138365908e-05
5.748,0.04,0.04,-0.21,0.04001980393,0.03999095193,-0.209964807,4.138365908e-05
5.749,0.04,0.04,-0.21,0.04001980393,0.03999095193,-0.209964807,4.138365908e-05
5.75,0.04,0.04,-0.21,0.04001980393,0.03999095193,-0.209964807,4.138365908e-05
5.751,0.04,0.04,-0.21,0.04001980393,0.03999095193,-0.209964807,4.138365908e-05
5.752,0.04,0.04,-0.21,0.04001980393,0.03999095193,-0.209964807,4.138365908e-05
5.753,0.04,0.04,-0.21,0.04001980393,0.03999095193,-0.209964807,4.138365908e-05
5.754,0.04,0.04,-0.21,0.04001980393,0.03999095193,-0.209964807,4.138365909e-05
5.755,0.04,0.04,-0.21,0.04001980393,0.03999095193,-0.209964807,4.138365909e-05
5.756,0.04,0.04,-0.21,0.04001980393,0.03999095193,-0.209964807,4.138365909e-05
5.757,0.04,0.04,-0.21,0.04001980393,0.03999095193,-0.209964807,4.138365909e-05
5.758,0.04,0.04,-0.21,0.04001980393,0.03999095193,-0.209964807,4.138365909e-05
5.759,0.04,0.04,-0.21,0.04001980393,0.03999095193,-0.209964807,4.138365909e-05
5.76,0.04,0.04,-0.21,0.04001980393,0.03999095193,-0.209964807,4.138365909e-05
5.761,0.04,0.04,-0.21,0.04001980393,0.03999095193,-0.209964807,4.13836591e-05
5.762,0.04,0.04,-0.21,0.04001980393,0.03999095193,-0.209964807,4.13836591e-05
5.763,0.04,0.04,-0.21,0.04001980393,0.03999095193,-0.209964807,4.13836591e-05
5.764,0.04,0.04,-0.21,0.04001980393,0.03999095193,-0.209964807,4.13836591e-05
5.765,0.04,0.04,-0.21,0.04001980393,0.03999095193,-0.209964807,4.13836591e-05
5.766,0.04,0.04,-0.21,0.04001980393,0.03999095193,-0.209964807,4.13836591e-05
5.767,0.04,0.04,-0.21,0.04001980393,0.03999095193,-0.209964807,4.13836591e-05
5.768,0.04,0.04,-0.21,0.04001980393,0.03999095193,-0.209964807,4.138365911e-05
5.769,0.04,0.04,-0.21,0.04001980393,0.03999095193,-0.209964807,4.138365911e-05
5.77,0.04,0.04,-0.21,0.04001980393,0.03999095193,-0.209964807,4.138365911e-05
5.771,0.04,0.04,-0.21,0.04001980393,0.03999095193,-0.209964807,4.138365911e-05
5.772,0.04,0.04,-0.21,0.04001980393,0.03999095193,-0.209964807,4.138365911e-05
5.773,0.04,0.04,-0.21,0.04001980393,0.03999095193,-0.209964807,4.138365911e-05
5.774,0.04,0.04,-0.21,0.04001980393,0.03999095193,-0.209964807,4.138365911e-05
5.775,0.04,0.04,-0.21,0.04001980393,0.03999095193,-0.209964807,4.138365912e-05
5.776,0.04,0.04,-0.21,0.04001980393,0.03999095193,-0.209964807,4.138365912e-05
5.777,0.04,0.04,-0.21,0.04001980393,0.03999095193,-0.209964807,4.138365912e-05
5.778,0.04,0.04,-0.21,0.04001980393,0.03999095193,-0.209964807,4.138365912e-05
5.779,0.04,0.04,-0.21,0.04001980393,0.03999095193,-0.209964807,4.138365912e-05
5.78,0.04,0.04,-0.21,0.04001980393,0.03999095193,-0.209964807,4.138365912e-05
5.781,0.04,0.04,-0.21,0.04001980393,0.03999095193,-0.209964807,4.138365912e-05
5.782,0.04,0.04,-0.21,0.04001980393,0.03999095193,-0.209964807,4.138365913e-05
5.783,0.04,0.04,-0.21,0.04001980393,0.03999095193,-0.209964807,4.138365913e-05
5.784,0.04,0.04,-0.21,0.04001980393,0.03999095193,-0.209964807,4.138365913e-05
5.785,0.04,0.04,-0.21,0.04001980393,0.03999095193,-0.209964807,4.138365913e-05
5.786,0.04,0.04,-0.21,0.04001980393,0.03999095193,-0.209964807,4.138365913e-05
5.787,0.04,0.04,-0.21,0.04001980393,0.03999095193,-0.209964807,4.138365913e-05
5.788,0.04,0.04,-0.21,0.04001980393,0.03999095193,-0.209964807,4.138365913e-05
5.789,0.04,0.04,-0.21,0.04001980393,0.03999095193,-0.209964807,4.138365914e-05
5.79,0.04,0.04,-0.21,0.04001980393,0.03999095193,-0.209964807,4.138365914e-05
5.791,0.04,0.04,-0.21,0.04001980393,0.03999095193,-0.209964807,4.138365914e-05
5.792,0.04,0.04,-0.21,0.04001980393,0.03999095193,-0.209964807,4.138365914e-05
5.793,0.04,0.04,-0.21,0.04001980393,0.03999095193,-0.209964807,4.138365914e-05
5.794,0.04,0.04,-0.21,0.04001980393,0.03999095193,-0.209964807,4.138365914e-05
5.795,0.04,0.04,-0.21,0.04001980393,0.03999095193,-0.209964807,4.138365914e-05
5.796,0.04,0.04,-0.21,0.04001980393,0.03999095193,-0.209964807,4.138365915e-05
5.797,0.04,0.04,-0.21,0.04001980393,0.03999095193,-0.209964807,4.138365915e-05
5.798,0.04,0.04,-0.21,0.04001980393,0.03999095193,-0.209964807,4.138365915e-05
5.799,0.04,0.04,-0.21,0.04001980393,0.03999095193,-0.209964807,4.138365915e-05
5.8,0.04,0.04,-0.21,0.04001980393,0.03999095193,-0.209964807,4.138365915e-05
5.801,0.04,0.04,-0.21,0.04001980393,0.03999095193,-0.209964807,4.138365915e-05
5.802,0.04,0.04,-0.21,0.04001980393,0.03999095193,-0.209964807,4.138365915e-05
5.803,0.04,0.04,-0.21,0.04001980393,0.03999095193,-0.209964807,4.138365916e-05
5.804,0.04,0.04,-0.21,0.04001980393,0.03999095193,-0.209964807,4.138365916e-05
5.805,0.04,0.04,-0.21,0.04001980393,0.03999095193,-0.209964807,4.138365916e-05
5.806,0.04,0.04,-0.21,0.04001980393,0.03999095193,-0.209964807,4.138365916e-05
5.807,0.04,0.04,-0.21,0.04001980393,0.03999095193,-0.209964807,4.138365916e-05
5.808,0.04,0.04,-0.21,0.04001980393,0.03999095193,-0.209964807,4.138365916e-05
5.809,0.04,0.04,-0.21,0.04001980393,0.03999095193,-0.209964807,4.138365916e-05
5.81,0.04,0.04,-0.21,0.04001980393,0.03999095193,-0.209964807,4.138365917e-05
5.811,0.04,0.04,-0.21,0.04001980393,0.03999095193,-0.209964807,4.138365917e-05
5.812,0.04,0.04,-0.21,0.04001980393,0.03999095193,-0.209964807,4.138365917e-05
5.813,0.04,0.04,-0.21,0.04001980393,0.03999095193,-0.209964807,4.138365917e-05
5.814,0.04,0.04,-0.21,0.04001980393,0.03999095193,-0.209964807,4.138365917e-05
5.815,0.04,0.04,-0.21,0.04001980393,0.03999095193,-0.209964807,4.138365917e-05
5.816,0.04,0.04,-0.21,0.04001980393,0.03999095193,-0.209964807,4.138365917e-05
5.817,0.04,0.04,-0.21,0.04001980393,0.03999095193,-0.209964807,4.138365918e-05
5.818,0.04,0.04,-0.21,0.04001980393,0.03999095193,-0.209964807,4.138365918e-05
5.819,0.04,0.04,-0.21,0.04001980393,0.03999095193,-0.209964807,4.138365918e-05
5.82,0.04,0.04,-0.21,0.04001980393,0.03999095193,-0.209964807,4.138365918e-05
5.821,0.04,0.04,-0.21,0.04001980393,0.03999095193,-0.209964807,4.138365918e-05
5.822,0.04,0.04,-0.21,0.04001980393,0.03999095193,-0.209964807,4.138365918e-05
5.823,0.04,0.04,-0.21,0.04001980393,0.03999095193,-0.209964807,4.138365918e-05
5.824,0.04,0.04,-0.21,0.04001980393,0.03999095193,-0.209964807,4.138365919e-05
5.825,0.04,0.04,-0.21,0.04001980393,0.03999095193,-0.209964807,4.138365919e-05
5.826,0.04,0.04,-0.21,0.04001980393,0.03999095193,-0.209964807,4.138365919e-05
5.827,0.04,0.04,-0.21,0.04001980393,0.03999095193,-0.209964807,4.138365919e-05
5.828,0.04,0.04,-0.21,0.04001980393,0.03999095193,-0.209964807,4.138365919e-05
5.829,0.04,0.04,-0.21,0.04001980393,0.03999095193,-0.209964807,4.138365919e-05
5.83,0.04,0.04,-0.21,0.04001980393,0.03999095193,-0.209964807,4.138365919e-05
5.831,0.04,0.04,-0.21,0.04001980393,0.03999095193,-0.209964807,4.13836592e-05
5.832,0.04,0.04,-0.21,0.04001980393,0.03999095193,-0.209964807,4.13836592e-05
5.833,0.04,0.04,-0.21,0.04001980393,0.03999095193,-0.209964807,4.13836592e-05
5.834,0.04,0.04,-0.21,0.04001980393,0.03999095193,-0.209964807,4.13836592e-05
5.835,0.04,0.04,-0.21,0.04001980393,0.03999095193,-0.209964807,4.13836592e-05
5.836,0.04,0.04,-0.21,0.04001980393,0.03999095193,-0.209964807,4.13836592e-05
5.837,0.04,0.04,-0.21,0.04001980393,0.03999095193,-0.209964807,4.13836592e-05
5.838,0.04,0.04,-0.21,0.04001980393,0.03999095193,-0.209964807,4.138365921e-05
5.839,0.04,0.04,-0.21,0.04001980393,0.03999095193,-0.209964807,4.138365921e-05
5.84,0.04,0.04,-0.21,0.04001980393,0.03999095193,-0.209964807,4.138365921e-05
5.841,0.04,0.04,-0.21,0.04001980393,0.03999095193,-0.209964807,4.138365921e-05
5.842,0.04,0.04,-0.21,0.04001980393,0.03999095193,-0.209964807,4.138365921e-05
5.843,0.04,0.04,-0.21,0.04001980393,0.03999095193,-0.209964807,4.138365921e-05
5.844,0.04,0.04,-0.21,0.04001980393,0.03999095193,-0.209964807,4.138365921e-05
5.845,0.04,0.04,-0.21,0.04001980393,0.03999095193,-0.209964807,4.138365922e-05
5.846,0.04,0.04,-0.21,0.04001980393,0.03999095193,-0.209964807,4.138365922e-05
5.847,0.04,0.04,-0.21,0.04001980393,0.03999095193,-0.209964807,4.138365922e-05
5.848,0.04,0.04,-0.21,0.04001980393,0.03999095193,-0.209964807,4.138365922e-05
5.849,0.04,0.04,-0.21,0.04001980393,0.03999095193,-0.209964807,4.138365922e-05
5.85,0.04,0.04,-0.21,0.04001980393,0.03999095193,-0.209964807,4.138365922e-05
5.851,0.04,0.04,-0.21,0.04001980393,0.03999095193,-0.209964807,4.138365922e-05
5.852,0.04,0.04,-0.21,0.04001980393,0.03999095193,-0.209964807,4.138365923e-05
5.853,0.04,0.04,-0.21,0.04001980393,0.03999095193,-0.209964807,4.138365923e-05
5.854,0.04,0.04,-0.21,0.04001980393,0.03999095193,-0.209964807,4.138365923e-05
5.855,0.04,0.04,-0.21,0.04001980393,0.03999095193,-0.209964807,4.138365923e-05
5.856,0.04,0.04,-0.21,0.04001980393,0.03999095193,-0.209964807,4.138365923e-05
5.857,0.04,0.04,-0.21,0.04001980393,0.03999095193,-0.209964807,4.138365923e-05
5.858,0.04,0.04,-0.21,0.04001980393,0.03999095193,-0.209964807,4.138365923e-05
5.859,0.04,0.04,-0.21,0.04001980393,0.03999095193,-0.209964807,4.138365924e-05
5.86,0.04,0.04,-0.21,0.04001980393,0.03999095193,-0.209964807,4.138365924e-05
5.861,0.04,0.04,-0.21,0.04001980393,0.03999095193,-0.209964807,4.138365924e-05
5.862,0.04,0.04,-0.21,0.04001980393,0.03999095193,-0.209964807,4.138365924e-05
5.863,0.04,0.04,-0.21,0.04001980393,0.03999095193,-0.209964807,4.138365924e-05
5.864,0.04,0.04,-0.21,0.04001980393,0.03999095193,-0.209964807,4.138365924e-05
5.865,0.04,0.04,-0.21,0.04001980393,0.03999095193,-0.209964807,4.138365924e-05
5.866,0.04,0.04,-0.21,0.04001980393,0.03999095193,-0.209964807,4.138365925e-05
5.867,0.04,0.04,-0.21,0.04001980393,0.03999095193,-0.209964807,4.138365925e-05
5.868,0.04,0.04,-0.21,0.04001980393,0.03999095193,-0.209964807,4.138365925e-05
5.869,0.04,0.04,-0.21,0.04001980393,0.03999095193,-0.209964807,4.138365925e-05
5.87,0.04,0.04,-0.21,0.04001980393,0.03999095193,-0.209964807,4.138365925e-05
5.871,0.04,0.04,-0.21,0.04001980393,0.03999095193,-0.209964807,4.138365925e-05
5.872,0.04,0.04,-0.21,0.04001980393,0.03999095193,-0.209964807,4.138365925e-05
5.873,0.04,0.04,-0.21,0.04001980393,0.03999095193,-0.209964807,4.138365926e-05
5.874,0.04,0.04,-0.21,0.04001980393,0.03999095193,-0.209964807,4.138365926e-05
5.875,0.04,0.04,-0.21,0.04001980393,0.03999095193,-0.209964807,4.138365926e-05
5.876,0.04,0.04,-0.21,0.04001980393,0.03999095193,-0.209964807,4.138365926e-05
5.877,0.04,0.04,-0.21,0.04001980393,0.03999095193,-0.209964807,4.138365926e-05
5.878,0.04,0.04,-0.21,0.04001980393,0.03999095193,-0.209964807,4.138365926e-05
5.879,0.04,0.04,-0.21,0.04001980393,0.03999095193,-0.209964807,4.138365926e-05
5.88,0.04,0.04,-0.21,0.04001980393,0.03999095193,-0.209964807,4.138365927e-05
5.881,0.04,0.04,-0.21,0.04001980393,0.03999095193,-0.209964807,4.138365927e-05
5.882,0.04,0.04,-0.21,0.04001980393,0.03999095193,-0.209964807,4.138365927e-05
5.883,0.04,0.04,-0.21,0.04001980393,0.03999095193,-0.209964807,4.138365927e-05
5.884,0.04,0.04,-0.21,0.04001980393,0.03999095193,-0.209964807,4.138365927e-05
5.885,0.04,0.04,-0.21,0.04001980393,0.03999095193,-0.209964807,4.138365927e-05
5.886,0.04,0.04,-0.21,0.04001980393,0.03999095193,-0.209964807,4.138365927e-05
5.887,0.04,0.04,-0.21,0.04001980393,0.03999095193,-0.209964807,4.138365928e-05
5.888,0.04,0.04,-0.21,0.04001980393,0.03999095193,-0.209964807,4.138365928e-05
5.889,0.04,0.04,-0.21,0.04001980393,0.03999095193,-0.209964807,4.138365928e-05
5.89,0.04,0.04,-0.21,0.04001980393,0.03999095193,-0.209964807,4.138365928e-05
5.891,0.04,0.04,-0.21,0.04001980393,0.03999095193,-0.209964807,4.138365928e-05
5.892,0.04,0.04,-0.21,0.04001980393,0.03999095193,-0.209964807,4.138365928e-05
5.893,0.04,0.04,-0.21,0.04001980393,0.03999095193,-0.209964807,4.138365928e-05
5.894,0.04,0.04,-0.21,0.04001980393,0.03999095193,-0.209964807,4.138365929e-05
5.895,0.04,0.04,-0.21,0.04001980393,0.03999095193,-0.209964807,4.138365929e-05
5.896,0.04,0.04,-0.21,0.04001980393,0.03999095193,-0.209964807,4.138365929e-05
5.897,0.04,0.04,-0.21,0.04001980393,0.03999095193,-0.209964807,4.138365929e-05
5.898,0.04,0.04,-0.21,0.04001980393,0.03999095193,-0.209964807,4.138365929e-05
5.899,0.04,0.04,-0.21,0.04001980393,0.03999095193,-0.209964807,4.138365929e-05
5.9,0.04,0.04,-0.21,0.04001980393,0.03999095193,-0.209964807,4.138365929e-05
5.901,0.04,0.04,-0.21,0.04001980393,0.03999095193,-0.209964807,4.13836593e-05
5.902,0.04,0.04,-0.21,0.04001980393,0.03999095193,-0.209964807,4.13836593e-05
5.903,0.04,0.04,-0.21,0.04001980393,0.03999095193,-0.209964807,4.13836593e-05
5.904,0.04,0.04,-0.21,0.04001980393,0.03999095193,-0.209964807,4.13836593e-05
5.905,0.04,0.04,-0.21,0.04001980393,0.03999095193,-0.209964807,4.13836593e-05
5.906,0.04,0.04,-0.21,0.04001980393,0.03999095193,-0.209964807,4.13836593e-05
5.907,0.04,0.04,-0.21,0.04001980393,0.03999095193,-0.209964807,4.13836593e-05
5.908,0.04,0.04,-0.21,0.04001980393,0.03999095193,-0.209964807,4.138365931e-05
5.909,0.04,0.04,-0.21,0.04001980393,0.03999095193,-0.209964807,4.138365931e-05
5.91,0.04,0.04,-0.21,0.04001980393,0.03999095193,-0.209964807,4.138365931e-05
5.911,0.04,0.04,-0.21,0.04001980393,0.03999095193,-0.209964807,4.138365931e-05
5.912,0.04,0.04,-0.21,0.04001980393,0.03999095193,-0.209964807,4.138365931e-05
5.913,0.04,0.04,-0.21,0.04001980393,0.03999095193,-0.209964807,4.138365931e-05
5.914,0.04,0.04,-0.21,0.04001980393,0.03999095193,-0.209964807,4.138365931e-05
5.915,0.04,0.04,-0.21,0.04001980393,0.03999095193,-0.209964807,4.138365932e-05
5.916,0.04,0.04,-0.21,0.04001980393,0.03999095193,-0.209964807,4.138365932e-05
5.917,0.04,0.04,-0.21,0.04001980393,0.03999095193,-0.209964807,4.138365932e-05
5.918,0.04,0.04,-0.21,0.04001980393,0.03999095193,-0.209964807,4.138365932e-05
5.919,0.04,0.04,-0.21,0.04001980393,0.03999095193,-0.209964807,4.138365932e-05
5.92,0.04,0.04,-0.21,0.04001980393,0.03999095193,-0.209964807,4.138365932e-05
5.921,0.04,0.04,-0.21,0.04001980393,0.03999095193,-0.209964807,4.138365932e-05
5.922,0.04,0.04,-0.21,0.04001980393,0.03999095193,-0.209964807,4.138365933e-05
5.923,0.04,0.04,-0.21,0.04001980393,0.03999095193,-0.209964807,4.138365933e-05
5.924,0.04,0.04,-0.21,0.04001980393,0.03999095193,-0.209964807,4.138365933e-05
5.925,0.04,0.04,-0.21,0.04001980393,0.03999095193,-0.209964807,4.138365933e-05
5.926,0.04,0.04,-0.21,0.04001980393,0.03999095193,-0.209964807,4.138365933e-05
5.927,0.04,0.04,-0.21,0.04001980393,0.03999095193,-0.209964807,4.138365933e-05
5.928,0.04,0.04,-0.21,0.04001980393,0.03999095193,-0.209964807,4.138365933e-05
5.929,0.04,0.04,-0.21,0.04001980393,0.03999095193,-0.209964807,4.138365934e-05
5.93,0.04,0.04,-0.21,0.04001980393,0.03999095193,-0.209964807,4.138365934e-05
5.931,0.04,0.04,-0.21,0.04001980393,0.03999095193,-0.209964807,4.138365934e-05
5.932,0.04,0.04,-0.21,0.04001980393,0.03999095193,-0.209964807,4.138365934e-05
5.933,0.04,0.04,-0.21,0.04001980393,0.03999095193,-0.209964807,4.138365934e-05
5.934,0.04,0.04,-0.21,0.04001980393,0.03999095193,-0.209964807,4.138365934e-05
5.935,0.04,0.04,-0.21,0.04001980393,0.03999095193,-0.209964807,4.138365934e-05
5.936,0.04,0.04,-0.21,0.04001980393,0.03999095193,-0.209964807,4.138365935e-05
5.937,0.04,0.04,-0.21,0.04001980393,0.03999095193,-0.209964807,4.138365935e-05
5.938,0.04,0.04,-0.21,0.04001980393,0.03999095193,-0.209964807,4.138365935e-05
5.939,0.04,0.04,-0.21,0.04001980393,0.03999095193,-0.209964807,4.138365935e-05
5.94,0.04,0.04,-0.21,0.04001980393,0.03999095193,-0.209964807,4.138365935e-05
5.941,0.04,0.04,-0.21,0.04001980393,0.03999095193,-0.209964807,4.138365935e-05
5.942,0.04,0.04,-0.21,0.04001980393,0.03999095193,-0.209964807,4.138365935e-05
5.943,0.04,0.04,-0.21,0.04001980393,0.03999095193,-0.209964807,4.138365936e-05
5.944,0.04,0.04,-0.21,0.04001980393,0.03999095193,-0.209964807,4.138365936e-05
5.945,0.04,0.04,-0.21,0.04001980393,0.03999095193,-0.209964807,4.138365936e-05
5.946,0.04,0.04,-0.21,0.04001980393,0.03999095193,-0.209964807,4.138365936e-05
5.947,0.04,0.04,-0.21,0.04001980393,0.03999095193,-0.209964807,4.138365936e-05
5.948,0.04,0.04,-0.21,0.04001980393,0.03999095193,-0.209964807,4.138365936e-05
5.949,0.04,0.04,-0.21,0.04001980393,0.03999095193,-0.209964807,4.138365936e-05
5.95,0.04,0.04,-0.21,0.04001980393,0.03999095193,-0.209964807,4.138365937e-05
5.951,0.04,0.04,-0.21,0.04001980393,0.03999095193,-0.209964807,4.138365937e-05
5.952,0.04,0.04,-0.21,0.04001980393,0.03999095193,-0.209964807,4.138365937e-05
5.953,0.04,0.04,-0.21,0.04001980393,0.03999095193,-0.209964807,4.138365937e-05
5.954,0.04,0.04,-0.21,0.04001980393,0.03999095193,-0.209964807,4.138365937e-05
5.955,0.04,0.04,-0.21,0.04001980393,0.03999095193,-0.209964807,4.138365937e-05
5.956,0.04,0.04,-0.21,0.04001980393,0.03999095193,-0.209964807,4.138365937e-05
5.957,0.04,0.04,-0.21,0.04001980393,0.03999095193,-0.209964807,4.138365938e-05
5.958,0.04,0.04,-0.21,0.04001980393,0.03999095193,-0.209964807,4.138365938e-05
5.959,0.04,0.04,-0.21,0.04001980393,0.03999095193,-0.209964807,4.138365938e-05
5.96,0.04,0.04,-0.21,0.04001980393,0.03999095193,-0.209964807,4.138365938e-05
5.961,0.04,0.04,-0.21,0.04001980393,0.03999095193,-0.209964807,4.138365938e-05
5.962,0.04,0.04,-0.21,0.04001980393,0.03999095193,-0.209964807,4.138365938e-05
5.963,0.04,0.04,-0.21,0.04001980393,0.03999095193,-0.209964807,4.138365938e-05
5.964,0.04,0.04,-0.21,0.04001980393,0.03999095193,-0.209964807,4.138365939e-05
5.965,0.04,0.04,-0.21,0.04001980393,0.03999095193,-0.209964807,4.138365939e-05
5.966,0.04,0.04,-0.21,0.04001980393,0.03999095193,-0.209964807,4.138365939e-05
5.967,0.04,0.04,-0.21,0.04001980393,0.03999095193,-0.209964807,4.138365939e-05
5.968,0.04,0.04,-0.21,0.04001980393,0.03999095193,-0.209964807,4.138365939e-05
5.969,0.04,0.04,-0.21,0.04001980393,0.03999095193,-0.209964807,4.138365939e-05
5.97,0.04,0.04,-0.21,0.04001980393,0.03999095193,-0.209964807,4.138365939e-05
5.971,0.04,0.04,-0.21,0.04001980393,0.03999095193,-0.209964807,4.13836594e-05
5.972,0.04,0.04,-0.21,0.04001980393,0.03999095193,-0.209964807,4.13836594e-05
5.973,0.04,0.04,-0.21,0.04001980393,0.03999095193,-0.209964807,4.13836594e-05
5.974,0.04,0.04,-0.21,0.04001980393,0.03999095193,-0.209964807,4.13836594e-05
5.975,0.04,0.04,-0.21,0.04001980393,0.03999095193,-0.209964807,4.13836594e-05
5.976,0.04,0.04,-0.21,0.04001980393,0.03999095193,-0.209964807,4.13836594e-05
5.977,0.04,0.04,-0.21,0.04001980393,0.03999095193,-0.209964807,4.13836594e-05
5.978,0.04,0.04,-0.21,0.04001980393,0.03999095193,-0.209964807,4.138365941e-05
5.979,0.04,0.04,-0.21,0.04001980393,0.03999095193,-0.209964807,4.138365941e-05
5.98,0.04,0.04,-0.21,0.04001980393,0.03999095193,-0.209964807,4.138365941e-05
5.981,0.04,0.04,-0.21,0.04001980393,0.03999095193,-0.209964807,4.138365941e-05
5.982,0.04,0.04,-0.21,0.04001980393,0.03999095193,-0.209964807,4.138365941e-05
5.983,0.04,0.04,-0.21,0.04001980393,0.03999095193,-0.209964807,4.138365941e-05
5.984,0.04,0.04,-0.21,0.04001980393,0.03999095193,-0.209964807,4.138365941e-05
5.985,0.04,0.04,-0.21,0.04001980393,0.03999095193,-0.209964807,4.138365942e-05
5.986,0.04,0.04,-0.21,0.04001980393,0.03999095193,-0.209964807,4.138365942e-05
5.987,0.04,0.04,-0.21,0.04001980393,0.03999095193,-0.209964807,4.138365942e-05
5.988,0.04,0.04,-0.21,0.04001980393,0.03999095193,-0.209964807,4.138365942e-05
5.989,0.04,0.04,-0.21,0.04001980393,0.03999095193,-0.209964807,4.138365942e-05
5.99,0.04,0.04,-0.21,0.04001980393,0.03999095193,-0.209964807,4.138365942e-05
5.991,0.04,0.04,-0.21,0.04001980393,0.03999095193,-0.209964807,4.138365942e-05
5.992,0.04,0.04,-0.21,0.04001980393,0.03999095193,-0.209964807,4.138365943e-05
5.993,0.04,0.04,-0.21,0.04001980393,0.03999095193,-0.209964807,4.138365943e-05
5.994,0.04,0.04,-0.21,0.04001980393,0.03999095193,-0.209964807,4.138365943e-05
5.995,0.04,0.04,-0.21,0.04001980393,0.03999095193,-0.209964807,4.138365943e-05
5.996,0.04,0.04,-0.21,0.04001980393,0.03999095193,-0.209964807,4.138365943e-05
5.997,0.04,0.04,-0.21,0.04001980393,0.03999095193,-0.209964807,4.138365943e-05
5.998,0.04,0.04,-0.21,0.04001980393,0.03999095193,-0.209964807,4.138365943e-05
5.999,0.04,0.04,-0.21,0.04001980393,0.03999095193,-0.209964807,4.138365944e-05
6,0.04,0.04,-0.21,0.04001980393,0.03999095193,-0.209964807,4.138365944e-05
