time_s,des_x_m,des_y_m,des_z_m,act_x_m,act_y_m,act_z_m,error_m
0,0.055,0,-0.21,0.05502518395,1.930478509e-07,-0.2099578439,4.910608807e-05
0.001,0.055,1.723731822e-12,-0.21,0.05502518395,1.930478505e-07,-0.2099578439,4.910608807e-05
0.002,0.055,2.751349141e-11,-0.21,0.05502518395,1.931585893e-07,-0.2099578439,4.910609034e-05
0.003,0.055,1.389522709e-10,-0.21,0.05502518396,1.940988095e-07,-0.2099578439,4.910610898e-05
0.004,0.055,4.381011415e-10,-0.21,0.05502518399,1.974859016e-07,-0.2099578438,4.910617063e-05
0.005,0.055,1.067006602e-09,-0.21,0.05502518405,2.05735704e-07,-0.2099578437,4.910630615e-05
0.006,0.055,2.207209916e-09,-0.21,0.05502518416,2.216463659e-07,-0.2099578436,4.910653966e-05
0.007,0.055,4.079258444e-09,-0.21,0.05502518432,2.478268494e-07,-0.2099578434,4.910688114e-05
0.008,0.055,6.942218959e-09,-0.21,0.05502518451,2.861661668e-07,-0.2099578432,4.910732634e-05
0.009,0.055,1.109319296e-08,-0.21,0.0550251847,3.375141377e-07,-0.2099578431,4.9107863e-05
0.01,0.055,1.686683397e-08,-0.21,0.05502518485,4.016690891e-07,-0.2099578429,4.910848039e-05
0.011,0.055,2.463486682e-08,-0.21,0.05502518495,4.776678735e-07,-0.2099578429,4.910917877e-05
0.012,0.055,3.480560896e-08,-0.21,0.05502518497,5.642804325e-07,-0.2099578428,4.910997648e-05
0.013,0.055,4.782349369e-08,-0.21,0.05502518493,6.6055276e-07,-0.2099578428,4.911091388e-05
0.014,0.055,6.416859544e-08,-0.21,0.05502518487,7.662344449e-07,-0.2099578429,4.911205318e-05
0.015,0.055,8.435615705e-08,-0.21,0.05502518482,8.819696714e-07,-0.2099578429,4.911347424e-05
0.016,0.055,1.08936119e-07,-0.21,0.05502518481,1.009208047e-06,-0.2099578429,4.911526682e-05
0.017,0.055,1.384926505e-07,-0.21,0.05502518488,1.149878522e-06,-0.2099578428,4.911752128e-05
0.018,0.055,1.736436831e-07,-0.21,0.05502518501,1.305939067e-06,-0.2099578427,4.91203201e-05
0.019,0.055,2.150404454e-07,-0.21,0.05502518518,1.478946434e-06,-0.2099578426,4.912373213e-05
0.02,0.055,2.633670006e-07,-0.21,0.05502518535,1.669776577e-06,-0.2099578424,4.912781056e-05
0.021,0.055,3.193397858e-07,-0.21,0.0550251855,1.878573616e-06,-0.2099578423,4.913259497e-05
0.022,0.055,3.837071526e-07,-0.21,0.05502518558,2.104931621e-06,-0.2099578422,4.913811716e-05
0.023,0.055,4.57248911e-07,-0.21,0.05502518561,2.348242382e-06,-0.2099578422,4.914441038e-05
0.024,0.055,5.407758741e-07,-0.21,0.0550251856,2.608095232e-06,-0.2099578422,4.915152017e-05
0.025,0.055,6.351294054e-07,-0.21,0.05502518557,2.884604906e-06,-0.2099578421,4.91595144e-05
0.026,0.055,7.41180968e-07,-0.21,0.05502518556,3.178571616e-06,-0.2099578421,4.916848879e-05
0.027,0.05499999999,8.598316755e-07,-0.21,0.0550251856,3.491433347e-06,-0.2099578421,4.917856549e-05
0.028,0.05499999999,9.920118457e-07,-0.21,0.05502518569,3.82503556e-06,-0.209957842,4.918988387e-05
0.029,0.05499999999,1.138680555e-06,-0.21,0.05502518582,4.1812976e-06,-0.2099578418,4.920258561e-05
0.03,0.05499999998,1.300825196e-06,-0.21,0.05502518599,4.561882477e-06,-0.2099578417,4.921679794e-05
0.031,0.05499999998,1.479461036e-06,-0.21,0.05502518616,4.967970084e-06,-0.2099578415,4.923261996e-05
0.032,0.05499999997,1.675630779e-06,-0.21,0.0550251863,5.400197427e-06,-0.2099578414,4.925011649e-05
0.033,0.05499999997,1.890404128e-06,-0.21,0.05502518641,5.858775334e-06,-0.2099578412,4.926932209e-05
0.034,0.05499999996,2.124877352e-06,-0.21,0.05502518647,6.34373706e-06,-0.2099578411,4.929025517e-05
0.035,0.05499999995,2.380172849e-06,-0.21,0.05502518649,6.855236349e-06,-0.209957841,4.931293878e-05
0.036,0.05499999994,2.657438718e-06,-0.21,0.05502518649,7.393801738e-06,-0.209957841,4.933742195e-05
0.037,0.05499999992,2.957848331e-06,-0.21,0.05502518651,7.960471949e-06,-0.2099578409,4.936379441e-05
0.038,0.0549999999,3.282599903e-06,-0.21,0.05502518655,8.556777196e-06,-0.2099578407,4.93921894e-05
0.039,0.05499999988,3.632916071e-06,-0.21,0.05502518662,9.184579858e-06,-0.2099578406,4.942277253e-05
0.04,0.05499999985,4.010043465e-06,-0.21,0.05502518671,9.845830024e-06,-0.2099578404,4.945571951e-05
0.041,0.05499999982,4.415252293e-06,-0.21,0.05502518682,1.054231441e-05,-0.2099578402,4.949118924e-05
0.042,0.05499999979,4.84983592e-06,-0.21,0.05502518693,1.127547518e-05,-0.2099578399,4.952930074e-05
0.043,0.05499999974,5.315110449e-06,-0.21,0.055025187,1.204635001e-05,-0.2099578397,4.95701211e-05
0.044,0.05499999969,5.812414309e-06,-0.21,0.05502518703,1.285564526e-05,-0.2099578395,4.961366915e-05
0.045,0.05499999963,6.343107839e-06,-0.21,0.05502518701,1.370391304e-05,-0.2099578393,4.965993415e-05
0.046,0.05499999957,6.90857288e-06,-0.21,0.05502518695,1.459177303e-05,-0.2099578391,4.97089044e-05
0.047,0.05499999949,7.510212364e-06,-0.21,0.05502518685,1.552010905e-05,-0.2099578389,4.976059689e-05
0.048,0.0549999994,8.149449907e-06,-0.21,0.05502518673,1.649018194e-05,-0.2099578387,4.981507843e-05
0.049,0.05499999929,8.827729404e-06,-0.21,0.05502518661,1.750362859e-05,-0.2099578385,4.987247102e-05
0.05,0.05499999917,9.546514628e-06,-0.21,0.05502518648,1.856235304e-05,-0.2099578383,4.993293923e-05
0.051,0.05499999903,1.030728882e-05,-0.21,0.05502518634,1.966834825e-05,-0.209957838,4.999666303e-05
0.052,0.05499999888,1.111155432e-05,-0.21,0.05502518618,2.082350604e-05,-0.2099578377,5.006380451e-05
0.053,0.0549999987,1.196083211e-05,-0.21,0.05502518598,2.202947349e-05,-0.2099578373,5.013447871e-05
0.054,0.0549999985,1.285666148e-05,-0.21,0.05502518573,2.328759695e-05,-0.209957837,5.020873805e-05
0.055,0.05499999827,1.380059961e-05,-0.21,0.05502518539,2.459896597e-05,-0.2099578367,5.028657536e-05
0.056,0.05499999801,1.479422118e-05,-0.21,0.05502518498,2.596453871e-05,-0.2099578364,5.036794504e-05
0.057,0.05499999772,1.583911797e-05,-0.21,0.05502518448,2.738530631e-05,-0.2099578361,5.045279583e-05
0.058,0.05499999739,1.693689849e-05,-0.21,0.0550251839,2.886244419e-05,-0.2099578357,5.054110506e-05
0.059,0.05499999703,1.808918758e-05,-0.21,0.05502518325,3.03974049e-05,-0.2099578354,5.063290341e-05
0.06,0.05499999661,1.929762606e-05,-0.21,0.05502518252,3.199192705e-05,-0.209957835,5.072828221e-05
0.061,0.05499999616,2.056387028e-05,-0.21,0.05502518173,3.364796192e-05,-0.2099578347,5.08273807e-05
0.062,0.05499999564,2.188959183e-05,-0.21,0.05502518085,3.536754403e-05,-0.2099578342,5.093035722e-05
0.063,0.05499999507,2.327647709e-05,-0.21,0.05502517989,3.715264787e-05,-0.2099578338,5.103735317e-05
0.064,0.05499999444,2.472622689e-05,-0.21,0.05502517881,3.900507475e-05,-0.2099578333,5.114846128e-05
0.065,0.05499999374,2.624055612e-05,-0.21,0.0550251776,4.092640273e-05,-0.2099578329,5.126370793e-05
0.066,0.05499999296,2.782119338e-05,-0.21,0.05502517623,4.29180113e-05,-0.2099578324,5.138305533e-05
0.067,0.0549999921,2.946988059e-05,-0.21,0.05502517471,4.498116952e-05,-0.2099578319,5.150642264e-05
0.068,0.05499999116,3.118837263e-05,-0.21,0.05502517301,4.711715738e-05,-0.2099578314,5.163371964e-05
0.069,0.05499999011,3.297843699e-05,-0.21,0.05502517113,4.932738179e-05,-0.2099578309,5.176488223e-05
0.07,0.05499998896,3.484185336e-05,-0.21,0.05502516907,5.161345197e-05,-0.2099578304,5.189989854e-05
0.071,0.0549999877,3.678041334e-05,-0.21,0.05502516683,5.397719342e-05,-0.2099578299,5.203881762e-05
0.072,0.05499998632,3.879592001e-05,-0.21,0.05502516439,5.642059916e-05,-0.2099578293,5.218173789e-05
0.073,0.0549999848,4.089018762e-05,-0.21,0.05502516174,5.894573618e-05,-0.2099578287,5.23287792e-05
0.074,0.05499998314,4.306504121e-05,-0.21,0.05502515887,6.155463777e-05,-0.2099578281,5.248004733e-05
0.075,0.05499998133,4.532231628e-05,-0.21,0.05502515574,6.424921488e-05,-0.2099578274,5.263560223e-05
0.076,0.05499997935,4.76638584e-05,-0.21,0.05502515234,6.703121267e-05,-0.2099578267,5.279543971e-05
0.077,0.05499997719,5.00915229e-05,-0.21,0.05502514864,6.990222275e-05,-0.209957826,5.295949232e-05
0.078,0.05499997484,5.260717451e-05,-0.21,0.05502514462,7.286374465e-05,-0.2099578254,5.312764889e-05
0.079,0.05499997229,5.521268699e-05,-0.21,0.05502514025,7.591727513e-05,-0.2099578246,5.329978644e-05
0.08,0.05499996951,5.790994284e-05,-0.21,0.05502513553,7.906439667e-05,-0.2099578239,5.347580429e-05
0.081,0.0549999665,6.07008329e-05,-0.21,0.05502513044,8.230683818e-05,-0.2099578232,5.365564985e-05
0.082,0.05499996324,6.358725604e-05,-0.21,0.05502512496,8.564649082e-05,-0.2099578224,5.383932805e-05
0.083,0.05499995971,6.657111882e-05,-0.21,0.05502511907,8.908537618e-05,-0.2099578216,5.402689171e-05
0.084,0.05499995589,6.965433517e-05,-0.21,0.05502511275,9.262557903e-05,-0.2099578207,5.421841636e-05
0.085,0.05499995177,7.283882602e-05,-0.21,0.05502510598,9.626916651e-05,-0.2099578199,5.441396741e-05
0.086,0.05499994732,7.6126519e-05,-0.21,0.05502509871,0.0001000181192,-0.209957819,5.461357021e-05
0.087,0.05499994252,7.951934808e-05,-0.21,0.05502509091,0.000103874294,-0.209957818,5.481719226e-05
0.088,0.05499993734,8.301925327e-05,-0.21,0.05502508256,0.000107839429,-0.2099578171,5.502474275e-05
0.089,0.05499993178,8.66281803e-05,-0.21,0.05502507361,0.0001119151854,-0.2099578161,5.523608945e-05
0.09,0.05499992579,9.034808026e-05,-0.21,0.05502506404,0.0001161032135,-0.2099578151,5.545108719e-05
0.091,0.05499991936,9.418090932e-05,-0.21,0.05502505381,0.0001204052197,-0.2099578141,5.566960897e-05
0.092,0.05499991246,9.812862836e-05,-0.21,0.05502504289,0.0001248230152,-0.209957813,5.589157001e-05
0.093,0.05499990506,0.0001021932027,-0.21,0.05502503126,0.0001293585316,-0.209957812,5.611693739e-05
0.094,0.05499989713,0.0001063766018,-0.21,0.05502501888,0.0001340138008,-0.2099578109,5.634572273e-05
0.095,0.05499988863,0.0001106807988,-0.21,0.0550250057,0.0001387909065,-0.2099578097,5.65779605e-05
0.096,0.05499987955,0.0001151077704,-0.21,0.0550249917,0.0001436919242,-0.2099578085,5.681367927e-05
0.097,0.05499986983,0.0001196594965,-0.21,0.05502497682,0.0001487188675,-0.2099578073,5.705287473e-05
0.098,0.05499985946,0.0001243379599,-0.21,0.05502496101,0.0001538736572,-0.2099578061,5.729549304e-05
0.099,0.05499984838,0.0001291451458,-0.21,0.05502494422,0.0001591581211,-0.2099578048,5.754142938e-05
0.1,0.05499983656,0.0001340830416,-0.21,0.05502492641,0.0001645740231,-0.2099578035,5.779054157e-05
0.101,0.05499982397,0.000139153637,-0.21,0.05502490752,0.0001701231113,-0.2099578021,5.804267452e-05
0.102,0.05499981055,0.0001443589231,-0.21,0.0550248875,0.0001758071687,-0.2099578008,5.829768729e-05
0.103,0.05499979627,0.0001497008922,-0.21,0.05502486632,0.0001816280518,-0.2099577994,5.855547467e-05
0.104,0.05499978108,0.000155181538,-0.21,0.05502484391,0.0001875877053,-0.2099577979,5.881597657e-05
0.105,0.05499976493,0.0001608028547,-0.21,0.05502482021,0.0001936881495,-0.2099577965,5.907917282e-05
0.106,0.05499974778,0.0001665668371,-0.21,0.05502479519,0.0001999314463,-0.2099577949,5.934506543e-05
0.107,0.05499972956,0.0001724754801,-0.21,0.05502476876,0.0002063196535,-0.2099577934,5.961365414e-05
0.108,0.05499971024,0.0001785307785,-0.21,0.05502474086,0.0002128547839,-0.2099577918,5.988491307e-05
0.109,0.05499968975,0.0001847347268,-0.21,0.05502471144,0.0002195387799,-0.2099577901,6.015877572e-05
0.11,0.05499966804,0.0001910893188,-0.21,0.05502468041,0.0002263735102,-0.2099577885,6.043513256e-05
0.111,0.05499964505,0.0001975965471,-0.21,0.0550246477,0.00023336079,-0.2099577868,6.071384178e-05
0.112,0.05499962071,0.0002042584032,-0.21,0.05502461324,0.0002405024158,-0.209957785,6.099474925e-05
0.113,0.05499959497,0.0002110768773,-0.21,0.05502457697,0.0002478002038,-0.2099577832,6.127771149e-05
0.114,0.05499956775,0.0002180539575,-0.21,0.0550245388,0.0002552560204,-0.2099577814,6.156261429e-05
0.115,0.05499953899,0.0002251916299,-0.21,0.05502449866,0.0002628717951,-0.2099577796,6.184938161e-05
0.116,0.05499950861,0.0002324918782,-0.21,0.05502445646,0.0002706495135,-0.2099577776,6.213797214e-05
0.117,0.05499947655,0.0002399566837,-0.21,0.05502441214,0.0002785911923,-0.2099577757,6.242836526e-05
0.118,0.05499944273,0.0002475880245,-0.21,0.05502436559,0.0002866988466,-0.2099577737,6.272054089e-05
0.119,0.05499940706,0.0002553878757,-0.21,0.05502431672,0.0002949744569,-0.2099577716,6.301445985e-05
0.12,0.05499936947,0.0002633582091,-0.21,0.05502426545,0.0003034199494,-0.2099577696,6.331005062e-05
0.121,0.05499932988,0.0002715009926,-0.21,0.05502421167,0.0003120371911,-0.2099577674,6.360720646e-05
0.122,0.05499928819,0.0002798181902,-0.21,0.05502415529,0.0003208280035,-0.2099577653,6.39057934e-05
0.123,0.05499924433,0.0002883117618,-0.21,0.05502409619,0.0003297941878,-0.209957763,6.420566625e-05
0.124,0.05499919818,0.0002969836627,-0.21,0.05502403429,0.0003389375539,-0.2099577608,6.450668744e-05
0.125,0.05499914967,0.0003058358434,-0.21,0.05502396948,0.0003482599442,-0.2099577585,6.480874284e-05
0.126,0.05499909869,0.0003148702498,-0.21,0.05502390164,0.0003577632453,-0.2099577561,6.511174975e-05
0.127,0.05499904514,0.0003240888222,-0.21,0.05502383067,0.0003674493833,-0.2099577537,6.541565503e-05
0.128,0.05499898892,0.0003334934955,-0.21,0.05502375645,0.0003773203074,-0.2099577513,6.572042416e-05
0.129,0.05499892992,0.000343086199,-0.21,0.05502367886,0.0003873779641,-0.2099577488,6.602602513e-05
0.13,0.05499886802,0.0003528688558,-0.21,0.05502359778,0.0003976242731,-0.2099577462,6.633241215e-05
0.131,0.05499880312,0.0003628433831,-0.21,0.05502351307,0.0004080611103,-0.2099577436,6.663951431e-05
0.132,0.0549987351,0.0003730116914,-0.21,0.05502342462,0.0004186903034,-0.209957741,6.694723245e-05
0.133,0.05499866383,0.0003833756845,-0.21,0.05502333228,0.0004295136408,-0.2099577383,6.725544493e-05
0.134,0.05499858919,0.0003939372594,-0.21,0.05502323592,0.0004405328894,-0.2099577356,6.756402013e-05
0.135,0.05499851106,0.0004046983057,-0.21,0.05502313539,0.0004517498169,-0.2099577328,6.787283164e-05
0.136,0.05499842931,0.0004156607059,-0.21,0.05502303057,0.0004631662106,-0.2099577299,6.818177143e-05
0.137,0.05499834379,0.0004268263347,-0.21,0.05502292129,0.0004747838863,-0.209957727,6.849075689e-05
0.138,0.05499825437,0.0004381970587,-0.21,0.05502280742,0.0004866046873,-0.2099577241,6.879973001e-05
0.139,0.0549981609,0.0004497747367,-0.21,0.05502268879,0.0004986304714,-0.2099577211,6.910864914e-05
0.14,0.05499806325,0.0004615612191,-0.21,0.05502256525,0.0005108630929,-0.2099577181,6.941747628e-05
0.141,0.05499796126,0.0004735583477,-0.21,0.05502243664,0.0005233043834,-0.209957715,6.972616379e-05
0.142,0.05499785477,0.0004857679555,-0.21,0.05502230279,0.0005359561385,-0.2099577118,7.003464491e-05
0.143,0.05499774363,0.0004981918665,-0.21,0.05502216353,0.0005488201133,-0.2099577086,7.034283055e-05
0.144,0.05499762768,0.0005108318955,-0.21,0.05502201867,0.0005618980277,-0.2099577053,7.065061335e-05
0.145,0.05499750675,0.0005236898479,-0.21,0.05502186805,0.0005751915803,-0.209957702,7.095787725e-05
0.146,0.05499738067,0.0005367675192,-0.21,0.05502171149,0.0005887024641,-0.2099576987,7.126450961e-05
0.147,0.05499724926,0.0005500666954,-0.21,0.05502154878,0.0006024323817,-0.2099576952,7.157041191e-05
0.148,0.05499711235,0.0005635891521,-0.21,0.05502137976,0.0006163830528,-0.2099576918,7.187550591e-05
0.149,0.05499696976,0.0005773366548,-0.21,0.05502120421,0.0006305562138,-0.2099576883,7.217973352e-05
0.15,0.05499682128,0.0005913109584,-0.21,0.05502102195,0.0006449536094,-0.2099576847,7.248305075e-05
0.151,0.05499666674,0.000605513807,-0.21,0.05502083277,0.0006595769785,-0.209957681,7.278541771e-05
0.152,0.05499650594,0.000619946934,-0.21,0.05502063646,0.0006744280398,-0.2099576774,7.308678809e-05
0.153,0.05499633867,0.0006346120614,-0.21,0.0550204328,0.0006895084811,-0.2099576736,7.338710114e-05
0.154,0.05499616474,0.0006495109002,-0.21,0.05502022159,0.0007048199553,-0.2099576698,7.368627876e-05
0.155,0.05499598392,0.0006646451496,-0.21,0.05502000258,0.0007203640833,-0.209957666,7.398422811e-05
0.156,0.054995796,0.0006800164971,-0.21,0.05501977557,0.0007361424644,-0.2099576621,7.428084897e-05
0.157,0.05499560077,0.0006956266185,-0.21,0.05501954031,0.0007521566879,-0.2099576581,7.457604317e-05
0.158,0.05499539799,0.0007114771773,-0.21,0.05501929658,0.0007684083449,-0.2099576541,7.486972332e-05
0.159,0.05499518745,0.0007275698246,-0.21,0.05501904412,0.0007848990347,-0.20995765,7.516181798e-05
0.16,0.05499496889,0.0007439061993,-0.21,0.0550187827,0.0008016303649,-0.2099576459,7.545227209e-05
0.161,0.0549947421,0.0007604879274,-0.21,0.05501851207,0.0008186039455,-0.2099576417,7.574104243e-05
0.162,0.05499450681,0.000777316622,-0.21,0.05501823197,0.0008358213784,-0.2099576375,7.602809006e-05
0.163,0.05499426278,0.0007943938833,-0.21,0.05501794214,0.0008532842469,-0.2099576332,7.631337186e-05
0.164,0.05499400975,0.0008117212982,-0.21,0.05501764231,0.0008709941064,-0.2099576289,7.659683403e-05
0.165,0.05499374747,0.00082930044,-0.21,0.05501733221,0.0008889524811,-0.2099576245,7.687840932e-05
0.166,0.05499347567,0.0008471328686,-0.21,0.05501701157,0.000907160866,-0.20995762,7.715801881e-05
0.167,0.05499319407,0.0008652201301,-0.21,0.0550166801,0.0009256207338,-0.2099576155,7.743557737e-05
0.168,0.05499290241,0.0008835637566,-0.21,0.05501633752,0.0009443335441,-0.209957611,7.771100099e-05
0.169,0.05499260039,0.000902165266,-0.21,0.05501598354,0.0009633007523,-0.2099576064,7.798421381e-05
0.17,0.05499228774,0.0009210261621,-0.21,0.05501561785,0.0009825238147,-0.2099576017,7.825515247e-05
0.171,0.05499196416,0.0009401479339,-0.21,0.05501524017,0.00100200419,-0.209957597,7.852376671e-05
0.172,0.05499162935,0.000959532056,-0.21,0.05501485018,0.001021743332,-0.2099575923,7.879001623e-05
0.173,0.05499128301,0.0009791799882,-0.21,0.05501444756,0.001041742688,-0.2099575874,7.905386479e-05
0.174,0.05499092482,0.0009990931752,-0.21,0.05501403201,0.001062003684,-0.2099575826,7.931527364e-05
0.175,0.05499055448,0.001019273047,-0.21,0.0550136032,0.00108252772,-0.2099575777,7.957419617e-05
0.176,0.05499017167,0.001039721017,-0.21,0.05501316079,0.001103316171,-0.2099575727,7.983057552e-05
0.177,0.05498977605,0.001060438484,-0.21,0.05501270445,0.001124370379,-0.2099575677,8.008434561e-05
0.178,0.0549893673,0.001081426832,-0.21,0.05501223384,0.001145691669,-0.2099575626,8.033543521e-05
0.179,0.05498894507,0.001102687429,-0.21,0.05501174862,0.001167281346,-0.2099575575,8.058377368e-05
0.18,0.05498850903,0.001124221625,-0.21,0.05501124843,0.001189140709,-0.2099575523,8.082929645e-05
0.181,0.05498805883,0.001146030756,-0.21,0.05501073292,0.00121127105,-0.2099575471,8.10719487e-05
0.182,0.0549875941,0.001168116142,-0.21,0.05501020172,0.001233673659,-0.2099575418,8.131168609e-05
0.183,0.05498711449,0.001190479084,-0.21,0.05500965447,0.00125634982,-0.2099575365,8.15484725e-05
0.184,0.05498661962,0.00121312087,-0.21,0.05500909079,0.001279300802,-0.2099575311,8.178227562e-05
0.185,0.05498610914,0.001236042769,-0.21,0.0550085103,0.001302527857,-0.2099575257,8.201306171e-05
0.186,0.05498558265,0.001259246033,-0.21,0.05500791262,0.001326032213,-0.2099575203,8.224079137e-05
0.187,0.05498503977,0.001282731898,-0.21,0.05500729735,0.00134981507,-0.2099575148,8.246541744e-05
0.188,0.05498448012,0.001306501584,-0.21,0.05500666409,0.001373877602,-0.2099575092,8.268688555e-05
0.189,0.05498390328,0.001330556291,-0.21,0.05500601244,0.001398220961,-0.2099575037,8.290513714e-05
0.19,0.05498330886,0.001354897204,-0.21,0.055005342,0.001422846279,-0.209957498,8.312011386e-05
0.191,0.05498269645,0.001379525488,-0.21,0.05500465234,0.001447754678,-0.2099574924,8.333176196e-05
0.192,0.05498206564,0.001404442294,-0.21,0.05500394305,0.00147294727,-0.2099574867,8.354003522e-05
0.193,0.05498141599,0.001429648751,-0.21,0.05500321369,0.001498425158,-0.2099574809,8.37448958e-05
0.194,0.05498074709,0.001455145974,-0.21,0.05500246385,0.001524189438,-0.2099574751,8.394631262e-05
0.195,0.05498005849,0.001480935057,-0.21,0.05500169306,0.001550241187,-0.2099574693,8.414425803e-05
0.196,0.05497934976,0.001507017077,-0.21,0.05500090091,0.001576581467,-0.2099574634,8.433870375e-05
0.197,0.05497862044,0.001533393094,-0.21,0.05500008692,0.001603211314,-0.2099574575,8.452961749e-05
0.198,0.05497787009,0.001560064146,-0.21,0.05499925064,0.001630131739,-0.2099574516,8.471696109e-05
0.199,0.05497709825,0.001587031257,-0.21,0.05499839162,0.001657343727,-0.2099574456,8.490069085e-05
0.2,0.05497630444,0.001614295429,-0.21,0.05499750938,0.001684848239,-0.2099574396,8.508075971e-05
0.201,0.05497548821,0.001641857646,-0.21,0.05499660344,0.001712646219,-0.2099574336,8.525712063e-05
0.202,0.05497464906,0.001669718873,-0.21,0.05499567333,0.001740738594,-0.2099574275,8.542973002e-05
0.203,0.05497378651,0.001697880058,-0.21,0.05499471856,0.001769126279,-0.2099574214,8.559855016e-05
0.204,0.05497290008,0.001726342128,-0.21,0.05499373864,0.001797810177,-0.2099574153,8.576355001e-05
0.205,0.05497198926,0.00175510599,-0.21,0.05499273306,0.001826791179,-0.2099574091,8.592470406e-05
0.206,0.05497105355,0.001784172534,-0.21,0.05499170133,0.00185607016,-0.2099574029,8.608198986e-05
0.207,0.05497009244,0.001813542629,-0.21,0.05499064293,0.001885647974,-0.2099573967,8.623538486e-05
0.208,0.05496910542,0.001843217124,-0.21,0.05498955734,0.001915525452,-0.2099573905,8.638486373e-05
0.209,0.05496809196,0.00187319685,-0.21,0.05498844405,0.0019457034,-0.2099573843,8.653039676e-05
0.21,0.05496705153,0.001903482617,-0.21,0.05498730252,0.001976182599,-0.209957378,8.667195003e-05
0.211,0.0549659836,0.001934075216,-0.21,0.05498613223,0.002006963806,-0.2099573717,8.680948699e-05
0.212,0.05496488762,0.001964975418,-0.21,0.05498493261,0.00203804776,-0.2099573654,8.694297098e-05
0.213,0.05496376306,0.001996183972,-0.21,0.05498370315,0.002069435178,-0.209957359,8.707236799e-05
0.214,0.05496260935,0.00202770161,-0.21,0.05498244327,0.002101126767,-0.2099573527,8.71976486e-05
0.215,0.05496142593,0.002059529042,-0.21,0.05498115242,0.002133123216,-0.2099573463,8.73187887e-05
0.216,0.05496021224,0.002091666958,-0.21,0.05497983004,0.0021654252,-0.20995734,8.743576875e-05
0.217,0.0549589677,0.002124116027,-0.21,0.05497847556,0.002198033377,-0.2099573336,8.754857185e-05
0.218,0.05495769175,0.002156876899,-0.21,0.0549770884,0.002230948382,-0.2099573272,8.765718142e-05
0.219,0.05495638378,0.002189950201,-0.21,0.05497566798,0.002264170831,-0.2099573208,8.776157894e-05
0.22,0.05495504321,0.002223336543,-0.21,0.05497421371,0.002297701312,-0.2099573144,8.786174275e-05
0.221,0.05495366945,0.002257036511,-0.21,0.054972725,0.002331540389,-0.209957308,8.795764799e-05
0.222,0.05495226189,0.002291050671,-0.21,0.05497120126,0.002365688604,-0.2099573016,8.804926776e-05
0.223,0.05495081992,0.002325379569,-0.21,0.05496964187,0.002400146474,-0.2099572952,8.813657511e-05
0.224,0.05494934293,0.00236002373,-0.21,0.05496804623,0.0024349145,-0.2099572888,8.821954507e-05
0.225,0.05494783029,0.002394983656,-0.21,0.05496641371,0.002469993166,-0.2099572824,8.829815631e-05
0.226,0.05494628138,0.002430259831,-0.21,0.05496474371,0.002505382939,-0.209957276,8.837239174e-05
0.227,0.05494469556,0.002465852716,-0.21,0.05496303559,0.002541084266,-0.2099572696,8.844223803e-05
0.228,0.0549430722,0.00250176275,-0.21,0.05496128873,0.002577097581,-0.2099572632,8.850768418e-05
0.229,0.05494141066,0.002537990353,-0.21,0.05495950247,0.00261342329,-0.2099572569,8.85687197e-05
0.23,0.05493971027,0.002574535921,-0.21,0.05495767619,0.002650061783,-0.2099572505,8.86253329e-05
0.231,0.05493797039,0.00261139983,-0.21,0.05495580923,0.00268701342,-0.2099572442,8.867750981e-05
0.232,0.05493619036,0.002648582436,-0.21,0.05495390094,0.002724278539,-0.2099572378,8.872523411e-05
0.233,0.0549343695,0.002686084071,-0.21,0.05495195065,0.002761857455,-0.2099572315,8.876848797e-05
0.234,0.05493250715,0.002723905046,-0.21,0.05494995772,0.002799750459,-0.2099572253,8.88072535e-05
0.235,0.05493060262,0.002762045651,-0.21,0.05494792145,0.002837957823,-0.209957219,8.884151442e-05
0.236,0.05492865523,0.002800506153,-0.21,0.05494584119,0.002876479801,-0.2099572128,8.887125731e-05
0.237,0.05492666429,0.0028392868,-0.21,0.05494371625,0.002915316626,-0.2099572066,8.889647217e-05
0.238,0.05492462912,0.002878387815,-0.21,0.05494154595,0.002954468517,-0.2099572004,8.891715209e-05
0.239,0.054922549,0.002917809402,-0.21,0.0549393296,0.002993935669,-0.2099571942,8.893329225e-05
0.24,0.05492042323,0.00295755174,-0.21,0.0549370665,0.003033718259,-0.2099571881,8.894488847e-05
0.241,0.0549182511,0.002997614988,-0.21,0.05493475596,0.003073816437,-0.2099571821,8.895193585e-05
0.242,0.05491603191,0.003037999284,-0.21,0.05493239727,0.003114230334,-0.209957176,8.895442796e-05
0.243,0.05491376491,0.003078704742,-0.21,0.05492998973,0.003154960052,-0.20995717,8.895235664e-05
0.244,0.0549114494,0.003119731455,-0.21,0.05492753261,0.003196005672,-0.2099571641,8.894571269e-05
0.245,0.05490908464,0.003161079494,-0.21,0.05492502521,0.003237367252,-0.2099571582,8.893448689e-05
0.246,0.0549066699,0.003202748906,-0.21,0.05492246679,0.00327904483,-0.2099571524,8.891867133e-05
0.247,0.05490420443,0.00324473972,-0.21,0.05491985664,0.003321038422,-0.2099571466,8.889826042e-05
0.248,0.05490168749,0.003287051938,-0.21,0.05491719403,0.003363348028,-0.2099571408,8.887325134e-05
0.249,0.05489911834,0.003329685544,-0.21,0.05491447822,0.003405973625,-0.2099571351,8.884364385e-05
0.25,0.05489649621,0.003372640497,-0.21,0.05491170846,0.003448915171,-0.2099571295,8.880943954e-05
0.251,0.05489382035,0.003415916734,-0.21,0.05490888403,0.003492172604,-0.209957124,8.877064075e-05
0.252,0.05489109,0.003459514172,-0.21,0.05490600416,0.003535745837,-0.2099571185,8.872724947e-05
0.253,0.05488830439,0.003503432703,-0.21,0.05490306811,0.00357963476,-0.209957113,8.867926671e-05
0.254,0.05488546276,0.003547672199,-0.21,0.05490007513,0.003623839239,-0.2099571077,8.862669231e-05
0.255,0.05488256431,0.003592232507,-0.21,0.05489702446,0.003668359118,-0.2099571024,8.856952538e-05
0.256,0.05487960829,0.003637113455,-0.21,0.05489391532,0.003713194216,-0.2099570972,8.850776514e-05
0.257,0.05487659389,0.003682314847,-0.21,0.05489074697,0.003758344332,-0.2099570921,8.844141191e-05
0.258,0.05487352035,0.003727836464,-0.21,0.05488751863,0.003803809245,-0.209957087,8.837046787e-05
0.259,0.05487038686,0.003773678065,-0.21,0.05488422952,0.003849588714,-0.2099570821,8.829493753e-05
0.26,0.05486719263,0.003819839388,-0.21,0.05488087887,0.003895682477,-0.2099570772,8.821482755e-05
0.261,0.05486393687,0.003866320148,-0.21,0.05487746591,0.003942090251,-0.2099570724,8.813014625e-05
0.262,0.05486061877,0.003913120037,-0.21,0.05487398985,0.003988811734,-0.2099570677,8.804090269e-05
0.263,0.05485723753,0.003960238726,-0.21,0.0548704499,0.004035846598,-0.2099570631,8.794710596e-05
0.264,0.05485379234,0.004007675862,-0.21,0.05486684528,0.004083194493,-0.2099570586,8.784876455e-05
0.265,0.0548502824,0.00405543107,-0.21,0.0548631752,0.004130855048,-0.2099570542,8.77458862e-05
0.266,0.05484670688,0.004103503955,-0.21,0.05485943886,0.004178827866,-0.2099570499,8.763847825e-05
0.267,0.05484306497,0.004151894097,-0.21,0.05485563546,0.004227112527,-0.2099570458,8.752654825e-05
0.268,0.05483935586,0.004200601056,-0.21,0.05485176422,0.004275708594,-0.2099570417,8.741010465e-05
0.269,0.05483557871,0.004249624367,-0.21,0.05484782433,0.004324615605,-0.2099570377,8.728915754e-05
0.27,0.05483173271,0.004298963546,-0.21,0.05484381498,0.004373833079,-0.2099570339,8.716371893e-05
0.271,0.05482781703,0.004348618084,-0.21,0.05483973537,0.004423360515,-0.2099570302,8.703380269e-05
0.272,0.05482383084,0.004398587452,-0.21,0.05483558469,0.004473197393,-0.2099570266,8.689942413e-05
0.273,0.05481977331,0.004448871098,-0.21,0.05483136214,0.004523343167,-0.2099570231,8.676059943e-05
0.274,0.0548156436,0.004499468447,-0.21,0.05482706691,0.004573797274,-0.2099570198,8.661734496e-05
0.275,0.05481144088,0.004550378904,-0.21,0.05482269817,0.004624559126,-0.2099570166,8.646967685e-05
0.276,0.05480716432,0.00460160185,-0.21,0.05481825513,0.004675628111,-0.2099570135,8.631761085e-05
0.277,0.05480281306,0.004653136646,-0.21,0.05481373695,0.004727003597,-0.2099570106,8.616116253e-05
0.278,0.05479838628,0.004704982628,-0.21,0.05480914283,0.004778684929,-0.2099570078,8.600034778e-05
0.279,0.05479388312,0.004757139113,-0.21,0.05480447195,0.004830671431,-0.2099570052,8.583518334e-05
0.28,0.05478930275,0.004809605396,-0.21,0.05479972348,0.004882962407,-0.2099570027,8.566568735e-05
0.281,0.05478464432,0.004862380748,-0.21,0.05479489662,0.004935557138,-0.2099570004,8.549187956e-05
0.282,0.05477990699,0.00491546442,-0.21,0.05478999053,0.00498845489,-0.2099569982,8.531378141e-05
0.283,0.0547750899,0.004968855641,-0.21,0.05478500439,0.005041654903,-0.2099569962,8.513141564e-05
0.284,0.05477019221,0.005022553619,-0.21,0.05477993739,0.0050951564,-0.2099569943,8.494480589e-05
0.285,0.05476521308,0.005076557538,-0.21,0.0547747887,0.005148958582,-0.2099569926,8.475397616e-05
0.286,0.05476015165,0.005130866562,-0.21,0.0547695575,0.005203060626,-0.2099569911,8.455895049e-05
0.287,0.05475500707,0.005185479836,-0.21,0.05476424296,0.005257461689,-0.2099569898,8.435975284e-05
0.288,0.05474977849,0.005240396479,-0.21,0.05475884426,0.005312160907,-0.2099569886,8.41564072e-05
0.289,0.05474446507,0.005295615591,-0.21,0.05475336058,0.005367157394,-0.2099569876,8.394893798e-05
0.29,0.05473906595,0.005351136252,-0.21,0.0547477911,0.005422450242,-0.2099569868,8.37373704e-05
0.291,0.05473358028,0.005406957518,-0.21,0.05474213499,0.005478038525,-0.2099569862,8.352173095e-05
0.292,0.05472800722,0.005463078425,-0.21,0.05473639143,0.005533921296,-0.2099569858,8.330204755e-05
0.293,0.05472234591,0.00551949799,-0.21,0.05473055959,0.00559009759,-0.2099569855,8.307834961e-05
0.294,0.05471659551,0.005576215205,-0.21,0.05472463867,0.00564656642,-0.2099569855,8.285066777e-05
0.295,0.05471075516,0.005633229045,-0.21,0.05471862783,0.00570332678,-0.2099569857,8.26190336e-05
0.296,0.05470482403,0.005690538462,-0.21,0.05471252626,0.005760377643,-0.209956986,8.238347919e-05
0.297,0.05469880126,0.005748142388,-0.21,0.05470633314,0.005817717963,-0.2099569866,8.21440369e-05
0.298,0.05469268601,0.005806039734,-0.21,0.05470004765,0.005875346671,-0.2099569874,8.190073923e-05
0.299,0.05468647743,0.00586422939,-0.21,0.05469366898,0.005933262679,-0.2099569884,8.165361893e-05
0.3,0.05468017468,0.005922710228,-0.21,0.05468719632,0.005991464878,-0.2099569896,8.140270926e-05
0.301,0.05467377693,0.005981481095,-0.21,0.05468062885,0.00604995214,-0.209956991,8.11480443e-05
0.302,0.05466728333,0.006040540824,-0.21,0.05467396575,0.006108723316,-0.2099569927,8.08896593e-05
0.303,0.05466069304,0.006099888222,-0.21,0.05466720624,0.006167777241,-0.2099569946,8.062759086e-05
0.304,0.05465400523,0.006159522079,-0.21,0.05466034948,0.006227112729,-0.2099569967,8.03618769e-05
0.305,0.05464721907,0.006219441165,-0.21,0.05465339469,0.006286728575,-0.209956999,8.009255656e-05
0.306,0.05464033371,0.00627964423,-0.21,0.05464634106,0.006346623556,-0.2099570016,7.981966994e-05
0.307,0.05463334835,0.006340130003,-0.21,0.05463918779,0.00640679643,-0.2099570044,7.954325779e-05
0.308,0.05462626214,0.006400897195,-0.21,0.05463193409,0.006467245935,-0.2099570075,7.926336132e-05
0.309,0.05461907426,0.006461944497,-0.21,0.05462457916,0.006527970789,-0.2099570108,7.89800221e-05
0.31,0.0546117839,0.00652327058,-0.21,0.0546171222,0.006588969692,-0.2099570144,7.869328212e-05
0.311,0.05460439024,0.006584874097,-0.21,0.05460956244,0.006650241324,-0.2099570182,7.840318402e-05
0.312,0.05459689245,0.006646753681,-0.21,0.05460189909,0.006711784348,-0.2099570223,7.810977127e-05
0.313,0.05458928974,0.006708907946,-0.21,0.05459413136,0.006773597407,-0.2099570266,7.781308849e-05
0.314,0.05458158129,0.006771335488,-0.21,0.05458625847,0.006835679128,-0.2099570313,7.751318155e-05
0.315,0.05457376629,0.006834034883,-0.21,0.05457827966,0.006898028119,-0.2099570361,7.721009761e-05
0.316,0.05456584395,0.00689700469,-0.21,0.05457019416,0.006960642971,-0.2099570413,7.690388503e-05
0.317,0.05455781347,0.006960243449,-0.21,0.05456200118,0.007023522258,-0.2099570467,7.659459315e-05
0.318,0.05454967406,0.007023749681,-0.21,0.05455369998,0.007086664536,-0.2099570524,7.628227213e-05
0.319,0.05454142493,0.007087521888,-0.21,0.0545452898,0.007150068341,-0.2099570584,7.596697273e-05
0.32,0.05453306529,0.007151558557,-0.21,0.05453676987,0.007213732195,-0.2099570646,7.564874629e-05
0.321,0.05452459437,0.007215858155,-0.21,0.05452813946,0.0072776546,-0.2099570712,7.532764476e-05
0.322,0.05451601138,0.007280419132,-0.21,0.0545193978,0.00734183404,-0.209957078,7.500372079e-05
0.323,0.05450731557,0.00734523992,-0.21,0.05451054418,0.007406268985,-0.2099570851,7.4677028e-05
0.324,0.05449850616,0.007410318933,-0.21,0.05450157784,0.007470957885,-0.2099570925,7.43476211e-05
0.325,0.05448958239,0.00747565457,-0.21,0.05449249806,0.007535899177,-0.2099571002,7.401555608e-05
0.326,0.05448054351,0.007541245211,-0.21,0.05448330411,0.007601091279,-0.2099571083,7.368089018e-05
0.327,0.05447138876,0.00760708922,-0.21,0.05447399527,0.007666532596,-0.2099571166,7.334368183e-05
0.328,0.05446211741,0.007673184943,-0.21,0.05446457082,0.007732221514,-0.2099571252,7.300399055e-05
0.329,0.05445272871,0.007739530712,-0.21,0.05445503007,0.007798156405,-0.2099571342,7.266187677e-05
0.33,0.05444322194,0.007806124839,-0.21,0.0544453723,0.007864335625,-0.2099571434,7.231740174e-05
0.331,0.05443359636,0.007872965624,-0.21,0.05443559681,0.007930757512,-0.209957153,7.19706274e-05
0.332,0.05442385125,0.007940051347,-0.21,0.05442570291,0.007997420392,-0.2099571629,7.16216165e-05
0.333,0.0544139859,0.008007380275,-0.21,0.05441568992,0.008064322573,-0.2099571731,7.127043262e-05
0.334,0.05440399959,0.008074950658,-0.21,0.05440555716,0.008131462348,-0.2099571836,7.091714038e-05
0.335,0.05439389164,0.00814276073,-0.21,0.05439530394,0.008198837996,-0.2099571945,7.056180555e-05
0.336,0.05438366134,0.008210808713,-0.21,0.05438492962,0.008266447782,-0.2099572056,7.020449517e-05
0.337,0.05437330799,0.008279092809,-0.21,0.05437443351,0.008334289956,-0.2099572172,6.984527754e-05
0.338,0.05436283093,0.008347611209,-0.21,0.05436381498,0.008402362753,-0.209957229,6.948422223e-05
0.339,0.05435222948,0.008416362087,-0.21,0.05435307337,0.008470664397,-0.2099572412,6.912139994e-05
0.34,0.05434150296,0.008485343604,-0.21,0.05434220804,0.008539193096,-0.2099572537,6.875688243e-05
0.341,0.05433065072,0.008554553906,-0.21,0.05433121836,0.008607947044,-0.2099572666,6.839074238e-05
0.342,0.0543196721,0.008623991125,-0.21,0.0543201037,0.008676924422,-0.2099572798,6.802305338e-05
0.343,0.05430856646,0.008693653379,-0.21,0.05430886344,0.008746123398,-0.2099572934,6.765388996e-05
0.344,0.05429733316,0.008763538773,-0.21,0.05429749697,0.008815542125,-0.2099573073,6.728332762e-05
0.345,0.05428597157,0.008833645398,-0.21,0.05428600369,0.008885178746,-0.2099573215,6.691144296e-05
0.346,0.05427448106,0.008903971331,-0.21,0.054274383,0.008955031388,-0.2099573361,6.653831383e-05
0.347,0.05426286103,0.008974514638,-0.21,0.05426263432,0.009025098169,-0.2099573511,6.616401932e-05
0.348,0.05425111086,0.00904527337,-0.21,0.05425075705,0.009095377193,-0.2099573664,6.578863986e-05
0.349,0.05423922996,0.009116245567,-0.21,0.05423875062,0.009165866553,-0.209957382,6.541225716e-05
0.35,0.05422721774,0.009187429256,-0.21,0.05422661448,0.00923656433,-0.2099573981,6.503495414e-05
0.351,0.05421507361,0.009258822451,-0.21,0.05421434806,0.009307468595,-0.2099574144,6.465681489e-05
0.352,0.05420279701,0.009330423157,-0.21,0.05420195082,0.009378577404,-0.2099574312,6.427792451e-05
0.353,0.05419038737,0.009402229364,-0.21,0.05418942221,0.009449888806,-0.2099574483,6.38983692e-05
0.354,0.05417784413,0.009474239052,-0.21,0.0541767617,0.009521400836,-0.2099574658,6.351823614e-05
0.355,0.05416516675,0.00954645019,-0.21,0.05416396877,0.009593111519,-0.2099574836,6.313761362e-05
0.356,0.05415235469,0.009618860737,-0.21,0.05415104291,0.009665018872,-0.2099575018,6.275659111e-05
0.357,0.05413940742,0.009691468639,-0.21,0.0541379836,0.009737120898,-0.2099575204,6.237525929e-05
0.358,0.05412632442,0.009764271833,-0.21,0.05412479035,0.009809415593,-0.2099575393,6.199371014e-05
0.359,0.05411310519,0.009837268245,-0.21,0.05411146267,0.009881900943,-0.2099575587,6.161203696e-05
0.36,0.05409974922,0.009910455793,-0.21,0.05409800008,0.009954574924,-0.2099575783,6.123033431e-05
0.361,0.05408625603,0.009983832383,-0.21,0.05408440211,0.0100274355,-0.2099575984,6.084869802e-05
0.362,0.05407262512,0.01005739591,-0.21,0.0540706683,0.01010048064,-0.2099576188,6.046722505e-05
0.363,0.05405885603,0.01013114427,-0.21,0.0540567982,0.01017370829,-0.2099576397,6.008601348e-05
0.364,0.05404494831,0.01020507534,-0.21,0.05404279136,0.01024711638,-0.2099576608,5.970516245e-05
0.365,0.05403090148,0.01027918698,-0.21,0.05402864735,0.01032070286,-0.2099576824,5.932477216e-05
0.366,0.05401671512,0.01035347706,-0.21,0.05401436575,0.01039446564,-0.2099577043,5.894494389e-05
0.367,0.0540023888,0.01042794344,-0.21,0.05399994614,0.01046840265,-0.2099577266,5.856578003e-05
0.368,0.05398792208,0.01050258396,-0.21,0.05398538811,0.0105425118,-0.2099577493,5.818738414e-05
0.369,0.05397331456,0.01057739646,-0.21,0.05397069127,0.01061679098,-0.2099577724,5.780986096e-05
0.37,0.05395856583,0.01065237877,-0.21,0.05395585524,0.0106912381,-0.2099577958,5.743331639e-05
0.371,0.05394367551,0.01072752871,-0.21,0.05394087963,0.01076585105,-0.2099578197,5.705785749e-05
0.372,0.05392864322,0.01080284411,-0.21,0.05392576409,0.01084062771,-0.2099578439,5.66835924e-05
0.373,0.05391346857,0.01087832278,-0.21,0.05391050825,0.01091556596,-0.2099578684,5.631063028e-05
0.374,0.05389815122,0.01095396251,-0.21,0.05389511177,0.01099066367,-0.2099578934,5.59390812e-05
0.375,0.05388269082,0.01102976111,-0.21,0.05387957431,0.01106591871,-0.2099579187,5.556905618e-05
0.376,0.05386708702,0.01110571638,-0.21,0.05386389554,0.01114132895,-0.2099579444,5.520066703e-05
0.377,0.05385133949,0.01118182609,-0.21,0.05384807516,0.01121689223,-0.2099579705,5.483402642e-05
0.378,0.05383544793,0.01125808804,-0.21,0.05383211284,0.01129260641,-0.2099579969,5.446924786e-05
0.379,0.05381941202,0.0113345,-0.21,0.0538160083,0.01136846935,-0.2099580237,5.410644563e-05
0.38,0.05380323146,0.01141105975,-0.21,0.05379976126,0.01144447887,-0.2099580509,5.374573487e-05
0.381,0.05378690597,0.01148776505,-0.21,0.05378337142,0.01152063284,-0.2099580785,5.338723143e-05
0.382,0.05377043528,0.01156461367,-0.21,0.05376683853,0.01159692907,-0.2099581064,5.303105185e-05
0.383,0.05375381913,0.01164160338,-0.21,0.05375016233,0.01167336541,-0.2099581347,5.267731329e-05
0.384,0.05373705725,0.01171873193,-0.21,0.05373334258,0.0117499397,-0.2099581634,5.232613338e-05
0.385,0.05372014941,0.01179599708,-0.21,0.05371637904,0.01182664975,-0.2099581924,5.197763018e-05
0.386,0.05370309538,0.01187339659,-0.21,0.05369927148,0.01190349339,-0.2099582218,5.163192201e-05
0.387,0.05368589494,0.0119509282,-0.21,0.0536820197,0.01198046846,-0.2099582516,5.128912744e-05
0.388,0.05366854787,0.01202858966,-0.21,0.05366462348,0.01205757277,-0.2099582817,5.094936516e-05
0.389,0.05365105399,0.01210637872,-0.21,0.05364708264,0.01213480415,-0.2099583122,5.061275393e-05
0.39,0.0536334131,0.01218429313,-0.21,0.05362939698,0.01221216041,-0.209958343,5.027941251e-05
0.391,0.05361562503,0.01226233064,-0.21,0.05361156634,0.01228963939,-0.2099583742,4.994945956e-05
0.392,0.05359768961,0.01234048898,-0.21,0.05359359055,0.01236723889,-0.2099584057,4.962301357e-05
0.393,0.05357960669,0.0124187659,-0.21,0.05357546946,0.01244495674,-0.2099584376,4.930019267e-05
0.394,0.05356137613,0.01249715914,-0.21,0.05355720293,0.01252279077,-0.2099584698,4.898111456e-05
0.395,0.0535429978,0.01257566646,-0.21,0.05353879081,0.01260073878,-0.2099585024,4.86658963e-05
0.396,0.05352447156,0.01265428559,-0.21,0.05352023301,0.01267879861,-0.2099585353,4.835465419e-05
0.397,0.05350579733,0.01273301428,-0.21,0.05350152939,0.01275696808,-0.2099585686,4.804750362e-05
0.398,0.05348697498,0.01281185027,-0.21,0.05348267985,0.01283524501,-0.2099586022,4.774455887e-05
0.399,0.05346800444,0.01289079132,-0.21,0.05346368432,0.01291362723,-0.2099586361,4.744593301e-05
0.4,0.05344888563,0.01296983517,-0.21,0.05344454269,0.01299211257,-0.2099586703,4.715173774e-05
0.401,0.05342961849,0.01304897958,-0.21,0.05342525491,0.01307069886,-0.2099587049,4.686208324e-05
0.402,0.05341020295,0.01312822231,-0.21,0.05340582091,0.01314938394,-0.2099587398,4.6577078e-05
0.403,0.05339063897,0.0132075611,-0.21,0.05338624064,0.01322816564,-0.209958775,4.629682867e-05
0.404,0.05337092652,0.01328699372,-0.21,0.05336651405,0.01330704181,-0.2099588105,4.602143985e-05
0.405,0.05335106558,0.01336651793,-0.21,0.05334664112,0.01338601029,-0.2099588463,4.575101391e-05
0.406,0.05333105613,0.01344613151,-0.21,0.05332662182,0.01346506893,-0.2099588824,4.548565074e-05
0.407,0.05331089816,0.01352583222,-0.21,0.05330645614,0.01354421558,-0.2099589188,4.522544761e-05
0.408,0.05329059169,0.01360561785,-0.21,0.05328614408,0.01362344811,-0.2099589556,4.497049891e-05
0.409,0.05327013674,0.01368548617,-0.21,0.05326568564,0.01370276437,-0.2099589926,4.4720896e-05
0.41,0.05324953333,0.01376543497,-0.21,0.05324508084,0.01378216225,-0.2099590299,4.447672692e-05
0.411,0.05322878151,0.01384546205,-0.21,0.05322432971,0.0138616396,-0.2099590674,4.42380763e-05
0.412,0.05320788131,0.0139255652,-0.21,0.05320343227,0.01394119433,-0.2099591053,4.400502509e-05
0.413,0.05318683281,0.01400574223,-0.21,0.05318238859,0.0140208243,-0.2099591434,4.37776504e-05
0.414,0.05316563607,0.01408599095,-0.21,0.0531611987,0.01410052743,-0.2099591818,4.355602531e-05
0.415,0.05314429117,0.01416630918,-0.21,0.05313986267,0.01418030161,-0.2099592204,4.334021861e-05
0.416,0.0531227982,0.01424669474,-0.21,0.05311838057,0.01426014475,-0.2099592593,4.313029461e-05
0.417,0.05310115726,0.01432714548,-0.21,0.05309675249,0.01434005477,-0.2099592984,4.292631301e-05
0.418,0.05307936846,0.01440765923,-0.21,0.05307497851,0.01442002959,-0.2099593378,4.27283286e-05
0.419,0.0530574319,0.01448823384,-0.21,0.05305305872,0.01450006716,-0.2099593774,4.253639111e-05
0.42,0.05303534774,0.01456886717,-0.21,0.05303099325,0.01458016542,-0.2099594173,4.235054506e-05
0.421,0.05301311609,0.01464955709,-0.21,0.05300878219,0.01466032232,-0.2099594574,4.217082954e-05
0.422,0.0529907371,0.01473030148,-0.21,0.05298642568,0.01474053582,-0.2099594976,4.199727809e-05
0.423,0.05296821093,0.01481109822,-0.21,0.05296392384,0.01482080389,-0.2099595381,4.182991854e-05
0.424,0.05294553775,0.01489194522,-0.21,0.05294127682,0.01490112453,-0.2099595788,4.166877286e-05
0.425,0.05292271772,0.01497284037,-0.21,0.05291848475,0.01498149572,-0.2099596197,4.151385704e-05
0.426,0.05289975103,0.01505378161,-0.21,0.05289554781,0.01506191547,-0.2099596608,4.136518097e-05
0.427,0.05287663787,0.01513476686,-0.21,0.05287246614,0.0151423818,-0.2099597021,4.122274833e-05
0.428,0.05285337842,0.01521579407,-0.21,0.05284923991,0.01522289273,-0.2099597435,4.10865565e-05
0.429,0.05282997291,0.01529686118,-0.21,0.05282586932,0.01530344631,-0.2099597851,4.095659647e-05
0.43,0.05280642155,0.01537796617,-0.21,0.05280235453,0.0153840406,-0.2099598268,4.083285278e-05
0.431,0.05278272455,0.01545910701,-0.21,0.05277869574,0.01546467365,-0.2099598688,4.071530345e-05
0.432,0.05275888214,0.01554028169,-0.21,0.05275489315,0.01554534354,-0.2099599108,4.060391999e-05
0.433,0.05273489457,0.01562148824,-0.21,0.05273094696,0.01562604838,-0.209959953,4.049866735e-05
0.434,0.05271076208,0.01570272465,-0.21,0.05270685739,0.01570678626,-0.2099599953,4.039950396e-05
0.435,0.05268648491,0.01578398897,-0.21,0.05268262464,0.01578755531,-0.2099600377,4.030638173e-05
0.436,0.05266206333,0.01586527925,-0.21,0.05265824895,0.01586835367,-0.2099600803,4.02192461e-05
0.437,0.05263749761,0.01594659355,-0.21,0.05263373054,0.01594917948,-0.2099601229,4.013803609e-05
0.438,0.05261278801,0.01602792994,-0.21,0.05260906965,0.01603003091,-0.2099601656,4.006268433e-05
0.439,0.05258793481,0.01610928653,-0.21,0.05258426652,0.01611090615,-0.2099602084,3.999311721e-05
0.44,0.0525629383,0.01619066143,-0.21,0.0525593214,0.0161918034,-0.2099602513,3.992925495e-05
0.441,0.05253779877,0.01627205275,-0.21,0.05253423452,0.01627272086,-0.2099602942,3.987101172e-05
0.442,0.05251251651,0.01635345866,-0.21,0.05250900616,0.01635365677,-0.2099603372,3.981829573e-05
0.443,0.05248709183,0.01643487729,-0.21,0.05248363657,0.01643460939,-0.2099603803,3.977100943e-05
0.444,0.05246152503,0.01651630685,-0.21,0.05245812601,0.01651557697,-0.2099604233,3.972904967e-05
0.445,0.05243581642,0.01659774551,-0.21,0.05243247476,0.0165965578,-0.2099604664,3.969230788e-05
0.446,0.05240996633,0.01667919151,-0.21,0.05240668308,0.01667755018,-0.2099605096,3.96606702e-05
0.447,0.05238397507,0.01676064306,-0.21,0.05238075126,0.01675855244,-0.2099605527,3.963401774e-05
0.448,0.05235784297,0.01684209843,-0.21,0.05235467957,0.01683956292,-0.2099605958,3.961222675e-05
0.449,0.05233157036,0.01692355588,-0.21,0.05232846829,0.01692057997,-0.2099606389,3.959516886e-05
0.45,0.05230515757,0.01700501371,-0.21,0.05230211772,0.01700160198,-0.2099606819,3.958271126e-05
0.451,0.05227860495,0.01708647023,-0.21,0.05227562813,0.01708262735,-0.209960725,3.957471696e-05
0.452,0.05225191282,0.01716792377,-0.21,0.05224899983,0.01716365449,-0.2099607679,3.957104505e-05
0.453,0.05222508154,0.01724937268,-0.21,0.0522222331,0.01724468185,-0.2099608108,3.957155088e-05
0.454,0.05219811146,0.01733081534,-0.21,0.05219532825,0.01732570789,-0.2099608537,3.957608634e-05
0.455,0.05217100291,0.01741225015,-0.21,0.05216828556,0.01740673109,-0.2099608964,3.958450016e-05
0.456,0.05214375626,0.01749367552,-0.21,0.05214110534,0.01748774997,-0.2099609391,3.959663804e-05
0.457,0.05211637185,0.0175750899,-0.21,0.05211378788,0.01756876304,-0.2099609816,3.9612343e-05
0.458,0.05208885005,0.01765649174,-0.21,0.05208633349,0.01764976886,-0.2099610241,3.963145559e-05
0.459,0.0520611912,0.01773787954,-0.21,0.05205874247,0.017730766,-0.2099610664,3.965381416e-05
0.46,0.05203339567,0.0178192518,-0.21,0.05203101512,0.01781175307,-0.2099611085,3.967925508e-05
0.461,0.05200546382,0.01790060705,-0.21,0.05200315173,0.01789272868,-0.2099611505,3.970761301e-05
0.462,0.051977396,0.01798194386,-0.21,0.05197515261,0.01797369147,-0.2099611924,3.973872114e-05
0.463,0.05194919257,0.01806326081,-0.21,0.05194701807,0.01805464012,-0.209961234,3.977241142e-05
0.464,0.0519208539,0.0181445565,-0.21,0.05191874839,0.01813557332,-0.2099612755,3.980851479e-05
0.465,0.05189238033,0.01822582957,-0.21,0.05189034388,0.01821648979,-0.2099613168,3.984686146e-05
0.466,0.05186377223,0.01830707867,-0.21,0.05186180483,0.01829738828,-0.2099613578,3.988728107e-05
0.467,0.05183502996,0.0183883025,-0.21,0.05183313153,0.01837826755,-0.2099613986,3.992960298e-05
0.468,0.05180615387,0.01846949975,-0.21,0.05180432429,0.01845912641,-0.2099614391,3.997365643e-05
0.469,0.05177714431,0.01855066917,-0.21,0.05177538338,0.01853996368,-0.2099614794,4.001927078e-05
0.47,0.05174800164,0.01863180953,-0.21,0.05174630909,0.01862077821,-0.2099615195,4.00662757e-05
0.471,0.0517187262,0.01871291961,-0.21,0.0517171017,0.01870156888,-0.2099615592,4.01145014e-05
0.472,0.05168931834,0.01879399824,-0.21,0.05168776151,0.01878233459,-0.2099615986,4.016377878e-05
0.473,0.0516597784,0.01887504425,-0.21,0.05165828877,0.01886307429,-0.2099616378,4.021393965e-05
0.474,0.05163010672,0.01895605654,-0.21,0.05162868376,0.01894378692,-0.2099616765,4.026481691e-05
0.475,0.05160030364,0.01903703401,-0.21,0.05159894674,0.01902447149,-0.209961715,4.03162447e-05
0.476,0.05157036949,0.01911797559,-0.21,0.05156907798,0.01910512701,-0.2099617531,4.036805861e-05
0.477,0.05154030459,0.01919888024,-0.21,0.05153907773,0.01918575254,-0.2099617908,4.042009585e-05
0.478,0.05151010927,0.01927974697,-0.21,0.05150894624,0.01926634716,-0.2099618281,4.047219535e-05
0.479,0.05147978383,0.0193605748,-0.21,0.05147868376,0.01934690997,-0.2099618651,4.0524198e-05
0.48,0.0514493286,0.01944136277,-0.21,0.05144829051,0.01942744012,-0.2099619016,4.057594676e-05
0.481,0.05141874387,0.01952210999,-0.21,0.05141776673,0.01950793677,-0.2099619377,4.062728677e-05
0.482,0.05138802995,0.01960281557,-0.21,0.05138711264,0.01958839914,-0.2099619733,4.067806556e-05
0.483,0.05135718711,0.01968347866,-0.21,0.05135632846,0.01966882645,-0.2099620085,4.072813313e-05
0.484,0.05132621565,0.01976409844,-0.21,0.05132541438,0.01974921798,-0.2099620432,4.077734216e-05
0.485,0.05129511584,0.01984467413,-0.21,0.05129437062,0.01982957302,-0.2099620774,4.082554808e-05
0.486,0.05126388794,0.01992520498,-0.21,0.05126319734,0.0199098909,-0.2099621111,4.087260928e-05
0.487,0.05123253221,0.02000569026,-0.21,0.05123189474,0.01999017099,-0.2099621442,4.091838714e-05
0.488,0.05120104891,0.02008612931,-0.21,0.05120046298,0.02007041269,-0.2099621768,4.096274623e-05
0.489,0.05116943827,0.02016652145,-0.21,0.05116890222,0.02015061543,-0.2099622089,4.100555445e-05
0.49,0.05113770051,0.02024686608,-0.21,0.05113721261,0.02023077867,-0.2099622404,4.104668312e-05
0.491,0.05110583587,0.02032716262,-0.21,0.05110539427,0.02031090192,-0.2099622713,4.108600711e-05
0.492,0.05107384454,0.02040741051,-0.21,0.05107344735,0.02039098471,-0.2099623016,4.112340502e-05
0.493,0.05104172673,0.02048760925,-0.21,0.05104137194,0.02047102661,-0.2099623313,4.115875926e-05
0.494,0.05100948261,0.02056775836,-0.21,0.05100916815,0.02055102723,-0.2099623603,4.11919562e-05
0.495,0.05097711236,0.02064785741,-0.21,0.05097683607,0.0206309862,-0.2099623887,4.122288629e-05
0.496,0.05094461614,0.02072790598,-0.21,0.05094437577,0.02071090322,-0.2099624164,4.125144424e-05
0.497,0.0509119941,0.02080790371,-0.21,0.0509117873,0.02079077798,-0.2099624434,4.127752915e-05
0.498,0.05087924637,0.02088785028,-0.21,0.05087907072,0.02087061024,-0.2099624697,4.130104465e-05
0.499,0.05084637306,0.02096774539,-0.21,0.05084622605,0.02095039979,-0.2099624952,4.132189902e-05
0.5,0.05081337429,0.02104758878,-0.21,0.0508132533,0.02103014645,-0.2099625201,4.134000541e-05
0.501,0.05078025014,0.02112738024,-0.21,0.05078015248,0.02110985009,-0.2099625441,4.135528129e-05
0.502,0.05074700069,0.02120711958,-0.21,0.05074692363,0.02118951051,-0.2099625674,4.136767335e-05
0.503,0.05071362603,0.02128680658,-0.21,0.05071356704,0.02126912696,-0.20996259,4.137729982e-05
0.504,0.05068012625,0.02136644106,-0.21,0.05068008334,0.02134869791,-0.209962612,4.138455349e-05
0.505,0.05064650141,0.02144602283,-0.21,0.05064647335,0.0214282211,-0.2099626337,4.139009172e-05
0.506,0.05061275161,0.02152555168,-0.21,0.05061273778,0.02150769392,-0.2099626553,4.139471997e-05
0.507,0.05057887692,0.02160502741,-0.21,0.05057887715,0.02158711396,-0.209962677,4.139921186e-05
0.508,0.05054487744,0.02168444984,-0.21,0.05054489164,0.02166647949,-0.2099626989,4.140413054e-05
0.509,0.05051075324,0.02176381876,-0.21,0.05051078126,0.0217457897,-0.2099627211,4.140971395e-05
0.51,0.05047650441,0.02184313398,-0.21,0.05047654596,0.02182504478,-0.2099627434,4.141586042e-05
0.511,0.05044213104,0.02192239531,-0.21,0.05044218574,0.02190424558,-0.2099627658,4.14222146e-05
0.512,0.0504076332,0.02200160255,-0.21,0.05040770076,0.02198339324,-0.2099627881,4.142832034e-05
0.513,0.05037301099,0.0220807555,-0.21,0.05037309129,0.02206248869,-0.2099628103,4.143378879e-05
0.514,0.05033826449,0.02215985396,-0.21,0.05033835763,0.02214153224,-0.2099628321,4.143842919e-05
0.515,0.05030339379,0.02223889775,-0.21,0.05030350003,0.02222052349,-0.2099628538,4.144230591e-05
0.516,0.05026839897,0.02231788667,-0.21,0.0502685186,0.02229946135,-0.2099628753,4.14457104e-05
0.517,0.05023328011,0.02239682052,-0.21,0.05023341334,0.02237834436,-0.2099628969,4.144906373e-05
0.518,0.05019803731,0.02247569911,-0.21,0.05019818416,0.02245717109,-0.2099629187,4.145278473e-05
0.519,0.05016267065,0.02255452224,-0.21,0.05016283101,0.02253594045,-0.2099629408,4.145716631e-05
0.52,0.05012718021,0.02263328972,-0.21,0.05012735387,0.02261465201,-0.2099629632,4.146229652e-05
0.521,0.0500915661,0.02271200136,-0.21,0.05009175285,0.02269330598,-0.2099629859,4.146804519e-05
0.522,0.05005582839,0.02279065695,-0.21,0.05005602813,0.02277190306,-0.2099630087,4.147411644e-05
0.523,0.05001996717,0.02286925632,-0.21,0.05002017998,0.02285044417,-0.2099630316,4.148014796e-05
0.524,0.04998398253,0.02294779925,-0.21,0.04998420862,0.02292893003,-0.2099630544,4.148582489e-05
0.525,0.04994787456,0.02302628556,-0.21,0.04994811422,0.02300736096,-0.2099630771,4.149097359e-05
0.526,0.04991164335,0.02310471506,-0.21,0.04991189686,0.0230857367,-0.2099630996,4.149560773e-05
0.527,0.04987528899,0.02318308755,-0.21,0.04987555655,0.02316405648,-0.209963122,4.149991485e-05
0.528,0.04983881156,0.02326140284,-0.21,0.04983909325,0.02324231921,-0.2099631444,4.150419043e-05
0.529,0.04980221116,0.02333966073,-0.21,0.04980250692,0.02332052378,-0.2099631671,4.150874206e-05
0.53,0.04976548789,0.02341786104,-0.21,0.04976579757,0.02339866934,-0.20996319,4.151379446e-05
0.531,0.04972864181,0.02349600356,-0.21,0.04972896527,0.0234767555,-0.2099632132,4.15194242e-05
0.532,0.04969167304,0.02357408811,-0.21,0.04969201016,0.02355478236,-0.2099632366,4.152554258e-05
0.533,0.04965458166,0.02365211449,-0.21,0.04965493242,0.02363275038,-0.2099632602,4.153192984e-05
0.534,0.04961736777,0.02373008251,-0.21,0.04961773227,0.02371066021,-0.2099632839,4.153830789e-05
0.535,0.04958003144,0.02380799198,-0.21,0.04958040985,0.02378851236,-0.2099633075,4.154442799e-05
0.536,0.04954257278,0.02388584271,-0.21,0.04954296532,0.02386630704,-0.209963331,4.155014547e-05
0.537,0.04950499188,0.0239636345,-0.21,0.04950539874,0.02394404405,-0.2099633543,4.155545931e-05
0.538,0.04946728884,0.02404136717,-0.21,0.04946771013,0.02402172278,-0.2099633777,4.156050547e-05
0.539,0.04942946373,0.02411904051,-0.21,0.04942989951,0.02409934237,-0.209963401,4.156550836e-05
0.54,0.04939151667,0.02419665434,-0.21,0.04939196688,0.02417690194,-0.2099634246,4.157070725e-05
0.541,0.04935344773,0.02427420847,-0.21,0.04935391228,0.02425440079,-0.2099634483,4.157628144e-05
0.542,0.04931525702,0.02435170271,-0.21,0.0493157358,0.02433183858,-0.2099634723,4.158229751e-05
0.543,0.04927694463,0.02442913686,-0.21,0.04927743757,0.02440921529,-0.2099634965,4.158869356e-05
0.544,0.04923851066,0.02450651073,-0.21,0.04923901773,0.02448653125,-0.2099635208,4.159530388e-05
0.545,0.04919995519,0.02458382414,-0.21,0.04920047648,0.02456378685,-0.2099635452,4.160191449e-05
0.546,0.04916127833,0.02466107688,-0.21,0.04916181394,0.02464098246,-0.2099635695,4.160833104e-05
0.547,0.04912248016,0.02473826878,-0.21,0.04912303026,0.02471811821,-0.2099635938,4.161443774e-05
0.548,0.0490835608,0.02481539964,-0.21,0.04908412552,0.02479519389,-0.209963618,4.162022924e-05
0.549,0.04904452032,0.02489246927,-0.21,0.04904509977,0.02487220901,-0.2099636421,4.162580696e-05
0.55,0.04900535883,0.02496947749,-0.21,0.04900595305,0.0249491629,-0.2099636664,4.163134259e-05
0.551,0.04896607643,0.02504642409,-0.21,0.04896668538,0.02502605484,-0.2099636907,4.163702157e-05
0.552,0.0489266732,0.02512330889,-0.21,0.04892729682,0.02510288428,-0.2099637152,4.164298507e-05
0.553,0.04888714925,0.0252001317,-0.21,0.04888778746,0.02517965086,-0.20996374,4.16492883e-05
0.554,0.04884750468,0.02527689233,-0.21,0.04884815742,0.02525635455,-0.2099637648,4.165588741e-05
0.555,0.04880773959,0.0253535906,-0.21,0.04880840683,0.02533299551,-0.2099637899,4.166265745e-05
0.556,0.04876785406,0.02543022631,-0.21,0.04876853587,0.02540957401,-0.2099638149,4.166943456e-05
0.557,0.04872784821,0.02550679927,-0.21,0.04872854466,0.02548609027,-0.20996384,4.167606824e-05
0.558,0.04868772212,0.02558330929,-0.21,0.04868843335,0.02556254433,-0.209963865,4.168246711e-05
0.559,0.04864747591,0.0256597562,-0.21,0.04864820201,0.02563893603,-0.20996389,4.168862423e-05
0.56,0.04860710965,0.02573613978,-0.21,0.04860785073,0.02571526494,-0.2099639149,4.169461518e-05
0.561,0.04856662347,0.02581245987,-0.21,0.04856737954,0.02579153053,-0.2099639399,4.170057076e-05
0.562,0.04852601745,0.02588871627,-0.21,0.04852678851,0.02586773221,-0.209963965,4.170663384e-05
0.563,0.0484852917,0.02596490879,-0.21,0.04848607769,0.02594386951,-0.2099639903,4.171291466e-05
0.564,0.04844444632,0.02604103724,-0.21,0.04844524718,0.02601994212,-0.2099640157,4.171945827e-05
0.565,0.04840348141,0.02611710144,-0.21,0.04840429709,0.02609594995,-0.2099640413,4.17262336e-05
0.566,0.04836239706,0.0261931012,-0.21,0.04836322756,0.02617189308,-0.209964067,4.173314662e-05
0.567,0.04832119339,0.02626903633,-0.21,0.04832203873,0.02624777166,-0.2099640927,4.174007225e-05
0.568,0.04827987048,0.02634490665,-0.21,0.04828073075,0.0263235858,-0.2099641185,4.174689436e-05
0.569,0.04823842845,0.02642071196,-0.21,0.04823930374,0.02639933551,-0.2099641442,4.175354116e-05
0.57,0.0481968674,0.02649645208,-0.21,0.04819775779,0.02647502061,-0.2099641699,4.176000531e-05
0.571,0.04815518743,0.02657212682,-0.21,0.04815609299,0.02655064075,-0.2099641956,4.176634301e-05
0.572,0.04811338864,0.026647736,-0.21,0.0481143094,0.02662619548,-0.2099642213,4.177265363e-05
0.573,0.04807147113,0.02672327942,-0.21,0.04807240709,0.02670168433,-0.2099642472,4.177904693e-05
0.574,0.04802943501,0.02679875691,-0.21,0.04803038614,0.02677710688,-0.2099642731,4.178560863e-05
0.575,0.04798728039,0.02687416828,-0.21,0.04798824663,0.02685246287,-0.2099642992,4.179237502e-05
0.576,0.04794500736,0.02694951334,-0.21,0.04794598868,0.02692775216,-0.2099643255,4.179932412e-05
0.577,0.04790261603,0.0270247919,-0.21,0.04790361242,0.02700297478,-0.2099643518,4.180638518e-05
0.578,0.04786010651,0.02710000379,-0.21,0.047861118,0.02707813077,-0.2099643782,4.18134628e-05
0.579,0.04781747889,0.0271751488,-0.21,0.04781850554,0.02715322019,-0.2099644046,4.182046759e-05
0.58,0.04777473329,0.02725022676,-0.21,0.04777577517,0.027228243,-0.209964431,4.182734342e-05
0.581,0.04773186982,0.02732523749,-0.21,0.047732927,0.02730319901,-0.2099644574,4.183408324e-05
0.582,0.04768888856,0.02740018079,-0.21,0.04768996111,0.02737808794,-0.2099644838,4.184072888e-05
0.583,0.04764578964,0.02747505649,-0.21,0.04764687758,0.02745290939,-0.2099645102,4.184735578e-05
0.584,0.04760257316,0.02754986439,-0.21,0.04760367649,0.02752766298,-0.2099645368,4.185404802e-05
0.585,0.04755923923,0.02762460432,-0.21,0.04756035791,0.02760234834,-0.2099645634,4.186087198e-05
0.586,0.04751578795,0.02769927609,-0.21,0.04751692196,0.02767696522,-0.2099645902,4.186785659e-05
0.587,0.04747221942,0.02777387951,-0.21,0.04747336874,0.02775151349,-0.209964617,4.187498621e-05
0.588,0.04742853377,0.0278484144,-0.21,0.04742969839,0.0278259931,-0.209964644,4.188220758e-05
0.589,0.04738473108,0.02792288058,-0.21,0.04738591103,0.02790040405,-0.209964671,4.188944806e-05
0.59,0.04734081149,0.02799727787,-0.21,0.0473420068,0.02797474633,-0.209964698,4.189663895e-05
0.591,0.04729677508,0.02807160607,-0.21,0.04729798582,0.02804901987,-0.2099647251,4.190373662e-05
0.592,0.04725262197,0.02814586501,-0.21,0.0472538482,0.02812322449,-0.2099647521,4.191073474e-05
0.593,0.04720835227,0.0282200545,-0.21,0.04720959403,0.02819735993,-0.2099647792,4.191766449e-05
0.594,0.04716396609,0.02829417436,-0.21,0.04716522341,0.02827142586,-0.2099648063,4.192458305e-05
0.595,0.04711946354,0.02836822441,-0.21,0.04712073642,0.02834542193,-0.2099648335,4.193155473e-05
0.596,0.04707484472,0.02844220446,-0.21,0.04707613314,0.02841934784,-0.2099648608,4.19386307e-05
0.597,0.04703010975,0.02851611433,-0.21,0.0470314137,0.02849320336,-0.2099648882,4.194583379e-05
0.598,0.04698525874,0.02858995384,-0.21,0.04698657819,0.02856698832,-0.2099649157,4.195315281e-05
0.599,0.0469402918,0.02866372281,-0.21,0.04694162675,0.02864070266,-0.2099649432,4.196054763e-05
0.6,0.04689520904,0.02873742106,-0.21,0.04689655951,0.02871434632,-0.2099649708,4.196796296e-05
0.601,0.04685001057,0.0288110484,-0.21,0.04685137659,0.02878791926,-0.2099649985,4.197534621e-05
0.602,0.0468046965,0.02888460465,-0.21,0.04680607813,0.02886142137,-0.2099650261,4.198266358e-05
0.603,0.04675926694,0.02895808963,-0.21,0.04676066423,0.02893485249,-0.2099650538,4.198990967e-05
0.604,0.04671372201,0.02903150316,-0.21,0.04671513499,0.02900821237,-0.2099650815,4.199710775e-05
0.605,0.04666806182,0.02910484505,-0.21,0.04666949051,0.02908150072,-0.2099651093,4.200430116e-05
0.606,0.04662228648,0.02917811514,-0.21,0.04662373089,0.02915471724,-0.2099651371,4.201153896e-05
0.607,0.04657639611,0.02925131323,-0.21,0.04657785622,0.02922786167,-0.209965165,4.201886042e-05
0.608,0.04653039081,0.02932443914,-0.21,0.04653186661,0.02930093377,-0.209965193,4.202628341e-05
0.609,0.0464842707,0.0293974927,-0.21,0.04648576219,0.02937393339,-0.2099652211,4.203379982e-05
0.61,0.0464380359,0.02947047372,-0.21,0.04643954306,0.02944686042,-0.2099652492,4.204137941e-05
0.611,0.04639168652,0.02954338203,-0.21,0.04639320938,0.02951971478,-0.2099652774,4.204898016e-05
0.612,0.04634522267,0.02961621745,-0.21,0.04634676125,0.0295924964,-0.2099653056,4.205656187e-05
0.613,0.04629864447,0.02968897978,-0.21,0.04630019881,0.02966520516,-0.2099653339,4.206409853e-05
0.614,0.04625195203,0.02976166887,-0.21,0.04625352218,0.02973784088,-0.2099653622,4.207158567e-05
0.615,0.04620514546,0.02983428452,-0.21,0.04620673145,0.02981040333,-0.2099653905,4.207904068e-05
0.616,0.0461582249,0.02990682655,-0.21,0.04615982673,0.02988289227,-0.2099654188,4.208649641e-05
0.617,0.04611119044,0.0299792948,-0.21,0.04611280813,0.02995530743,-0.2099654472,4.209399016e-05
0.618,0.0460640422,0.03005168907,-0.21,0.04606567575,0.03002764854,-0.2099654757,4.2101552e-05
0.619,0.04601678031,0.03012400919,-0.21,0.0460184297,0.03009991542,-0.2099655043,4.210919578e-05
0.62,0.04596940488,0.03019625499,-0.21,0.0459710701,0.03017210788,-0.2099655329,4.211691559e-05
0.621,0.04592191602,0.03026842628,-0.21,0.04592359708,0.03024422582,-0.2099655616,4.212468856e-05
0.622,0.04587431385,0.03034052288,-0.21,0.04587601076,0.03031626912,-0.2099655904,4.21324828e-05
0.623,0.04582659849,0.03041254463,-0.21,0.04582831128,0.03038823769,-0.2099656192,4.214026768e-05
0.624,0.04577877006,0.03048449133,-0.21,0.04578049875,0.03046013138,-0.209965648,4.214802325e-05
0.625,0.04573082868,0.03055636282,-0.21,0.04573257331,0.03053195003,-0.2099656768,4.215574591e-05
0.626,0.04568277446,0.03062815891,-0.21,0.04568453505,0.03060369344,-0.2099657057,4.216344873e-05
0.627,0.04563460752,0.03069987943,-0.21,0.04563638409,0.03067536136,-0.2099657346,4.217115654e-05
0.628,0.04558632798,0.0307715242,-0.21,0.04558812054,0.03074695355,-0.2099657636,4.21788977e-05
0.629,0.04553793596,0.03084309304,-0.21,0.0455397445,0.03081846978,-0.2099657927,4.218669512e-05
0.63,0.04548943159,0.03091458578,-0.21,0.0454912561,0.03088990986,-0.2099658218,4.219455942e-05
0.631,0.04544081497,0.03098600225,-0.21,0.04544265545,0.03096127361,-0.209965851,4.22024862e-05
0.632,0.04539208623,0.03105734225,-0.21,0.04539394268,0.0310325609,-0.2099658802,4.221045823e-05
0.633,0.04534324549,0.03112860563,-0.21,0.04534511793,0.03110377162,-0.2099659095,4.221845128e-05
0.634,0.04529429287,0.0311997922,-0.21,0.04529618131,0.03117490564,-0.2099659388,4.222644206e-05
0.635,0.04524522849,0.03127090179,-0.21,0.04524713296,0.03124596282,-0.2099659682,4.223441537e-05
0.636,0.04519605247,0.03134193422,-0.21,0.045197973,0.03131694298,-0.2099659975,4.224236837e-05
0.637,0.04514676494,0.03141288932,-0.21,0.04514870154,0.03138784594,-0.209966027,4.225031088e-05
0.638,0.04509736601,0.03148376691,-0.21,0.0450993187,0.03145867147,-0.2099660564,4.22582617e-05
0.639,0.04504785581,0.03155456681,-0.21,0.0450498246,0.03152941934,-0.2099660859,4.226624232e-05
0.64,0.04499823446,0.03162528886,-0.21,0.04500021934,0.03160008935,-0.2099661155,4.22742701e-05
0.641,0.04494850208,0.03169593288,-0.21,0.04495050304,0.03167068131,-0.2099661451,4.228235314e-05
0.642,0.04489865879,0.03176649869,-0.21,0.04490067584,0.03174119504,-0.2099661748,4.229048817e-05
0.643,0.04484870472,0.03183698612,-0.21,0.04485073786,0.0318116304,-0.2099662046,4.229866208e-05
0.644,0.04479863999,0.03190739499,-0.21,0.04480068923,0.03188198727,-0.2099662344,4.230685655e-05
0.645,0.04474846472,0.03197772514,-0.21,0.04475053008,0.0319522655,-0.2099662642,4.231505389e-05
0.646,0.04469817904,0.03204797638,-0.21,0.04470026053,0.03202246495,-0.2099662941,4.232324256e-05
0.647,0.04464778308,0.03211814855,-0.21,0.04464988072,0.03209258545,-0.2099663239,4.233142036e-05
0.648,0.04459727695,0.03218824147,-0.21,0.04459939076,0.0321626268,-0.2099663539,4.233959473e-05
0.649,0.04454666078,0.03225825497,-0.21,0.04454879078,0.03223258882,-0.2099663838,4.234777984e-05
0.65,0.04449593469,0.03232818888,-0.21,0.04449808088,0.03230247128,-0.2099664139,4.235599195e-05
0.651,0.04444509882,0.03239804301,-0.21,0.04444726119,0.03237227398,-0.2099664439,4.23642442e-05
0.652,0.04439415328,0.03246781721,-0.21,0.04439633184,0.03244199674,-0.209966474,4.237254269e-05
0.653,0.0443430982,0.0325375113,-0.21,0.04434529295,0.0325116394,-0.2099665042,4.23808849e-05
0.654,0.04429193371,0.03260712511,-0.21,0.04429414464,0.0325812018,-0.2099665344,4.238926091e-05
0.655,0.04424065994,0.03267665846,-0.21,0.04424288706,0.0326506838,-0.2099665647,4.239765683e-05
0.656,0.04418927701,0.03274611118,-0.21,0.04419152034,0.03272008526,-0.209966595,4.240605928e-05
0.657,0.04413778504,0.03281548311,-0.21,0.04414004459,0.03278940603,-0.2099666254,4.241445951e-05
0.658,0.04408618417,0.03288477407,-0.21,0.04408845996,0.03285864594,-0.2099666557,4.242285589e-05
0.659,0.04403447452,0.03295398389,-0.21,0.04403676656,0.03292780481,-0.2099666861,4.2431254e-05
0.66,0.04398265622,0.03302311239,-0.21,0.04398496452,0.03299688244,-0.2099667166,4.243966457e-05
0.661,0.04393072939,0.03309215942,-0.21,0.04393305396,0.03306587863,-0.2099667471,4.244809984e-05
0.662,0.04387869417,0.03316112479,-0.21,0.043881035,0.0331347932,-0.2099667776,4.245656972e-05
0.663,0.04382655069,0.03323000835,-0.21,0.04382890778,0.03320362596,-0.2099668082,4.246507876e-05
0.664,0.04377429907,0.03329880991,-0.21,0.04377667242,0.03327237675,-0.2099668388,4.2473625e-05
0.665,0.04372193944,0.03336752931,-0.21,0.04372432905,0.03334104542,-0.2099668695,4.248220089e-05
0.666,0.04366947193,0.03343616637,-0.21,0.04367187781,0.03340963181,-0.2099669002,4.249079593e-05
0.667,0.04361689666,0.03350472094,-0.21,0.04361931883,0.03347813579,-0.209966931,4.249939999e-05
0.668,0.04356421378,0.03357319284,-0.21,0.04356665224,0.03354655719,-0.2099669617,4.250800649e-05
0.669,0.04351142341,0.0336415819,-0.21,0.04351387817,0.03361489585,-0.2099669926,4.251661421e-05
0.67,0.04345852568,0.03370988795,-0.21,0.04346099675,0.03368315159,-0.2099670234,4.252522737e-05
0.671,0.04340552072,0.03377811083,-0.21,0.04340800811,0.03375132423,-0.2099670543,4.253385406e-05
0.672,0.04335240866,0.03384625036,-0.21,0.04335491237,0.03381941357,-0.2099670852,4.254250352e-05
0.673,0.04329918963,0.03391430638,-0.21,0.04330170967,0.03388741944,-0.2099671162,4.255118316e-05
0.674,0.04324586377,0.03398227872,-0.21,0.04324840013,0.03395534166,-0.2099671472,4.255989631e-05
0.675,0.0431924312,0.03405016721,-0.21,0.04319498388,0.03402318006,-0.2099671783,4.256864143e-05
0.676,0.04313889206,0.03411797169,-0.21,0.04314146106,0.03409093449,-0.2099672094,4.257741277e-05
0.677,0.04308524647,0.03418569198,-0.21,0.0430878318,0.0341586048,-0.2099672405,4.258620239e-05
0.678,0.04303149458,0.03425332793,-0.21,0.04303409625,0.03422619084,-0.2099672717,4.259500264e-05
0.679,0.04297763651,0.03432087935,-0.21,0.04298025452,0.03429369245,-0.2099673029,4.260380857e-05
0.68,0.0429236724,0.0343883461,-0.21,0.04292630676,0.03436110947,-0.2099673341,4.261261928e-05
0.681,0.04286960238,0.03445572799,-0.21,0.0428722531,0.03442844172,-0.2099673654,4.2621438e-05
0.682,0.04281542659,0.03452302487,-0.21,0.04281809366,0.03449568902,-0.2099673967,4.263027081e-05
0.683,0.04276114515,0.03459023657,-0.21,0.04276382859,0.0345628512,-0.209967428,4.263912461e-05
0.684,0.0427067582,0.03465736292,-0.21,0.042709458,0.03462992808,-0.2099674594,4.264800494e-05
0.685,0.04265226587,0.03472440375,-0.21,0.04265498204,0.03469691948,-0.2099674908,4.265691423e-05
0.686,0.04259766831,0.03479135891,-0.21,0.04260040084,0.03476382524,-0.2099675222,4.266585123e-05
0.687,0.04254296564,0.03485822822,-0.21,0.04254571453,0.03483064521,-0.2099675537,4.267481155e-05
0.688,0.042488158,0.03492501152,-0.21,0.04249092326,0.03489737924,-0.2099675852,4.268378917e-05
0.689,0.04243324553,0.03499170865,-0.21,0.04243602715,0.03496402717,-0.2099676168,4.269277833e-05
0.69,0.04237822835,0.03505831944,-0.21,0.04238102635,0.03503058884,-0.2099676484,4.270177532e-05
0.691,0.04232310661,0.03512484372,-0.21,0.04232592099,0.0350970641,-0.20996768,4.271077949e-05
0.692,0.04226788045,0.03519128134,-0.21,0.04227071121,0.03516345277,-0.2099677116,4.27197933e-05
0.693,0.04221254999,0.03525763213,-0.21,0.04221539714,0.03522975467,-0.2099677433,4.27288213e-05
0.694,0.04215711537,0.03532389592,-0.21,0.04215997892,0.03529596965,-0.209967775,4.273786865e-05
0.695,0.04210157674,0.03539007256,-0.21,0.04210445667,0.03536209751,-0.2099678068,4.274693942e-05
0.696,0.04204593423,0.03545616187,-0.21,0.04204883054,0.0354281381,-0.2099678386,4.275603538e-05
0.697,0.04199018797,0.0355221637,-0.21,0.04199310067,0.03549409126,-0.2099678704,4.276515552e-05
0.698,0.04193433811,0.03558807789,-0.21,0.04193726719,0.03555995683,-0.2099679022,4.277429647e-05
0.699,0.04187838477,0.03565390426,-0.21,0.04188133023,0.03562573465,-0.2099679341,4.278345364e-05
0.7,0.04182232811,0.03571964266,-0.21,0.04182528996,0.03569142458,-0.209967966,4.27926227e-05
0.701,0.04176616825,0.03578529292,-0.21,0.04176914649,0.03575702645,-0.209967998,4.280180087e-05
0.702,0.04170990534,0.03585085489,-0.21,0.04171289997,0.0358225401,-0.2099680299,4.281098771e-05
0.703,0.04165353952,0.0359163284,-0.21,0.04165655054,0.03588796538,-0.2099680619,4.282018504e-05
0.704,0.04159707091,0.03598171329,-0.21,0.04160009833,0.03595330211,-0.2099680939,4.282939629e-05
0.705,0.04154049968,0.0360470094,-0.21,0.04154354349,0.03601855011,-0.209968126,4.283862531e-05
0.706,0.04148382594,0.03611221657,-0.21,0.04148688615,0.03608370923,-0.2099681581,4.284787507e-05
0.707,0.04142704985,0.03617733463,-0.21,0.04143012644,0.03614877931,-0.2099681902,4.285714683e-05
0.708,0.04137017154,0.03624236343,-0.21,0.04137326452,0.03621376017,-0.2099682224,4.286643973e-05
0.709,0.04131319115,0.0363073028,-0.21,0.04131630052,0.03627865167,-0.2099682545,4.287575116e-05
0.71,0.04125610883,0.03637215259,-0.21,0.04125923458,0.03634345366,-0.2099682867,4.288507765e-05
0.711,0.04119892471,0.03643691264,-0.21,0.04120206684,0.03640816598,-0.209968319,4.289441594e-05
0.712,0.04114163894,0.03650158278,-0.21,0.04114479746,0.03647278847,-0.2099683512,4.290376397e-05
0.713,0.04108425165,0.03656616286,-0.21,0.04108742656,0.03653732097,-0.2099683835,4.291312139e-05
0.714,0.041026763,0.03663065271,-0.21,0.04102995429,0.03660176333,-0.2099684158,4.292248959e-05
0.715,0.04096917311,0.03669505218,-0.21,0.04097238078,0.03666611538,-0.2099684482,4.293187111e-05
0.716,0.04091148214,0.03675936111,-0.21,0.04091470619,0.03673037695,-0.2099684805,4.294126882e-05
0.717,0.04085369022,0.03682357934,-0.21,0.04085693065,0.03679454788,-0.2099685129,4.295068487e-05
0.718,0.0407957975,0.03688770671,-0.21,0.04079905431,0.03685862802,-0.2099685454,4.296012011e-05
0.719,0.04073780412,0.03695174306,-0.21,0.0407410773,0.0369226172,-0.2099685778,4.296957382e-05
0.72,0.04067971022,0.03701568824,-0.21,0.04068299977,0.03698651527,-0.2099686103,4.297904399e-05
0.721,0.04062151595,0.03707954209,-0.21,0.04062482186,0.03705032207,-0.2099686428,4.298852795e-05
0.722,0.04056322145,0.03714330445,-0.21,0.04056654373,0.03711403747,-0.2099686753,4.299802326e-05
0.723,0.04050482687,0.03720697516,-0.21,0.0405081655,0.03717766129,-0.2099687079,4.300752837e-05
0.724,0.04044633234,0.03727055406,-0.21,0.04044968734,0.03724119339,-0.2099687404,4.301704302e-05
0.725,0.04038773802,0.037334041,-0.21,0.04039110937,0.0373046336,-0.209968773,4.302656827e-05
0.726,0.04032904404,0.03739743583,-0.21,0.04033243175,0.03736798176,-0.2099688056,4.3036106e-05
0.727,0.04027025056,0.03746073838,-0.21,0.04027365462,0.03743123772,-0.2099688383,4.304565829e-05
0.728,0.04021135771,0.0375239485,-0.21,0.04021477812,0.03749440132,-0.209968871,4.305522669e-05
0.729,0.04015236565,0.03758706603,-0.21,0.04015580239,0.03755747239,-0.2099689037,4.306481177e-05
0.73,0.04009327451,0.03765009083,-0.21,0.04009672759,0.03762045078,-0.2099689364,4.307441289e-05
0.731,0.04003408445,0.03771302272,-0.21,0.04003755386,0.03768333635,-0.2099689691,4.30840285e-05
0.732,0.0399747956,0.03777586156,-0.21,0.03997828135,0.03774612893,-0.2099690019,4.309365656e-05
0.733,0.03991540812,0.03783860719,-0.21,0.03991891019,0.03780882839,-0.2099690347,4.31032952e-05
0.734,0.03985592216,0.03790125946,-0.21,0.03985944055,0.03787143455,-0.2099690675,4.311294328e-05
0.735,0.03979633786,0.03796381821,-0.21,0.03979987256,0.03793394728,-0.2099691003,4.312260059e-05
0.736,0.03973665536,0.03802628329,-0.21,0.03974020638,0.03799636641,-0.2099691331,4.313226792e-05
0.737,0.03967687481,0.03808865455,-0.21,0.03968044214,0.03805869179,-0.209969166,4.314194664e-05
0.738,0.03961699637,0.03815093182,-0.21,0.03962058,0.03812092326,-0.2099691989,4.315163827e-05
0.739,0.03955702017,0.03821311496,-0.21,0.0395606201,0.03818306067,-0.2099692318,4.31613439e-05
0.74,0.03949694638,0.03827520381,-0.21,0.0395005626,0.03824510385,-0.2099692647,4.317106388e-05
0.741,0.03943677512,0.03833719823,-0.21,0.03944040763,0.03830705267,-0.2099692977,4.318079765e-05
0.742,0.03937650657,0.03839909804,-0.21,0.03938015535,0.03836890696,-0.2099693307,4.319054399e-05
0.743,0.03931614085,0.03846090312,-0.21,0.0393198059,0.03843066658,-0.2099693637,4.320030132e-05
0.744,0.03925567813,0.03852261329,-0.21,0.03925935944,0.03849233138,-0.2099693967,4.321006826e-05
0.745,0.03919511854,0.03858422842,-0.21,0.03919881612,0.03855390121,-0.2099694297,4.32198439e-05
0.746,0.03913446225,0.03864574834,-0.21,0.03913817608,0.03861537591,-0.2099694627,4.322962809e-05
0.747,0.03907370939,0.03870717291,-0.21,0.03907743948,0.03867675533,-0.2099694958,4.32394214e-05
0.748,0.03901286013,0.03876850197,-0.21,0.03901660646,0.03873803933,-0.2099695289,4.324922483e-05
0.749,0.0389519146,0.03882973537,-0.21,0.03895567717,0.03879922774,-0.209969562,4.325903945e-05
0.75,0.03889087297,0.03889087297,-0.21,0.03889465176,0.03886032041,-0.2099695951,4.326886604e-05
0.751,0.03882973537,0.0389519146,-0.21,0.03883353039,0.03892131719,-0.2099696283,4.327870474e-05
0.752,0.03876850197,0.03901286013,-0.21,0.0387723132,0.03898221794,-0.2099696614,4.32885551e-05
0.753,0.03870717291,0.03907370939,-0.21,0.03871100034,0.0390430225,-0.2099696946,4.329841614e-05
0.754,0.03864574834,0.03913446225,-0.21,0.03864959197,0.03910373072,-0.2099697278,4.330828664e-05
0.755,0.03858422842,0.03919511854,-0.21,0.03858808824,0.03916434246,-0.209969761,4.331816552e-05
0.756,0.03852261329,0.03925567813,-0.21,0.0385264893,0.03922485757,-0.2099697942,4.332805209e-05
0.757,0.03846090312,0.03931614085,-0.21,0.0384647953,0.0392852759,-0.2099698274,4.333794623e-05
0.758,0.03839909804,0.03937650657,-0.21,0.0384030064,0.0393455973,-0.2099698607,4.334784834e-05
0.759,0.03833719823,0.03943677512,-0.21,0.03834112274,0.03940582162,-0.209969894,4.335775913e-05
0.76,0.03827520381,0.03949694638,-0.21,0.03827914448,0.03946594871,-0.2099699272,4.336767934e-05
0.761,0.03821311496,0.03955702017,-0.21,0.03821707177,0.03952597842,-0.2099699605,4.337760949e-05
0.762,0.03815093182,0.03961699637,-0.21,0.03815490476,0.03958591059,-0.2099699938,4.338754961e-05
0.763,0.03808865455,0.03967687481,-0.21,0.03809264361,0.0396457451,-0.2099700272,4.339749931e-05
0.764,0.03802628329,0.03973665536,-0.21,0.03803028847,0.03970548177,-0.2099700605,4.340745778e-05
0.765,0.03796381821,0.03979633786,-0.21,0.0379678395,0.03976512048,-0.2099700939,4.34174241e-05
0.766,0.03790125946,0.03985592216,-0.21,0.03790529684,0.03982466108,-0.2099701272,4.34273974e-05
0.767,0.03783860719,0.03991540812,-0.21,0.03784266066,0.03988410341,-0.2099701606,4.343737714e-05
0.768,0.03777586156,0.0399747956,-0.21,0.03777993111,0.03994344734,-0.209970194,4.344736322e-05
0.769,0.03771302272,0.04003408445,-0.21,0.03771710834,0.04000269271,-0.2099702274,4.34573559e-05
0.77,0.03765009083,0.04009327451,-0.21,0.0376541925,0.04006183938,-0.2099702608,4.346735569e-05
0.771,0.03758706603,0.04015236565,-0.21,0.03759118376,0.0401208872,-0.2099702942,4.347736307e-05
0.772,0.0375239485,0.04021135771,-0.21,0.03752808227,0.04017983603,-0.2099703277,4.348737835e-05
0.773,0.03746073838,0.04027025056,-0.21,0.03746488817,0.04023868571,-0.2099703611,4.349740151e-05
0.774,0.03739743583,0.04032904404,-0.21,0.03740160164,0.04029743611,-0.2099703946,4.350743219e-05
0.775,0.037334041,0.04038773802,-0.21,0.03733822282,0.04035608708,-0.209970428,4.351746973e-05
0.776,0.03727055406,0.04044633234,-0.21,0.03727475187,0.04041463847,-0.2099704615,4.352751338e-05
0.777,0.03720697516,0.04050482687,-0.21,0.03721118895,0.04047309015,-0.209970495,4.353756247e-05
0.778,0.03714330445,0.04056322145,-0.21,0.03714753422,0.04053144197,-0.2099705285,4.354761656e-05
0.779,0.03707954209,0.04062151595,-0.21,0.03708378782,0.04058969378,-0.209970562,4.355767556e-05
0.78,0.03701568824,0.04067971022,-0.21,0.03701994993,0.04064784544,-0.2099705956,4.356773963e-05
0.781,0.03695174306,0.04073780412,-0.21,0.03695602069,0.04070589681,-0.2099706291,4.357780909e-05
0.782,0.03688770671,0.0407957975,-0.21,0.03689200027,0.04076384774,-0.2099706626,4.358788425e-05
0.783,0.03682357934,0.04085369022,-0.21,0.03682788881,0.04082169809,-0.2099706962,4.359796528e-05
0.784,0.03675936111,0.04091148214,-0.21,0.03676368649,0.04087944772,-0.2099707297,4.360805211e-05
0.785,0.03669505218,0.04096917311,-0.21,0.03669939345,0.04093709648,-0.2099707633,4.36181444e-05
0.786,0.03663065271,0.041026763,-0.21,0.03663500986,0.04099464423,-0.2099707969,4.362824158e-05
0.787,0.03656616286,0.04108425165,-0.21,0.03657053587,0.04105209084,-0.2099708304,4.363834306e-05
0.788,0.03650158278,0.04114163894,-0.21,0.03650597165,0.04110943615,-0.209970864,4.364844832e-05
0.789,0.03643691264,0.04119892471,-0.21,0.03644131735,0.04116668004,-0.2099708976,4.3658557e-05
0.79,0.03637215259,0.04125610883,-0.21,0.03637657314,0.04122382235,-0.2099709312,4.366866898e-05
0.791,0.0363073028,0.04131319115,-0.21,0.03631173917,0.04128086295,-0.2099709648,4.367878434e-05
0.792,0.03624236343,0.04137017154,-0.21,0.0362468156,0.04133780169,-0.2099709984,4.368890327e-05
0.793,0.03617733463,0.04142704985,-0.21,0.03618180259,0.04139463844,-0.209971032,4.369902596e-05
0.794,0.03611221657,0.04148382594,-0.21,0.0361167003,0.04145137305,-0.2099710657,4.370915247e-05
0.795,0.0360470094,0.04154049968,-0.21,0.0360515089,0.04150800538,-0.2099710993,4.371928267e-05
0.796,0.03598171329,0.04159707091,-0.21,0.03598622854,0.0415645353,-0.2099711329,4.372941625e-05
0.797,0.0359163284,0.04165353952,-0.21,0.03592085939,0.04162096266,-0.2099711666,4.373955275e-05
0.798,0.03585085489,0.04170990534,-0.21,0.0358554016,0.04167728733,-0.2099712002,4.374969169e-05
0.799,0.03578529292,0.04176616825,-0.21,0.03578985534,0.04173350917,-0.2099712338,4.37598326e-05
0.8,0.03571964266,0.04182232811,-0.21,0.03572422077,0.04178962803,-0.2099712675,4.37699752e-05
0.801,0.03565390426,0.04187838477,-0.21,0.03565849805,0.04184564379,-0.2099713012,4.378011936e-05
0.802,0.03558807789,0.04193433811,-0.21,0.03559268735,0.0419015563,-0.2099713348,4.37902651e-05
0.803,0.0355221637,0.04199018797,-0.21,0.03552678881,0.04195736542,-0.2099713685,4.380041252e-05
0.804,0.03545616187,0.04204593423,-0.21,0.03546080262,0.04201307102,-0.2099714021,4.381056168e-05
0.805,0.03539007256,0.04210157674,-0.21,0.03539472893,0.04206867296,-0.2099714358,4.382071258e-05
0.806,0.03532389592,0.04215711537,-0.21,0.0353285679,0.04212417109,-0.2099714695,4.383086506e-05
0.807,0.03525763213,0.04221254999,-0.21,0.0352623197,0.0421795653,-0.2099715031,4.384101882e-05
0.808,0.03519128134,0.04226788045,-0.21,0.03519598448,0.04223485542,-0.2099715368,4.385117349e-05
0.809,0.03512484372,0.04232310661,-0.21,0.03512956242,0.04229004135,-0.2099715705,4.386132864e-05
0.81,0.03505831944,0.04237822835,-0.21,0.03506305368,0.04234512292,-0.2099716041,4.387148389e-05
0.811,0.03499170865,0.04243324553,-0.21,0.03499645842,0.04240010002,-0.2099716378,4.388163897e-05
0.812,0.03492501152,0.042488158,-0.21,0.0349297768,0.04245497251,-0.2099716715,4.389179377e-05
0.813,0.03485822822,0.04254296564,-0.21,0.034863009,0.04250974024,-0.2099717052,4.390194825e-05
0.814,0.03479135891,0.04259766831,-0.21,0.03479615517,0.04256440308,-0.2099717388,4.391210243e-05
0.815,0.03472440375,0.04265226587,-0.21,0.03472921548,0.04261896091,-0.2099717725,4.39222563e-05
0.816,0.03465736292,0.0427067582,-0.21,0.03466219009,0.04267341357,-0.2099718062,4.39324098e-05
0.817,0.03459023657,0.04276114515,-0.21,0.03459507917,0.04272776095,-0.2099718399,4.394256275e-05
0.818,0.03452302487,0.04281542659,-0.21,0.03452788289,0.0427820029,-0.2099718735,4.395271487e-05
0.819,0.03445572799,0.04286960238,-0.21,0.03446060141,0.0428361393,-0.2099719072,4.396286583e-05
0.82,0.0343883461,0.0429236724,-0.21,0.0343932349,0.04289017,-0.2099719409,4.397301525e-05
0.821,0.03432087935,0.04297763651,-0.21,0.03432578352,0.04294409488,-0.2099719745,4.398316283e-05
0.822,0.03425332793,0.04303149458,-0.21,0.03425824743,0.0429979138,-0.2099720082,4.39933083e-05
0.823,0.03418569198,0.04308524647,-0.21,0.03419062682,0.04305162663,-0.2099720419,4.400345154e-05
0.824,0.03411797169,0.04313889206,-0.21,0.03412292184,0.04310523324,-0.2099720755,4.401359248e-05
0.825,0.03405016721,0.0431924312,-0.21,0.03405513265,0.04315873349,-0.2099721092,4.402373107e-05
0.826,0.03398227872,0.04324586377,-0.21,0.03398725944,0.04321212726,-0.2099721428,4.403386726e-05
0.827,0.03391430638,0.04329918963,-0.21,0.03391930235,0.0432654144,-0.2099721765,4.404400095e-05
0.828,0.03384625036,0.04335240866,-0.21,0.03385126157,0.0433185948,-0.2099722101,4.405413194e-05
0.829,0.03377811083,0.04340552072,-0.21,0.03378313726,0.04337166831,-0.2099722438,4.406425996e-05
0.83,0.03370988795,0.04345852568,-0.21,0.03371492959,0.04342463481,-0.2099722774,4.40743847e-05
0.831,0.0336415819,0.04351142341,-0.21,0.03364663872,0.04347749417,-0.209972311,4.408450586e-05
0.832,0.03357319284,0.04356421378,-0.21,0.03357826483,0.04353024625,-0.2099723447,4.409462314e-05
0.833,0.03350472094,0.04361689666,-0.21,0.03350980808,0.04358289093,-0.2099723783,4.410473632e-05
0.834,0.03343616637,0.04366947193,-0.21,0.03344126864,0.04363542808,-0.2099724119,4.411484525e-05
0.835,0.03336752931,0.04372193944,-0.21,0.03337264668,0.04368785756,-0.2099724455,4.412494981e-05
0.836,0.03329880991,0.04377429907,-0.21,0.03330394237,0.04374017925,-0.2099724791,4.413504995e-05
0.837,0.03323000835,0.04382655069,-0.21,0.03323515588,0.04379239302,-0.2099725127,4.414514556e-05
0.838,0.03316112479,0.04387869417,-0.21,0.03316628738,0.04384449874,-0.2099725463,4.41552365e-05
0.839,0.03309215942,0.04393072939,-0.21,0.03309733703,0.04389649628,-0.2099725799,4.416532256e-05
0.84,0.03302311239,0.04398265622,-0.21,0.03302830502,0.04394838551,-0.2099726135,4.417540349e-05
0.841,0.03295398389,0.04403447452,-0.21,0.03295919151,0.04400016631,-0.2099726471,4.418547902e-05
0.842,0.03288477407,0.04408618417,-0.21,0.03288999666,0.04405183854,-0.2099726806,4.419554886e-05
0.843,0.03281548311,0.04413778504,-0.21,0.03282072065,0.04410340208,-0.2099727142,4.420561276e-05
0.844,0.03274611118,0.04418927701,-0.21,0.03275136366,0.04415485681,-0.2099727477,4.421567049e-05
0.845,0.03267665846,0.04424065994,-0.21,0.03268192585,0.04420620259,-0.2099727813,4.422572189e-05
0.846,0.03260712511,0.04429193371,-0.21,0.03261240739,0.0442574393,-0.2099728148,4.423576684e-05
0.847,0.0325375113,0.0443430982,-0.21,0.03254280845,0.04430856681,-0.2099728483,4.424580521e-05
0.848,0.03246781721,0.04439415328,-0.21,0.03247312921,0.04435958499,-0.2099728818,4.425583689e-05
0.849,0.03239804301,0.04444509882,-0.21,0.03240336984,0.04441049373,-0.2099729153,4.42658617e-05
0.85,0.03232818888,0.04449593469,-0.21,0.03233353051,0.04446129289,-0.2099729488,4.427587946e-05
0.851,0.03225825497,0.04454666078,-0.21,0.03226361139,0.04451198235,-0.2099729823,4.428588992e-05
0.852,0.03218824147,0.04459727695,-0.21,0.03219361266,0.04456256199,-0.2099730158,4.429589282e-05
0.853,0.03211814855,0.04464778308,-0.21,0.03212353448,0.04461303167,-0.2099730492,4.430588789e-05
0.854,0.03204797638,0.04469817904,-0.21,0.03205337704,0.04466339128,-0.2099730827,4.431587491e-05
0.855,0.03197772514,0.04474846472,-0.21,0.0319831405,0.04471364069,-0.2099731161,4.432585365e-05
0.856,0.03190739499,0.04479863999,-0.21,0.03191282503,0.04476377978,-0.2099731496,4.433582394e-05
0.857,0.03183698612,0.04484870472,-0.21,0.03184243081,0.04481380842,-0.209973183,4.434578563e-05
0.858,0.03176649869,0.04489865879,-0.21,0.03177195802,0.04486372649,-0.2099732164,4.435573859e-05
0.859,0.03169593288,0.04494850208,-0.21,0.03170140682,0.04491353387,-0.2099732498,4.436568268e-05
0.86,0.03162528886,0.04499823446,-0.21,0.0316307774,0.04496323043,-0.2099732832,4.437561771e-05
0.861,0.03155456681,0.04504785581,-0.21,0.03156006992,0.04501281605,-0.2099733165,4.438554349e-05
0.862,0.03148376691,0.04509736601,-0.21,0.03148928456,0.04506229061,-0.2099733499,4.439545976e-05
0.863,0.03141288932,0.04514676494,-0.21,0.03141842149,0.04511165398,-0.2099733832,4.44053663e-05
0.864,0.03134193422,0.04519605247,-0.21,0.0313474809,0.04516090605,-0.2099734166,4.441526286e-05
0.865,0.03127090179,0.04524522849,-0.21,0.03127646294,0.0452100467,-0.2099734499,4.442514921e-05
0.866,0.0311997922,0.04529429287,-0.21,0.03120536781,0.04525907579,-0.2099734832,4.443502514e-05
0.867,0.03112860563,0.04534324549,-0.21,0.03113419567,0.04530799322,-0.2099735165,4.444489048e-05
0.868,0.03105734225,0.04539208623,-0.21,0.0310629467,0.04535679886,-0.2099735497,4.445474507e-05
0.869,0.03098600225,0.04544081497,-0.21,0.03099162108,0.04540549259,-0.209973583,4.446458875e-05
0.87,0.03091458578,0.04548943159,-0.21,0.03092021898,0.04545407428,-0.2099736162,4.447442133e-05
0.871,0.03084309304,0.04553793596,-0.21,0.03084874058,0.04550254383,-0.2099736495,4.448424266e-05
0.872,0.0307715242,0.04558632798,-0.21,0.03077718605,0.04555090111,-0.2099736827,4.449405253e-05
0.873,0.03069987943,0.04563460752,-0.21,0.03070555557,0.045599146,-0.2099737159,4.45038507e-05
0.874,0.03062815891,0.04568277446,-0.21,0.03063384932,0.04564727838,-0.2099737491,4.451363696e-05
0.875,0.03055636282,0.04573082868,-0.21,0.03056206747,0.04569529813,-0.2099737822,4.452341106e-05
0.876,0.03048449133,0.04577877006,-0.21,0.0304902102,0.04574320514,-0.2099738154,4.453317278e-05
0.877,0.03041254463,0.04582659849,-0.21,0.03041827769,0.04579099929,-0.2099738485,4.454292192e-05
0.878,0.03034052288,0.04587431385,-0.21,0.03034627012,0.04583868045,-0.2099738816,4.455265831e-05
0.879,0.03026842628,0.04592191602,-0.21,0.03027418766,0.04588624852,-0.2099739147,4.456238175e-05
0.88,0.03019625499,0.04596940488,-0.21,0.03020203049,0.04593370336,-0.2099739478,4.457209209e-05
0.881,0.03012400919,0.04601678031,-0.21,0.03012979879,0.04598104488,-0.2099739809,4.458178915e-05
0.882,0.03005168907,0.0460640422,-0.21,0.03005749274,0.04602827294,-0.2099740139,4.459147275e-05
0.883,0.0299792948,0.04611119044,-0.21,0.02998511252,0.04607538744,-0.2099740469,4.460114268e-05
0.884,0.02990682655,0.0461582249,-0.21,0.02991265829,0.04612238826,-0.2099740799,4.461079872e-05
0.885,0.02983428452,0.04620514546,-0.21,0.02984013025,0.04616927527,-0.2099741129,4.462044065e-05
0.886,0.02976166887,0.04625195203,-0.21,0.02976752857,0.04621604838,-0.2099741459,4.463006823e-05
0.887,0.02968897978,0.04629864447,-0.21,0.02969485344,0.04626270745,-0.2099741788,4.463968129e-05
0.888,0.02961621745,0.04634522267,-0.21,0.02962210502,0.04630925237,-0.2099742118,4.464927958e-05
0.889,0.02954338203,0.04639168652,-0.21,0.0295492835,0.04635568304,-0.2099742447,4.465886293e-05
0.89,0.02947047372,0.0464380359,-0.21,0.02947638906,0.04640199933,-0.2099742776,4.466843117e-05
0.891,0.0293974927,0.0464842707,-0.21,0.02940342188,0.04644820114,-0.2099743104,4.467798411e-05
0.892,0.02932443914,0.04653039081,-0.21,0.02933038213,0.04649428834,-0.2099743433,4.468752157e-05
0.893,0.02925131323,0.04657639611,-0.21,0.02925727001,0.04654026082,-0.2099743761,4.469704337e-05
0.894,0.02917811514,0.04662228648,-0.21,0.02918408568,0.04658611847,-0.2099744089,4.47065493e-05
0.895,0.02910484505,0.04666806182,-0.21,0.02911082934,0.04663186118,-0.2099744417,4.471603916e-05
0.896,0.02903150316,0.04671372201,-0.21,0.02903750115,0.04667748884,-0.2099744745,4.472551272e-05
0.897,0.02895808963,0.04675926694,-0.21,0.02896410131,0.04672300132,-0.2099745072,4.473496975e-05
0.898,0.02888460465,0.0468046965,-0.21,0.02889062999,0.04676839853,-0.2099745399,4.474441007e-05
0.899,0.0288110484,0.04685001057,-0.21,0.02881708737,0.04681368034,-0.2099745726,4.475383347e-05
0.9,0.02873742106,0.04689520904,-0.21,0.02874347363,0.04685884664,-0.2099746053,4.476323974e-05
0.901,0.02866372281,0.0469402918,-0.21,0.02866978897,0.04690389733,-0.209974638,4.477262871e-05
0.902,0.02858995384,0.04698525874,-0.21,0.02859603355,0.0469488323,-0.2099746706,4.478200021e-05
0.903,0.02851611433,0.04703010975,-0.21,0.02852220756,0.04699365142,-0.2099747032,4.479135406e-05
0.904,0.02844220446,0.04707484472,-0.21,0.02844831118,0.0470383546,-0.2099747358,4.480069005e-05
0.905,0.02836822441,0.04711946354,-0.21,0.02837434459,0.04708294172,-0.2099747683,4.481000799e-05
0.906,0.02829417436,0.04716396609,-0.21,0.02830030799,0.04712741267,-0.2099748009,4.481930768e-05
0.907,0.0282200545,0.04720835227,-0.21,0.02822620154,0.04717176733,-0.2099748334,4.48285889e-05
0.908,0.02814586501,0.04725262197,-0.21,0.02815202543,0.04721600562,-0.2099748659,4.483785143e-05
0.909,0.02807160607,0.04729677508,-0.21,0.02807777985,0.0472601274,-0.2099748983,4.484709506e-05
0.91,0.02799727787,0.04734081149,-0.21,0.02800346498,0.04730413258,-0.2099749308,4.48563196e-05
0.911,0.02792288058,0.04738473108,-0.21,0.027929081,0.04734802104,-0.2099749632,4.486552487e-05
0.912,0.0278484144,0.04742853377,-0.21,0.02785462809,0.04739179268,-0.2099749956,4.48747107e-05
0.913,0.02777387951,0.04747221942,-0.21,0.02778010644,0.04743544739,-0.2099750279,4.48838769e-05
0.914,0.02769927609,0.04751578795,-0.21,0.02770551624,0.04747898505,-0.2099750602,4.489302325e-05
0.915,0.02762460432,0.04755923923,-0.21,0.02763085766,0.04752240558,-0.2099750926,4.490214959e-05
0.916,0.02754986439,0.04760257316,-0.21,0.02755613089,0.04756570885,-0.2099751248,4.491125571e-05
0.917,0.02747505649,0.04764578964,-0.21,0.02748133612,0.04760889475,-0.2099751571,4.49203414e-05
0.918,0.02740018079,0.04768888856,-0.21,0.02740647352,0.0476519632,-0.2099751893,4.492940646e-05
0.919,0.02732523749,0.04773186982,-0.21,0.02733154329,0.04769491406,-0.2099752215,4.493845069e-05
0.92,0.02725022676,0.04777473329,-0.21,0.02725654561,0.04773774725,-0.2099752537,4.494747389e-05
0.921,0.0271751488,0.04781747889,-0.21,0.02718148066,0.04778046266,-0.2099752858,4.495647587e-05
0.922,0.02710000379,0.04786010651,-0.21,0.02710634863,0.04782306017,-0.2099753179,4.496545645e-05
0.923,0.0270247919,0.04790261603,-0.21,0.02703114971,0.04786553969,-0.20997535,4.497441542e-05
0.924,0.02694951334,0.04794500736,-0.21,0.02695588407,0.04790790111,-0.2099753821,4.49833526e-05
0.925,0.02687416828,0.04798728039,-0.21,0.02688055191,0.04795014432,-0.2099754141,4.499226782e-05
0.926,0.02679875691,0.04802943501,-0.21,0.02680515341,0.04799226922,-0.2099754461,4.500116087e-05
0.927,0.02672327942,0.04807147113,-0.21,0.02672968876,0.04803427572,-0.2099754781,4.501003157e-05
0.928,0.026647736,0.04811338864,-0.21,0.02665415814,0.04807616369,-0.20997551,4.50188797e-05
0.929,0.02657212682,0.04815518743,-0.21,0.02657856174,0.04811793304,-0.2099755419,4.502770509e-05
0.93,0.02649645208,0.0481968674,-0.21,0.02650289975,0.04815958367,-0.2099755738,4.503650752e-05
0.931,0.02642071196,0.04823842845,-0.21,0.02642717235,0.04820111548,-0.2099756057,4.504528681e-05
0.932,0.02634490665,0.04827987048,-0.21,0.02635137973,0.04824252836,-0.2099756375,4.505404276e-05
0.933,0.02626903633,0.04832119339,-0.21,0.02627552207,0.0482838222,-0.2099756693,4.506277519e-05
0.934,0.0261931012,0.04836239706,-0.21,0.02619959957,0.04832499691,-0.209975701,4.507148391e-05
0.935,0.02611710144,0.04840348141,-0.21,0.02612361241,0.04836605239,-0.2099757328,4.508016872e-05
0.936,0.02604103724,0.04844444632,-0.21,0.02604756078,0.04840698854,-0.2099757645,4.508882946e-05
0.937,0.02596490879,0.0484852917,-0.21,0.02597144486,0.04844780524,-0.2099757961,4.509746594e-05
0.938,0.02588871627,0.04852601745,-0.21,0.02589526485,0.04848850241,-0.2099758278,4.510607794e-05
0.939,0.02581245987,0.04856662347,-0.21,0.02581902092,0.04852907995,-0.2099758594,4.51146653e-05
0.94,0.02573613978,0.04860710965,-0.21,0.02574271328,0.04856953774,-0.209975891,4.51232278e-05
0.941,0.0256597562,0.04864747591,-0.21,0.02566634211,0.0486098757,-0.2099759225,4.513176526e-05
0.942,0.02558330929,0.04868772212,-0.21,0.02558990759,0.04865009372,-0.209975954,4.51402775e-05
0.943,0.02550679927,0.04872784821,-0.21,0.02551340991,0.0486901917,-0.2099759855,4.514876432e-05
0.944,0.02543022631,0.04876785406,-0.21,0.02543684927,0.04873016955,-0.2099760169,4.515722555e-05
0.945,0.0253535906,0.04880773959,-0.21,0.02536022585,0.04877002716,-0.2099760483,4.516566099e-05
0.946,0.02527689233,0.04884750468,-0.21,0.02528353984,0.04880976444,-0.2099760797,4.517407047e-05
0.947,0.0252001317,0.04888714925,-0.21,0.02520679144,0.04884938129,-0.209976111,4.518245378e-05
0.948,0.02512330889,0.0489266732,-0.21,0.02512998082,0.04888887761,-0.2099761423,4.519081076e-05
0.949,0.02504642409,0.04896607643,-0.21,0.02505310818,0.04892825331,-0.2099761736,4.519914121e-05
0.95,0.02496947749,0.04900535883,-0.21,0.02497617371,0.04896750828,-0.2099762048,4.520744495e-05
0.951,0.02489246927,0.04904452032,-0.21,0.0248991776,0.04900664243,-0.209976236,4.521572179e-05
0.952,0.02481539964,0.0490835608,-0.21,0.02482212003,0.04904565567,-0.2099762672,4.522397155e-05
0.953,0.02473826878,0.04912248016,-0.21,0.02474500121,0.04908454789,-0.2099762983,4.523219405e-05
0.954,0.02466107688,0.04916127833,-0.21,0.02466782131,0.04912331901,-0.2099763294,4.524038908e-05
0.955,0.02458382414,0.04919995519,-0.21,0.02459058054,0.04916196892,-0.2099763605,4.524855648e-05
0.956,0.02450651073,0.04923851066,-0.21,0.02451327907,0.04920049753,-0.2099763915,4.525669606e-05
0.957,0.02442913686,0.04927694463,-0.21,0.0244359171,0.04923890474,-0.2099764225,4.526480764e-05
0.958,0.02435170271,0.04931525702,-0.21,0.02435849483,0.04927719047,-0.2099764535,4.527289104e-05
0.959,0.02427420847,0.04935344773,-0.21,0.02428101243,0.04931535461,-0.2099764844,4.528094609e-05
0.96,0.02419665434,0.04939151667,-0.21,0.02420347011,0.04935339707,-0.2099765153,4.52889726e-05
0.961,0.02411904051,0.04942946373,-0.21,0.02412586805,0.04939131776,-0.2099765461,4.529697038e-05
0.962,0.02404136717,0.04946728884,-0.21,0.02404820645,0.04942911659,-0.2099765769,4.530493927e-05
0.963,0.0239636345,0.04950499188,-0.21,0.0239704855,0.04946679345,-0.2099766077,4.531287908e-05
0.964,0.02388584271,0.04954257278,-0.21,0.02389270539,0.04950434827,-0.2099766384,4.532078961e-05
0.965,0.02380799198,0.04958003144,-0.21,0.02381486631,0.04954178094,-0.2099766691,4.53286707e-05
0.966,0.02373008251,0.04961736777,-0.21,0.02373696845,0.04957909137,-0.2099766998,4.533652217e-05
0.967,0.02365211449,0.04965458166,-0.21,0.023659012,0.04961627947,-0.2099767304,4.534434383e-05
0.968,0.02357408811,0.04969167304,-0.21,0.02358099717,0.04965334515,-0.209976761,4.535213552e-05
0.969,0.02349600356,0.04972864181,-0.21,0.02350292413,0.04969028831,-0.2099767915,4.535989706e-05
0.97,0.02341786104,0.04976548789,-0.21,0.02342479309,0.04972710888,-0.209976822,4.536762828e-05
0.971,0.02333966073,0.04980221116,-0.21,0.02334660423,0.04976380675,-0.2099768525,4.537532899e-05
0.972,0.02326140284,0.04983881156,-0.21,0.02326835775,0.04980038183,-0.2099768829,4.538299901e-05
0.973,0.02318308755,0.04987528899,-0.21,0.02319005384,0.04983683404,-0.2099769133,4.539063819e-05
0.974,0.02310471506,0.04991164335,-0.21,0.0231116927,0.04987316328,-0.2099769436,4.539824633e-05
0.975,0.02302628556,0.04994787456,-0.21,0.02303327451,0.04990936947,-0.2099769739,4.540582327e-05
0.976,0.02294779925,0.04998398253,-0.21,0.02295479947,0.04994545251,-0.2099770042,4.541336882e-05
0.977,0.02286925632,0.05001996717,-0.21,0.02287626778,0.04998141232,-0.2099770344,4.542088281e-05
0.978,0.02279065695,0.05005582839,-0.21,0.02279767963,0.0500172488,-0.2099770646,4.542836507e-05
0.979,0.02271200136,0.0500915661,-0.21,0.02271903521,0.05005296188,-0.2099770947,4.543581544e-05
0.98,0.02263328972,0.05012718021,-0.21,0.02264033472,0.05008855145,-0.2099771248,4.544323375e-05
0.981,0.02255452224,0.05016267065,-0.21,0.02256157834,0.05012401744,-0.2099771549,4.545061981e-05
0.982,0.02247569911,0.05019803731,-0.21,0.02248276629,0.05015935975,-0.2099771849,4.545797347e-05
0.983,0.02239682052,0.05023328011,-0.21,0.02240389874,0.0501945783,-0.2099772149,4.546529454e-05
0.984,0.02231788667,0.05026839897,-0.21,0.02232497589,0.05022967301,-0.2099772448,4.547258287e-05
0.985,0.02223889775,0.05030339379,-0.21,0.02224599794,0.05026464378,-0.2099772747,4.547983827e-05
0.986,0.02215985396,0.05033826449,-0.21,0.02216696509,0.05029949052,-0.2099773045,4.548706059e-05
0.987,0.0220807555,0.05037301099,-0.21,0.02208787752,0.05033421316,-0.2099773344,4.549424964e-05
0.988,0.02200160255,0.0504076332,-0.21,0.02200873544,0.0503688116,-0.2099773641,4.550140527e-05
0.989,0.02192239531,0.05044213104,-0.21,0.02192953904,0.05040328577,-0.2099773938,4.550852728e-05
0.99,0.02184313398,0.05047650441,-0.21,0.02185028851,0.05043763557,-0.2099774235,4.551561553e-05
0.991,0.02176381876,0.05051075324,-0.21,0.02177098405,0.05047186093,-0.2099774532,4.552266986e-05
0.992,0.02168444984,0.05054487744,-0.21,0.02169162586,0.05050596175,-0.2099774828,4.552969012e-05
0.993,0.02160502741,0.05057887692,-0.21,0.02161221412,0.05053993795,-0.2099775123,4.55366761e-05
0.994,0.02152555168,0.05061275161,-0.21,0.02153274904,0.05057378945,-0.2099775418,4.554362768e-05
0.995,0.02144602283,0.05064650141,-0.21,0.02145323082,0.05060751617,-0.2099775713,4.555054468e-05
0.996,0.02136644106,0.05068012625,-0.21,0.02137365964,0.05064111801,-0.2099776007,4.555742695e-05
0.997,0.02128680658,0.05071362603,-0.21,0.02129403571,0.05067459491,-0.2099776301,4.556427429e-05
0.998,0.02120711958,0.05074700069,-0.21,0.02121435923,0.05070794677,-0.2099776594,4.557108656e-05
0.999,0.02112738024,0.05078025014,-0.21,0.02113463038,0.05074117352,-0.2099776887,4.557786357e-05
1,0.02104758878,0.05081337429,-0.21,0.02105484936,0.05077427507,-0.2099777179,4.558460519e-05
1.001,0.02096774538,0.05084637306,-0.21,0.02097501638,0.05080725134,-0.2099777471,4.559131124e-05
1.002,0.02088785025,0.05087924638,-0.21,0.02089513162,0.05084010225,-0.2099777763,4.559798158e-05
1.003,0.02080790358,0.05091199415,-0.21,0.02081519529,0.05087282771,-0.2099778054,4.560461603e-05
1.004,0.02072790557,0.05094461631,-0.21,0.02073520759,0.05090542765,-0.2099778344,4.561121447e-05
1.005,0.02064785642,0.05097711276,-0.21,0.0206551687,0.05093790199,-0.2099778634,4.561777672e-05
1.006,0.02056775632,0.05100948343,-0.21,0.02057507884,0.05097025065,-0.2099778924,4.562430263e-05
1.007,0.02048760546,0.05104172825,-0.21,0.02049493818,0.05100247354,-0.2099779213,4.563079203e-05
1.008,0.02040740406,0.05107384712,-0.21,0.02041474695,0.05103457059,-0.2099779502,4.563724475e-05
1.009,0.02032715231,0.05110583997,-0.21,0.02033450532,0.05106654171,-0.209977979,4.564366065e-05
1.01,0.0202468504,0.05113770672,-0.21,0.0202542135,0.05109838684,-0.2099780078,4.565003956e-05
1.011,0.02016649853,0.0511694473,-0.21,0.02017387169,0.05113010588,-0.2099780365,4.565638134e-05
1.012,0.0200860969,0.05120106162,-0.21,0.02009348008,0.05116169876,-0.2099780652,4.566268583e-05
1.013,0.02000564572,0.05123254961,-0.21,0.02001303888,0.05119316541,-0.2099780938,4.566895287e-05
1.014,0.01992514517,0.05126391119,-0.21,0.01993254828,0.05122450575,-0.2099781224,4.567518234e-05
1.015,0.01984459546,0.05129514627,-0.21,0.01985200848,0.05125571969,-0.209978151,4.568137406e-05
1.016,0.01976399678,0.05132625479,-0.21,0.01977141967,0.05128680717,-0.2099781795,4.56875279e-05
1.017,0.01968334934,0.05135723667,-0.21,0.01969078207,0.0513177681,-0.2099782079,4.569364369e-05
1.018,0.01960265333,0.05138809184,-0.21,0.01961009587,0.0513486024,-0.2099782363,4.569972128e-05
1.019,0.01952190895,0.0514188202,-0.21,0.01952936126,0.05137931001,-0.2099782647,4.570576051e-05
1.02,0.01944111641,0.0514494217,-0.21,0.01944857844,0.05140989085,-0.209978293,4.571176123e-05
1.021,0.01936027589,0.05147989624,-0.21,0.01936774762,0.05144034484,-0.2099783212,4.57177233e-05
1.022,0.01927938761,0.05151024377,-0.21,0.01928686899,0.0514706719,-0.2099783494,4.572364657e-05
1.023,0.01919845176,0.0515404642,-0.21,0.01920594276,0.05150087196,-0.2099783776,4.57295309e-05
1.024,0.01911746853,0.05157055746,-0.21,0.01912496912,0.05153094495,-0.2099784057,4.573537614e-05
1.025,0.01903643814,0.05160052348,-0.21,0.01904394828,0.05156089079,-0.2099784337,4.574118215e-05
1.026,0.01895536077,0.05163036217,-0.21,0.01896288042,0.05159070941,-0.2099784617,4.574694879e-05
1.027,0.01887423664,0.05166007347,-0.21,0.01888176576,0.05162040074,-0.2099784897,4.575267589e-05
1.028,0.01879306593,0.05168965731,-0.21,0.0188006045,0.05164996469,-0.2099785176,4.575836333e-05
1.029,0.01871184886,0.05171911361,-0.21,0.01871939682,0.0516794012,-0.2099785454,4.576401094e-05
1.03,0.01863058561,0.05174844229,-0.21,0.01863814294,0.0517087102,-0.2099785733,4.576961859e-05
1.031,0.0185492764,0.05177764329,-0.21,0.01855684305,0.05173789161,-0.209978601,4.577518613e-05
1.032,0.01846792142,0.05180671654,-0.21,0.01847549736,0.05176694536,-0.2099786287,4.578071342e-05
1.033,0.01838652087,0.05183566196,-0.21,0.01839410607,0.05179587138,-0.2099786564,4.578620033e-05
1.034,0.01830507495,0.05186447947,-0.21,0.01831266937,0.0518246696,-0.209978684,4.579164671e-05
1.035,0.01822358387,0.05189316902,-0.21,0.01823118746,0.05185333995,-0.2099787115,4.579705243e-05
1.036,0.01814204782,0.05192173053,-0.21,0.01814966056,0.05188188235,-0.209978739,4.580241734e-05
1.037,0.01806046701,0.05195016392,-0.21,0.01806808885,0.05191029673,-0.2099787664,4.580774131e-05
1.038,0.01797884163,0.05197846913,-0.21,0.01798647255,0.05193858303,-0.2099787938,4.58130242e-05
1.039,0.0178971719,0.0520066461,-0.21,0.01790481184,0.05196674118,-0.2099788212,4.581826586e-05
1.04,0.017815458,0.05203469474,-0.21,0.01782310694,0.0519947711,-0.2099788485,4.582346616e-05
1.041,0.01773370015,0.05206261498,-0.21,0.01774135805,0.05202267273,-0.2099788757,4.582862496e-05
1.042,0.01765189854,0.05209040677,-0.21,0.01765956536,0.052050446,-0.2099789029,4.583374213e-05
1.043,0.01757005338,0.05211807004,-0.21,0.01757772908,0.05207809083,-0.20997893,4.583881753e-05
1.044,0.01748816486,0.0521456047,-0.21,0.01749584941,0.05210560717,-0.2099789571,4.584385103e-05
1.045,0.01740623319,0.0521730107,-0.21,0.01741392655,0.05213299494,-0.2099789841,4.584884249e-05
1.046,0.01732425858,0.05220028797,-0.21,0.01733196071,0.05216025407,-0.2099790111,4.585379179e-05
1.047,0.01724224122,0.05222743645,-0.21,0.01724995209,0.0521873845,-0.209979038,4.585869878e-05
1.048,0.01716018132,0.05225445605,-0.21,0.01716790088,0.05221438616,-0.2099790649,4.586356334e-05
1.049,0.01707807907,0.05228134672,-0.21,0.01708580729,0.05224125899,-0.2099790917,4.586838535e-05
1.05,0.01699593469,0.0523081084,-0.21,0.01700367153,0.05226800291,-0.2099791185,4.587316467e-05
1.051,0.01691374837,0.052334741,-0.21,0.0169214938,0.05229461787,-0.2099791452,4.587790116e-05
1.052,0.01683152032,0.05236124448,-0.21,0.01683927429,0.05232110379,-0.2099791718,4.588259468e-05
1.053,0.01674925074,0.05238761876,-0.21,0.01675701322,0.05234746062,-0.2099791984,4.588724513e-05
1.054,0.01666693983,0.05241386378,-0.21,0.01667471079,0.05237368827,-0.2099792249,4.589185236e-05
1.055,0.0165845878,0.05243997948,-0.21,0.01659236719,0.0523997867,-0.2099792514,4.589641625e-05
1.056,0.01650219484,0.05246596578,-0.21,0.01650998263,0.05242575584,-0.2099792779,4.590093668e-05
1.057,0.01641976117,0.05249182263,-0.21,0.01642755732,0.05245159561,-0.2099793042,4.590541351e-05
1.058,0.01633728699,0.05251754996,-0.21,0.01634509145,0.05247730597,-0.2099793306,4.590984662e-05
1.059,0.01625477249,0.05254314771,-0.21,0.01626258524,0.05250288684,-0.2099793568,4.59142359e-05
1.06,0.01617221789,0.05256861581,-0.21,0.01618003889,0.05252833816,-0.209979383,4.591858122e-05
1.061,0.01608962338,0.05259395421,-0.21,0.01609745259,0.05255365987,-0.2099794092,4.592288247e-05
1.062,0.01600698918,0.05261916284,-0.21,0.01601482655,0.05257885191,-0.2099794353,4.592713949e-05
1.063,0.01592431547,0.05264424163,-0.21,0.01593216098,0.05260391421,-0.2099794613,4.593135218e-05
1.064,0.01584160248,0.05266919053,-0.21,0.01584945609,0.05262884671,-0.2099794873,4.593552041e-05
1.065,0.0157588504,0.05269400947,-0.21,0.01576671206,0.05265364936,-0.2099795133,4.593964405e-05
1.066,0.01567605944,0.0527186984,-0.21,0.01568392912,0.05267832208,-0.2099795391,4.594372298e-05
1.067,0.01559322979,0.05274325724,-0.21,0.01560110746,0.05270286482,-0.209979565,4.59477571e-05
1.068,0.01551036167,0.05276768595,-0.21,0.01551824728,0.05272727752,-0.2099795907,4.595174629e-05
1.069,0.01542745529,0.05279198446,-0.21,0.0154353488,0.05275156011,-0.2099796164,4.595569044e-05
1.07,0.01534451083,0.05281615271,-0.21,0.01535241222,0.05277571255,-0.2099796421,4.595958942e-05
1.071,0.01526152852,0.05284019064,-0.21,0.01526943773,0.05279973476,-0.2099796677,4.596344313e-05
1.072,0.01517850855,0.0528640982,-0.21,0.01518642555,0.05282362669,-0.2099796932,4.596725142e-05
1.073,0.01509545112,0.05288787532,-0.21,0.01510337589,0.05284738827,-0.2099797187,4.59710142e-05
1.074,0.01501235645,0.05291152194,-0.21,0.01502028893,0.05287101946,-0.2099797441,4.597473133e-05
1.075,0.01492922474,0.052935038,-0.21,0.0149371649,0.05289452019,-0.2099797695,4.59784027e-05
1.076,0.0148460562,0.05295842346,-0.21,0.014854004,0.05291789041,-0.2099797948,4.59820282e-05
1.077,0.01476285102,0.05298167825,-0.21,0.01477080642,0.05294113005,-0.20997982,4.598560773e-05
1.078,0.01467960941,0.05300480231,-0.21,0.01468757238,0.05296423906,-0.2099798452,4.598914118e-05
1.079,0.01459633159,0.05302779558,-0.21,0.01460430208,0.05298721739,-0.2099798703,4.599262843e-05
1.08,0.01451301775,0.05305065802,-0.21,0.01452099573,0.05301006497,-0.2099798954,4.599606938e-05
1.081,0.0144296681,0.05307338955,-0.21,0.01443765354,0.05303278174,-0.2099799204,4.599946391e-05
1.082,0.01434628285,0.05309599014,-0.21,0.0143542757,0.05305536766,-0.2099799454,4.600281191e-05
1.083,0.01426286219,0.05311845971,-0.21,0.01427086242,0.05307782267,-0.2099799703,4.600611325e-05
1.084,0.01417940635,0.05314079822,-0.21,0.01418741392,0.05310014671,-0.2099799951,4.600936785e-05
1.085,0.01409591552,0.05316300561,-0.21,0.01410393039,0.05312233972,-0.2099800199,4.601257557e-05
1.086,0.01401238991,0.05318508183,-0.21,0.01402041204,0.05314440166,-0.2099800446,4.601573633e-05
1.087,0.01392882973,0.05320702681,-0.21,0.01393685908,0.05316633246,-0.2099800693,4.601885003e-05
1.088,0.01384523518,0.05322884052,-0.21,0.01385327171,0.05318813208,-0.2099800939,4.602191656e-05
1.089,0.01376160646,0.05325052289,-0.21,0.01376965014,0.05320980045,-0.2099801184,4.602493582e-05
1.09,0.01367794379,0.05327207386,-0.21,0.01368599458,0.05323133753,-0.2099801429,4.602790768e-05
1.091,0.01359424738,0.0532934934,-0.21,0.01360230524,0.05325274326,-0.2099801673,4.603083206e-05
1.092,0.01351051742,0.05331478143,-0.21,0.01351858231,0.05327401759,-0.2099801917,4.603370885e-05
1.093,0.01342675412,0.05333593792,-0.21,0.01343482601,0.05329516047,-0.209980216,4.603653794e-05
1.094,0.01334295769,0.05335696281,-0.21,0.01335103654,0.05331617185,-0.2099802402,4.603931921e-05
1.095,0.01325912835,0.05337785604,-0.21,0.01326721411,0.05333705166,-0.2099802644,4.604205259e-05
1.096,0.01317526628,0.05339861757,-0.21,0.01318335893,0.05335779987,-0.2099802885,4.604473797e-05
1.097,0.01309137171,0.05341924734,-0.21,0.0130994712,0.05337841641,-0.2099803126,4.604737526e-05
1.098,0.01300744484,0.05343974531,-0.21,0.01301555113,0.05339890125,-0.2099803366,4.604996434e-05
1.099,0.01292348587,0.05346011142,-0.21,0.01293159893,0.05341925432,-0.2099803605,4.605250514e-05
1.1,0.01283949501,0.05348034562,-0.21,0.01284761481,0.05343947558,-0.2099803844,4.605499754e-05
1.101,0.01275547248,0.05350044787,-0.21,0.01276359896,0.05345956498,-0.2099804082,4.605744144e-05
1.102,0.01267141847,0.0535204181,-0.21,0.0126795516,0.05347952246,-0.209980432,4.605983675e-05
1.103,0.01258733319,0.05354025629,-0.21,0.01259547295,0.05349934799,-0.2099804557,4.606218337e-05
1.104,0.01250321686,0.05355996236,-0.21,0.01251136319,0.05351904151,-0.2099804793,4.606448122e-05
1.105,0.01241906968,0.05357953628,-0.21,0.01242722255,0.05353860296,-0.2099805029,4.606673019e-05
1.106,0.01233489185,0.053598978,-0.21,0.01234305122,0.05355803231,-0.2099805264,4.606893018e-05
1.107,0.01225068359,0.05361828747,-0.21,0.01225884943,0.05357732951,-0.2099805498,4.607108111e-05
1.108,0.0121664451,0.05363746465,-0.21,0.01217461736,0.0535964945,-0.2099805732,4.607318288e-05
1.109,0.0120821766,0.05365650947,-0.21,0.01209035524,0.05361552724,-0.2099805966,4.607523541e-05
1.11,0.01199787828,0.05367542191,-0.21,0.01200606327,0.05363442769,-0.2099806198,4.607723859e-05
1.111,0.01191355035,0.0536942019,-0.21,0.01192174166,0.05365319579,-0.209980643,4.607919233e-05
1.112,0.01182919304,0.05371284941,-0.21,0.01183739062,0.0536718315,-0.2099806662,4.608109655e-05
1.113,0.01174480653,0.05373136439,-0.21,0.01175301035,0.05369033477,-0.2099806892,4.608295117e-05
1.114,0.01166039105,0.0537497468,-0.21,0.01166860106,0.05370870557,-0.2099807122,4.608475609e-05
1.115,0.01157594679,0.05376799658,-0.21,0.01158416296,0.05372694383,-0.2099807352,4.608651123e-05
1.116,0.01149147397,0.05378611369,-0.21,0.01149969627,0.05374504952,-0.2099807581,4.608821648e-05
1.117,0.0114069728,0.05380409809,-0.21,0.01141520118,0.0537630226,-0.2099807809,4.608987176e-05
1.118,0.01132244348,0.05382194974,-0.21,0.01133067791,0.05378086301,-0.2099808037,4.609147698e-05
1.119,0.01123788623,0.05383966858,-0.21,0.01124612666,0.05379857072,-0.2099808264,4.609303207e-05
1.12,0.01115330124,0.05385725458,-0.21,0.01116154765,0.05381614568,-0.209980849,4.609453694e-05
1.121,0.01106868874,0.0538747077,-0.21,0.01107694108,0.05383358785,-0.2099808716,4.609599149e-05
1.122,0.01098404893,0.05389202788,-0.21,0.01099230716,0.05385089718,-0.2099808941,4.609739565e-05
1.123,0.01089938201,0.05390921509,-0.21,0.0109076461,0.05386807363,-0.2099809165,4.609874933e-05
1.124,0.0108146882,0.05392626929,-0.21,0.01082295812,0.05388511716,-0.2099809389,4.610005246e-05
1.125,0.01072996771,0.05394319042,-0.21,0.01073824341,0.05390202772,-0.2099809612,4.610130495e-05
1.126,0.01064522074,0.05395997846,-0.21,0.01065350218,0.05391880529,-0.2099809835,4.610250673e-05
1.127,0.01056044751,0.05397663336,-0.21,0.01056873465,0.0539354498,-0.2099810057,4.610365771e-05
1.128,0.01047564822,0.05399315507,-0.21,0.01048394103,0.05395196123,-0.2099810278,4.610475779e-05
1.129,0.01039082308,0.05400954356,-0.21,0.01039912152,0.05396833953,-0.2099810498,4.61058069e-05
1.13,0.0103059723,0.05402579879,-0.21,0.01031427634,0.05398458466,-0.2099810718,4.610680497e-05
1.131,0.0102210961,0.05404192072,-0.21,0.01022940569,0.05400069658,-0.2099810938,4.610775192e-05
1.132,0.01013619467,0.0540579093,-0.21,0.01014450979,0.05401667525,-0.2099811156,4.610864767e-05
1.133,0.01005126824,0.0540737645,-0.21,0.01005958883,0.05403252063,-0.2099811374,4.610949214e-05
1.134,0.009966316999,0.05408948627,-0.21,0.009974643039,0.05404823268,-0.2099811592,4.611028526e-05
1.135,0.009881341173,0.05410507459,-0.21,0.009889672618,0.05406381137,-0.2099811808,4.611102695e-05
1.136,0.009796340965,0.05412052941,-0.21,0.009804677779,0.05407925666,-0.2099812025,4.611171712e-05
1.137,0.009711316585,0.05413585069,-0.21,0.00971965873,0.0540945685,-0.209981224,4.611235572e-05
1.138,0.009626268244,0.0541510384,-0.21,0.009634615683,0.05410974686,-0.2099812455,4.611294267e-05
1.139,0.00954119615,0.05416609249,-0.21,0.009549548846,0.0541247917,-0.2099812669,4.611347788e-05
1.14,0.009456100515,0.05418101294,-0.21,0.009464458431,0.05413970298,-0.2099812882,4.61139613e-05
1.141,0.009370981548,0.0541957997,-0.21,0.009379344645,0.05415448068,-0.2099813095,4.611439284e-05
1.142,0.009285839459,0.05421045273,-0.21,0.009294207701,0.05416912474,-0.2099813307,4.611477245e-05
1.143,0.009200674458,0.05422497201,-0.21,0.009209047807,0.05418363514,-0.2099813519,4.611510002e-05
1.144,0.009115486756,0.05423935749,-0.21,0.009123865175,0.05419801183,-0.209981373,4.61153755e-05
1.145,0.009030276561,0.05425360914,-0.21,0.009038660013,0.05421225479,-0.209981394,4.611559881e-05
1.146,0.008945044086,0.05426772693,-0.21,0.008953432534,0.05422636398,-0.2099814149,4.61157699e-05
1.147,0.008859789539,0.05428171082,-0.21,0.008868182946,0.05424033936,-0.2099814358,4.611588869e-05
1.148,0.008774513132,0.05429556077,-0.21,0.00878291146,0.0542541809,-0.2099814566,4.611595511e-05
1.149,0.008689215074,0.05430927675,-0.21,0.008697618287,0.05426788857,-0.2099814774,4.61159691e-05
1.15,0.008603895577,0.05432285873,-0.21,0.008612303638,0.05428146232,-0.2099814981,4.611593059e-05
1.151,0.008518554851,0.05433630668,-0.21,0.008526967722,0.05429490213,-0.2099815187,4.611583951e-05
1.152,0.008433193106,0.05434962055,-0.21,0.00844161075,0.05430820797,-0.2099815393,4.611569579e-05
1.153,0.008347810552,0.05436280032,-0.21,0.008356232934,0.05432137979,-0.2099815598,4.611549937e-05
1.154,0.008262407402,0.05437584596,-0.21,0.008270834483,0.05433441758,-0.2099815802,4.611525019e-05
1.155,0.008176983864,0.05438875743,-0.21,0.008185415609,0.05434732129,-0.2099816005,4.611494818e-05
1.156,0.008091540151,0.0544015347,-0.21,0.008099976522,0.05436009089,-0.2099816208,4.611459326e-05
1.157,0.008006076473,0.05441417774,-0.21,0.008014517433,0.05437272636,-0.2099816411,4.611418537e-05
1.158,0.00792059304,0.05442668652,-0.21,0.007929038554,0.05438522766,-0.2099816612,4.611372447e-05
1.159,0.007835090065,0.05443906101,-0.21,0.007843540094,0.05439759475,-0.2099816813,4.611321048e-05
1.16,0.007749567757,0.05445130117,-0.21,0.007758022266,0.05440982762,-0.2099817013,4.611264336e-05
1.161,0.007664026327,0.05446340699,-0.21,0.007672485279,0.05442192623,-0.2099817213,4.611202302e-05
1.162,0.007578465988,0.05447537841,-0.21,0.007586929346,0.05443389055,-0.2099817412,4.611134943e-05
1.163,0.007492886949,0.05448721543,-0.21,0.007501354678,0.05444572054,-0.209981761,4.61106225e-05
1.164,0.007407289422,0.054498918,-0.21,0.007415761484,0.05445741619,-0.2099817807,4.610984218e-05
1.165,0.007321673619,0.05451048611,-0.21,0.007330149978,0.05446897746,-0.2099818004,4.610900842e-05
1.166,0.00723603975,0.05452191971,-0.21,0.00724452037,0.05448040432,-0.20998182,4.610812115e-05
1.167,0.007150388027,0.05453321879,-0.21,0.007158872871,0.05449169675,-0.2099818396,4.610718032e-05
1.168,0.007064718661,0.05454438331,-0.21,0.007073207694,0.05450285472,-0.2099818591,4.610618587e-05
1.169,0.006979031864,0.05455541324,-0.21,0.006987525048,0.05451387819,-0.2099818785,4.610513773e-05
1.17,0.006893327846,0.05456630857,-0.21,0.006901825146,0.05452476715,-0.2099818978,4.610403585e-05
1.171,0.00680760682,0.05457706926,-0.21,0.0068161082,0.05453552156,-0.2099819171,4.610288019e-05
1.172,0.006721868997,0.05458769529,-0.21,0.00673037442,0.0545461414,-0.2099819363,4.610167069e-05
1.173,0.006636114588,0.05459818663,-0.21,0.006644624019,0.05455662664,-0.2099819555,4.610040728e-05
1.174,0.006550343805,0.05460854325,-0.21,0.006558857208,0.05456697726,-0.2099819746,4.609908991e-05
1.175,0.00646455686,0.05461876513,-0.21,0.006473074199,0.05457719323,-0.2099819936,4.609771854e-05
1.176,0.006378753964,0.05462885225,-0.21,0.006387275203,0.05458727453,-0.2099820125,4.609629312e-05
1.177,0.00629293533,0.05463880457,-0.21,0.006301460432,0.05459722113,-0.2099820314,4.609481358e-05
1.178,0.006207101168,0.05464862208,-0.21,0.006215630098,0.054607033,-0.2099820502,4.609327986e-05
1.179,0.006121251691,0.05465830475,-0.21,0.006129784414,0.05461671012,-0.2099820689,4.609169194e-05
1.18,0.00603538711,0.05466785255,-0.21,0.00604392359,0.05462625248,-0.2099820876,4.609004973e-05
1.181,0.005949507637,0.05467726547,-0.21,0.005958047838,0.05463566003,-0.2099821062,4.608835321e-05
1.182,0.005863613485,0.05468654347,-0.21,0.005872157372,0.05464493277,-0.2099821247,4.608660232e-05
1.183,0.005777704865,0.05469568654,-0.21,0.005786252402,0.05465407067,-0.2099821432,4.6084797e-05
1.184,0.005691781989,0.05470469466,-0.21,0.00570033314,0.0546630737,-0.2099821615,4.608293721e-05
1.185,0.005605845069,0.0547135678,-0.21,0.0056143998,0.05467194184,-0.2099821799,4.608102291e-05
1.186,0.005519894317,0.05472230593,-0.21,0.005528452592,0.05468067508,-0.2099821981,4.607905404e-05
1.187,0.005433929945,0.05473090905,-0.21,0.005442491729,0.05468927338,-0.2099822163,4.607703055e-05
1.188,0.005347952166,0.05473937712,-0.21,0.005356517423,0.05469773673,-0.2099822344,4.60749524e-05
1.189,0.005261961191,0.05474771013,-0.21,0.005270529887,0.05470606511,-0.2099822525,4.607281955e-05
1.19,0.005175957233,0.05475590805,-0.21,0.005184529332,0.0547142585,-0.2099822704,4.607063195e-05
1.191,0.005089940503,0.05476397087,-0.21,0.005098515971,0.05472231687,-0.2099822884,4.606838953e-05
1.192,0.005003911215,0.05477189857,-0.21,0.005012490016,0.05473024021,-0.2099823062,4.606609227e-05
1.193,0.00491786958,0.05477969112,-0.21,0.004926451679,0.0547380285,-0.209982324,4.606374014e-05
1.194,0.00483181581,0.0547873485,-0.21,0.004840401173,0.05474568172,-0.2099823417,4.606133306e-05
1.195,0.004745750119,0.05479487071,-0.21,0.004754338711,0.05475319984,-0.2099823593,4.6058871e-05
1.196,0.004659672718,0.05480225771,-0.21,0.004668264504,0.05476058285,-0.2099823769,4.605635391e-05
1.197,0.004573583819,0.05480950949,-0.21,0.004582178765,0.05476783074,-0.2099823944,4.605378175e-05
1.198,0.004487483636,0.05481662604,-0.21,0.004496081707,0.05477494348,-0.2099824118,4.605115449e-05
1.199,0.004401372381,0.05482360733,-0.21,0.004409973541,0.05478192105,-0.2099824291,4.604847207e-05
1.2,0.004315250265,0.05483045336,-0.21,0.004323854482,0.05478876345,-0.2099824464,4.604573447e-05
1.201,0.004229117502,0.05483716409,-0.21,0.00423772474,0.05479547064,-0.2099824636,4.604294164e-05
1.202,0.004142974304,0.05484373951,-0.21,0.00415158453,0.05480204262,-0.2099824808,4.604009353e-05
1.203,0.004056820884,0.05485017962,-0.21,0.004065434062,0.05480847937,-0.2099824978,4.603719011e-05
1.204,0.003970657454,0.05485648439,-0.21,0.003979273551,0.05481478088,-0.2099825148,4.603423133e-05
1.205,0.003884484226,0.0548626538,-0.21,0.003893103208,0.05482094712,-0.2099825318,4.603121716e-05
1.206,0.003798301414,0.05486868785,-0.21,0.003806923247,0.05482697808,-0.2099825486,4.602814755e-05
1.207,0.00371210923,0.05487458651,-0.21,0.00372073388,0.05483287376,-0.2099825654,4.602502246e-05
1.208,0.003625907887,0.05488034978,-0.21,0.003634535319,0.05483863412,-0.2099825822,4.602184186e-05
1.209,0.003539697598,0.05488597763,-0.21,0.003548327779,0.05484425916,-0.2099825988,4.601860573e-05
1.21,0.003453478574,0.05489147006,-0.21,0.00346211147,0.05484974887,-0.2099826154,4.601531401e-05
1.211,0.003367251029,0.05489682705,-0.21,0.003375886607,0.05485510323,-0.2099826319,4.601196668e-05
1.212,0.003281015176,0.05490204859,-0.21,0.003289653402,0.05486032222,-0.2099826484,4.600856368e-05
1.213,0.003194771228,0.05490713466,-0.21,0.003203412068,0.05486540585,-0.2099826647,4.600510499e-05
1.214,0.003108519397,0.05491208526,-0.21,0.003117162817,0.05487035408,-0.209982681,4.600159058e-05
1.215,0.003022259895,0.05491690036,-0.21,0.003030905863,0.05487516691,-0.2099826973,4.599802041e-05
1.216,0.002935992937,0.05492157996,-0.21,0.002944641419,0.05487984433,-0.2099827134,4.599439443e-05
1.217,0.002849718734,0.05492612405,-0.21,0.002858369697,0.05488438633,-0.2099827295,4.59907126e-05
1.218,0.0027634375,0.05493053261,-0.21,0.002772090911,0.05488879289,-0.2099827455,4.598697491e-05
1.219,0.002677149447,0.05493480564,-0.21,0.002685805273,0.05489306401,-0.2099827615,4.598318131e-05
1.22,0.002590854789,0.05493894312,-0.21,0.002599512996,0.05489719967,-0.2099827774,4.597933177e-05
1.221,0.002504553738,0.05494294505,-0.21,0.002513214294,0.05490119986,-0.2099827932,4.597542628e-05
1.222,0.002418246507,0.05494681141,-0.21,0.002426909379,0.05490506458,-0.2099828089,4.59714648e-05
1.223,0.00233193331,0.05495054219,-0.21,0.002340598464,0.05490879381,-0.2099828246,4.596744729e-05
1.224,0.002245614359,0.05495413739,-0.21,0.002254281764,0.05491238755,-0.2099828402,4.596337373e-05
1.225,0.002159289867,0.05495759699,-0.21,0.002167959489,0.05491584578,-0.2099828557,4.595924407e-05
1.226,0.002072960047,0.054960921,-0.21,0.002081631854,0.0549191685,-0.2099828712,4.595505829e-05
1.227,0.001986625112,0.05496410939,-0.21,0.001995299072,0.0549223557,-0.2099828866,4.595081634e-05
1.228,0.001900285276,0.05496716216,-0.21,0.001908961356,0.05492540737,-0.2099829019,4.59465182e-05
1.229,0.00181394075,0.05497007931,-0.21,0.001822618919,0.0549283235,-0.2099829171,4.594216384e-05
1.23,0.001727591749,0.05497286082,-0.21,0.001736271974,0.05493110409,-0.2099829323,4.593775323e-05
1.231,0.001641238486,0.05497550669,-0.21,0.001649920734,0.05493374912,-0.2099829474,4.593328635e-05
1.232,0.001554881172,0.05497801692,-0.21,0.001563565412,0.0549362586,-0.2099829624,4.592876317e-05
1.233,0.001468520023,0.05498039149,-0.21,0.001477206222,0.05493863252,-0.2099829774,4.592418369e-05
1.234,0.001382155249,0.05498263041,-0.21,0.001390843377,0.05494087087,-0.2099829923,4.591954786e-05
1.235,0.001295787066,0.05498473366,-0.21,0.001304477089,0.05494297364,-0.2099830071,4.591485562e-05
1.236,0.001209415685,0.05498670124,-0.21,0.001218107573,0.05494494083,-0.2099830219,4.591010699e-05
1.237,0.00112304132,0.05498853315,-0.21,0.001131735041,0.05494677244,-0.2099830365,4.59053019e-05
1.238,0.001036664184,0.05499022938,-0.21,0.001045359706,0.05494846845,-0.2099830512,4.590044035e-05
1.239,0.0009502844906,0.05499178993,-0.21,0.0009589817823,0.05495002888,-0.2099830657,4.589552229e-05
1.24,0.0008639024522,0.05499321479,-0.21,0.0008726014822,0.0549514537,-0.2099830802,4.589054773e-05
1.241,0.0007775182821,0.05499450396,-0.21,0.0007862190194,0.05495274293,-0.2099830946,4.588551663e-05
1.242,0.0006911321936,0.05499565743,-0.21,0.0006998346068,0.05495389654,-0.2099831089,4.588042895e-05
1.243,0.0006047443998,0.05499667521,-0.21,0.0006134484579,0.05495491456,-0.2099831231,4.587528469e-05
1.244,0.0005183551138,0.05499755729,-0.21,0.0005270607859,0.05495579696,-0.2099831373,4.587008383e-05
1.245,0.0004319645489,0.05499830367,-0.21,0.0004406718039,0.05495654375,-0.2099831514,4.586482632e-05
1.246,0.0003455729181,0.05499891435,-0.21,0.0003542817254,0.05495715492,-0.2099831655,4.585951216e-05
1.247,0.0002591804347,0.05499938932,-0.21,0.0002678907634,0.05495763048,-0.2099831794,4.58541413e-05
1.248,0.0001727873117,0.05499972859,-0.21,0.0001814991313,0.05495797042,-0.2099831933,4.584871372e-05
1.249,8.639376245e-05,0.05499993215,-0.21,9.510704238e-05,0.05495817475,-0.2099832071,4.584322941e-05
1.25,3.367778698e-18,0.055,-0.21,8.714709816e-06,0.05495824345,-0.2099832209,4.583768835e-05
1.251,-8.639376245e-05,0.05499993215,-0.21,-7.76776531e-05,0.05495817654,-0.2099832346,4.583209051e-05
1.252,-0.0001727873117,0.05499972859,-0.21,-0.0001640698331,0.05495797401,-0.2099832482,4.582643587e-05
1.253,-0.0002591804347,0.05499938932,-0.21,-0.0002504616169,0.05495763586,-0.2099832617,4.582072442e-05
1.254,-0.0003455729181,0.05499891435,-0.21,-0.0003368527913,0.05495716209,-0.2099832752,4.581495612e-05
1.255,-0.0004319645489,0.05499830367,-0.21,-0.000423243143,0.05495655271,-0.2099832886,4.580913097e-05
1.256,-0.0005183551138,0.05499755729,-0.21,-0.0005096324587,0.05495580771,-0.2099833019,4.580324892e-05
1.257,-0.0006047443998,0.05499667521,-0.21,-0.0005960205251,0.0549549271,-0.2099833152,4.579730998e-05
1.258,-0.0006911321936,0.05499565743,-0.21,-0.0006824071291,0.05495391088,-0.2099833284,4.579131411e-05
1.259,-0.0007775182821,0.05499450396,-0.21,-0.0007687920574,0.05495275905,-0.2099833415,4.57852613e-05
1.26,-0.0008639024522,0.05499321479,-0.21,-0.0008551750967,0.05495147162,-0.2099833545,4.577915152e-05
1.261,-0.0009502844906,0.05499178993,-0.21,-0.0009415560339,0.05495004858,-0.2099833675,4.577298477e-05
1.262,-0.001036664184,0.05499022938,-0.21,-0.001027934656,0.05494848995,-0.2099833804,4.576676102e-05
1.263,-0.00112304132,0.05498853315,-0.21,-0.001114310748,0.05494679572,-0.2099833932,4.576048026e-05
1.264,-0.001209415685,0.05498670124,-0.21,-0.0012006841,0.0549449659,-0.209983406,4.575414245e-05
1.265,-0.001295787066,0.05498473366,-0.21,-0.001287054495,0.05494300049,-0.2099834187,4.574774757e-05
1.266,-0.001382155249,0.05498263041,-0.21,-0.001373421723,0.0549408995,-0.2099834313,4.574129563e-05
1.267,-0.001468520023,0.05498039149,-0.21,-0.001459785569,0.05493866294,-0.2099834438,4.573478661e-05
1.268,-0.001554881172,0.05497801692,-0.21,-0.00154614582,0.0549362908,-0.2099834563,4.572822048e-05
1.269,-0.001641238486,0.05497550669,-0.21,-0.001632502264,0.0549337831,-0.2099834687,4.572159723e-05
1.27,-0.001727591749,0.05497286082,-0.21,-0.001718854686,0.05493113984,-0.209983481,4.571491683e-05
1.271,-0.00181394075,0.05497007931,-0.21,-0.001805202874,0.05492836103,-0.2099834933,4.570817928e-05
1.272,-0.001900285276,0.05496716216,-0.21,-0.001891546614,0.05492544667,-0.2099835054,4.570138454e-05
1.273,-0.001986625112,0.05496410939,-0.21,-0.001977885694,0.05492239677,-0.2099835176,4.569453263e-05
1.274,-0.002072960047,0.054960921,-0.21,-0.0020642199,0.05491921135,-0.2099835296,4.568762352e-05
1.275,-0.002159289867,0.05495759699,-0.21,-0.002150549019,0.0549158904,-0.2099835416,4.568065718e-05
1.276,-0.002245614359,0.05495413739,-0.21,-0.002236872838,0.05491243393,-0.2099835535,4.567363362e-05
1.277,-0.00233193331,0.05495054219,-0.21,-0.002323191144,0.05490884196,-0.2099835653,4.56665528e-05
1.278,-0.002418246507,0.05494681141,-0.21,-0.002409503724,0.05490511449,-0.2099835771,4.565941471e-05
1.279,-0.002504553738,0.05494294505,-0.21,-0.002495810365,0.05490125153,-0.2099835887,4.565221933e-05
1.28,-0.002590854789,0.05493894312,-0.21,-0.002582110853,0.05489725309,-0.2099836004,4.564496666e-05
1.281,-0.002677149447,0.05493480564,-0.21,-0.002668404976,0.05489311919,-0.2099836119,4.563765669e-05
1.282,-0.0027634375,0.05493053261,-0.21,-0.00275469252,0.05488884982,-0.2099836234,4.56302894e-05
1.283,-0.002849718734,0.05492612405,-0.21,-0.002840973274,0.05488444501,-0.2099836348,4.562286479e-05
1.284,-0.002935992937,0.05492157996,-0.21,-0.002927247022,0.05487990476,-0.2099836461,4.561538283e-05
1.285,-0.003022259895,0.05491690036,-0.21,-0.003013513553,0.05487522908,-0.2099836574,4.56078435e-05
1.286,-0.003108519397,0.05491208526,-0.21,-0.003099772654,0.05487041799,-0.2099836686,4.56002468e-05
1.287,-0.003194771228,0.05490713466,-0.21,-0.003186024112,0.0548654715,-0.2099836797,4.55925927e-05
1.288,-0.003281015176,0.05490204859,-0.21,-0.003272267713,0.05486038961,-0.2099836907,4.558488121e-05
1.289,-0.003367251029,0.05489682705,-0.21,-0.003358503245,0.05485517235,-0.2099837017,4.557711232e-05
1.29,-0.003453478574,0.05489147006,-0.21,-0.003444730495,0.05484981972,-0.2099837126,4.5569286e-05
1.291,-0.003539697598,0.05488597763,-0.21,-0.00353094925,0.05484433174,-0.2099837234,4.556140223e-05
1.292,-0.003625907887,0.05488034978,-0.21,-0.003617159298,0.05483870842,-0.2099837342,4.555346103e-05
1.293,-0.00371210923,0.05487458651,-0.21,-0.003703360424,0.05483294977,-0.2099837449,4.554546236e-05
1.294,-0.003798301414,0.05486868785,-0.21,-0.003789552418,0.05482705582,-0.2099837555,4.553740623e-05
1.295,-0.003884484226,0.0548626538,-0.21,-0.003875735065,0.05482102656,-0.209983766,4.552929262e-05
1.296,-0.003970657454,0.05485648439,-0.21,-0.003961908153,0.05481486203,-0.2099837765,4.552112153e-05
1.297,-0.004056820884,0.05485017962,-0.21,-0.00404807147,0.05480856223,-0.2099837869,4.551289294e-05
1.298,-0.004142974304,0.05484373951,-0.21,-0.004134224802,0.05480212718,-0.2099837973,4.550460683e-05
1.299,-0.004229117502,0.05483716409,-0.21,-0.004220367937,0.05479555689,-0.2099838075,4.549626321e-05
1.3,-0.004315250265,0.05483045336,-0.21,-0.004306500662,0.05478885139,-0.2099838177,4.548786206e-05
1.301,-0.004401372381,0.05482360733,-0.21,-0.004392622765,0.05478201069,-0.2099838278,4.547940336e-05
1.302,-0.004487483636,0.05481662604,-0.21,-0.004478734033,0.0547750348,-0.2099838379,4.54708871e-05
1.303,-0.004573583819,0.05480950949,-0.21,-0.004564834253,0.05476792374,-0.2099838479,4.546231327e-05
1.304,-0.004659672718,0.05480225771,-0.21,-0.004650923213,0.05476067753,-0.2099838578,4.545368188e-05
1.305,-0.004745750119,0.05479487071,-0.21,-0.0047370007,0.05475329619,-0.2099838676,4.544499292e-05
1.306,-0.00483181581,0.0547873485,-0.21,-0.004823066502,0.05474577973,-0.2099838774,4.543624638e-05
1.307,-0.00491786958,0.05477969112,-0.21,-0.004909120406,0.05473812818,-0.2099838871,4.542744223e-05
1.308,-0.005003911215,0.05477189857,-0.21,-0.004995162201,0.05473034155,-0.2099838967,4.541858048e-05
1.309,-0.005089940503,0.05476397087,-0.21,-0.005081191672,0.05472241986,-0.2099839062,4.540966112e-05
1.31,-0.005175957233,0.05475590805,-0.21,-0.005167208609,0.05471436314,-0.2099839157,4.540068412e-05
1.311,-0.005261961191,0.05474771013,-0.21,-0.005253212798,0.0547061714,-0.2099839251,4.53916495e-05
1.312,-0.005347952166,0.05473937712,-0.21,-0.005339204028,0.05469784466,-0.2099839345,4.538255725e-05
1.313,-0.005433929945,0.05473090905,-0.21,-0.005425182086,0.05468938294,-0.2099839438,4.537340734e-05
1.314,-0.005519894317,0.05472230593,-0.21,-0.005511146759,0.05468078626,-0.209983953,4.536419978e-05
1.315,-0.005605845069,0.0547135678,-0.21,-0.005597097837,0.05467205465,-0.2099839621,4.535493458e-05
1.316,-0.005691781989,0.05470469466,-0.21,-0.005683035105,0.05466318813,-0.2099839711,4.53456117e-05
1.317,-0.005777704865,0.05469568654,-0.21,-0.005768958353,0.05465418671,-0.2099839801,4.533623114e-05
1.318,-0.005863613485,0.05468654347,-0.21,-0.005854867368,0.05464505042,-0.209983989,4.53267929e-05
1.319,-0.005949507637,0.05467726547,-0.21,-0.005940761938,0.05463577929,-0.2099839979,4.531729696e-05
1.32,-0.00603538711,0.05466785255,-0.21,-0.006026641851,0.05462637333,-0.2099840067,4.530774332e-05
1.321,-0.006121251691,0.05465830475,-0.21,-0.006112506894,0.05461683257,-0.2099840154,4.529813199e-05
1.322,-0.006207101168,0.05464862208,-0.21,-0.006198356857,0.05460715703,-0.209984024,4.528846294e-05
1.323,-0.00629293533,0.05463880457,-0.21,-0.006284191526,0.05459734674,-0.2099840326,4.527873617e-05
1.324,-0.006378753964,0.05462885225,-0.21,-0.006370010691,0.05458740172,-0.2099840411,4.52689517e-05
1.325,-0.00646455686,0.05461876513,-0.21,-0.006455814139,0.05457732199,-0.2099840495,4.525910949e-05
1.326,-0.006550343805,0.05460854325,-0.21,-0.006541601658,0.05456710759,-0.2099840579,4.524920955e-05
1.327,-0.006636114588,0.05459818663,-0.21,-0.006627373037,0.05455675853,-0.2099840662,4.523925186e-05
1.328,-0.006721868997,0.05458769529,-0.21,-0.006713128063,0.05454627484,-0.2099840744,4.522923641e-05
1.329,-0.00680760682,0.05457706926,-0.21,-0.006798866526,0.05453565654,-0.2099840825,4.521916323e-05
1.33,-0.006893327846,0.05456630857,-0.21,-0.006884588213,0.05452490367,-0.2099840906,4.520903228e-05
1.331,-0.006979031864,0.05455541324,-0.21,-0.006970292912,0.05451401624,-0.2099840986,4.519884356e-05
1.332,-0.007064718661,0.05454438331,-0.21,-0.007055980413,0.0545029943,-0.2099841065,4.518859709e-05
1.333,-0.007150388027,0.05453321879,-0.21,-0.007141650504,0.05449183785,-0.2099841144,4.517829282e-05
1.334,-0.00723603975,0.05452191971,-0.21,-0.007227302972,0.05448054694,-0.2099841222,4.516793078e-05
1.335,-0.007321673619,0.05451048611,-0.21,-0.007312937608,0.05446912158,-0.2099841299,4.515751097e-05
1.336,-0.007407289422,0.054498918,-0.21,-0.007398554198,0.05445756182,-0.2099841376,4.514703337e-05
1.337,-0.007492886949,0.05448721543,-0.21,-0.007484152532,0.05444586766,-0.2099841452,4.513649798e-05
1.338,-0.007578465988,0.05447537841,-0.21,-0.007569732399,0.05443403915,-0.2099841527,4.512590479e-05
1.339,-0.007664026327,0.05446340699,-0.21,-0.007655293587,0.05442207632,-0.2099841601,4.511525379e-05
1.34,-0.007749567757,0.05445130117,-0.21,-0.007740835885,0.05440997919,-0.2099841675,4.510454498e-05
1.341,-0.007835090065,0.05443906101,-0.21,-0.007826359082,0.05439774779,-0.2099841748,4.509377835e-05
1.342,-0.00792059304,0.05442668652,-0.21,-0.007911862966,0.05438538215,-0.2099841821,4.50829539e-05
1.343,-0.008006076473,0.05441417774,-0.21,-0.007997347327,0.05437288231,-0.2099841892,4.507207163e-05
1.344,-0.008091540151,0.0544015347,-0.21,-0.008082811954,0.05436024829,-0.2099841963,4.506113154e-05
1.345,-0.008176983864,0.05438875743,-0.21,-0.008168256635,0.05434748012,-0.2099842034,4.505013362e-05
1.346,-0.008262407402,0.05437584596,-0.21,-0.008253681159,0.05433457784,-0.2099842103,4.503907788e-05
1.347,-0.008347810552,0.05436280032,-0.21,-0.008339085316,0.05432154149,-0.2099842172,4.50279643e-05
1.348,-0.008433193106,0.05434962055,-0.21,-0.008424468895,0.05430837108,-0.209984224,4.501679289e-05
1.349,-0.008518554851,0.05433630668,-0.21,-0.008509831684,0.05429506665,-0.2099842308,4.500556364e-05
1.35,-0.008603895577,0.05432285873,-0.21,-0.008595173474,0.05428162825,-0.2099842375,4.499427653e-05
1.351,-0.008689215074,0.05430927675,-0.21,-0.008680494054,0.05426805589,-0.2099842441,4.498293155e-05
1.352,-0.008774513132,0.05429556077,-0.21,-0.008765793212,0.05425434961,-0.2099842506,4.497152871e-05
1.353,-0.008859789539,0.05428171082,-0.21,-0.008851070738,0.05424050946,-0.2099842571,4.496006802e-05
1.354,-0.008945044086,0.05426772693,-0.21,-0.008936326423,0.05422653545,-0.2099842635,4.494854946e-05
1.355,-0.009030276561,0.05425360914,-0.21,-0.009021560054,0.05421242763,-0.2099842699,4.493697303e-05
1.356,-0.009115486756,0.05423935749,-0.21,-0.009106771422,0.05419818603,-0.2099842762,4.492533876e-05
1.357,-0.009200674458,0.05422497201,-0.21,-0.009191960317,0.05418381068,-0.2099842824,4.491364662e-05
1.358,-0.009285839459,0.05421045273,-0.21,-0.009277126527,0.05416930162,-0.2099842885,4.490189662e-05
1.359,-0.009370981548,0.0541957997,-0.21,-0.009362269843,0.0541546589,-0.2099842946,4.489008873e-05
1.36,-0.009456100515,0.05418101294,-0.21,-0.009447390055,0.05413988253,-0.2099843006,4.487822296e-05
1.361,-0.00954119615,0.05416609249,-0.21,-0.009532486953,0.05412497256,-0.2099843065,4.48662993e-05
1.362,-0.009626268244,0.0541510384,-0.21,-0.009617560325,0.05410992903,-0.2099843124,4.485431774e-05
1.363,-0.009711316585,0.05413585069,-0.21,-0.009702609963,0.05409475198,-0.2099843182,4.484227828e-05
1.364,-0.009796340965,0.05412052941,-0.21,-0.009787635656,0.05407944143,-0.2099843239,4.483018094e-05
1.365,-0.009881341173,0.05410507459,-0.21,-0.009872637195,0.05406399744,-0.2099843295,4.481802571e-05
1.366,-0.009966316999,0.05408948627,-0.21,-0.009957614369,0.05404842003,-0.2099843351,4.480581259e-05
1.367,-0.01005126824,0.0540737645,-0.21,-0.01004256697,0.05403270924,-0.2099843406,4.479354158e-05
1.368,-0.01013619467,0.0540579093,-0.21,-0.01012749478,0.05401686512,-0.2099843461,4.478121267e-05
1.369,-0.0102210961,0.05404192072,-0.21,-0.01021239761,0.0540008877,-0.2099843515,4.476882586e-05
1.37,-0.0103059723,0.05402579879,-0.21,-0.01029727522,0.05398477703,-0.2099843568,4.475638115e-05
1.371,-0.01039082308,0.05400954356,-0.21,-0.01038212743,0.05396853313,-0.2099843621,4.474387851e-05
1.372,-0.01047564822,0.05399315507,-0.21,-0.01046695401,0.05395215606,-0.2099843672,4.473131795e-05
1.373,-0.01056044751,0.05397663336,-0.21,-0.01055175476,0.05393564586,-0.2099843724,4.471869947e-05
1.374,-0.01064522074,0.05395997846,-0.21,-0.01063652947,0.05391900255,-0.2099843774,4.470602309e-05
1.375,-0.01072996771,0.05394319042,-0.21,-0.01072127793,0.05390222619,-0.2099843824,4.469328879e-05
1.376,-0.0108146882,0.05392626929,-0.21,-0.01080599993,0.05388531682,-0.2099843873,4.468049657e-05
1.377,-0.01089938201,0.05390921509,-0.21,-0.01089069526,0.05386827447,-0.2099843922,4.466764644e-05
1.378,-0.01098404893,0.05389202788,-0.21,-0.01097536372,0.0538510992,-0.2099843969,4.465473839e-05
1.379,-0.01106868874,0.0538747077,-0.21,-0.01106000508,0.05383379104,-0.2099844016,4.464177242e-05
1.38,-0.01115330124,0.05385725458,-0.21,-0.01114461915,0.05381635003,-0.2099844063,4.462874852e-05
1.381,-0.01123788623,0.05383966858,-0.21,-0.01122920572,0.05379877622,-0.2099844109,4.461566669e-05
1.382,-0.01132244348,0.05382194974,-0.21,-0.01131376457,0.05378106965,-0.2099844154,4.460252693e-05
1.383,-0.0114069728,0.05380409809,-0.21,-0.0113982955,0.05376323037,-0.2099844198,4.458932922e-05
1.384,-0.01149147397,0.05378611369,-0.21,-0.01148279829,0.05374525842,-0.2099844242,4.457607358e-05
1.385,-0.01157594679,0.05376799658,-0.21,-0.01156727275,0.05372715384,-0.2099844285,4.456276001e-05
1.386,-0.01166039105,0.0537497468,-0.21,-0.01165171866,0.05370891668,-0.2099844328,4.454938851e-05
1.387,-0.01174480653,0.05373136439,-0.21,-0.01173613581,0.05369054698,-0.2099844369,4.453595906e-05
1.388,-0.01182919304,0.05371284941,-0.21,-0.01182052399,0.05367204479,-0.209984441,4.452247168e-05
1.389,-0.01191355035,0.0536942019,-0.21,-0.011904883,0.05365341016,-0.2099844451,4.450892636e-05
1.39,-0.01199787828,0.05367542191,-0.21,-0.01198921263,0.05363464312,-0.2099844491,4.449532308e-05
1.391,-0.0120821766,0.05365650947,-0.21,-0.01207351267,0.05361574374,-0.209984453,4.448166187e-05
1.392,-0.0121664451,0.05363746465,-0.21,-0.01215778291,0.05359671204,-0.2099844568,4.446794271e-05
1.393,-0.01225068359,0.05361828747,-0.21,-0.01224202315,0.05357754809,-0.2099844606,4.445416561e-05
1.394,-0.01233489185,0.053598978,-0.21,-0.01232623317,0.05355825193,-0.2099844643,4.444033056e-05
1.395,-0.01241906968,0.05357953628,-0.21,-0.01241041276,0.0535388236,-0.209984468,4.442643756e-05
1.396,-0.01250321686,0.05355996236,-0.21,-0.01249456173,0.05351926315,-0.2099844716,4.441248661e-05
1.397,-0.01258733319,0.05354025629,-0.21,-0.01257867986,0.05349957064,-0.2099844751,4.439847769e-05
1.398,-0.01267141847,0.0535204181,-0.21,-0.01266276694,0.05347974611,-0.2099844785,4.438441082e-05
1.399,-0.01275547248,0.05350044787,-0.21,-0.01274682277,0.0534597896,-0.2099844819,4.4370286e-05
1.4,-0.01283949501,0.05348034562,-0.21,-0.01283084714,0.05343970118,-0.2099844852,4.435610321e-05
1.401,-0.01292348587,0.05346011142,-0.21,-0.01291483984,0.05341948088,-0.2099844885,4.434186247e-05
1.402,-0.01300744484,0.05343974531,-0.21,-0.01299880067,0.05339912876,-0.2099844917,4.432756377e-05
1.403,-0.01309137171,0.05341924734,-0.21,-0.01308272941,0.05337864487,-0.2099844948,4.431320712e-05
1.404,-0.01317526628,0.05339861757,-0.21,-0.01316662586,0.05335802926,-0.2099844979,4.429879252e-05
1.405,-0.01325912835,0.05337785604,-0.21,-0.01325048981,0.05333728198,-0.2099845009,4.428431995e-05
1.406,-0.01334295769,0.05335696281,-0.21,-0.01333432106,0.05331640308,-0.2099845038,4.426978942e-05
1.407,-0.01342675412,0.05333593792,-0.21,-0.0134181194,0.05329539262,-0.2099845067,4.425520092e-05
1.408,-0.01351051742,0.05331478143,-0.21,-0.01350188462,0.05327425064,-0.2099845095,4.424055445e-05
1.409,-0.01359424738,0.0532934934,-0.21,-0.01358561652,0.05325297719,-0.2099845122,4.422585002e-05
1.41,-0.01367794379,0.05327207386,-0.21,-0.01366931488,0.05323157233,-0.2099845149,4.42110876e-05
1.411,-0.01376160646,0.05325052289,-0.21,-0.0137529795,0.05321003612,-0.2099845175,4.419626723e-05
1.412,-0.01384523518,0.05322884052,-0.21,-0.01383661018,0.0531883686,-0.2099845201,4.418138888e-05
1.413,-0.01392882973,0.05320702681,-0.21,-0.01392020671,0.05316656984,-0.2099845225,4.416645257e-05
1.414,-0.01401238991,0.05318508183,-0.21,-0.01400376888,0.05314463987,-0.209984525,4.415145831e-05
1.415,-0.01409591552,0.05316300561,-0.21,-0.01408729648,0.05312257876,-0.2099845273,4.413640606e-05
1.416,-0.01417940635,0.05314079822,-0.21,-0.01417078932,0.05310038656,-0.2099845296,4.412129584e-05
1.417,-0.01426286219,0.05311845971,-0.21,-0.01425424717,0.05307806333,-0.2099845318,4.410612764e-05
1.418,-0.01434628285,0.05309599014,-0.21,-0.01433766985,0.05305560912,-0.209984534,4.409090146e-05
1.419,-0.0144296681,0.05307338955,-0.21,-0.01442105713,0.05303302399,-0.2099845361,4.407561731e-05
1.42,-0.01451301775,0.05305065802,-0.21,-0.01450440883,0.05301030799,-0.2099845381,4.406027519e-05
1.421,-0.01459633159,0.05302779558,-0.21,-0.01458772472,0.05298746118,-0.2099845401,4.40448751e-05
1.422,-0.01467960941,0.05300480231,-0.21,-0.0146710046,0.05296448362,-0.209984542,4.402941702e-05
1.423,-0.01476285102,0.05298167825,-0.21,-0.01475424827,0.05294137535,-0.2099845438,4.401390097e-05
1.424,-0.0148460562,0.05295842346,-0.21,-0.01483745553,0.05291813645,-0.2099845456,4.399832695e-05
1.425,-0.01492922474,0.052935038,-0.21,-0.01492062616,0.05289476696,-0.2099845473,4.398269494e-05
1.426,-0.01501235645,0.05291152194,-0.21,-0.01500375997,0.05287126694,-0.209984549,4.396700496e-05
1.427,-0.01509545112,0.05288787532,-0.21,-0.01508685674,0.05284763646,-0.2099845506,4.3951257e-05
1.428,-0.01517850855,0.0528640982,-0.21,-0.01516991627,0.05282387557,-0.2099845521,4.393545106e-05
1.429,-0.01526152852,0.05284019064,-0.21,-0.01525293836,0.05279998433,-0.2099845536,4.391958713e-05
1.43,-0.01534451083,0.05281615271,-0.21,-0.0153359228,0.0527759628,-0.209984555,4.390366523e-05
1.431,-0.01542745529,0.05279198446,-0.21,-0.01541886939,0.05275181103,-0.2099845563,4.388768534e-05
1.432,-0.01551036167,0.05276768595,-0.21,-0.01550177792,0.05272752909,-0.2099845576,4.387164746e-05
1.433,-0.01559322979,0.05274325724,-0.21,-0.01558464818,0.05270311704,-0.2099845588,4.38555516e-05
1.434,-0.01567605944,0.0527186984,-0.21,-0.01566747998,0.05267857494,-0.20998456,4.383939775e-05
1.435,-0.0157588504,0.05269400947,-0.21,-0.01575027311,0.05265390284,-0.2099845611,4.382318592e-05
1.436,-0.01584160248,0.05266919053,-0.21,-0.01583302736,0.05262910081,-0.2099845621,4.380691613e-05
1.437,-0.01592431547,0.05264424163,-0.21,-0.01591574252,0.05260416892,-0.2099845631,4.379058835e-05
1.438,-0.01600698918,0.05261916284,-0.21,-0.01599841841,0.05257910721,-0.209984564,4.377420259e-05
1.439,-0.01608962338,0.05259395421,-0.21,-0.0160810548,0.05255391576,-0.2099845649,4.375775886e-05
1.44,-0.01617221789,0.05256861581,-0.21,-0.0161636515,0.05252859463,-0.2099845656,4.374125711e-05
1.441,-0.01625477249,0.05254314771,-0.21,-0.0162462083,0.05250314387,-0.2099845664,4.372469739e-05
1.442,-0.01633728699,0.05251754996,-0.21,-0.01632872501,0.05247756356,-0.209984567,4.370807967e-05
1.443,-0.01641976117,0.05249182263,-0.21,-0.0164112014,0.05245185375,-0.2099845676,4.369140397e-05
1.444,-0.01650219484,0.05246596578,-0.21,-0.01649363729,0.05242601451,-0.2099845682,4.367467027e-05
1.445,-0.0165845878,0.05243997948,-0.21,-0.01657603247,0.0524000459,-0.2099845687,4.365787861e-05
1.446,-0.01666693983,0.05241386378,-0.21,-0.01665838673,0.05237394798,-0.2099845691,4.364102898e-05
1.447,-0.01674925074,0.05238761876,-0.21,-0.01674069988,0.05234772083,-0.2099845695,4.362412137e-05
1.448,-0.01683152032,0.05236124448,-0.21,-0.0168229717,0.0523213645,-0.2099845698,4.360715577e-05
1.449,-0.01691374837,0.052334741,-0.21,-0.01690520199,0.05229487907,-0.20998457,4.359013218e-05
1.45,-0.01699593469,0.0523081084,-0.21,-0.01698739056,0.05226826459,-0.2099845702,4.35730506e-05
1.451,-0.01707807907,0.05228134672,-0.21,-0.0170695372,0.05224152113,-0.2099845703,4.355591102e-05
1.452,-0.01716018132,0.05225445605,-0.21,-0.0171516417,0.05221464876,-0.2099845704,4.353871345e-05
1.453,-0.01724224122,0.05222743645,-0.21,-0.01723370386,0.05218764754,-0.2099845704,4.352145789e-05
1.454,-0.01732425858,0.05220028797,-0.21,-0.01731572349,0.05216051754,-0.2099845703,4.350414438e-05
1.455,-0.01740623319,0.0521730107,-0.21,-0.01739770038,0.05213325883,-0.2099845702,4.348677289e-05
1.456,-0.01748816486,0.0521456047,-0.21,-0.01747963432,0.05210587148,-0.20998457,4.346934342e-05
1.457,-0.01757005338,0.05211807004,-0.21,-0.01756152511,0.05207835555,-0.2099845698,4.345185597e-05
1.458,-0.01765189854,0.05209040677,-0.21,-0.01764337256,0.05205071111,-0.2099845695,4.343431054e-05
1.459,-0.01773370015,0.05206261498,-0.21,-0.01772517645,0.05202293823,-0.2099845691,4.34167071e-05
1.46,-0.017815458,0.05203469474,-0.21,-0.01780693659,0.05199503697,-0.2099845687,4.339904568e-05
1.461,-0.0178971719,0.0520066461,-0.21,-0.01788865278,0.05196700742,-0.2099845682,4.338132627e-05
1.462,-0.01797884163,0.05197846913,-0.21,-0.01797032481,0.05193884963,-0.2099845677,4.33635489e-05
1.463,-0.01806046701,0.05195016392,-0.21,-0.01805195249,0.05191056367,-0.2099845671,4.334571355e-05
1.464,-0.01814204782,0.05192173053,-0.21,-0.0181335356,0.05188214962,-0.2099845665,4.332782024e-05
1.465,-0.01822358387,0.05189316902,-0.21,-0.01821507395,0.05185360755,-0.2099845658,4.330986896e-05
1.466,-0.01830507495,0.05186447947,-0.21,-0.01829656734,0.05182493752,-0.209984565,4.32918597e-05
1.467,-0.01838652087,0.05183566196,-0.21,-0.01837801557,0.05179613961,-0.2099845642,4.327379246e-05
1.468,-0.01846792142,0.05180671654,-0.21,-0.01845941843,0.05176721388,-0.2099845633,4.325566723e-05
1.469,-0.0185492764,0.05177764329,-0.21,-0.01854077573,0.05173816042,-0.2099845624,4.323748404e-05
1.47,-0.01863058561,0.05174844229,-0.21,-0.01862208726,0.05170897928,-0.2099845614,4.321924287e-05
1.471,-0.01871184886,0.05171911361,-0.21,-0.01870335282,0.05167967055,-0.2099845603,4.320094373e-05
1.472,-0.01879306593,0.05168965731,-0.21,-0.01878457222,0.0516502343,-0.2099845592,4.318258663e-05
1.473,-0.01887423664,0.05166007347,-0.21,-0.01886574524,0.05162067059,-0.209984558,4.316417155e-05
1.474,-0.01895536077,0.05163036217,-0.21,-0.0189468717,0.0515909795,-0.2099845568,4.314569851e-05
1.475,-0.01903643814,0.05160052348,-0.21,-0.01902795139,0.05156116111,-0.2099845555,4.312716753e-05
1.476,-0.01911746853,0.05157055746,-0.21,-0.01910898411,0.05153121549,-0.2099845542,4.310857857e-05
1.477,-0.01919845176,0.0515404642,-0.21,-0.01918996966,0.05150114271,-0.2099845528,4.308993165e-05
1.478,-0.01927938761,0.05151024377,-0.21,-0.01927090784,0.05147094285,-0.2099845513,4.307122678e-05
1.479,-0.01936027589,0.05147989624,-0.21,-0.01935179845,0.05144061598,-0.2099845498,4.305246392e-05
1.48,-0.01944111641,0.0514494217,-0.21,-0.0194326413,0.05141016217,-0.2099845483,4.303364311e-05
1.481,-0.01952190895,0.0514188202,-0.21,-0.01951343617,0.05137958151,-0.2099845466,4.301476436e-05
1.482,-0.01960265333,0.05138809184,-0.21,-0.01959418288,0.05134887406,-0.209984545,4.299582766e-05
1.483,-0.01968334934,0.05135723667,-0.21,-0.01967488121,0.0513180399,-0.2099845432,4.297683301e-05
1.484,-0.01976399678,0.05132625479,-0.21,-0.01975553099,0.05128707912,-0.2099845414,4.295778043e-05
1.485,-0.01984459546,0.05129514627,-0.21,-0.01983613199,0.05125599178,-0.2099845396,4.293866989e-05
1.486,-0.01992514517,0.05126391119,-0.21,-0.01991668403,0.05122477796,-0.2099845377,4.291950141e-05
1.487,-0.02000564572,0.05123254961,-0.21,-0.01999718691,0.05119343774,-0.2099845357,4.290027499e-05
1.488,-0.0200860969,0.05120106162,-0.21,-0.02007764043,0.0511619712,-0.2099845337,4.288099063e-05
1.489,-0.02016649853,0.0511694473,-0.21,-0.02015804438,0.05113037841,-0.2099845316,4.286164833e-05
1.49,-0.0202468504,0.05113770672,-0.21,-0.02023839858,0.05109865945,-0.2099845295,4.28422481e-05
1.491,-0.02032715231,0.05110583997,-0.21,-0.02031870281,0.05106681441,-0.2099845273,4.282278993e-05
1.492,-0.02040740406,0.05107384712,-0.21,-0.02039895689,0.05103484335,-0.2099845251,4.280327385e-05
1.493,-0.02048760546,0.05104172825,-0.21,-0.02047916062,0.05100274637,-0.2099845228,4.278369984e-05
1.494,-0.02056775632,0.05100948343,-0.21,-0.0205593138,0.05097052353,-0.2099845205,4.276406792e-05
1.495,-0.02064785642,0.05097711276,-0.21,-0.02063941622,0.05093817492,-0.2099845181,4.274437809e-05
1.496,-0.02072790557,0.05094461631,-0.21,-0.02071946769,0.05090570061,-0.2099845156,4.272463035e-05
1.497,-0.02080790358,0.05091199415,-0.21,-0.02079946802,0.0508731007,-0.2099845131,4.270482469e-05
1.498,-0.02088785025,0.05087924638,-0.21,-0.02087941701,0.05084037525,-0.2099845106,4.268496112e-05
1.499,-0.02096774538,0.05084637306,-0.21,-0.02095931446,0.05080752435,-0.209984508,4.266503966e-05
1.5,-0.02104758878,0.05081337429,-0.21,-0.02103916017,0.05077454808,-0.2099845053,4.264506029e-05
1.501,-0.02112738024,0.05078025014,-0.21,-0.02111895394,0.05074144652,-0.2099845026,4.262502302e-05
1.502,-0.02120711958,0.05074700069,-0.21,-0.02119869558,0.05070821976,-0.2099844998,4.260492788e-05
1.503,-0.02128680658,0.05071362603,-0.21,-0.02127838489,0.05067486787,-0.209984497,4.258477485e-05
1.504,-0.02136644106,0.05068012625,-0.21,-0.02135802168,0.05064139094,-0.2099844941,4.256456394e-05
1.505,-0.02144602283,0.05064650141,-0.21,-0.02143760574,0.05060778905,-0.2099844912,4.254429515e-05
1.506,-0.02152555168,0.05061275161,-0.21,-0.02151713689,0.05057406228,-0.2099844882,4.252396848e-05
1.507,-0.02160502741,0.05057887692,-0.21,-0.02159661492,0.05054021072,-0.2099844852,4.250358394e-05
1.508,-0.02168444984,0.05054487744,-0.21,-0.02167603964,0.05050623445,-0.2099844821,4.248314155e-05
1.509,-0.02176381876,0.05051075324,-0.21,-0.02175541085,0.05047213355,-0.209984479,4.246264131e-05
1.51,-0.02184313398,0.05047650441,-0.21,-0.02183472836,0.05043790812,-0.2099844758,4.244208323e-05
1.511,-0.02192239531,0.05044213104,-0.21,-0.02191399197,0.05040355822,-0.2099844725,4.242146729e-05
1.512,-0.02200160255,0.0504076332,-0.21,-0.02199320148,0.05036908396,-0.2099844692,4.240079352e-05
1.513,-0.0220807555,0.05037301099,-0.21,-0.02207235671,0.0503344854,-0.2099844659,4.238006191e-05
1.514,-0.02215985396,0.05033826449,-0.21,-0.02215145745,0.05029976265,-0.2099844625,4.235927247e-05
1.515,-0.02223889775,0.05030339379,-0.21,-0.0222305035,0.05026491578,-0.209984459,4.233842522e-05
1.516,-0.02231788667,0.05026839897,-0.21,-0.02230949468,0.05022994488,-0.2099844555,4.231752014e-05
1.517,-0.02239682052,0.05023328011,-0.21,-0.02238843079,0.05019485004,-0.209984452,4.229655723e-05
1.518,-0.02247569911,0.05019803731,-0.21,-0.02246731163,0.05015963134,-0.2099844484,4.227553654e-05
1.519,-0.02255452224,0.05016267065,-0.21,-0.02254613701,0.05012428887,-0.2099844447,4.225445805e-05
1.52,-0.02263328972,0.05012718021,-0.21,-0.02262490674,0.05008882272,-0.209984441,4.223332176e-05
1.521,-0.02271200136,0.0500915661,-0.21,-0.02270362062,0.05005323298,-0.2099844373,4.221212771e-05
1.522,-0.02279065695,0.05005582839,-0.21,-0.02278227845,0.05001751972,-0.2099844335,4.219087588e-05
1.523,-0.02286925632,0.05001996717,-0.21,-0.02286088004,0.04998168305,-0.2099844296,4.216956628e-05
1.524,-0.02294779925,0.04998398253,-0.21,-0.0229394252,0.04994572305,-0.2099844257,4.214819893e-05
1.525,-0.02302628556,0.04994787456,-0.21,-0.02301791373,0.04990963981,-0.2099844218,4.212677382e-05
1.526,-0.02310471506,0.04991164335,-0.21,-0.02309634544,0.04987343342,-0.2099844178,4.210529097e-05
1.527,-0.02318308755,0.04987528899,-0.21,-0.02317472014,0.04983710397,-0.2099844137,4.208375038e-05
1.528,-0.02326140284,0.04983881156,-0.21,-0.02325303763,0.04980065154,-0.2099844096,4.206215206e-05
1.529,-0.02333966073,0.04980221116,-0.21,-0.02333129772,0.04976407623,-0.2099844054,4.204049602e-05
1.53,-0.02341786104,0.04976548789,-0.21,-0.02340950022,0.04972737813,-0.2099844012,4.201878229e-05
1.531,-0.02349600356,0.04972864181,-0.21,-0.02348764493,0.04969055732,-0.209984397,4.199701085e-05
1.532,-0.02357408811,0.04969167304,-0.21,-0.02356573166,0.04965361391,-0.2099843927,4.197518172e-05
1.533,-0.02365211449,0.04965458166,-0.21,-0.02364376021,0.04961654798,-0.2099843884,4.19532949e-05
1.534,-0.02373008251,0.04961736777,-0.21,-0.0237217304,0.04957935961,-0.209984384,4.193135042e-05
1.535,-0.02380799198,0.04958003144,-0.21,-0.02379964204,0.04954204892,-0.2099843795,4.190934828e-05
1.536,-0.02388584271,0.04954257278,-0.21,-0.02387749492,0.04950461597,-0.209984375,4.188728849e-05
1.537,-0.0239636345,0.04950499188,-0.21,-0.02395528886,0.04946706088,-0.2099843705,4.186517104e-05
1.538,-0.02404136717,0.04946728884,-0.21,-0.02403302366,0.04942938373,-0.2099843659,4.184299596e-05
1.539,-0.02411904051,0.04942946373,-0.21,-0.02411069914,0.04939158461,-0.2099843613,4.182076328e-05
1.54,-0.02419665434,0.04939151667,-0.21,-0.0241883151,0.04935366363,-0.2099843566,4.179847298e-05
1.541,-0.02427420847,0.04935344773,-0.21,-0.02426587135,0.04931562086,-0.2099843519,4.17761251e-05
1.542,-0.02435170271,0.04931525702,-0.21,-0.02434336769,0.04927745641,-0.2099843471,4.175371964e-05
1.543,-0.02442913686,0.04927694463,-0.21,-0.02442080395,0.04923917037,-0.2099843423,4.17312566e-05
1.544,-0.02450651073,0.04923851066,-0.21,-0.02449817992,0.04920076283,-0.2099843374,4.1708736e-05
1.545,-0.02458382414,0.04919995519,-0.21,-0.02457549542,0.04916223389,-0.2099843325,4.168615785e-05
1.546,-0.02466107688,0.04916127833,-0.21,-0.02465275025,0.04912358365,-0.2099843275,4.166352215e-05
1.547,-0.02473826878,0.04912248016,-0.21,-0.02472994422,0.04908481219,-0.2099843225,4.164082894e-05
1.548,-0.02481539964,0.0490835608,-0.21,-0.02480707714,0.04904591963,-0.2099843174,4.161807821e-05
1.549,-0.02489246927,0.04904452032,-0.21,-0.02488414883,0.04900690604,-0.2099843123,4.159526999e-05
1.55,-0.02496947749,0.04900535883,-0.21,-0.02496115909,0.04896777153,-0.2099843072,4.157240428e-05
1.551,-0.02504642409,0.04896607643,-0.21,-0.02503810774,0.0489285162,-0.209984302,4.154948111e-05
1.552,-0.02512330889,0.0489266732,-0.21,-0.02511499457,0.04888914014,-0.2099842968,4.15265005e-05
1.553,-0.0252001317,0.04888714925,-0.21,-0.02519181941,0.04884964345,-0.2099842915,4.150346245e-05
1.554,-0.02527689233,0.04884750468,-0.21,-0.02526858206,0.04881002622,-0.2099842861,4.148036698e-05
1.555,-0.0253535906,0.04880773959,-0.21,-0.02534528233,0.04877028856,-0.2099842808,4.145721409e-05
1.556,-0.02543022631,0.04876785406,-0.21,-0.02542192004,0.04873043057,-0.2099842754,4.143400382e-05
1.557,-0.02550679927,0.04872784821,-0.21,-0.02549849499,0.04869045233,-0.2099842699,4.141073616e-05
1.558,-0.02558330929,0.04868772212,-0.21,-0.02557500699,0.04865035395,-0.2099842644,4.138741115e-05
1.559,-0.0256597562,0.04864747591,-0.21,-0.02565145587,0.04861013554,-0.2099842588,4.136402878e-05
1.56,-0.02573613978,0.04860710965,-0.21,-0.02572784142,0.04856979718,-0.2099842532,4.13405891e-05
1.561,-0.02581245987,0.04856662347,-0.21,-0.02580416346,0.04852933898,-0.2099842476,4.131709209e-05
1.562,-0.02588871627,0.04852601745,-0.21,-0.0258804218,0.04848876103,-0.2099842419,4.129353779e-05
1.563,-0.02596490879,0.0484852917,-0.21,-0.02595661625,0.04844806345,-0.2099842362,4.126992623e-05
1.564,-0.02604103724,0.04844444632,-0.21,-0.02603274663,0.04840724632,-0.2099842304,4.124625742e-05
1.565,-0.02611710144,0.04840348141,-0.21,-0.02610881274,0.04836630976,-0.2099842246,4.122253137e-05
1.566,-0.0261931012,0.04836239706,-0.21,-0.0261848144,0.04832525385,-0.2099842188,4.11987481e-05
1.567,-0.02626903633,0.04832119339,-0.21,-0.02626075143,0.04828407871,-0.2099842129,4.117490763e-05
1.568,-0.02634490665,0.04827987048,-0.21,-0.02633662362,0.04824278443,-0.2099842069,4.115100997e-05
1.569,-0.02642071196,0.04823842845,-0.21,-0.02641243081,0.04820137111,-0.2099842009,4.112705515e-05
1.57,-0.02649645208,0.0481968674,-0.21,-0.02648817279,0.04815983887,-0.2099841949,4.110304318e-05
1.571,-0.02657212682,0.04815518743,-0.21,-0.02656384939,0.04811818779,-0.2099841888,4.107897411e-05
1.572,-0.026647736,0.04811338864,-0.21,-0.02663946041,0.04807641799,-0.2099841827,4.105484794e-05
1.573,-0.02672327942,0.04807147113,-0.21,-0.02671500567,0.04803452956,-0.2099841766,4.103066471e-05
1.574,-0.02679875691,0.04802943501,-0.21,-0.02679048498,0.04799252262,-0.2099841704,4.100642441e-05
1.575,-0.02687416828,0.04798728039,-0.21,-0.02686589815,0.04795039726,-0.2099841641,4.098212709e-05
1.576,-0.02694951334,0.04794500736,-0.21,-0.02694124501,0.04790815359,-0.2099841579,4.095777275e-05
1.577,-0.0270247919,0.04790261603,-0.21,-0.02701652536,0.04786579171,-0.2099841515,4.093336142e-05
1.578,-0.02710000379,0.04786010651,-0.21,-0.02709173902,0.04782331172,-0.2099841452,4.090889313e-05
1.579,-0.0271751488,0.04781747889,-0.21,-0.0271668858,0.04778071374,-0.2099841388,4.088436788e-05
1.58,-0.02725022676,0.04777473329,-0.21,-0.02724196552,0.04773799787,-0.2099841323,4.085978572e-05
1.581,-0.02732523749,0.04773186982,-0.21,-0.02731697799,0.04769516421,-0.2099841259,4.083514668e-05
1.582,-0.02740018079,0.04768888856,-0.21,-0.02739192302,0.04765221287,-0.2099841193,4.081045079e-05
1.583,-0.02747505649,0.04764578964,-0.21,-0.02746680044,0.04760914395,-0.2099841128,4.078569806e-05
1.584,-0.02754986439,0.04760257316,-0.21,-0.02754161005,0.04756595756,-0.2099841062,4.076088851e-05
1.585,-0.02762460432,0.04755923923,-0.21,-0.02761635167,0.04752265381,-0.2099840995,4.073602217e-05
1.586,-0.02769927609,0.04751578795,-0.21,-0.02769102512,0.04747923281,-0.2099840929,4.071109906e-05
1.587,-0.02777387951,0.04747221942,-0.21,-0.02776563022,0.04743569466,-0.2099840861,4.06861192e-05
1.588,-0.0278484144,0.04742853377,-0.21,-0.02784016677,0.04739203947,-0.2099840794,4.066108265e-05
1.589,-0.02792288058,0.04738473108,-0.21,-0.0279146346,0.04734826734,-0.2099840726,4.063598943e-05
1.59,-0.02799727787,0.04734081149,-0.21,-0.02798903351,0.04730437839,-0.2099840657,4.061083957e-05
1.591,-0.02807160607,0.04729677508,-0.21,-0.02806336334,0.04726037273,-0.2099840589,4.058563308e-05
1.592,-0.02814586501,0.04725262197,-0.21,-0.02813762389,0.04721625045,-0.209984052,4.056037001e-05
1.593,-0.0282200545,0.04720835227,-0.21,-0.02821181498,0.04717201168,-0.209984045,4.053505036e-05
1.594,-0.02829417436,0.04716396609,-0.21,-0.02828593642,0.04712765652,-0.209984038,4.050967419e-05
1.595,-0.02836822441,0.04711946354,-0.21,-0.02835998804,0.04708318508,-0.209984031,4.048424152e-05
1.596,-0.02844220446,0.04707484472,-0.21,-0.02843396965,0.04703859747,-0.2099840239,4.045875239e-05
1.597,-0.02851611433,0.04703010975,-0.21,-0.02850788107,0.0469938938,-0.2099840168,4.043320681e-05
1.598,-0.02858995384,0.04698525874,-0.21,-0.02858172212,0.04694907418,-0.2099840097,4.040760483e-05
1.599,-0.02866372281,0.0469402918,-0.21,-0.02865549261,0.04690413873,-0.2099840025,4.038194648e-05
1.6,-0.02873742106,0.04689520904,-0.21,-0.02872919236,0.04685908754,-0.2099839953,4.035623179e-05
1.601,-0.0288110484,0.04685001057,-0.21,-0.0288028212,0.04681392074,-0.209983988,4.033046079e-05
1.602,-0.02888460465,0.0468046965,-0.21,-0.02887637893,0.04676863844,-0.2099839807,4.030463354e-05
1.603,-0.02895808963,0.04675926694,-0.21,-0.02894986537,0.04672324074,-0.2099839734,4.027875006e-05
1.604,-0.02903150316,0.04671372201,-0.21,-0.02902328036,0.04667772776,-0.209983966,4.025281038e-05
1.605,-0.02910484505,0.04666806182,-0.21,-0.02909662369,0.04663209961,-0.2099839586,4.022681454e-05
1.606,-0.02917811514,0.04662228648,-0.21,-0.0291698952,0.04658635641,-0.2099839512,4.020076257e-05
1.607,-0.02925131323,0.04657639611,-0.21,-0.02924309471,0.04654049827,-0.2099839437,4.017465452e-05
1.608,-0.02932443914,0.04653039081,-0.21,-0.02931622202,0.04649452529,-0.2099839362,4.01484904e-05
1.609,-0.0293974927,0.0464842707,-0.21,-0.02938927696,0.0464484376,-0.2099839287,4.012227025e-05
1.61,-0.02947047372,0.0464380359,-0.21,-0.02946225936,0.04640223531,-0.2099839211,4.009599416e-05
1.611,-0.02954338203,0.04639168652,-0.21,-0.02953516903,0.04635591853,-0.2099839135,4.006966213e-05
1.612,-0.02961621745,0.04634522267,-0.21,-0.02960800578,0.04630948738,-0.2099839059,4.004327421e-05
1.613,-0.02968897978,0.04629864447,-0.21,-0.02968076945,0.04626294197,-0.2099838982,4.001683043e-05
1.614,-0.02976166887,0.04625195203,-0.21,-0.02975345985,0.04621628241,-0.2099838905,3.999033085e-05
1.615,-0.02983428452,0.04620514546,-0.21,-0.0298260768,0.04616950883,-0.2099838827,3.99637755e-05
1.616,-0.02990682655,0.0461582249,-0.21,-0.02989862012,0.04612262134,-0.2099838749,3.993716441e-05
1.617,-0.0299792948,0.04611119044,-0.21,-0.02997108963,0.04607562004,-0.2099838671,3.991049765e-05
1.618,-0.03005168907,0.0460640422,-0.21,-0.03004348516,0.04602850507,-0.2099838593,3.988377524e-05
1.619,-0.03012400919,0.04601678031,-0.21,-0.03011580653,0.04598127653,-0.2099838514,3.985699723e-05
1.62,-0.03019625499,0.04596940488,-0.21,-0.03018805355,0.04593393455,-0.2099838434,3.983016367e-05
1.621,-0.03026842628,0.04592191602,-0.21,-0.03026022605,0.04588647923,-0.2099838355,3.980327461e-05
1.622,-0.03034052288,0.04587431385,-0.21,-0.03033232386,0.0458389107,-0.2099838275,3.977633009e-05
1.623,-0.03041254463,0.04582659849,-0.21,-0.03040434678,0.04579122907,-0.2099838195,3.974933015e-05
1.624,-0.03048449133,0.04577877006,-0.21,-0.03047629465,0.04574343447,-0.2099838114,3.972227485e-05
1.625,-0.03055636282,0.04573082868,-0.21,-0.03054816729,0.045695527,-0.2099838034,3.969516422e-05
1.626,-0.03062815891,0.04568277446,-0.21,-0.03061996452,0.04564750679,-0.2099837952,3.966799832e-05
1.627,-0.03069987943,0.04563460752,-0.21,-0.03069168616,0.04559937396,-0.2099837871,3.964077721e-05
1.628,-0.0307715242,0.04558632798,-0.21,-0.03076333203,0.04555112863,-0.2099837789,3.961350092e-05
1.629,-0.03084309304,0.04553793596,-0.21,-0.03083490197,0.0455027709,-0.2099837707,3.95861695e-05
1.63,-0.03091458578,0.04548943159,-0.21,-0.03090639579,0.04545430092,-0.2099837625,3.955878304e-05
1.631,-0.03098600225,0.04544081497,-0.21,-0.03097781331,0.04540571878,-0.2099837542,3.953134156e-05
1.632,-0.03105734225,0.04539208623,-0.21,-0.03104915436,0.04535702462,-0.2099837459,3.950384512e-05
1.633,-0.03112860563,0.04534324549,-0.21,-0.03112041877,0.04530821856,-0.2099837376,3.947629376e-05
1.634,-0.0311997922,0.04529429287,-0.21,-0.03119160635,0.04525930071,-0.2099837292,3.944868753e-05
1.635,-0.03127090179,0.04524522849,-0.21,-0.03126271694,0.04521027119,-0.2099837208,3.94210265e-05
1.636,-0.03134193422,0.04519605247,-0.21,-0.03133375035,0.04516113013,-0.2099837124,3.939331073e-05
1.637,-0.03141288932,0.04514676494,-0.21,-0.03140470642,0.04511187765,-0.2099837039,3.936554028e-05
1.638,-0.03148376691,0.04509736601,-0.21,-0.03147558496,0.04506251387,-0.2099836954,3.933771519e-05
1.639,-0.03155456681,0.04504785581,-0.21,-0.0315463858,0.04501303891,-0.2099836869,3.930983551e-05
1.64,-0.03162528886,0.04499823446,-0.21,-0.03161710876,0.04496345289,-0.2099836784,3.928190133e-05
1.641,-0.03169593288,0.04494850208,-0.21,-0.03168775368,0.04491375594,-0.2099836698,3.925391268e-05
1.642,-0.03176649869,0.04489865879,-0.21,-0.03175832038,0.04486394818,-0.2099836612,3.922586965e-05
1.643,-0.03183698612,0.04484870472,-0.21,-0.03182880867,0.04481402973,-0.2099836525,3.919777227e-05
1.644,-0.03190739499,0.04479863999,-0.21,-0.0318992184,0.04476400071,-0.2099836439,3.916962062e-05
1.645,-0.03197772514,0.04474846472,-0.21,-0.03196954939,0.04471386126,-0.2099836352,3.914141475e-05
1.646,-0.03204797638,0.04469817904,-0.21,-0.03203980145,0.04466361148,-0.2099836265,3.911315475e-05
1.647,-0.03211814855,0.04464778308,-0.21,-0.03210997442,0.04461325151,-0.2099836177,3.908484065e-05
1.648,-0.03218824147,0.04459727695,-0.21,-0.03218006813,0.04456278148,-0.2099836089,3.905647251e-05
1.649,-0.03225825497,0.04454666078,-0.21,-0.0322500824,0.0445122015,-0.2099836001,3.902805043e-05
1.65,-0.03232818888,0.04449593469,-0.21,-0.03232001706,0.0444615117,-0.2099835913,3.899957447e-05
1.651,-0.03239804301,0.04444509882,-0.21,-0.03238987194,0.0444107122,-0.2099835824,3.897104467e-05
1.652,-0.03246781721,0.04439415328,-0.21,-0.03245964686,0.04435980314,-0.2099835735,3.89424611e-05
1.653,-0.0325375113,0.0443430982,-0.21,-0.03252934165,0.04430878464,-0.2099835646,3.891382384e-05
1.654,-0.03260712511,0.04429193371,-0.21,-0.03259895614,0.04425765681,-0.2099835557,3.888513298e-05
1.655,-0.03267665846,0.04424065994,-0.21,-0.03266849017,0.0442064198,-0.2099835467,3.885638859e-05
1.656,-0.03274611118,0.04418927701,-0.21,-0.03273794354,0.04415507372,-0.2099835377,3.882759072e-05
1.657,-0.03281548311,0.04413778504,-0.21,-0.03280731611,0.04410361871,-0.2099835287,3.879873943e-05
1.658,-0.03288477407,0.04408618417,-0.21,-0.03287660769,0.04405205488,-0.2099835196,3.87698348e-05
1.659,-0.03295398389,0.04403447452,-0.21,-0.03294581811,0.04400038237,-0.2099835106,3.874087692e-05
1.66,-0.03302311239,0.04398265622,-0.21,-0.0330149472,0.04394860131,-0.2099835015,3.871186585e-05
1.661,-0.03309215942,0.04393072939,-0.21,-0.03308399479,0.04389671182,-0.2099834923,3.868280167e-05
1.662,-0.03316112479,0.04387869417,-0.21,-0.03315296072,0.04384471403,-0.2099834832,3.865368445e-05
1.663,-0.03323000835,0.04382655069,-0.21,-0.03322184481,0.04379260807,-0.209983474,3.862451428e-05
1.664,-0.03329880991,0.04377429907,-0.21,-0.03329064688,0.04374039407,-0.2099834648,3.859529124e-05
1.665,-0.03336752931,0.04372193944,-0.21,-0.03335936678,0.04368807215,-0.2099834556,3.856601539e-05
1.666,-0.03343616637,0.04366947193,-0.21,-0.03342800433,0.04363564245,-0.2099834463,3.853668682e-05
1.667,-0.03350472094,0.04361689666,-0.21,-0.03349655937,0.0435831051,-0.2099834371,3.850730562e-05
1.668,-0.03357319284,0.04356421378,-0.21,-0.03356503171,0.04353046022,-0.2099834278,3.847787188e-05
1.669,-0.0336415819,0.04351142341,-0.21,-0.0336334212,0.04347770794,-0.2099834184,3.844838565e-05
1.67,-0.03370988795,0.04345852568,-0.21,-0.03370172767,0.0434248484,-0.2099834091,3.841884703e-05
1.671,-0.03377811083,0.04340552072,-0.21,-0.03376995094,0.04337188173,-0.2099833997,3.838925612e-05
1.672,-0.03384625036,0.04335240866,-0.21,-0.03383809085,0.04331880806,-0.2099833903,3.835961297e-05
1.673,-0.03391430638,0.04329918963,-0.21,-0.03390614723,0.04326562751,-0.2099833809,3.832991768e-05
1.674,-0.03398227872,0.04324586377,-0.21,-0.03397411991,0.04321234022,-0.2099833714,3.830017034e-05
1.675,-0.03405016721,0.0431924312,-0.21,-0.03404200873,0.04315894632,-0.209983362,3.827037103e-05
1.676,-0.03411797169,0.04313889206,-0.21,-0.03410981351,0.04310544595,-0.2099833525,3.824051986e-05
1.677,-0.03418569198,0.04308524647,-0.21,-0.0341775341,0.04305183923,-0.209983343,3.821061691e-05
1.678,-0.03425332793,0.04303149458,-0.21,-0.03424517031,0.0429981263,-0.2099833334,3.818066228e-05
1.679,-0.03432087935,0.04297763651,-0.21,-0.03431272199,0.04294430729,-0.2099833239,3.815065605e-05
1.68,-0.0343883461,0.0429236724,-0.21,-0.03438018897,0.04289038233,-0.2099833143,3.812059832e-05
1.681,-0.03445572799,0.04286960238,-0.21,-0.03444757109,0.04283635155,-0.2099833047,3.809048919e-05
1.682,-0.03452302487,0.04281542659,-0.21,-0.03451486817,0.0427822151,-0.2099832951,3.806032875e-05
1.683,-0.03459023657,0.04276114515,-0.21,-0.03458208004,0.0427279731,-0.2099832855,3.803011707e-05
1.684,-0.03465736292,0.0427067582,-0.21,-0.03464920656,0.04267362568,-0.2099832758,3.799985426e-05
1.685,-0.03472440375,0.04265226587,-0.21,-0.03471624754,0.04261917299,-0.2099832661,3.796954042e-05
1.686,-0.03479135891,0.04259766831,-0.21,-0.03478320282,0.04256461516,-0.2099832564,3.793917567e-05
1.687,-0.03485822822,0.04254296564,-0.21,-0.03485007225,0.04250995231,-0.2099832467,3.790876009e-05
1.688,-0.03492501152,0.042488158,-0.21,-0.03491685564,0.04245518459,-0.2099832369,3.78782938e-05
1.689,-0.03499170865,0.04243324553,-0.21,-0.03498355284,0.04240031213,-0.2099832272,3.78477769e-05
1.69,-0.03505831944,0.04237822835,-0.21,-0.03505016369,0.04234533507,-0.2099832174,3.781720948e-05
1.691,-0.03512484372,0.04232310661,-0.21,-0.03511668802,0.04229025354,-0.2099832076,3.778659164e-05
1.692,-0.03519128134,0.04226788045,-0.21,-0.03518312566,0.04223506767,-0.2099831977,3.77559235e-05
1.693,-0.03525763213,0.04221254999,-0.21,-0.03524947645,0.04217977761,-0.2099831879,3.772520516e-05
1.694,-0.03532389592,0.04215711537,-0.21,-0.03531574023,0.0421243835,-0.209983178,3.76944367e-05
1.695,-0.03539007256,0.04210157674,-0.21,-0.03538191683,0.04206888546,-0.2099831681,3.766361826e-05
1.696,-0.03545616187,0.04204593423,-0.21,-0.03544800609,0.04201328363,-0.2099831582,3.763274995e-05
1.697,-0.0355221637,0.04199018797,-0.21,-0.03551400785,0.04195757816,-0.2099831483,3.760183189e-05
1.698,-0.03558807789,0.04193433811,-0.21,-0.03557992194,0.04190176917,-0.2099831384,3.757086419e-05
1.699,-0.03565390426,0.04187838477,-0.21,-0.03564574821,0.04184585682,-0.2099831284,3.753984695e-05
1.7,-0.03571964266,0.04182232811,-0.21,-0.03571148648,0.04178984123,-0.2099831184,3.750878029e-05
1.701,-0.03578529292,0.04176616825,-0.21,-0.03577713661,0.04173372254,-0.2099831084,3.747766433e-05
1.702,-0.03585085489,0.04170990534,-0.21,-0.03584269841,0.04167750089,-0.2099830984,3.744649917e-05
1.703,-0.0359163284,0.04165353952,-0.21,-0.03590817174,0.04162117643,-0.2099830884,3.741528494e-05
1.704,-0.03598171329,0.04159707091,-0.21,-0.03597355644,0.04156474929,-0.2099830783,3.738402175e-05
1.705,-0.0360470094,0.04154049968,-0.21,-0.03603885233,0.0415082196,-0.2099830683,3.735270972e-05
1.706,-0.03611221657,0.04148382594,-0.21,-0.03610405926,0.04145158752,-0.2099830582,3.732134897e-05
1.707,-0.03617733463,0.04142704985,-0.21,-0.03616917707,0.04139485317,-0.2099830481,3.728993964e-05
1.708,-0.03624236343,0.04137017154,-0.21,-0.0362342056,0.04133801671,-0.2099830379,3.725848186e-05
1.709,-0.0363073028,0.04131319115,-0.21,-0.03629914469,0.04128107826,-0.2099830278,3.722697575e-05
1.71,-0.03637215259,0.04125610883,-0.21,-0.03636399417,0.04122403798,-0.2099830177,3.719542142e-05
1.711,-0.03643691264,0.04119892471,-0.21,-0.03642875389,0.04116689599,-0.2099830075,3.716381902e-05
1.712,-0.03650158278,0.04114163894,-0.21,-0.03649342369,0.04110965245,-0.2099829973,3.713216864e-05
1.713,-0.03656616286,0.04108425165,-0.21,-0.0365580034,0.04105230749,-0.2099829871,3.710047044e-05
1.714,-0.03663065271,0.041026763,-0.21,-0.03662249287,0.04099486125,-0.2099829769,3.706872454e-05
1.715,-0.03669505218,0.04096917311,-0.21,-0.03668689195,0.04093731388,-0.2099829667,3.703693107e-05
1.716,-0.03675936111,0.04091148214,-0.21,-0.03675120046,0.04087966553,-0.2099829564,3.700509016e-05
1.717,-0.03682357934,0.04085369022,-0.21,-0.03681541825,0.04082191632,-0.2099829462,3.697320196e-05
1.718,-0.03688770671,0.0407957975,-0.21,-0.03687954517,0.0407640664,-0.2099829359,3.694126662e-05
1.719,-0.03695174306,0.04073780412,-0.21,-0.03694358105,0.04070611593,-0.2099829256,3.690928427e-05
1.72,-0.03701568824,0.04067971022,-0.21,-0.03700752574,0.04064806503,-0.2099829153,3.687725502e-05
1.721,-0.03707954209,0.04062151595,-0.21,-0.03707137908,0.04058991386,-0.209982905,3.684517905e-05
1.722,-0.03714330445,0.04056322145,-0.21,-0.03713514091,0.04053166255,-0.2099828946,3.681305647e-05
1.723,-0.03720697516,0.04050482687,-0.21,-0.03719881107,0.04047331125,-0.2099828843,3.678088742e-05
1.724,-0.03727055406,0.04044633234,-0.21,-0.03726238941,0.04041486011,-0.2099828739,3.674867204e-05
1.725,-0.037334041,0.04038773802,-0.21,-0.03732587577,0.04035630927,-0.2099828636,3.671641049e-05
1.726,-0.03739743583,0.04032904404,-0.21,-0.03738927,0.04029765887,-0.2099828532,3.668410293e-05
1.727,-0.03746073838,0.04027025056,-0.21,-0.03745257193,0.04023890906,-0.2099828428,3.66517495e-05
1.728,-0.0375239485,0.04021135771,-0.21,-0.03751578142,0.04018005999,-0.2099828324,3.661935035e-05
1.729,-0.03758706603,0.04015236565,-0.21,-0.03757889829,0.04012111179,-0.2099828219,3.658690563e-05
1.73,-0.03765009083,0.04009327451,-0.21,-0.03764192241,0.04006206461,-0.2099828115,3.65544155e-05
1.731,-0.03771302272,0.04003408445,-0.21,-0.03770485361,0.04000291861,-0.209982801,3.652188009e-05
1.732,-0.03777586156,0.0399747956,-0.21,-0.03776769175,0.03994367392,-0.2099827906,3.648929955e-05
1.733,-0.03783860719,0.03991540812,-0.21,-0.03783043665,0.0398843307,-0.2099827801,3.645667405e-05
1.734,-0.03790125946,0.03985592216,-0.21,-0.03789308817,0.03982488908,-0.2099827696,3.642400376e-05
1.735,-0.03796381821,0.03979633786,-0.21,-0.03795564616,0.03976534922,-0.2099827591,3.639128881e-05
1.736,-0.03802628329,0.03973665536,-0.21,-0.03801811046,0.03970571127,-0.2099827486,3.635852939e-05
1.737,-0.03808865455,0.03967687481,-0.21,-0.03808048091,0.03964597536,-0.2099827381,3.632572565e-05
1.738,-0.03815093182,0.03961699637,-0.21,-0.03814275736,0.03958614165,-0.2099827275,3.629287776e-05
1.739,-0.03821311496,0.03955702017,-0.21,-0.03820493967,0.03952621029,-0.209982717,3.625998589e-05
1.74,-0.03827520381,0.03949694638,-0.21,-0.03826702766,0.03946618142,-0.2099827064,3.622705019e-05
1.741,-0.03833719823,0.03943677512,-0.21,-0.0383290212,0.03940605519,-0.2099826959,3.619407083e-05
1.742,-0.03839909804,0.03937650657,-0.21,-0.03839092013,0.03934583175,-0.2099826853,3.616104798e-05
1.743,-0.03846090312,0.03931614085,-0.21,-0.0384527243,0.03928551125,-0.2099826747,3.612798181e-05
1.744,-0.03852261329,0.03925567813,-0.21,-0.03851443354,0.03922509383,-0.2099826641,3.609487247e-05
1.745,-0.03858422842,0.03919511854,-0.21,-0.03857604772,0.03916457966,-0.2099826535,3.606172016e-05
1.746,-0.03864574834,0.03913446225,-0.21,-0.03863756668,0.03910396886,-0.2099826429,3.602852505e-05
1.747,-0.03870717291,0.03907370939,-0.21,-0.03869899027,0.03904326161,-0.2099826323,3.599528733e-05
1.748,-0.03876850197,0.03901286013,-0.21,-0.03876031833,0.03898245804,-0.2099826216,3.596200717e-05
1.749,-0.03882973537,0.0389519146,-0.21,-0.03882155071,0.03892155831,-0.209982611,3.592868475e-05
1.75,-0.03889087297,0.03889087297,-0.21,-0.03888268727,0.03886056256,-0.2099826004,3.589532024e-05
1.751,-0.0389519146,0.03882973537,-0.21,-0.03894372786,0.03879947095,-0.2099825897,3.586191383e-05
1.752,-0.03901286013,0.03876850197,-0.21,-0.03900467231,0.03873828363,-0.209982579,3.58284657e-05
1.753,-0.03907370939,0.03870717291,-0.21,-0.03906552049,0.03867700074,-0.2099825683,3.579497602e-05
1.754,-0.03913446225,0.03864574834,-0.21,-0.03912627224,0.03861562245,-0.2099825577,3.576144499e-05
1.755,-0.03919511854,0.03858422842,-0.21,-0.03918692741,0.03855414889,-0.209982547,3.572787281e-05
1.756,-0.03925567813,0.03852261329,-0.21,-0.03924748585,0.03849258023,-0.2099825363,3.569425965e-05
1.757,-0.03931614085,0.03846090312,-0.21,-0.03930794741,0.03843091662,-0.2099825256,3.566060573e-05
1.758,-0.03937650657,0.03839909804,-0.21,-0.03936831195,0.0383691582,-0.2099825148,3.562691122e-05
1.759,-0.03943677512,0.03833719823,-0.21,-0.03942857932,0.03830730514,-0.2099825041,3.559317634e-05
1.76,-0.03949694638,0.03827520381,-0.21,-0.03948874936,0.03824535757,-0.2099824934,3.555940126e-05
1.761,-0.03955702017,0.03821311496,-0.21,-0.03954882192,0.03818331566,-0.2099824826,3.552558619e-05
1.762,-0.03961699637,0.03815093182,-0.21,-0.03960879687,0.03812117956,-0.2099824719,3.549173131e-05
1.763,-0.03967687481,0.03808865455,-0.21,-0.03966867405,0.03805894943,-0.2099824611,3.545783685e-05
1.764,-0.03973665536,0.03802628329,-0.21,-0.03972845331,0.0379966254,-0.2099824504,3.542390299e-05
1.765,-0.03979633786,0.03796381821,-0.21,-0.03978813451,0.03793420765,-0.2099824396,3.538992995e-05
1.766,-0.03985592216,0.03790125946,-0.21,-0.0398477175,0.03787169632,-0.2099824289,3.535591791e-05
1.767,-0.03991540812,0.03783860719,-0.21,-0.03990720213,0.03780909157,-0.2099824181,3.53218671e-05
1.768,-0.0399747956,0.03777586156,-0.21,-0.03996658825,0.03774639355,-0.2099824073,3.528777773e-05
1.769,-0.04003408445,0.03771302272,-0.21,-0.04002587572,0.03768360242,-0.2099823965,3.525365001e-05
1.77,-0.04009327451,0.03765009083,-0.21,-0.0400850644,0.03762071834,-0.2099823857,3.521948416e-05
1.771,-0.04015236565,0.03758706603,-0.21,-0.04014415413,0.03755774145,-0.2099823749,3.518528039e-05
1.772,-0.04021135771,0.0375239485,-0.21,-0.04020314478,0.03749467191,-0.2099823641,3.515103891e-05
1.773,-0.04027025056,0.03746073838,-0.21,-0.04026203619,0.03743150988,-0.2099823533,3.511675994e-05
1.774,-0.04032904404,0.03739743583,-0.21,-0.04032082822,0.03736825552,-0.2099823425,3.508244368e-05
1.775,-0.04038773802,0.037334041,-0.21,-0.04037952072,0.03730490897,-0.2099823317,3.504809037e-05
1.776,-0.04044633234,0.03727055406,-0.21,-0.04043811356,0.03724147041,-0.2099823209,3.501370022e-05
1.777,-0.04050482687,0.03720697516,-0.21,-0.04049660658,0.03717793998,-0.20998231,3.497927347e-05
1.778,-0.04056322145,0.03714330445,-0.21,-0.04055499964,0.03711431784,-0.2099822992,3.494481035e-05
1.779,-0.04062151595,0.03707954209,-0.21,-0.0406132926,0.03705060415,-0.2099822884,3.491031109e-05
1.78,-0.04067971022,0.03701568824,-0.21,-0.04067148531,0.03698679906,-0.2099822775,3.487577592e-05
1.781,-0.04073780412,0.03695174306,-0.21,-0.04072957764,0.03692290273,-0.2099822667,3.484120506e-05
1.782,-0.0407957975,0.03688770671,-0.21,-0.04078756943,0.03685891533,-0.2099822559,3.480659874e-05
1.783,-0.04085369022,0.03682357934,-0.21,-0.04084546054,0.036794837,-0.209982245,3.47719572e-05
1.784,-0.04091148214,0.03675936111,-0.21,-0.04090325083,0.03673066792,-0.2099822342,3.473728068e-05
1.785,-0.04096917311,0.03669505218,-0.21,-0.04096094017,0.03666640822,-0.2099822233,3.470256941e-05
1.786,-0.041026763,0.03663065271,-0.21,-0.0410185284,0.03660205808,-0.2099822125,3.466782363e-05
1.787,-0.04108425165,0.03656616286,-0.21,-0.04107601538,0.03653761765,-0.2099822016,3.463304358e-05
1.788,-0.04114163894,0.03650158278,-0.21,-0.04113340098,0.0364730871,-0.2099821907,3.459822954e-05
1.789,-0.04119892471,0.03643691264,-0.21,-0.04119068504,0.03640846657,-0.2099821799,3.456338172e-05
1.79,-0.04125610883,0.03637215259,-0.21,-0.04124786744,0.03634375623,-0.209982169,3.452850038e-05
1.791,-0.04131319115,0.0363073028,-0.21,-0.04130494802,0.03627895625,-0.2099821582,3.449358577e-05
1.792,-0.04137017154,0.03624236343,-0.21,-0.04136192666,0.03621406677,-0.2099821473,3.445863813e-05
1.793,-0.04142704985,0.03617733463,-0.21,-0.0414188032,0.03614908797,-0.2099821364,3.442365772e-05
1.794,-0.04148382594,0.03611221657,-0.21,-0.0414755775,0.03608401999,-0.2099821256,3.43886448e-05
1.795,-0.04154049968,0.0360470094,-0.21,-0.04153224944,0.03601886301,-0.2099821147,3.435359962e-05
1.796,-0.04159707091,0.03598171329,-0.21,-0.04158881886,0.03595361718,-0.2099821038,3.431852245e-05
1.797,-0.04165353952,0.0359163284,-0.21,-0.04164528562,0.03588828266,-0.209982093,3.428341355e-05
1.798,-0.04170990534,0.03585085489,-0.21,-0.0417016496,0.03582285962,-0.2099820821,3.424827316e-05
1.799,-0.04176616825,0.03578529292,-0.21,-0.04175791064,0.03575734821,-0.2099820712,3.421310156e-05
1.8,-0.04182232811,0.03571964266,-0.21,-0.04181406862,0.0356917486,-0.2099820603,3.417789902e-05
1.801,-0.04187838477,0.03565390426,-0.21,-0.04187012339,0.03562606095,-0.2099820495,3.414266582e-05
1.802,-0.04193433811,0.03558807789,-0.21,-0.04192607481,0.03556028542,-0.2099820386,3.410740221e-05
1.803,-0.04199018797,0.0355221637,-0.21,-0.04198192274,0.03549442218,-0.2099820277,3.407210846e-05
1.804,-0.04204593423,0.03545616187,-0.21,-0.04203766706,0.03542847138,-0.2099820169,3.403678486e-05
1.805,-0.04210157674,0.03539007256,-0.21,-0.04209330761,0.03536243319,-0.209982006,3.400143168e-05
1.806,-0.04215711537,0.03532389592,-0.21,-0.04214884427,0.03529630777,-0.2099819951,3.39660492e-05
1.807,-0.04221254999,0.03525763213,-0.21,-0.0422042769,0.03523009529,-0.2099819843,3.393063769e-05
1.808,-0.04226788045,0.03519128134,-0.21,-0.04225960535,0.03516379591,-0.2099819734,3.389519744e-05
1.809,-0.04232310661,0.03512484372,-0.21,-0.0423148295,0.03509740979,-0.2099819625,3.385972874e-05
1.81,-0.04237822835,0.03505831944,-0.21,-0.0423699492,0.0350309371,-0.2099819517,3.382423187e-05
1.811,-0.04243324553,0.03499170865,-0.21,-0.04242496433,0.034964378,-0.2099819408,3.378870712e-05
1.812,-0.042488158,0.03492501152,-0.21,-0.04247987474,0.03489773265,-0.20998193,3.375315477e-05
1.813,-0.04254296564,0.03485822822,-0.21,-0.0425346803,0.03483100123,-0.2099819191,3.371757511e-05
1.814,-0.04259766831,0.03479135891,-0.21,-0.04258938088,0.03476418388,-0.2099819082,3.368196845e-05
1.815,-0.04265226587,0.03472440375,-0.21,-0.04264397633,0.03469728079,-0.2099818974,3.364633509e-05
1.816,-0.0427067582,0.03465736292,-0.21,-0.04269846653,0.03463029211,-0.2099818865,3.361067532e-05
1.817,-0.04276114515,0.03459023657,-0.21,-0.04275285134,0.03456321801,-0.2099818757,3.357498945e-05
1.818,-0.04281542659,0.03452302487,-0.21,-0.04280713063,0.03449605866,-0.2099818649,3.353927776e-05
1.819,-0.04286960238,0.03445572799,-0.21,-0.04286130426,0.03442881421,-0.209981854,3.350354057e-05
1.82,-0.0429236724,0.0343883461,-0.21,-0.0429153721,0.03436148485,-0.2099818432,3.346777817e-05
1.821,-0.04297763651,0.03432087935,-0.21,-0.04296933401,0.03429407073,-0.2099818323,3.343199088e-05
1.822,-0.04303149458,0.03425332793,-0.21,-0.04302318987,0.03422657201,-0.2099818215,3.3396179e-05
1.823,-0.04308524647,0.03418569198,-0.21,-0.04307693954,0.03415898887,-0.2099818107,3.336034286e-05
1.824,-0.04313889206,0.03411797169,-0.21,-0.04313058289,0.03409132148,-0.2099817999,3.332448278e-05
1.825,-0.0431924312,0.03405016721,-0.21,-0.04318411978,0.03402356999,-0.209981789,3.328859907e-05
1.826,-0.04324586377,0.03398227872,-0.21,-0.04323755008,0.03395573459,-0.2099817782,3.325269204e-05
1.827,-0.04329918963,0.03391430638,-0.21,-0.04329087367,0.03388781542,-0.2099817674,3.321676203e-05
1.828,-0.04335240866,0.03384625036,-0.21,-0.0433440904,0.03381981267,-0.2099817566,3.318080935e-05
1.829,-0.04340552072,0.03377811083,-0.21,-0.04339720016,0.0337517265,-0.2099817458,3.314483432e-05
1.83,-0.04345852568,0.03370988795,-0.21,-0.0434502028,0.03368355708,-0.209981735,3.310883726e-05
1.831,-0.04351142341,0.0336415819,-0.21,-0.0435030982,0.03361530457,-0.2099817242,3.307281851e-05
1.832,-0.04356421378,0.03357319284,-0.21,-0.04355588622,0.03354696915,-0.2099817134,3.303677841e-05
1.833,-0.04361689666,0.03350472094,-0.21,-0.04360856674,0.03347855099,-0.2099817026,3.300071729e-05
1.834,-0.04366947193,0.03343616637,-0.21,-0.04366113963,0.03341005024,-0.2099816919,3.296463549e-05
1.835,-0.04372193944,0.03336752931,-0.21,-0.04371360476,0.03334146709,-0.2099816811,3.292853333e-05
1.836,-0.04377429907,0.03329880991,-0.21,-0.04376596199,0.03327280169,-0.2099816703,3.289241118e-05
1.837,-0.04382655069,0.03323000835,-0.21,-0.0438182112,0.03320405423,-0.2099816596,3.285626937e-05
1.838,-0.04387869417,0.03316112479,-0.21,-0.04387035226,0.03313522487,-0.2099816488,3.282010824e-05
1.839,-0.04393072939,0.03309215942,-0.21,-0.04392238504,0.03306631377,-0.2099816381,3.278392813e-05
1.84,-0.04398265622,0.03302311239,-0.21,-0.04397430941,0.03299732112,-0.2099816273,3.274772941e-05
1.841,-0.04403447452,0.03295398389,-0.21,-0.04402612525,0.03292824708,-0.2099816166,3.271151241e-05
1.842,-0.04408618417,0.03288477407,-0.21,-0.04407783243,0.03285909181,-0.2099816059,3.26752775e-05
1.843,-0.04413778504,0.03281548311,-0.21,-0.04412943081,0.0327898555,-0.2099815951,3.263902503e-05
1.844,-0.04418927701,0.03274611118,-0.21,-0.04418092028,0.03272053831,-0.2099815844,3.260275536e-05
1.845,-0.04424065994,0.03267665846,-0.21,-0.0442323007,0.03265114042,-0.2099815737,3.256646885e-05
1.846,-0.04429193371,0.03260712511,-0.21,-0.04428357195,0.03258166199,-0.209981563,3.253016586e-05
1.847,-0.0443430982,0.0325375113,-0.21,-0.0443347339,0.03251210319,-0.2099815523,3.249384678e-05
1.848,-0.04439415328,0.03246781721,-0.21,-0.04438578643,0.0324424642,-0.2099815417,3.245751196e-05
1.849,-0.04444509882,0.03239804301,-0.21,-0.0444367294,0.03237274519,-0.209981531,3.242116177e-05
1.85,-0.04449593469,0.03232818888,-0.21,-0.04448756271,0.03230294634,-0.2099815203,3.238479658e-05
1.851,-0.04454666078,0.03225825497,-0.21,-0.04453828621,0.0322330678,-0.2099815096,3.234841676e-05
1.852,-0.04459727695,0.03218824147,-0.21,-0.04458889978,0.03216310977,-0.209981499,3.231202267e-05
1.853,-0.04464778308,0.03211814855,-0.21,-0.04463940331,0.0320930724,-0.2099814883,3.227561471e-05
1.854,-0.04469817904,0.03204797638,-0.21,-0.04468979666,0.03202295587,-0.2099814777,3.223919327e-05
1.855,-0.04474846472,0.03197772514,-0.21,-0.0447400797,0.03195276036,-0.2099814671,3.220275873e-05
1.856,-0.04479863999,0.03190739499,-0.21,-0.04479025233,0.03188248604,-0.2099814565,3.216631148e-05
1.857,-0.04484870472,0.03183698612,-0.21,-0.04484031441,0.03181213307,-0.2099814459,3.212985191e-05
1.858,-0.04489865879,0.03176649869,-0.21,-0.04489026582,0.03174170165,-0.2099814353,3.20933804e-05
1.859,-0.04494850208,0.03169593288,-0.21,-0.04494010643,0.03167119193,-0.2099814247,3.205689735e-05
1.86,-0.04499823446,0.03162528886,-0.21,-0.04498983613,0.0316006041,-0.2099814141,3.202040315e-05
1.861,-0.04504785581,0.03155456681,-0.21,-0.04503945478,0.03152993832,-0.2099814035,3.198389819e-05
1.862,-0.04509736601,0.03148376691,-0.21,-0.04508896228,0.03145919477,-0.2099813929,3.194738288e-05
1.863,-0.04514676494,0.03141288932,-0.21,-0.04513835849,0.03138837363,-0.2099813824,3.191085763e-05
1.864,-0.04519605247,0.03134193422,-0.21,-0.0451876433,0.03131747507,-0.2099813718,3.187432283e-05
1.865,-0.04524522849,0.03127090179,-0.21,-0.04523681658,0.03124649927,-0.2099813613,3.183777889e-05
1.866,-0.04529429287,0.0311997922,-0.21,-0.04528587821,0.0311754464,-0.2099813508,3.180122624e-05
1.867,-0.04534324549,0.03112860563,-0.21,-0.04533482807,0.03110431663,-0.2099813403,3.176466529e-05
1.868,-0.04539208623,0.03105734225,-0.21,-0.04538366604,0.03103311015,-0.2099813298,3.172809645e-05
1.869,-0.04544081497,0.03098600225,-0.21,-0.045432392,0.03096182712,-0.2099813193,3.169152014e-05
1.87,-0.04548943159,0.03091458578,-0.21,-0.04548100584,0.03089046773,-0.2099813088,3.165493677e-05
1.871,-0.04553793596,0.03084309304,-0.21,-0.04552950742,0.03081903214,-0.2099812983,3.161834676e-05
1.872,-0.04558632798,0.0307715242,-0.21,-0.04557789663,0.03074752055,-0.2099812879,3.158175054e-05
1.873,-0.04563460752,0.03069987943,-0.21,-0.04562617335,0.03067593311,-0.2099812774,3.154514854e-05
1.874,-0.04568277446,0.03062815891,-0.21,-0.04567433746,0.03060427002,-0.209981267,3.150854118e-05
1.875,-0.04573082868,0.03055636282,-0.21,-0.04572238885,0.03053253144,-0.2099812565,3.147192891e-05
1.876,-0.04577877006,0.03048449133,-0.21,-0.04577032739,0.03046071755,-0.2099812461,3.143531215e-05
1.877,-0.04582659849,0.03041254463,-0.21,-0.04581815297,0.03038882853,-0.2099812357,3.139869134e-05
1.878,-0.04587431385,0.03034052288,-0.21,-0.04586586546,0.03031686456,-0.2099812253,3.136206692e-05
1.879,-0.04592191602,0.03026842628,-0.21,-0.04591346476,0.03024482582,-0.209981215,3.132543936e-05
1.88,-0.04596940488,0.03019625499,-0.21,-0.04596095074,0.03017271248,-0.2099812046,3.128880907e-05
1.881,-0.04601678031,0.03012400919,-0.21,-0.04600832328,0.03010052472,-0.2099811942,3.125217652e-05
1.882,-0.0460640422,0.03005168907,-0.21,-0.04605558228,0.03002826272,-0.2099811839,3.121554214e-05
1.883,-0.04611119044,0.0299792948,-0.21,-0.04610272761,0.02995592665,-0.2099811736,3.117890638e-05
1.884,-0.0461582249,0.02990682655,-0.21,-0.04614975916,0.02988351671,-0.2099811632,3.114226971e-05
1.885,-0.04620514546,0.02983428452,-0.21,-0.0461966768,0.02981103305,-0.2099811529,3.110563258e-05
1.886,-0.04625195203,0.02976166887,-0.21,-0.04624348043,0.02973847587,-0.2099811427,3.106899546e-05
1.887,-0.04629864447,0.02968897978,-0.21,-0.04629016994,0.02966584535,-0.2099811324,3.10323588e-05
1.888,-0.04634522267,0.02961621745,-0.21,-0.04633674519,0.02959314165,-0.2099811221,3.099572308e-05
1.889,-0.04639168652,0.02954338203,-0.21,-0.04638320609,0.02952036496,-0.2099811119,3.095908875e-05
1.89,-0.0464380359,0.02947047372,-0.21,-0.04642955251,0.02944751547,-0.2099811016,3.092245632e-05
1.891,-0.0464842707,0.0293974927,-0.21,-0.04647578435,0.02937459335,-0.2099810914,3.088582623e-05
1.892,-0.04653039081,0.02932443914,-0.21,-0.04652190148,0.02930159877,-0.2099810812,3.084919894e-05
1.893,-0.04657639611,0.02925131323,-0.21,-0.04656790379,0.02922853193,-0.209981071,3.081257494e-05
1.894,-0.04662228648,0.02917811514,-0.21,-0.04661379118,0.029155393,-0.2099810608,3.077595473e-05
1.895,-0.04666806182,0.02910484505,-0.21,-0.04665956352,0.02908218216,-0.2099810506,3.073933878e-05
1.896,-0.04671372201,0.02903150316,-0.21,-0.04670522071,0.02900889959,-0.2099810405,3.070272758e-05
1.897,-0.04675926694,0.02895808963,-0.21,-0.04675076262,0.02893554547,-0.2099810303,3.06661216e-05
1.898,-0.0468046965,0.02888460465,-0.21,-0.04679618916,0.02886211999,-0.2099810202,3.062952137e-05
1.899,-0.04685001057,0.0288110484,-0.21,-0.04684150021,0.02878862332,-0.2099810101,3.059292737e-05
1.9,-0.04689520904,0.02873742106,-0.21,-0.04688669565,0.02871505565,-0.209981,3.055634008e-05
1.901,-0.0469402918,0.02866372281,-0.21,-0.04693177537,0.02864141715,-0.2099809899,3.051976e-05
1.902,-0.04698525874,0.02858995384,-0.21,-0.04697673927,0.02856770802,-0.2099809798,3.048318765e-05
1.903,-0.04703010975,0.02851611433,-0.21,-0.04702158723,0.02849392843,-0.2099809698,3.044662351e-05
1.904,-0.04707484472,0.02844220446,-0.21,-0.04706631914,0.02842007856,-0.2099809597,3.041006812e-05
1.905,-0.04711946354,0.02836822441,-0.21,-0.0471109349,0.02834615859,-0.2099809497,3.037352196e-05
1.906,-0.04716396609,0.02829417436,-0.21,-0.04715543438,0.02827216872,-0.2099809397,3.033698555e-05
1.907,-0.04720835227,0.0282200545,-0.21,-0.04719981749,0.02819810911,-0.2099809297,3.030045942e-05
1.908,-0.04725262197,0.02814586501,-0.21,-0.04724408411,0.02812397996,-0.2099809197,3.026394408e-05
1.909,-0.04729677508,0.02807160607,-0.21,-0.04728823413,0.02804978144,-0.2099809098,3.022744003e-05
1.91,-0.04734081149,0.02799727787,-0.21,-0.04733226745,0.02797551375,-0.2099808998,3.01909478e-05
1.911,-0.04738473108,0.02792288058,-0.21,-0.04737618395,0.02790117705,-0.2099808899,3.015446794e-05
1.912,-0.04742853377,0.0278484144,-0.21,-0.04741998354,0.02782677155,-0.20998088,3.011800097e-05
1.913,-0.04747221942,0.02777387951,-0.21,-0.04746366609,0.02775229741,-0.2099808701,3.008154742e-05
1.914,-0.04751578795,0.02769927609,-0.21,-0.0475072315,0.02767775482,-0.2099808602,3.004510782e-05
1.915,-0.04755923923,0.02762460432,-0.21,-0.04755067967,0.02760314398,-0.2099808504,3.00086827e-05
1.916,-0.04760257316,0.02754986439,-0.21,-0.04759401049,0.02752846505,-0.2099808405,2.997227261e-05
1.917,-0.04764578964,0.02747505649,-0.21,-0.04763722384,0.02745371823,-0.2099808307,2.993587809e-05
1.918,-0.04768888856,0.02740018079,-0.21,-0.04768031964,0.0273789037,-0.2099808209,2.989949969e-05
1.919,-0.04773186982,0.02732523749,-0.21,-0.04772329775,0.02730402164,-0.2099808111,2.986313793e-05
1.92,-0.04777473329,0.02725022676,-0.21,-0.0477661581,0.02722907225,-0.2099808013,2.982679339e-05
1.921,-0.04781747889,0.0271751488,-0.21,-0.04780890056,0.02715405569,-0.2099807915,2.979046662e-05
1.922,-0.04786010651,0.02710000379,-0.21,-0.04785152503,0.02707897217,-0.2099807818,2.975415816e-05
1.923,-0.04790261603,0.0270247919,-0.21,-0.0478940314,0.02700382186,-0.2099807721,2.971786857e-05
1.924,-0.04794500736,0.02694951334,-0.21,-0.04793641958,0.02692860496,-0.2099807624,2.968159843e-05
1.925,-0.04798728039,0.02687416828,-0.21,-0.04797868945,0.02685332163,-0.2099807527,2.964534827e-05
1.926,-0.04802943501,0.02679875691,-0.21,-0.04802084092,0.02677797208,-0.209980743,2.960911868e-05
1.927,-0.04807147113,0.02672327942,-0.21,-0.04806287388,0.02670255649,-0.2099807333,2.957291022e-05
1.928,-0.04811338864,0.026647736,-0.21,-0.04810478822,0.02662707504,-0.2099807237,2.953672349e-05
1.929,-0.04815518743,0.02657212682,-0.21,-0.04814658384,0.02655152792,-0.2099807141,2.950055906e-05
1.93,-0.0481968674,0.02649645208,-0.21,-0.04818826064,0.02647591532,-0.2099807045,2.946441748e-05
1.931,-0.04823842845,0.02642071196,-0.21,-0.04822981852,0.02640023742,-0.2099806949,2.942829934e-05
1.932,-0.04827987048,0.02634490665,-0.21,-0.04827125738,0.0263244944,-0.2099806853,2.939220522e-05
1.933,-0.04832119339,0.02626903633,-0.21,-0.0483125771,0.02624868647,-0.2099806758,2.93561357e-05
1.934,-0.04836239706,0.0261931012,-0.21,-0.04835377759,0.02617281379,-0.2099806663,2.932009137e-05
1.935,-0.04840348141,0.02611710144,-0.21,-0.04839485876,0.02609687657,-0.2099806567,2.928407281e-05
1.936,-0.04844444632,0.02604103724,-0.21,-0.04843582049,0.02602087499,-0.2099806473,2.924808066e-05
1.937,-0.0484852917,0.02596490879,-0.21,-0.04847666268,0.02594480923,-0.2099806378,2.92121155e-05
1.938,-0.04852601745,0.02588871627,-0.21,-0.04851738524,0.02586867948,-0.2099806283,2.91761779e-05
1.939,-0.04856662347,0.02581245987,-0.21,-0.04855798807,0.02579248594,-0.2099806189,2.914026848e-05
1.94,-0.04860710965,0.02573613978,-0.21,-0.04859847106,0.02571622878,-0.2099806095,2.910438786e-05
1.941,-0.04864747591,0.0256597562,-0.21,-0.04863883412,0.0256399082,-0.2099806001,2.906853663e-05
1.942,-0.04868772212,0.02558330929,-0.21,-0.04867907714,0.02556352439,-0.2099805907,2.90327154e-05
1.943,-0.04872784821,0.02550679927,-0.21,-0.04871920003,0.02548707752,-0.2099805814,2.899692476e-05
1.944,-0.04876785406,0.02543022631,-0.21,-0.04875920269,0.02541056781,-0.209980572,2.896116535e-05
1.945,-0.04880773959,0.0253535906,-0.21,-0.04879908501,0.02533399542,-0.2099805627,2.892543779e-05
1.946,-0.04884750468,0.02527689233,-0.21,-0.04883884691,0.02525736055,-0.2099805534,2.888974271e-05
1.947,-0.04888714925,0.0252001317,-0.21,-0.04887848828,0.02518066339,-0.2099805441,2.885408072e-05
1.948,-0.0489266732,0.02512330889,-0.21,-0.04891800903,0.02510390413,-0.2099805349,2.881845244e-05
1.949,-0.04896607643,0.02504642409,-0.21,-0.04895740905,0.02502708296,-0.2099805256,2.878285852e-05
1.95,-0.04900535883,0.02496947749,-0.21,-0.04899668825,0.02495020006,-0.2099805164,2.874729959e-05
1.951,-0.04904452032,0.02489246927,-0.21,-0.04903584654,0.02487325564,-0.2099805072,2.871177628e-05
1.952,-0.0490835608,0.02481539964,-0.21,-0.04907488382,0.02479624986,-0.2099804981,2.86762892e-05
1.953,-0.04912248016,0.02473826878,-0.21,-0.04911379998,0.02471918294,-0.2099804889,2.864083901e-05
1.954,-0.04916127833,0.02466107688,-0.21,-0.04915259495,0.02464205505,-0.2099804798,2.860542634e-05
1.955,-0.04919995519,0.02458382414,-0.21,-0.04919126861,0.02456486639,-0.2099804707,2.857005187e-05
1.956,-0.04923851066,0.02450651073,-0.21,-0.04922982087,0.02448761714,-0.2099804616,2.853471623e-05
1.957,-0.04927694463,0.02442913686,-0.21,-0.04926825165,0.02441030751,-0.2099804525,2.849942007e-05
1.958,-0.04931525702,0.02435170271,-0.21,-0.04930656084,0.02433293767,-0.2099804435,2.846416405e-05
1.959,-0.04935344773,0.02427420847,-0.21,-0.04934474835,0.02425550782,-0.2099804344,2.84289488e-05
1.96,-0.04939151667,0.02419665434,-0.21,-0.04938281409,0.02417801816,-0.2099804254,2.839377499e-05
1.961,-0.04942946373,0.02411904051,-0.21,-0.04942075796,0.02410046886,-0.2099804164,2.835864329e-05
1.962,-0.04946728884,0.02404136717,-0.21,-0.04945857987,0.02402286013,-0.2099804075,2.832355437e-05
1.963,-0.04950499188,0.0239636345,-0.21,-0.04949627972,0.02394519215,-0.2099803985,2.828850889e-05
1.964,-0.04954257278,0.02388584271,-0.21,-0.04953385743,0.02386746512,-0.2099803896,2.825350752e-05
1.965,-0.04958003144,0.02380799198,-0.21,-0.0495713129,0.02378967923,-0.2099803807,2.821855093e-05
1.966,-0.04961736777,0.02373008251,-0.21,-0.04960864603,0.02371183467,-0.2099803718,2.818363981e-05
1.967,-0.04965458166,0.02365211449,-0.21,-0.04964585674,0.02363393162,-0.209980363,2.814877481e-05
1.968,-0.04969167304,0.02357408811,-0.21,-0.04968294494,0.0235559703,-0.2099803541,2.811395663e-05
1.969,-0.04972864181,0.02349600356,-0.21,-0.04971991053,0.02347795088,-0.2099803453,2.807918594e-05
1.97,-0.04976548789,0.02341786104,-0.21,-0.04975675342,0.02339987356,-0.2099803365,2.804446341e-05
1.971,-0.04980221116,0.02333966073,-0.21,-0.04979347352,0.02332173853,-0.2099803278,2.800978976e-05
1.972,-0.04983881156,0.02326140284,-0.21,-0.04983007074,0.02324354598,-0.209980319,2.797516567e-05
1.973,-0.04987528899,0.02318308755,-0.21,-0.04986654499,0.02316529611,-0.2099803103,2.794059185e-05
1.974,-0.04991164335,0.02310471506,-0.21,-0.04990289618,0.02308698911,-0.2099803016,2.790606897e-05
1.975,-0.04994787456,0.02302628556,-0.21,-0.04993912423,0.02300862518,-0.2099802929,2.787159774e-05
1.976,-0.04998398253,0.02294779925,-0.21,-0.04997522903,0.0229302045,-0.2099802843,2.783717885e-05
1.977,-0.05001996717,0.02286925632,-0.21,-0.05001121051,0.02285172727,-0.2099802757,2.7802813e-05
1.978,-0.05005582839,0.02279065695,-0.21,-0.05004706857,0.02277319369,-0.209980267,2.776850091e-05
1.979,-0.0500915661,0.02271200136,-0.21,-0.05008280313,0.02269460394,-0.2099802585,2.773424329e-05
1.98,-0.05012718021,0.02263328972,-0.21,-0.05011841409,0.02261595823,-0.2099802499,2.770004086e-05
1.981,-0.05016267065,0.02255452224,-0.21,-0.05015390138,0.02253725674,-0.2099802414,2.76658943e-05
1.982,-0.05019803731,0.02247569911,-0.21,-0.0501892649,0.02245849966,-0.2099802328,2.763180435e-05
1.983,-0.05023328011,0.02239682052,-0.21,-0.05022450456,0.02237968721,-0.2099802244,2.759777172e-05
1.984,-0.05026839897,0.02231788667,-0.21,-0.05025962028,0.02230081956,-0.2099802159,2.756379713e-05
1.985,-0.05030339379,0.02223889775,-0.21,-0.05029461197,0.02222189691,-0.2099802074,2.752988131e-05
1.986,-0.05033826449,0.02215985396,-0.21,-0.05032947955,0.02214291947,-0.209980199,2.749602499e-05
1.987,-0.05037301099,0.0220807555,-0.21,-0.05036422293,0.02206388741,-0.2099801906,2.746222888e-05
1.988,-0.0504076332,0.02200160255,-0.21,-0.05039884202,0.02198480094,-0.2099801822,2.742849373e-05
1.989,-0.05044213104,0.02192239531,-0.21,-0.05043333675,0.02190566026,-0.2099801739,2.739482026e-05
1.99,-0.05047650441,0.02184313398,-0.21,-0.05046770701,0.02182646555,-0.2099801656,2.736120921e-05
1.991,-0.05051075324,0.02176381876,-0.21,-0.05050195274,0.02174721701,-0.2099801573,2.732766133e-05
1.992,-0.05054487744,0.02168444984,-0.21,-0.05053607384,0.02166791485,-0.209980149,2.729417735e-05
1.993,-0.05057887692,0.02160502741,-0.21,-0.05057007023,0.02158855924,-0.2099801407,2.726075801e-05
1.994,-0.05061275161,0.02152555168,-0.21,-0.05060394183,0.0215091504,-0.2099801325,2.722740404e-05
1.995,-0.05064650141,0.02144602283,-0.21,-0.05063768855,0.02142968851,-0.2099801243,2.71941162e-05
1.996,-0.05068012625,0.02136644106,-0.21,-0.05067131031,0.02135017378,-0.2099801161,2.716089524e-05
1.997,-0.05071362603,0.02128680658,-0.21,-0.05070480703,0.02127060639,-0.209980108,2.712774194e-05
1.998,-0.05074700069,0.02120711958,-0.21,-0.05073817863,0.02119098655,-0.2099800998,2.709465702e-05
1.999,-0.05078025014,0.02112738024,-0.21,-0.05077142501,0.02111131444,-0.2099800917,2.706164125e-05
2,-0.05081337429,0.02104758878,-0.21,-0.05080454611,0.02103159028,-0.2099800836,2.702869536e-05
2.001,-0.05084637306,0.02096774538,-0.21,-0.05083754184,0.02095181424,-0.2099800756,2.699582013e-05
2.002,-0.05087924638,0.02088785025,-0.21,-0.05087041212,0.02087198654,-0.2099800675,2.696301635e-05
2.003,-0.05091199415,0.02080790358,-0.21,-0.05090315686,0.02079210737,-0.2099800595,2.693028475e-05
2.004,-0.05094461631,0.02072790557,-0.21,-0.05093577599,0.02071217692,-0.2099800516,2.68976261e-05
2.005,-0.05097711276,0.02064785642,-0.21,-0.05096826943,0.02063219539,-0.2099800436,2.68650412e-05
2.006,-0.05100948343,0.02056775632,-0.21,-0.05100063709,0.02055216298,-0.2099800357,2.683253079e-05
2.007,-0.05104172825,0.02048760546,-0.21,-0.0510328789,0.02047207989,-0.2099800278,2.680009565e-05
2.008,-0.05107384712,0.02040740406,-0.21,-0.05106499477,0.02039194631,-0.2099800199,2.676773656e-05
2.009,-0.05110583997,0.02032715231,-0.21,-0.05109698464,0.02031176244,-0.209980012,2.67354543e-05
2.01,-0.05113770672,0.0202468504,-0.21,-0.05112884841,0.02023152849,-0.2099800042,2.670324964e-05
2.011,-0.0511694473,0.02016649853,-0.21,-0.05116058601,0.02015124464,-0.2099799964,2.667112337e-05
2.012,-0.05120106162,0.0200860969,-0.21,-0.05119219737,0.02007091109,-0.2099799886,2.663907627e-05
2.013,-0.05123254961,0.02000564572,-0.21,-0.0512236824,0.01999052805,-0.2099799808,2.660710911e-05
2.014,-0.05126391119,0.01992514517,-0.21,-0.05125504102,0.01991009571,-0.2099799731,2.65752227e-05
2.015,-0.05129514627,0.01984459546,-0.21,-0.05128627317,0.01982961427,-0.2099799654,2.654341785e-05
2.016,-0.05132625479,0.01976399678,-0.21,-0.05131737876,0.01974908393,-0.2099799577,2.651169532e-05
2.017,-0.05135723667,0.01968334934,-0.21,-0.05134835771,0.01966850488,-0.2099799501,2.64800559e-05
2.018,-0.05138809184,0.01960265333,-0.21,-0.05137920995,0.01958787734,-0.2099799424,2.644850039e-05
2.019,-0.0514188202,0.01952190895,-0.21,-0.05140993541,0.01950720148,-0.2099799348,2.641702959e-05
2.02,-0.0514494217,0.01944111641,-0.21,-0.05144053401,0.01942647753,-0.2099799273,2.638564429e-05
2.021,-0.05147989624,0.01936027589,-0.21,-0.05147100567,0.01934570566,-0.2099799197,2.635434531e-05
2.022,-0.05151024377,0.01927938761,-0.21,-0.05150135031,0.01926488609,-0.2099799122,2.632313342e-05
2.023,-0.0515404642,0.01919845176,-0.21,-0.05153156787,0.01918401901,-0.2099799047,2.629200945e-05
2.024,-0.05157055746,0.01911746853,-0.21,-0.05156165827,0.01910310462,-0.2099798972,2.626097421e-05
2.025,-0.05160052348,0.01903643814,-0.21,-0.05159162143,0.01902214312,-0.2099798898,2.623002849e-05
2.026,-0.05163036217,0.01895536077,-0.21,-0.05162145728,0.01894113471,-0.2099798824,2.619917311e-05
2.027,-0.05166007347,0.01887423664,-0.21,-0.05165116575,0.01886007959,-0.209979875,2.616840888e-05
2.028,-0.05168965731,0.01879306593,-0.21,-0.05168074676,0.01877897796,-0.2099798676,2.613773661e-05
2.029,-0.05171911361,0.01871184886,-0.21,-0.05171020024,0.01869783002,-0.2099798603,2.61071571e-05
2.03,-0.05174844229,0.01863058561,-0.21,-0.05173952612,0.01861663597,-0.209979853,2.607667117e-05
2.031,-0.05177764329,0.0185492764,-0.21,-0.05176872433,0.01853539601,-0.2099798457,2.604627964e-05
2.032,-0.05180671654,0.01846792142,-0.21,-0.05179779479,0.01845411035,-0.2099798384,2.601598332e-05
2.033,-0.05183566196,0.01838652087,-0.21,-0.05182673744,0.01837277917,-0.2099798312,2.598578304e-05
2.034,-0.05186447947,0.01830507495,-0.21,-0.05185555219,0.01829140269,-0.209979824,2.595567962e-05
2.035,-0.05189316902,0.01822358387,-0.21,-0.05188423899,0.0182099811,-0.2099798168,2.592567388e-05
2.036,-0.05192173053,0.01814204782,-0.21,-0.05191279775,0.01812851461,-0.2099798097,2.589576663e-05
2.037,-0.05195016392,0.01806046701,-0.21,-0.05194122842,0.0180470034,-0.2099798026,2.58659587e-05
2.038,-0.05197846913,0.01797884163,-0.21,-0.05196953091,0.0179654477,-0.2099797955,2.583625093e-05
2.039,-0.0520066461,0.0178971719,-0.21,-0.05199770517,0.01788384769,-0.2099797884,2.580664413e-05
2.04,-0.05203469474,0.017815458,-0.21,-0.05202575111,0.01780220358,-0.2099797814,2.577713914e-05
2.041,-0.05206261498,0.01773370015,-0.21,-0.05205366867,0.01772051557,-0.2099797744,2.574773677e-05
2.042,-0.05209040677,0.01765189854,-0.21,-0.05208145779,0.01763878386,-0.2099797674,2.571843786e-05
2.043,-0.05211807004,0.01757005338,-0.21,-0.05210911839,0.01755700865,-0.2099797604,2.568924323e-05
2.044,-0.0521456047,0.01748816486,-0.21,-0.05213665041,0.01747519015,-0.2099797535,2.566015372e-05
2.045,-0.0521730107,0.01740623319,-0.21,-0.05216405377,0.01739332855,-0.2099797466,2.563117017e-05
2.046,-0.05220028797,0.01732425858,-0.21,-0.05219132842,0.01731142406,-0.2099797397,2.56022934e-05
2.047,-0.05222743645,0.01724224122,-0.21,-0.05221847427,0.01722947688,-0.2099797329,2.557352426e-05
2.048,-0.05225445605,0.01716018132,-0.21,-0.05224549128,0.01714748721,-0.2099797261,2.554486357e-05
2.049,-0.05228134672,0.01707807907,-0.21,-0.05227237936,0.01706545526,-0.2099797193,2.551631217e-05
2.05,-0.0523081084,0.01699593469,-0.21,-0.05229913846,0.01698338122,-0.2099797125,2.548787088e-05
2.051,-0.052334741,0.01691374837,-0.21,-0.0523257685,0.01690126531,-0.2099797058,2.545954056e-05
2.052,-0.05236124448,0.01683152032,-0.21,-0.05235226943,0.01681910771,-0.2099796991,2.543132206e-05
2.053,-0.05238761876,0.01674925074,-0.21,-0.05237864118,0.01673690864,-0.2099796924,2.540321617e-05
2.054,-0.05241386378,0.01666693983,-0.21,-0.05240488367,0.0166546683,-0.2099796857,2.537522376e-05
2.055,-0.05243997948,0.0165845878,-0.21,-0.05243099685,0.01657238688,-0.2099796791,2.534734565e-05
2.056,-0.05246596578,0.01650219484,-0.21,-0.05245698066,0.0164900646,-0.2099796725,2.531958271e-05
2.057,-0.05249182263,0.01641976117,-0.21,-0.05248283502,0.01640770166,-0.209979666,2.529193577e-05
2.058,-0.05251754996,0.01633728699,-0.21,-0.05250855988,0.01632529825,-0.2099796594,2.526440566e-05
2.059,-0.05254314771,0.01625477249,-0.21,-0.05253415518,0.01624285459,-0.2099796529,2.523699321e-05
2.06,-0.05256861581,0.01617221789,-0.21,-0.05255962084,0.01616037087,-0.2099796464,2.520969927e-05
2.061,-0.05259395421,0.01608962338,-0.21,-0.0525849568,0.0160778473,-0.20997964,2.518252469e-05
2.062,-0.05261916284,0.01600698918,-0.21,-0.05261016301,0.01599528408,-0.2099796336,2.51554703e-05
2.063,-0.05264424163,0.01592431547,-0.21,-0.0526352394,0.01591268142,-0.2099796272,2.512853694e-05
2.064,-0.05266919053,0.01584160248,-0.21,-0.05266018592,0.01583003952,-0.2099796208,2.510172546e-05
2.065,-0.05269400947,0.0157588504,-0.21,-0.05268500249,0.01574735858,-0.2099796145,2.507503668e-05
2.066,-0.0527186984,0.01567605944,-0.21,-0.05270968905,0.01566463881,-0.2099796082,2.504847147e-05
2.067,-0.05274325724,0.01559322979,-0.21,-0.05273424556,0.01558188042,-0.2099796019,2.502203064e-05
2.068,-0.05276768595,0.01551036167,-0.21,-0.05275867194,0.0154990836,-0.2099795956,2.499571507e-05
2.069,-0.05279198446,0.01542745529,-0.21,-0.05278296813,0.01541624856,-0.2099795894,2.496952556e-05
2.07,-0.05281615271,0.01534451083,-0.21,-0.05280713408,0.0153333755,-0.2099795832,2.494346298e-05
2.071,-0.05284019064,0.01526152852,-0.21,-0.05283116973,0.01525046463,-0.2099795771,2.491752815e-05
2.072,-0.0528640982,0.01517850855,-0.21,-0.05285507502,0.01516751616,-0.2099795709,2.48917219e-05
2.073,-0.05288787532,0.01509545112,-0.21,-0.05287884988,0.01508453028,-0.2099795648,2.486604507e-05
2.074,-0.05291152194,0.01501235645,-0.21,-0.05290249426,0.0150015072,-0.2099795587,2.484049851e-05
2.075,-0.052935038,0.01492922474,-0.21,-0.05292600811,0.01491844714,-0.2099795527,2.481508307e-05
2.076,-0.05295842346,0.0148460562,-0.21,-0.05294939136,0.01483535028,-0.2099795467,2.478979957e-05
2.077,-0.05298167825,0.01476285102,-0.21,-0.05297264395,0.01475221684,-0.2099795407,2.476464885e-05
2.078,-0.05300480231,0.01467960941,-0.21,-0.05299576583,0.01466904703,-0.2099795347,2.473963175e-05
2.079,-0.05302779558,0.01459633159,-0.21,-0.05301875695,0.01458584104,-0.2099795288,2.471474908e-05
2.08,-0.05305065802,0.01451301775,-0.21,-0.05304161724,0.01450259908,-0.2099795229,2.46900017e-05
2.081,-0.05307338955,0.0144296681,-0.21,-0.05306434665,0.01441932136,-0.209979517,2.466539043e-05
2.082,-0.05309599014,0.01434628285,-0.21,-0.05308694512,0.01433600809,-0.2099795112,2.464091612e-05
2.083,-0.05311845971,0.01426286219,-0.21,-0.0531094126,0.01425265946,-0.2099795054,2.461657956e-05
2.084,-0.05314079822,0.01417940635,-0.21,-0.05313174903,0.01416927569,-0.2099794996,2.45923816e-05
2.085,-0.05316300561,0.01409591552,-0.21,-0.05315395436,0.01408585698,-0.2099794938,2.456832306e-05
2.086,-0.05318508183,0.01401238991,-0.21,-0.05317602853,0.01400240353,-0.2099794881,2.454440479e-05
2.087,-0.05320702681,0.01392882973,-0.21,-0.05319797149,0.01391891556,-0.2099794824,2.45206276e-05
2.088,-0.05322884052,0.01384523518,-0.21,-0.05321978319,0.01383539326,-0.2099794767,2.449699231e-05
2.089,-0.05325052289,0.01376160646,-0.21,-0.05324146356,0.01375183684,-0.2099794711,2.447349975e-05
2.09,-0.05327207386,0.01367794379,-0.21,-0.05326301256,0.01366824652,-0.2099794655,2.445015074e-05
2.091,-0.0532934934,0.01359424738,-0.21,-0.05328443013,0.01358462249,-0.2099794599,2.442694611e-05
2.092,-0.05331478143,0.01351051742,-0.21,-0.05330571623,0.01350096496,-0.2099794544,2.440388665e-05
2.093,-0.05333593792,0.01342675412,-0.21,-0.05332687079,0.01341727414,-0.2099794489,2.438097318e-05
2.094,-0.05335696281,0.01334295769,-0.21,-0.05334789377,0.01333355023,-0.2099794434,2.435820653e-05
2.095,-0.05337785604,0.01325912835,-0.21,-0.05336878512,0.01324979345,-0.2099794379,2.43355875e-05
2.096,-0.05339861757,0.01317526628,-0.21,-0.05338954477,0.01316600399,-0.2099794325,2.431311692e-05
2.097,-0.05341924734,0.01309137171,-0.21,-0.05341017269,0.01308218207,-0.2099794271,2.429079558e-05
2.098,-0.05343974531,0.01300744484,-0.21,-0.05343066882,0.01299832789,-0.2099794217,2.426862426e-05
2.099,-0.05346011142,0.01292348587,-0.21,-0.05345103312,0.01291444165,-0.2099794164,2.42466038e-05
2.1,-0.05348034562,0.01283949501,-0.21,-0.05347126552,0.01283052358,-0.2099794111,2.4224735e-05
2.101,-0.05350044787,0.01275547248,-0.21,-0.05349136598,0.01274657386,-0.2099794058,2.420301865e-05
2.102,-0.0535204181,0.01267141847,-0.21,-0.05351133446,0.01266259271,-0.2099794006,2.418145556e-05
2.103,-0.05354025629,0.01258733319,-0.21,-0.05353117089,0.01257858034,-0.2099793954,2.41600465e-05
2.104,-0.05355996236,0.01250321686,-0.21,-0.05355087525,0.01249453695,-0.2099793902,2.413879228e-05
2.105,-0.05357953628,0.01241906968,-0.21,-0.05357044746,0.01241046275,-0.209979385,2.411769369e-05
2.106,-0.053598978,0.01233489185,-0.21,-0.05358988749,0.01232635794,-0.2099793799,2.409675149e-05
2.107,-0.05361828747,0.01225068359,-0.21,-0.05360919529,0.01224222275,-0.2099793748,2.407596649e-05
2.108,-0.05363746465,0.0121664451,-0.21,-0.05362837082,0.01215805736,-0.2099793697,2.405533945e-05
2.109,-0.05365650947,0.0120821766,-0.21,-0.05364741401,0.012073862,-0.2099793647,2.403487118e-05
2.11,-0.05367542191,0.01199787828,-0.21,-0.05366632483,0.01198963686,-0.2099793597,2.401456243e-05
2.111,-0.0536942019,0.01191355035,-0.21,-0.05368510324,0.01190538216,-0.2099793547,2.399441398e-05
2.112,-0.05371284941,0.01182919304,-0.21,-0.05370374918,0.0118210981,-0.2099793498,2.39744266e-05
2.113,-0.05373136439,0.01174480653,-0.21,-0.0537222626,0.01173678489,-0.2099793449,2.395460105e-05
2.114,-0.0537497468,0.01166039105,-0.21,-0.05374064347,0.01165244275,-0.20997934,2.393493809e-05
2.115,-0.05376799658,0.01157594679,-0.21,-0.05375889174,0.01156807187,-0.2099793352,2.391543849e-05
2.116,-0.05378611369,0.01149147397,-0.21,-0.05377700736,0.01148367246,-0.2099793303,2.389610301e-05
2.117,-0.05380409809,0.0114069728,-0.21,-0.05379499028,0.01139924474,-0.2099793256,2.38769324e-05
2.118,-0.05382194974,0.01132244348,-0.21,-0.05381284047,0.01131478891,-0.2099793208,2.385792739e-05
2.119,-0.05383966858,0.01123788623,-0.21,-0.05383055789,0.01123030518,-0.2099793161,2.383908872e-05
2.12,-0.05385725458,0.01115330124,-0.21,-0.05384814247,0.01114579375,-0.2099793114,2.382041715e-05
2.121,-0.0538747077,0.01106868874,-0.21,-0.05386559419,0.01106125485,-0.2099793067,2.380191341e-05
2.122,-0.05389202788,0.01098404893,-0.21,-0.053882913,0.01097668867,-0.2099793021,2.378357825e-05
2.123,-0.05390921509,0.01089938201,-0.21,-0.05390009886,0.01089209542,-0.2099792975,2.376541239e-05
2.124,-0.05392626929,0.0108146882,-0.21,-0.05391715172,0.01080747531,-0.2099792929,2.374741655e-05
2.125,-0.05394319042,0.01072996771,-0.21,-0.05393407154,0.01072282856,-0.2099792884,2.372959145e-05
2.126,-0.05395997846,0.01064522074,-0.21,-0.05395085829,0.01063815536,-0.2099792838,2.371193782e-05
2.127,-0.05397663336,0.01056044751,-0.21,-0.05396751191,0.01055345594,-0.2099792794,2.369445635e-05
2.128,-0.05399315507,0.01047564822,-0.21,-0.05398403238,0.01046873049,-0.2099792749,2.367714777e-05
2.129,-0.05400954356,0.01039082308,-0.21,-0.05400041964,0.01038397922,-0.2099792705,2.366001278e-05
2.13,-0.05402579879,0.0103059723,-0.21,-0.05401667366,0.01029920236,-0.2099792661,2.364305207e-05
2.131,-0.05404192072,0.0102210961,-0.21,-0.0540327944,0.01021440009,-0.2099792618,2.362626635e-05
2.132,-0.0540579093,0.01013619467,-0.21,-0.05404878182,0.01012957264,-0.2099792574,2.36096563e-05
2.133,-0.0540737645,0.01005126824,-0.21,-0.05406463587,0.01004472022,-0.2099792531,2.359322262e-05
2.134,-0.05408948627,0.009966316999,-0.21,-0.05408035653,0.009959843023,-0.2099792489,2.357696596e-05
2.135,-0.05410507459,0.009881341173,-0.21,-0.05409594374,0.00987494127,-0.2099792447,2.356088702e-05
2.136,-0.05412052941,0.009796340965,-0.21,-0.05411139748,0.009790015168,-0.2099792405,2.354498646e-05
2.137,-0.05413585069,0.009711316585,-0.21,-0.0541267177,0.009705064925,-0.2099792363,2.352926496e-05
2.138,-0.0541510384,0.009626268244,-0.21,-0.05414190437,0.009620090753,-0.2099792322,2.351372318e-05
2.139,-0.05416609249,0.00954119615,-0.21,-0.05415695745,0.009535092859,-0.2099792281,2.349836178e-05
2.14,-0.05418101294,0.009456100515,-0.21,-0.05417187691,0.009450071455,-0.209979224,2.348318139e-05
2.141,-0.0541957997,0.009370981548,-0.21,-0.05418666269,0.009365026748,-0.2099792199,2.346818266e-05
2.142,-0.05421045273,0.009285839459,-0.21,-0.05420131478,0.00927995895,-0.2099792159,2.345336624e-05
2.143,-0.05422497201,0.009200674458,-0.21,-0.05421583313,0.009194868271,-0.2099792119,2.343873277e-05
2.144,-0.05423935749,0.009115486756,-0.21,-0.05423021771,0.009109754919,-0.209979208,2.342428286e-05
2.145,-0.05425360914,0.009030276561,-0.21,-0.05424446848,0.009024619104,-0.2099792041,2.341001714e-05
2.146,-0.05426772693,0.008945044086,-0.21,-0.05425858541,0.008939461038,-0.2099792002,2.339593622e-05
2.147,-0.05428171082,0.008859789539,-0.21,-0.05427256845,0.008854280929,-0.2099791963,2.338204074e-05
2.148,-0.05429556077,0.008774513132,-0.21,-0.05428641759,0.008769078988,-0.2099791925,2.336833128e-05
2.149,-0.05430927675,0.008689215074,-0.21,-0.05430013278,0.008683855425,-0.2099791887,2.335480845e-05
2.15,-0.05432285873,0.008603895577,-0.21,-0.05431371399,0.00859861045,-0.209979185,2.334147284e-05
2.151,-0.05433630668,0.008518554851,-0.21,-0.05432716119,0.008513344274,-0.2099791812,2.332832505e-05
2.152,-0.05434962055,0.008433193106,-0.21,-0.05434047434,0.008428057106,-0.2099791775,2.331536564e-05
2.153,-0.05436280032,0.008347810552,-0.21,-0.05435365341,0.008342749157,-0.2099791739,2.330259519e-05
2.154,-0.05437584596,0.008262407402,-0.21,-0.05436669837,0.008257420637,-0.2099791703,2.329001429e-05
2.155,-0.05438875743,0.008176983864,-0.21,-0.05437960918,0.008172071757,-0.2099791666,2.327762348e-05
2.156,-0.0544015347,0.008091540151,-0.21,-0.05439238582,0.008086702727,-0.2099791631,2.326542332e-05
2.157,-0.05441417774,0.008006076473,-0.21,-0.05440502825,0.008001313758,-0.2099791595,2.325341437e-05
2.158,-0.05442668652,0.00792059304,-0.21,-0.05441753645,0.007915905061,-0.209979156,2.324159717e-05
2.159,-0.05443906101,0.007835090065,-0.21,-0.05442991037,0.007830476845,-0.2099791526,2.322997225e-05
2.16,-0.05445130117,0.007749567757,-0.21,-0.05444214999,0.007745029322,-0.2099791491,2.321854015e-05
2.161,-0.05446340699,0.007664026327,-0.21,-0.05445425529,0.007659562702,-0.2099791457,2.320730139e-05
2.162,-0.05447537841,0.007578465988,-0.21,-0.05446622623,0.007574077196,-0.2099791423,2.319625648e-05
2.163,-0.05448721543,0.007492886949,-0.21,-0.05447806277,0.007488573016,-0.209979139,2.318540593e-05
2.164,-0.054498918,0.007407289422,-0.21,-0.0544897649,0.007403050371,-0.2099791357,2.317475026e-05
2.165,-0.05451048611,0.007321673619,-0.21,-0.05450133258,0.007317509472,-0.2099791324,2.316428994e-05
2.166,-0.05452191971,0.00723603975,-0.21,-0.05451276579,0.007231950532,-0.2099791291,2.315402547e-05
2.167,-0.05453321879,0.007150388027,-0.21,-0.05452406449,0.00714637376,-0.2099791259,2.314395734e-05
2.168,-0.05454438331,0.007064718661,-0.21,-0.05453522866,0.007060779368,-0.2099791227,2.313408601e-05
2.169,-0.05455541324,0.006979031864,-0.21,-0.05454625827,0.006975167566,-0.2099791196,2.312441193e-05
2.17,-0.05456630857,0.006893327846,-0.21,-0.0545571533,0.006889538567,-0.2099791165,2.31149356e-05
2.171,-0.05457706926,0.00680760682,-0.21,-0.05456791371,0.00680389258,-0.2099791134,2.310565745e-05
2.172,-0.05458769529,0.006721868997,-0.21,-0.05457853948,0.006718229818,-0.2099791103,2.309657792e-05
2.173,-0.05459818663,0.006636114588,-0.21,-0.05458903059,0.006632550491,-0.2099791073,2.308769746e-05
2.174,-0.05460854325,0.006550343805,-0.21,-0.05459938701,0.006546854811,-0.2099791043,2.307901649e-05
2.175,-0.05461876513,0.00646455686,-0.21,-0.05460960871,0.006461142989,-0.2099791013,2.307053543e-05
2.176,-0.05462885225,0.006378753964,-0.21,-0.05461969566,0.006375415237,-0.2099790984,2.30622547e-05
2.177,-0.05463880457,0.00629293533,-0.21,-0.05462964785,0.006289671766,-0.2099790955,2.30541747e-05
2.178,-0.05464862208,0.006207101168,-0.21,-0.05463946525,0.006203912787,-0.2099790926,2.304629584e-05
2.179,-0.05465830475,0.006121251691,-0.21,-0.05464914784,0.006118138512,-0.2099790898,2.30386185e-05
2.18,-0.05466785255,0.00603538711,-0.21,-0.05465869558,0.006032349152,-0.209979087,2.303114305e-05
2.181,-0.05467726547,0.005949507637,-0.21,-0.05466810846,0.005946544919,-0.2099790842,2.302386988e-05
2.182,-0.05468654347,0.005863613485,-0.21,-0.05467738646,0.005860726025,-0.2099790815,2.301679937e-05
2.183,-0.05469568654,0.005777704865,-0.21,-0.05468652955,0.005774892681,-0.2099790788,2.300993186e-05
2.184,-0.05470469466,0.005691781989,-0.21,-0.0546955377,0.005689045099,-0.2099790761,2.300326769e-05
2.185,-0.0547135678,0.005605845069,-0.21,-0.0547044109,0.00560318349,-0.2099790735,2.299680722e-05
2.186,-0.05472230593,0.005519894317,-0.21,-0.05471314913,0.005517308067,-0.2099790708,2.299055078e-05
2.187,-0.05473090905,0.005433929945,-0.21,-0.05472175236,0.00543141904,-0.2099790683,2.298449869e-05
2.188,-0.05473937712,0.005347952166,-0.21,-0.05473022057,0.005345516623,-0.2099790657,2.297865127e-05
2.189,-0.05474771013,0.005261961191,-0.21,-0.05473855374,0.005259601026,-0.2099790632,2.297300883e-05
2.19,-0.05475590805,0.005175957233,-0.21,-0.05474675185,0.005173672462,-0.2099790607,2.296757165e-05
2.191,-0.05476397087,0.005089940503,-0.21,-0.05475481489,0.005087731142,-0.2099790583,2.296234005e-05
2.192,-0.05477189857,0.005003911215,-0.21,-0.05476274282,0.005001777279,-0.2099790559,2.29573143e-05
2.193,-0.05477969112,0.00491786958,-0.21,-0.05477053564,0.004915811084,-0.2099790535,2.29524947e-05
2.194,-0.0547873485,0.00483181581,-0.21,-0.05477819331,0.00482983277,-0.2099790511,2.294788148e-05
2.195,-0.05479487071,0.004745750119,-0.21,-0.05478571583,0.004743842548,-0.2099790488,2.294347491e-05
2.196,-0.05480225771,0.004659672718,-0.21,-0.05479310318,0.00465784063,-0.2099790465,2.293927524e-05
2.197,-0.05480950949,0.004573583819,-0.21,-0.05480035533,0.004571827229,-0.2099790443,2.293528271e-05
2.198,-0.05481662604,0.004487483636,-0.21,-0.05480747226,0.004485802556,-0.209979042,2.293149755e-05
2.199,-0.05482360733,0.004401372381,-0.21,-0.05481445397,0.004399766825,-0.2099790399,2.292791998e-05
2.2,-0.05483045336,0.004315250265,-0.21,-0.05482130044,0.004313720246,-0.2099790377,2.292455022e-05
2.201,-0.05483716409,0.004229117502,-0.21,-0.05482801164,0.004227663032,-0.2099790356,2.292138847e-05
2.202,-0.05484373951,0.004142974304,-0.21,-0.05483458756,0.004141595396,-0.2099790335,2.291843493e-05
2.203,-0.05485017962,0.004056820884,-0.21,-0.05484102818,0.00405551755,-0.2099790314,2.291568978e-05
2.204,-0.05485648439,0.003970657454,-0.21,-0.0548473335,0.003969429705,-0.2099790294,2.291315321e-05
2.205,-0.0548626538,0.003884484226,-0.21,-0.05485350348,0.003883332075,-0.2099790274,2.291082539e-05
2.206,-0.05486868785,0.003798301414,-0.21,-0.05485953812,0.003797224871,-0.2099790254,2.290870647e-05
2.207,-0.05487458651,0.00371210923,-0.21,-0.05486543741,0.003711108305,-0.2099790235,2.290679661e-05
2.208,-0.05488034978,0.003625907887,-0.21,-0.05487120132,0.003624982591,-0.2099790216,2.290509594e-05
2.209,-0.05488597763,0.003539697598,-0.21,-0.05487682985,0.003538847941,-0.2099790197,2.290360459e-05
2.21,-0.05489147006,0.003453478574,-0.21,-0.05488232298,0.003452704567,-0.2099790179,2.290232271e-05
2.211,-0.05489682705,0.003367251029,-0.21,-0.0548876807,0.003366552681,-0.2099790161,2.290125039e-05
2.212,-0.05490204859,0.003281015176,-0.21,-0.05489290298,0.003280392496,-0.2099790143,2.290038775e-05
2.213,-0.05490713466,0.003194771228,-0.21,-0.05489798983,0.003194224224,-0.2099790126,2.289973488e-05
2.214,-0.05491208526,0.003108519397,-0.21,-0.05490294123,0.003108048078,-0.2099790109,2.289929188e-05
2.215,-0.05491690036,0.003022259895,-0.21,-0.05490775716,0.003021864271,-0.2099790092,2.289905881e-05
2.216,-0.05492157996,0.002935992937,-0.21,-0.05491243762,0.002935673014,-0.2099790076,2.289903576e-05
2.217,-0.05492612405,0.002849718734,-0.21,-0.05491698259,0.002849474521,-0.209979006,2.289922278e-05
2.218,-0.05493053261,0.0027634375,-0.21,-0.05492139206,0.002763269004,-0.2099790044,2.289961992e-05
2.219,-0.05493480564,0.002677149447,-0.21,-0.05492566602,0.002677056675,-0.2099790029,2.290022723e-05
2.22,-0.05493894312,0.002590854789,-0.21,-0.05492980447,0.002590837748,-0.2099790014,2.290104473e-05
2.221,-0.05494294505,0.002504553738,-0.21,-0.05493380738,0.002504612434,-0.2099789999,2.290207245e-05
2.222,-0.05494681141,0.002418246507,-0.21,-0.05493767475,0.002418380947,-0.2099789985,2.29033104e-05
2.223,-0.05495054219,0.00233193331,-0.21,-0.05494140657,0.002332143499,-0.209978997,2.290475861e-05
2.224,-0.05495413739,0.002245614359,-0.21,-0.05494500283,0.002245900302,-0.2099789957,2.290641705e-05
2.225,-0.05495759699,0.002159289867,-0.21,-0.05494846353,0.00215965157,-0.2099789943,2.290828572e-05
2.226,-0.054960921,0.002072960047,-0.21,-0.05495178865,0.002073397516,-0.209978993,2.291036458e-05
2.227,-0.05496410939,0.001986625112,-0.21,-0.05495497818,0.001987138351,-0.2099789917,2.291265362e-05
2.228,-0.05496716216,0.001900285276,-0.21,-0.05495803213,0.001900874288,-0.2099789905,2.29151528e-05
2.229,-0.05497007931,0.00181394075,-0.21,-0.05496095047,0.001814605541,-0.2099789893,2.291786206e-05
2.23,-0.05497286082,0.001727591749,-0.21,-0.05496373321,0.001728332321,-0.2099789881,2.292078135e-05
2.231,-0.05497550669,0.001641238486,-0.21,-0.05496638033,0.001642054843,-0.2099789869,2.29239106e-05
2.232,-0.05497801692,0.001554881172,-0.21,-0.05496889183,0.001555773318,-0.2099789858,2.292724971e-05
2.233,-0.05498039149,0.001468520023,-0.21,-0.05497126771,0.001469487959,-0.2099789847,2.293079862e-05
2.234,-0.05498263041,0.001382155249,-0.21,-0.05497350795,0.001383198979,-0.2099789837,2.293455724e-05
2.235,-0.05498473366,0.001295787066,-0.21,-0.05497561256,0.001296906591,-0.2099789827,2.293852546e-05
2.236,-0.05498670124,0.001209415685,-0.21,-0.05497758152,0.001210611008,-0.2099789817,2.294270316e-05
2.237,-0.05498853315,0.00112304132,-0.21,-0.05497941484,0.001124312442,-0.2099789807,2.294709021e-05
2.238,-0.05499022938,0.001036664184,-0.21,-0.0549811125,0.001038011106,-0.2099789798,2.295168649e-05
2.239,-0.05499178993,0.0009502844906,-0.21,-0.05498267451,0.0009517072139,-0.2099789789,2.295649186e-05
2.24,-0.05499321479,0.0008639024522,-0.21,-0.05498410085,0.0008654009772,-0.2099789781,2.296150617e-05
2.241,-0.05499450396,0.0007775182821,-0.21,-0.05498539154,0.0007790926093,-0.2099789773,2.296672927e-05
2.242,-0.05499565743,0.0006911321936,-0.21,-0.05498654655,0.0006927823228,-0.2099789765,2.297216097e-05
2.243,-0.05499667521,0.0006047443998,-0.21,-0.0549875659,0.0006064703308,-0.2099789757,2.297780111e-05
2.244,-0.05499755729,0.0005183551138,-0.21,-0.05498844957,0.000520156846,-0.209978975,2.298364952e-05
2.245,-0.05499830367,0.0004319645489,-0.21,-0.05498919757,0.0004338420812,-0.2099789743,2.298970598e-05
2.246,-0.05499891435,0.0003455729181,-0.21,-0.0549898099,0.0003475262494,-0.2099789736,2.299597029e-05
2.247,-0.05499938932,0.0002591804347,-0.21,-0.05499028654,0.0002612095634,-0.209978973,2.300244224e-05
2.248,-0.05499972859,0.0001727873117,-0.21,-0.05499062751,0.000174892236,-0.2099789724,2.300912162e-05
2.249,-0.05499993215,8.639376245e-05,-0.21,-0.05499083279,8.857448016e-05,-0.2099789719,2.301600822e-05
2.25,-0.055,6.735557395e-18,-0.21,-0.0549909024,2.256508639e-06,-0.2099789713,2.302310176e-05
2.251,-0.05499993215,-8.639376245e-05,-0.21,-0.05499083633,-8.406146567e-05,-0.2099789708,2.3030402e-05
2.252,-0.05499972859,-0.0001727873117,-0.21,-0.05499063457,-0.0001703792299,-0.2099789704,2.30379087e-05
2.253,-0.05499938932,-0.0002591804347,-0.21,-0.05499029714,-0.0002566965712,-0.2099789699,2.304562159e-05
2.254,-0.05499891435,-0.0003455729181,-0.21,-0.05498982402,-0.0003430132768,-0.2099789695,2.305354041e-05
2.255,-0.05499830367,-0.0004319645489,-0.21,-0.05498921523,-0.0004293291336,-0.2099789692,2.306166487e-05
2.256,-0.05499755729,-0.0005183551138,-0.21,-0.05498847077,-0.000515643929,-0.2099789689,2.306999467e-05
2.257,-0.05499667521,-0.0006047443998,-0.21,-0.05498759063,-0.0006019574501,-0.2099789686,2.307852953e-05
2.258,-0.05499565743,-0.0006911321936,-0.21,-0.05498657481,-0.0006882694839,-0.2099789683,2.308726913e-05
2.259,-0.05499450396,-0.0007775182821,-0.21,-0.05498542333,-0.0007745798178,-0.2099789681,2.309621316e-05
2.26,-0.05499321479,-0.0008639024522,-0.21,-0.05498413618,-0.0008608882387,-0.2099789679,2.310536131e-05
2.261,-0.05499178993,-0.0009502844906,-0.21,-0.05498271336,-0.0009471945339,-0.2099789677,2.311471323e-05
2.262,-0.05499022938,-0.001036664184,-0.21,-0.05498115489,-0.001033498491,-0.2099789676,2.312426859e-05
2.263,-0.05498853315,-0.00112304132,-0.21,-0.05497946076,-0.001119799896,-0.2099789675,2.313402703e-05
2.264,-0.05498670124,-0.001209415685,-0.21,-0.05497763097,-0.001206098537,-0.2099789674,2.314398821e-05
2.265,-0.05498473366,-0.001295787066,-0.21,-0.05497566554,-0.001292394201,-0.2099789673,2.315415175e-05
2.266,-0.05498263041,-0.001382155249,-0.21,-0.05497356447,-0.001378686676,-0.2099789673,2.31645173e-05
2.267,-0.05498039149,-0.001468520023,-0.21,-0.05497132776,-0.001464975747,-0.2099789674,2.317508447e-05
2.268,-0.05497801692,-0.001554881172,-0.21,-0.05496895542,-0.001551261204,-0.2099789674,2.318585287e-05
2.269,-0.05497550669,-0.001641238486,-0.21,-0.05496644745,-0.001637542832,-0.2099789675,2.31968221e-05
2.27,-0.05497286082,-0.001727591749,-0.21,-0.05496380386,-0.001723820419,-0.2099789677,2.320799176e-05
2.271,-0.05497007931,-0.00181394075,-0.21,-0.05496102465,-0.001810093753,-0.2099789678,2.321936144e-05
2.272,-0.05496716216,-0.001900285276,-0.21,-0.05495810984,-0.00189636262,-0.209978968,2.323093072e-05
2.273,-0.05496410939,-0.001986625112,-0.21,-0.05495505943,-0.001982626808,-0.2099789682,2.324269918e-05
2.274,-0.054960921,-0.002072960047,-0.21,-0.05495187343,-0.002068886104,-0.2099789685,2.325466637e-05
2.275,-0.05495759699,-0.002159289867,-0.21,-0.05494855185,-0.002155140296,-0.2099789688,2.326683186e-05
2.276,-0.05495413739,-0.002245614359,-0.21,-0.05494509468,-0.00224138917,-0.2099789691,2.327919521e-05
2.277,-0.05495054219,-0.00233193331,-0.21,-0.05494150195,-0.002327632514,-0.2099789695,2.329175595e-05
2.278,-0.05494681141,-0.002418246507,-0.21,-0.05493777367,-0.002413870116,-0.2099789699,2.330451361e-05
2.279,-0.05494294505,-0.002504553738,-0.21,-0.05493390983,-0.002500101762,-0.2099789703,2.331746772e-05
2.28,-0.05493894312,-0.002590854789,-0.21,-0.05492991045,-0.00258632724,-0.2099789707,2.333061782e-05
2.281,-0.05493480564,-0.002677149447,-0.21,-0.05492577554,-0.002672546338,-0.2099789712,2.33439634e-05
2.282,-0.05493053261,-0.0027634375,-0.21,-0.05492150512,-0.002758758843,-0.2099789717,2.335750398e-05
2.283,-0.05492612405,-0.002849718734,-0.21,-0.05491709918,-0.002844964541,-0.2099789723,2.337123906e-05
2.284,-0.05492157996,-0.002935992937,-0.21,-0.05491255774,-0.002931163221,-0.2099789729,2.338516813e-05
2.285,-0.05491690036,-0.003022259895,-0.21,-0.05490788082,-0.003017354671,-0.2099789735,2.339929068e-05
2.286,-0.05491208526,-0.003108519397,-0.21,-0.05490306842,-0.003103538676,-0.2099789742,2.341360618e-05
2.287,-0.05490713466,-0.003194771228,-0.21,-0.05489812056,-0.003189715026,-0.2099789748,2.342811412e-05
2.288,-0.05490204859,-0.003281015176,-0.21,-0.05489303725,-0.003275883507,-0.2099789756,2.344281395e-05
2.289,-0.05489682705,-0.003367251029,-0.21,-0.05488781849,-0.003362043907,-0.2099789763,2.345770514e-05
2.29,-0.05489147006,-0.003453478574,-0.21,-0.05488246431,-0.003448196014,-0.2099789771,2.347278713e-05
2.291,-0.05488597763,-0.003539697598,-0.21,-0.05487697472,-0.003534339615,-0.2099789779,2.348805936e-05
2.292,-0.05488034978,-0.003625907887,-0.21,-0.05487134973,-0.003620474497,-0.2099789788,2.350352129e-05
2.293,-0.05487458651,-0.00371210923,-0.21,-0.05486558935,-0.003706600449,-0.2099789796,2.351917235e-05
2.294,-0.05486868785,-0.003798301414,-0.21,-0.0548596936,-0.003792717257,-0.2099789805,2.353501196e-05
2.295,-0.0548626538,-0.003884484226,-0.21,-0.05485366249,-0.00387882471,-0.2099789815,2.355103952e-05
2.296,-0.05485648439,-0.003970657454,-0.21,-0.05484749604,-0.003964922594,-0.2099789825,2.356725448e-05
2.297,-0.05485017962,-0.004056820884,-0.21,-0.05484119427,-0.004051010699,-0.2099789835,2.358365624e-05
2.298,-0.05484373951,-0.004142974304,-0.21,-0.05483475718,-0.004137088811,-0.2099789845,2.360024419e-05
2.299,-0.05483716409,-0.004229117502,-0.21,-0.05482818479,-0.004223156719,-0.2099789856,2.361701773e-05
2.3,-0.05483045336,-0.004315250265,-0.21,-0.05482147713,-0.004309214209,-0.2099789867,2.363397626e-05
2.301,-0.05482360733,-0.004401372381,-0.21,-0.0548146342,-0.00439526107,-0.2099789879,2.365111915e-05
2.302,-0.05481662604,-0.004487483636,-0.21,-0.05480765603,-0.00448129709,-0.209978989,2.366844579e-05
2.303,-0.05480950949,-0.004573583819,-0.21,-0.05480054263,-0.004567322057,-0.2099789902,2.368595554e-05
2.304,-0.05480225771,-0.004659672718,-0.21,-0.05479329402,-0.004653335757,-0.2099789915,2.370364778e-05
2.305,-0.05479487071,-0.004745750119,-0.21,-0.05478591021,-0.00473933798,-0.2099789927,2.372152187e-05
2.306,-0.0547873485,-0.00483181581,-0.21,-0.05477839123,-0.004825328513,-0.2099789941,2.373957716e-05
2.307,-0.05477969112,-0.00491786958,-0.21,-0.05477073709,-0.004911307143,-0.2099789954,2.375781301e-05
2.308,-0.05477189857,-0.005003911215,-0.21,-0.05476294782,-0.00499727366,-0.2099789968,2.377622877e-05
2.309,-0.05476397087,-0.005089940503,-0.21,-0.05475502342,-0.005083227851,-0.2099789982,2.379482377e-05
2.31,-0.05475590805,-0.005175957233,-0.21,-0.05474696393,-0.005169169504,-0.2099789996,2.381359734e-05
2.311,-0.05474771013,-0.005261961191,-0.21,-0.05473876935,-0.005255098408,-0.2099790011,2.383254881e-05
2.312,-0.05473937712,-0.005347952166,-0.21,-0.05473043972,-0.005341014349,-0.2099790026,2.385167753e-05
2.313,-0.05473090905,-0.005433929945,-0.21,-0.05472197505,-0.005426917117,-0.2099790041,2.38709828e-05
2.314,-0.05472230593,-0.005519894317,-0.21,-0.05471337536,-0.005512806499,-0.2099790057,2.389046394e-05
2.315,-0.0547135678,-0.005605845069,-0.21,-0.05470464067,-0.005598682284,-0.2099790073,2.391012026e-05
2.316,-0.05470469466,-0.005691781989,-0.21,-0.05469577101,-0.00568454426,-0.2099790089,2.392995107e-05
2.317,-0.05469568654,-0.005777704865,-0.21,-0.0546867664,-0.005770392215,-0.2099790106,2.394995567e-05
2.318,-0.05468654347,-0.005863613485,-0.21,-0.05467762685,-0.005856225938,-0.2099790123,2.397013334e-05
2.319,-0.05467726547,-0.005949507637,-0.21,-0.0546683524,-0.005942045217,-0.209979014,2.399048341e-05
2.32,-0.05466785255,-0.00603538711,-0.21,-0.05465894306,-0.006027849839,-0.2099790157,2.401100514e-05
2.321,-0.05465830475,-0.006121251691,-0.21,-0.05464939885,-0.006113639595,-0.2099790175,2.403169782e-05
2.322,-0.05464862208,-0.006207101168,-0.21,-0.05463971981,-0.006199414272,-0.2099790194,2.405256072e-05
2.323,-0.05463880457,-0.00629293533,-0.21,-0.05462990595,-0.006285173658,-0.2099790212,2.407359313e-05
2.324,-0.05462885225,-0.006378753964,-0.21,-0.05461995731,-0.006370917542,-0.2099790231,2.409479432e-05
2.325,-0.05461876513,-0.00646455686,-0.21,-0.05460987389,-0.006456645713,-0.209979025,2.411616355e-05
2.326,-0.05460854325,-0.006550343805,-0.21,-0.05459965573,-0.006542357959,-0.209979027,2.413770009e-05
2.327,-0.05459818663,-0.006636114588,-0.21,-0.05458930286,-0.006628054069,-0.209979029,2.415940319e-05
2.328,-0.05458769529,-0.006721868997,-0.21,-0.0545788153,-0.006713733831,-0.209979031,2.418127213e-05
2.329,-0.05457706926,-0.00680760682,-0.21,-0.05456819307,-0.006799397035,-0.2099790331,2.420330614e-05
2.33,-0.05456630857,-0.006893327846,-0.21,-0.0545574362,-0.006885043468,-0.2099790351,2.422550445e-05
2.331,-0.05455541324,-0.006979031864,-0.21,-0.05454654472,-0.006970672921,-0.2099790373,2.424786634e-05
2.332,-0.05454438331,-0.007064718661,-0.21,-0.05453551865,-0.007056285181,-0.2099790394,2.427039105e-05
2.333,-0.05453321879,-0.007150388027,-0.21,-0.05452435802,-0.007141880037,-0.2099790416,2.42930778e-05
2.334,-0.05452191971,-0.00723603975,-0.21,-0.05451306287,-0.007227457279,-0.2099790438,2.431592581e-05
2.335,-0.05451048611,-0.007321673619,-0.21,-0.05450163321,-0.007313016696,-0.2099790461,2.433893436e-05
2.336,-0.054498918,-0.007407289422,-0.21,-0.05449006907,-0.007398558075,-0.2099790483,2.436210264e-05
2.337,-0.05448721543,-0.007492886949,-0.21,-0.05447837049,-0.007484081208,-0.2099790507,2.438542989e-05
2.338,-0.05447537841,-0.007578465988,-0.21,-0.05446653749,-0.007569585881,-0.209979053,2.440891533e-05
2.339,-0.05446340699,-0.007664026327,-0.21,-0.0544545701,-0.007655071886,-0.2099790554,2.443255815e-05
2.34,-0.05445130117,-0.007749567757,-0.21,-0.05444246835,-0.00774053901,-0.2099790578,2.44563576e-05
2.341,-0.05443906101,-0.007835090065,-0.21,-0.05443023228,-0.007825987044,-0.2099790602,2.448031289e-05
2.342,-0.05442668652,-0.00792059304,-0.21,-0.0544178619,-0.007911415775,-0.2099790627,2.450442322e-05
2.343,-0.05441417774,-0.008006076473,-0.21,-0.05440535726,-0.007996824995,-0.2099790652,2.452868781e-05
2.344,-0.0544015347,-0.008091540151,-0.21,-0.05439271837,-0.008082214492,-0.2099790677,2.455310585e-05
2.345,-0.05438875743,-0.008176983864,-0.21,-0.05437994528,-0.008167584055,-0.2099790703,2.457767655e-05
2.346,-0.05437584596,-0.008262407402,-0.21,-0.05436703802,-0.008252933474,-0.2099790729,2.460239911e-05
2.347,-0.05436280032,-0.008347810552,-0.21,-0.05435399661,-0.008338262539,-0.2099790755,2.462727273e-05
2.348,-0.05434962055,-0.008433193106,-0.21,-0.05434082109,-0.008423571038,-0.2099790782,2.465229658e-05
2.349,-0.05433630668,-0.008518554851,-0.21,-0.05432751149,-0.008508858763,-0.2099790809,2.467746988e-05
2.35,-0.05432285873,-0.008603895577,-0.21,-0.05431406784,-0.008594125502,-0.2099790836,2.470279181e-05
2.351,-0.05430927675,-0.008689215074,-0.21,-0.05430049018,-0.008679371045,-0.2099790864,2.472826157e-05
2.352,-0.05429556077,-0.008774513132,-0.21,-0.05428677855,-0.008764595182,-0.2099790892,2.475387834e-05
2.353,-0.05428171082,-0.008859789539,-0.21,-0.05427293296,-0.008849797703,-0.209979092,2.47796413e-05
2.354,-0.05426772693,-0.008945044086,-0.21,-0.05425895346,-0.008934978397,-0.2099790949,2.480554964e-05
2.355,-0.05425360914,-0.009030276561,-0.21,-0.05424484009,-0.009020137055,-0.2099790978,2.483160252e-05
2.356,-0.05423935749,-0.009115486756,-0.21,-0.05423059287,-0.009105273467,-0.2099791007,2.485779914e-05
2.357,-0.05422497201,-0.009200674458,-0.21,-0.05421621185,-0.009190387422,-0.2099791037,2.488413867e-05
2.358,-0.05421045273,-0.009285839459,-0.21,-0.05420169705,-0.009275478711,-0.2099791067,2.491062028e-05
2.359,-0.0541957997,-0.009370981548,-0.21,-0.05418704852,-0.009360547123,-0.2099791097,2.493724316e-05
2.36,-0.05418101294,-0.009456100515,-0.21,-0.05417226629,-0.00944559245,-0.2099791127,2.496400646e-05
2.361,-0.05416609249,-0.00954119615,-0.21,-0.05415735039,-0.009530614481,-0.2099791158,2.499090936e-05
2.362,-0.0541510384,-0.009626268244,-0.21,-0.05414230087,-0.009615613007,-0.2099791189,2.501795102e-05
2.363,-0.05413585069,-0.009711316585,-0.21,-0.05412711775,-0.009700587818,-0.2099791221,2.504513063e-05
2.364,-0.05412052941,-0.009796340965,-0.21,-0.05411180109,-0.009785538705,-0.2099791253,2.507244733e-05
2.365,-0.05410507459,-0.009881341173,-0.21,-0.0540963509,-0.009870465457,-0.2099791285,2.509990031e-05
2.366,-0.05408948627,-0.009966316999,-0.21,-0.05408076725,-0.009955367867,-0.2099791317,2.512748872e-05
2.367,-0.0540737645,-0.01005126824,-0.21,-0.05406505015,-0.01004024572,-0.209979135,2.515521172e-05
2.368,-0.0540579093,-0.01013619467,-0.21,-0.05404919965,-0.01012509882,-0.2099791383,2.518306848e-05
2.369,-0.05404192072,-0.0102210961,-0.21,-0.05403321579,-0.01020992694,-0.2099791416,2.521105814e-05
2.37,-0.05402579879,-0.0103059723,-0.21,-0.05401709861,-0.01029472988,-0.209979145,2.523917989e-05
2.371,-0.05400954356,-0.01039082308,-0.21,-0.05400084815,-0.01037950744,-0.2099791484,2.526743287e-05
2.372,-0.05399315507,-0.01047564822,-0.21,-0.05398446445,-0.01046425939,-0.2099791518,2.529581624e-05
2.373,-0.05397663336,-0.01056044751,-0.21,-0.05396794755,-0.01054898554,-0.2099791553,2.532432916e-05
2.374,-0.05395997846,-0.01064522074,-0.21,-0.05395129748,-0.01063368567,-0.2099791588,2.535297078e-05
2.375,-0.05394319042,-0.01072996771,-0.21,-0.0539345143,-0.01071835957,-0.2099791623,2.538174027e-05
2.376,-0.05392626929,-0.0108146882,-0.21,-0.05391759804,-0.01080300704,-0.2099791659,2.541063677e-05
2.377,-0.05390921509,-0.01089938201,-0.21,-0.05390054874,-0.01088762787,-0.2099791695,2.543965943e-05
2.378,-0.05389202788,-0.01098404893,-0.21,-0.05388336644,-0.01097222184,-0.2099791731,2.546880743e-05
2.379,-0.0538747077,-0.01106868874,-0.21,-0.0538660512,-0.01105678875,-0.2099791768,2.549807989e-05
2.38,-0.05385725458,-0.01115330124,-0.21,-0.05384860304,-0.0111413284,-0.2099791804,2.552747599e-05
2.381,-0.05383966858,-0.01123788623,-0.21,-0.05383102202,-0.01122584057,-0.2099791842,2.555699489e-05
2.382,-0.05382194974,-0.01132244348,-0.21,-0.05381330817,-0.01131032505,-0.2099791879,2.55866357e-05
2.383,-0.05380409809,-0.0114069728,-0.21,-0.05379546155,-0.01139478164,-0.2099791917,2.56163976e-05
2.384,-0.05378611369,-0.01149147397,-0.21,-0.05377748219,-0.01147921012,-0.2099791955,2.564627974e-05
2.385,-0.05376799658,-0.01157594679,-0.21,-0.05375937013,-0.0115636103,-0.2099791994,2.567628128e-05
2.386,-0.0537497468,-0.01166039105,-0.21,-0.05374112543,-0.01164798195,-0.2099792032,2.570640136e-05
2.387,-0.05373136439,-0.01174480653,-0.21,-0.05372274813,-0.01173232488,-0.2099792071,2.573663913e-05
2.388,-0.05371284941,-0.01182919304,-0.21,-0.05370423828,-0.01181663887,-0.2099792111,2.576699374e-05
2.389,-0.0536942019,-0.01191355035,-0.21,-0.05368559591,-0.01190092373,-0.209979215,2.579746436e-05
2.39,-0.05367542191,-0.01199787828,-0.21,-0.05366682107,-0.01198517923,-0.209979219,2.582805013e-05
2.391,-0.05365650947,-0.0120821766,-0.21,-0.05364791382,-0.01206940517,-0.2099792231,2.585875019e-05
2.392,-0.05363746465,-0.0121664451,-0.21,-0.05362887419,-0.01215360134,-0.2099792271,2.588956371e-05
2.393,-0.05361828747,-0.01225068359,-0.21,-0.05360970224,-0.01223776754,-0.2099792312,2.592048984e-05
2.394,-0.053598978,-0.01233489185,-0.21,-0.05359039801,-0.01232190356,-0.2099792354,2.595152772e-05
2.395,-0.05357953628,-0.01241906968,-0.21,-0.05357096155,-0.0124060092,-0.2099792395,2.598267651e-05
2.396,-0.05355996236,-0.01250321686,-0.21,-0.05355139291,-0.01249008423,-0.2099792437,2.601393538e-05
2.397,-0.05354025629,-0.01258733319,-0.21,-0.05353169213,-0.01257412846,-0.2099792479,2.604530347e-05
2.398,-0.0535204181,-0.01267141847,-0.21,-0.05351185927,-0.01265814168,-0.2099792522,2.607677992e-05
2.399,-0.05350044787,-0.01275547248,-0.21,-0.05349189437,-0.01274212368,-0.2099792565,2.61083639e-05
2.4,-0.05348034562,-0.01283949501,-0.21,-0.05347179748,-0.01282607426,-0.2099792608,2.614005457e-05
2.401,-0.05346011142,-0.01292348587,-0.21,-0.05345156865,-0.01290999321,-0.2099792651,2.617185107e-05
2.402,-0.05343974531,-0.01300744484,-0.21,-0.05343120793,-0.01299388031,-0.2099792695,2.620375258e-05
2.403,-0.05341924734,-0.01309137171,-0.21,-0.05341071538,-0.01307773537,-0.2099792739,2.623575824e-05
2.404,-0.05339861757,-0.01317526628,-0.21,-0.05339009104,-0.01316155818,-0.2099792783,2.626786721e-05
2.405,-0.05337785604,-0.01325912835,-0.21,-0.05336933496,-0.01324534852,-0.2099792828,2.630007865e-05
2.406,-0.05335696281,-0.01334295769,-0.21,-0.05334844719,-0.0133291062,-0.2099792873,2.633239171e-05
2.407,-0.05333593792,-0.01342675412,-0.21,-0.05332742779,-0.01341283101,-0.2099792918,2.636480556e-05
2.408,-0.05331478143,-0.01351051742,-0.21,-0.05330627681,-0.01349652274,-0.2099792964,2.639731937e-05
2.409,-0.0532934934,-0.01359424738,-0.21,-0.05328499429,-0.01358018118,-0.209979301,2.642993229e-05
2.41,-0.05327207386,-0.01367794379,-0.21,-0.0532635803,-0.01366380613,-0.2099793056,2.646264349e-05
2.411,-0.05325052289,-0.01376160646,-0.21,-0.05324203488,-0.01374739739,-0.2099793103,2.649545212e-05
2.412,-0.05322884052,-0.01384523518,-0.21,-0.05322035809,-0.01383095473,-0.209979315,2.652835737e-05
2.413,-0.05320702681,-0.01392882973,-0.21,-0.05319854998,-0.01391447797,-0.2099793197,2.656135838e-05
2.414,-0.05318508183,-0.01401238991,-0.21,-0.0531766106,-0.01399796689,-0.2099793244,2.659445433e-05
2.415,-0.05316300561,-0.01409591552,-0.21,-0.05315454001,-0.01408142129,-0.2099793292,2.662764439e-05
2.416,-0.05314079822,-0.01417940635,-0.21,-0.05313233827,-0.01416484096,-0.209979334,2.666092773e-05
2.417,-0.05311845971,-0.01426286219,-0.21,-0.05311000542,-0.0142482257,-0.2099793388,2.669430353e-05
2.418,-0.05309599014,-0.01434628285,-0.21,-0.05308754153,-0.01433157529,-0.2099793437,2.672777093e-05
2.419,-0.05307338955,-0.0144296681,-0.21,-0.05306494664,-0.01441488955,-0.2099793486,2.676132912e-05
2.42,-0.05305065802,-0.01451301775,-0.21,-0.05304222082,-0.01449816825,-0.2099793535,2.679497727e-05
2.421,-0.05302779558,-0.01459633159,-0.21,-0.05301936412,-0.01458141119,-0.2099793585,2.682871456e-05
2.422,-0.05300480231,-0.01467960941,-0.21,-0.05299637659,-0.01466461818,-0.2099793635,2.686254018e-05
2.423,-0.05298167825,-0.01476285102,-0.21,-0.0529732583,-0.01474778899,-0.2099793685,2.689645328e-05
2.424,-0.05295842346,-0.0148460562,-0.21,-0.05295000929,-0.01483092344,-0.2099793735,2.693045308e-05
2.425,-0.052935038,-0.01492922474,-0.21,-0.05292662964,-0.01491402131,-0.2099793786,2.696453873e-05
2.426,-0.05291152194,-0.01501235645,-0.21,-0.05290311938,-0.0149970824,-0.2099793837,2.699870942e-05
2.427,-0.05288787532,-0.01509545112,-0.21,-0.05287947859,-0.0150801065,-0.2099793889,2.703296434e-05
2.428,-0.0528640982,-0.01517850855,-0.21,-0.05285570732,-0.01516309341,-0.209979394,2.706730266e-05
2.429,-0.05284019064,-0.01526152852,-0.21,-0.05283180563,-0.01524604292,-0.2099793992,2.710172358e-05
2.43,-0.05281615271,-0.01534451083,-0.21,-0.05280777357,-0.01532895483,-0.2099794045,2.71362263e-05
2.431,-0.05279198446,-0.01542745529,-0.21,-0.05278361122,-0.01541182894,-0.2099794097,2.717080998e-05
2.432,-0.05276768595,-0.01551036167,-0.21,-0.05275931862,-0.01549466504,-0.209979415,2.720547383e-05
2.433,-0.05274325724,-0.01559322979,-0.21,-0.05273489583,-0.01557746293,-0.2099794203,2.724021704e-05
2.434,-0.0527186984,-0.01567605944,-0.21,-0.05271034293,-0.0156602224,-0.2099794257,2.727503881e-05
2.435,-0.05269400947,-0.0157588504,-0.21,-0.05268565996,-0.01574294324,-0.2099794311,2.730993833e-05
2.436,-0.05266919053,-0.01584160248,-0.21,-0.05266084699,-0.01582562526,-0.2099794365,2.734491481e-05
2.437,-0.05264424163,-0.01592431547,-0.21,-0.05263590408,-0.01590826825,-0.2099794419,2.737996745e-05
2.438,-0.05261916284,-0.01600698918,-0.21,-0.05261083128,-0.01599087201,-0.2099794474,2.741509544e-05
2.439,-0.05259395421,-0.01608962338,-0.21,-0.05258562867,-0.01607343633,-0.2099794529,2.745029799e-05
2.44,-0.05256861581,-0.01617221789,-0.21,-0.05256029631,-0.01615596101,-0.2099794584,2.748557429e-05
2.441,-0.05254314771,-0.01625477249,-0.21,-0.05253483425,-0.01623844584,-0.209979464,2.752092358e-05
2.442,-0.05251754996,-0.01633728699,-0.21,-0.05250924256,-0.01632089063,-0.2099794696,2.755634504e-05
2.443,-0.05249182263,-0.01641976117,-0.21,-0.05248352131,-0.01640329516,-0.2099794752,2.75918379e-05
2.444,-0.05246596578,-0.01650219484,-0.21,-0.05245767055,-0.01648565924,-0.2099794808,2.762740138e-05
2.445,-0.05243997948,-0.0165845878,-0.21,-0.05243169035,-0.01656798267,-0.2099794865,2.766303468e-05
2.446,-0.05241386378,-0.01666693983,-0.21,-0.05240558077,-0.01665026523,-0.2099794922,2.7698737e-05
2.447,-0.05238761876,-0.01674925074,-0.21,-0.05237934188,-0.01673250672,-0.2099794979,2.773450757e-05
2.448,-0.05236124448,-0.01683152032,-0.21,-0.05235297374,-0.01681470696,-0.2099795037,2.777034562e-05
2.449,-0.052334741,-0.01691374837,-0.21,-0.05232647643,-0.01689686572,-0.2099795095,2.780625039e-05
2.45,-0.0523081084,-0.01699593469,-0.21,-0.05229984999,-0.01697898281,-0.2099795153,2.784222108e-05
2.451,-0.05228134672,-0.01707807907,-0.21,-0.0522730945,-0.01706105803,-0.2099795212,2.787825693e-05
2.452,-0.05225445605,-0.01716018132,-0.21,-0.05224621003,-0.01714309116,-0.2099795271,2.791435717e-05
2.453,-0.05222743645,-0.01724224122,-0.21,-0.05221919664,-0.01722508202,-0.209979533,2.795052101e-05
2.454,-0.05220028797,-0.01732425858,-0.21,-0.05219205439,-0.0173070304,-0.2099795389,2.79867477e-05
2.455,-0.0521730107,-0.01740623319,-0.21,-0.05216478336,-0.0173889361,-0.2099795449,2.802303648e-05
2.456,-0.0521456047,-0.01748816486,-0.21,-0.05213738361,-0.01747079891,-0.2099795509,2.805938657e-05
2.457,-0.05211807004,-0.01757005338,-0.21,-0.05210985521,-0.01755261863,-0.2099795569,2.809579721e-05
2.458,-0.05209040677,-0.01765189854,-0.21,-0.05208219823,-0.01763439507,-0.209979563,2.813226766e-05
2.459,-0.05206261498,-0.01773370015,-0.21,-0.05205441273,-0.01771612801,-0.209979569,2.816879716e-05
2.46,-0.05203469474,-0.017815458,-0.21,-0.05202649878,-0.01779781726,-0.2099795752,2.820538493e-05
2.461,-0.0520066461,-0.0178971719,-0.21,-0.05199845645,-0.01787946261,-0.2099795813,2.824203025e-05
2.462,-0.05197846913,-0.01797884163,-0.21,-0.05197028582,-0.01796106388,-0.2099795875,2.827873236e-05
2.463,-0.05195016392,-0.01806046701,-0.21,-0.05194198695,-0.01804262084,-0.2099795937,2.831549052e-05
2.464,-0.05192173053,-0.01814204782,-0.21,-0.0519135599,-0.01812413331,-0.2099795999,2.835230397e-05
2.465,-0.05189316902,-0.01822358387,-0.21,-0.05188500476,-0.01820560107,-0.2099796061,2.838917198e-05
2.466,-0.05186447947,-0.01830507495,-0.21,-0.05185632159,-0.01828702394,-0.2099796124,2.842609379e-05
2.467,-0.05183566196,-0.01838652087,-0.21,-0.05182751046,-0.01836840171,-0.2099796187,2.846306868e-05
2.468,-0.05180671654,-0.01846792142,-0.21,-0.05179857144,-0.01844973418,-0.2099796251,2.85000959e-05
2.469,-0.05177764329,-0.0185492764,-0.21,-0.0517695046,-0.01853102114,-0.2099796315,2.853717472e-05
2.47,-0.05174844229,-0.01863058561,-0.21,-0.05174031002,-0.0186122624,-0.2099796379,2.857430442e-05
2.471,-0.05171911361,-0.01871184886,-0.21,-0.05171098776,-0.01869345776,-0.2099796443,2.861148425e-05
2.472,-0.05168965731,-0.01879306593,-0.21,-0.05168153791,-0.01877460702,-0.2099796507,2.864871351e-05
2.473,-0.05166007347,-0.01887423664,-0.21,-0.05165196053,-0.01885570998,-0.2099796572,2.868599145e-05
2.474,-0.05163036217,-0.01895536077,-0.21,-0.05162225569,-0.01893676643,-0.2099796637,2.872331736e-05
2.475,-0.05160052348,-0.01903643814,-0.21,-0.05159242347,-0.01901777617,-0.2099796703,2.876069052e-05
2.476,-0.05157055746,-0.01911746853,-0.21,-0.05156246394,-0.01909873902,-0.2099796768,2.87981102e-05
2.477,-0.0515404642,-0.01919845176,-0.21,-0.05153237717,-0.01917965476,-0.2099796834,2.88355757e-05
2.478,-0.05151024377,-0.01927938761,-0.21,-0.05150216325,-0.0192605232,-0.20997969,2.887308631e-05
2.479,-0.05147989624,-0.01936027589,-0.21,-0.05147182224,-0.01934134414,-0.2099796967,2.891064131e-05
2.48,-0.0514494217,-0.01944111641,-0.21,-0.05144135422,-0.01942211738,-0.2099797034,2.894823998e-05
2.481,-0.0514188202,-0.01952190895,-0.21,-0.05141075926,-0.01950284272,-0.2099797101,2.898588163e-05
2.482,-0.05138809184,-0.01960265333,-0.21,-0.05138003744,-0.01958351995,-0.2099797168,2.902356555e-05
2.483,-0.05135723667,-0.01968334934,-0.21,-0.05134918883,-0.01966414889,-0.2099797236,2.906129104e-05
2.484,-0.05132625479,-0.01976399678,-0.21,-0.05131821352,-0.01974472934,-0.2099797304,2.909905741e-05
2.485,-0.05129514627,-0.01984459546,-0.21,-0.05128711157,-0.01982526108,-0.2099797372,2.913686395e-05
2.486,-0.05126391119,-0.01992514517,-0.21,-0.05125588307,-0.01990574394,-0.209979744,2.917470998e-05
2.487,-0.05123254961,-0.02000564572,-0.21,-0.05122452808,-0.0199861777,-0.2099797509,2.92125948e-05
2.488,-0.05120106162,-0.0200860969,-0.21,-0.0511930467,-0.02006656217,-0.2099797578,2.925051772e-05
2.489,-0.0511694473,-0.02016649853,-0.21,-0.05116143899,-0.02014689714,-0.2099797647,2.928847806e-05
2.49,-0.05113770672,-0.0202468504,-0.21,-0.05112970503,-0.02022718244,-0.2099797716,2.932647513e-05
2.491,-0.05110583997,-0.02032715231,-0.21,-0.0510978449,-0.02030741784,-0.2099797786,2.936450824e-05
2.492,-0.05107384712,-0.02040740406,-0.21,-0.05106585869,-0.02038760316,-0.2099797856,2.940257672e-05
2.493,-0.05104172825,-0.02048760546,-0.21,-0.05103374646,-0.0204677382,-0.2099797927,2.94406799e-05
2.494,-0.05100948343,-0.02056775632,-0.21,-0.0510015083,-0.02054782276,-0.2099797997,2.947881711e-05
2.495,-0.05097711276,-0.02064785642,-0.21,-0.05096914429,-0.02062785665,-0.2099798068,2.951698766e-05
2.496,-0.05094461631,-0.02072790557,-0.21,-0.05093665451,-0.02070783966,-0.2099798139,2.95551909e-05
2.497,-0.05091199415,-0.02080790358,-0.21,-0.05090403903,-0.02078777159,-0.2099798211,2.959342614e-05
2.498,-0.05087924638,-0.02088785025,-0.21,-0.05087129794,-0.02086765226,-0.2099798282,2.963169273e-05
2.499,-0.05084637306,-0.02096774538,-0.21,-0.05083843132,-0.02094748147,-0.2099798354,2.966999e-05
2.5,-0.05081337429,-0.02104758878,-0.21,-0.05080543924,-0.02102725901,-0.2099798426,2.97083173e-05
2.501,-0.05078025014,-0.02112738024,-0.21,-0.0507723218,-0.02110698469,-0.2099798499,2.974667396e-05
2.502,-0.05074700069,-0.02120711958,-0.21,-0.05073907907,-0.02118665832,-0.2099798571,2.978505934e-05
2.503,-0.05071362603,-0.02128680658,-0.21,-0.05070571113,-0.02126627969,-0.2099798644,2.982347279e-05
2.504,-0.05068012625,-0.02136644106,-0.21,-0.05067221807,-0.02134584862,-0.2099798718,2.986191366e-05
2.505,-0.05064650141,-0.02144602283,-0.21,-0.05063859997,-0.0214253649,-0.2099798791,2.99003813e-05
2.506,-0.05061275161,-0.02152555168,-0.21,-0.05060485691,-0.02150482834,-0.2099798865,2.993887506e-05
2.507,-0.05057887692,-0.02160502741,-0.21,-0.05057098898,-0.02158423874,-0.2099798939,2.99773943e-05
2.508,-0.05054487744,-0.02168444984,-0.21,-0.05053699625,-0.02166359591,-0.2099799013,3.001593837e-05
2.509,-0.05051075324,-0.02176381876,-0.21,-0.05050287882,-0.02174289965,-0.2099799088,3.005450666e-05
2.51,-0.05047650441,-0.02184313398,-0.21,-0.05046863676,-0.02182214977,-0.2099799162,3.00930985e-05
2.511,-0.05044213104,-0.02192239531,-0.21,-0.05043427016,-0.02190134606,-0.2099799238,3.013171329e-05
2.512,-0.0504076332,-0.02200160255,-0.21,-0.0503997791,-0.02198048834,-0.2099799313,3.017035038e-05
2.513,-0.05037301099,-0.0220807555,-0.21,-0.05036516368,-0.02205957641,-0.2099799388,3.020900916e-05
2.514,-0.05033826449,-0.02215985396,-0.21,-0.05033042397,-0.02213861008,-0.2099799464,3.024768902e-05
2.515,-0.05030339379,-0.02223889775,-0.21,-0.05029556007,-0.02221758914,-0.209979954,3.028638931e-05
2.516,-0.05026839897,-0.02231788667,-0.21,-0.05026057205,-0.02229651341,-0.2099799617,3.032510942e-05
2.517,-0.05023328011,-0.02239682052,-0.21,-0.05022546,-0.02237538269,-0.2099799693,3.036384873e-05
2.518,-0.05019803731,-0.02247569911,-0.21,-0.05019022401,-0.02245419678,-0.209979977,3.040260662e-05
2.519,-0.05016267065,-0.02255452224,-0.21,-0.05015486417,-0.02253295549,-0.2099799847,3.044138249e-05
2.52,-0.05012718021,-0.02263328972,-0.21,-0.05011938056,-0.02261165863,-0.2099799924,3.048017572e-05
2.521,-0.0500915661,-0.02271200136,-0.21,-0.05008377328,-0.02269030601,-0.2099800002,3.051898572e-05
2.522,-0.05005582839,-0.02279065695,-0.21,-0.0500480424,-0.02276889742,-0.209980008,3.055781187e-05
2.523,-0.05001996717,-0.02286925632,-0.21,-0.05001218802,-0.02284743268,-0.2099800158,3.059665357e-05
2.524,-0.04998398253,-0.02294779925,-0.21,-0.04997621022,-0.02292591159,-0.2099800236,3.063551023e-05
2.525,-0.04994787456,-0.02302628556,-0.21,-0.0499401091,-0.02300433395,-0.2099800315,3.067438125e-05
2.526,-0.04991164335,-0.02310471506,-0.21,-0.04990388474,-0.02308269958,-0.2099800394,3.071326605e-05
2.527,-0.04987528899,-0.02318308755,-0.21,-0.04986753724,-0.02316100828,-0.2099800473,3.075216403e-05
2.528,-0.04983881156,-0.02326140284,-0.21,-0.04983106667,-0.02323925986,-0.2099800552,3.079107459e-05
2.529,-0.04980221116,-0.02333966073,-0.21,-0.04979447314,-0.02331745412,-0.2099800631,3.082999714e-05
2.53,-0.04976548789,-0.02341786104,-0.21,-0.04975775672,-0.02339559088,-0.2099800711,3.086893111e-05
2.531,-0.04972864181,-0.02349600356,-0.21,-0.04972091753,-0.02347366993,-0.2099800791,3.090787591e-05
2.532,-0.04969167304,-0.02357408811,-0.21,-0.04968395563,-0.02355169109,-0.2099800872,3.094683097e-05
2.533,-0.04965458166,-0.02365211449,-0.21,-0.04964687113,-0.02362965416,-0.2099800952,3.09857957e-05
2.534,-0.04961736777,-0.02373008251,-0.21,-0.04960966411,-0.02370755896,-0.2099801033,3.102476954e-05
2.535,-0.04958003144,-0.02380799198,-0.21,-0.04957233467,-0.02378540528,-0.2099801114,3.106375192e-05
2.536,-0.04954257278,-0.02388584271,-0.21,-0.0495348829,-0.02386319294,-0.2099801195,3.110274228e-05
2.537,-0.04950499188,-0.0239636345,-0.21,-0.04949730889,-0.02394092175,-0.2099801277,3.114174003e-05
2.538,-0.04946728884,-0.02404136717,-0.21,-0.04945961273,-0.02401859151,-0.2099801358,3.118074462e-05
2.539,-0.04942946373,-0.02411904051,-0.21,-0.04942179453,-0.02409620203,-0.209980144,3.121975549e-05
2.54,-0.04939151667,-0.02419665434,-0.21,-0.04938385436,-0.02417375312,-0.2099801522,3.125877206e-05
2.541,-0.04935344773,-0.02427420847,-0.21,-0.04934579232,-0.02425124459,-0.2099801605,3.12977938e-05
2.542,-0.04931525702,-0.02435170271,-0.21,-0.04930760852,-0.02432867625,-0.2099801687,3.133682014e-05
2.543,-0.04927694463,-0.02442913686,-0.21,-0.04926930303,-0.02440604791,-0.209980177,3.137585054e-05
2.544,-0.04923851066,-0.02450651073,-0.21,-0.04923087596,-0.02448335937,-0.2099801853,3.141488444e-05
2.545,-0.04919995519,-0.02458382414,-0.21,-0.04919232741,-0.02456061045,-0.2099801937,3.145392131e-05
2.546,-0.04916127833,-0.02466107688,-0.21,-0.04915365745,-0.02463780095,-0.209980202,3.14929606e-05
2.547,-0.04912248016,-0.02473826878,-0.21,-0.0491148662,-0.02471493069,-0.2099802104,3.153200176e-05
2.548,-0.0490835608,-0.02481539964,-0.21,-0.04907595375,-0.02479199948,-0.2099802188,3.157104425e-05
2.549,-0.04904452032,-0.02489246927,-0.21,-0.04903692018,-0.02486900711,-0.2099802272,3.161008755e-05
2.55,-0.04900535883,-0.02496947749,-0.21,-0.04899776561,-0.02494595341,-0.2099802357,3.164913111e-05
2.551,-0.04896607643,-0.02504642409,-0.21,-0.04895849012,-0.02502283819,-0.2099802441,3.168817441e-05
2.552,-0.0489266732,-0.02512330889,-0.21,-0.04891909382,-0.02509966125,-0.2099802526,3.172721692e-05
2.553,-0.04888714925,-0.0252001317,-0.21,-0.04887957679,-0.0251764224,-0.2099802612,3.176625812e-05
2.554,-0.04884750468,-0.02527689233,-0.21,-0.04883993914,-0.02525312146,-0.2099802697,3.180529747e-05
2.555,-0.04880773959,-0.0253535906,-0.21,-0.04880018096,-0.02532975824,-0.2099802782,3.184433444e-05
2.556,-0.04876785406,-0.02543022631,-0.21,-0.04876030236,-0.02540633255,-0.2099802868,3.188336854e-05
2.557,-0.04872784821,-0.02550679927,-0.21,-0.04872030342,-0.02548284419,-0.2099802954,3.192239923e-05
2.558,-0.04868772212,-0.02558330929,-0.21,-0.04868018426,-0.02555929299,-0.2099803041,3.196142601e-05
2.559,-0.04864747591,-0.0256597562,-0.21,-0.04863994496,-0.02563567874,-0.2099803127,3.200044836e-05
2.56,-0.04860710965,-0.02573613978,-0.21,-0.04859958563,-0.02571200127,-0.2099803214,3.203946577e-05
2.561,-0.04856662347,-0.02581245987,-0.21,-0.04855910637,-0.02578826038,-0.2099803301,3.207847774e-05
2.562,-0.04852601745,-0.02588871627,-0.21,-0.04851850727,-0.02586445589,-0.2099803388,3.211748377e-05
2.563,-0.0484852917,-0.02596490879,-0.21,-0.04847778845,-0.02594058761,-0.2099803475,3.215648335e-05
2.564,-0.04844444632,-0.02604103724,-0.21,-0.04843694998,-0.02601665535,-0.2099803563,3.219547599e-05
2.565,-0.04840348141,-0.02611710144,-0.21,-0.04839599199,-0.02609265892,-0.209980365,3.223446117e-05
2.566,-0.04836239706,-0.0261931012,-0.21,-0.04835491456,-0.02616859813,-0.2099803738,3.227343841e-05
2.567,-0.04832119339,-0.02626903633,-0.21,-0.0483137178,-0.02624447281,-0.2099803826,3.231240721e-05
2.568,-0.04827987048,-0.02634490665,-0.21,-0.04827240182,-0.02632028275,-0.2099803915,3.23513671e-05
2.569,-0.04823842845,-0.02642071196,-0.21,-0.0482309667,-0.02639602778,-0.2099804003,3.239031758e-05
2.57,-0.0481968674,-0.02649645208,-0.21,-0.04818941257,-0.02647170771,-0.2099804092,3.242925816e-05
2.571,-0.04815518743,-0.02657212682,-0.21,-0.04814773951,-0.02654732235,-0.2099804181,3.246818836e-05
2.572,-0.04811338864,-0.026647736,-0.21,-0.04810594763,-0.02662287151,-0.209980427,3.25071077e-05
2.573,-0.04807147113,-0.02672327942,-0.21,-0.04806403703,-0.02669835501,-0.209980436,3.25460157e-05
2.574,-0.04802943501,-0.02679875691,-0.21,-0.04802200782,-0.02677377266,-0.2099804449,3.25849119e-05
2.575,-0.04798728039,-0.02687416828,-0.21,-0.0479798601,-0.02684912427,-0.2099804539,3.262379582e-05
2.576,-0.04794500736,-0.02694951334,-0.21,-0.04793759398,-0.02692440967,-0.2099804629,3.266266698e-05
2.577,-0.04790261603,-0.0270247919,-0.21,-0.04789520955,-0.02699962866,-0.2099804719,3.270152491e-05
2.578,-0.04786010651,-0.02710000379,-0.21,-0.04785270693,-0.02707478105,-0.209980481,3.274036914e-05
2.579,-0.04781747889,-0.0271751488,-0.21,-0.04781008622,-0.02714986667,-0.2099804901,3.277919923e-05
2.58,-0.04777473329,-0.02725022676,-0.21,-0.04776734751,-0.02722488533,-0.2099804991,3.28180147e-05
2.581,-0.04773186982,-0.02732523749,-0.21,-0.04772449093,-0.02729983683,-0.2099805082,3.28568151e-05
2.582,-0.04768888856,-0.02740018079,-0.21,-0.04768151657,-0.02737472101,-0.2099805174,3.289559996e-05
2.583,-0.04764578964,-0.02747505649,-0.21,-0.04763842453,-0.02744953767,-0.2099805265,3.293436883e-05
2.584,-0.04760257316,-0.02754986439,-0.21,-0.04759521494,-0.02752428662,-0.2099805357,3.297312127e-05
2.585,-0.04755923923,-0.02762460432,-0.21,-0.04755188789,-0.02759896769,-0.2099805448,3.301185682e-05
2.586,-0.04751578795,-0.02769927609,-0.21,-0.04750844348,-0.02767358069,-0.209980554,3.305057503e-05
2.587,-0.04747221942,-0.02777387951,-0.21,-0.04746488183,-0.02774812544,-0.2099805632,3.308927547e-05
2.588,-0.04742853377,-0.0278484144,-0.21,-0.04742120305,-0.02782260174,-0.2099805725,3.312795769e-05
2.589,-0.04738473108,-0.02792288058,-0.21,-0.04737740724,-0.02789700943,-0.2099805817,3.316662124e-05
2.59,-0.04734081149,-0.02799727787,-0.21,-0.0473334945,-0.0279713483,-0.209980591,3.320526568e-05
2.591,-0.04729677508,-0.02807160607,-0.21,-0.04728946496,-0.02804561819,-0.2099806003,3.324389059e-05
2.592,-0.04725262197,-0.02814586501,-0.21,-0.04724531871,-0.02811981891,-0.2099806096,3.328249552e-05
2.593,-0.04720835227,-0.0282200545,-0.21,-0.04720105586,-0.02819395027,-0.2099806189,3.332108005e-05
2.594,-0.04716396609,-0.02829417436,-0.21,-0.04715667653,-0.02826801209,-0.2099806283,3.335964375e-05
2.595,-0.04711946354,-0.02836822441,-0.21,-0.04711218082,-0.02834200419,-0.2099806376,3.33981862e-05
2.596,-0.04707484472,-0.02844220446,-0.21,-0.04706756885,-0.02841592638,-0.209980647,3.343670696e-05
2.597,-0.04703010975,-0.02851611433,-0.21,-0.04702284072,-0.02848977849,-0.2099806564,3.347520561e-05
2.598,-0.04698525874,-0.02858995384,-0.21,-0.04697799654,-0.02856356033,-0.2099806658,3.351368173e-05
2.599,-0.0469402918,-0.02866372281,-0.21,-0.04693303643,-0.02863727172,-0.2099806753,3.355213493e-05
2.6,-0.04689520904,-0.02873742106,-0.21,-0.04688796049,-0.02871091248,-0.2099806847,3.359056475e-05
2.601,-0.04685001057,-0.0288110484,-0.21,-0.04684276884,-0.02878448243,-0.2099806942,3.36289708e-05
2.602,-0.0468046965,-0.02888460465,-0.21,-0.04679746158,-0.02885798137,-0.2099807037,3.366735267e-05
2.603,-0.04675926694,-0.02895808963,-0.21,-0.04675203883,-0.02893140915,-0.2099807132,3.370570995e-05
2.604,-0.04671372201,-0.02903150316,-0.21,-0.04670650071,-0.02900476556,-0.2099807227,3.374404223e-05
2.605,-0.04666806182,-0.02910484505,-0.21,-0.04666084731,-0.02907805043,-0.2099807322,3.378234911e-05
2.606,-0.04662228648,-0.02917811514,-0.21,-0.04661507877,-0.02915126359,-0.2099807418,3.382063019e-05
2.607,-0.04657639611,-0.02925131323,-0.21,-0.04656919518,-0.02922440484,-0.2099807514,3.385888506e-05
2.608,-0.04653039081,-0.02932443914,-0.21,-0.04652319666,-0.02929747402,-0.209980761,3.389711332e-05
2.609,-0.0464842707,-0.0293974927,-0.21,-0.04647708333,-0.02937047093,-0.2099807706,3.393531459e-05
2.61,-0.0464380359,-0.02947047372,-0.21,-0.0464308553,-0.0294433954,-0.2099807802,3.397348845e-05
2.611,-0.04639168652,-0.02954338203,-0.21,-0.04638451268,-0.02951624725,-0.2099807898,3.401163454e-05
2.612,-0.04634522267,-0.02961621745,-0.21,-0.04633805559,-0.02958902629,-0.2099807995,3.404975246e-05
2.613,-0.04629864447,-0.02968897978,-0.21,-0.04629148414,-0.02966173236,-0.2099808092,3.408784182e-05
2.614,-0.04625195203,-0.02976166887,-0.21,-0.04624479844,-0.02973436527,-0.2099808188,3.412590223e-05
2.615,-0.04620514546,-0.02983428452,-0.21,-0.04619799862,-0.02980692484,-0.2099808285,3.416393332e-05
2.616,-0.0461582249,-0.02990682655,-0.21,-0.04615108478,-0.02987941089,-0.2099808383,3.420193471e-05
2.617,-0.04611119044,-0.0299792948,-0.21,-0.04610405705,-0.02995182324,-0.209980848,3.423990601e-05
2.618,-0.0460640422,-0.03005168907,-0.21,-0.04605691554,-0.03002416172,-0.2099808577,3.427784684e-05
2.619,-0.04601678031,-0.03012400919,-0.21,-0.04600966036,-0.03009642614,-0.2099808675,3.431575684e-05
2.62,-0.04596940488,-0.03019625499,-0.21,-0.04596229163,-0.03016861633,-0.2099808773,3.435363563e-05
2.621,-0.04592191602,-0.03026842628,-0.21,-0.04591480947,-0.03024073211,-0.2099808871,3.439148285e-05
2.622,-0.04587431385,-0.03034052288,-0.21,-0.04586721399,-0.0303127733,-0.2099808969,3.442929812e-05
2.623,-0.04582659849,-0.03041254463,-0.21,-0.04581950532,-0.03038473972,-0.2099809067,3.446708109e-05
2.624,-0.04577877006,-0.03048449133,-0.21,-0.04577168357,-0.03045663121,-0.2099809165,3.450483138e-05
2.625,-0.04573082868,-0.03055636282,-0.21,-0.04572374885,-0.03052844756,-0.2099809264,3.454254864e-05
2.626,-0.04568277446,-0.03062815891,-0.21,-0.04567570129,-0.03060018862,-0.2099809363,3.458023251e-05
2.627,-0.04563460752,-0.03069987943,-0.21,-0.04562754101,-0.03067185421,-0.2099809461,3.461788262e-05
2.628,-0.04558632798,-0.0307715242,-0.21,-0.04557926812,-0.03074344414,-0.209980956,3.465549864e-05
2.629,-0.04553793596,-0.03084309304,-0.21,-0.04553088274,-0.03081495824,-0.2099809659,3.469308019e-05
2.63,-0.04548943159,-0.03091458578,-0.21,-0.045482385,-0.03088639634,-0.2099809759,3.473062694e-05
2.631,-0.04544081497,-0.03098600225,-0.21,-0.045433775,-0.03095775826,-0.2099809858,3.476813852e-05
2.632,-0.04539208623,-0.03105734225,-0.21,-0.04538505288,-0.03102904382,-0.2099809958,3.480561458e-05
2.633,-0.04534324549,-0.03112860563,-0.21,-0.04533621875,-0.03110025284,-0.2099810057,3.48430548e-05
2.634,-0.04529429287,-0.0311997922,-0.21,-0.04528727273,-0.03117138516,-0.2099810157,3.488045883e-05
2.635,-0.04524522849,-0.03127090179,-0.21,-0.04523821494,-0.03124244059,-0.2099810257,3.491782634e-05
2.636,-0.04519605247,-0.03134193422,-0.21,-0.0451890455,-0.03131341895,-0.2099810357,3.495515699e-05
2.637,-0.04514676494,-0.03141288932,-0.21,-0.04513976454,-0.03138432009,-0.2099810457,3.499245042e-05
2.638,-0.04509736601,-0.03148376691,-0.21,-0.04509037218,-0.03145514381,-0.2099810557,3.50297063e-05
2.639,-0.04504785581,-0.03155456681,-0.21,-0.04504086853,-0.03152588995,-0.2099810658,3.506692431e-05
2.64,-0.04499823446,-0.03162528886,-0.21,-0.04499125373,-0.03159655833,-0.2099810758,3.510410411e-05
2.641,-0.04494850208,-0.03169593288,-0.21,-0.04494152788,-0.03166714877,-0.2099810859,3.514124538e-05
2.642,-0.04489865879,-0.03176649869,-0.21,-0.04489169113,-0.03173766111,-0.209981096,3.517834778e-05
2.643,-0.04484870472,-0.03183698612,-0.21,-0.04484174358,-0.03180809516,-0.2099811061,3.521541101e-05
2.644,-0.04479863999,-0.03190739499,-0.21,-0.04479168536,-0.03187845076,-0.2099811162,3.525243474e-05
2.645,-0.04474846472,-0.03197772514,-0.21,-0.04474151659,-0.03194872773,-0.2099811263,3.528941863e-05
2.646,-0.04469817904,-0.03204797638,-0.21,-0.0446912374,-0.03201892589,-0.2099811364,3.532636238e-05
2.647,-0.04464778308,-0.03211814855,-0.21,-0.04464084792,-0.03208904508,-0.2099811466,3.536326567e-05
2.648,-0.04459727695,-0.03218824147,-0.21,-0.04459034826,-0.03215908512,-0.2099811567,3.540012817e-05
2.649,-0.04454666078,-0.03225825497,-0.21,-0.04453973855,-0.03222904583,-0.2099811669,3.543694958e-05
2.65,-0.04449593469,-0.03232818888,-0.21,-0.04448901892,-0.03229892705,-0.2099811771,3.547372959e-05
2.651,-0.04444509882,-0.03239804301,-0.21,-0.04443818949,-0.03236872861,-0.2099811872,3.55104679e-05
2.652,-0.04439415328,-0.03246781721,-0.21,-0.04438725039,-0.03243845032,-0.2099811974,3.55471642e-05
2.653,-0.0443430982,-0.0325375113,-0.21,-0.04433620173,-0.03250809202,-0.2099812076,3.558381817e-05
2.654,-0.04429193371,-0.03260712511,-0.21,-0.04428504366,-0.03257765354,-0.2099812179,3.562042951e-05
2.655,-0.04424065994,-0.03267665846,-0.21,-0.04423377629,-0.0326471347,-0.2099812281,3.565699793e-05
2.656,-0.04418927701,-0.03274611118,-0.21,-0.04418239975,-0.03271653534,-0.2099812383,3.569352314e-05
2.657,-0.04413778504,-0.03281548311,-0.21,-0.04413091416,-0.03278585528,-0.2099812486,3.573000482e-05
2.658,-0.04408618417,-0.03288477407,-0.21,-0.04407931966,-0.03285509435,-0.2099812588,3.576644267e-05
2.659,-0.04403447452,-0.03295398389,-0.21,-0.04402761637,-0.03292425238,-0.2099812691,3.580283642e-05
2.66,-0.04398265622,-0.03302311239,-0.21,-0.04397580442,-0.0329933292,-0.2099812794,3.583918577e-05
2.661,-0.04393072939,-0.03309215942,-0.21,-0.04392388394,-0.03306232464,-0.2099812897,3.587549044e-05
2.662,-0.04387869417,-0.03316112479,-0.21,-0.04387185505,-0.03313123853,-0.2099813,3.591175012e-05
2.663,-0.04382655069,-0.03323000835,-0.21,-0.04381971788,-0.03320007069,-0.2099813103,3.594796453e-05
2.664,-0.04377429907,-0.03329880991,-0.21,-0.04376747256,-0.03326882097,-0.2099813206,3.59841334e-05
2.665,-0.04372193944,-0.03336752931,-0.21,-0.04371511923,-0.03333748918,-0.2099813309,3.602025643e-05
2.666,-0.04366947193,-0.03343616637,-0.21,-0.043662658,-0.03340607517,-0.2099813413,3.605633337e-05
2.667,-0.04361689666,-0.03350472094,-0.21,-0.04361008901,-0.03347457875,-0.2099813516,3.609236391e-05
2.668,-0.04356421378,-0.03357319284,-0.21,-0.0435574124,-0.03354299977,-0.2099813619,3.612834779e-05
2.669,-0.04351142341,-0.0336415819,-0.21,-0.04350462827,-0.03361133804,-0.2099813723,3.616428472e-05
2.67,-0.04345852568,-0.03370988795,-0.21,-0.04345173678,-0.03367959342,-0.2099813827,3.620017443e-05
2.671,-0.04340552072,-0.03377811083,-0.21,-0.04339873805,-0.03374776571,-0.2099813931,3.623601667e-05
2.672,-0.04335240866,-0.03384625036,-0.21,-0.0433456322,-0.03381585477,-0.2099814034,3.627181114e-05
2.673,-0.04329918963,-0.03391430638,-0.21,-0.04329241938,-0.03388386041,-0.2099814138,3.630755761e-05
2.674,-0.04324586377,-0.03398227872,-0.21,-0.04323909971,-0.03395178248,-0.2099814242,3.634325578e-05
2.675,-0.0431924312,-0.03405016721,-0.21,-0.04318567332,-0.0340196208,-0.2099814346,3.637890541e-05
2.676,-0.04313889206,-0.03411797169,-0.21,-0.04313214034,-0.0340873752,-0.2099814451,3.641450623e-05
2.677,-0.04308524647,-0.03418569198,-0.21,-0.04307850092,-0.03415504552,-0.2099814555,3.645005796e-05
2.678,-0.04303149458,-0.03425332793,-0.21,-0.04302475517,-0.0342226316,-0.2099814659,3.648556036e-05
2.679,-0.04297763651,-0.03432087935,-0.21,-0.04297090323,-0.03429013326,-0.2099814764,3.652101317e-05
2.68,-0.0429236724,-0.0343883461,-0.21,-0.04291694524,-0.03435755034,-0.2099814868,3.655641613e-05
2.681,-0.04286960238,-0.03445572799,-0.21,-0.04286288133,-0.03442488267,-0.2099814973,3.659176901e-05
2.682,-0.04281542659,-0.03452302487,-0.21,-0.04280871163,-0.03449213009,-0.2099815077,3.662707154e-05
2.683,-0.04276114515,-0.03459023657,-0.21,-0.04275443627,-0.03455929243,-0.2099815182,3.666232348e-05
2.684,-0.0427067582,-0.03465736292,-0.21,-0.04270005539,-0.03462636952,-0.2099815287,3.669752458e-05
2.685,-0.04265226587,-0.03472440375,-0.21,-0.04264556913,-0.03469336121,-0.2099815391,3.673267458e-05
2.686,-0.04259766831,-0.03479135891,-0.21,-0.04259097761,-0.03476026731,-0.2099815496,3.676777325e-05
2.687,-0.04254296564,-0.03485822822,-0.21,-0.04253628097,-0.03482708768,-0.2099815601,3.680282033e-05
2.688,-0.042488158,-0.03492501152,-0.21,-0.04248147935,-0.03489382213,-0.2099815706,3.683781558e-05
2.689,-0.04243324553,-0.03499170865,-0.21,-0.04242657288,-0.03496047052,-0.2099815811,3.687275878e-05
2.69,-0.04237822835,-0.03505831944,-0.21,-0.0423715617,-0.03502703267,-0.2099815916,3.690764968e-05
2.691,-0.04232310661,-0.03512484372,-0.21,-0.04231644594,-0.03509350842,-0.2099816021,3.694248805e-05
2.692,-0.04226788045,-0.03519128134,-0.21,-0.04226122574,-0.03515989761,-0.2099816126,3.697727366e-05
2.693,-0.04221254999,-0.03525763213,-0.21,-0.04220590124,-0.03522620006,-0.2099816232,3.701200628e-05
2.694,-0.04215711537,-0.03532389592,-0.21,-0.04215047256,-0.03529241563,-0.2099816337,3.704668567e-05
2.695,-0.04210157674,-0.03539007256,-0.21,-0.04209493986,-0.03535854414,-0.2099816442,3.70813116e-05
2.696,-0.04204593423,-0.03545616187,-0.21,-0.04203930326,-0.03542458544,-0.2099816548,3.711588383e-05
2.697,-0.04199018797,-0.0355221637,-0.21,-0.0419835629,-0.03549053935,-0.2099816653,3.715040215e-05
2.698,-0.04193433811,-0.03558807789,-0.21,-0.04192771892,-0.03555640572,-0.2099816759,3.718486634e-05
2.699,-0.04187838477,-0.03565390426,-0.21,-0.04187177146,-0.03562218438,-0.2099816864,3.721927617e-05
2.7,-0.04182232811,-0.03571964266,-0.21,-0.04181572066,-0.03568787517,-0.209981697,3.725363141e-05
2.701,-0.04176616825,-0.03578529292,-0.21,-0.04175956665,-0.03575347793,-0.2099817075,3.728793186e-05
2.702,-0.04170990534,-0.03585085489,-0.21,-0.04170330957,-0.0358189925,-0.2099817181,3.73221773e-05
2.703,-0.04165353952,-0.0359163284,-0.21,-0.04164694956,-0.03588441872,-0.2099817286,3.73563675e-05
2.704,-0.04159707091,-0.03598171329,-0.21,-0.04159048677,-0.03594975642,-0.2099817392,3.739050226e-05
2.705,-0.04154049968,-0.0360470094,-0.21,-0.04153392132,-0.03601500544,-0.2099817498,3.742458135e-05
2.706,-0.04148382594,-0.03611221657,-0.21,-0.04147725336,-0.03608016562,-0.2099817603,3.745860458e-05
2.707,-0.04142704985,-0.03617733463,-0.21,-0.04142048303,-0.0361452368,-0.2099817709,3.749257174e-05
2.708,-0.04137017154,-0.03624236343,-0.21,-0.04136361047,-0.03621021882,-0.2099817815,3.752648261e-05
2.709,-0.04131319115,-0.0363073028,-0.21,-0.04130663582,-0.03627511153,-0.2099817921,3.756033699e-05
2.71,-0.04125610883,-0.03637215259,-0.21,-0.04124955922,-0.03633991475,-0.2099818027,3.759413466e-05
2.711,-0.04119892471,-0.03643691264,-0.21,-0.04119238081,-0.03640462833,-0.2099818133,3.762787542e-05
2.712,-0.04114163894,-0.03650158278,-0.21,-0.04113510073,-0.03646925211,-0.2099818238,3.766155908e-05
2.713,-0.04108425165,-0.03656616286,-0.21,-0.04107771912,-0.03653378594,-0.2099818344,3.769518545e-05
2.714,-0.041026763,-0.03663065271,-0.21,-0.04102023612,-0.03659822964,-0.209981845,3.772875431e-05
2.715,-0.04096917311,-0.03669505218,-0.21,-0.04096265189,-0.03666258306,-0.2099818556,3.776226548e-05
2.716,-0.04091148214,-0.03675936111,-0.21,-0.04090496655,-0.03672684605,-0.2099818662,3.779571877e-05
2.717,-0.04085369022,-0.03682357934,-0.21,-0.04084718025,-0.03679101845,-0.2099818768,3.782911397e-05
2.718,-0.0407957975,-0.03688770671,-0.21,-0.04078929314,-0.03685510008,-0.2099818874,3.786245089e-05
2.719,-0.04073780412,-0.03695174306,-0.21,-0.04073130535,-0.03691909081,-0.209981898,3.789572934e-05
2.72,-0.04067971022,-0.03701568824,-0.21,-0.04067321702,-0.03698299047,-0.2099819086,3.792894912e-05
2.721,-0.04062151595,-0.03707954209,-0.21,-0.04061502832,-0.0370467989,-0.2099819192,3.796211007e-05
2.722,-0.04056322145,-0.03714330445,-0.21,-0.04055673936,-0.03711051594,-0.2099819298,3.799521198e-05
2.723,-0.04050482687,-0.03720697516,-0.21,-0.04049835031,-0.03717414144,-0.2099819404,3.802825467e-05
2.724,-0.04044633234,-0.03727055406,-0.21,-0.0404398613,-0.03723767525,-0.209981951,3.806123796e-05
2.725,-0.04038773802,-0.037334041,-0.21,-0.04038127248,-0.03730111719,-0.2099819616,3.809416168e-05
2.726,-0.04032904404,-0.03739743583,-0.21,-0.04032258399,-0.03736446712,-0.2099819722,3.812702564e-05
2.727,-0.04027025056,-0.03746073838,-0.21,-0.04026379597,-0.03742772489,-0.2099819828,3.815982967e-05
2.728,-0.04021135771,-0.0375239485,-0.21,-0.04020490858,-0.03749089033,-0.2099819934,3.819257357e-05
2.729,-0.04015236565,-0.03758706603,-0.21,-0.04014592196,-0.03755396328,-0.209982004,3.822525718e-05
2.73,-0.04009327451,-0.03765009083,-0.21,-0.04008683625,-0.0376169436,-0.2099820146,3.825788033e-05
2.731,-0.04003408445,-0.03771302272,-0.21,-0.0400276516,-0.03767983113,-0.2099820252,3.829044284e-05
2.732,-0.0399747956,-0.03777586156,-0.21,-0.03996836815,-0.03774262571,-0.2099820358,3.832294455e-05
2.733,-0.03991540812,-0.03783860719,-0.21,-0.03990898605,-0.03780532718,-0.2099820463,3.835538528e-05
2.734,-0.03985592216,-0.03790125946,-0.21,-0.03984950545,-0.0378679354,-0.2099820569,3.838776486e-05
2.735,-0.03979633786,-0.03796381821,-0.21,-0.0397899265,-0.03793045021,-0.2099820675,3.842008312e-05
2.736,-0.03973665536,-0.03802628329,-0.21,-0.03973024934,-0.03799287145,-0.2099820781,3.84523399e-05
2.737,-0.03967687481,-0.03808865455,-0.21,-0.03967047411,-0.03805519897,-0.2099820887,3.848453503e-05
2.738,-0.03961699637,-0.03815093182,-0.21,-0.03961060097,-0.03811743262,-0.2099820993,3.851666837e-05
2.739,-0.03955702017,-0.03821311496,-0.21,-0.03955063006,-0.03817957223,-0.2099821099,3.854873974e-05
2.74,-0.03949694638,-0.03827520381,-0.21,-0.03949056154,-0.03824161767,-0.2099821204,3.858074899e-05
2.741,-0.03943677512,-0.03833719823,-0.21,-0.03943039555,-0.03830356877,-0.209982131,3.861269597e-05
2.742,-0.03937650657,-0.03839909804,-0.21,-0.03937013223,-0.03836542538,-0.2099821416,3.86445805e-05
2.743,-0.03931614085,-0.03846090312,-0.21,-0.03930977174,-0.03842718736,-0.2099821521,3.867640243e-05
2.744,-0.03925567813,-0.03852261329,-0.21,-0.03924931422,-0.03848885454,-0.2099821627,3.87081616e-05
2.745,-0.03919511854,-0.03858422842,-0.21,-0.03918875983,-0.03855042678,-0.2099821733,3.873985787e-05
2.746,-0.03913446225,-0.03864574834,-0.21,-0.03912810872,-0.03861190391,-0.2099821838,3.877149108e-05
2.747,-0.03907370939,-0.03870717291,-0.21,-0.03906736103,-0.03867328581,-0.2099821944,3.88030611e-05
2.748,-0.03901286013,-0.03876850197,-0.21,-0.03900651691,-0.0387345723,-0.2099822049,3.883456776e-05
2.749,-0.0389519146,-0.03882973537,-0.21,-0.03894557652,-0.03879576324,-0.2099822155,3.886601092e-05
2.75,-0.03889087297,-0.03889087297,-0.21,-0.03888454,-0.03885685847,-0.209982226,3.889739044e-05
2.751,-0.03882973537,-0.0389519146,-0.21,-0.0388234075,-0.03891785786,-0.2099822365,3.892870617e-05
2.752,-0.03876850197,-0.03901286013,-0.21,-0.03876217918,-0.03897876123,-0.2099822471,3.895995796e-05
2.753,-0.03870717291,-0.03907370939,-0.21,-0.03870085519,-0.03903956846,-0.2099822576,3.899114569e-05
2.754,-0.03864574834,-0.03913446225,-0.21,-0.03863943567,-0.03910027938,-0.2099822681,3.902226919e-05
2.755,-0.03858422842,-0.03919511854,-0.21,-0.03857792079,-0.03916089385,-0.2099822786,3.905332834e-05
2.756,-0.03852261329,-0.03925567813,-0.21,-0.03851631069,-0.03922141171,-0.2099822892,3.9084323e-05
2.757,-0.03846090312,-0.03931614085,-0.21,-0.03845460552,-0.03928183282,-0.2099822997,3.911525303e-05
2.758,-0.03839909804,-0.03937650657,-0.21,-0.03839280543,-0.03934215703,-0.2099823102,3.914611829e-05
2.759,-0.03833719823,-0.03943677512,-0.21,-0.03833091058,-0.03940238418,-0.2099823206,3.917691866e-05
2.76,-0.03827520381,-0.03949694638,-0.21,-0.03826892113,-0.03946251414,-0.2099823311,3.920765399e-05
2.761,-0.03821311496,-0.03955702017,-0.21,-0.03820683721,-0.03952254674,-0.2099823416,3.923832417e-05
2.762,-0.03815093182,-0.03961699637,-0.21,-0.038144659,-0.03958248185,-0.2099823521,3.926892905e-05
2.763,-0.03808865455,-0.03967687481,-0.21,-0.03808238663,-0.03964231932,-0.2099823626,3.929946851e-05
2.764,-0.03802628329,-0.03973665536,-0.21,-0.03802002027,-0.03970205899,-0.209982373,3.932994243e-05
2.765,-0.03796381821,-0.03979633786,-0.21,-0.03795756007,-0.03976170072,-0.2099823835,3.936035067e-05
2.766,-0.03790125946,-0.03985592216,-0.21,-0.03789500617,-0.03982124437,-0.2099823939,3.939069312e-05
2.767,-0.03783860719,-0.03991540812,-0.21,-0.03783235875,-0.03988068978,-0.2099824044,3.942096965e-05
2.768,-0.03777586156,-0.0399747956,-0.21,-0.03776961794,-0.03994003681,-0.2099824148,3.945118013e-05
2.769,-0.03771302272,-0.04003408445,-0.21,-0.03770678391,-0.03999928532,-0.2099824252,3.948132444e-05
2.77,-0.03765009083,-0.04009327451,-0.21,-0.03764385682,-0.04005843515,-0.2099824356,3.951140247e-05
2.771,-0.03758706603,-0.04015236565,-0.21,-0.0375808368,-0.04011748616,-0.209982446,3.954141408e-05
2.772,-0.0375239485,-0.04021135771,-0.21,-0.03751772403,-0.0401764382,-0.2099824564,3.957135917e-05
2.773,-0.03746073838,-0.04027025056,-0.21,-0.03745451866,-0.04023529114,-0.2099824668,3.960123762e-05
2.774,-0.03739743583,-0.04032904404,-0.21,-0.03739122084,-0.04029404481,-0.2099824772,3.963104932e-05
2.775,-0.037334041,-0.04038773802,-0.21,-0.03732783072,-0.04035269909,-0.2099824876,3.966079417e-05
2.776,-0.03727055406,-0.04044633234,-0.21,-0.03726434848,-0.04041125382,-0.209982498,3.969047204e-05
2.777,-0.03720697516,-0.04050482687,-0.21,-0.03720077425,-0.04046970886,-0.2099825083,3.972008281e-05
2.778,-0.03714330445,-0.04056322145,-0.21,-0.03713710821,-0.04052806406,-0.2099825187,3.974962638e-05
2.779,-0.03707954209,-0.04062151595,-0.21,-0.0370733505,-0.04058631929,-0.209982529,3.977910264e-05
2.78,-0.03701568824,-0.04067971022,-0.21,-0.03700950128,-0.04064447439,-0.2099825393,3.980851148e-05
2.781,-0.03695174306,-0.04073780412,-0.21,-0.03694556072,-0.04070252922,-0.2099825496,3.983785279e-05
2.782,-0.03688770671,-0.0407957975,-0.21,-0.03688152897,-0.04076048365,-0.20998256,3.986712647e-05
2.783,-0.03682357934,-0.04085369022,-0.21,-0.03681740618,-0.04081833752,-0.2099825703,3.989633243e-05
2.784,-0.03675936111,-0.04091148214,-0.21,-0.03675319251,-0.0408760907,-0.2099825805,3.992547055e-05
2.785,-0.03669505218,-0.04096917311,-0.21,-0.03668888813,-0.04093374304,-0.2099825908,3.995454073e-05
2.786,-0.03663065271,-0.041026763,-0.21,-0.0366244932,-0.04099129439,-0.2099826011,3.998354286e-05
2.787,-0.03656616286,-0.04108425165,-0.21,-0.03656000786,-0.04104874463,-0.2099826113,4.001247686e-05
2.788,-0.03650158278,-0.04114163894,-0.21,-0.03649543229,-0.0411060936,-0.2099826216,4.004134263e-05
2.789,-0.03643691264,-0.04119892471,-0.21,-0.03643076663,-0.04116334116,-0.2099826318,4.007014005e-05
2.79,-0.03637215259,-0.04125610883,-0.21,-0.03636601105,-0.04122048718,-0.209982642,4.009886904e-05
2.791,-0.0363073028,-0.04131319115,-0.21,-0.03630116572,-0.04127753151,-0.2099826523,4.012752951e-05
2.792,-0.03624236343,-0.04137017154,-0.21,-0.03623623078,-0.041334474,-0.2099826625,4.015612135e-05
2.793,-0.03617733463,-0.04142704985,-0.21,-0.0361712064,-0.04139131453,-0.2099826726,4.018464448e-05
2.794,-0.03611221657,-0.04148382594,-0.21,-0.03610609274,-0.04144805295,-0.2099826828,4.02130988e-05
2.795,-0.0360470094,-0.04154049968,-0.21,-0.03604088996,-0.04150468911,-0.209982693,4.024148423e-05
2.796,-0.03598171329,-0.04159707091,-0.21,-0.03597559822,-0.04156122289,-0.2099827031,4.026980067e-05
2.797,-0.0359163284,-0.04165353952,-0.21,-0.03591021768,-0.04161765414,-0.2099827133,4.029804804e-05
2.798,-0.03585085489,-0.04170990534,-0.21,-0.03584474851,-0.04167398271,-0.2099827234,4.032622625e-05
2.799,-0.03578529292,-0.04176616825,-0.21,-0.03577919086,-0.04173020848,-0.2099827335,4.035433521e-05
2.8,-0.03571964266,-0.04182232811,-0.21,-0.0357135449,-0.0417863313,-0.2099827436,4.038237484e-05
2.801,-0.03565390426,-0.04187838477,-0.21,-0.03564781079,-0.04184235104,-0.2099827537,4.041034505e-05
2.802,-0.03558807789,-0.04193433811,-0.21,-0.03558198869,-0.04189826755,-0.2099827637,4.043824576e-05
2.803,-0.0355221637,-0.04199018797,-0.21,-0.03551607877,-0.0419540807,-0.2099827738,4.046607689e-05
2.804,-0.03545616187,-0.04204593423,-0.21,-0.03545008118,-0.04200979035,-0.2099827838,4.049383836e-05
2.805,-0.03539007256,-0.04210157674,-0.21,-0.03538399609,-0.04206539636,-0.2099827939,4.052153007e-05
2.806,-0.03532389592,-0.04215711537,-0.21,-0.03531782366,-0.04212089859,-0.2099828039,4.054915196e-05
2.807,-0.03525763213,-0.04221254999,-0.21,-0.03525156406,-0.04217629692,-0.2099828139,4.057670395e-05
2.808,-0.03519128134,-0.04226788045,-0.21,-0.03518521744,-0.04223159119,-0.2099828239,4.060418597e-05
2.809,-0.03512484372,-0.04232310661,-0.21,-0.03511878398,-0.04228678128,-0.2099828338,4.063159794e-05
2.81,-0.03505831944,-0.04237822835,-0.21,-0.03505226384,-0.04234186705,-0.2099828438,4.065893978e-05
2.811,-0.03499170865,-0.04243324553,-0.21,-0.03498565717,-0.04239684837,-0.2099828537,4.068621142e-05
2.812,-0.03492501152,-0.042488158,-0.21,-0.03491896416,-0.04245172508,-0.2099828637,4.071341278e-05
2.813,-0.03485822822,-0.04254296564,-0.21,-0.03485218495,-0.04250649707,-0.2099828736,4.074054379e-05
2.814,-0.03479135891,-0.04259766831,-0.21,-0.03478531971,-0.0425611642,-0.2099828835,4.076760439e-05
2.815,-0.03472440375,-0.04265226587,-0.21,-0.03471836862,-0.04261572633,-0.2099828933,4.07945945e-05
2.816,-0.03465736292,-0.0427067582,-0.21,-0.03465133183,-0.04267018332,-0.2099829032,4.082151407e-05
2.817,-0.03459023657,-0.04276114515,-0.21,-0.03458420951,-0.04272453504,-0.2099829131,4.084836301e-05
2.818,-0.03452302487,-0.04281542659,-0.21,-0.03451700183,-0.04277878136,-0.2099829229,4.087514125e-05
2.819,-0.03445572799,-0.04286960238,-0.21,-0.03444970895,-0.04283292215,-0.2099829327,4.090184874e-05
2.82,-0.0343883461,-0.0429236724,-0.21,-0.03438233104,-0.04288695727,-0.2099829425,4.09284854e-05
2.821,-0.03432087935,-0.04297763651,-0.21,-0.03431486826,-0.04294088658,-0.2099829523,4.095505117e-05
2.822,-0.03425332793,-0.04303149458,-0.21,-0.03424732078,-0.04299470995,-0.209982962,4.098154601e-05
2.823,-0.03418569198,-0.04308524647,-0.21,-0.03417968877,-0.04304842726,-0.2099829718,4.100796984e-05
2.824,-0.03411797169,-0.04313889206,-0.21,-0.03411197239,-0.04310203836,-0.2099829815,4.103432258e-05
2.825,-0.03405016721,-0.0431924312,-0.21,-0.03404417182,-0.04315554313,-0.2099829912,4.10606042e-05
2.826,-0.03398227872,-0.04324586377,-0.21,-0.03397628721,-0.04320894144,-0.2099830009,4.108681463e-05
2.827,-0.03391430638,-0.04329918963,-0.21,-0.03390831874,-0.04326223314,-0.2099830106,4.111295382e-05
2.828,-0.03384625036,-0.04335240866,-0.21,-0.03384026658,-0.04331541811,-0.2099830202,4.113902171e-05
2.829,-0.03377811083,-0.04340552072,-0.21,-0.03377213088,-0.04336849623,-0.2099830299,4.116501823e-05
2.83,-0.03370988795,-0.04345852568,-0.21,-0.03370391183,-0.04342146735,-0.2099830395,4.119094332e-05
2.831,-0.0336415819,-0.04351142341,-0.21,-0.03363560958,-0.04347433134,-0.2099830491,4.121679695e-05
2.832,-0.03357319284,-0.04356421378,-0.21,-0.03356722431,-0.04352708808,-0.2099830586,4.124257904e-05
2.833,-0.03350472094,-0.04361689666,-0.21,-0.03349875619,-0.04357973744,-0.2099830682,4.126828955e-05
2.834,-0.03343616637,-0.04366947193,-0.21,-0.03343020538,-0.04363227929,-0.2099830777,4.129392843e-05
2.835,-0.03336752931,-0.04372193944,-0.21,-0.03336157206,-0.04368471349,-0.2099830873,4.131949563e-05
2.836,-0.03329880991,-0.04377429907,-0.21,-0.03329285639,-0.04373703991,-0.2099830968,4.13449911e-05
2.837,-0.03323000835,-0.04382655069,-0.21,-0.03322405854,-0.04378925844,-0.2099831062,4.13704148e-05
2.838,-0.03316112479,-0.04387869417,-0.21,-0.03315517869,-0.04384136893,-0.2099831157,4.139576666e-05
2.839,-0.03309215942,-0.04393072939,-0.21,-0.033086217,-0.04389337126,-0.2099831251,4.142104665e-05
2.84,-0.03302311239,-0.04398265622,-0.21,-0.03301717364,-0.04394526531,-0.2099831346,4.144625472e-05
2.841,-0.03295398389,-0.04403447452,-0.21,-0.03294804878,-0.04399705093,-0.209983144,4.147139081e-05
2.842,-0.03288477407,-0.04408618417,-0.21,-0.0328788426,-0.04404872801,-0.2099831533,4.149645488e-05
2.843,-0.03281548311,-0.04413778504,-0.21,-0.03280955526,-0.04410029642,-0.2099831627,4.15214469e-05
2.844,-0.03274611118,-0.04418927701,-0.21,-0.03274018694,-0.04415175603,-0.209983172,4.154636681e-05
2.845,-0.03267665846,-0.04424065994,-0.21,-0.03267073781,-0.04420310672,-0.2099831813,4.157121458e-05
2.846,-0.03260712511,-0.04429193371,-0.21,-0.03260120803,-0.04425434835,-0.2099831906,4.159599016e-05
2.847,-0.0325375113,-0.0443430982,-0.21,-0.03253159778,-0.0443054808,-0.2099831999,4.162069351e-05
2.848,-0.03246781721,-0.04439415328,-0.21,-0.03246190724,-0.04435650394,-0.2099832092,4.16453246e-05
2.849,-0.03239804301,-0.04444509882,-0.21,-0.03239213657,-0.04440741765,-0.2099832184,4.166988338e-05
2.85,-0.03232818888,-0.04449593469,-0.21,-0.03232228595,-0.0444582218,-0.2099832276,4.169436983e-05
2.851,-0.03225825497,-0.04454666078,-0.21,-0.03225235554,-0.04450891627,-0.2099832368,4.17187839e-05
2.852,-0.03218824147,-0.04459727695,-0.21,-0.03218234552,-0.04455950093,-0.2099832459,4.174312554e-05
2.853,-0.03211814855,-0.04464778308,-0.21,-0.03211225607,-0.04460997566,-0.2099832551,4.176739472e-05
2.854,-0.03204797638,-0.04469817904,-0.21,-0.03204208736,-0.04466034033,-0.2099832642,4.179159141e-05
2.855,-0.03197772514,-0.04474846472,-0.21,-0.03197183955,-0.04471059481,-0.2099832733,4.181571557e-05
2.856,-0.03190739499,-0.04479863999,-0.21,-0.03190151283,-0.04476073899,-0.2099832823,4.183976718e-05
2.857,-0.03183698612,-0.04484870472,-0.21,-0.03183110737,-0.04481077274,-0.2099832914,4.186374619e-05
2.858,-0.03176649869,-0.04489865879,-0.21,-0.03176062333,-0.04486069594,-0.2099833004,4.18876526e-05
2.859,-0.03169593288,-0.04494850208,-0.21,-0.03169006091,-0.04491050845,-0.2099833094,4.191148636e-05
2.86,-0.03162528886,-0.04499823446,-0.21,-0.03161942026,-0.04496021017,-0.2099833183,4.193524742e-05
2.861,-0.03155456681,-0.04504785581,-0.21,-0.03154870156,-0.04500980096,-0.2099833273,4.195893577e-05
2.862,-0.03148376691,-0.04509736601,-0.21,-0.03147790499,-0.04505928071,-0.2099833362,4.198255138e-05
2.863,-0.03141288932,-0.04514676494,-0.21,-0.03140703072,-0.04510864929,-0.2099833451,4.200609421e-05
2.864,-0.03134193422,-0.04519605247,-0.21,-0.03133607893,-0.04515790658,-0.209983354,4.202956424e-05
2.865,-0.03127090179,-0.04524522849,-0.21,-0.0312650498,-0.04520705245,-0.2099833628,4.205296144e-05
2.866,-0.0311997922,-0.04529429287,-0.21,-0.03119394349,-0.0452560868,-0.2099833716,4.20762858e-05
2.867,-0.03112860563,-0.04534324549,-0.21,-0.03112276018,-0.04530500949,-0.2099833804,4.209953728e-05
2.868,-0.03105734225,-0.04539208623,-0.21,-0.03105150005,-0.0453538204,-0.2099833892,4.212271586e-05
2.869,-0.03098600225,-0.04544081497,-0.21,-0.03098016328,-0.04540251943,-0.2099833979,4.214582153e-05
2.87,-0.03091458578,-0.04548943159,-0.21,-0.03090875004,-0.04545110643,-0.2099834067,4.216885425e-05
2.871,-0.03084309304,-0.04553793596,-0.21,-0.03083726051,-0.0454995813,-0.2099834154,4.219181399e-05
2.872,-0.0307715242,-0.04558632798,-0.21,-0.03076569486,-0.04554794391,-0.209983424,4.221470074e-05
2.873,-0.03069987943,-0.04563460752,-0.21,-0.03069405327,-0.04559619415,-0.2099834327,4.223751447e-05
2.874,-0.03062815891,-0.04568277446,-0.21,-0.03062233591,-0.0456443319,-0.2099834413,4.226025517e-05
2.875,-0.03055636282,-0.04573082868,-0.21,-0.03055054298,-0.04569235703,-0.2099834498,4.22829228e-05
2.876,-0.03048449133,-0.04577877006,-0.21,-0.03047867463,-0.04574026943,-0.2099834584,4.230551737e-05
2.877,-0.03041254463,-0.04582659849,-0.21,-0.03040673105,-0.04578806898,-0.2099834669,4.232803885e-05
2.878,-0.03034052288,-0.04587431385,-0.21,-0.03033471242,-0.04583575557,-0.2099834754,4.235048723e-05
2.879,-0.03026842628,-0.04592191602,-0.21,-0.03026261891,-0.04588332906,-0.2099834839,4.237286248e-05
2.88,-0.03019625499,-0.04596940488,-0.21,-0.03019045071,-0.04593078936,-0.2099834924,4.239516459e-05
2.881,-0.03012400919,-0.04601678031,-0.21,-0.03011820798,-0.04597813633,-0.2099835008,4.241739355e-05
2.882,-0.03005168907,-0.0460640422,-0.21,-0.03004589092,-0.04602536987,-0.2099835092,4.243954933e-05
2.883,-0.0299792948,-0.04611119044,-0.21,-0.02997349969,-0.04607248985,-0.2099835175,4.246163193e-05
2.884,-0.02990682655,-0.0461582249,-0.21,-0.02990103447,-0.04611949617,-0.2099835259,4.248364133e-05
2.885,-0.02983428452,-0.04620514546,-0.21,-0.02982849545,-0.04616638869,-0.2099835342,4.250557752e-05
2.886,-0.02976166887,-0.04625195203,-0.21,-0.02975588281,-0.04621316732,-0.2099835424,4.252744047e-05
2.887,-0.02968897978,-0.04629864447,-0.21,-0.02968319672,-0.04625983193,-0.2099835507,4.254923019e-05
2.888,-0.02961621745,-0.04634522267,-0.21,-0.02961043736,-0.0463063824,-0.2099835589,4.257094666e-05
2.889,-0.02954338203,-0.04639168652,-0.21,-0.02953760491,-0.04635281863,-0.2099835671,4.259258988e-05
2.89,-0.02947047372,-0.0464380359,-0.21,-0.02946469955,-0.04639914049,-0.2099835753,4.261415983e-05
2.891,-0.0293974927,-0.0464842707,-0.21,-0.02939172147,-0.04644534788,-0.2099835834,4.263565651e-05
2.892,-0.02932443914,-0.04653039081,-0.21,-0.02931867083,-0.04649144067,-0.2099835915,4.265707991e-05
2.893,-0.02925131323,-0.04657639611,-0.21,-0.02924554783,-0.04653741876,-0.2099835995,4.267843001e-05
2.894,-0.02917811514,-0.04662228648,-0.21,-0.02917235264,-0.04658328203,-0.2099836076,4.26997068e-05
2.895,-0.02910484505,-0.04666806182,-0.21,-0.02909908545,-0.04662903037,-0.2099836156,4.272091029e-05
2.896,-0.02903150316,-0.04671372201,-0.21,-0.02902574643,-0.04667466367,-0.2099836236,4.274204045e-05
2.897,-0.02895808963,-0.04675926694,-0.21,-0.02895233576,-0.0467201818,-0.2099836315,4.276309731e-05
2.898,-0.02888460465,-0.0468046965,-0.21,-0.02887885363,-0.04676558467,-0.2099836394,4.278408083e-05
2.899,-0.0288110484,-0.04685001057,-0.21,-0.02880530022,-0.04681087216,-0.2099836473,4.280499103e-05
2.9,-0.02873742106,-0.04689520904,-0.21,-0.02873167571,-0.04685604415,-0.2099836552,4.28258279e-05
2.901,-0.02866372281,-0.0469402918,-0.21,-0.02865798028,-0.04690110053,-0.209983663,4.284659144e-05
2.902,-0.02858995384,-0.04698525874,-0.21,-0.02858421411,-0.0469460412,-0.2099836708,4.286728163e-05
2.903,-0.02851611433,-0.04703010975,-0.21,-0.02851037738,-0.04699086604,-0.2099836785,4.288789849e-05
2.904,-0.02844220446,-0.04707484472,-0.21,-0.02843647029,-0.04703557495,-0.2099836862,4.290844201e-05
2.905,-0.02836822441,-0.04711946354,-0.21,-0.028362493,-0.0470801678,-0.2099836939,4.292891218e-05
2.906,-0.02829417436,-0.04716396609,-0.21,-0.02828844571,-0.0471246445,-0.2099837016,4.2949309e-05
2.907,-0.0282200545,-0.04720835227,-0.21,-0.02821432859,-0.04716900492,-0.2099837092,4.296963247e-05
2.908,-0.02814586501,-0.04725262197,-0.21,-0.02814014183,-0.04721324897,-0.2099837168,4.298988261e-05
2.909,-0.02807160607,-0.04729677508,-0.21,-0.02806588561,-0.04725737653,-0.2099837244,4.30100594e-05
2.91,-0.02799727787,-0.04734081149,-0.21,-0.02799156011,-0.04730138749,-0.2099837319,4.303016287e-05
2.911,-0.02792288058,-0.04738473108,-0.21,-0.02791716553,-0.04734528175,-0.2099837394,4.305019299e-05
2.912,-0.0278484144,-0.04742853377,-0.21,-0.02784270203,-0.04738905919,-0.2099837469,4.307014977e-05
2.913,-0.02777387951,-0.04747221942,-0.21,-0.02776816981,-0.04743271971,-0.2099837543,4.309003322e-05
2.914,-0.02769927609,-0.04751578795,-0.21,-0.02769356905,-0.0474762632,-0.2099837617,4.310984334e-05
2.915,-0.02762460432,-0.04755923923,-0.21,-0.02761889994,-0.04751968956,-0.209983769,4.312958014e-05
2.916,-0.02754986439,-0.04760257316,-0.21,-0.02754416265,-0.04756299867,-0.2099837764,4.314924362e-05
2.917,-0.02747505649,-0.04764578964,-0.21,-0.02746935737,-0.04760619042,-0.2099837836,4.316883379e-05
2.918,-0.02740018079,-0.04768888856,-0.21,-0.02739448429,-0.04764926472,-0.2099837909,4.318835065e-05
2.919,-0.02732523749,-0.04773186982,-0.21,-0.0273195436,-0.04769222146,-0.2099837981,4.320779422e-05
2.92,-0.02725022676,-0.04777473329,-0.21,-0.02724453547,-0.04773506052,-0.2099838053,4.322716449e-05
2.921,-0.0271751488,-0.04781747889,-0.21,-0.02716946009,-0.04777778181,-0.2099838125,4.324646146e-05
2.922,-0.02710000379,-0.04786010651,-0.21,-0.02709431765,-0.04782038521,-0.2099838196,4.326568516e-05
2.923,-0.0270247919,-0.04790261603,-0.21,-0.02701910833,-0.04786287063,-0.2099838267,4.328483559e-05
2.924,-0.02694951334,-0.04794500736,-0.21,-0.02694383232,-0.04790523796,-0.2099838337,4.330391276e-05
2.925,-0.02687416828,-0.04798728039,-0.21,-0.0268684898,-0.04794748708,-0.2099838407,4.332291667e-05
2.926,-0.02679875691,-0.04802943501,-0.21,-0.02679308097,-0.04798961791,-0.2099838477,4.334184734e-05
2.927,-0.02672327942,-0.04807147113,-0.21,-0.026717606,-0.04803163033,-0.2099838546,4.336070478e-05
2.928,-0.026647736,-0.04811338864,-0.21,-0.02664206509,-0.04807352424,-0.2099838615,4.337948899e-05
2.929,-0.02657212682,-0.04815518743,-0.21,-0.02656645841,-0.04811529954,-0.2099838684,4.339820001e-05
2.93,-0.02649645208,-0.0481968674,-0.21,-0.02649078616,-0.04815695613,-0.2099838752,4.341683782e-05
2.931,-0.02642071196,-0.04823842845,-0.21,-0.02641504852,-0.04819849389,-0.209983882,4.343540244e-05
2.932,-0.02634490665,-0.04827987048,-0.21,-0.02633924568,-0.04823991274,-0.2099838887,4.345389388e-05
2.933,-0.02626903633,-0.04832119339,-0.21,-0.02626337783,-0.04828121256,-0.2099838954,4.347231216e-05
2.934,-0.0261931012,-0.04836239706,-0.21,-0.02618744516,-0.04832239325,-0.2099839021,4.349065728e-05
2.935,-0.02611710144,-0.04840348141,-0.21,-0.02611144784,-0.04836345472,-0.2099839088,4.350892928e-05
2.936,-0.02604103724,-0.04844444632,-0.21,-0.02603538608,-0.04840439686,-0.2099839154,4.352712815e-05
2.937,-0.02596490879,-0.0484852917,-0.21,-0.02595926005,-0.04844521956,-0.2099839219,4.354525393e-05
2.938,-0.02588871627,-0.04852601745,-0.21,-0.02588306994,-0.04848592274,-0.2099839285,4.356330661e-05
2.939,-0.02581245987,-0.04856662347,-0.21,-0.02580681595,-0.04852650629,-0.2099839349,4.358128622e-05
2.94,-0.02573613978,-0.04860710965,-0.21,-0.02573049826,-0.0485669701,-0.2099839414,4.359919278e-05
2.941,-0.0256597562,-0.04864747591,-0.21,-0.02565411706,-0.04860731408,-0.2099839478,4.361702629e-05
2.942,-0.02558330929,-0.04868772212,-0.21,-0.02557767254,-0.04864753814,-0.2099839542,4.363478677e-05
2.943,-0.02550679927,-0.04872784821,-0.21,-0.02550116488,-0.04868764216,-0.2099839605,4.365247425e-05
2.944,-0.02543022631,-0.04876785406,-0.21,-0.02542459428,-0.04872762605,-0.2099839668,4.367008873e-05
2.945,-0.0253535906,-0.04880773959,-0.21,-0.02534796093,-0.04876748971,-0.209983973,4.368763022e-05
2.946,-0.02527689233,-0.04884750468,-0.21,-0.02527126501,-0.04880723305,-0.2099839793,4.370509876e-05
2.947,-0.0252001317,-0.04888714925,-0.21,-0.02519450671,-0.04884685596,-0.2099839854,4.372249438e-05
2.948,-0.02512330889,-0.0489266732,-0.21,-0.02511768623,-0.04888635835,-0.2099839916,4.373981707e-05
2.949,-0.02504642409,-0.04896607643,-0.21,-0.02504080374,-0.04892574012,-0.2099839977,4.375706687e-05
2.95,-0.02496947749,-0.04900535883,-0.21,-0.02496385945,-0.04896500117,-0.2099840037,4.377424381e-05
2.951,-0.02489246927,-0.04904452032,-0.21,-0.02488685354,-0.0490041414,-0.2099840097,4.379134788e-05
2.952,-0.02481539964,-0.0490835608,-0.21,-0.02480978621,-0.04904316073,-0.2099840157,4.380837912e-05
2.953,-0.02473826878,-0.04912248016,-0.21,-0.02473265764,-0.04908205904,-0.2099840216,4.382533754e-05
2.954,-0.02466107688,-0.04916127833,-0.21,-0.02465546802,-0.04912083625,-0.2099840275,4.384222316e-05
2.955,-0.02458382414,-0.04919995519,-0.21,-0.02457821754,-0.04915949227,-0.2099840334,4.385903601e-05
2.956,-0.02450651073,-0.04923851066,-0.21,-0.0245009064,-0.04919802698,-0.2099840392,4.38757761e-05
2.957,-0.02442913686,-0.04927694463,-0.21,-0.02442353478,-0.04923644031,-0.209984045,4.389244348e-05
2.958,-0.02435170271,-0.04931525702,-0.21,-0.02434610288,-0.04927473215,-0.2099840507,4.390903816e-05
2.959,-0.02427420847,-0.04935344773,-0.21,-0.02426861088,-0.04931290242,-0.2099840564,4.392556015e-05
2.96,-0.02419665434,-0.04939151667,-0.21,-0.02419105899,-0.049350951,-0.209984062,4.394200949e-05
2.961,-0.02411904051,-0.04942946373,-0.21,-0.02411344738,-0.04938887783,-0.2099840676,4.39583862e-05
2.962,-0.02404136717,-0.04946728884,-0.21,-0.02403577625,-0.04942668278,-0.2099840732,4.397469029e-05
2.963,-0.0239636345,-0.04950499188,-0.21,-0.0239580458,-0.04946436579,-0.2099840787,4.399092179e-05
2.964,-0.02388584271,-0.04954257278,-0.21,-0.02388025622,-0.04950192674,-0.2099840842,4.400708073e-05
2.965,-0.02380799198,-0.04958003144,-0.21,-0.02380240769,-0.04953936556,-0.2099840896,4.402316715e-05
2.966,-0.02373008251,-0.04961736777,-0.21,-0.02372450041,-0.04957668214,-0.209984095,4.403918106e-05
2.967,-0.02365211449,-0.04965458166,-0.21,-0.02364653457,-0.04961387639,-0.2099841003,4.405512249e-05
2.968,-0.02357408811,-0.04969167304,-0.21,-0.02356851037,-0.04965094823,-0.2099841056,4.407099146e-05
2.969,-0.02349600356,-0.04972864181,-0.21,-0.02349042799,-0.04968789756,-0.2099841109,4.4086788e-05
2.97,-0.02341786104,-0.04976548789,-0.21,-0.02341228763,-0.04972472428,-0.2099841161,4.410251214e-05
2.971,-0.02333966073,-0.04980221116,-0.21,-0.02333408949,-0.04976142832,-0.2099841213,4.411816391e-05
2.972,-0.02326140284,-0.04983881156,-0.21,-0.02325583375,-0.04979800958,-0.2099841264,4.413374334e-05
2.973,-0.02318308755,-0.04987528899,-0.21,-0.02317752061,-0.04983446796,-0.2099841315,4.414925044e-05
2.974,-0.02310471506,-0.04991164335,-0.21,-0.02309915026,-0.04987080338,-0.2099841366,4.416468525e-05
2.975,-0.02302628556,-0.04994787456,-0.21,-0.0230207229,-0.04990701574,-0.2099841415,4.418004779e-05
2.976,-0.02294779925,-0.04998398253,-0.21,-0.02294223872,-0.04994310497,-0.2099841465,4.419533811e-05
2.977,-0.02286925632,-0.05001996717,-0.21,-0.02286369791,-0.04997907096,-0.2099841514,4.421055622e-05
2.978,-0.02279065695,-0.05005582839,-0.21,-0.02278510066,-0.05001491364,-0.2099841563,4.422570216e-05
2.979,-0.02271200136,-0.0500915661,-0.21,-0.02270644718,-0.05005063291,-0.2099841611,4.424077595e-05
2.98,-0.02263328972,-0.05012718021,-0.21,-0.02262773765,-0.05008622868,-0.2099841659,4.425577763e-05
2.981,-0.02255452224,-0.05016267065,-0.21,-0.02254897227,-0.05012170086,-0.2099841706,4.427070722e-05
2.982,-0.02247569911,-0.05019803731,-0.21,-0.02247015124,-0.05015704938,-0.2099841753,4.428556477e-05
2.983,-0.02239682052,-0.05023328011,-0.21,-0.02239127474,-0.05019227413,-0.2099841799,4.430035028e-05
2.984,-0.02231788667,-0.05026839897,-0.21,-0.02231234298,-0.05022737504,-0.2099841845,4.431506381e-05
2.985,-0.02223889775,-0.05030339379,-0.21,-0.02223335615,-0.05026235201,-0.2099841891,4.432970537e-05
2.986,-0.02215985396,-0.05033826449,-0.21,-0.02215431443,-0.05029720497,-0.2099841935,4.4344275e-05
2.987,-0.0220807555,-0.05037301099,-0.21,-0.02207521804,-0.05033193382,-0.209984198,4.435877274e-05
2.988,-0.02200160255,-0.0504076332,-0.21,-0.02199606716,-0.05036653848,-0.2099842024,4.437319862e-05
2.989,-0.02192239531,-0.05044213104,-0.21,-0.02191686199,-0.05040101886,-0.2099842068,4.438755267e-05
2.99,-0.02184313398,-0.05047650441,-0.21,-0.02183760272,-0.05043537488,-0.2099842111,4.440183493e-05
2.991,-0.02176381876,-0.05051075324,-0.21,-0.02175828955,-0.05046960646,-0.2099842154,4.441604542e-05
2.992,-0.02168444984,-0.05054487744,-0.21,-0.02167892268,-0.0505037135,-0.2099842196,4.443018418e-05
2.993,-0.02160502741,-0.05057887692,-0.21,-0.0215995023,-0.05053769592,-0.2099842237,4.444425123e-05
2.994,-0.02152555168,-0.05061275161,-0.21,-0.02152002861,-0.05057155365,-0.2099842279,4.445824661e-05
2.995,-0.02144602283,-0.05064650141,-0.21,-0.0214405018,-0.05060528659,-0.209984232,4.447217036e-05
2.996,-0.02136644106,-0.05068012625,-0.21,-0.02136092207,-0.05063889467,-0.209984236,4.448602252e-05
2.997,-0.02128680658,-0.05071362603,-0.21,-0.02128128962,-0.0506723778,-0.20998424,4.449980313e-05
2.998,-0.02120711958,-0.05074700069,-0.21,-0.02120160464,-0.05070573589,-0.2099842439,4.451351222e-05
2.999,-0.02112738024,-0.05078025014,-0.21,-0.02112186733,-0.05073896887,-0.2099842478,4.452714981e-05
3,-0.02104758878,-0.05081337429,-0.21,-0.02104207789,-0.05077207666,-0.2099842516,4.454071595e-05
3.001,-0.02096774538,-0.05084637306,-0.21,-0.02096223652,-0.05080505916,-0.2099842554,4.455421066e-05
3.002,-0.02088785025,-0.05087924638,-0.21,-0.0208823434,-0.0508379163,-0.2099842592,4.456763399e-05
3.003,-0.02080790358,-0.05091199415,-0.21,-0.02080239874,-0.05087064801,-0.2099842629,4.458098596e-05
3.004,-0.02072790557,-0.05094461631,-0.21,-0.02072240274,-0.05090325419,-0.2099842665,4.459426662e-05
3.005,-0.02064785642,-0.05097711276,-0.21,-0.02064235559,-0.05093573477,-0.2099842701,4.460747602e-05
3.006,-0.02056775632,-0.05100948343,-0.21,-0.0205622575,-0.05096808966,-0.2099842737,4.462061418e-05
3.007,-0.02048760546,-0.05104172825,-0.21,-0.02048210865,-0.0510003188,-0.2099842772,4.463368114e-05
3.008,-0.02040740406,-0.05107384712,-0.21,-0.02040190924,-0.05103242209,-0.2099842806,4.464667695e-05
3.009,-0.02032715231,-0.05110583997,-0.21,-0.02032165949,-0.05106439945,-0.209984284,4.465960162e-05
3.01,-0.0202468504,-0.05113770672,-0.21,-0.02024135957,-0.05109625082,-0.2099842874,4.46724552e-05
3.011,-0.02016649853,-0.0511694473,-0.21,-0.02016100969,-0.05112797611,-0.2099842907,4.468523773e-05
3.012,-0.0200860969,-0.05120106162,-0.21,-0.02008061006,-0.05115957524,-0.2099842939,4.469794925e-05
3.013,-0.02000564572,-0.05123254961,-0.21,-0.02000016086,-0.05119104814,-0.2099842971,4.47105898e-05
3.014,-0.01992514517,-0.05126391119,-0.21,-0.0199196623,-0.05122239472,-0.2099843003,4.47231594e-05
3.015,-0.01984459546,-0.05129514627,-0.21,-0.01983911457,-0.05125361491,-0.2099843034,4.473565812e-05
3.016,-0.01976399678,-0.05132625479,-0.21,-0.01975851788,-0.05128470863,-0.2099843064,4.474808598e-05
3.017,-0.01968334934,-0.05135723667,-0.21,-0.01967787242,-0.05131567581,-0.2099843094,4.476044302e-05
3.018,-0.01960265333,-0.05138809184,-0.21,-0.01959717839,-0.05134651636,-0.2099843124,4.477272928e-05
3.019,-0.01952190895,-0.0514188202,-0.21,-0.01951643599,-0.05137723022,-0.2099843152,4.47849448e-05
3.02,-0.01944111641,-0.0514494217,-0.21,-0.01943564542,-0.0514078173,-0.2099843181,4.479708963e-05
3.021,-0.01936027589,-0.05147989624,-0.21,-0.01935480688,-0.05143827754,-0.2099843209,4.480916379e-05
3.022,-0.01927938761,-0.05151024377,-0.21,-0.01927392058,-0.05146861085,-0.2099843236,4.482116734e-05
3.023,-0.01919845176,-0.0515404642,-0.21,-0.0191929867,-0.05149881716,-0.2099843263,4.483310031e-05
3.024,-0.01911746853,-0.05157055746,-0.21,-0.01911200545,-0.0515288964,-0.209984329,4.484496275e-05
3.025,-0.01903643814,-0.05160052348,-0.21,-0.01903097703,-0.05155884849,-0.2099843316,4.485675469e-05
3.026,-0.01895536077,-0.05163036217,-0.21,-0.01894990163,-0.05158867336,-0.2099843341,4.486847617e-05
3.027,-0.01887423664,-0.05166007347,-0.21,-0.01886877947,-0.05161837093,-0.2099843366,4.488012724e-05
3.028,-0.01879306593,-0.05168965731,-0.21,-0.01878761074,-0.05164794113,-0.209984339,4.489170794e-05
3.029,-0.01871184886,-0.05171911361,-0.21,-0.01870639563,-0.05167738389,-0.2099843414,4.490321831e-05
3.03,-0.01863058561,-0.05174844229,-0.21,-0.01862513436,-0.05170669914,-0.2099843437,4.491465839e-05
3.031,-0.0185492764,-0.05177764329,-0.21,-0.01854382711,-0.05173588679,-0.209984346,4.492602822e-05
3.032,-0.01846792142,-0.05180671654,-0.21,-0.0184624741,-0.05176494679,-0.2099843482,4.493732785e-05
3.033,-0.01838652087,-0.05183566196,-0.21,-0.01838107552,-0.05179387906,-0.2099843504,4.494855732e-05
3.034,-0.01830507495,-0.05186447947,-0.21,-0.01829963158,-0.05182268352,-0.2099843525,4.495971666e-05
3.035,-0.01822358387,-0.05189316902,-0.21,-0.01821814247,-0.05185136011,-0.2099843546,4.497080592e-05
3.036,-0.01814204782,-0.05192173053,-0.21,-0.01813660839,-0.05187990876,-0.2099843566,4.498182515e-05
3.037,-0.01806046701,-0.05195016392,-0.21,-0.01805502955,-0.05190832939,-0.2099843585,4.49927744e-05
3.038,-0.01797884163,-0.05197846913,-0.21,-0.01797340615,-0.05193662194,-0.2099843604,4.50036537e-05
3.039,-0.0178971719,-0.0520066461,-0.21,-0.01789173839,-0.05196478632,-0.2099843623,4.501446309e-05
3.04,-0.017815458,-0.05203469474,-0.21,-0.01781002647,-0.05199282249,-0.2099843641,4.502520262e-05
3.041,-0.01773370015,-0.05206261498,-0.21,-0.0177282706,-0.05202073036,-0.2099843658,4.503587235e-05
3.042,-0.01765189854,-0.05209040677,-0.21,-0.01764647097,-0.05204850987,-0.2099843675,4.504647229e-05
3.043,-0.01757005338,-0.05211807004,-0.21,-0.01756462778,-0.05207616094,-0.2099843691,4.50570025e-05
3.044,-0.01748816486,-0.0521456047,-0.21,-0.01748274125,-0.05210368352,-0.2099843707,4.506746302e-05
3.045,-0.01740623319,-0.0521730107,-0.21,-0.01740081156,-0.05213107752,-0.2099843722,4.507785391e-05
3.046,-0.01732425858,-0.05220028797,-0.21,-0.01731883893,-0.0521583429,-0.2099843737,4.508817521e-05
3.047,-0.01724224122,-0.05222743645,-0.21,-0.01723682356,-0.05218547956,-0.2099843751,4.509842697e-05
3.048,-0.01716018132,-0.05225445605,-0.21,-0.01715476564,-0.05221248746,-0.2099843765,4.510860921e-05
3.049,-0.01707807907,-0.05228134672,-0.21,-0.01707266539,-0.05223936652,-0.2099843778,4.511872199e-05
3.05,-0.01699593469,-0.0523081084,-0.21,-0.01699052299,-0.05226611668,-0.209984379,4.512876535e-05
3.051,-0.01691374837,-0.052334741,-0.21,-0.01690833867,-0.05229273787,-0.2099843802,4.513873934e-05
3.052,-0.01683152032,-0.05236124448,-0.21,-0.01682611261,-0.05231923002,-0.2099843814,4.514864401e-05
3.053,-0.01674925074,-0.05238761876,-0.21,-0.01674384503,-0.05234559308,-0.2099843824,4.515847941e-05
3.054,-0.01666693983,-0.05241386378,-0.21,-0.01666153612,-0.05237182696,-0.2099843835,4.516824558e-05
3.055,-0.0165845878,-0.05243997948,-0.21,-0.01657918609,-0.05239793162,-0.2099843844,4.517794255e-05
3.056,-0.01650219484,-0.05246596578,-0.21,-0.01649679514,-0.05242390698,-0.2099843854,4.518757039e-05
3.057,-0.01641976117,-0.05249182263,-0.21,-0.01641436348,-0.05244975299,-0.2099843862,4.519712915e-05
3.058,-0.01633728699,-0.05251754996,-0.21,-0.0163318913,-0.05247546957,-0.209984387,4.520661886e-05
3.059,-0.01625477249,-0.05254314771,-0.21,-0.01624937882,-0.05250105666,-0.2099843878,4.521603956e-05
3.06,-0.01617221789,-0.05256861581,-0.21,-0.01616682623,-0.0525265142,-0.2099843885,4.522539131e-05
3.061,-0.01608962338,-0.05259395421,-0.21,-0.01608423375,-0.05255184213,-0.2099843891,4.523467415e-05
3.062,-0.01600698918,-0.05261916284,-0.21,-0.01600160157,-0.05257704039,-0.2099843897,4.524388813e-05
3.063,-0.01592431547,-0.05264424163,-0.21,-0.01591892989,-0.05260210891,-0.2099843902,4.52530333e-05
3.064,-0.01584160248,-0.05266919053,-0.21,-0.01583621893,-0.05262704763,-0.2099843906,4.526210972e-05
3.065,-0.0157588504,-0.05269400947,-0.21,-0.01575346888,-0.05265185649,-0.209984391,4.527111741e-05
3.066,-0.01567605944,-0.0527186984,-0.21,-0.01567067996,-0.05267653542,-0.2099843914,4.528005645e-05
3.067,-0.01559322979,-0.05274325724,-0.21,-0.01558785235,-0.05270108438,-0.2099843917,4.528892686e-05
3.068,-0.01551036167,-0.05276768595,-0.21,-0.01550498628,-0.05272550329,-0.2099843919,4.529772869e-05
3.069,-0.01542745529,-0.05279198446,-0.21,-0.01542208194,-0.05274979209,-0.2099843921,4.5306462e-05
3.07,-0.01534451083,-0.05281615271,-0.21,-0.01533913954,-0.05277395073,-0.2099843922,4.531512683e-05
3.071,-0.01526152852,-0.05284019064,-0.21,-0.01525615929,-0.05279797915,-0.2099843923,4.532372324e-05
3.072,-0.01517850855,-0.0528640982,-0.21,-0.01517314138,-0.05282187728,-0.2099843923,4.533225127e-05
3.073,-0.01509545112,-0.05288787532,-0.21,-0.01509008602,-0.05284564508,-0.2099843922,4.534071098e-05
3.074,-0.01501235645,-0.05291152194,-0.21,-0.01500699342,-0.05286928247,-0.2099843921,4.53491024e-05
3.075,-0.01492922474,-0.052935038,-0.21,-0.01492386379,-0.0528927894,-0.2099843919,4.53574256e-05
3.076,-0.0148460562,-0.05295842346,-0.21,-0.01484069732,-0.05291616581,-0.2099843917,4.536568062e-05
3.077,-0.01476285102,-0.05298167825,-0.21,-0.01475749423,-0.05293941165,-0.2099843914,4.53738675e-05
3.078,-0.01467960941,-0.05300480231,-0.21,-0.01467425472,-0.05296252686,-0.2099843911,4.53819863e-05
3.079,-0.01459633159,-0.05302779558,-0.21,-0.01459097899,-0.05298551138,-0.2099843907,4.539003705e-05
3.08,-0.01451301775,-0.05305065802,-0.21,-0.01450766725,-0.05300836515,-0.2099843902,4.539801982e-05
3.081,-0.0144296681,-0.05307338955,-0.21,-0.01442431971,-0.05303108812,-0.2099843897,4.540593467e-05
3.082,-0.01434628285,-0.05309599014,-0.21,-0.01434093657,-0.05305368023,-0.2099843891,4.541378163e-05
3.083,-0.01426286219,-0.05311845971,-0.21,-0.01425751803,-0.05307614142,-0.2099843885,4.542156076e-05
3.084,-0.01417940635,-0.05314079822,-0.21,-0.01417406431,-0.05309847164,-0.2099843878,4.54292721e-05
3.085,-0.01409591552,-0.05316300561,-0.21,-0.01409057561,-0.05312067084,-0.209984387,4.543691572e-05
3.086,-0.01401238991,-0.05318508183,-0.21,-0.01400705214,-0.05314273896,-0.2099843862,4.544449165e-05
3.087,-0.01392882973,-0.05320702681,-0.21,-0.0139234941,-0.05316467594,-0.2099843853,4.545199997e-05
3.088,-0.01384523518,-0.05322884052,-0.21,-0.01383990169,-0.05318648174,-0.2099843843,4.54594407e-05
3.089,-0.01376160646,-0.05325052289,-0.21,-0.01375627513,-0.05320815629,-0.2099843833,4.54668139e-05
3.09,-0.01367794379,-0.05327207386,-0.21,-0.01367261462,-0.05322969955,-0.2099843823,4.547411963e-05
3.091,-0.01359424738,-0.0532934934,-0.21,-0.01358892037,-0.05325111145,-0.2099843812,4.548135792e-05
3.092,-0.01351051742,-0.05331478143,-0.21,-0.01350519258,-0.05327239196,-0.20998438,4.548852884e-05
3.093,-0.01342675412,-0.05333593792,-0.21,-0.01342143146,-0.05329354101,-0.2099843787,4.549563244e-05
3.094,-0.01334295769,-0.05335696281,-0.21,-0.01333763722,-0.05331455855,-0.2099843774,4.550266877e-05
3.095,-0.01325912835,-0.05337785604,-0.21,-0.01325381007,-0.05333544453,-0.2099843761,4.550963788e-05
3.096,-0.01317526628,-0.05339861757,-0.21,-0.0131699502,-0.0533561989,-0.2099843747,4.551653982e-05
3.097,-0.01309137171,-0.05341924734,-0.21,-0.01308605784,-0.05337682161,-0.2099843732,4.552337464e-05
3.098,-0.01300744484,-0.05343974531,-0.21,-0.01300213318,-0.05339731261,-0.2099843716,4.553014241e-05
3.099,-0.01292348587,-0.05346011142,-0.21,-0.01291817643,-0.05341767184,-0.20998437,4.553684317e-05
3.1,-0.01283949501,-0.05348034562,-0.21,-0.0128341878,-0.05343789926,-0.2099843684,4.554347699e-05
3.101,-0.01275547248,-0.05350044787,-0.21,-0.0127501675,-0.05345799481,-0.2099843666,4.555004389e-05
3.102,-0.01267141847,-0.0535204181,-0.21,-0.01266611574,-0.05347795846,-0.2099843648,4.555654395e-05
3.103,-0.01258733319,-0.05354025629,-0.21,-0.01258203271,-0.05349779013,-0.209984363,4.55629772e-05
3.104,-0.01250321686,-0.05355996236,-0.21,-0.01249791864,-0.0535174898,-0.2099843611,4.556934371e-05
3.105,-0.01241906968,-0.05357953628,-0.21,-0.01241377372,-0.05353705741,-0.2099843591,4.557564352e-05
3.106,-0.01233489185,-0.053598978,-0.21,-0.01232959817,-0.05355649291,-0.2099843571,4.558187669e-05
3.107,-0.01225068359,-0.05361828747,-0.21,-0.0122453922,-0.05357579625,-0.209984355,4.558804328e-05
3.108,-0.0121664451,-0.05363746465,-0.21,-0.012161156,-0.05359496739,-0.2099843528,4.559414336e-05
3.109,-0.0120821766,-0.05365650947,-0.21,-0.01207688979,-0.05361400627,-0.2099843506,4.560017695e-05
3.11,-0.01199787828,-0.05367542191,-0.21,-0.01199259378,-0.05363291286,-0.2099843483,4.560614413e-05
3.111,-0.01191355035,-0.0536942019,-0.21,-0.01190826817,-0.0536516871,-0.209984346,4.561204494e-05
3.112,-0.01182919304,-0.05371284941,-0.21,-0.01182391318,-0.05367032895,-0.2099843436,4.561787943e-05
3.113,-0.01174480653,-0.05373136439,-0.21,-0.011739529,-0.05368883836,-0.2099843411,4.562364765e-05
3.114,-0.01166039105,-0.0537497468,-0.21,-0.01165511586,-0.05370721529,-0.2099843386,4.562934968e-05
3.115,-0.01157594679,-0.05376799658,-0.21,-0.01157067396,-0.05372545968,-0.209984336,4.563498557e-05
3.116,-0.01149147397,-0.05378611369,-0.21,-0.0114862035,-0.05374357151,-0.2099843333,4.564055535e-05
3.117,-0.0114069728,-0.05380409809,-0.21,-0.01140170469,-0.05376155072,-0.2099843306,4.564605909e-05
3.118,-0.01132244348,-0.05382194974,-0.21,-0.01131717775,-0.05377939726,-0.2099843278,4.565149685e-05
3.119,-0.01123788623,-0.05383966858,-0.21,-0.01123262289,-0.05379711109,-0.209984325,4.565686869e-05
3.12,-0.01115330124,-0.05385725458,-0.21,-0.0111480403,-0.05381469218,-0.209984322,4.566217466e-05
3.121,-0.01106868874,-0.0538747077,-0.21,-0.0110634302,-0.05383214047,-0.2099843191,4.566741481e-05
3.122,-0.01098404893,-0.05389202788,-0.21,-0.01097879281,-0.05384945592,-0.209984316,4.56725892e-05
3.123,-0.01089938201,-0.05390921509,-0.21,-0.01089412831,-0.05386663849,-0.2099843129,4.567769788e-05
3.124,-0.0108146882,-0.05392626929,-0.21,-0.01080943694,-0.05388368814,-0.2099843098,4.568274091e-05
3.125,-0.01072996771,-0.05394319042,-0.21,-0.01072471889,-0.05390060482,-0.2099843066,4.568771835e-05
3.126,-0.01064522074,-0.05395997846,-0.21,-0.01063997438,-0.0539173885,-0.2099843033,4.569263026e-05
3.127,-0.01056044751,-0.05397663336,-0.21,-0.01055520361,-0.05393403913,-0.2099842999,4.569747668e-05
3.128,-0.01047564822,-0.05399315507,-0.21,-0.01047040679,-0.05395055667,-0.2099842965,4.570225769e-05
3.129,-0.01039082308,-0.05400954356,-0.21,-0.01038558414,-0.05396694108,-0.209984293,4.570697333e-05
3.13,-0.0103059723,-0.05402579879,-0.21,-0.01030073586,-0.05398319232,-0.2099842895,4.571162366e-05
3.131,-0.0102210961,-0.05404192072,-0.21,-0.01021586216,-0.05399931035,-0.2099842859,4.571620873e-05
3.132,-0.01013619467,-0.0540579093,-0.21,-0.01013096325,-0.05401529513,-0.2099842822,4.572072861e-05
3.133,-0.01005126824,-0.0540737645,-0.21,-0.01004603934,-0.05403114662,-0.2099842784,4.572518335e-05
3.134,-0.009966316999,-0.05408948627,-0.21,-0.009961090645,-0.05404686478,-0.2099842746,4.572957302e-05
3.135,-0.009881341173,-0.05410507459,-0.21,-0.009876117367,-0.05406244957,-0.2099842708,4.573389768e-05
3.136,-0.009796340965,-0.05412052941,-0.21,-0.009791119719,-0.05407790096,-0.2099842668,4.573815738e-05
3.137,-0.009711316585,-0.05413585069,-0.21,-0.00970609791,-0.0540932189,-0.2099842628,4.574235218e-05
3.138,-0.009626268244,-0.0541510384,-0.21,-0.009621052151,-0.05410840336,-0.2099842588,4.574648214e-05
3.139,-0.00954119615,-0.05416609249,-0.21,-0.009535982651,-0.05412345429,-0.2099842547,4.57505473e-05
3.14,-0.009456100515,-0.05418101294,-0.21,-0.00945088962,-0.05413837168,-0.2099842505,4.575454772e-05
3.141,-0.009370981548,-0.0541957997,-0.21,-0.009365773269,-0.05415315546,-0.2099842462,4.575848347e-05
3.142,-0.009285839459,-0.05421045273,-0.21,-0.009280633807,-0.05416780562,-0.2099842419,4.576235461e-05
3.143,-0.009200674458,-0.05422497201,-0.21,-0.009195471445,-0.05418232211,-0.2099842375,4.576616118e-05
3.144,-0.009115486756,-0.05423935749,-0.21,-0.009110286393,-0.0541967049,-0.209984233,4.576990329e-05
3.145,-0.009030276561,-0.05425360914,-0.21,-0.009025078862,-0.05421095395,-0.2099842285,4.577358097e-05
3.146,-0.008945044086,-0.05426772693,-0.21,-0.00893984906,-0.05422506923,-0.2099842239,4.577719428e-05
3.147,-0.008859789539,-0.05428171082,-0.21,-0.0088545972,-0.0542390507,-0.2099842193,4.578074328e-05
3.148,-0.008774513132,-0.05429556077,-0.21,-0.008769323491,-0.05425289833,-0.2099842146,4.578422803e-05
3.149,-0.008689215074,-0.05430927675,-0.21,-0.008684028144,-0.05426661208,-0.2099842098,4.578764857e-05
3.15,-0.008603895577,-0.05432285873,-0.21,-0.00859871137,-0.05428019192,-0.209984205,4.579100499e-05
3.151,-0.008518554851,-0.05433630668,-0.21,-0.008513373379,-0.05429363782,-0.2099842001,4.579429733e-05
3.152,-0.008433193106,-0.05434962055,-0.21,-0.008428014381,-0.05430694973,-0.2099841951,4.579752566e-05
3.153,-0.008347810552,-0.05436280032,-0.21,-0.008342634588,-0.05432012764,-0.20998419,4.580069003e-05
3.154,-0.008262407402,-0.05437584596,-0.21,-0.00825723421,-0.05433317151,-0.2099841849,4.580379054e-05
3.155,-0.008176983864,-0.05438875743,-0.21,-0.008171813458,-0.0543460813,-0.2099841798,4.580682722e-05
3.156,-0.008091540151,-0.0544015347,-0.21,-0.008086372543,-0.05435885699,-0.2099841745,4.580980013e-05
3.157,-0.008006076473,-0.05441417774,-0.21,-0.008000911676,-0.05437149853,-0.2099841692,4.581270933e-05
3.158,-0.00792059304,-0.05442668652,-0.21,-0.007915431068,-0.05438400591,-0.2099841638,4.581555489e-05
3.159,-0.007835090065,-0.05443906101,-0.21,-0.007829930929,-0.05439637908,-0.2099841584,4.581833687e-05
3.16,-0.007749567757,-0.05445130117,-0.21,-0.007744411471,-0.05440861803,-0.2099841529,4.582105534e-05
3.161,-0.007664026327,-0.05446340699,-0.21,-0.007658872905,-0.05442072271,-0.2099841473,4.582371036e-05
3.162,-0.007578465988,-0.05447537841,-0.21,-0.007573315443,-0.05443269311,-0.2099841417,4.582630198e-05
3.163,-0.007492886949,-0.05448721543,-0.21,-0.007487739294,-0.05444452918,-0.209984136,4.582883027e-05
3.164,-0.007407289422,-0.054498918,-0.21,-0.007402144671,-0.0544562309,-0.2099841302,4.583129531e-05
3.165,-0.007321673619,-0.05451048611,-0.21,-0.007316531785,-0.05446779825,-0.2099841244,4.583369714e-05
3.166,-0.00723603975,-0.05452191971,-0.21,-0.007230900848,-0.05447923118,-0.2099841185,4.583603583e-05
3.167,-0.007150388027,-0.05453321879,-0.21,-0.007145252069,-0.05449052968,-0.2099841125,4.583831144e-05
3.168,-0.007064718661,-0.05454438331,-0.21,-0.007059585662,-0.05450169372,-0.2099841064,4.584052402e-05
3.169,-0.006979031864,-0.05455541324,-0.21,-0.006973901837,-0.05451272327,-0.2099841003,4.584267367e-05
3.17,-0.006893327846,-0.05456630857,-0.21,-0.006888200806,-0.0545236183,-0.2099840942,4.584476044e-05
3.171,-0.00680760682,-0.05457706926,-0.21,-0.006802482781,-0.05453437878,-0.2099840879,4.58467844e-05
3.172,-0.006721868997,-0.05458769529,-0.21,-0.006716747973,-0.05454500469,-0.2099840816,4.584874562e-05
3.173,-0.006636114588,-0.05459818663,-0.21,-0.006630996593,-0.054555496,-0.2099840752,4.585064413e-05
3.174,-0.006550343805,-0.05460854325,-0.21,-0.006545228854,-0.05456585269,-0.2099840688,4.585248002e-05
3.175,-0.00646455686,-0.05461876513,-0.21,-0.006459444967,-0.05457607473,-0.2099840623,4.585425335e-05
3.176,-0.006378753964,-0.05462885225,-0.21,-0.006373645144,-0.0545861621,-0.2099840557,4.585596419e-05
3.177,-0.00629293533,-0.05463880457,-0.21,-0.006287829596,-0.05459611477,-0.2099840491,4.585761259e-05
3.178,-0.006207101168,-0.05464862208,-0.21,-0.006201998536,-0.05460593271,-0.2099840423,4.585919862e-05
3.179,-0.006121251691,-0.05465830475,-0.21,-0.006116152176,-0.0546156159,-0.2099840356,4.586072237e-05
3.18,-0.00603538711,-0.05466785255,-0.21,-0.006030290726,-0.05462516432,-0.2099840287,4.586218389e-05
3.181,-0.005949507637,-0.05467726547,-0.21,-0.0059444144,-0.05463457795,-0.2099840218,4.586358325e-05
3.182,-0.005863613485,-0.05468654347,-0.21,-0.005858523409,-0.05464385676,-0.2099840148,4.586492052e-05
3.183,-0.005777704865,-0.05469568654,-0.21,-0.005772617966,-0.05465300072,-0.2099840078,4.586619577e-05
3.184,-0.005691781989,-0.05470469466,-0.21,-0.005686698281,-0.05466200982,-0.2099840006,4.586740906e-05
3.185,-0.005605845069,-0.0547135678,-0.21,-0.005600764568,-0.05467088404,-0.2099839934,4.586856047e-05
3.186,-0.005519894317,-0.05472230593,-0.21,-0.005514817039,-0.05467962334,-0.2099839862,4.586965003e-05
3.187,-0.005433929945,-0.05473090905,-0.21,-0.005428855905,-0.05468822772,-0.2099839789,4.587067783e-05
3.188,-0.005347952166,-0.05473937712,-0.21,-0.005342881379,-0.05469669714,-0.2099839715,4.587164394e-05
3.189,-0.005261961191,-0.05474771013,-0.21,-0.005256893673,-0.05470503159,-0.209983964,4.587254843e-05
3.19,-0.005175957233,-0.05475590805,-0.21,-0.005170892999,-0.05471323105,-0.2099839565,4.587339137e-05
3.191,-0.005089940503,-0.05476397087,-0.21,-0.00508487957,-0.05472129549,-0.2099839489,4.587417281e-05
3.192,-0.005003911215,-0.05477189857,-0.21,-0.004998853597,-0.05472922491,-0.2099839412,4.587489286e-05
3.193,-0.00491786958,-0.05477969112,-0.21,-0.004912815294,-0.05473701926,-0.2099839335,4.587555155e-05
3.194,-0.00483181581,-0.0547873485,-0.21,-0.004826764873,-0.05474467855,-0.2099839257,4.587614898e-05
3.195,-0.004745750119,-0.05479487071,-0.21,-0.004740702545,-0.05475220275,-0.2099839178,4.587668522e-05
3.196,-0.004659672718,-0.05480225771,-0.21,-0.004654628524,-0.05475959183,-0.2099839098,4.587716032e-05
3.197,-0.004573583819,-0.05480950949,-0.21,-0.004568543022,-0.05476684579,-0.2099839018,4.587757436e-05
3.198,-0.004487483636,-0.05481662604,-0.21,-0.004482446252,-0.05477396461,-0.2099838938,4.587792741e-05
3.199,-0.004401372381,-0.05482360733,-0.21,-0.004396338425,-0.05478094826,-0.2099838856,4.587821952e-05
3.2,-0.004315250265,-0.05483045336,-0.21,-0.004310219755,-0.05478779673,-0.2099838774,4.587845077e-05
3.201,-0.004229117502,-0.05483716409,-0.21,-0.004224090454,-0.05479451,-0.2099838691,4.587862124e-05
3.202,-0.004142974304,-0.05484373951,-0.21,-0.004137950734,-0.05480108806,-0.2099838608,4.587873101e-05
3.203,-0.004056820884,-0.05485017962,-0.21,-0.004051800809,-0.05480753089,-0.2099838523,4.587878013e-05
3.204,-0.003970657454,-0.05485648439,-0.21,-0.00396564089,-0.05481383848,-0.2099838438,4.587876869e-05
3.205,-0.003884484226,-0.0548626538,-0.21,-0.003879471192,-0.0548200108,-0.2099838353,4.587869677e-05
3.206,-0.003798301414,-0.05486868785,-0.21,-0.003793291925,-0.05482604784,-0.2099838266,4.587856444e-05
3.207,-0.00371210923,-0.05487458651,-0.21,-0.003707103304,-0.0548319496,-0.2099838179,4.587837177e-05
3.208,-0.003625907887,-0.05488034978,-0.21,-0.00362090554,-0.05483771605,-0.2099838092,4.587811884e-05
3.209,-0.003539697598,-0.05488597763,-0.21,-0.003534698847,-0.05484334717,-0.2099838003,4.58778057e-05
3.21,-0.003453478574,-0.05489147006,-0.21,-0.003448483437,-0.05484884297,-0.2099837914,4.587743242e-05
3.211,-0.003367251029,-0.05489682705,-0.21,-0.003362259523,-0.05485420341,-0.2099837824,4.587699909e-05
3.212,-0.003281015176,-0.05490204859,-0.21,-0.003276027318,-0.0548594285,-0.2099837734,4.587650579e-05
3.213,-0.003194771228,-0.05490713466,-0.21,-0.003189787035,-0.05486451821,-0.2099837643,4.587595259e-05
3.214,-0.003108519397,-0.05491208526,-0.21,-0.003103538886,-0.05486947253,-0.2099837551,4.587533956e-05
3.215,-0.003022259895,-0.05491690036,-0.21,-0.003017283085,-0.05487429146,-0.2099837458,4.587466678e-05
3.216,-0.002935992937,-0.05492157996,-0.21,-0.002931019845,-0.05487897497,-0.2099837365,4.587393433e-05
3.217,-0.002849718734,-0.05492612405,-0.21,-0.002844749378,-0.05488352306,-0.2099837271,4.587314228e-05
3.218,-0.0027634375,-0.05493053261,-0.21,-0.002758471897,-0.05488793572,-0.2099837177,4.587229071e-05
3.219,-0.002677149447,-0.05493480564,-0.21,-0.002672187615,-0.05489221294,-0.2099837081,4.587137969e-05
3.22,-0.002590854789,-0.05493894312,-0.21,-0.002585896746,-0.0548963547,-0.2099836985,4.587040931e-05
3.221,-0.002504553738,-0.05494294505,-0.21,-0.002499599502,-0.05490036099,-0.2099836888,4.586937964e-05
3.222,-0.002418246507,-0.05494681141,-0.21,-0.002413296096,-0.05490423182,-0.2099836791,4.586829075e-05
3.223,-0.00233193331,-0.05495054219,-0.21,-0.002326986741,-0.05490796715,-0.2099836693,4.586714273e-05
3.224,-0.002245614359,-0.05495413739,-0.21,-0.002240671651,-0.05491156699,-0.2099836594,4.586593565e-05
3.225,-0.002159289867,-0.05495759699,-0.21,-0.002154351037,-0.05491503133,-0.2099836494,4.586466957e-05
3.226,-0.002072960047,-0.054960921,-0.21,-0.002068025115,-0.05491836016,-0.2099836394,4.58633446e-05
3.227,-0.001986625112,-0.05496410939,-0.21,-0.001981694096,-0.05492155347,-0.2099836293,4.58619608e-05
3.228,-0.001900285276,-0.05496716216,-0.21,-0.001895358193,-0.05492461126,-0.2099836192,4.586051826e-05
3.229,-0.00181394075,-0.05497007931,-0.21,-0.00180901762,-0.05492753351,-0.2099836089,4.585901704e-05
3.23,-0.001727591749,-0.05497286082,-0.21,-0.001722672589,-0.05493032021,-0.2099835986,4.585745725e-05
3.231,-0.001641238486,-0.05497550669,-0.21,-0.001636323315,-0.05493297137,-0.2099835883,4.585583897e-05
3.232,-0.001554881172,-0.05497801692,-0.21,-0.00154997001,-0.05493548697,-0.2099835778,4.585416225e-05
3.233,-0.001468520023,-0.05498039149,-0.21,-0.001463612886,-0.05493786701,-0.2099835673,4.585242721e-05
3.234,-0.001382155249,-0.05498263041,-0.21,-0.001377252158,-0.05494011149,-0.2099835567,4.585063391e-05
3.235,-0.001295787066,-0.05498473366,-0.21,-0.001290888039,-0.05494222039,-0.2099835461,4.584878242e-05
3.236,-0.001209415685,-0.05498670124,-0.21,-0.001204520741,-0.05494419371,-0.2099835353,4.584687283e-05
3.237,-0.00112304132,-0.05498853315,-0.21,-0.001118150478,-0.05494603145,-0.2099835245,4.584490522e-05
3.238,-0.001036664184,-0.05499022938,-0.21,-0.001031777462,-0.05494773361,-0.2099835137,4.584287966e-05
3.239,-0.0009502844906,-0.05499178993,-0.21,-0.0009454019082,-0.05494930017,-0.2099835027,4.584079625e-05
3.24,-0.0008639024522,-0.05499321479,-0.21,-0.0008590240285,-0.05495073113,-0.2099834917,4.583865509e-05
3.241,-0.0007775182821,-0.05499450396,-0.21,-0.0007726440363,-0.0549520265,-0.2099834807,4.583645625e-05
3.242,-0.0006911321936,-0.05499565743,-0.21,-0.0006862621448,-0.05495318627,-0.2099834695,4.583419983e-05
3.243,-0.0006047443998,-0.05499667521,-0.21,-0.0005998785673,-0.05495421043,-0.2099834583,4.583188589e-05
3.244,-0.0005183551138,-0.05499755729,-0.21,-0.0005134935169,-0.05495509898,-0.209983447,4.582951453e-05
3.245,-0.0004319645489,-0.05499830367,-0.21,-0.0004271072068,-0.05495585192,-0.2099834357,4.582708579e-05
3.246,-0.0003455729181,-0.05499891435,-0.21,-0.0003407198504,-0.05495646926,-0.2099834242,4.582459979e-05
3.247,-0.0002591804347,-0.05499938932,-0.21,-0.0002543316607,-0.05495695098,-0.2099834127,4.582205662e-05
3.248,-0.0001727873117,-0.05499972859,-0.21,-0.000167942851,-0.05495729708,-0.2099834012,4.581945637e-05
3.249,-8.639376245e-05,-0.05499993215,-0.21,-8.155363455e-05,-0.05495750757,-0.2099833895,4.581679912e-05
3.25,-1.010333609e-17,-0.055,-0.21,4.835775435e-06,-0.05495758245,-0.2099833778,4.581408495e-05
3.251,8.639376245e-05,-0.05499993215,-0.21,9.122516574e-05,-0.05495752171,-0.209983366,4.581131396e-05
3.252,0.0001727873117,-0.05499972859,-0.21,0.0001776143232,-0.05495732535,-0.2099833542,4.580848624e-05
3.253,0.0002591804347,-0.05499938932,-0.21,0.0002640030345,-0.05495699338,-0.2099833423,4.580560186e-05
3.254,0.0003455729181,-0.05499891435,-0.21,0.0003503910864,-0.05495652579,-0.2099833303,4.580266092e-05
3.255,0.0004319645489,-0.05499830367,-0.21,0.0004367782659,-0.0549559226,-0.2099833182,4.579966351e-05
3.256,0.0005183551138,-0.05499755729,-0.21,0.0005231643596,-0.05495518379,-0.2099833061,4.579660971e-05
3.257,0.0006047443998,-0.05499667521,-0.21,0.0006095491543,-0.05495430937,-0.2099832939,4.579349961e-05
3.258,0.0006911321936,-0.05499565743,-0.21,0.0006959324368,-0.05495329934,-0.2099832816,4.579033329e-05
3.259,0.0007775182821,-0.05499450396,-0.21,0.000782313994,-0.05495215371,-0.2099832693,4.578711086e-05
3.26,0.0008639024522,-0.05499321479,-0.21,0.0008686936125,-0.05495087248,-0.2099832568,4.578383243e-05
3.261,0.0009502844906,-0.05499178993,-0.21,0.0009550710793,-0.05494945565,-0.2099832444,4.578049806e-05
3.262,0.001036664184,-0.05499022938,-0.21,0.001041446181,-0.05494790322,-0.2099832318,4.577710784e-05
3.263,0.00112304132,-0.05498853315,-0.21,0.001127818705,-0.0549462152,-0.2099832192,4.577366188e-05
3.264,0.001209415685,-0.05498670124,-0.21,0.001214188437,-0.0549443916,-0.2099832065,4.577016025e-05
3.265,0.001295787066,-0.05498473366,-0.21,0.001300555165,-0.05494243241,-0.2099831937,4.576660305e-05
3.266,0.001382155249,-0.05498263041,-0.21,0.001386918676,-0.05494033764,-0.2099831809,4.576299038e-05
3.267,0.001468520023,-0.05498039149,-0.21,0.001473278755,-0.0549381073,-0.209983168,4.575932234e-05
3.268,0.001554881172,-0.05497801692,-0.21,0.001559635191,-0.0549357414,-0.209983155,4.575559902e-05
3.269,0.001641238486,-0.05497550669,-0.21,0.001645987769,-0.05493323993,-0.2099831419,4.57518205e-05
3.27,0.001727591749,-0.05497286082,-0.21,0.001732336278,-0.05493060291,-0.2099831288,4.574798688e-05
3.271,0.00181394075,-0.05497007931,-0.21,0.001818680503,-0.05492783034,-0.2099831156,4.574409826e-05
3.272,0.001900285276,-0.05496716216,-0.21,0.001905020231,-0.05492492223,-0.2099831024,4.574015473e-05
3.273,0.001986625112,-0.05496410939,-0.21,0.00199135525,-0.05492187858,-0.209983089,4.57361564e-05
3.274,0.002072960047,-0.054960921,-0.21,0.002077685347,-0.05491869941,-0.2099830756,4.573210336e-05
3.275,0.002159289867,-0.05495759699,-0.21,0.002164010308,-0.05491538472,-0.2099830622,4.572799571e-05
3.276,0.002245614359,-0.05495413739,-0.21,0.00225032992,-0.05491193451,-0.2099830486,4.572383355e-05
3.277,0.00233193331,-0.05495054219,-0.21,0.002336643971,-0.05490834881,-0.209983035,4.571961697e-05
3.278,0.002418246507,-0.05494681141,-0.21,0.002422952247,-0.05490462761,-0.2099830213,4.571534606e-05
3.279,0.002504553738,-0.05494294505,-0.21,0.002509254535,-0.05490077093,-0.2099830075,4.571102091e-05
3.28,0.002590854789,-0.05493894312,-0.21,0.002595550623,-0.05489677877,-0.2099829937,4.570664164e-05
3.281,0.002677149447,-0.05493480564,-0.21,0.002681840296,-0.05489265115,-0.2099829798,4.570220833e-05
3.282,0.0027634375,-0.05493053261,-0.21,0.002768123343,-0.05488838807,-0.2099829659,4.56977211e-05
3.283,0.002849718734,-0.05492612405,-0.21,0.002854399551,-0.05488398955,-0.2099829518,4.569318005e-05
3.284,0.002935992937,-0.05492157996,-0.21,0.002940668705,-0.0548794556,-0.2099829377,4.568858529e-05
3.285,0.003022259895,-0.05491690036,-0.21,0.003026930595,-0.05487478622,-0.2099829235,4.568393691e-05
3.286,0.003108519397,-0.05491208526,-0.21,0.003113185006,-0.05486998144,-0.2099829093,4.5679235e-05
3.287,0.003194771228,-0.05490713466,-0.21,0.003199431726,-0.05486504125,-0.2099828949,4.567447968e-05
3.288,0.003281015176,-0.05490204859,-0.21,0.003285670541,-0.05485996568,-0.2099828806,4.566967105e-05
3.289,0.003367251029,-0.05489682705,-0.21,0.00337190124,-0.05485475474,-0.2099828661,4.566480919e-05
3.29,0.003453478574,-0.05489147006,-0.21,0.003458123609,-0.05484940844,-0.2099828516,4.565989423e-05
3.291,0.003539697598,-0.05488597763,-0.21,0.003544337436,-0.05484392678,-0.209982837,4.565492626e-05
3.292,0.003625907887,-0.05488034978,-0.21,0.003630542507,-0.0548383098,-0.2099828223,4.564990537e-05
3.293,0.00371210923,-0.05487458651,-0.21,0.00371673861,-0.05483255749,-0.2099828075,4.564483169e-05
3.294,0.003798301414,-0.05486868785,-0.21,0.003802925533,-0.05482666988,-0.2099827927,4.563970532e-05
3.295,0.003884484226,-0.0548626538,-0.21,0.003889103062,-0.05482064698,-0.2099827778,4.563452637e-05
3.296,0.003970657454,-0.05485648439,-0.21,0.003975270985,-0.0548144888,-0.2099827629,4.562929496e-05
3.297,0.004056820884,-0.05485017962,-0.21,0.004061429089,-0.05480819536,-0.2099827478,4.562401118e-05
3.298,0.004142974304,-0.05484373951,-0.21,0.004147577161,-0.05480176668,-0.2099827327,4.561867514e-05
3.299,0.004229117502,-0.05483716409,-0.21,0.00423371499,-0.05479520276,-0.2099827176,4.561328694e-05
3.3,0.004315250265,-0.05483045336,-0.21,0.004319842362,-0.05478850363,-0.2099827023,4.560784669e-05
3.301,0.004401372381,-0.05482360733,-0.21,0.004405959065,-0.05478166931,-0.209982687,4.560235448e-05
3.302,0.004487483636,-0.05481662604,-0.21,0.004492064886,-0.0547746998,-0.2099826717,4.559681045e-05
3.303,0.004573583819,-0.05480950949,-0.21,0.004578159613,-0.05476759513,-0.2099826562,4.559121469e-05
3.304,0.004659672718,-0.05480225771,-0.21,0.004664243033,-0.05476035532,-0.2099826407,4.558556731e-05
3.305,0.004745750119,-0.05479487071,-0.21,0.004750314934,-0.05475298038,-0.2099826251,4.557986844e-05
3.306,0.00483181581,-0.0547873485,-0.21,0.004836375104,-0.05474547033,-0.2099826094,4.557411819e-05
3.307,0.00491786958,-0.05477969112,-0.21,0.00492242333,-0.05473782519,-0.2099825937,4.556831669e-05
3.308,0.005003911215,-0.05477189857,-0.21,0.005008459399,-0.05473004498,-0.2099825779,4.556246402e-05
3.309,0.005089940503,-0.05476397087,-0.21,0.0050944831,-0.05472212972,-0.209982562,4.555656031e-05
3.31,0.005175957233,-0.05475590805,-0.21,0.00518049422,-0.05471407942,-0.2099825461,4.555060566e-05
3.311,0.005261961191,-0.05474771013,-0.21,0.005266492547,-0.05470589411,-0.2099825301,4.554460019e-05
3.312,0.005347952166,-0.05473937712,-0.21,0.005352477869,-0.05469757381,-0.209982514,4.553854399e-05
3.313,0.005433929945,-0.05473090905,-0.21,0.005438449973,-0.05468911854,-0.2099824978,4.55324372e-05
3.314,0.005519894317,-0.05472230593,-0.21,0.005524408647,-0.05468052832,-0.2099824816,4.552627993e-05
3.315,0.005605845069,-0.0547135678,-0.21,0.005610353679,-0.05467180316,-0.2099824653,4.552007229e-05
3.316,0.005691781989,-0.05470469466,-0.21,0.005696284858,-0.0546629431,-0.209982449,4.55138144e-05
3.317,0.005777704865,-0.05469568654,-0.21,0.00578220197,-0.05465394815,-0.2099824325,4.550750639e-05
3.318,0.005863613485,-0.05468654347,-0.21,0.005868104804,-0.05464481834,-0.209982416,4.550114838e-05
3.319,0.005949507637,-0.05467726547,-0.21,0.005953993149,-0.05463555369,-0.2099823995,4.549474048e-05
3.32,0.00603538711,-0.05466785255,-0.21,0.006039866791,-0.05462615421,-0.2099823828,4.548828281e-05
3.321,0.006121251691,-0.05465830475,-0.21,0.006125725519,-0.05461661995,-0.2099823661,4.548177549e-05
3.322,0.006207101168,-0.05464862208,-0.21,0.006211569122,-0.05460695091,-0.2099823493,4.547521863e-05
3.323,0.00629293533,-0.05463880457,-0.21,0.006297397387,-0.05459714712,-0.2099823325,4.546861235e-05
3.324,0.006378753964,-0.05462885225,-0.21,0.006383210102,-0.05458720861,-0.2099823156,4.546195678e-05
3.325,0.00646455686,-0.05461876513,-0.21,0.006469007056,-0.0545771354,-0.2099822986,4.545525201e-05
3.326,0.006550343805,-0.05460854325,-0.21,0.006554788038,-0.05456692751,-0.2099822815,4.544849819e-05
3.327,0.006636114588,-0.05459818663,-0.21,0.006640552834,-0.05455658498,-0.2099822644,4.544169546e-05
3.328,0.006721868997,-0.05458769529,-0.21,0.006726301235,-0.05454610782,-0.2099822472,4.543484392e-05
3.329,0.00680760682,-0.05457706926,-0.21,0.006812033027,-0.05453549607,-0.2099822299,4.542794371e-05
3.33,0.006893327846,-0.05456630857,-0.21,0.006897748,-0.05452474974,-0.2099822126,4.542099494e-05
3.331,0.006979031864,-0.05455541324,-0.21,0.006983445942,-0.05451386887,-0.2099821952,4.541399773e-05
3.332,0.007064718661,-0.05454438331,-0.21,0.007069126642,-0.05450285349,-0.2099821777,4.540695223e-05
3.333,0.007150388027,-0.05453321879,-0.21,0.007154789888,-0.05449170361,-0.2099821601,4.539985853e-05
3.334,0.00723603975,-0.05452191971,-0.21,0.007240435468,-0.05448041927,-0.2099821425,4.539271676e-05
3.335,0.007321673619,-0.05451048611,-0.21,0.007326063172,-0.05446900049,-0.2099821248,4.538552707e-05
3.336,0.007407289422,-0.054498918,-0.21,0.007411672788,-0.05445744731,-0.2099821071,4.537828957e-05
3.337,0.007492886949,-0.05448721543,-0.21,0.007497264105,-0.05444575974,-0.2099820893,4.537100441e-05
3.338,0.007578465988,-0.05447537841,-0.21,0.007582836911,-0.05443393783,-0.2099820714,4.53636717e-05
3.339,0.007664026327,-0.05446340699,-0.21,0.007668390996,-0.0544219816,-0.2099820534,4.535629159e-05
3.34,0.007749567757,-0.05445130117,-0.21,0.007753926148,-0.05440989108,-0.2099820354,4.534886419e-05
3.341,0.007835090065,-0.05443906101,-0.21,0.007839442156,-0.0543976663,-0.2099820173,4.534138963e-05
3.342,0.00792059304,-0.05442668652,-0.21,0.00792493881,-0.05438530728,-0.2099819991,4.533386803e-05
3.343,0.008006076473,-0.05441417774,-0.21,0.008010415897,-0.05437281407,-0.2099819809,4.532629953e-05
3.344,0.008091540151,-0.0544015347,-0.21,0.008095873208,-0.05436018669,-0.2099819626,4.531868428e-05
3.345,0.008176983864,-0.05438875743,-0.21,0.008181310532,-0.05434742517,-0.2099819442,4.53110224e-05
3.346,0.008262407402,-0.05437584596,-0.21,0.008266727657,-0.05433452954,-0.2099819257,4.530331401e-05
3.347,0.008347810552,-0.05436280032,-0.21,0.008352124373,-0.05432149984,-0.2099819072,4.529555926e-05
3.348,0.008433193106,-0.05434962055,-0.21,0.008437500468,-0.05430833609,-0.2099818886,4.528775829e-05
3.349,0.008518554851,-0.05433630668,-0.21,0.008522855734,-0.05429503834,-0.20998187,4.527991124e-05
3.35,0.008603895577,-0.05432285873,-0.21,0.008608189958,-0.05428160661,-0.2099818513,4.527201824e-05
3.351,0.008689215074,-0.05430927675,-0.21,0.00869350293,-0.05426804093,-0.2099818325,4.526407942e-05
3.352,0.008774513132,-0.05429556077,-0.21,0.008778794439,-0.05425434135,-0.2099818136,4.52560949e-05
3.353,0.008859789539,-0.05428171082,-0.21,0.008864064276,-0.05424050789,-0.2099817947,4.524806483e-05
3.354,0.008945044086,-0.05426772693,-0.21,0.00894931223,-0.05422654058,-0.2099817757,4.523998934e-05
3.355,0.009030276561,-0.05425360914,-0.21,0.00903453809,-0.05421243947,-0.2099817567,4.523186856e-05
3.356,0.009115486756,-0.05423935749,-0.21,0.009119741647,-0.05419820459,-0.2099817375,4.522370266e-05
3.357,0.009200674458,-0.05422497201,-0.21,0.009204922689,-0.05418383597,-0.2099817183,4.521549179e-05
3.358,0.009285839459,-0.05421045273,-0.21,0.009290081007,-0.05416933364,-0.2099816991,4.520723605e-05
3.359,0.009370981548,-0.0541957997,-0.21,0.00937521639,-0.05415469765,-0.2099816797,4.519893562e-05
3.36,0.009456100515,-0.05418101294,-0.21,0.009460328629,-0.05413992803,-0.2099816603,4.519059061e-05
3.361,0.00954119615,-0.05416609249,-0.21,0.009545417513,-0.05412502482,-0.2099816409,4.518220119e-05
3.362,0.009626268244,-0.0541510384,-0.21,0.009630482833,-0.05410998805,-0.2099816213,4.517376749e-05
3.363,0.009711316585,-0.05413585069,-0.21,0.009715524378,-0.05409481776,-0.2099816017,4.516528963e-05
3.364,0.009796340965,-0.05412052941,-0.21,0.009800541939,-0.05407951399,-0.2099815821,4.515676776e-05
3.365,0.009881341173,-0.05410507459,-0.21,0.009885535306,-0.05406407677,-0.2099815623,4.514820203e-05
3.366,0.009966316999,-0.05408948627,-0.21,0.009970504269,-0.05404850615,-0.2099815425,4.513959258e-05
3.367,0.01005126824,-0.0540737645,-0.21,0.01005544862,-0.05403280215,-0.2099815226,4.513093959e-05
3.368,0.01013619467,-0.0540579093,-0.21,0.01014036815,-0.05401696483,-0.2099815027,4.51222432e-05
3.369,0.0102210961,-0.05404192072,-0.21,0.01022526264,-0.05400099423,-0.2099814827,4.511350355e-05
3.37,0.0103059723,-0.05402579879,-0.21,0.01031013189,-0.05398489037,-0.2099814626,4.510472076e-05
3.371,0.01039082308,-0.05400954356,-0.21,0.01039497569,-0.05396865329,-0.2099814425,4.509589501e-05
3.372,0.01047564822,-0.05399315507,-0.21,0.01047979383,-0.05395228305,-0.2099814223,4.508702643e-05
3.373,0.01056044751,-0.05397663336,-0.21,0.0105645861,-0.05393577968,-0.209981402,4.507811517e-05
3.374,0.01064522074,-0.05395997846,-0.21,0.01064935229,-0.05391914322,-0.2099813816,4.506916139e-05
3.375,0.01072996771,-0.05394319042,-0.21,0.01073409219,-0.05390237371,-0.2099813612,4.506016522e-05
3.376,0.0108146882,-0.05392626929,-0.21,0.01081880559,-0.0538854712,-0.2099813408,4.505112684e-05
3.377,0.01089938201,-0.05390921509,-0.21,0.01090349229,-0.05386843572,-0.2099813202,4.504204639e-05
3.378,0.01098404893,-0.05389202788,-0.21,0.01098815207,-0.05385126731,-0.2099812996,4.503292403e-05
3.379,0.01106868874,-0.0538747077,-0.21,0.01107278473,-0.05383396603,-0.2099812789,4.50237599e-05
3.38,0.01115330124,-0.05385725458,-0.21,0.01115739005,-0.05381653191,-0.2099812582,4.501455418e-05
3.381,0.01123788623,-0.05383966858,-0.21,0.01124196783,-0.05379896499,-0.2099812374,4.500530701e-05
3.382,0.01132244348,-0.05382194974,-0.21,0.01132651786,-0.05378126533,-0.2099812165,4.499601853e-05
3.383,0.0114069728,-0.05380409809,-0.21,0.01141103993,-0.05376343295,-0.2099811956,4.49866889e-05
3.384,0.01149147397,-0.05378611369,-0.21,0.01149553384,-0.05374546791,-0.2099811746,4.497731827e-05
3.385,0.01157594679,-0.05376799658,-0.21,0.01157999936,-0.05372737026,-0.2099811535,4.496790681e-05
3.386,0.01166039105,-0.0537497468,-0.21,0.01166443631,-0.05370914003,-0.2099811323,4.495845468e-05
3.387,0.01174480653,-0.05373136439,-0.21,0.01174884445,-0.05369077726,-0.2099811111,4.494896203e-05
3.388,0.01182919304,-0.05371284941,-0.21,0.0118332236,-0.05367228202,-0.2099810899,4.493942903e-05
3.389,0.01191355035,-0.0536942019,-0.21,0.01191757354,-0.05365365434,-0.2099810685,4.492985585e-05
3.39,0.01199787828,-0.05367542191,-0.21,0.01200189406,-0.05363489426,-0.2099810471,4.492024262e-05
3.391,0.0120821766,-0.05365650947,-0.21,0.01208618495,-0.05361600184,-0.2099810256,4.491058955e-05
3.392,0.0121664451,-0.05363746465,-0.21,0.01217044601,-0.05359697712,-0.2099810041,4.490089677e-05
3.393,0.01225068359,-0.05361828747,-0.21,0.01225467702,-0.05357782015,-0.2099809825,4.489116442e-05
3.394,0.01233489185,-0.053598978,-0.21,0.01233887779,-0.05355853097,-0.2099809609,4.488139268e-05
3.395,0.01241906968,-0.05357953628,-0.21,0.0124230481,-0.05353910963,-0.2099809391,4.487158169e-05
3.396,0.01250321686,-0.05355996236,-0.21,0.01250718775,-0.05351955619,-0.2099809173,4.486173165e-05
3.397,0.01258733319,-0.05354025629,-0.21,0.01259129652,-0.05349987069,-0.2099808955,4.485184272e-05
3.398,0.01267141847,-0.0535204181,-0.21,0.01267537421,-0.05348005317,-0.2099808735,4.484191507e-05
3.399,0.01275547248,-0.05350044787,-0.21,0.01275942062,-0.05346010369,-0.2099808516,4.483194886e-05
3.4,0.01283949501,-0.05348034562,-0.21,0.01284343553,-0.05344002229,-0.2099808295,4.482194425e-05
3.401,0.01292348587,-0.05346011142,-0.21,0.01292741873,-0.05341980903,-0.2099808074,4.481190144e-05
3.402,0.01300744484,-0.05343974531,-0.21,0.01301137003,-0.05339946396,-0.2099807852,4.480182054e-05
3.403,0.01309137171,-0.05341924734,-0.21,0.01309528921,-0.05337898712,-0.2099807629,4.479170176e-05
3.404,0.01317526628,-0.05339861757,-0.21,0.01317917607,-0.05335837857,-0.2099807406,4.478154525e-05
3.405,0.01325912835,-0.05337785604,-0.21,0.01326303039,-0.05333763835,-0.2099807183,4.477135118e-05
3.406,0.01334295769,-0.05335696281,-0.21,0.01334685198,-0.05331676653,-0.2099806958,4.476111972e-05
3.407,0.01342675412,-0.05333593792,-0.21,0.01343064062,-0.05329576314,-0.2099806733,4.475085106e-05
3.408,0.01351051742,-0.05331478143,-0.21,0.01351439612,-0.05327462824,-0.2099806507,4.474054536e-05
3.409,0.01359424738,-0.0532934934,-0.21,0.01359811825,-0.05325336189,-0.2099806281,4.473020281e-05
3.41,0.01367794379,-0.05327207386,-0.21,0.01368180682,-0.05323196414,-0.2099806054,4.471982357e-05
3.411,0.01376160646,-0.05325052289,-0.21,0.01376546162,-0.05321043503,-0.2099805827,4.470940782e-05
3.412,0.01384523518,-0.05322884052,-0.21,0.01384908244,-0.05318877463,-0.2099805598,4.469895572e-05
3.413,0.01392882973,-0.05320702681,-0.21,0.01393266908,-0.05316698299,-0.209980537,4.468846745e-05
3.414,0.01401238991,-0.05318508183,-0.21,0.01401622133,-0.05314506015,-0.209980514,4.467794317e-05
3.415,0.01409591552,-0.05316300561,-0.21,0.01409973898,-0.05312300618,-0.209980491,4.466738308e-05
3.416,0.01417940635,-0.05314079822,-0.21,0.01418322183,-0.05310082112,-0.2099804679,4.465678734e-05
3.417,0.01426286219,-0.05311845971,-0.21,0.01426666967,-0.05307850504,-0.2099804448,4.464615615e-05
3.418,0.01434628285,-0.05309599014,-0.21,0.0143500823,-0.05305605799,-0.2099804216,4.463548966e-05
3.419,0.0144296681,-0.05307338955,-0.21,0.01443345951,-0.05303348002,-0.2099803983,4.462478809e-05
3.42,0.01451301775,-0.05305065802,-0.21,0.01451680109,-0.05301077119,-0.209980375,4.46140516e-05
3.421,0.01459633159,-0.05302779558,-0.21,0.01460010684,-0.05298793156,-0.2099803516,4.460328038e-05
3.422,0.01467960941,-0.05300480231,-0.21,0.01468337656,-0.05296496118,-0.2099803281,4.459247461e-05
3.423,0.01476285102,-0.05298167825,-0.21,0.01476661003,-0.05294186011,-0.2099803046,4.458163446e-05
3.424,0.0148460562,-0.05295842346,-0.21,0.01484980705,-0.0529186284,-0.2099802811,4.457076008e-05
3.425,0.01492922474,-0.052935038,-0.21,0.01493296743,-0.05289526612,-0.2099802574,4.455985168e-05
3.426,0.01501235645,-0.05291152194,-0.21,0.01501609094,-0.05287177332,-0.2099802337,4.454890945e-05
3.427,0.01509545112,-0.05288787532,-0.21,0.01509917739,-0.05284815005,-0.20998021,4.453793356e-05
3.428,0.01517850855,-0.0528640982,-0.21,0.01518222658,-0.05282439639,-0.2099801861,4.452692422e-05
3.429,0.01526152852,-0.05284019064,-0.21,0.01526523829,-0.05280051238,-0.2099801622,4.451588161e-05
3.43,0.01534451083,-0.05281615271,-0.21,0.01534821232,-0.05277649808,-0.2099801383,4.450480593e-05
3.431,0.01542745529,-0.05279198446,-0.21,0.01543114847,-0.05275235356,-0.2099801143,4.449369736e-05
3.432,0.01551036167,-0.05276768595,-0.21,0.01551404653,-0.05272807888,-0.2099800902,4.448255608e-05
3.433,0.01559322979,-0.05274325724,-0.21,0.0155969063,-0.05270367409,-0.2099800661,4.447138227e-05
3.434,0.01567605944,-0.0527186984,-0.21,0.01567972758,-0.05267913925,-0.2099800419,4.446017611e-05
3.435,0.0157588504,-0.05269400947,-0.21,0.01576251015,-0.05265447442,-0.2099800176,4.44489378e-05
3.436,0.01584160248,-0.05266919053,-0.21,0.01584525382,-0.05262967968,-0.2099799933,4.443766753e-05
3.437,0.01592431547,-0.05264424163,-0.21,0.01592795838,-0.05260475507,-0.209979969,4.442636548e-05
3.438,0.01600698918,-0.05261916284,-0.21,0.01601062363,-0.05257970065,-0.2099799445,4.441503184e-05
3.439,0.01608962338,-0.05259395421,-0.21,0.01609324936,-0.0525545165,-0.20997992,4.440366682e-05
3.44,0.01617221789,-0.05256861581,-0.21,0.01617583537,-0.05252920267,-0.2099798955,4.439227062e-05
3.441,0.01625477249,-0.05254314771,-0.21,0.01625838146,-0.05250375923,-0.2099798709,4.438084345e-05
3.442,0.01633728699,-0.05251754996,-0.21,0.01634088742,-0.05247818623,-0.2099798462,4.436938548e-05
3.443,0.01641976117,-0.05249182263,-0.21,0.01642335304,-0.05245248374,-0.2099798215,4.435789693e-05
3.444,0.01650219484,-0.05246596578,-0.21,0.01650577814,-0.05242665183,-0.2099797967,4.434637795e-05
3.445,0.0165845878,-0.05243997948,-0.21,0.01658816249,-0.05240069056,-0.2099797718,4.433482875e-05
3.446,0.01666693983,-0.05241386378,-0.21,0.0166705059,-0.05237459999,-0.2099797469,4.432324954e-05
3.447,0.01674925074,-0.05238761876,-0.21,0.01675280817,-0.05234838019,-0.2099797219,4.431164049e-05
3.448,0.01683152032,-0.05236124448,-0.21,0.01683506909,-0.05232203121,-0.2099796969,4.430000179e-05
3.449,0.01691374837,-0.052334741,-0.21,0.01691728845,-0.05229555314,-0.2099796718,4.428833368e-05
3.45,0.01699593469,-0.0523081084,-0.21,0.01699946607,-0.05226894603,-0.2099796467,4.427663633e-05
3.451,0.01707807907,-0.05228134672,-0.21,0.01708160172,-0.05224220994,-0.2099796214,4.426490994e-05
3.452,0.01716018132,-0.05225445605,-0.21,0.01716369522,-0.05221534495,-0.2099795962,4.425315474e-05
3.453,0.01724224122,-0.05222743645,-0.21,0.01724574636,-0.05218835112,-0.2099795709,4.424137094e-05
3.454,0.01732425858,-0.05220028797,-0.21,0.01732775493,-0.05216122851,-0.2099795455,4.422955874e-05
3.455,0.01740623319,-0.0521730107,-0.21,0.01740972074,-0.0521339772,-0.20997952,4.421771831e-05
3.456,0.01748816486,-0.0521456047,-0.21,0.01749164358,-0.05210659725,-0.2099794945,4.420584987e-05
3.457,0.01757005338,-0.05211807004,-0.21,0.01757352324,-0.05207908873,-0.209979469,4.419395361e-05
3.458,0.01765189854,-0.05209040677,-0.21,0.01765535954,-0.0520514517,-0.2099794434,4.418202971e-05
3.459,0.01773370015,-0.05206261498,-0.21,0.01773715226,-0.05202368624,-0.2099794177,4.417007841e-05
3.46,0.017815458,-0.05203469474,-0.21,0.0178189012,-0.05199579241,-0.209979392,4.415809991e-05
3.461,0.0178971719,-0.0520066461,-0.21,0.01790060617,-0.05196777029,-0.2099793662,4.414609441e-05
3.462,0.01797884163,-0.05197846913,-0.21,0.01798226695,-0.05193961993,-0.2099793403,4.413406212e-05
3.463,0.01806046701,-0.05195016392,-0.21,0.01806388335,-0.05191134142,-0.2099793144,4.412200326e-05
3.464,0.01814204782,-0.05192173053,-0.21,0.01814545518,-0.05188293482,-0.2099792885,4.410991804e-05
3.465,0.01822358387,-0.05189316902,-0.21,0.01822698221,-0.0518544002,-0.2099792624,4.409780666e-05
3.466,0.01830507495,-0.05186447947,-0.21,0.01830846427,-0.05182573763,-0.2099792364,4.408566935e-05
3.467,0.01838652087,-0.05183566196,-0.21,0.01838990113,-0.05179694718,-0.2099792102,4.407350627e-05
3.468,0.01846792142,-0.05180671654,-0.21,0.01847129261,-0.05176802892,-0.2099791841,4.406131765e-05
3.469,0.0185492764,-0.05177764329,-0.21,0.01855263851,-0.05173898293,-0.2099791578,4.404910372e-05
3.47,0.01863058561,-0.05174844229,-0.21,0.01863393861,-0.05170980928,-0.2099791315,4.403686467e-05
3.471,0.01871184886,-0.05171911361,-0.21,0.01871519273,-0.05168050803,-0.2099791052,4.402460071e-05
3.472,0.01879306593,-0.05168965731,-0.21,0.01879640065,-0.05165107927,-0.2099790788,4.401231207e-05
3.473,0.01887423664,-0.05166007347,-0.21,0.01887756219,-0.05162152306,-0.2099790523,4.399999896e-05
3.474,0.01895536077,-0.05163036217,-0.21,0.01895867713,-0.05159183947,-0.2099790258,4.398766159e-05
3.475,0.01903643814,-0.05160052348,-0.21,0.01903974529,-0.05156202859,-0.2099789992,4.397530018e-05
3.476,0.01911746853,-0.05157055746,-0.21,0.01912076646,-0.05153209048,-0.2099789726,4.396291494e-05
3.477,0.01919845176,-0.0515404642,-0.21,0.01920174043,-0.05150202521,-0.2099789459,4.39505061e-05
3.478,0.01927938761,-0.05151024377,-0.21,0.01928266702,-0.05147183287,-0.2099789192,4.393807385e-05
3.479,0.01936027589,-0.05147989624,-0.21,0.01936354602,-0.05144151352,-0.2099788924,4.392561841e-05
3.48,0.01944111641,-0.0514494217,-0.21,0.01944437722,-0.05141106724,-0.2099788655,4.391314002e-05
3.481,0.01952190895,-0.0514188202,-0.21,0.01952516044,-0.05138049411,-0.2099788386,4.390063889e-05
3.482,0.01960265333,-0.05138809184,-0.21,0.01960589548,-0.0513497942,-0.2099788116,4.388811523e-05
3.483,0.01968334934,-0.05135723667,-0.21,0.01968658212,-0.05131896759,-0.2099787846,4.387556926e-05
3.484,0.01976399678,-0.05132625479,-0.21,0.01976722018,-0.05128801435,-0.2099787576,4.386300119e-05
3.485,0.01984459546,-0.05129514627,-0.21,0.01984780946,-0.05125693456,-0.2099787305,4.385041127e-05
3.486,0.01992514517,-0.05126391119,-0.21,0.01992834975,-0.05122572829,-0.2099787033,4.38377997e-05
3.487,0.02000564572,-0.05123254961,-0.21,0.02000884086,-0.05119439563,-0.2099786761,4.382516671e-05
3.488,0.0200860969,-0.05120106162,-0.21,0.02008928259,-0.05116293666,-0.2099786488,4.381251251e-05
3.489,0.02016649853,-0.0511694473,-0.21,0.02016967474,-0.05113135144,-0.2099786214,4.379983734e-05
3.49,0.0202468504,-0.05113770672,-0.21,0.02025001711,-0.05109964005,-0.2099785941,4.37871414e-05
3.491,0.02032715231,-0.05110583997,-0.21,0.0203303095,-0.05106780258,-0.2099785666,4.377442492e-05
3.492,0.02040740406,-0.05107384712,-0.21,0.02041055172,-0.05103583911,-0.2099785391,4.376168813e-05
3.493,0.02048760546,-0.05104172825,-0.21,0.02049074357,-0.0510037497,-0.2099785116,4.374893127e-05
3.494,0.02056775632,-0.05100948343,-0.21,0.02057088486,-0.05097153445,-0.209978484,4.373615456e-05
3.495,0.02064785642,-0.05097711276,-0.21,0.02065097537,-0.05093919343,-0.2099784564,4.37233582e-05
3.496,0.02072790557,-0.05094461631,-0.21,0.02073101492,-0.05090672672,-0.2099784287,4.371054243e-05
3.497,0.02080790358,-0.05091199415,-0.21,0.0208110033,-0.0508741344,-0.2099784009,4.369770748e-05
3.498,0.02088785025,-0.05087924638,-0.21,0.02089094033,-0.05084141655,-0.2099783731,4.368485358e-05
3.499,0.02096774538,-0.05084637306,-0.21,0.0209708258,-0.05080857326,-0.2099783453,4.367198097e-05
3.5,0.02104758878,-0.05081337429,-0.21,0.02105065951,-0.0507756046,-0.2099783174,4.365908985e-05
3.501,0.02112738024,-0.05078025014,-0.21,0.02113044128,-0.05074251065,-0.2099782894,4.364618046e-05
3.502,0.02120711958,-0.05074700069,-0.21,0.02121017089,-0.0507092915,-0.2099782614,4.363325302e-05
3.503,0.02128680658,-0.05071362603,-0.21,0.02128984816,-0.05067594723,-0.2099782333,4.362030778e-05
3.504,0.02136644106,-0.05068012625,-0.21,0.0213694729,-0.05064247792,-0.2099782052,4.360734497e-05
3.505,0.02144602283,-0.05064650141,-0.21,0.02144904489,-0.05060888365,-0.2099781771,4.35943648e-05
3.506,0.02152555168,-0.05061275161,-0.21,0.02152856395,-0.05057516451,-0.2099781489,4.358136752e-05
3.507,0.02160502741,-0.05057887692,-0.21,0.02160802988,-0.05054132058,-0.2099781206,4.356835336e-05
3.508,0.02168444984,-0.05054487744,-0.21,0.02168744248,-0.05050735194,-0.2099780923,4.355532255e-05
3.509,0.02176381876,-0.05051075324,-0.21,0.02176680157,-0.05047325867,-0.209978064,4.354227532e-05
3.51,0.02184313398,-0.05047650441,-0.21,0.02184610693,-0.05043904087,-0.2099780355,4.352921191e-05
3.511,0.02192239531,-0.05044213104,-0.21,0.02192535838,-0.05040469862,-0.2099780071,4.351613255e-05
3.512,0.02200160255,-0.0504076332,-0.21,0.02200455572,-0.05037023199,-0.2099779786,4.350303747e-05
3.513,0.0220807555,-0.05037301099,-0.21,0.02208369876,-0.05033564108,-0.20997795,4.34899269e-05
3.514,0.02215985396,-0.05033826449,-0.21,0.0221627873,-0.05030092597,-0.2099779214,4.347680107e-05
3.515,0.02223889775,-0.05030339379,-0.21,0.02224182115,-0.05026608675,-0.2099778928,4.346366023e-05
3.516,0.02231788667,-0.05026839897,-0.21,0.0223208001,-0.0502311235,-0.2099778641,4.345050463e-05
3.517,0.02239682052,-0.05023328011,-0.21,0.02239972397,-0.05019603631,-0.2099778354,4.343733449e-05
3.518,0.02247569911,-0.05019803731,-0.21,0.02247859257,-0.05016082527,-0.2099778066,4.342415006e-05
3.519,0.02255452224,-0.05016267065,-0.21,0.02255740568,-0.05012549045,-0.2099777777,4.341095155e-05
3.52,0.02263328972,-0.05012718021,-0.21,0.02263616314,-0.05009003196,-0.2099777488,4.339773923e-05
3.521,0.02271200136,-0.0500915661,-0.21,0.02271486472,-0.05005444987,-0.2099777199,4.338451331e-05
3.522,0.02279065695,-0.05005582839,-0.21,0.02279351026,-0.05001874428,-0.2099776909,4.337127406e-05
3.523,0.02286925632,-0.05001996717,-0.21,0.02287209954,-0.04998291527,-0.2099776619,4.335802169e-05
3.524,0.02294779925,-0.04998398253,-0.21,0.02295063238,-0.04994696294,-0.2099776328,4.334475646e-05
3.525,0.02302628556,-0.04994787456,-0.21,0.02302910858,-0.04991088736,-0.2099776037,4.333147858e-05
3.526,0.02310471506,-0.04991164335,-0.21,0.02310752794,-0.04987468863,-0.2099775745,4.331818832e-05
3.527,0.02318308755,-0.04987528899,-0.21,0.02318589029,-0.04983836684,-0.2099775453,4.33048859e-05
3.528,0.02326140284,-0.04983881156,-0.21,0.02326419541,-0.04980192208,-0.209977516,4.329157156e-05
3.529,0.02333966073,-0.04980221116,-0.21,0.02334244313,-0.04976535444,-0.2099774867,4.327824557e-05
3.53,0.02341786104,-0.04976548789,-0.21,0.02342063324,-0.04972866401,-0.2099774574,4.326490814e-05
3.531,0.02349600356,-0.04972864181,-0.21,0.02349876555,-0.04969185087,-0.209977428,4.325155956e-05
3.532,0.02357408811,-0.04969167304,-0.21,0.02357683987,-0.04965491513,-0.2099773986,4.323820006e-05
3.533,0.02365211449,-0.04965458166,-0.21,0.02365485601,-0.04961785686,-0.2099773691,4.322482988e-05
3.534,0.02373008251,-0.04961736777,-0.21,0.02373281377,-0.04958067617,-0.2099773395,4.321144925e-05
3.535,0.02380799198,-0.04958003144,-0.21,0.02381071297,-0.04954337315,-0.20997731,4.319805839e-05
3.536,0.02388584271,-0.04954257278,-0.21,0.02388855341,-0.04950594788,-0.2099772803,4.318465756e-05
3.537,0.0239636345,-0.04950499188,-0.21,0.02396633489,-0.04946840046,-0.2099772507,4.3171247e-05
3.538,0.02404136717,-0.04946728884,-0.21,0.02404405723,-0.04943073098,-0.209977221,4.315782697e-05
3.539,0.02411904051,-0.04942946373,-0.21,0.02412172024,-0.04939293953,-0.2099771912,4.31443977e-05
3.54,0.02419665434,-0.04939151667,-0.21,0.02419932372,-0.04935502621,-0.2099771614,4.313095946e-05
3.541,0.02427420847,-0.04935344773,-0.21,0.02427686748,-0.04931699112,-0.2099771316,4.31175125e-05
3.542,0.02435170271,-0.04931525702,-0.21,0.02435435134,-0.04927883433,-0.2099771017,4.310405705e-05
3.543,0.02442913686,-0.04927694463,-0.21,0.02443177509,-0.04924055596,-0.2099770718,4.309059336e-05
3.544,0.02450651073,-0.04923851066,-0.21,0.02450913855,-0.04920215609,-0.2099770418,4.307712171e-05
3.545,0.02458382414,-0.04919995519,-0.21,0.02458644153,-0.04916363482,-0.2099770118,4.30636423e-05
3.546,0.02466107688,-0.04916127833,-0.21,0.02466368383,-0.04912499225,-0.2099769817,4.305015539e-05
3.547,0.02473826878,-0.04912248016,-0.21,0.02474086527,-0.04908622846,-0.2099769516,4.303666122e-05
3.548,0.02481539964,-0.0490835608,-0.21,0.02481798566,-0.04904734356,-0.2099769215,4.302316004e-05
3.549,0.02489246927,-0.04904452032,-0.21,0.0248950448,-0.04900833764,-0.2099768913,4.300965211e-05
3.55,0.02496947749,-0.04900535883,-0.21,0.02497204251,-0.04896921079,-0.2099768611,4.299613767e-05
3.551,0.02504642409,-0.04896607643,-0.21,0.0250489786,-0.04892996312,-0.2099768309,4.298261697e-05
3.552,0.02512330889,-0.0489266732,-0.21,0.02512585287,-0.04889059472,-0.2099768006,4.296909025e-05
3.553,0.0252001317,-0.04888714925,-0.21,0.02520266514,-0.04885110569,-0.2099767702,4.295555781e-05
3.554,0.02527689233,-0.04884750468,-0.21,0.02527941521,-0.04881149612,-0.2099767398,4.294201987e-05
3.555,0.0253535906,-0.04880773959,-0.21,0.0253561029,-0.04877176612,-0.2099767094,4.292847668e-05
3.556,0.02543022631,-0.04876785406,-0.21,0.02543272802,-0.04873191577,-0.2099766789,4.291492848e-05
3.557,0.02550679927,-0.04872784821,-0.21,0.02550929038,-0.04869194519,-0.2099766484,4.290137551e-05
3.558,0.02558330929,-0.04868772212,-0.21,0.02558578979,-0.04865185446,-0.2099766179,4.288781804e-05
3.559,0.0256597562,-0.04864747591,-0.21,0.02566222606,-0.04861164369,-0.2099765873,4.287425633e-05
3.56,0.02573613978,-0.04860710965,-0.21,0.02573859901,-0.04857131298,-0.2099765567,4.286069061e-05
3.561,0.02581245987,-0.04856662347,-0.21,0.02581490843,-0.04853086242,-0.209976526,4.284712114e-05
3.562,0.02588871627,-0.04852601745,-0.21,0.02589115416,-0.04849029211,-0.2099764953,4.283354818e-05
3.563,0.02596490879,-0.0484852917,-0.21,0.025967336,-0.04844960216,-0.2099764646,4.281997196e-05
3.564,0.02604103724,-0.04844444632,-0.21,0.02604345375,-0.04840879267,-0.2099764338,4.280639278e-05
3.565,0.02611710144,-0.04840348141,-0.21,0.02611950724,-0.04836786374,-0.209976403,4.279281085e-05
3.566,0.0261931012,-0.04836239706,-0.21,0.02619549627,-0.04832681546,-0.2099763721,4.277922644e-05
3.567,0.02626903633,-0.04832119339,-0.21,0.02627142067,-0.04828564794,-0.2099763413,4.276563979e-05
3.568,0.02634490665,-0.04827987048,-0.21,0.02634728023,-0.04824436128,-0.2099763103,4.275205116e-05
3.569,0.02642071196,-0.04823842845,-0.21,0.02642307477,-0.04820295559,-0.2099762794,4.273846081e-05
3.57,0.02649645208,-0.0481968674,-0.21,0.02649880412,-0.04816143095,-0.2099762484,4.2724869e-05
3.571,0.02657212682,-0.04815518743,-0.21,0.02657446807,-0.04811978749,-0.2099762173,4.271127594e-05
3.572,0.026647736,-0.04811338864,-0.21,0.02665006645,-0.0480780253,-0.2099761862,4.269768192e-05
3.573,0.02672327942,-0.04807147113,-0.21,0.02672559906,-0.04803614447,-0.2099761551,4.26840872e-05
3.574,0.02679875691,-0.04802943501,-0.21,0.02680106572,-0.04799414513,-0.209976124,4.267049203e-05
3.575,0.02687416828,-0.04798728039,-0.21,0.02687646625,-0.04795202736,-0.2099760928,4.265689666e-05
3.576,0.02694951334,-0.04794500736,-0.21,0.02695180045,-0.04790979128,-0.2099760616,4.264330133e-05
3.577,0.0270247919,-0.04790261603,-0.21,0.02702706815,-0.04786743699,-0.2099760303,4.262970632e-05
3.578,0.02710000379,-0.04786010651,-0.21,0.02710226915,-0.04782496459,-0.209975999,4.261611187e-05
3.579,0.0271751488,-0.04781747889,-0.21,0.02717740328,-0.04778237418,-0.2099759677,4.260251822e-05
3.58,0.02725022676,-0.04777473329,-0.21,0.02725247034,-0.04773966588,-0.2099759363,4.258892564e-05
3.581,0.02732523749,-0.04773186982,-0.21,0.02732747015,-0.04769683979,-0.2099759049,4.257533439e-05
3.582,0.02740018079,-0.04768888856,-0.21,0.02740240253,-0.04765389601,-0.2099758735,4.256174473e-05
3.583,0.02747505649,-0.04764578964,-0.21,0.02747726729,-0.04761083465,-0.2099758421,4.254815692e-05
3.584,0.02754986439,-0.04760257316,-0.21,0.02755206424,-0.04756765582,-0.2099758106,4.253457119e-05
3.585,0.02762460432,-0.04755923923,-0.21,0.02762679321,-0.04752435962,-0.209975779,4.252098781e-05
3.586,0.02769927609,-0.04751578795,-0.21,0.027701454,-0.04748094615,-0.2099757475,4.250740702e-05
3.587,0.02777387951,-0.04747221942,-0.21,0.02777604644,-0.04743741554,-0.2099757159,4.24938291e-05
3.588,0.0278484144,-0.04742853377,-0.21,0.02785057034,-0.04739376787,-0.2099756842,4.248025428e-05
3.589,0.02792288058,-0.04738473108,-0.21,0.02792502551,-0.04735000327,-0.2099756526,4.246668282e-05
3.59,0.02799727787,-0.04734081149,-0.21,0.02799941178,-0.04730612184,-0.2099756209,4.245311498e-05
3.591,0.02807160607,-0.04729677508,-0.21,0.02807372895,-0.04726212369,-0.2099755891,4.243955102e-05
3.592,0.02814586501,-0.04725262197,-0.21,0.02814797685,-0.04721800892,-0.2099755574,4.24259912e-05
3.593,0.0282200545,-0.04720835227,-0.21,0.02822215529,-0.04717377765,-0.2099755256,4.241243579e-05
3.594,0.02829417436,-0.04716396609,-0.21,0.02829626409,-0.04712942998,-0.2099754938,4.239888501e-05
3.595,0.02836822441,-0.04711946354,-0.21,0.02837030306,-0.04708496603,-0.2099754619,4.238533914e-05
3.596,0.02844220446,-0.04707484472,-0.21,0.02844427203,-0.0470403859,-0.20997543,4.237179843e-05
3.597,0.02851611433,-0.04703010975,-0.21,0.02851817081,-0.0469956897,-0.2099753981,4.235826312e-05
3.598,0.02858995384,-0.04698525874,-0.21,0.02859199922,-0.04695087755,-0.2099753662,4.234473349e-05
3.599,0.02866372281,-0.0469402918,-0.21,0.02866575708,-0.04690594955,-0.2099753342,4.233120977e-05
3.6,0.02873742106,-0.04689520904,-0.21,0.0287394442,-0.04686090581,-0.2099753022,4.231769223e-05
3.601,0.0288110484,-0.04685001057,-0.21,0.0288130604,-0.04681574646,-0.2099752701,4.230418112e-05
3.602,0.02888460465,-0.0468046965,-0.21,0.02888660551,-0.04677047159,-0.2099752381,4.229067669e-05
3.603,0.02895808963,-0.04675926694,-0.21,0.02896007933,-0.04672508132,-0.209975206,4.22771792e-05
3.604,0.02903150316,-0.04671372201,-0.21,0.0290334817,-0.04667957576,-0.2099751738,4.226368891e-05
3.605,0.02910484505,-0.04666806182,-0.21,0.02910681242,-0.04663395502,-0.2099751417,4.225020608e-05
3.606,0.02917811514,-0.04662228648,-0.21,0.02918007132,-0.04658821923,-0.2099751095,4.223673098e-05
3.607,0.02925131323,-0.04657639611,-0.21,0.02925325821,-0.04654236848,-0.2099750773,4.222326383e-05
3.608,0.02932443914,-0.04653039081,-0.21,0.02932637293,-0.04649640289,-0.2099750451,4.22098049e-05
3.609,0.0293974927,-0.0464842707,-0.21,0.02939941527,-0.04645032258,-0.2099750128,4.219635446e-05
3.61,0.02947047372,-0.0464380359,-0.21,0.02947238507,-0.04640412766,-0.2099749805,4.218291273e-05
3.611,0.02954338203,-0.04639168652,-0.21,0.02954528215,-0.04635781824,-0.2099749482,4.216947997e-05
3.612,0.02961621745,-0.04634522267,-0.21,0.02961810633,-0.04631139444,-0.2099749158,4.215605644e-05
3.613,0.02968897978,-0.04629864447,-0.21,0.02969085742,-0.04626485637,-0.2099748834,4.214264239e-05
3.614,0.02976166887,-0.04625195203,-0.21,0.02976353524,-0.04621820415,-0.209974851,4.212923807e-05
3.615,0.02983428452,-0.04620514546,-0.21,0.02983613962,-0.04617143789,-0.2099748186,4.211584378e-05
3.616,0.02990682655,-0.0461582249,-0.21,0.02990867039,-0.04612455771,-0.2099747862,4.210245974e-05
3.617,0.0299792948,-0.04611119044,-0.21,0.02998112735,-0.04607756372,-0.2099747537,4.20890862e-05
3.618,0.03005168907,-0.0460640422,-0.21,0.03005351033,-0.04603045604,-0.2099747212,4.207572343e-05
3.619,0.03012400919,-0.04601678031,-0.21,0.03012581915,-0.04598323479,-0.2099746886,4.206237166e-05
3.62,0.03019625499,-0.04596940488,-0.21,0.03019805364,-0.04593590008,-0.2099746561,4.204903114e-05
3.621,0.03026842628,-0.04592191602,-0.21,0.03027021361,-0.04588845203,-0.2099746235,4.203570213e-05
3.622,0.03034052288,-0.04587431385,-0.21,0.03034229889,-0.04584089075,-0.2099745909,4.20223849e-05
3.623,0.03041254463,-0.04582659849,-0.21,0.0304143093,-0.04579321636,-0.2099745583,4.200907968e-05
3.624,0.03048449133,-0.04577877006,-0.21,0.03048624466,-0.04574542899,-0.2099745256,4.199578673e-05
3.625,0.03055636282,-0.04573082868,-0.21,0.0305581048,-0.04569752875,-0.2099744929,4.198250631e-05
3.626,0.03062815891,-0.04568277446,-0.21,0.03062988954,-0.04564951575,-0.2099744602,4.196923864e-05
3.627,0.03069987943,-0.04563460752,-0.21,0.03070159869,-0.04560139012,-0.2099744275,4.195598399e-05
3.628,0.0307715242,-0.04558632798,-0.21,0.03077323209,-0.04555315197,-0.2099743947,4.194274265e-05
3.629,0.03084309304,-0.04553793596,-0.21,0.03084478956,-0.04550480143,-0.209974362,4.192951483e-05
3.63,0.03091458578,-0.04548943159,-0.21,0.03091627091,-0.04545633861,-0.2099743292,4.19163008e-05
3.631,0.03098600225,-0.04544081497,-0.21,0.03098767598,-0.04540776363,-0.2099742964,4.190310078e-05
3.632,0.03105734225,-0.04539208623,-0.21,0.03105900459,-0.04535907661,-0.2099742635,4.188991503e-05
3.633,0.03112860563,-0.04534324549,-0.21,0.03113025656,-0.04531027767,-0.2099742307,4.18767438e-05
3.634,0.0311997922,-0.04529429287,-0.21,0.03120143172,-0.04526136694,-0.2099741978,4.186358735e-05
3.635,0.03127090179,-0.04524522849,-0.21,0.03127252989,-0.04521234453,-0.2099741649,4.185044591e-05
3.636,0.03134193422,-0.04519605247,-0.21,0.03134355089,-0.04516321056,-0.2099741319,4.183731974e-05
3.637,0.03141288932,-0.04514676494,-0.21,0.03141449455,-0.04511396516,-0.209974099,4.182420907e-05
3.638,0.03148376691,-0.04509736601,-0.21,0.0314853607,-0.04506460844,-0.209974066,4.181111419e-05
3.639,0.03155456681,-0.04504785581,-0.21,0.03155614916,-0.04501514054,-0.209974033,4.179803532e-05
3.64,0.03162528886,-0.04499823446,-0.21,0.03162685976,-0.04496556156,-0.209974,4.178497271e-05
3.641,0.03169593288,-0.04494850208,-0.21,0.03169749232,-0.04491587164,-0.209973967,4.17719266e-05
3.642,0.03176649869,-0.04489865879,-0.21,0.03176804666,-0.04486607089,-0.209973934,4.175889723e-05
3.643,0.03183698612,-0.04484870472,-0.21,0.03183852262,-0.04481615944,-0.2099739009,4.174588487e-05
3.644,0.03190739499,-0.04479863999,-0.21,0.03190892002,-0.04476613741,-0.2099738678,4.173288974e-05
3.645,0.03197772514,-0.04474846472,-0.21,0.03197923868,-0.04471600493,-0.2099738347,4.17199121e-05
3.646,0.03204797638,-0.04469817904,-0.21,0.03204947844,-0.04466576211,-0.2099738016,4.170695221e-05
3.647,0.03211814855,-0.04464778308,-0.21,0.03211963912,-0.04461540909,-0.2099737685,4.169401028e-05
3.648,0.03218824147,-0.04459727695,-0.21,0.03218972054,-0.04456494599,-0.2099737353,4.168108657e-05
3.649,0.03225825497,-0.04454666078,-0.21,0.03225972253,-0.04451437292,-0.2099737021,4.166818132e-05
3.65,0.03232818888,-0.04449593469,-0.21,0.03232964493,-0.04446369002,-0.2099736689,4.165529478e-05
3.651,0.03239804301,-0.04444509882,-0.21,0.03239948756,-0.04441289742,-0.2099736357,4.164242719e-05
3.652,0.03246781721,-0.04439415328,-0.21,0.03246925024,-0.04436199523,-0.2099736025,4.162957877e-05
3.653,0.0325375113,-0.0443430982,-0.21,0.0325389328,-0.04431098358,-0.2099735693,4.161674978e-05
3.654,0.03260712511,-0.04429193371,-0.21,0.03260853508,-0.0442598626,-0.209973536,4.160394045e-05
3.655,0.03267665846,-0.04424065994,-0.21,0.0326780569,-0.04420863241,-0.2099735027,4.159115103e-05
3.656,0.03274611118,-0.04418927701,-0.21,0.03274749808,-0.04415729314,-0.2099734694,4.157838175e-05
3.657,0.03281548311,-0.04413778504,-0.21,0.03281685847,-0.04410584492,-0.2099734361,4.156563286e-05
3.658,0.03288477407,-0.04408618417,-0.21,0.03288613788,-0.04405428788,-0.2099734028,4.15529046e-05
3.659,0.03295398389,-0.04403447452,-0.21,0.03295533615,-0.04400262213,-0.2099733695,4.154019721e-05
3.66,0.03302311239,-0.04398265622,-0.21,0.0330244531,-0.04395084782,-0.2099733361,4.152751093e-05
3.661,0.03309215942,-0.04393072939,-0.21,0.03309348857,-0.04389896506,-0.2099733028,4.1514846e-05
3.662,0.03316112479,-0.04387869417,-0.21,0.03316244238,-0.04384697398,-0.2099732694,4.150220262e-05
3.663,0.03323000835,-0.04382655069,-0.21,0.03323131437,-0.04379487472,-0.209973236,4.148958105e-05
3.664,0.03329880991,-0.04377429907,-0.21,0.03330010436,-0.0437426674,-0.2099732026,4.147698151e-05
3.665,0.03336752931,-0.04372193944,-0.21,0.03336881219,-0.04369035214,-0.2099731692,4.146440426e-05
3.666,0.03343616637,-0.04366947193,-0.21,0.03343743768,-0.04363792909,-0.2099731357,4.145184952e-05
3.667,0.03350472094,-0.04361689666,-0.21,0.03350598067,-0.04358539837,-0.2099731023,4.143931751e-05
3.668,0.03357319284,-0.04356421378,-0.21,0.03357444098,-0.0435327601,-0.2099730688,4.142680846e-05
3.669,0.0336415819,-0.04351142341,-0.21,0.03364281846,-0.04348001442,-0.2099730354,4.141432264e-05
3.67,0.03370988795,-0.04345852568,-0.21,0.03371111292,-0.04342716146,-0.2099730019,4.140186028e-05
3.671,0.03377811083,-0.04340552072,-0.21,0.03377932421,-0.04337420134,-0.2099729684,4.138942159e-05
3.672,0.03384625036,-0.04335240866,-0.21,0.03384745215,-0.04332113421,-0.2099729349,4.13770068e-05
3.673,0.03391430638,-0.04329918963,-0.21,0.03391549657,-0.04326796018,-0.2099729014,4.136461613e-05
3.674,0.03398227872,-0.04324586377,-0.21,0.03398345731,-0.0432146794,-0.2099728678,4.135224984e-05
3.675,0.03405016721,-0.0431924312,-0.21,0.0340513342,-0.04316129199,-0.2099728343,4.133990814e-05
3.676,0.03411797169,-0.04313889206,-0.21,0.03411912708,-0.04310779808,-0.2099728007,4.132759123e-05
3.677,0.03418569198,-0.04308524647,-0.21,0.03418683576,-0.04305419781,-0.2099727672,4.131529935e-05
3.678,0.03425332793,-0.04303149458,-0.21,0.0342544601,-0.04300049131,-0.2099727336,4.130303274e-05
3.679,0.03432087935,-0.04297763651,-0.21,0.03432199992,-0.0429466787,-0.2099727,4.129079162e-05
3.68,0.0343883461,-0.0429236724,-0.21,0.03438945505,-0.04289276014,-0.2099726665,4.127857622e-05
3.681,0.03445572799,-0.04286960238,-0.21,0.03445682533,-0.04283873573,-0.2099726329,4.126638675e-05
3.682,0.03452302487,-0.04281542659,-0.21,0.03452411059,-0.04278460563,-0.2099725993,4.125422345e-05
3.683,0.03459023657,-0.04276114515,-0.21,0.03459131067,-0.04273036996,-0.2099725656,4.124208655e-05
3.684,0.03465736292,-0.0427067582,-0.21,0.03465842541,-0.04267602886,-0.209972532,4.122997625e-05
3.685,0.03472440375,-0.04265226587,-0.21,0.03472545462,-0.04262158246,-0.2099724984,4.121789279e-05
3.686,0.03479135891,-0.04259766831,-0.21,0.03479239816,-0.04256703089,-0.2099724648,4.120583637e-05
3.687,0.03485822822,-0.04254296564,-0.21,0.03485925585,-0.0425123743,-0.2099724311,4.119380721e-05
3.688,0.03492501152,-0.042488158,-0.21,0.03492602753,-0.04245761281,-0.2099723975,4.118180551e-05
3.689,0.03499170865,-0.04243324553,-0.21,0.03499271303,-0.04240274656,-0.2099723638,4.11698315e-05
3.69,0.03505831944,-0.04237822835,-0.21,0.0350593122,-0.04234777569,-0.2099723301,4.115788543e-05
3.691,0.03512484372,-0.04232310661,-0.21,0.03512582486,-0.04229270032,-0.2099722965,4.114596749e-05
3.692,0.03519128134,-0.04226788045,-0.21,0.03519225086,-0.04223752061,-0.2099722628,4.113407789e-05
3.693,0.03525763213,-0.04221254999,-0.21,0.03525859002,-0.04218223667,-0.2099722291,4.112221685e-05
3.694,0.03532389592,-0.04215711537,-0.21,0.03532484219,-0.04212684866,-0.2099721954,4.111038459e-05
3.695,0.03539007256,-0.04210157674,-0.21,0.0353910072,-0.0420713567,-0.2099721617,4.109858132e-05
3.696,0.03545616187,-0.04204593423,-0.21,0.03545708489,-0.04201576093,-0.209972128,4.108680726e-05
3.697,0.0355221637,-0.04199018797,-0.21,0.0355230751,-0.0419600615,-0.2099720943,4.10750626e-05
3.698,0.03558807789,-0.04193433811,-0.21,0.03558897765,-0.04190425853,-0.2099720606,4.106334756e-05
3.699,0.03565390426,-0.04187838477,-0.21,0.0356547924,-0.04184835217,-0.2099720269,4.105166235e-05
3.7,0.03571964266,-0.04182232811,-0.21,0.03572051918,-0.04179234255,-0.2099719932,4.104000715e-05
3.701,0.03578529292,-0.04176616825,-0.21,0.03578615782,-0.04173622981,-0.2099719595,4.102838219e-05
3.702,0.03585085489,-0.04170990534,-0.21,0.03585170817,-0.04168001409,-0.2099719258,4.101678769e-05
3.703,0.0359163284,-0.04165353952,-0.21,0.03591717005,-0.04162369553,-0.2099718921,4.100522385e-05
3.704,0.03598171329,-0.04159707091,-0.21,0.03598254332,-0.04156727426,-0.2099718583,4.099369086e-05
3.705,0.0360470094,-0.04154049968,-0.21,0.03604782781,-0.04151075043,-0.2099718246,4.098218892e-05
3.706,0.03611221657,-0.04148382594,-0.21,0.03611302336,-0.04145412418,-0.2099717909,4.097071825e-05
3.707,0.03617733463,-0.04142704985,-0.21,0.03617812981,-0.04139739565,-0.2099717572,4.095927904e-05
3.708,0.03624236343,-0.04137017154,-0.21,0.03624314699,-0.04134056496,-0.2099717234,4.094787149e-05
3.709,0.0363073028,-0.04131319115,-0.21,0.03630807475,-0.04128363228,-0.2099716897,4.093649581e-05
3.71,0.03637215259,-0.04125610883,-0.21,0.03637291293,-0.04122659773,-0.209971656,4.09251522e-05
3.711,0.03643691264,-0.04119892471,-0.21,0.03643766137,-0.04116946146,-0.2099716222,4.091384084e-05
3.712,0.03650158278,-0.04114163894,-0.21,0.0365023199,-0.0411122236,-0.2099715885,4.090256194e-05
3.713,0.03656616286,-0.04108425165,-0.21,0.03656688837,-0.0410548843,-0.2099715548,4.089131568e-05
3.714,0.03663065271,-0.041026763,-0.21,0.03663136662,-0.04099744371,-0.209971521,4.088010224e-05
3.715,0.03669505218,-0.04096917311,-0.21,0.03669575449,-0.04093990195,-0.2099714873,4.086892184e-05
3.716,0.03675936111,-0.04091148214,-0.21,0.03676005182,-0.04088225918,-0.2099714536,4.085777468e-05
3.717,0.03682357934,-0.04085369022,-0.21,0.03682425845,-0.04082451554,-0.2099714198,4.084666096e-05
3.718,0.03688770671,-0.0407957975,-0.21,0.03688837423,-0.04076667117,-0.2099713861,4.083558085e-05
3.719,0.03695174306,-0.04073780412,-0.21,0.03695239899,-0.0407087262,-0.2099713524,4.082453453e-05
3.72,0.03701568824,-0.04067971022,-0.21,0.03701633258,-0.04065068079,-0.2099713186,4.081352219e-05
3.721,0.03707954209,-0.04062151595,-0.21,0.03708017484,-0.04059253508,-0.2099712849,4.080254402e-05
3.722,0.03714330445,-0.04056322145,-0.21,0.03714392561,-0.04053428921,-0.2099712512,4.079160021e-05
3.723,0.03720697516,-0.04050482687,-0.21,0.03720758474,-0.04047594332,-0.2099712175,4.078069094e-05
3.724,0.03727055406,-0.04044633234,-0.21,0.03727115207,-0.04041749756,-0.2099711838,4.076981642e-05
3.725,0.037334041,-0.04038773802,-0.21,0.03733462744,-0.04035895207,-0.20997115,4.075897678e-05
3.726,0.03739743583,-0.04032904404,-0.21,0.0373980107,-0.04030030701,-0.2099711163,4.074817225e-05
3.727,0.03746073838,-0.04027025056,-0.21,0.03746130168,-0.0402415625,-0.2099710826,4.073740299e-05
3.728,0.0375239485,-0.04021135771,-0.21,0.03752450024,-0.0401827187,-0.2099710489,4.072666919e-05
3.729,0.03758706603,-0.04015236565,-0.21,0.03758760622,-0.04012377575,-0.2099710152,4.071597102e-05
3.73,0.03765009083,-0.04009327451,-0.21,0.03765061946,-0.04006473379,-0.2099709816,4.070530865e-05
3.731,0.03771302272,-0.04003408445,-0.21,0.0377135398,-0.04000559298,-0.2099709479,4.069468226e-05
3.732,0.03777586156,-0.0399747956,-0.21,0.0377763671,-0.03994635346,-0.2099709142,4.068409202e-05
3.733,0.03783860719,-0.03991540812,-0.21,0.03783910119,-0.03988701538,-0.2099708805,4.067353811e-05
3.734,0.03790125946,-0.03985592216,-0.21,0.03790174192,-0.03982757887,-0.2099708468,4.066302069e-05
3.735,0.03796381821,-0.03979633786,-0.21,0.03796428914,-0.03976804409,-0.2099708132,4.065253994e-05
3.736,0.03802628329,-0.03973665536,-0.21,0.03802674269,-0.03970841119,-0.2099707795,4.064209604e-05
3.737,0.03808865455,-0.03967687481,-0.21,0.03808910242,-0.03964868031,-0.2099707459,4.063168914e-05
3.738,0.03815093182,-0.03961699637,-0.21,0.03815136818,-0.0395888516,-0.2099707122,4.062131943e-05
3.739,0.03821311496,-0.03955702017,-0.21,0.03821353981,-0.0395289252,-0.2099706786,4.061098706e-05
3.74,0.03827520381,-0.03949694638,-0.21,0.03827561716,-0.03946890127,-0.209970645,4.06006922e-05
3.741,0.03833719823,-0.03943677512,-0.21,0.03833760007,-0.03940877995,-0.2099706114,4.059043502e-05
3.742,0.03839909804,-0.03937650657,-0.21,0.03839948839,-0.03934856139,-0.2099705777,4.058021567e-05
3.743,0.03846090312,-0.03931614085,-0.21,0.03846128198,-0.03928824574,-0.2099705441,4.057003432e-05
3.744,0.03852261329,-0.03925567813,-0.21,0.03852298067,-0.03922783315,-0.2099705106,4.055989112e-05
3.745,0.03858422842,-0.03919511854,-0.21,0.03858458431,-0.03916732377,-0.209970477,4.054978622e-05
3.746,0.03864574834,-0.03913446225,-0.21,0.03864609276,-0.03910671774,-0.2099704434,4.053971979e-05
3.747,0.03870717291,-0.03907370939,-0.21,0.03870750586,-0.03904601522,-0.2099704098,4.052969201e-05
3.748,0.03876850197,-0.03901286013,-0.21,0.03876882346,-0.03898521636,-0.2099703763,4.051970301e-05
3.749,0.03882973537,-0.0389519146,-0.21,0.03883004541,-0.03892432129,-0.2099703427,4.050975294e-05
3.75,0.03889087297,-0.03889087297,-0.21,0.03889117156,-0.03886333019,-0.2099703092,4.049984196e-05
3.751,0.0389519146,-0.03882973537,-0.21,0.03895220175,-0.03880224319,-0.2099702757,4.048997022e-05
3.752,0.03901286013,-0.03876850197,-0.21,0.03901313585,-0.03874106045,-0.2099702422,4.048013785e-05
3.753,0.03907370939,-0.03870717291,-0.21,0.03907397368,-0.03867978212,-0.2099702087,4.047034503e-05
3.754,0.03913446225,-0.03864574834,-0.21,0.03913471512,-0.03861840834,-0.2099701752,4.046059189e-05
3.755,0.03919511854,-0.03858422842,-0.21,0.03919536,-0.03855693928,-0.2099701417,4.045087859e-05
3.756,0.03925567813,-0.03852261329,-0.21,0.03925590818,-0.03849537507,-0.2099701082,4.044120526e-05
3.757,0.03931614085,-0.03846090312,-0.21,0.03931635951,-0.03843371588,-0.2099700748,4.043157206e-05
3.758,0.03937650657,-0.03839909804,-0.21,0.03937671383,-0.03837196186,-0.2099700413,4.04219791e-05
3.759,0.03943677512,-0.03833719823,-0.21,0.03943697101,-0.03831011316,-0.2099700079,4.041242656e-05
3.76,0.03949694638,-0.03827520381,-0.21,0.03949713088,-0.03824816992,-0.2099699745,4.040291456e-05
3.761,0.03955702017,-0.03821311496,-0.21,0.03955719331,-0.03818613231,-0.2099699411,4.039344323e-05
3.762,0.03961699637,-0.03815093182,-0.21,0.03961715815,-0.03812400048,-0.2099699077,4.03840127e-05
3.763,0.03967687481,-0.03808865455,-0.21,0.03967702524,-0.03806177457,-0.2099698744,4.037462313e-05
3.764,0.03973665536,-0.03802628329,-0.21,0.03973679444,-0.03799945475,-0.209969841,4.036527463e-05
3.765,0.03979633786,-0.03796381821,-0.21,0.0397964656,-0.03793704117,-0.2099698077,4.035596735e-05
3.766,0.03985592216,-0.03790125946,-0.21,0.03985603858,-0.03787453398,-0.2099697743,4.034670141e-05
3.767,0.03991540812,-0.03783860719,-0.21,0.03991551322,-0.03781193333,-0.209969741,4.033747697e-05
3.768,0.0399747956,-0.03777586156,-0.21,0.03997488939,-0.03774923938,-0.2099697077,4.032829412e-05
3.769,0.04003408445,-0.03771302272,-0.21,0.04003416693,-0.03768645229,-0.2099696744,4.0319153e-05
3.77,0.04009327451,-0.03765009083,-0.21,0.0400933457,-0.0376235722,-0.2099696412,4.031005373e-05
3.771,0.04015236565,-0.03758706603,-0.21,0.04015242556,-0.03756059928,-0.2099696079,4.030099643e-05
3.772,0.04021135771,-0.0375239485,-0.21,0.04021140635,-0.03749753368,-0.2099695747,4.029198124e-05
3.773,0.04027025056,-0.03746073838,-0.21,0.04027028793,-0.03743437556,-0.2099695415,4.028300828e-05
3.774,0.04032904404,-0.03739743583,-0.21,0.04032907016,-0.03737112506,-0.2099695083,4.027407766e-05
3.775,0.04038773802,-0.037334041,-0.21,0.04038775289,-0.03730778235,-0.2099694751,4.026518949e-05
3.776,0.04044633234,-0.03727055406,-0.21,0.04044633598,-0.03724434759,-0.209969442,4.02563439e-05
3.777,0.04050482687,-0.03720697516,-0.21,0.04050481928,-0.03718082092,-0.2099694088,4.024754101e-05
3.778,0.04056322145,-0.03714330445,-0.21,0.04056320265,-0.03711720251,-0.2099693757,4.023878094e-05
3.779,0.04062151595,-0.03707954209,-0.21,0.04062148594,-0.03705349252,-0.2099693426,4.023006376e-05
3.78,0.04067971022,-0.03701568824,-0.21,0.04067966901,-0.03698969109,-0.2099693095,4.022138962e-05
3.781,0.04073780412,-0.03695174306,-0.21,0.04073775172,-0.03692579839,-0.2099692764,4.021275861e-05
3.782,0.0407957975,-0.03688770671,-0.21,0.04079573393,-0.03686181458,-0.2099692434,4.020417085e-05
3.783,0.04085369022,-0.03682357934,-0.21,0.04085361548,-0.03679773981,-0.2099692104,4.019562644e-05
3.784,0.04091148214,-0.03675936111,-0.21,0.04091139625,-0.03673357424,-0.2099691774,4.01871255e-05
3.785,0.04096917311,-0.03669505218,-0.21,0.04096907608,-0.03666931803,-0.2099691444,4.017866812e-05
3.786,0.041026763,-0.03663065271,-0.21,0.04102665483,-0.03660497134,-0.2099691114,4.017025441e-05
3.787,0.04108425165,-0.03656616286,-0.21,0.04108413236,-0.03654053433,-0.2099690785,4.016188447e-05
3.788,0.04114163894,-0.03650158278,-0.21,0.04114150854,-0.03647600715,-0.2099690455,4.015355839e-05
3.789,0.04119892471,-0.03643691264,-0.21,0.04119878321,-0.03641138997,-0.2099690126,4.014527627e-05
3.79,0.04125610883,-0.03637215259,-0.21,0.04125595624,-0.03634668294,-0.2099689798,4.013703821e-05
3.791,0.04131319115,-0.0363073028,-0.21,0.04131302749,-0.03628188622,-0.2099689469,4.012884431e-05
3.792,0.04137017154,-0.03624236343,-0.21,0.04136999681,-0.03621699998,-0.2099689141,4.012069465e-05
3.793,0.04142704985,-0.03617733463,-0.21,0.04142686406,-0.03615202437,-0.2099688813,4.011258934e-05
3.794,0.04148382594,-0.03611221657,-0.21,0.04148362911,-0.03608695956,-0.2099688485,4.010452845e-05
3.795,0.04154049968,-0.0360470094,-0.21,0.04154029182,-0.0360218057,-0.2099688157,4.009651206e-05
3.796,0.04159707091,-0.03598171329,-0.21,0.04159685204,-0.03595656295,-0.209968783,4.008854031e-05
3.797,0.04165353952,-0.0359163284,-0.21,0.04165330963,-0.03589123148,-0.2099687502,4.008061323e-05
3.798,0.04170990534,-0.03585085489,-0.21,0.04170966447,-0.03582581145,-0.2099687175,4.007273093e-05
3.799,0.04176616825,-0.03578529292,-0.21,0.0417659164,-0.03576030301,-0.2099686849,4.006489348e-05
3.8,0.04182232811,-0.03571964266,-0.21,0.04182206528,-0.03569470634,-0.2099686522,4.005710097e-05
3.801,0.04187838477,-0.03565390426,-0.21,0.04187811099,-0.03562902159,-0.2099686196,4.004935348e-05
3.802,0.04193433811,-0.03558807789,-0.21,0.04193405338,-0.03556324892,-0.209968587,4.004165111e-05
3.803,0.04199018797,-0.0355221637,-0.21,0.04198989232,-0.0354973885,-0.2099685545,4.003399392e-05
3.804,0.04204593423,-0.03545616187,-0.21,0.04204562766,-0.03543144049,-0.2099685219,4.002638197e-05
3.805,0.04210157674,-0.03539007256,-0.21,0.04210125927,-0.03536540505,-0.2099684894,4.001881533e-05
3.806,0.04215711537,-0.03532389592,-0.21,0.04215678701,-0.03529928234,-0.2099684569,4.001129409e-05
3.807,0.04221254999,-0.03525763213,-0.21,0.04221221075,-0.03523307253,-0.2099684244,4.000381829e-05
3.808,0.04226788045,-0.03519128134,-0.21,0.04226753034,-0.03516677578,-0.209968392,3.999638803e-05
3.809,0.04232310661,-0.03512484372,-0.21,0.04232274566,-0.03510039225,-0.2099683596,3.998900338e-05
3.81,0.04237822835,-0.03505831944,-0.21,0.04237785656,-0.03503392212,-0.2099683272,3.998166441e-05
3.811,0.04243324553,-0.03499170865,-0.21,0.04243286292,-0.03496736553,-0.2099682948,3.997437117e-05
3.812,0.042488158,-0.03492501152,-0.21,0.04248776458,-0.03490072266,-0.2099682625,3.996712373e-05
3.813,0.04254296564,-0.03485822822,-0.21,0.04254256143,-0.03483399367,-0.2099682302,3.995992215e-05
3.814,0.04259766831,-0.03479135891,-0.21,0.04259725332,-0.03476717872,-0.209968198,3.995276649e-05
3.815,0.04265226587,-0.03472440375,-0.21,0.04265184012,-0.03470027799,-0.2099681657,3.994565681e-05
3.816,0.0427067582,-0.03465736292,-0.21,0.04270632169,-0.03463329163,-0.2099681335,3.993859314e-05
3.817,0.04276114515,-0.03459023657,-0.21,0.0427606979,-0.03456621981,-0.2099681013,3.993157555e-05
3.818,0.04281542659,-0.03452302487,-0.21,0.04281496862,-0.03449906269,-0.2099680692,3.992460408e-05
3.819,0.04286960238,-0.03445572799,-0.21,0.04286913371,-0.03443182045,-0.209968037,3.99176788e-05
3.82,0.0429236724,-0.0343883461,-0.21,0.04292319304,-0.03436449324,-0.2099680049,3.991079977e-05
3.821,0.04297763651,-0.03432087935,-0.21,0.04297714648,-0.03429708124,-0.2099679729,3.990396703e-05
3.822,0.04303149458,-0.03425332793,-0.21,0.04303099388,-0.0342295846,-0.2099679409,3.989718064e-05
3.823,0.04308524647,-0.03418569198,-0.21,0.04308473513,-0.03416200351,-0.2099679089,3.989044066e-05
3.824,0.04313889206,-0.03411797169,-0.21,0.04313837008,-0.03409433811,-0.2099678769,3.98837471e-05
3.825,0.0431924312,-0.03405016721,-0.21,0.04319189861,-0.03402658858,-0.2099678449,3.987710001e-05
3.826,0.04324586377,-0.03398227872,-0.21,0.04324532058,-0.03395875509,-0.209967813,3.987049942e-05
3.827,0.04329918963,-0.03391430638,-0.21,0.04329863586,-0.0338908378,-0.2099677812,3.986394538e-05
3.828,0.04335240866,-0.03384625036,-0.21,0.04335184432,-0.03382283689,-0.2099677493,3.985743793e-05
3.829,0.04340552072,-0.03377811083,-0.21,0.04340494583,-0.03375475251,-0.2099677175,3.985097709e-05
3.83,0.04345852568,-0.03370988795,-0.21,0.04345794026,-0.03368658484,-0.2099676857,3.98445629e-05
3.831,0.04351142341,-0.0336415819,-0.21,0.04351082747,-0.03361833405,-0.209967654,3.983819539e-05
3.832,0.04356421378,-0.03357319284,-0.21,0.04356360734,-0.0335500003,-0.2099676223,3.98318746e-05
3.833,0.04361689666,-0.03350472094,-0.21,0.04361627973,-0.03348158376,-0.2099675906,3.98256006e-05
3.834,0.04366947193,-0.03343616637,-0.21,0.04366884453,-0.0334130846,-0.209967559,3.981937338e-05
3.835,0.04372193944,-0.03336752931,-0.21,0.04372130158,-0.03334450299,-0.2099675274,3.981319298e-05
3.836,0.04377429907,-0.03329880991,-0.21,0.04377365078,-0.0332758391,-0.2099674958,3.980705942e-05
3.837,0.04382655069,-0.03323000835,-0.21,0.04382589198,-0.0332070931,-0.2099674642,3.980097271e-05
3.838,0.04387869417,-0.03316112479,-0.21,0.04387802507,-0.03313826516,-0.2099674327,3.979493288e-05
3.839,0.04393072939,-0.03309215942,-0.21,0.0439300499,-0.03306935544,-0.2099674013,3.978893993e-05
3.84,0.04398265622,-0.03302311239,-0.21,0.04398196636,-0.03300036412,-0.2099673698,3.978299391e-05
3.841,0.04403447452,-0.03295398389,-0.21,0.04403377431,-0.03293129137,-0.2099673385,3.977709482e-05
3.842,0.04408618417,-0.03288477407,-0.21,0.04408547363,-0.03286213736,-0.2099673071,3.97712427e-05
3.843,0.04413778504,-0.03281548311,-0.21,0.04413706419,-0.03279290226,-0.2099672758,3.976543754e-05
3.844,0.04418927701,-0.03274611118,-0.21,0.04418854586,-0.03272358623,-0.2099672445,3.975967935e-05
3.845,0.04424065994,-0.03267665846,-0.21,0.04423991852,-0.03265418946,-0.2099672132,3.975396816e-05
3.846,0.04429193371,-0.03260712511,-0.21,0.04429118203,-0.0325847121,-0.209967182,3.9748304e-05
3.847,0.0443430982,-0.0325375113,-0.21,0.04434233628,-0.03251515435,-0.2099671508,3.974268684e-05
3.848,0.04439415328,-0.03246781721,-0.21,0.04439338113,-0.03244551635,-0.2099671197,3.973711671e-05
3.849,0.04444509882,-0.03239804301,-0.21,0.04444431646,-0.03237579829,-0.2099670886,3.973159359e-05
3.85,0.04449593469,-0.03232818888,-0.21,0.04449514215,-0.03230600034,-0.2099670575,3.972611748e-05
3.851,0.04454666078,-0.03225825497,-0.21,0.04454585807,-0.03223612267,-0.2099670265,3.972068839e-05
3.852,0.04459727695,-0.03218824147,-0.21,0.04459646409,-0.03216616546,-0.2099669955,3.971530634e-05
3.853,0.04464778308,-0.03211814855,-0.21,0.04464696009,-0.03209612887,-0.2099669646,3.970997131e-05
3.854,0.04469817904,-0.03204797638,-0.21,0.04469734595,-0.03202601307,-0.2099669337,3.970468331e-05
3.855,0.04474846472,-0.03197772514,-0.21,0.04474762154,-0.03195581825,-0.2099669028,3.969944237e-05
3.856,0.04479863999,-0.03190739499,-0.21,0.04479778673,-0.03188554457,-0.209966872,3.969424843e-05
3.857,0.04484870472,-0.03183698612,-0.21,0.04484784141,-0.03181519221,-0.2099668412,3.968910148e-05
3.858,0.04489865879,-0.03176649869,-0.21,0.04489778545,-0.03174476134,-0.2099668105,3.968400155e-05
3.859,0.04494850208,-0.03169593288,-0.21,0.04494761872,-0.03167425214,-0.2099667798,3.96789486e-05
3.86,0.04499823446,-0.03162528886,-0.21,0.04499734111,-0.03160366478,-0.2099667491,3.967394262e-05
3.861,0.04504785581,-0.03155456681,-0.21,0.04504695249,-0.03153299942,-0.2099667185,3.96689836e-05
3.862,0.04509736601,-0.03148376691,-0.21,0.04509645273,-0.03146225626,-0.2099666879,3.966407153e-05
3.863,0.04514676494,-0.03141288932,-0.21,0.04514584173,-0.03139143545,-0.2099666574,3.96592064e-05
3.864,0.04519605247,-0.03134193422,-0.21,0.04519511935,-0.03132053719,-0.2099666269,3.965438819e-05
3.865,0.04524522849,-0.03127090179,-0.21,0.04524428547,-0.03124956163,-0.2099665964,3.964961688e-05
3.866,0.04529429287,-0.0311997922,-0.21,0.04529333998,-0.03117850896,-0.209966566,3.964489244e-05
3.867,0.04534324549,-0.03112860563,-0.21,0.04534228274,-0.03110737935,-0.2099665356,3.964021487e-05
3.868,0.04539208623,-0.03105734225,-0.21,0.04539111365,-0.03103617298,-0.2099665053,3.963558411e-05
3.869,0.04544081497,-0.03098600225,-0.21,0.04543983258,-0.03096489003,-0.209966475,3.963100016e-05
3.87,0.04548943159,-0.03091458578,-0.21,0.04548843941,-0.03089353066,-0.2099664448,3.962646298e-05
3.871,0.04553793596,-0.03084309304,-0.21,0.04553693402,-0.03082209505,-0.2099664146,3.962197256e-05
3.872,0.04558632798,-0.0307715242,-0.21,0.04558531628,-0.03075058339,-0.2099663844,3.961752887e-05
3.873,0.04563460752,-0.03069987943,-0.21,0.04563358609,-0.03067899584,-0.2099663543,3.961313186e-05
3.874,0.04568277446,-0.03062815891,-0.21,0.04568174333,-0.03060733259,-0.2099663242,3.96087815e-05
3.875,0.04573082868,-0.03055636282,-0.21,0.04572978787,-0.03053559381,-0.2099662942,3.960447777e-05
3.876,0.04577877006,-0.03048449133,-0.21,0.04577771959,-0.03046377967,-0.2099662642,3.96002206e-05
3.877,0.04582659849,-0.03041254463,-0.21,0.04582553838,-0.03039189036,-0.2099662343,3.959600998e-05
3.878,0.04587431385,-0.03034052288,-0.21,0.04587324412,-0.03031992605,-0.2099662044,3.959184589e-05
3.879,0.04592191602,-0.03026842628,-0.21,0.04592083669,-0.03024788692,-0.2099661746,3.958772828e-05
3.88,0.04596940488,-0.03019625499,-0.21,0.04596831597,-0.03017577315,-0.2099661448,3.958365708e-05
3.881,0.04601678031,-0.03012400919,-0.21,0.04601568185,-0.03010358492,-0.2099661151,3.957963226e-05
3.882,0.0460640422,-0.03005168907,-0.21,0.04606293421,-0.03003132239,-0.2099660854,3.95756538e-05
3.883,0.04611119044,-0.0299792948,-0.21,0.04611007294,-0.02995898576,-0.2099660557,3.957172162e-05
3.884,0.0461582249,-0.02990682655,-0.21,0.04615709791,-0.0298865752,-0.2099660261,3.95678357e-05
3.885,0.04620514546,-0.02983428452,-0.21,0.04620400902,-0.02981409088,-0.2099659965,3.956399598e-05
3.886,0.04625195203,-0.02976166887,-0.21,0.04625080614,-0.029741533,-0.209965967,3.95602024e-05
3.887,0.04629864447,-0.02968897978,-0.21,0.04629748916,-0.02966890172,-0.2099659376,3.955645491e-05
3.888,0.04634522267,-0.02961621745,-0.21,0.04634405797,-0.02959619722,-0.2099659081,3.955275347e-05
3.889,0.04639168652,-0.02954338203,-0.21,0.04639051245,-0.02952341969,-0.2099658788,3.954909803e-05
3.89,0.0464380359,-0.02947047372,-0.21,0.04643685248,-0.02945056931,-0.2099658495,3.954548853e-05
3.891,0.0464842707,-0.0293974927,-0.21,0.04648307796,-0.02937764624,-0.2099658202,3.95419249e-05
3.892,0.04653039081,-0.02932443914,-0.21,0.04652918877,-0.02930465069,-0.209965791,3.953840709e-05
3.893,0.04657639611,-0.02925131323,-0.21,0.04657518479,-0.02923158281,-0.2099657618,3.953493503e-05
3.894,0.04662228648,-0.02917811514,-0.21,0.04662106591,-0.0291584428,-0.2099657327,3.953150865e-05
3.895,0.04666806182,-0.02910484505,-0.21,0.04666683202,-0.02908523084,-0.2099657036,3.952812793e-05
3.896,0.04671372201,-0.02903150316,-0.21,0.046712483,-0.0290119471,-0.2099656746,3.952479278e-05
3.897,0.04675926694,-0.02895808963,-0.21,0.04675801874,-0.02893859176,-0.2099656456,3.952150314e-05
3.898,0.0468046965,-0.02888460465,-0.21,0.04680343914,-0.02886516501,-0.2099656167,3.951825894e-05
3.899,0.04685001057,-0.0288110484,-0.21,0.04684874407,-0.02879166704,-0.2099655878,3.951506011e-05
3.9,0.04689520904,-0.02873742106,-0.21,0.04689393344,-0.02871809801,-0.209965559,3.951190657e-05
3.901,0.0469402918,-0.02866372281,-0.21,0.04693900711,-0.02864445811,-0.2099655302,3.950879827e-05
3.902,0.04698525874,-0.02858995384,-0.21,0.04698396499,-0.02857074752,-0.2099655015,3.950573511e-05
3.903,0.04703010975,-0.02851611433,-0.21,0.04702880696,-0.02849696643,-0.2099654728,3.950271705e-05
3.904,0.04707484472,-0.02844220446,-0.21,0.04707353292,-0.02842311501,-0.2099654442,3.949974399e-05
3.905,0.04711946354,-0.02836822441,-0.21,0.04711814275,-0.02834919345,-0.2099654157,3.949681586e-05
3.906,0.04716396609,-0.02829417436,-0.21,0.04716263634,-0.02827520194,-0.2099653871,3.949393259e-05
3.907,0.04720835227,-0.0282200545,-0.21,0.04720701358,-0.02820114064,-0.2099653587,3.949109411e-05
3.908,0.04725262197,-0.02814586501,-0.21,0.04725127437,-0.02812700976,-0.2099653303,3.948830032e-05
3.909,0.04729677508,-0.02807160607,-0.21,0.04729541859,-0.02805280946,-0.2099653019,3.948555115e-05
3.91,0.04734081149,-0.02799727787,-0.21,0.04733944613,-0.02797853993,-0.2099652736,3.948284652e-05
3.911,0.04738473108,-0.02792288058,-0.21,0.04738335689,-0.02790420136,-0.2099652454,3.948018632e-05
3.912,0.04742853377,-0.0278484144,-0.21,0.04742715076,-0.02782979393,-0.2099652172,3.947757049e-05
3.913,0.04747221942,-0.02777387951,-0.21,0.04747082763,-0.02775531782,-0.2099651891,3.947499893e-05
3.914,0.04751578795,-0.02769927609,-0.21,0.0475143874,-0.02768077321,-0.209965161,3.947247156e-05
3.915,0.04755923923,-0.02762460432,-0.21,0.04755782995,-0.0276061603,-0.2099651329,3.94699883e-05
3.916,0.04760257316,-0.02754986439,-0.21,0.04760115517,-0.02753147925,-0.209965105,3.946754906e-05
3.917,0.04764578964,-0.02747505649,-0.21,0.04764436297,-0.02745673027,-0.209965077,3.946515372e-05
3.918,0.04768888856,-0.02740018079,-0.21,0.04768745324,-0.02738191353,-0.2099650492,3.946280221e-05
3.919,0.04773186982,-0.02732523749,-0.21,0.04773042586,-0.02730702922,-0.2099650214,3.946049443e-05
3.92,0.04777473329,-0.02725022676,-0.21,0.04777328073,-0.02723207751,-0.2099649936,3.945823031e-05
3.921,0.04781747889,-0.0271751488,-0.21,0.04781601776,-0.02715705861,-0.2099649659,3.945600973e-05
3.922,0.04786010651,-0.02710000379,-0.21,0.04785863682,-0.02708197268,-0.2099649383,3.945383259e-05
3.923,0.04790261603,-0.0270247919,-0.21,0.04790113782,-0.02700681993,-0.2099649107,3.945169878e-05
3.924,0.04794500736,-0.02694951334,-0.21,0.04794352065,-0.02693160052,-0.2099648832,3.944960822e-05
3.925,0.04798728039,-0.02687416828,-0.21,0.04798578521,-0.02685631465,-0.2099648557,3.94475608e-05
3.926,0.04802943501,-0.02679875691,-0.21,0.0480279314,-0.02678096251,-0.2099648283,3.944555642e-05
3.927,0.04807147113,-0.02672327942,-0.21,0.0480699591,-0.02670554428,-0.2099648009,3.944359499e-05
3.928,0.04811338864,-0.026647736,-0.21,0.04811186822,-0.02663006014,-0.2099647736,3.944167639e-05
3.929,0.04815518743,-0.02657212682,-0.21,0.04815365865,-0.02655451028,-0.2099647464,3.943980052e-05
3.93,0.0481968674,-0.02649645208,-0.21,0.04819533029,-0.02647889489,-0.2099647192,3.943796729e-05
3.931,0.04823842845,-0.02642071196,-0.21,0.04823688303,-0.02640321416,-0.2099646921,3.943617656e-05
3.932,0.04827987048,-0.02634490665,-0.21,0.04827831678,-0.02632746826,-0.209964665,3.943442823e-05
3.933,0.04832119339,-0.02626903633,-0.21,0.04831963144,-0.0262516574,-0.209964638,3.943272221e-05
3.934,0.04836239706,-0.0261931012,-0.21,0.04836082689,-0.02617578175,-0.209964611,3.943105836e-05
3.935,0.04840348141,-0.02611710144,-0.21,0.04840190304,-0.0260998415,-0.2099645841,3.942943657e-05
3.936,0.04844444632,-0.02604103724,-0.21,0.04844285979,-0.02602383685,-0.2099645573,3.942785674e-05
3.937,0.0484852917,-0.02596490879,-0.21,0.04848369703,-0.02594776797,-0.2099645305,3.942631877e-05
3.938,0.04852601745,-0.02588871627,-0.21,0.04852441467,-0.02587163505,-0.2099645038,3.942482252e-05
3.939,0.04856662347,-0.02581245987,-0.21,0.04856501261,-0.02579543829,-0.2099644772,3.942336788e-05
3.94,0.04860710965,-0.02573613978,-0.21,0.04860549074,-0.02571917787,-0.2099644506,3.942195474e-05
3.941,0.04864747591,-0.0256597562,-0.21,0.04864584896,-0.02564285397,-0.209964424,3.942058299e-05
3.942,0.04868772212,-0.02558330929,-0.21,0.04868608719,-0.0255664668,-0.2099643975,3.941925248e-05
3.943,0.04872784821,-0.02550679927,-0.21,0.0487262053,-0.02549001653,-0.2099643711,3.94179631e-05
3.944,0.04876785406,-0.02543022631,-0.21,0.04876620322,-0.02541350335,-0.2099643448,3.941671473e-05
3.945,0.04880773959,-0.0253535906,-0.21,0.04880608084,-0.02533692746,-0.2099643185,3.941550724e-05
3.946,0.04884750468,-0.02527689233,-0.21,0.04884583805,-0.02526028904,-0.2099642923,3.941434052e-05
3.947,0.04888714925,-0.0252001317,-0.21,0.04888547477,-0.02518358828,-0.2099642661,3.941321444e-05
3.948,0.0489266732,-0.02512330889,-0.21,0.04892499089,-0.02510682537,-0.20996424,3.941212889e-05
3.949,0.04896607643,-0.02504642409,-0.21,0.04896438632,-0.02503000049,-0.2099642139,3.941108372e-05
3.95,0.04900535883,-0.02496947749,-0.21,0.04900366097,-0.02495311385,-0.2099641879,3.941007881e-05
3.951,0.04904452032,-0.02489246927,-0.21,0.04904281472,-0.02487616563,-0.209964162,3.940911405e-05
3.952,0.0490835608,-0.02481539964,-0.21,0.04908184749,-0.02479915602,-0.2099641362,3.940818928e-05
3.953,0.04912248016,-0.02473826878,-0.21,0.04912075919,-0.0247220852,-0.2099641104,3.940730439e-05
3.954,0.04916127833,-0.02466107688,-0.21,0.04915954971,-0.02464495337,-0.2099640846,3.940645922e-05
3.955,0.04919995519,-0.02458382414,-0.21,0.04919821895,-0.02456776072,-0.209964059,3.940565368e-05
3.956,0.04923851066,-0.02450651073,-0.21,0.04923676684,-0.02449050744,-0.2099640334,3.94048876e-05
3.957,0.04927694463,-0.02442913686,-0.21,0.04927519326,-0.02441319372,-0.2099640078,3.940416086e-05
3.958,0.04931525702,-0.02435170271,-0.21,0.04931349812,-0.02433581976,-0.2099639823,3.940347333e-05
3.959,0.04935344773,-0.02427420847,-0.21,0.04935168134,-0.02425838573,-0.2099639569,3.940282486e-05
3.96,0.04939151667,-0.02419665434,-0.21,0.04938974281,-0.02418089184,-0.2099639316,3.940221533e-05
3.961,0.04942946373,-0.02411904051,-0.21,0.04942768244,-0.02410333827,-0.2099639063,3.940164459e-05
3.962,0.04946728884,-0.02404136717,-0.21,0.04946550014,-0.02402572521,-0.2099638811,3.940111252e-05
3.963,0.04950499188,-0.0239636345,-0.21,0.04950319582,-0.02394805286,-0.2099638559,3.940061897e-05
3.964,0.04954257278,-0.02388584271,-0.21,0.04954076938,-0.02387032141,-0.2099638308,3.940016379e-05
3.965,0.04958003144,-0.02380799198,-0.21,0.04957822072,-0.02379253105,-0.2099638058,3.939974684e-05
3.966,0.04961736777,-0.02373008251,-0.21,0.04961554977,-0.02371468197,-0.2099637808,3.939936798e-05
3.967,0.04965458166,-0.02365211449,-0.21,0.04965275642,-0.02363677437,-0.2099637559,3.939902706e-05
3.968,0.04969167304,-0.02357408811,-0.21,0.04968984058,-0.02355880843,-0.2099637311,3.939872396e-05
3.969,0.04972864181,-0.02349600356,-0.21,0.04972680217,-0.02348078435,-0.2099637063,3.939845853e-05
3.97,0.04976548789,-0.02341786104,-0.21,0.04976364108,-0.02340270232,-0.2099636816,3.939823061e-05
3.971,0.04980221116,-0.02333966073,-0.21,0.04980035724,-0.02332456254,-0.209963657,3.939804007e-05
3.972,0.04983881156,-0.02326140284,-0.21,0.04983695054,-0.02324636519,-0.2099636324,3.939788675e-05
3.973,0.04987528899,-0.02318308755,-0.21,0.04987342091,-0.02316811047,-0.2099636079,3.93977705e-05
3.974,0.04991164335,-0.02310471506,-0.21,0.04990976824,-0.02308979858,-0.2099635835,3.939769118e-05
3.975,0.04994787456,-0.02302628556,-0.21,0.04994599246,-0.0230114297,-0.2099635592,3.939764867e-05
3.976,0.04998398253,-0.02294779925,-0.21,0.04998209346,-0.02293300402,-0.2099635349,3.939764278e-05
3.977,0.05001996717,-0.02286925632,-0.21,0.05001807117,-0.02285452175,-0.2099635106,3.939767336e-05
3.978,0.05005582839,-0.02279065695,-0.21,0.05005392548,-0.02277598308,-0.2099634865,3.939774028e-05
3.979,0.0500915661,-0.02271200136,-0.21,0.05008965633,-0.0226973882,-0.2099634624,3.939784337e-05
3.98,0.05012718021,-0.02263328972,-0.21,0.05012526361,-0.0226187373,-0.2099634383,3.939798249e-05
3.981,0.05016267065,-0.02255452224,-0.21,0.05016074723,-0.02254003058,-0.2099634144,3.939815749e-05
3.982,0.05019803731,-0.02247569911,-0.21,0.05019610712,-0.02246126823,-0.2099633905,3.93983682e-05
3.983,0.05023328011,-0.02239682052,-0.21,0.05023134319,-0.02238245045,-0.2099633667,3.939861447e-05
3.984,0.05026839897,-0.02231788667,-0.21,0.05026645533,-0.02230357743,-0.2099633429,3.939889617e-05
3.985,0.05030339379,-0.02223889775,-0.21,0.05030144348,-0.02222464936,-0.2099633192,3.939921312e-05
3.986,0.05033826449,-0.02215985396,-0.21,0.05033630755,-0.02214566644,-0.2099632956,3.939956518e-05
3.987,0.05037301099,-0.0220807555,-0.21,0.05037104744,-0.02206662887,-0.2099632721,3.939995217e-05
3.988,0.0504076332,-0.02200160255,-0.21,0.05040566308,-0.02198753684,-0.2099632486,3.940037394e-05
3.989,0.05044213104,-0.02192239531,-0.21,0.05044015437,-0.02190839055,-0.2099632252,3.940083033e-05
3.99,0.05047650441,-0.02184313398,-0.21,0.05047452123,-0.02182919018,-0.2099632019,3.94013212e-05
3.991,0.05051075324,-0.02176381876,-0.21,0.05050876358,-0.02174993594,-0.2099631786,3.940184639e-05
3.992,0.05054487744,-0.02168444984,-0.21,0.05054288134,-0.02167062802,-0.2099631554,3.940240572e-05
3.993,0.05057887692,-0.02160502741,-0.21,0.05057687441,-0.02159126662,-0.2099631323,3.940299905e-05
3.994,0.05061275161,-0.02152555168,-0.21,0.05061074272,-0.02151185194,-0.2099631093,3.940362621e-05
3.995,0.05064650141,-0.02144602283,-0.21,0.05064448618,-0.02143238416,-0.2099630863,3.940428703e-05
3.996,0.05068012625,-0.02136644106,-0.21,0.05067810471,-0.02135286348,-0.2099630634,3.940498136e-05
3.997,0.05071362603,-0.02128680658,-0.21,0.05071159822,-0.02127329011,-0.2099630405,3.940570902e-05
3.998,0.05074700069,-0.02120711958,-0.21,0.05074496664,-0.02119366423,-0.2099630178,3.940646987e-05
3.999,0.05078025014,-0.02112738024,-0.21,0.05077820988,-0.02111398605,-0.2099629951,3.940726375e-05
4,0.05081337429,-0.02104758878,-0.21,0.05081132785,-0.02103425576,-0.2099629724,3.940809049e-05
4.001,0.05084637306,-0.02096774539,-0.21,0.05084432049,-0.02095447356,-0.2099629499,3.94089504e-05
4.002,0.05087924637,-0.02088785028,-0.21,0.05087718764,-0.02087463975,-0.2099629274,3.940982568e-05
4.003,0.0509119941,-0.02080790371,-0.21,0.05090992888,-0.02079475521,-0.2099629049,3.941057745e-05
4.004,0.05094461614,-0.02072790598,-0.21,0.05094254347,-0.02071482167,-0.2099628823,3.941088273e-05
4.005,0.05097711236,-0.02064785741,-0.21,0.05097503048,-0.02063484159,-0.2099628594,3.941025878e-05
4.006,0.05100948261,-0.02056775836,-0.21,0.05100738912,-0.02055481775,-0.209962836,3.940816124e-05
4.007,0.05104172673,-0.02048760925,-0.21,0.05103961888,-0.0204747527,-0.209962812,3.940411795e-05
4.008,0.05107384454,-0.02040741051,-0.21,0.05107171958,-0.02039464832,-0.2099627871,3.939784845e-05
4.009,0.05110583587,-0.02032716262,-0.21,0.05110369128,-0.02031450555,-0.2099627613,3.938932473e-05
4.01,0.05113770051,-0.02024686608,-0.21,0.05113553408,-0.02023432439,-0.2099627348,3.937875363e-05
4.011,0.05116943827,-0.02016652145,-0.21,0.05116724798,-0.0201541042,-0.2099627074,3.936649139e-05
4.012,0.05120104891,-0.02008612931,-0.21,0.05119883278,-0.0200738442,-0.2099626795,3.9352924e-05
4.013,0.05123253221,-0.02000569026,-0.21,0.05123028812,-0.01999354384,-0.2099626512,3.933835557e-05
4.014,0.05126388794,-0.01992520498,-0.21,0.05126161356,-0.01991320325,-0.2099626225,3.932293965e-05
4.015,0.05129511584,-0.01984467413,-0.21,0.05129280872,-0.01983282332,-0.2099625935,3.930666991e-05
4.016,0.05132621565,-0.01976409844,-0.21,0.05132387334,-0.0197524056,-0.2099625641,3.928942586e-05
4.017,0.05135718711,-0.01968347866,-0.21,0.05135480729,-0.01967195201,-0.2099625342,3.927105268e-05
4.018,0.05138802995,-0.01960281557,-0.21,0.05138561058,-0.01959146447,-0.2099625037,3.925144638e-05
4.019,0.05141874387,-0.01952210999,-0.21,0.05141628319,-0.0195109445,-0.2099624724,3.923061666e-05
4.02,0.0514493286,-0.01944136277,-0.21,0.05144682509,-0.01943039306,-0.2099624404,3.92087098e-05
4.021,0.05147978383,-0.0193605748,-0.21,0.05147723611,-0.01934981052,-0.2099624077,3.918598814e-05
4.022,0.05151010927,-0.01927974697,-0.21,0.05150751594,-0.0192691968,-0.2099623743,3.916277663e-05
4.023,0.05154030459,-0.01919888024,-0.21,0.05153766422,-0.01918855169,-0.2099623404,3.913939687e-05
4.024,0.05157036949,-0.01911797559,-0.21,0.05156768056,-0.0191078752,-0.2099623062,3.911611055e-05
4.025,0.05160030364,-0.01903703401,-0.21,0.05159756459,-0.01902716779,-0.2099622717,3.909308915e-05
4.026,0.05163010672,-0.01895605654,-0.21,0.05162731604,-0.01894643048,-0.2099622369,3.907041623e-05
4.027,0.0516597784,-0.01887504425,-0.21,0.05165693469,-0.01886566483,-0.2099622019,3.904811791e-05
4.028,0.05168931834,-0.01879399824,-0.21,0.0516864204,-0.01878487269,-0.2099621665,3.90262087e-05
4.029,0.0517187262,-0.01871291961,-0.21,0.05171577303,-0.01870405599,-0.2099621307,3.900473659e-05
4.03,0.05174800164,-0.01863180953,-0.21,0.05174499243,-0.01862321638,-0.2099620943,3.898381313e-05
4.031,0.05177714431,-0.01855066917,-0.21,0.05177407836,-0.01854235513,-0.2099620574,3.896361995e-05
4.032,0.05180615387,-0.01846949975,-0.21,0.05180303055,-0.01846147308,-0.20996202,3.894439246e-05
4.033,0.05183502996,-0.0183883025,-0.21,0.05183184866,-0.01838057074,-0.2099619821,3.892638804e-05
4.034,0.05186377223,-0.01830707867,-0.21,0.05186053233,-0.01829964849,-0.2099619438,3.89098511e-05
4.035,0.05189238033,-0.01822582957,-0.21,0.05188908118,-0.01821870685,-0.2099619053,3.889498721e-05
4.036,0.0519208539,-0.0181445565,-0.21,0.05191749489,-0.01813774666,-0.2099618667,3.888195382e-05
4.037,0.05194919257,-0.01806326081,-0.21,0.05194577315,-0.01805676921,-0.2099618279,3.887086878e-05
4.038,0.051977396,-0.01798194386,-0.21,0.0519739157,-0.01797577614,-0.2099617889,3.886183144e-05
4.039,0.05200546382,-0.01790060705,-0.21,0.05200192231,-0.01789476939,-0.2099617497,3.885494739e-05
4.04,0.05203339567,-0.0178192518,-0.21,0.05202979276,-0.01781375093,-0.2099617102,3.885034766e-05
4.041,0.0520611912,-0.01773787954,-0.21,0.05205752681,-0.01773272259,-0.2099616704,3.884819599e-05
4.042,0.05208885005,-0.01765649174,-0.21,0.05208512421,-0.01765168591,-0.2099616302,3.884868268e-05
4.043,0.05211637185,-0.0175750899,-0.21,0.05211258466,-0.01757064212,-0.2099615897,3.885200841e-05
4.044,0.05214375626,-0.01749367552,-0.21,0.05213990783,-0.01748959217,-0.2099615489,3.885836508e-05
4.045,0.05217100291,-0.01741225015,-0.21,0.05216709339,-0.01740853696,-0.2099615079,3.886792122e-05
4.046,0.05219811146,-0.01733081534,-0.21,0.05219414099,-0.01732747742,-0.2099614667,3.888081742e-05
4.047,0.05222508154,-0.01724937268,-0.21,0.0522210503,-0.01724641475,-0.2099614255,3.88971729e-05
4.048,0.05225191282,-0.01716792377,-0.21,0.05224782102,-0.01716535045,-0.2099613843,3.891709994e-05
4.049,0.05227860495,-0.01708647023,-0.21,0.05227445287,-0.01708428631,-0.2099613429,3.894071974e-05
4.05,0.05230515757,-0.01700501371,-0.21,0.0523009456,-0.01700322434,-0.2099613015,3.896817337e-05
4.051,0.05233157036,-0.01692355588,-0.21,0.05232729898,-0.01692216659,-0.2099612599,3.8999623e-05
4.052,0.05235784297,-0.01684209843,-0.21,0.05235351275,-0.01684111504,-0.2099612181,3.90352431e-05
4.053,0.05238397507,-0.01676064306,-0.21,0.05237958667,-0.01676007145,-0.2099611762,3.90752046e-05
4.054,0.05240996633,-0.01667919151,-0.21,0.05240552047,-0.01667903736,-0.2099611341,3.911965828e-05
4.055,0.05243581642,-0.01659774551,-0.21,0.05243131386,-0.01659801409,-0.2099610919,3.91687237e-05
4.056,0.05246152503,-0.01651630685,-0.21,0.05245696654,-0.01651700291,-0.2099610495,3.922248817e-05
4.057,0.05248709183,-0.01643487729,-0.21,0.0524824782,-0.01643600512,-0.2099610072,3.928101652e-05
4.058,0.05251251651,-0.01635345866,-0.21,0.05250784855,-0.01635502219,-0.2099609648,3.934436837e-05
4.059,0.05253779877,-0.01627205275,-0.21,0.05253307733,-0.01627405583,-0.2099609225,3.941261668e-05
4.06,0.0525629383,-0.01619066143,-0.21,0.05255816427,-0.01619310795,-0.2099608802,3.948586044e-05
4.061,0.05258793481,-0.01610928653,-0.21,0.05258310916,-0.01611218065,-0.209960838,3.956422682e-05
4.062,0.05261278801,-0.01602792994,-0.21,0.05260791178,-0.01603127607,-0.2099607957,3.964786126e-05
4.063,0.05263749761,-0.01594659355,-0.21,0.05263257193,-0.01595039629,-0.2099607534,3.973690872e-05
4.064,0.05266206333,-0.01586527925,-0.21,0.05265708938,-0.01586954325,-0.209960711,3.983149226e-05
4.065,0.05268648491,-0.01578398897,-0.21,0.05268146393,-0.01578871872,-0.2099606686,3.993169646e-05
4.066,0.05271076208,-0.01570272465,-0.21,0.05270569533,-0.01570792433,-0.2099606262,4.003756144e-05
4.067,0.05273489457,-0.01562148824,-0.21,0.05272978334,-0.01562716164,-0.2099605838,4.014908992e-05
4.068,0.05275888214,-0.01554028169,-0.21,0.05275372774,-0.01554643222,-0.2099605415,4.026626534e-05
4.069,0.05278272455,-0.01545910701,-0.21,0.05277752829,-0.01546573778,-0.2099604993,4.038907495e-05
4.07,0.05280642155,-0.01537796617,-0.21,0.05280118478,-0.01538508017,-0.2099604571,4.051753031e-05
4.071,0.05282997291,-0.01529686118,-0.21,0.05282469702,-0.01530446145,-0.2099604152,4.065167804e-05
4.072,0.05285337842,-0.01521579407,-0.21,0.05284806484,-0.01522388376,-0.2099603733,4.079159708e-05
4.073,0.05287663787,-0.01513476686,-0.21,0.05287128808,-0.01514334931,-0.2099603315,4.093738326e-05
4.074,0.05289975103,-0.01505378161,-0.21,0.0528943666,-0.01506286029,-0.2099602898,4.108912582e-05
4.075,0.05292271772,-0.01497284037,-0.21,0.05291730024,-0.01498241877,-0.2099602481,4.1246884e-05
4.076,0.05294553775,-0.01489194522,-0.21,0.05294008886,-0.01490202669,-0.2099602066,4.14106711e-05
4.077,0.05296821093,-0.01481109822,-0.21,0.0529627323,-0.0148216859,-0.2099601651,4.158045149e-05
4.078,0.0529907371,-0.01473030148,-0.21,0.05298523041,-0.01474139818,-0.2099601237,4.17561515e-05
4.079,0.05301311609,-0.01464955709,-0.21,0.05300758303,-0.01466116532,-0.2099600825,4.193768098e-05
4.08,0.05303534774,-0.01456886717,-0.21,0.05302979002,-0.0145809892,-0.2099600415,4.212495829e-05
4.081,0.0530574319,-0.01448823384,-0.21,0.05305185125,-0.0145008718,-0.2099600007,4.231793095e-05
4.082,0.05307936846,-0.01440765923,-0.21,0.05307376662,-0.01442081524,-0.20995996,4.251658497e-05
4.083,0.05310115726,-0.01432714548,-0.21,0.05309553603,-0.01434082176,-0.2099599196,4.272094022e-05
4.084,0.0531227982,-0.01424669474,-0.21,0.05311715941,-0.01426089359,-0.2099598793,4.293103316e-05
4.085,0.05314429117,-0.01416630918,-0.21,0.05313863668,-0.01418103299,-0.2099598392,4.314689289e-05
4.086,0.05316563607,-0.01408599095,-0.21,0.05315996778,-0.01410124212,-0.2099597992,4.336851795e-05
4.087,0.05318683281,-0.01400574223,-0.21,0.05318115266,-0.01402152305,-0.2099597595,4.359586173e-05
4.088,0.05320788131,-0.0139255652,-0.21,0.05320219124,-0.01394187779,-0.2099597199,4.382883076e-05
4.089,0.05322878151,-0.01384546205,-0.21,0.05322308349,-0.01386230825,-0.2099596805,4.406729656e-05
4.09,0.05324953333,-0.01376543497,-0.21,0.05324382933,-0.0137828164,-0.2099596413,4.431111708e-05
4.091,0.05327013674,-0.01368548617,-0.21,0.05326442873,-0.01370340422,-0.2099596024,4.456016092e-05
4.092,0.05329059169,-0.01360561785,-0.21,0.05328488167,-0.01362407379,-0.2099595637,4.481432656e-05
4.093,0.05331089816,-0.01352583222,-0.21,0.05330518812,-0.01354482731,-0.2099595252,4.507355074e-05
4.094,0.05333105613,-0.01344613151,-0.21,0.0533253481,-0.013465667,-0.209959487,4.533780347e-05
4.095,0.05335106558,-0.01336651793,-0.21,0.05334536161,-0.01338659516,-0.2099594491,4.560707172e-05
4.096,0.05337092652,-0.01328699372,-0.21,0.0533652287,-0.01330761407,-0.2099594114,4.588133697e-05
4.097,0.05339063897,-0.0132075611,-0.21,0.05338494938,-0.01322872593,-0.209959374,4.616055408e-05
4.098,0.05341020295,-0.01312822231,-0.21,0.05340452371,-0.01314993291,-0.2099593367,4.64446381e-05
4.099,0.05342961849,-0.01304897958,-0.21,0.05342395174,-0.01307123708,-0.2099592998,4.673346301e-05
4.1,0.05344888563,-0.01296983517,-0.21,0.0534432335,-0.01299264048,-0.2099592631,4.702687258e-05
4.101,0.05346800444,-0.01289079132,-0.21,0.05346236906,-0.01291414516,-0.2099592266,4.73246998e-05
4.102,0.05348697498,-0.01281185027,-0.21,0.05348135848,-0.01283575319,-0.2099591905,4.762678844e-05
4.103,0.05350579733,-0.01273301428,-0.21,0.05350020185,-0.0127574667,-0.2099591546,4.793301024e-05
4.104,0.05352447156,-0.01265428559,-0.21,0.05351889926,-0.01267928789,-0.2099591191,4.824327237e-05
4.105,0.0535429978,-0.01257566646,-0.21,0.05353745081,-0.01260121902,-0.2099590839,4.855751309e-05
4.106,0.05356137613,-0.01249715914,-0.21,0.05355585664,-0.01252326236,-0.2099590489,4.887568746e-05
4.107,0.05357960669,-0.0124187659,-0.21,0.05357411688,-0.01244542019,-0.2099590143,4.919774782e-05
4.108,0.05359768961,-0.01234048898,-0.21,0.05359223166,-0.01236769474,-0.2099589799,4.952362528e-05
4.109,0.05361562503,-0.01226233064,-0.21,0.05361020114,-0.01229008821,-0.2099589459,4.985321817e-05
4.11,0.0536334131,-0.01218429313,-0.21,0.05362802548,-0.01221260271,-0.2099589121,5.01863906e-05
4.111,0.05365105399,-0.01210637872,-0.21,0.05364570484,-0.01213524033,-0.2099588786,5.052298165e-05
4.112,0.05366854787,-0.01202858966,-0.21,0.05366323939,-0.01205800316,-0.2099588455,5.086282166e-05
4.113,0.05368589494,-0.0119509282,-0.21,0.05368062931,-0.01198089331,-0.2099588127,5.120575077e-05
4.114,0.05370309538,-0.01187339659,-0.21,0.0536978748,-0.01190391291,-0.2099587802,5.155163353e-05
4.115,0.05372014941,-0.01179599708,-0.21,0.05371497606,-0.01182706416,-0.2099587481,5.190036553e-05
4.116,0.05373705725,-0.01171873193,-0.21,0.05373193331,-0.01175034929,-0.2099587163,5.225187007e-05
4.117,0.05375381913,-0.01164160338,-0.21,0.05374874678,-0.01167377055,-0.2099586848,5.260608637e-05
4.118,0.05377043528,-0.01156461367,-0.21,0.05376541673,-0.01159733017,-0.2099586537,5.296295326e-05
4.119,0.05378690597,-0.01148776505,-0.21,0.0537819434,-0.01152103039,-0.2099586229,5.332239363e-05
4.12,0.05380323146,-0.01141105975,-0.21,0.05379832705,-0.01144487336,-0.2099585924,5.368430436e-05
4.121,0.05381941202,-0.0113345,-0.21,0.05381456796,-0.01136886121,-0.2099585622,5.40485548e-05
4.122,0.05383544793,-0.01125808804,-0.21,0.0538306664,-0.01129299604,-0.2099585324,5.441499383e-05
4.123,0.05385133949,-0.01118182609,-0.21,0.05384662266,-0.01121727993,-0.209958503,5.478346319e-05
4.124,0.05386708702,-0.01110571638,-0.21,0.05386243703,-0.01114171497,-0.2099584738,5.51538126e-05
4.125,0.05388269082,-0.01102976111,-0.21,0.05387810982,-0.01106630328,-0.2099584451,5.552591212e-05
4.126,0.05389815122,-0.01095396251,-0.21,0.05389364135,-0.01099104701,-0.2099584167,5.589965784e-05
4.127,0.05391346857,-0.01087832278,-0.21,0.05390903194,-0.01091594833,-0.2099583886,5.627496961e-05
4.128,0.05392864322,-0.01080284411,-0.21,0.05392428195,-0.01084100944,-0.2099583609,5.665178172e-05
4.129,0.05394367551,-0.01072752871,-0.21,0.05393939172,-0.01076623252,-0.2099583336,5.703002968e-05
4.13,0.05395856583,-0.01065237877,-0.21,0.05395436161,-0.01069161973,-0.2099583066,5.740963743e-05
4.131,0.05397331456,-0.01057739646,-0.21,0.05396919201,-0.01061717318,-0.20995828,5.779050885e-05
4.132,0.05398792208,-0.01050258396,-0.21,0.05398388328,-0.01054289496,-0.2099582537,5.817252601e-05
4.133,0.0540023888,-0.01042794344,-0.21,0.05399843582,-0.01046878712,-0.2099582278,5.855555448e-05
4.134,0.05401671512,-0.01035347706,-0.21,0.05401285002,-0.01039485172,-0.2099582022,5.893945379e-05
4.135,0.05403090148,-0.01027918698,-0.21,0.05402712628,-0.01032109079,-0.209958177,5.932408961e-05
4.136,0.05404494831,-0.01020507534,-0.21,0.05404126503,-0.01024750639,-0.2099581521,5.970934386e-05
4.137,0.05405885603,-0.01013114427,-0.21,0.05405526668,-0.01017410059,-0.2099581276,6.009511966e-05
4.138,0.05407262512,-0.01005739591,-0.21,0.05406913167,-0.01010087548,-0.2099581035,6.04813399e-05
4.139,0.05408625603,-0.009983832383,-0.21,0.05408286045,-0.01002783318,-0.2099580798,6.086794012e-05
4.14,0.05409974922,-0.009910455793,-0.21,0.05409645349,-0.009954975758,-0.2099580564,6.125485803e-05
4.141,0.05411310519,-0.009837268245,-0.21,0.05410991123,-0.009882305297,-0.2099580333,6.164202323e-05
4.142,0.05412632442,-0.009764271833,-0.21,0.05412323417,-0.009809823832,-0.2099580106,6.202935004e-05
4.143,0.05413940742,-0.009691468639,-0.21,0.05413642277,-0.00973753337,-0.2099579883,6.241673573e-05
4.144,0.05415235469,-0.009618860737,-0.21,0.05414947754,-0.009665435889,-0.2099579663,6.280406439e-05
4.145,0.05416516675,-0.00954645019,-0.21,0.05416239897,-0.009593533353,-0.2099579447,6.319121496e-05
4.146,0.05417784413,-0.009474239052,-0.21,0.05417518756,-0.009521827719,-0.2099579235,6.357807084e-05
4.147,0.05419038737,-0.009402229364,-0.21,0.05418784384,-0.00945032095,-0.2099579026,6.39645281e-05
4.148,0.05420279701,-0.009330423157,-0.21,0.05420036832,-0.009379015021,-0.2099578821,6.435049971e-05
4.149,0.05421507361,-0.009258822451,-0.21,0.05421276154,-0.009307911911,-0.2099578619,6.473591476e-05
4.15,0.05422721774,-0.009187429256,-0.21,0.05422502404,-0.009237013605,-0.2099578421,6.512071314e-05
4.151,0.05423922996,-0.009116245567,-0.21,0.05423715639,-0.009166322073,-0.2099578227,6.550483738e-05
4.152,0.05425111086,-0.00904527337,-0.21,0.05424915913,-0.009095839269,-0.2099578036,6.588822445e-05
4.153,0.05426286103,-0.008974514638,-0.21,0.05426103283,-0.009025567117,-0.2099577848,6.627079988e-05
4.154,0.05427448106,-0.008903971331,-0.21,0.05427277808,-0.008955507513,-0.2099577664,6.665247602e-05
4.155,0.05428597157,-0.008833645398,-0.21,0.05428439545,-0.008885662325,-0.2099577484,6.703315472e-05
4.156,0.05429733316,-0.008763538773,-0.21,0.05429588554,-0.008816033405,-0.2099577307,6.741273353e-05
4.157,0.05430856646,-0.008693653379,-0.21,0.05430724894,-0.008746622594,-0.2099577133,6.779111321e-05
4.158,0.0543196721,-0.008623991125,-0.21,0.05431848625,-0.008677431734,-0.2099576963,6.816820429e-05
4.159,0.05433065072,-0.008554553906,-0.21,0.05432959808,-0.008608462667,-0.2099576797,6.85439306e-05
4.16,0.05434150296,-0.008485343604,-0.21,0.05434058506,-0.008539717238,-0.2099576634,6.891822888e-05
4.161,0.05435222948,-0.008416362087,-0.21,0.05435144782,-0.008471197286,-0.2099576474,6.929104485e-05
4.162,0.05436283093,-0.008347611209,-0.21,0.05436218698,-0.008402904639,-0.2099576318,6.966232693e-05
4.163,0.05437330799,-0.008279092809,-0.21,0.05437280319,-0.008334841107,-0.2099576166,7.003201976e-05
4.164,0.05438366134,-0.008210808713,-0.21,0.05438329711,-0.008267008473,-0.2099576016,7.040005947e-05
4.165,0.05439389164,-0.00814276073,-0.21,0.05439366939,-0.00819940849,-0.209957587,7.076637205e-05
4.166,0.05440399959,-0.008074950658,-0.21,0.0544039207,-0.00813204289,-0.2099575727,7.113087526e-05
4.167,0.0544139859,-0.008007380275,-0.21,0.05441405169,-0.008064913383,-0.2099575588,7.149348322e-05
4.168,0.05442385125,-0.007940051347,-0.21,0.05442406304,-0.007998021666,-0.2099575452,7.185411227e-05
4.169,0.05443359636,-0.007872965624,-0.21,0.05443395544,-0.00793136943,-0.2099575319,7.221268617e-05
4.17,0.05444322194,-0.007806124839,-0.21,0.05444372957,-0.007864958362,-0.209957519,7.256913908e-05
4.171,0.05445272871,-0.007739530712,-0.21,0.05445338613,-0.007798790146,-0.2099575063,7.292341554e-05
4.172,0.05446211741,-0.007673184943,-0.21,0.05446292581,-0.007732866456,-0.209957494,7.327546756e-05
4.173,0.05447138876,-0.00760708922,-0.21,0.05447234931,-0.007667188954,-0.209957482,7.362524983e-05
4.174,0.05448054351,-0.007541245211,-0.21,0.05448165736,-0.007601759281,-0.2099574704,7.397271463e-05
4.175,0.05448958239,-0.00747565457,-0.21,0.05449085067,-0.007536579055,-0.209957459,7.431780802e-05
4.176,0.05449850616,-0.007410318933,-0.21,0.05449992996,-0.007471649864,-0.209957448,7.466046834e-05
4.177,0.05450731557,-0.00734523992,-0.21,0.05450889595,-0.007406973276,-0.2099574372,7.500062753e-05
4.178,0.05451601138,-0.007280419132,-0.21,0.05451774938,-0.007342550835,-0.2099574268,7.533821451e-05
4.179,0.05452459437,-0.007215858155,-0.21,0.05452649099,-0.007278384071,-0.2099574167,7.567315972e-05
4.18,0.05453306529,-0.007151558557,-0.21,0.05453512151,-0.007214474501,-0.2099574068,7.600539921e-05
4.181,0.05454142493,-0.007087521888,-0.21,0.05454364169,-0.007150823636,-0.2099573973,7.633487712e-05
4.182,0.05454967406,-0.007023749681,-0.21,0.05455205228,-0.007087432976,-0.2099573881,7.666154586e-05
4.183,0.05455781347,-0.006960243449,-0.21,0.05456035403,-0.007024304013,-0.2099573792,7.698536396e-05
4.184,0.05456584395,-0.00689700469,-0.21,0.05456854771,-0.00696143822,-0.2099573705,7.730629253e-05
4.185,0.05457376629,-0.006834034883,-0.21,0.05457663407,-0.006898837052,-0.2099573622,7.762429123e-05
4.186,0.05458158129,-0.006771335488,-0.21,0.05458461389,-0.006836501939,-0.2099573541,7.793931521e-05
4.187,0.05458928974,-0.006708907946,-0.21,0.05459248794,-0.006774434286,-0.2099573463,7.825131386e-05
4.188,0.05459689245,-0.006646753681,-0.21,0.054600257,-0.006712635473,-0.2099573388,7.856023157e-05
4.189,0.05460439024,-0.006584874097,-0.21,0.05460792183,-0.006651106857,-0.2099573315,7.886601032e-05
4.19,0.0546117839,-0.00652327058,-0.21,0.05461548322,-0.00658984978,-0.2099573246,7.916859313e-05
4.191,0.05461907426,-0.006461944497,-0.21,0.05462294196,-0.006528865568,-0.2099573179,7.946792723e-05
4.192,0.05462626214,-0.006400897195,-0.21,0.05463029883,-0.006468155535,-0.2099573115,7.976396618e-05
4.193,0.05463334835,-0.006340130003,-0.21,0.05463755463,-0.006407720982,-0.2099573053,8.005667008e-05
4.194,0.05464033371,-0.00627964423,-0.21,0.05464471015,-0.006347563199,-0.2099572994,8.034600407e-05
4.195,0.05464721907,-0.006219441165,-0.21,0.05465176617,-0.006287683456,-0.2099572938,8.063193564e-05
4.196,0.05465400523,-0.006159522079,-0.21,0.05465872352,-0.006228083003,-0.2099572884,8.091443153e-05
4.197,0.05466069304,-0.006099888222,-0.21,0.05466558298,-0.006168763066,-0.2099572832,8.119345533e-05
4.198,0.05466728333,-0.006040540824,-0.21,0.05467234536,-0.006109724848,-0.2099572784,8.146896627e-05
4.199,0.05467377693,-0.005981481095,-0.21,0.05467901147,-0.006050969524,-0.2099572737,8.174091982e-05
4.2,0.05468017468,-0.005922710228,-0.21,0.05468558211,-0.005992498249,-0.2099572693,8.200926952e-05
4.201,0.05468647743,-0.00586422939,-0.21,0.0546920581,-0.005934312158,-0.2099572651,8.227396963e-05
4.202,0.05469268601,-0.005806039734,-0.21,0.05469844025,-0.005876412369,-0.2099572612,8.253497763e-05
4.203,0.05469880126,-0.005748142388,-0.21,0.05470472936,-0.005818799985,-0.2099572575,8.27922559e-05
4.204,0.05470482403,-0.005690538462,-0.21,0.05471092625,-0.005761476094,-0.2099572541,8.304577205e-05
4.205,0.05471075516,-0.005633229045,-0.21,0.05471703175,-0.00570444177,-0.2099572508,8.329549783e-05
4.206,0.05471659551,-0.005576215205,-0.21,0.05472304666,-0.005647698065,-0.2099572478,8.354140709e-05
4.207,0.05472234591,-0.00551949799,-0.21,0.05472897181,-0.005591246012,-0.209957245,8.378347344e-05
4.208,0.05472800722,-0.005463078425,-0.21,0.05473480802,-0.00553508662,-0.2099572424,8.402166829e-05
4.209,0.05473358028,-0.005406957518,-0.21,0.0547405561,-0.005479220873,-0.2099572401,8.425595988e-05
4.21,0.05473906595,-0.005351136252,-0.21,0.05474621688,-0.00542364973,-0.2099572379,8.448631362e-05
4.211,0.05474446507,-0.005295615591,-0.21,0.05475179117,-0.005368374129,-0.209957236,8.47126934e-05
4.212,0.05474977849,-0.005240396479,-0.21,0.05475727981,-0.005313394984,-0.2099572342,8.493506366e-05
4.213,0.05475500707,-0.005185479836,-0.21,0.0547626836,-0.005258713194,-0.2099572327,8.515339131e-05
4.214,0.05476015165,-0.005130866562,-0.21,0.05476800338,-0.005204329639,-0.2099572313,8.536764711e-05
4.215,0.05476521308,-0.005076557538,-0.21,0.05477323997,-0.005150245182,-0.2099572301,8.557780597e-05
4.216,0.05477019221,-0.005022553619,-0.21,0.05477839418,-0.00509646067,-0.2099572292,8.578384624e-05
4.217,0.0547750899,-0.004968855641,-0.21,0.05478346684,-0.005042976927,-0.2099572284,8.598574815e-05
4.218,0.05477990699,-0.00491546442,-0.21,0.05478845877,-0.004989794759,-0.2099572278,8.618349199e-05
4.219,0.05478464432,-0.004862380748,-0.21,0.05479337079,-0.004936914946,-0.2099572274,8.637705661e-05
4.22,0.05478930275,-0.004809605396,-0.21,0.05479820373,-0.004884338245,-0.2099572271,8.656641857e-05
4.221,0.05479388312,-0.004757139113,-0.21,0.0548029584,-0.004832065387,-0.2099572271,8.675155232e-05
4.222,0.05479838628,-0.004704982628,-0.21,0.05480763561,-0.004780097082,-0.2099572272,8.693243122e-05
4.223,0.05480281306,-0.004653136646,-0.21,0.0548122362,-0.004728434017,-0.2099572274,8.710902904e-05
4.224,0.05480716432,-0.00460160185,-0.21,0.05481676097,-0.004677076859,-0.2099572279,8.72813215e-05
4.225,0.05481144088,-0.004550378904,-0.21,0.05482121073,-0.004626026257,-0.2099572284,8.744928735e-05
4.226,0.0548156436,-0.004499468447,-0.21,0.05482558631,-0.004575282843,-0.2099572292,8.761290868e-05
4.227,0.05481977331,-0.004448871098,-0.21,0.05482988852,-0.004524847226,-0.2099572301,8.77721704e-05
4.228,0.05482383084,-0.004398587452,-0.21,0.05483411816,-0.004474719998,-0.2099572312,8.792705912e-05
4.229,0.05482781703,-0.004348618084,-0.21,0.05483827605,-0.004424901729,-0.2099572324,8.807756175e-05
4.23,0.05483173271,-0.004298963546,-0.21,0.05484236298,-0.004375392965,-0.2099572337,8.822366428e-05
4.231,0.05483557871,-0.004249624367,-0.21,0.05484637978,-0.004326194225,-0.2099572352,8.83653511e-05
4.232,0.05483935586,-0.004200601056,-0.21,0.05485032724,-0.00427730601,-0.2099572368,8.850260511e-05
4.233,0.05484306497,-0.004151894097,-0.21,0.05485420616,-0.004228728791,-0.2099572386,8.863540843e-05
4.234,0.05484670688,-0.004103503955,-0.21,0.05485801734,-0.004180463023,-0.2099572405,8.876374351e-05
4.235,0.0548502824,-0.00405543107,-0.21,0.05486176158,-0.004132509135,-0.2099572425,8.888759439e-05
4.236,0.05485379234,-0.004007675862,-0.21,0.05486543966,-0.004084867542,-0.2099572446,8.900694753e-05
4.237,0.05485723753,-0.003960238726,-0.21,0.05486905239,-0.004037538634,-0.2099572469,8.912179207e-05
4.238,0.05486061877,-0.003913120037,-0.21,0.05487260056,-0.003990522785,-0.2099572493,8.923211954e-05
4.239,0.05486393687,-0.003866320148,-0.21,0.05487608493,-0.003943820346,-0.2099572518,8.933792296e-05
4.24,0.05486719263,-0.003819839388,-0.21,0.05487950631,-0.003897431648,-0.2099572544,8.943919582e-05
4.241,0.05487038686,-0.003773678065,-0.21,0.05488286547,-0.003851356997,-0.2099572572,8.953593107e-05
4.242,0.05487352035,-0.003727836464,-0.21,0.05488616318,-0.003805596676,-0.20995726,8.962812063e-05
4.243,0.05487659389,-0.003682314847,-0.21,0.05488940023,-0.003760150944,-0.2099572629,8.971575537e-05
4.244,0.05487960829,-0.003637113455,-0.21,0.05489257737,-0.003715020038,-0.209957266,8.979882564e-05
4.245,0.05488256431,-0.003592232507,-0.21,0.05489569538,-0.003670204172,-0.2099572691,8.987732217e-05
4.246,0.05488546276,-0.003547672199,-0.21,0.05489875503,-0.003625703538,-0.2099572724,8.995123692e-05
4.247,0.05488830439,-0.003503432703,-0.21,0.05490175706,-0.003581518309,-0.2099572757,9.002056381e-05
4.248,0.05489109,-0.003459514172,-0.21,0.05490470225,-0.003537648637,-0.2099572791,9.008529895e-05
4.249,0.05489382035,-0.003415916734,-0.21,0.05490759133,-0.003494094655,-0.2099572826,9.014544043e-05
4.25,0.05489649621,-0.003372640497,-0.21,0.05491042507,-0.003450856474,-0.2099572862,9.02009877e-05
4.251,0.05489911834,-0.003329685544,-0.21,0.0549132042,-0.003407934183,-0.2099572899,9.025194073e-05
4.252,0.05490168749,-0.003287051938,-0.21,0.05491592947,-0.003365327848,-0.2099572937,9.029829934e-05
4.253,0.05490420443,-0.00324473972,-0.21,0.05491860162,-0.003323037514,-0.2099572975,9.034006274e-05
4.254,0.0549066699,-0.003202748906,-0.21,0.05492122137,-0.0032810632,-0.2099573014,9.037722956e-05
4.255,0.05490908464,-0.003161079494,-0.21,0.05492378946,-0.003239404904,-0.2099573054,9.040979817e-05
4.256,0.0549114494,-0.003119731455,-0.21,0.0549263066,-0.003198062603,-0.2099573094,9.043776736e-05
4.257,0.05491376491,-0.003078704742,-0.21,0.05492877353,-0.00315703625,-0.2099573135,9.046113695e-05
4.258,0.05491603191,-0.003037999284,-0.21,0.05493119095,-0.00311632578,-0.2099573177,9.047990832e-05
4.259,0.0549182511,-0.002997614988,-0.21,0.05493355958,-0.003075931107,-0.209957322,9.049408466e-05
4.26,0.05492042323,-0.00295755174,-0.21,0.05493588012,-0.003035852123,-0.2099573262,9.050367075e-05
4.261,0.054922549,-0.002917809402,-0.21,0.05493815327,-0.002996088701,-0.2099573306,9.050867261e-05
4.262,0.05492462912,-0.002878387815,-0.21,0.05494037973,-0.002956640693,-0.209957335,9.05090969e-05
4.263,0.05492666429,-0.0028392868,-0.21,0.05494256019,-0.002917507926,-0.2099573395,9.050495033e-05
4.264,0.05492865523,-0.002800506153,-0.21,0.05494469534,-0.002878690207,-0.209957344,9.049623939e-05
4.265,0.05493060262,-0.002762045651,-0.21,0.05494678587,-0.00284018732,-0.2099573485,9.048297028e-05
4.266,0.05493250715,-0.002723905046,-0.21,0.05494883244,-0.002801999027,-0.2099573531,9.046514912e-05
4.267,0.0549343695,-0.002686084071,-0.21,0.05495083573,-0.002764125067,-0.2099573577,9.044278244e-05
4.268,0.05493619036,-0.002648582436,-0.21,0.05495279641,-0.002726565161,-0.2099573624,9.041587768e-05
4.269,0.05493797039,-0.00261139983,-0.21,0.05495471513,-0.002689319007,-0.2099573671,9.038444359e-05
4.27,0.05493971027,-0.002574535921,-0.21,0.05495659257,-0.002652386284,-0.2099573719,9.034849042e-05
4.271,0.05494141066,-0.002537990353,-0.21,0.05495842936,-0.00261576665,-0.2099573766,9.030802984e-05
4.272,0.0549430722,-0.00250176275,-0.21,0.05496022615,-0.002579459744,-0.2099573814,9.026307466e-05
4.273,0.05494469556,-0.002465852716,-0.21,0.05496198358,-0.002543465181,-0.2099573863,9.021363837e-05
4.274,0.05494628138,-0.002430259831,-0.21,0.0549637023,-0.002507782559,-0.2099573911,9.015973471e-05
4.275,0.05494783029,-0.002394983656,-0.21,0.05496538293,-0.002472411451,-0.209957396,9.010137744e-05
4.276,0.05494934293,-0.00236002373,-0.21,0.05496702608,-0.002437351409,-0.2099574009,9.003858021e-05
4.277,0.05495081992,-0.002325379569,-0.21,0.0549686324,-0.002402601966,-0.2099574058,8.997135677e-05
4.278,0.05495226189,-0.002291050671,-0.21,0.05497020247,-0.00236816263,-0.2099574108,8.989972133e-05
4.279,0.05495366945,-0.002257036511,-0.21,0.05497173693,-0.002334032892,-0.2099574157,8.982368888e-05
4.28,0.05495504321,-0.002223336543,-0.21,0.05497323635,-0.002300212221,-0.2099574207,8.97432756e-05
4.281,0.05495638378,-0.002189950201,-0.21,0.05497470135,-0.002266700069,-0.2099574257,8.965849896e-05
4.282,0.05495769175,-0.002156876899,-0.21,0.05497613251,-0.002233495865,-0.2099574307,8.956937771e-05
4.283,0.0549589677,-0.002124116027,-0.21,0.05497753042,-0.00220059902,-0.2099574357,8.947593164e-05
4.284,0.05496021224,-0.002091666958,-0.21,0.05497889566,-0.002168008924,-0.2099574407,8.937818127e-05
4.285,0.05496142593,-0.002059529042,-0.21,0.0549802288,-0.002135724949,-0.2099574457,8.927614748e-05
4.286,0.05496260935,-0.00202770161,-0.21,0.05498153041,-0.002103746443,-0.2099574507,8.916985137e-05
4.287,0.05496376306,-0.001996183972,-0.21,0.05498280105,-0.002072072735,-0.2099574558,8.905931411e-05
4.288,0.05496488762,-0.001964975418,-0.21,0.05498404127,-0.002040703134,-0.2099574608,8.89445571e-05
4.289,0.0549659836,-0.001934075216,-0.21,0.05498525164,-0.002009636928,-0.2099574658,8.882560225e-05
4.29,0.05496705153,-0.001903482617,-0.21,0.05498643268,-0.001978873386,-0.2099574708,8.870247224e-05
4.291,0.05496809196,-0.00187319685,-0.21,0.05498758494,-0.001948411758,-0.2099574758,8.857519076e-05
4.292,0.05496910542,-0.001843217124,-0.21,0.05498870896,-0.001918251275,-0.2099574808,8.844378271e-05
4.293,0.05497009244,-0.001813542629,-0.21,0.05498980525,-0.001888391149,-0.2099574858,8.830827411e-05
4.294,0.05497105355,-0.001784172534,-0.21,0.05499087435,-0.001858830573,-0.2099574908,8.816869199e-05
4.295,0.05497198926,-0.00175510599,-0.21,0.05499191675,-0.00182956872,-0.2099574958,8.802506412e-05
4.296,0.05497290008,-0.001726342128,-0.21,0.05499293298,-0.001800604747,-0.2099575007,8.787741875e-05
4.297,0.05497378651,-0.001697880058,-0.21,0.05499392354,-0.001771937786,-0.2099575057,8.772578447e-05
4.298,0.05497464906,-0.001669718873,-0.21,0.05499488892,-0.001743566955,-0.2099575106,8.757019012e-05
4.299,0.05497548821,-0.001641857646,-0.21,0.05499582961,-0.00171549135,-0.2099575155,8.74106649e-05
4.3,0.05497630444,-0.001614295429,-0.21,0.0549967461,-0.001687710049,-0.2099575204,8.724723854e-05
4.301,0.05497709825,-0.001587031257,-0.21,0.05499763887,-0.00166022211,-0.2099575253,8.707994153e-05
4.302,0.05497787009,-0.001560064146,-0.21,0.05499850838,-0.001633026575,-0.2099575302,8.690880533e-05
4.303,0.05497862044,-0.001533393094,-0.21,0.05499935512,-0.001606122468,-0.209957535,8.673386246e-05
4.304,0.05497934976,-0.001507017077,-0.21,0.05500017953,-0.001579508793,-0.2099575398,8.655514651e-05
4.305,0.05498005849,-0.001480935057,-0.21,0.05500098207,-0.001553184538,-0.2099575446,8.637269201e-05
4.306,0.05498074709,-0.001455145974,-0.21,0.0550017632,-0.001527148672,-0.2099575494,8.618653428e-05
4.307,0.05498141599,-0.001429648751,-0.21,0.05500252335,-0.001501400149,-0.2099575541,8.59967092e-05
4.308,0.05498206564,-0.001404442294,-0.21,0.05500326296,-0.0014759379,-0.2099575589,8.58032531e-05
4.309,0.05498269645,-0.001379525488,-0.21,0.05500398247,-0.001450760841,-0.2099575636,8.560620272e-05
4.31,0.05498330886,-0.001354897204,-0.21,0.0550046823,-0.001425867871,-0.2099575682,8.540559524e-05
4.311,0.05498390328,-0.001330556291,-0.21,0.05500536286,-0.00140125787,-0.2099575728,8.520146843e-05
4.312,0.05498448012,-0.001306501584,-0.21,0.05500602458,-0.0013769297,-0.2099575774,8.499386081e-05
4.313,0.05498503977,-0.001282731898,-0.21,0.05500666785,-0.001352882209,-0.209957582,8.478281184e-05
4.314,0.05498558265,-0.001259246033,-0.21,0.05500729309,-0.001329114225,-0.2099575866,8.456836195e-05
4.315,0.05498610914,-0.001236042769,-0.21,0.05500790068,-0.001305624562,-0.2099575911,8.43505526e-05
4.316,0.05498661962,-0.00121312087,-0.21,0.05500849103,-0.001282412017,-0.2099575955,8.412942616e-05
4.317,0.05498711449,-0.001190479084,-0.21,0.0550090645,-0.001259475369,-0.2099576,8.390502581e-05
4.318,0.0549875941,-0.001168116142,-0.21,0.05500962148,-0.001236813383,-0.2099576044,8.367739538e-05
4.319,0.05498805883,-0.001146030756,-0.21,0.05501016235,-0.001214424806,-0.2099576087,8.344657922e-05
4.32,0.05498850903,-0.001124221625,-0.21,0.05501068747,-0.001192308369,-0.2099576131,8.321262221e-05
4.321,0.05498894507,-0.001102687429,-0.21,0.0550111972,-0.001170462786,-0.2099576173,8.297556976e-05
4.322,0.0549893673,-0.001081426832,-0.21,0.0550116919,-0.001148886756,-0.2099576216,8.273546792e-05
4.323,0.05498977605,-0.001060438484,-0.21,0.05501217192,-0.001127578962,-0.2099576258,8.249236352e-05
4.324,0.05499017167,-0.001039721017,-0.21,0.0550126376,-0.001106538072,-0.20995763,8.224630424e-05
4.325,0.05499055448,-0.001019273047,-0.21,0.05501308928,-0.001085762739,-0.2099576341,8.199733876e-05
4.326,0.05499092482,-0.0009990931752,-0.21,0.0550135273,-0.001065251601,-0.2099576382,8.17455167e-05
4.327,0.05499128301,-0.0009791799882,-0.21,0.05501395198,-0.00104500328,-0.2099576423,8.149088859e-05
4.328,0.05499162935,-0.000959532056,-0.21,0.05501436365,-0.001025016384,-0.2099576463,8.123350578e-05
4.329,0.05499196416,-0.0009401479339,-0.21,0.05501476262,-0.001005289507,-0.2099576503,8.097342032e-05
4.33,0.05499228774,-0.0009210261621,-0.21,0.0550151492,-0.0009858212273,-0.2099576542,8.071068488e-05
4.331,0.05499260039,-0.000902165266,-0.21,0.05501552371,-0.0009666101092,-0.2099576581,8.044535274e-05
4.332,0.05499290241,-0.0008835637566,-0.21,0.05501588643,-0.0009476547022,-0.2099576619,8.017747775e-05
4.333,0.05499319407,-0.0008652201301,-0.21,0.05501623768,-0.0009289535417,-0.2099576657,7.990711446e-05
4.334,0.05499347567,-0.0008471328686,-0.21,0.05501657773,-0.0009105051493,-0.2099576695,7.96343182e-05
4.335,0.05499374747,-0.00082930044,-0.21,0.05501690688,-0.0008923080332,-0.2099576732,7.935914517e-05
4.336,0.05499400975,-0.0008117212982,-0.21,0.0550172254,-0.000874360688,-0.2099576769,7.908165245e-05
4.337,0.05499426278,-0.0007943938833,-0.21,0.05501753357,-0.0008566615953,-0.2099576805,7.88018981e-05
4.338,0.05499450681,-0.000777316622,-0.21,0.05501783166,-0.0008392092237,-0.2099576841,7.851994102e-05
4.339,0.0549947421,-0.0007604879274,-0.21,0.05501811993,-0.0008220020288,-0.2099576876,7.823584097e-05
4.34,0.05499496889,-0.0007439061993,-0.21,0.05501839864,-0.0008050384534,-0.2099576911,7.794965841e-05
4.341,0.05499518745,-0.0007275698246,-0.21,0.05501866805,-0.0007883169276,-0.2099576945,7.766145448e-05
4.342,0.05499539799,-0.0007114771773,-0.21,0.05501892841,-0.0007718358689,-0.2099576979,7.737129098e-05
4.343,0.05499560077,-0.0006956266185,-0.21,0.05501917996,-0.0007555936823,-0.2099577013,7.707923032e-05
4.344,0.054995796,-0.0006800164971,-0.21,0.05501942294,-0.0007395887607,-0.2099577046,7.678533564e-05
4.345,0.05499598392,-0.0006646451496,-0.21,0.0550196576,-0.0007238194853,-0.2099577079,7.648967084e-05
4.346,0.05499616474,-0.0006495109002,-0.21,0.05501988415,-0.0007082842255,-0.2099577111,7.619230063e-05
4.347,0.05499633867,-0.0006346120614,-0.21,0.05502010282,-0.0006929813396,-0.2099577143,7.589329061e-05
4.348,0.05499650594,-0.000619946934,-0.21,0.05502031385,-0.0006779091745,-0.2099577174,7.559270724e-05
4.349,0.05499666674,-0.000605513807,-0.21,0.05502051743,-0.0006630660664,-0.2099577205,7.529061782e-05
4.35,0.05499682128,-0.0005913109584,-0.21,0.0550207138,-0.0006484503406,-0.2099577235,7.498709046e-05
4.351,0.05499696976,-0.0005773366548,-0.21,0.05502090314,-0.0006340603115,-0.2099577265,7.468219398e-05
4.352,0.05499711235,-0.0005635891521,-0.21,0.05502108568,-0.0006198942833,-0.2099577294,7.437599787e-05
4.353,0.05499724926,-0.0005500666954,-0.21,0.0550212616,-0.0006059505495,-0.2099577323,7.406857227e-05
4.354,0.05499738067,-0.0005367675192,-0.21,0.0550214311,-0.0005922273936,-0.2099577352,7.375998795e-05
4.355,0.05499750675,-0.0005236898479,-0.21,0.05502159438,-0.0005787230892,-0.209957738,7.345031635e-05
4.356,0.05499762768,-0.0005108318955,-0.21,0.05502175161,-0.0005654359002,-0.2099577407,7.313962963e-05
4.357,0.05499774363,-0.0004981918665,-0.21,0.05502190298,-0.0005523640811,-0.2099577435,7.28280007e-05
4.358,0.05499785477,-0.0004857679555,-0.21,0.05502204867,-0.0005395058774,-0.2099577461,7.251550324e-05
4.359,0.05499796126,-0.0004735583477,-0.21,0.05502218886,-0.0005268595257,-0.2099577488,7.220221171e-05
4.36,0.05499806325,-0.0004615612191,-0.21,0.05502232371,-0.0005144232538,-0.2099577513,7.18882013e-05
4.361,0.0549981609,-0.0004497747367,-0.21,0.05502245338,-0.0005021952813,-0.2099577539,7.157354794e-05
4.362,0.05499825437,-0.0004381970587,-0.21,0.05502257805,-0.0004901738192,-0.2099577564,7.125832816e-05
4.363,0.05499834379,-0.0004268263347,-0.21,0.05502269786,-0.0004783570703,-0.2099577588,7.094261912e-05
4.364,0.05499842931,-0.0004156607059,-0.21,0.05502281298,-0.0004667432298,-0.2099577612,7.062649852e-05
4.365,0.05499851106,-0.0004046983057,-0.21,0.05502292356,-0.0004553304847,-0.2099577636,7.031004462e-05
4.366,0.05499858919,-0.0003939372594,-0.21,0.05502302974,-0.0004441170148,-0.2099577659,6.999333622e-05
4.367,0.05499866383,-0.0003833756845,-0.21,0.05502313166,-0.0004331009927,-0.2099577682,6.967645272e-05
4.368,0.0549987351,-0.0003730116914,-0.21,0.05502322946,-0.0004222805841,-0.2099577704,6.93594741e-05
4.369,0.05499880312,-0.0003628433831,-0.21,0.05502332329,-0.0004116539479,-0.2099577726,6.904248093e-05
4.37,0.05499886802,-0.0003528688558,-0.21,0.05502341328,-0.0004012192369,-0.2099577747,6.872555438e-05
4.371,0.05499892992,-0.000343086199,-0.21,0.05502349954,-0.0003909745974,-0.2099577768,6.840877617e-05
4.372,0.05499898892,-0.0003334934955,-0.21,0.05502358222,-0.0003809181701,-0.2099577789,6.809222852e-05
4.373,0.05499904514,-0.0003240888222,-0.21,0.05502366143,-0.0003710480896,-0.2099577809,6.77759941e-05
4.374,0.05499909869,-0.0003148702498,-0.21,0.0550237373,-0.0003613624852,-0.2099577829,6.746015598e-05
4.375,0.05499914967,-0.0003058358434,-0.21,0.05502380993,-0.0003518594808,-0.2099577848,6.714479758e-05
4.376,0.05499919818,-0.0002969836627,-0.21,0.05502387945,-0.0003425371952,-0.2099577867,6.683000263e-05
4.377,0.05499924433,-0.0002883117618,-0.21,0.05502394596,-0.0003333937424,-0.2099577886,6.65158552e-05
4.378,0.05499928819,-0.0002798181902,-0.21,0.05502400958,-0.0003244272319,-0.2099577904,6.620243964e-05
4.379,0.05499932988,-0.0002715009926,-0.21,0.05502407039,-0.000315635769,-0.2099577922,6.58898406e-05
4.38,0.05499936947,-0.0002633582091,-0.21,0.05502412852,-0.000307017455,-0.2099577939,6.557814301e-05
4.381,0.05499940706,-0.0002553878757,-0.21,0.05502418405,-0.0002985703876,-0.2099577956,6.526743204e-05
4.382,0.05499944273,-0.0002475880245,-0.21,0.05502423708,-0.000290292661,-0.2099577973,6.495779308e-05
4.383,0.05499947655,-0.0002399566837,-0.21,0.05502428771,-0.0002821823664,-0.2099577989,6.464931164e-05
4.384,0.05499950861,-0.0002324918782,-0.21,0.05502433602,-0.0002742375918,-0.2099578005,6.434207333e-05
4.385,0.05499953899,-0.0002251916299,-0.21,0.0550243821,-0.0002664564226,-0.209957802,6.403616376e-05
4.386,0.05499956775,-0.0002180539575,-0.21,0.05502442604,-0.0002588369417,-0.2099578036,6.37316685e-05
4.387,0.05499959497,-0.0002110768773,-0.21,0.05502446792,-0.00025137723,-0.209957805,6.342867304e-05
4.388,0.05499962071,-0.0002042584032,-0.21,0.05502450781,-0.0002440753662,-0.2099578065,6.312726272e-05
4.389,0.05499964505,-0.0001975965471,-0.21,0.05502454581,-0.0002369294275,-0.2099578079,6.282752272e-05
4.39,0.05499966804,-0.0001910893188,-0.21,0.05502458198,-0.0002299374899,-0.2099578093,6.252953802e-05
4.391,0.05499968975,-0.0001847347268,-0.21,0.05502461639,-0.0002230976282,-0.2099578106,6.223339336e-05
4.392,0.05499971024,-0.0001785307785,-0.21,0.05502464913,-0.0002164079166,-0.2099578119,6.193917315e-05
4.393,0.05499972956,-0.0001724754801,-0.21,0.05502468024,-0.0002098664289,-0.2099578132,6.164696148e-05
4.394,0.05499974778,-0.0001665668371,-0.21,0.05502470981,-0.0002034712386,-0.2099578144,6.135684198e-05
4.395,0.05499976493,-0.0001608028547,-0.21,0.05502473789,-0.0001972204194,-0.2099578156,6.106889775e-05
4.396,0.05499978108,-0.000155181538,-0.21,0.05502476455,-0.0001911120452,-0.2099578168,6.078321132e-05
4.397,0.05499979627,-0.0001497008922,-0.21,0.05502478984,-0.0001851441906,-0.2099578179,6.049986454e-05
4.398,0.05499981055,-0.0001443589231,-0.21,0.05502481383,-0.0001793149312,-0.209957819,6.02189385e-05
4.399,0.05499982397,-0.000139153637,-0.21,0.05502483657,-0.0001736223436,-0.2099578201,5.99405135e-05
4.4,0.05499983656,-0.0001340830416,-0.21,0.05502485811,-0.0001680645061,-0.2099578212,5.966466894e-05
4.401,0.05499984838,-0.0001291451458,-0.21,0.05502487851,-0.0001626394988,-0.2099578222,5.939148331e-05
4.402,0.05499985946,-0.0001243379599,-0.21,0.05502489782,-0.0001573454039,-0.2099578232,5.912103408e-05
4.403,0.05499986983,-0.0001196594965,-0.21,0.05502491609,-0.0001521803061,-0.2099578241,5.885339767e-05
4.404,0.05499987955,-0.0001151077704,-0.21,0.05502493335,-0.0001471422929,-0.2099578251,5.85886493e-05
4.405,0.05499988863,-0.0001106807988,-0.21,0.05502494967,-0.0001422294548,-0.209957826,5.832686296e-05
4.406,0.05499989713,-0.0001063766018,-0.21,0.05502496508,-0.0001374398856,-0.2099578268,5.806811131e-05
4.407,0.05499990506,-0.0001021932027,-0.21,0.05502497962,-0.0001327716829,-0.2099578277,5.781246556e-05
4.408,0.05499991246,-9.812862836e-05,-0.21,0.05502499333,-0.0001282229481,-0.2099578285,5.75599954e-05
4.409,0.05499991936,-9.418090932e-05,-0.21,0.05502500626,-0.0001237917869,-0.2099578293,5.731076889e-05
4.41,0.05499992579,-9.034808026e-05,-0.21,0.05502501844,-0.0001194763094,-0.2099578301,5.706485242e-05
4.411,0.05499993178,-8.66281803e-05,-0.21,0.0550250299,-0.0001152746309,-0.2099578308,5.682231057e-05
4.412,0.05499993734,-8.301925327e-05,-0.21,0.05502504069,-0.0001111848716,-0.2099578315,5.658320611e-05
4.413,0.05499994252,-7.951934808e-05,-0.21,0.05502505083,-0.0001072051575,-0.2099578322,5.634759984e-05
4.414,0.05499994732,-7.6126519e-05,-0.21,0.05502506036,-0.0001033336203,-0.2099578329,5.611555056e-05
4.415,0.05499995177,-7.283882602e-05,-0.21,0.0550250693,-9.956839812e-05,-0.2099578336,5.588711494e-05
4.416,0.05499995589,-6.965433517e-05,-0.21,0.05502507769,-9.590763541e-05,-0.2099578342,5.566234748e-05
4.417,0.05499995971,-6.657111882e-05,-0.21,0.05502508556,-9.234948356e-05,-0.2099578348,5.544130037e-05
4.418,0.05499996324,-6.358725604e-05,-0.21,0.05502509293,-8.889210108e-05,-0.2099578354,5.522402344e-05
4.419,0.0549999665,-6.07008329e-05,-0.21,0.05502509983,-8.553365397e-05,-0.2099578359,5.501056402e-05
4.42,0.05499996951,-5.790994284e-05,-0.21,0.05502510628,-8.227231604e-05,-0.2099578365,5.480096691e-05
4.421,0.05499997229,-5.521268699e-05,-0.21,0.05502511231,-7.910626924e-05,-0.209957837,5.459527427e-05
4.422,0.05499997484,-5.260717451e-05,-0.21,0.05502511794,-7.603370401e-05,-0.2099578375,5.439352558e-05
4.423,0.05499997719,-5.00915229e-05,-0.21,0.05502512319,-7.305281966e-05,-0.209957838,5.419575752e-05
4.424,0.05499997935,-4.76638584e-05,-0.21,0.05502512809,-7.016182468e-05,-0.2099578384,5.400200394e-05
4.425,0.05499998133,-4.532231628e-05,-0.21,0.05502513265,-6.735893709e-05,-0.2099578389,5.381229577e-05
4.426,0.05499998314,-4.306504121e-05,-0.21,0.05502513689,-6.464238483e-05,-0.2099578393,5.362666099e-05
4.427,0.0549999848,-4.089018762e-05,-0.21,0.05502514083,-6.201040606e-05,-0.2099578397,5.34451245e-05
4.428,0.05499998632,-3.879592001e-05,-0.21,0.05502514449,-5.946124952e-05,-0.2099578401,5.326770814e-05
4.429,0.0549999877,-3.678041334e-05,-0.21,0.05502514788,-5.699317484e-05,-0.2099578404,5.309443052e-05
4.43,0.05499998896,-3.484185336e-05,-0.21,0.05502515102,-5.460445293e-05,-0.2099578408,5.292530709e-05
4.431,0.05499999011,-3.297843699e-05,-0.21,0.05502515393,-5.229336631e-05,-0.2099578411,5.276035e-05
4.432,0.05499999116,-3.118837263e-05,-0.21,0.05502515662,-5.005820945e-05,-0.2099578415,5.259956807e-05
4.433,0.0549999921,-2.946988059e-05,-0.21,0.0550251591,-4.789728918e-05,-0.2099578418,5.244296682e-05
4.434,0.05499999296,-2.782119338e-05,-0.21,0.05502516139,-4.580892501e-05,-0.209957842,5.229054835e-05
4.435,0.05499999374,-2.624055612e-05,-0.21,0.0550251635,-4.379144955e-05,-0.2099578423,5.214231139e-05
4.436,0.05499999444,-2.472622689e-05,-0.21,0.05502516544,-4.184320884e-05,-0.2099578426,5.199825124e-05
4.437,0.05499999507,-2.327647709e-05,-0.21,0.05502516722,-3.996256275e-05,-0.2099578428,5.185835976e-05
4.438,0.05499999564,-2.188959183e-05,-0.21,0.05502516885,-3.81478853e-05,-0.2099578431,5.172262536e-05
4.439,0.05499999616,-2.056387028e-05,-0.21,0.05502517035,-3.639756509e-05,-0.2099578433,5.159103301e-05
4.44,0.05499999661,-1.929762606e-05,-0.21,0.05502517171,-3.471000559e-05,-0.2099578435,5.146356421e-05
4.441,0.05499999703,-1.808918758e-05,-0.21,0.05502517296,-3.308362557e-05,-0.2099578437,5.134019702e-05
4.442,0.05499999739,-1.693689849e-05,-0.21,0.05502517409,-3.151685945e-05,-0.2099578439,5.122090606e-05
4.443,0.05499999772,-1.583911797e-05,-0.21,0.05502517513,-3.000815766e-05,-0.209957844,5.110566254e-05
4.444,0.05499999801,-1.479422118e-05,-0.21,0.05502517606,-2.855598706e-05,-0.2099578442,5.099443429e-05
4.445,0.05499999827,-1.380059961e-05,-0.21,0.05502517691,-2.715883132e-05,-0.2099578443,5.088718579e-05
4.446,0.0549999985,-1.285666148e-05,-0.21,0.05502517768,-2.58151913e-05,-0.2099578445,5.07838782e-05
4.447,0.0549999987,-1.196083211e-05,-0.21,0.05502517837,-2.452358544e-05,-0.2099578446,5.068446945e-05
4.448,0.05499999888,-1.111155432e-05,-0.21,0.05502517899,-2.328255017e-05,-0.2099578447,5.058891423e-05
4.449,0.05499999903,-1.030728883e-05,-0.21,0.05502517955,-2.209064029e-05,-0.2099578448,5.049716412e-05
4.45,0.05499999917,-9.546514628e-06,-0.21,0.05502518005,-2.094642933e-05,-0.2099578449,5.040916758e-05
4.451,0.05499999929,-8.827729404e-06,-0.21,0.0550251805,-1.984850997e-05,-0.209957845,5.03248701e-05
4.452,0.0549999994,-8.149449907e-06,-0.21,0.0550251809,-1.879549444e-05,-0.2099578451,5.024421419e-05
4.453,0.05499999949,-7.510212364e-06,-0.21,0.05502518125,-1.778601486e-05,-0.2099578452,5.016713953e-05
4.454,0.05499999957,-6.90857288e-06,-0.21,0.05502518157,-1.681872374e-05,-0.2099578453,5.009358305e-05
4.455,0.05499999963,-6.343107839e-06,-0.21,0.05502518184,-1.589229426e-05,-0.2099578453,5.002347898e-05
4.456,0.05499999969,-5.812414309e-06,-0.21,0.05502518208,-1.50054208e-05,-0.2099578454,4.995675902e-05
4.457,0.05499999974,-5.315110449e-06,-0.21,0.0550251823,-1.415681928e-05,-0.2099578454,4.989335238e-05
4.458,0.05499999979,-4.84983592e-06,-0.21,0.05502518248,-1.334522758e-05,-0.2099578454,4.983318594e-05
4.459,0.05499999982,-4.415252293e-06,-0.21,0.05502518264,-1.256940598e-05,-0.2099578455,4.977618435e-05
4.46,0.05499999985,-4.010043465e-06,-0.21,0.05502518278,-1.182813753e-05,-0.2099578455,4.972227014e-05
4.461,0.05499999988,-3.632916071e-06,-0.21,0.0550251829,-1.112022852e-05,-0.2099578455,4.967136385e-05
4.462,0.0549999999,-3.282599903e-06,-0.21,0.055025183,-1.044450882e-05,-0.2099578455,4.962338416e-05
4.463,0.05499999992,-2.957848331e-06,-0.21,0.05502518309,-9.799832344e-06,-0.2099578455,4.957824803e-05
4.464,0.05499999994,-2.657438718e-06,-0.21,0.05502518316,-9.185077464e-06,-0.2099578456,4.953587081e-05
4.465,0.05499999995,-2.380172849e-06,-0.21,0.05502518322,-8.599147417e-06,-0.2099578456,4.949616641e-05
4.466,0.05499999996,-2.124877352e-06,-0.21,0.05502518328,-8.040970742e-06,-0.2099578455,4.945904743e-05
4.467,0.05499999997,-1.890404128e-06,-0.21,0.05502518332,-7.509501709e-06,-0.2099578455,4.942442532e-05
4.468,0.05499999997,-1.675630779e-06,-0.21,0.05502518335,-7.003720751e-06,-0.2099578455,4.93922105e-05
4.469,0.05499999998,-1.479461036e-06,-0.21,0.05502518338,-6.522634898e-06,-0.2099578455,4.936231254e-05
4.47,0.05499999998,-1.300825196e-06,-0.21,0.05502518341,-6.06527821e-06,-0.2099578455,4.93346403e-05
4.471,0.05499999999,-1.138680555e-06,-0.21,0.05502518342,-5.630712211e-06,-0.2099578455,4.930910211e-05
4.472,0.05499999999,-9.920118457e-07,-0.21,0.05502518344,-5.218026323e-06,-0.2099578455,4.928560589e-05
4.473,0.05499999999,-8.598316755e-07,-0.21,0.05502518345,-4.8263383e-06,-0.2099578454,4.926405937e-05
4.474,0.055,-7.41180968e-07,-0.21,0.05502518346,-4.454794668e-06,-0.2099578454,4.924437018e-05
4.475,0.055,-6.351294054e-07,-0.21,0.05502518347,-4.102571165e-06,-0.2099578454,4.922644607e-05
4.476,0.055,-5.407758741e-07,-0.21,0.05502518348,-3.768873189e-06,-0.2099578453,4.921019508e-05
4.477,0.055,-4.57248911e-07,-0.21,0.05502518348,-3.45293624e-06,-0.2099578453,4.919552566e-05
4.478,0.055,-3.837071526e-07,-0.21,0.05502518349,-3.154026378e-06,-0.2099578453,4.91823469e-05
4.479,0.055,-3.193397858e-07,-0.21,0.05502518349,-2.871440674e-06,-0.2099578452,4.917056867e-05
4.48,0.055,-2.633670006e-07,-0.21,0.0550251835,-2.604507663e-06,-0.2099578452,4.91601018e-05
4.481,0.055,-2.150404454e-07,-0.21,0.0550251835,-2.352587804e-06,-0.2099578452,4.915085825e-05
4.482,0.055,-1.736436831e-07,-0.21,0.0550251835,-2.115073931e-06,-0.2099578451,4.914275131e-05
4.483,0.055,-1.384926505e-07,-0.21,0.05502518351,-1.891391713e-06,-0.2099578451,4.913569575e-05
4.484,0.055,-1.08936119e-07,-0.21,0.05502518351,-1.681000114e-06,-0.2099578451,4.912960803e-05
4.485,0.055,-8.43561571e-08,-0.21,0.05502518352,-1.48339185e-06,-0.209957845,4.912440645e-05
4.486,0.055,-6.416859545e-08,-0.21,0.05502518352,-1.298093852e-06,-0.209957845,4.912001138e-05
4.487,0.055,-4.782349372e-08,-0.21,0.05502518353,-1.124667739e-06,-0.209957845,4.911634538e-05
4.488,0.055,-3.480560893e-08,-0.21,0.05502518353,-9.627102802e-07,-0.2099578449,4.911333347e-05
4.489,0.055,-2.463486686e-08,-0.21,0.05502518353,-8.118538732e-07,-0.2099578449,4.911090324e-05
4.49,0.055,-1.686683402e-08,-0.21,0.05502518354,-6.717670167e-07,-0.2099578449,4.91089851e-05
4.491,0.055,-1.109319293e-08,-0.21,0.05502518354,-5.421547877e-07,-0.2099578449,4.910751246e-05
4.492,0.055,-6.942218951e-09,-0.21,0.05502518354,-4.22759318e-07,-0.2099578448,4.91064219e-05
4.493,0.055,-4.079258464e-09,-0.21,0.05502518354,-3.133602737e-07,-0.2099578448,4.91056534e-05
4.494,0.055,-2.207209939e-09,-0.21,0.05502518354,-2.13775334e-07,-0.2099578448,4.910515054e-05
4.495,0.055,-1.067006648e-09,-0.21,0.05502518354,-1.238606724e-07,-0.2099578448,4.910486069e-05
4.496,0.055,-4.381011599e-10,-0.21,0.05502518353,-4.351143998e-08,-0.2099578448,4.910473523e-05
4.497,0.055,-1.389522809e-10,-0.21,0.05502518353,2.733774943e-08,-0.2099578448,4.910472975e-05
4.498,0.055,-2.751349829e-11,-0.21,0.05502518352,8.871232992e-08,-0.2099578448,4.910480429e-05
4.499,0.055,-1.723727976e-12,-0.21,0.05502518351,1.405972925e-07,-0.2099578448,4.91049235e-05
4.5,0.055,-1.347111479e-17,-0.21,0.0550251835,1.829366907e-07,-0.2099578448,4.910505695e-05
4.501,0.055,-1.347111479e-17,-0.21,0.05502518348,2.156331444e-07,-0.2099578448,4.910517927e-05
4.502,0.055,-1.347111479e-17,-0.21,0.05502518346,2.38658746e-07,-0.2099578448,4.910527279e-05
4.503,0.055,-1.347111479e-17,-0.21,0.05502518345,2.525601896e-07,-0.2099578448,4.910533819e-05
4.504,0.055,-1.347111479e-17,-0.21,0.05502518345,2.587679886e-07,-0.2099578447,4.910539616e-05
4.505,0.055,-1.347111479e-17,-0.21,0.05502518349,2.595173526e-07,-0.2099578447,4.910547753e-05
4.506,0.055,-1.347111479e-17,-0.21,0.05502518358,2.574469147e-07,-0.2099578446,4.910560755e-05
4.507,0.055,-1.347111479e-17,-0.21,0.05502518371,2.550299777e-07,-0.2099578444,4.910579258e-05
4.508,0.055,-1.347111479e-17,-0.21,0.05502518387,2.540328243e-07,-0.2099578442,4.910601506e-05
4.509,0.055,-1.347111479e-17,-0.21,0.05502518403,2.551738607e-07,-0.2099578441,4.910623867e-05
4.51,0.055,-1.347111479e-17,-0.21,0.05502518416,2.58085333e-07,-0.209957844,4.910642043e-05
4.511,0.055,-1.347111479e-17,-0.21,0.05502518423,2.615805066e-07,-0.2099578439,4.91065253e-05
4.512,0.055,-1.347111479e-17,-0.21,0.05502518422,2.64134861e-07,-0.2099578439,4.910653809e-05
4.513,0.055,-1.347111479e-17,-0.21,0.05502518415,2.644284019e-07,-0.2099578439,4.910646909e-05
4.514,0.055,-1.347111479e-17,-0.21,0.05502518405,2.617845802e-07,-0.209957844,4.910635143e-05
4.515,0.055,-1.347111479e-17,-0.21,0.05502518395,2.563804677e-07,-0.209957844,4.910623089e-05
4.516,0.055,-1.347111479e-17,-0.21,0.0550251839,2.49178232e-07,-0.2099578441,4.910615106e-05
4.517,0.055,-1.347111479e-17,-0.21,0.05502518391,2.416147803e-07,-0.209957844,4.910613937e-05
4.518,0.055,-1.347111479e-17,-0.21,0.05502518399,2.351576978e-07,-0.209957844,4.910619881e-05
4.519,0.055,-1.347111479e-17,-0.21,0.0550251841,2.308704128e-07,-0.2099578439,4.910630838e-05
4.52,0.055,-1.347111479e-17,-0.21,0.05502518422,2.291191629e-07,-0.2099578438,4.910643134e-05
4.521,0.055,-1.347111479e-17,-0.21,0.05502518431,2.295042567e-07,-0.2099578438,4.910652808e-05
4.522,0.055,-1.347111479e-17,-0.21,0.05502518433,2.310255855e-07,-0.2099578437,4.910656874e-05
4.523,0.055,-1.347111479e-17,-0.21,0.0550251843,2.324205237e-07,-0.2099578438,4.910654204e-05
4.524,0.055,-1.347111479e-17,-0.21,0.05502518422,2.325630497e-07,-0.2099578438,4.910645782e-05
4.525,0.055,-1.347111479e-17,-0.21,0.05502518412,2.307999418e-07,-0.2099578439,4.910634306e-05
4.526,0.055,-1.347111479e-17,-0.21,0.05502518403,2.271253376e-07,-0.2099578439,4.910623285e-05
4.527,0.055,-1.347111479e-17,-0.21,0.05502518398,2.221490788e-07,-0.209957844,4.910615909e-05
4.528,0.055,-1.347111479e-17,-0.21,0.05502518399,2.168791771e-07,-0.2099578439,4.910614065e-05
4.529,0.055,-1.347111479e-17,-0.21,0.05502518404,2.123941491e-07,-0.2099578439,4.910617816e-05
4.53,0.055,-1.347111479e-17,-0.21,0.05502518412,2.095105247e-07,-0.2099578439,4.910625491e-05
4.531,0.055,-1.347111479e-17,-0.21,0.0550251842,2.085468789e-07,-0.2099578438,4.910634319e-05
4.532,0.055,-1.347111479e-17,-0.21,0.05502518427,2.092511958e-07,-0.2099578438,4.910641353e-05
4.533,0.055,-1.347111479e-17,-0.21,0.05502518429,2.10905299e-07,-0.2099578437,4.910644374e-05
4.534,0.055,-1.347111479e-17,-0.21,0.05502518426,2.125655675e-07,-0.2099578438,4.910642516e-05
4.535,0.055,-1.347111479e-17,-0.21,0.0550251842,2.133598224e-07,-0.2099578438,4.91063644e-05
4.536,0.055,-1.347111479e-17,-0.21,0.05502518412,2.127473065e-07,-0.2099578438,4.910628062e-05
4.537,0.055,-1.347111479e-17,-0.21,0.05502518406,2.106646605e-07,-0.2099578439,4.910619909e-05
4.538,0.055,-1.347111479e-17,-0.21,0.05502518402,2.075193906e-07,-0.2099578439,4.910614321e-05
4.539,0.055,-1.347111479e-17,-0.21,0.05502518402,2.040406389e-07,-0.2099578439,4.910612743e-05
4.54,0.055,-1.347111479e-17,-0.21,0.05502518405,2.010399232e-07,-0.2099578439,4.91061532e-05
4.541,0.055,-1.347111479e-17,-0.21,0.05502518411,1.991591685e-07,-0.2099578439,4.910620927e-05
4.542,0.055,-1.347111479e-17,-0.21,0.05502518417,1.986832506e-07,-0.2099578438,4.910627586e-05
4.543,0.055,-1.347111479e-17,-0.21,0.05502518422,1.994707057e-07,-0.2099578438,4.910633118e-05
4.544,0.055,-1.347111479e-17,-0.21,0.05502518424,2.010176051e-07,-0.2099578438,4.910635818e-05
4.545,0.055,-1.347111479e-17,-0.21,0.05502518422,2.026283536e-07,-0.2099578438,4.910634928e-05
4.546,0.055,-1.347111479e-17,-0.21,0.05502518418,2.0363603e-07,-0.2099578438,4.910630823e-05
4.547,0.055,-1.347111479e-17,-0.21,0.05502518413,2.036027688e-07,-0.2099578438,4.910624834e-05
4.548,0.055,-1.347111479e-17,-0.21,0.05502518408,2.024403143e-07,-0.2099578439,4.910618803e-05
4.549,0.055,-1.347111479e-17,-0.21,0.05502518404,2.004182037e-07,-0.2099578439,4.910614503e-05
4.55,0.055,-1.347111479e-17,-0.21,0.05502518404,1.980628499e-07,-0.2099578439,4.910613095e-05
4.551,0.055,-1.347111479e-17,-0.21,0.05502518406,1.959837821e-07,-0.2099578439,4.9106148e-05
4.552,0.055,-1.347111479e-17,-0.21,0.05502518411,1.946835769e-07,-0.2099578439,4.910618882e-05
4.553,0.055,-1.347111479e-17,-0.21,0.05502518415,1.944100714e-07,-0.2099578438,4.910623923e-05
4.554,0.055,-1.347111479e-17,-0.21,0.05502518419,1.950935986e-07,-0.2099578438,4.910628296e-05
4.555,0.055,-1.347111479e-17,-0.21,0.05502518421,1.963839549e-07,-0.2099578438,4.910630666e-05
4.556,0.055,-1.347111479e-17,-0.21,0.0550251842,1.977707538e-07,-0.2099578438,4.910630377e-05
4.557,0.055,-1.347111479e-17,-0.21,0.05502518417,1.987463142e-07,-0.2099578438,4.910627614e-05
4.558,0.055,-1.347111479e-17,-0.21,0.05502518413,1.989594039e-07,-0.2099578438,4.910623305e-05
4.559,0.055,-1.347111479e-17,-0.21,0.05502518409,1.98313586e-07,-0.2099578439,4.910618803e-05
4.56,0.055,-1.347111479e-17,-0.21,0.05502518406,1.969831204e-07,-0.2099578439,4.910615457e-05
4.561,0.055,-1.347111479e-17,-0.21,0.05502518406,1.953458148e-07,-0.2099578439,4.9106142e-05
4.562,0.055,-1.347111479e-17,-0.21,0.05502518407,1.938574853e-07,-0.2099578439,4.910615282e-05
4.563,0.055,-1.347111479e-17,-0.21,0.0550251841,1.929091675e-07,-0.2099578439,4.910618225e-05
4.564,0.055,-1.347111479e-17,-0.21,0.05502518414,1.927113521e-07,-0.2099578438,4.910622015e-05
4.565,0.055,-1.347111479e-17,-0.21,0.05502518417,1.932390358e-07,-0.2099578438,4.910625434e-05
4.566,0.055,-1.347111479e-17,-0.21,0.05502518418,1.942511668e-07,-0.2099578438,4.910627443e-05
4.567,0.055,-1.347111479e-17,-0.21,0.05502518418,1.953747609e-07,-0.2099578438,4.910627487e-05
4.568,0.055,-1.347111479e-17,-0.21,0.05502518416,1.962248105e-07,-0.2099578438,4.910625636e-05
4.569,0.055,-1.347111479e-17,-0.21,0.05502518413,1.965217133e-07,-0.2099578438,4.91062253e-05
4.57,0.055,-1.347111479e-17,-0.21,0.0550251841,1.961706627e-07,-0.2099578439,4.910619161e-05
4.571,0.055,-1.347111479e-17,-0.21,0.05502518408,1.952808242e-07,-0.2099578439,4.910616554e-05
4.572,0.055,-1.347111479e-17,-0.21,0.05502518407,1.94121557e-07,-0.2099578439,4.91061545e-05
4.573,0.055,-1.347111479e-17,-0.21,0.05502518408,1.930322105e-07,-0.2099578439,4.910616097e-05
4.574,0.055,-1.347111479e-17,-0.21,0.05502518411,1.923152859e-07,-0.2099578439,4.910618194e-05
4.575,0.055,-1.347111479e-17,-0.21,0.05502518413,1.921462818e-07,-0.2099578438,4.910621019e-05
4.576,0.055,-1.347111479e-17,-0.21,0.05502518415,1.925267619e-07,-0.2099578438,4.910623664e-05
4.577,0.055,-1.347111479e-17,-0.21,0.05502518417,1.932926921e-07,-0.2099578438,4.910625327e-05
4.578,0.055,-1.347111479e-17,-0.21,0.05502518417,1.941726785e-07,-0.2099578438,4.910625546e-05
4.579,0.055,-1.347111479e-17,-0.21,0.05502518415,1.948758503e-07,-0.2099578438,4.910624319e-05
4.58,0.055,-1.347111479e-17,-0.21,0.05502518413,1.951811623e-07,-0.2099578438,4.910622085e-05
4.581,0.055,-1.347111479e-17,-0.21,0.05502518411,1.950009063e-07,-0.2099578438,4.910619566e-05
4.582,0.055,-1.347111479e-17,-0.21,0.05502518409,1.944004539e-07,-0.2099578439,4.910617538e-05
4.583,0.055,-1.347111479e-17,-0.21,0.05502518409,1.935704742e-07,-0.2099578439,4.910616584e-05
4.584,0.055,-1.347111479e-17,-0.21,0.05502518409,1.927625057e-07,-0.2099578439,4.910616936e-05
4.585,0.055,-1.347111479e-17,-0.21,0.05502518411,1.922093389e-07,-0.2099578438,4.910618413e-05
4.586,0.055,-1.347111479e-17,-0.21,0.05502518413,1.920551812e-07,-0.2099578438,4.910620504e-05
4.587,0.055,-1.347111479e-17,-0.21,0.05502518414,1.923163244e-07,-0.2099578438,4.910622535e-05
4.588,0.055,-1.347111479e-17,-0.21,0.05502518416,1.928827031e-07,-0.2099578438,4.91062389e-05
4.589,0.055,-1.347111479e-17,-0.21,0.05502518416,1.93557773e-07,-0.2099578438,4.910624188e-05
4.59,0.055,-1.347111479e-17,-0.21,0.05502518415,1.941226279e-07,-0.2099578438,4.910623388e-05
4.591,0.055,-1.347111479e-17,-0.21,0.05502518413,1.944036264e-07,-0.2099578438,4.910621787e-05
4.592,0.055,-1.347111479e-17,-0.21,0.05502518411,1.943228005e-07,-0.2099578438,4.910619908e-05
4.593,0.055,-1.347111479e-17,-0.21,0.0550251841,1.939166089e-07,-0.2099578439,4.910618333e-05
4.594,0.055,-1.347111479e-17,-0.21,0.0550251841,1.933189595e-07,-0.2099578439,4.910617524e-05
4.595,0.055,-1.347111479e-17,-0.21,0.0550251841,1.92715492e-07,-0.2099578439,4.910617684e-05
4.596,0.055,-1.347111479e-17,-0.21,0.05502518411,1.922844857e-07,-0.2099578438,4.910618712e-05
4.597,0.055,-1.347111479e-17,-0.21,0.05502518412,1.921430362e-07,-0.2099578438,4.91062025e-05
4.598,0.055,-1.347111479e-17,-0.21,0.05502518414,1.923145845e-07,-0.2099578438,4.9106218e-05
4.599,0.055,-1.347111479e-17,-0.21,0.05502518415,1.927265725e-07,-0.2099578438,4.91062289e-05
4.6,0.055,-1.347111479e-17,-0.21,0.05502518415,1.932373922e-07,-0.2099578438,4.910623211e-05
4.601,0.055,-1.347111479e-17,-0.21,0.05502518414,1.936829372e-07,-0.2099578438,4.910622703e-05
4.602,0.055,-1.347111479e-17,-0.21,0.05502518413,1.93927606e-07,-0.2099578438,4.91062156e-05
4.603,0.055,-1.347111479e-17,-0.21,0.05502518412,1.939040299e-07,-0.2099578438,4.910620162e-05
4.604,0.055,-1.347111479e-17,-0.21,0.05502518411,1.936300301e-07,-0.2099578438,4.910618944e-05
4.605,0.055,-1.347111479e-17,-0.21,0.0550251841,1.931988206e-07,-0.2099578439,4.910618266e-05
4.606,0.055,-1.347111479e-17,-0.21,0.0550251841,1.927468031e-07,-0.2099578439,4.910618307e-05
4.607,0.055,-1.347111479e-17,-0.21,0.05502518411,1.924098905e-07,-0.2099578438,4.910619015e-05
4.608,0.055,-1.347111479e-17,-0.21,0.05502518412,1.922822189e-07,-0.2099578438,4.910620139e-05
4.609,0.055,-1.347111479e-17,-0.21,0.05502518413,1.923896722e-07,-0.2099578438,4.910621317e-05
4.61,0.055,-1.347111479e-17,-0.21,0.05502518414,1.926855049e-07,-0.2099578438,4.910622185e-05
4.611,0.055,-1.347111479e-17,-0.21,0.05502518414,1.93068261e-07,-0.2099578438,4.910622497e-05
4.612,0.055,-1.347111479e-17,-0.21,0.05502518414,1.934153991e-07,-0.2099578438,4.910622184e-05
4.613,0.055,-1.347111479e-17,-0.21,0.05502518413,1.936216031e-07,-0.2099578438,4.910621373e-05
4.614,0.055,-1.347111479e-17,-0.21,0.05502518412,1.936298938e-07,-0.2099578438,4.910620336e-05
4.615,0.055,-1.347111479e-17,-0.21,0.05502518411,1.934464583e-07,-0.2099578438,4.910619398e-05
4.616,0.055,-1.347111479e-17,-0.21,0.05502518411,1.931355247e-07,-0.2099578438,4.910618839e-05
4.617,0.055,-1.347111479e-17,-0.21,0.05502518411,1.927968623e-07,-0.2099578438,4.910618809e-05
4.618,0.055,-1.347111479e-17,-0.21,0.05502518411,1.925336358e-07,-0.2099578438,4.910619289e-05
4.619,0.055,-1.347111479e-17,-0.21,0.05502518412,1.924208765e-07,-0.2099578438,4.910620108e-05
4.62,0.055,-1.347111479e-17,-0.21,0.05502518413,1.924841187e-07,-0.2099578438,4.910620997e-05
4.621,0.055,-1.347111479e-17,-0.21,0.05502518414,1.926941731e-07,-0.2099578438,4.910621684e-05
4.622,0.055,-1.347111479e-17,-0.21,0.05502518414,1.929787973e-07,-0.2099578438,4.910621969e-05
4.623,0.055,-1.347111479e-17,-0.21,0.05502518413,1.932468524e-07,-0.2099578438,4.910621786e-05
4.624,0.055,-1.347111479e-17,-0.21,0.05502518413,1.93416962e-07,-0.2099578438,4.910621215e-05
4.625,0.055,-1.347111479e-17,-0.21,0.05502518412,1.934417366e-07,-0.2099578438,4.910620448e-05
4.626,0.055,-1.347111479e-17,-0.21,0.05502518412,1.933204289e-07,-0.2099578438,4.910619729e-05
4.627,0.055,-1.347111479e-17,-0.21,0.05502518411,1.930967658e-07,-0.2099578438,4.910619273e-05
4.628,0.055,-1.347111479e-17,-0.21,0.05502518411,1.92843378e-07,-0.2099578438,4.910619205e-05
4.629,0.055,-1.347111479e-17,-0.21,0.05502518412,1.926382447e-07,-0.2099578438,4.910619526e-05
4.63,0.055,-1.347111479e-17,-0.21,0.05502518412,1.9254072e-07,-0.2099578438,4.910620118e-05
4.631,0.055,-1.347111479e-17,-0.21,0.05502518413,1.925744501e-07,-0.2099578438,4.910620787e-05
4.632,0.055,-1.347111479e-17,-0.21,0.05502518413,1.927220146e-07,-0.2099578438,4.910621326e-05
4.633,0.055,-1.347111479e-17,-0.21,0.05502518413,1.929323246e-07,-0.2099578438,4.910621578e-05
4.634,0.055,-1.347111479e-17,-0.21,0.05502518413,1.931378708e-07,-0.2099578438,4.91062148e-05
4.635,0.055,-1.347111479e-17,-0.21,0.05502518413,1.932760785e-07,-0.2099578438,4.91062108e-05
4.636,0.055,-1.347111479e-17,-0.21,0.05502518412,1.933080674e-07,-0.2099578438,4.910620516e-05
4.637,0.055,-1.347111479e-17,-0.21,0.05502518412,1.932292507e-07,-0.2099578438,4.910619966e-05
4.638,0.055,-1.347111479e-17,-0.21,0.05502518411,1.930689689e-07,-0.2099578438,4.910619598e-05
4.639,0.055,-1.347111479e-17,-0.21,0.05502518411,1.928798334e-07,-0.2099578438,4.910619513e-05
4.64,0.055,-1.347111479e-17,-0.21,0.05502518412,1.927205443e-07,-0.2099578438,4.910619723e-05
4.641,0.055,-1.347111479e-17,-0.21,0.05502518412,1.926377401e-07,-0.2099578438,4.91062015e-05
4.642,0.055,-1.347111479e-17,-0.21,0.05502518413,1.926524419e-07,-0.2099578438,4.910620651e-05
4.643,0.055,-1.347111479e-17,-0.21,0.05502518413,1.927549781e-07,-0.2099578438,4.910621071e-05
4.644,0.055,-1.347111479e-17,-0.21,0.05502518413,1.929094957e-07,-0.2099578438,4.910621287e-05
4.645,0.055,-1.347111479e-17,-0.21,0.05502518413,1.930661968e-07,-0.2099578438,4.910621243e-05
4.646,0.055,-1.347111479e-17,-0.21,0.05502518413,1.931771848e-07,-0.2099578438,4.910620966e-05
4.647,0.055,-1.347111479e-17,-0.21,0.05502518412,1.932109211e-07,-0.2099578438,4.910620552e-05
4.648,0.055,-1.347111479e-17,-0.21,0.05502518412,1.931609694e-07,-0.2099578438,4.910620134e-05
4.649,0.055,-1.347111479e-17,-0.21,0.05502518412,1.93046664e-07,-0.2099578438,4.910619839e-05
4.65,0.055,-1.347111479e-17,-0.21,0.05502518412,1.929059128e-07,-0.2099578438,4.910619751e-05
4.651,0.055,-1.347111479e-17,-0.21,0.05502518412,1.927827251e-07,-0.2099578438,4.910619885e-05
4.652,0.055,-1.347111479e-17,-0.21,0.05502518412,1.927135246e-07,-0.2099578438,4.91062019e-05
4.653,0.055,-1.347111479e-17,-0.21,0.05502518412,1.927164696e-07,-0.2099578438,4.910620564e-05
4.654,0.055,-1.347111479e-17,-0.21,0.05502518413,1.927868712e-07,-0.2099578438,4.91062089e-05
4.655,0.055,-1.347111479e-17,-0.21,0.05502518413,1.928997884e-07,-0.2099578438,4.910621072e-05
4.656,0.055,-1.347111479e-17,-0.21,0.05502518413,1.930186455e-07,-0.2099578438,4.910621061e-05
4.657,0.055,-1.347111479e-17,-0.21,0.05502518413,1.931069424e-07,-0.2099578438,4.910620871e-05
4.658,0.055,-1.347111479e-17,-0.21,0.05502518412,1.931393421e-07,-0.2099578438,4.910620569e-05
4.659,0.055,-1.347111479e-17,-0.21,0.05502518412,1.931087973e-07,-0.2099578438,4.910620252e-05
4.66,0.055,-1.347111479e-17,-0.21,0.05502518412,1.930277537e-07,-0.2099578438,4.910620018e-05
4.661,0.055,-1.347111479e-17,-0.21,0.05502518412,1.92923369e-07,-0.2099578438,4.910619933e-05
4.662,0.055,-1.347111479e-17,-0.21,0.05502518412,1.928285052e-07,-0.2099578438,4.910620016e-05
4.663,0.055,-1.347111479e-17,-0.21,0.05502518412,1.927714502e-07,-0.2099578438,4.910620233e-05
4.664,0.055,-1.347111479e-17,-0.21,0.05502518412,1.927675556e-07,-0.2099578438,4.91062051e-05
4.665,0.055,-1.347111479e-17,-0.21,0.05502518413,1.928152352e-07,-0.2099578438,4.910620762e-05
4.666,0.055,-1.347111479e-17,-0.21,0.05502518413,1.928973148e-07,-0.2099578438,4.910620912e-05
4.667,0.055,-1.347111479e-17,-0.21,0.05502518413,1.929870499e-07,-0.2099578438,4.910620921e-05
4.668,0.055,-1.347111479e-17,-0.21,0.05502518413,1.930567436e-07,-0.2099578438,4.910620792e-05
4.669,0.055,-1.347111479e-17,-0.21,0.05502518412,1.930862113e-07,-0.2099578438,4.910620573e-05
4.67,0.055,-1.347111479e-17,-0.21,0.05502518412,1.930685293e-07,-0.2099578438,4.910620334e-05
4.671,0.055,-1.347111479e-17,-0.21,0.05502518412,1.930114586e-07,-0.2099578438,4.910620149e-05
4.672,0.055,-1.347111479e-17,-0.21,0.05502518412,1.929343338e-07,-0.2099578438,4.910620072e-05
4.673,0.055,-1.347111479e-17,-0.21,0.05502518412,1.92861594e-07,-0.2099578438,4.91062012e-05
4.674,0.055,-1.347111479e-17,-0.21,0.05502518412,1.928150946e-07,-0.2099578438,4.910620273e-05
4.675,0.055,-1.347111479e-17,-0.21,0.05502518412,1.928075984e-07,-0.2099578438,4.910620479e-05
4.676,0.055,-1.347111479e-17,-0.21,0.05502518413,1.928393629e-07,-0.2099578438,4.910620672e-05
4.677,0.055,-1.347111479e-17,-0.21,0.05502518413,1.928987037e-07,-0.2099578438,4.910620795e-05
4.678,0.055,-1.347111479e-17,-0.21,0.05502518413,1.929661567e-07,-0.2099578438,4.910620814e-05
4.679,0.055,-1.347111479e-17,-0.21,0.05502518413,1.930207919e-07,-0.2099578438,4.910620728e-05
4.68,0.055,-1.347111479e-17,-0.21,0.05502518412,1.930466481e-07,-0.2099578438,4.91062057e-05
4.681,0.055,-1.347111479e-17,-0.21,0.05502518412,1.930373291e-07,-0.2099578438,4.91062039e-05
4.682,0.055,-1.347111479e-17,-0.21,0.05502518412,1.929974565e-07,-0.2099578438,4.910620245e-05
4.683,0.055,-1.347111479e-17,-0.21,0.05502518412,1.929407002e-07,-0.2099578438,4.910620178e-05
4.684,0.055,-1.347111479e-17,-0.21,0.05502518412,1.92885161e-07,-0.2099578438,4.910620204e-05
4.685,0.055,-1.347111479e-17,-0.21,0.05502518412,1.928476425e-07,-0.2099578438,4.910620311e-05
4.686,0.055,-1.347111479e-17,-0.21,0.05502518412,1.928386116e-07,-0.2099578438,4.910620462e-05
4.687,0.055,-1.347111479e-17,-0.21,0.05502518412,1.928593424e-07,-0.2099578438,4.91062061e-05
4.688,0.055,-1.347111479e-17,-0.21,0.05502518413,1.929020007e-07,-0.2099578438,4.910620709e-05
4.689,0.055,-1.347111479e-17,-0.21,0.05502518413,1.929524909e-07,-0.2099578438,4.910620732e-05
4.69,0.055,-1.347111479e-17,-0.21,0.05502518412,1.929950608e-07,-0.2099578438,4.910620677e-05
4.691,0.055,-1.347111479e-17,-0.21,0.05502518412,1.930171733e-07,-0.2099578438,4.910620563e-05
4.692,0.055,-1.347111479e-17,-0.21,0.05502518412,1.930131507e-07,-0.2099578438,4.910620428e-05
4.693,0.055,-1.347111479e-17,-0.21,0.05502518412,1.929855491e-07,-0.2099578438,4.910620316e-05
4.694,0.055,-1.347111479e-17,-0.21,0.05502518412,1.929439586e-07,-0.2099578438,4.910620258e-05
4.695,0.055,-1.347111479e-17,-0.21,0.05502518412,1.929017295e-07,-0.2099578438,4.910620269e-05
4.696,0.055,-1.347111479e-17,-0.21,0.05502518412,1.928717218e-07,-0.2099578438,4.910620344e-05
4.697,0.055,-1.347111479e-17,-0.21,0.05502518412,1.928624229e-07,-0.2099578438,4.910620455e-05
4.698,0.055,-1.347111479e-17,-0.21,0.05502518412,1.928755922e-07,-0.2099578438,4.910620567e-05
4.699,0.055,-1.347111479e-17,-0.21,0.05502518412,1.929060719e-07,-0.2099578438,4.910620647e-05
4.7,0.055,-1.347111479e-17,-0.21,0.05502518413,1.929437086e-07,-0.2099578438,4.910620671e-05
4.701,0.055,-1.347111479e-17,-0.21,0.05502518412,1.929766948e-07,-0.2099578438,4.910620635e-05
4.702,0.055,-1.347111479e-17,-0.21,0.05502518412,1.929952417e-07,-0.2099578438,4.910620554e-05
4.703,0.055,-1.347111479e-17,-0.21,0.05502518412,1.929944504e-07,-0.2099578438,4.910620454e-05
4.704,0.055,-1.347111479e-17,-0.21,0.05502518412,1.929755499e-07,-0.2099578438,4.910620367e-05
4.705,0.055,-1.347111479e-17,-0.21,0.05502518412,1.929452092e-07,-0.2099578438,4.910620318e-05
4.706,0.055,-1.347111479e-17,-0.21,0.05502518412,1.929132323e-07,-0.2099578438,4.910620321e-05
4.707,0.055,-1.347111479e-17,-0.21,0.05502518412,1.928894175e-07,-0.2099578438,4.910620372e-05
4.708,0.055,-1.347111479e-17,-0.21,0.05502518412,1.928805811e-07,-0.2099578438,4.910620453e-05
4.709,0.055,-1.347111479e-17,-0.21,0.05502518412,1.928886383e-07,-0.2099578438,4.910620538e-05
4.71,0.055,-1.347111479e-17,-0.21,0.05502518412,1.929102727e-07,-0.2099578438,4.910620602e-05
4.711,0.055,-1.347111479e-17,-0.21,0.05502518412,1.929382122e-07,-0.2099578438,4.910620625e-05
4.712,0.055,-1.347111479e-17,-0.21,0.05502518412,1.929636417e-07,-0.2099578438,4.910620603e-05
4.713,0.055,-1.347111479e-17,-0.21,0.05502518412,1.929789609e-07,-0.2099578438,4.910620545e-05
4.714,0.055,-1.347111479e-17,-0.21,0.05502518412,1.929800315e-07,-0.2099578438,4.910620471e-05
4.715,0.055,-1.347111479e-17,-0.21,0.05502518412,1.929672572e-07,-0.2099578438,4.910620404e-05
4.716,0.055,-1.347111479e-17,-0.21,0.05502518412,1.929452283e-07,-0.2099578438,4.910620364e-05
4.717,0.055,-1.347111479e-17,-0.21,0.05502518412,1.929211123e-07,-0.2099578438,4.910620362e-05
4.718,0.055,-1.347111479e-17,-0.21,0.05502518412,1.929023433e-07,-0.2099578438,4.910620396e-05
4.719,0.055,-1.347111479e-17,-0.21,0.05502518412,1.928943496e-07,-0.2099578438,4.910620455e-05
4.72,0.055,-1.347111479e-17,-0.21,0.05502518412,1.928990069e-07,-0.2099578438,4.91062052e-05
4.721,0.055,-1.347111479e-17,-0.21,0.05502518412,1.929142506e-07,-0.2099578438,4.91062057e-05
4.722,0.055,-1.347111479e-17,-0.21,0.05502518412,1.929349047e-07,-0.2099578438,4.910620591e-05
4.723,0.055,-1.347111479e-17,-0.21,0.05502518412,1.929544149e-07,-0.2099578438,4.910620578e-05
4.724,0.055,-1.347111479e-17,-0.21,0.05502518412,1.929669104e-07,-0.2099578438,4.910620538e-05
4.725,0.055,-1.347111479e-17,-0.21,0.05502518412,1.929689529e-07,-0.2099578438,4.910620483e-05
4.726,0.055,-1.347111479e-17,-0.21,0.05502518412,1.929604571e-07,-0.2099578438,4.910620431e-05
4.727,0.055,-1.347111479e-17,-0.21,0.05502518412,1.929445443e-07,-0.2099578438,4.910620398e-05
4.728,0.055,-1.347111479e-17,-0.21,0.05502518412,1.929264298e-07,-0.2099578438,4.910620394e-05
4.729,0.055,-1.347111479e-17,-0.21,0.05502518412,1.929117304e-07,-0.2099578438,4.910620417e-05
4.73,0.055,-1.347111479e-17,-0.21,0.05502518412,1.929047376e-07,-0.2099578438,4.910620459e-05
4.731,0.055,-1.347111479e-17,-0.21,0.05502518412,1.929071806e-07,-0.2099578438,4.910620508e-05
4.732,0.055,-1.347111479e-17,-0.21,0.05502518412,1.929178329e-07,-0.2099578438,4.910620547e-05
4.733,0.055,-1.347111479e-17,-0.21,0.05502518412,1.929330364e-07,-0.2099578438,4.910620566e-05
4.734,0.055,-1.347111479e-17,-0.21,0.05502518412,1.929479372e-07,-0.2099578438,4.910620559e-05
4.735,0.055,-1.347111479e-17,-0.21,0.05502518412,1.929580225e-07,-0.2099578438,4.910620531e-05
4.736,0.055,-1.347111479e-17,-0.21,0.05502518412,1.929604743e-07,-0.2099578438,4.91062049e-05
4.737,0.055,-1.347111479e-17,-0.21,0.05502518412,1.929549385e-07,-0.2099578438,4.910620451e-05
4.738,0.055,-1.347111479e-17,-0.21,0.05502518412,1.929435064e-07,-0.2099578438,4.910620425e-05
4.739,0.055,-1.347111479e-17,-0.21,0.05502518412,1.929299542e-07,-0.2099578438,4.910620419e-05
4.74,0.055,-1.347111479e-17,-0.21,0.05502518412,1.929185084e-07,-0.2099578438,4.910620434e-05
4.741,0.055,-1.347111479e-17,-0.21,0.05502518412,1.929125389e-07,-0.2099578438,4.910620465e-05
4.742,0.055,-1.347111479e-17,-0.21,0.05502518412,1.929135789e-07,-0.2099578438,4.910620501e-05
4.743,0.055,-1.347111479e-17,-0.21,0.05502518412,1.929209525e-07,-0.2099578438,4.910620531e-05
4.744,0.055,-1.347111479e-17,-0.21,0.05502518412,1.929320944e-07,-0.2099578438,4.910620547e-05
4.745,0.055,-1.347111479e-17,-0.21,0.05502518412,1.929434254e-07,-0.2099578438,4.910620545e-05
4.746,0.055,-1.347111479e-17,-0.21,0.05502518412,1.929514923e-07,-0.2099578438,4.910620525e-05
4.747,0.055,-1.347111479e-17,-0.21,0.05502518412,1.929540112e-07,-0.2099578438,4.910620496e-05
4.748,0.055,-1.347111479e-17,-0.21,0.05502518412,1.929505006e-07,-0.2099578438,4.910620466e-05
4.749,0.055,-1.347111479e-17,-0.21,0.05502518412,1.929423365e-07,-0.2099578438,4.910620445e-05
4.75,0.055,-1.347111479e-17,-0.21,0.05502518412,1.929322382e-07,-0.2099578438,4.910620438e-05
4.751,0.055,-1.347111479e-17,-0.21,0.05502518412,1.929233734e-07,-0.2099578438,4.910620448e-05
4.752,0.055,-1.347111479e-17,-0.21,0.05502518412,1.929183725e-07,-0.2099578438,4.91062047e-05
4.753,0.055,-1.347111479e-17,-0.21,0.05502518412,1.92918557e-07,-0.2099578438,4.910620497e-05
4.754,0.055,-1.347111479e-17,-0.21,0.05502518412,1.929236049e-07,-0.2099578438,4.910620521e-05
4.755,0.055,-1.347111479e-17,-0.21,0.05502518412,1.929317329e-07,-0.2099578438,4.910620534e-05
4.756,0.055,-1.347111479e-17,-0.21,0.05502518412,1.92940313e-07,-0.2099578438,4.910620534e-05
4.757,0.055,-1.347111479e-17,-0.21,0.05502518412,1.929467148e-07,-0.2099578438,4.910620521e-05
4.758,0.055,-1.347111479e-17,-0.21,0.05502518412,1.929491044e-07,-0.2099578438,4.910620499e-05
4.759,0.055,-1.347111479e-17,-0.21,0.05502518412,1.929469613e-07,-0.2099578438,4.910620477e-05
4.76,0.055,-1.347111479e-17,-0.21,0.05502518412,1.929411692e-07,-0.2099578438,4.91062046e-05
4.761,0.055,-1.347111479e-17,-0.21,0.05502518412,1.92933675e-07,-0.2099578438,4.910620454e-05
4.762,0.055,-1.347111479e-17,-0.21,0.05502518412,1.929268434e-07,-0.2099578438,4.91062046e-05
4.763,0.055,-1.347111479e-17,-0.21,0.05502518412,1.929227163e-07,-0.2099578438,4.910620476e-05
4.764,0.055,-1.347111479e-17,-0.21,0.05502518412,1.929224091e-07,-0.2099578438,4.910620496e-05
4.765,0.055,-1.347111479e-17,-0.21,0.05502518412,1.929258192e-07,-0.2099578438,4.910620514e-05
4.766,0.055,-1.347111479e-17,-0.21,0.05502518412,1.9293172e-07,-0.2099578438,4.910620525e-05
4.767,0.055,-1.347111479e-17,-0.21,0.05502518412,1.929381906e-07,-0.2099578438,4.910620526e-05
4.768,0.055,-1.347111479e-17,-0.21,0.05502518412,1.929432352e-07,-0.2099578438,4.910620517e-05
4.769,0.055,-1.347111479e-17,-0.21,0.05502518412,1.929453943e-07,-0.2099578438,4.910620502e-05
4.77,0.055,-1.347111479e-17,-0.21,0.05502518412,1.929441594e-07,-0.2099578438,4.910620485e-05
4.771,0.055,-1.347111479e-17,-0.21,0.05502518412,1.9294008e-07,-0.2099578438,4.910620472e-05
4.772,0.055,-1.347111479e-17,-0.21,0.05502518412,1.929345414e-07,-0.2099578438,4.910620466e-05
4.773,0.055,-1.347111479e-17,-0.21,0.05502518412,1.929293015e-07,-0.2099578438,4.91062047e-05
4.774,0.055,-1.347111479e-17,-0.21,0.05502518412,1.929259373e-07,-0.2099578438,4.910620481e-05
4.775,0.055,-1.347111479e-17,-0.21,0.05502518412,1.929253748e-07,-0.2099578438,4.910620496e-05
4.776,0.055,-1.347111479e-17,-0.21,0.05502518412,1.929276413e-07,-0.2099578438,4.91062051e-05
4.777,0.055,-1.347111479e-17,-0.21,0.05502518412,1.92931903e-07,-0.2099578438,4.910620519e-05
4.778,0.055,-1.347111479e-17,-0.21,0.05502518412,1.929367625e-07,-0.2099578438,4.910620521e-05
4.779,0.055,-1.347111479e-17,-0.21,0.05502518412,1.929407126e-07,-0.2099578438,4.910620515e-05
4.78,0.055,-1.347111479e-17,-0.21,0.05502518412,1.929425994e-07,-0.2099578438,4.910620504e-05
4.781,0.055,-1.347111479e-17,-0.21,0.05502518412,1.929419554e-07,-0.2099578438,4.910620491e-05
4.782,0.055,-1.347111479e-17,-0.21,0.05502518412,1.92939106e-07,-0.2099578438,4.910620481e-05
4.783,0.055,-1.347111479e-17,-0.21,0.05502518412,1.929350301e-07,-0.2099578438,4.910620476e-05
4.784,0.055,-1.347111479e-17,-0.21,0.05502518412,1.929310292e-07,-0.2099578438,4.910620478e-05
4.785,0.055,-1.347111479e-17,-0.21,0.05502518412,1.929283152e-07,-0.2099578438,4.910620486e-05
4.786,0.055,-1.347111479e-17,-0.21,0.05502518412,1.929276469e-07,-0.2099578438,4.910620497e-05
4.787,0.055,-1.347111479e-17,-0.21,0.05502518412,1.929291225e-07,-0.2099578438,4.910620508e-05
4.788,0.055,-1.347111479e-17,-0.21,0.05502518412,1.929321836e-07,-0.2099578438,4.910620516e-05
4.789,0.055,-1.347111479e-17,-0.21,0.05502518412,1.929358189e-07,-0.2099578438,4.910620518e-05
4.79,0.055,-1.347111479e-17,-0.21,0.05502518412,1.92938894e-07,-0.2099578438,4.910620514e-05
4.791,0.055,-1.347111479e-17,-0.21,0.05502518412,1.929405035e-07,-0.2099578438,4.910620506e-05
4.792,0.055,-1.347111479e-17,-0.21,0.05502518412,1.929402332e-07,-0.2099578438,4.910620496e-05
4.793,0.055,-1.347111479e-17,-0.21,0.05502518412,1.929382616e-07,-0.2099578438,4.910620489e-05
4.794,0.055,-1.347111479e-17,-0.21,0.05502518412,1.929352752e-07,-0.2099578438,4.910620485e-05
4.795,0.055,-1.347111479e-17,-0.21,0.05502518412,1.929322333e-07,-0.2099578438,4.910620486e-05
4.796,0.055,-1.347111479e-17,-0.21,0.05502518412,1.929300633e-07,-0.2099578438,4.910620491e-05
4.797,0.055,-1.347111479e-17,-0.21,0.05502518412,1.929293798e-07,-0.2099578438,4.910620499e-05
4.798,0.055,-1.347111479e-17,-0.21,0.05502518412,1.929303142e-07,-0.2099578438,4.910620508e-05
4.799,0.055,-1.347111479e-17,-0.21,0.05502518412,1.929324998e-07,-0.2099578438,4.910620514e-05
4.8,0.055,-1.347111479e-17,-0.21,0.05502518412,1.929352082e-07,-0.2099578438,4.910620516e-05
4.801,0.055,-1.347111479e-17,-0.21,0.05502518412,1.929375895e-07,-0.2099578438,4.910620513e-05
4.802,0.055,-1.347111479e-17,-0.21,0.05502518412,1.929389369e-07,-0.2099578438,4.910620508e-05
4.803,0.055,-1.347111479e-17,-0.21,0.05502518412,1.92938894e-07,-0.2099578438,4.910620501e-05
4.804,0.055,-1.347111479e-17,-0.21,0.05502518412,1.929375451e-07,-0.2099578438,4.910620495e-05
4.805,0.055,-1.347111479e-17,-0.21,0.05502518412,1.92935367e-07,-0.2099578438,4.910620491e-05
4.806,0.055,-1.347111479e-17,-0.21,0.05502518412,1.929330641e-07,-0.2099578438,4.910620492e-05
4.807,0.055,-1.347111479e-17,-0.21,0.05502518412,1.929313426e-07,-0.2099578438,4.910620496e-05
4.808,0.055,-1.347111479e-17,-0.21,0.05502518412,1.929306959e-07,-0.2099578438,4.910620502e-05
4.809,0.055,-1.347111479e-17,-0.21,0.05502518412,1.929312653e-07,-0.2099578438,4.910620508e-05
4.81,0.055,-1.347111479e-17,-0.21,0.05502518412,1.929328155e-07,-0.2099578438,4.910620513e-05
4.811,0.055,-1.347111479e-17,-0.21,0.05502518412,1.929348251e-07,-0.2099578438,4.910620515e-05
4.812,0.055,-1.347111479e-17,-0.21,0.05502518412,1.929366599e-07,-0.2099578438,4.910620513e-05
4.813,0.055,-1.347111479e-17,-0.21,0.05502518412,1.929377713e-07,-0.2099578438,4.910620509e-05
4.814,0.055,-1.347111479e-17,-0.21,0.05502518412,1.929378587e-07,-0.2099578438,4.910620504e-05
4.815,0.055,-1.347111479e-17,-0.21,0.05502518412,1.92936948e-07,-0.2099578438,4.9106205e-05
4.816,0.055,-1.347111479e-17,-0.21,0.05502518412,1.929353671e-07,-0.2099578438,4.910620497e-05
4.817,0.055,-1.347111479e-17,-0.21,0.05502518412,1.929336308e-07,-0.2099578438,4.910620497e-05
4.818,0.055,-1.347111479e-17,-0.21,0.05502518412,1.929322747e-07,-0.2099578438,4.9106205e-05
4.819,0.055,-1.347111479e-17,-0.21,0.05502518412,1.929316914e-07,-0.2099578438,4.910620504e-05
4.82,0.055,-1.347111479e-17,-0.21,0.05502518412,1.929320184e-07,-0.2099578438,4.910620509e-05
4.821,0.055,-1.347111479e-17,-0.21,0.05502518412,1.929331098e-07,-0.2099578438,4.910620513e-05
4.822,0.055,-1.347111479e-17,-0.21,0.05502518412,1.929345947e-07,-0.2099578438,4.910620515e-05
4.823,0.055,-1.347111479e-17,-0.21,0.05502518412,1.929360017e-07,-0.2099578438,4.910620514e-05
4.824,0.055,-1.347111479e-17,-0.21,0.05502518412,1.929369072e-07,-0.2099578438,4.910620511e-05
4.825,0.055,-1.347111479e-17,-0.21,0.05502518412,1.929370618e-07,-0.2099578438,4.910620508e-05
4.826,0.055,-1.347111479e-17,-0.21,0.05502518412,1.92936457e-07,-0.2099578438,4.910620504e-05
4.827,0.055,-1.347111479e-17,-0.21,0.05502518412,1.929353155e-07,-0.2099578438,4.910620502e-05
4.828,0.055,-1.347111479e-17,-0.21,0.05502518412,1.929340117e-07,-0.2099578438,4.910620502e-05
4.829,0.055,-1.347111479e-17,-0.21,0.05502518412,1.929329502e-07,-0.2099578438,4.910620504e-05
4.83,0.055,-1.347111479e-17,-0.21,0.05502518412,1.929324409e-07,-0.2099578438,4.910620507e-05
4.831,0.055,-1.347111479e-17,-0.21,0.05502518412,1.929326104e-07,-0.2099578438,4.910620511e-05
4.832,0.055,-1.347111479e-17,-0.21,0.05502518412,1.929333724e-07,-0.2099578438,4.910620514e-05
4.833,0.055,-1.347111479e-17,-0.21,0.05502518412,1.929344649e-07,-0.2099578438,4.910620515e-05
4.834,0.055,-1.347111479e-17,-0.21,0.05502518412,1.92935539e-07,-0.2099578438,4.910620515e-05
4.835,0.055,-1.347111479e-17,-0.21,0.05502518412,1.929362692e-07,-0.2099578438,4.910620513e-05
4.836,0.055,-1.347111479e-17,-0.21,0.05502518412,1.929364512e-07,-0.2099578438,4.910620511e-05
4.837,0.055,-1.347111479e-17,-0.21,0.05502518412,1.929360579e-07,-0.2099578438,4.910620508e-05
4.838,0.055,-1.347111479e-17,-0.21,0.05502518412,1.929352383e-07,-0.2099578438,4.910620506e-05
4.839,0.055,-1.347111479e-17,-0.21,0.05502518412,1.929342632e-07,-0.2099578438,4.910620506e-05
4.84,0.055,-1.347111479e-17,-0.21,0.05502518412,1.929334369e-07,-0.2099578438,4.910620507e-05
4.841,0.055,-1.347111479e-17,-0.21,0.05502518412,1.929330028e-07,-0.2099578438,4.91062051e-05
4.842,0.055,-1.347111479e-17,-0.21,0.05502518412,1.929330729e-07,-0.2099578438,4.910620513e-05
4.843,0.055,-1.347111479e-17,-0.21,0.05502518412,1.929335998e-07,-0.2099578438,4.910620515e-05
4.844,0.055,-1.347111479e-17,-0.21,0.05502518412,1.929344002e-07,-0.2099578438,4.910620516e-05
4.845,0.055,-1.347111479e-17,-0.21,0.05502518412,1.929352167e-07,-0.2099578438,4.910620516e-05
4.846,0.055,-1.347111479e-17,-0.21,0.05502518412,1.929358004e-07,-0.2099578438,4.910620515e-05
4.847,0.055,-1.347111479e-17,-0.21,0.05502518412,1.929359859e-07,-0.2099578438,4.910620513e-05
4.848,0.055,-1.347111479e-17,-0.21,0.05502518412,1.929357374e-07,-0.2099578438,4.910620511e-05
4.849,0.055,-1.347111479e-17,-0.21,0.05502518412,1.929351524e-07,-0.2099578438,4.91062051e-05
4.85,0.055,-1.347111479e-17,-0.21,0.05502518412,1.929344261e-07,-0.2099578438,4.91062051e-05
4.851,0.055,-1.347111479e-17,-0.21,0.05502518412,1.929337864e-07,-0.2099578438,4.910620511e-05
4.852,0.055,-1.347111479e-17,-0.21,0.05502518412,1.929334233e-07,-0.2099578438,4.910620513e-05
4.853,0.055,-1.347111479e-17,-0.21,0.05502518412,1.929334329e-07,-0.2099578438,4.910620515e-05
4.854,0.055,-1.347111479e-17,-0.21,0.05502518412,1.929337933e-07,-0.2099578438,4.910620517e-05
4.855,0.055,-1.347111479e-17,-0.21,0.05502518412,1.929343769e-07,-0.2099578438,4.910620518e-05
4.856,0.055,-1.347111479e-17,-0.21,0.05502518412,1.929349949e-07,-0.2099578438,4.910620518e-05
4.857,0.055,-1.347111479e-17,-0.21,0.05502518412,1.929354577e-07,-0.2099578438,4.910620517e-05
4.858,0.055,-1.347111479e-17,-0.21,0.05502518412,1.929356328e-07,-0.2099578438,4.910620516e-05
4.859,0.055,-1.347111479e-17,-0.21,0.05502518412,1.929354816e-07,-0.2099578438,4.910620515e-05
4.86,0.055,-1.347111479e-17,-0.21,0.05502518412,1.929350669e-07,-0.2099578438,4.910620514e-05
4.861,0.055,-1.347111479e-17,-0.21,0.05502518412,1.929345281e-07,-0.2099578438,4.910620513e-05
4.862,0.055,-1.347111479e-17,-0.21,0.05502518412,1.929340354e-07,-0.2099578438,4.910620514e-05
4.863,0.055,-1.347111479e-17,-0.21,0.05502518412,1.929337361e-07,-0.2099578438,4.910620515e-05
4.864,0.055,-1.347111479e-17,-0.21,0.05502518412,1.929337112e-07,-0.2099578438,4.910620517e-05
4.865,0.055,-1.347111479e-17,-0.21,0.05502518412,1.929339544e-07,-0.2099578438,4.910620519e-05
4.866,0.055,-1.347111479e-17,-0.21,0.05502518412,1.929343778e-07,-0.2099578438,4.91062052e-05
4.867,0.055,-1.347111479e-17,-0.21,0.05502518412,1.929348437e-07,-0.2099578438,4.91062052e-05
4.868,0.055,-1.347111479e-17,-0.21,0.05502518412,1.929352082e-07,-0.2099578438,4.910620519e-05
4.869,0.055,-1.347111479e-17,-0.21,0.05502518412,1.929353659e-07,-0.2099578438,4.910620519e-05
4.87,0.055,-1.347111479e-17,-0.21,0.05502518412,1.929352793e-07,-0.2099578438,4.910620518e-05
4.871,0.055,-1.347111479e-17,-0.21,0.05502518412,1.929349874e-07,-0.2099578438,4.910620517e-05
4.872,0.055,-1.347111479e-17,-0.21,0.05502518412,1.929345893e-07,-0.2099578438,4.910620517e-05
4.873,0.055,-1.347111479e-17,-0.21,0.05502518412,1.929342115e-07,-0.2099578438,4.910620517e-05
4.874,0.055,-1.347111479e-17,-0.21,0.05502518412,1.929339677e-07,-0.2099578438,4.910620518e-05
4.875,0.055,-1.347111479e-17,-0.21,0.05502518412,1.929339253e-07,-0.2099578438,4.910620519e-05
4.876,0.055,-1.347111479e-17,-0.21,0.05502518412,1.929340866e-07,-0.2099578438,4.910620521e-05
4.877,0.055,-1.347111479e-17,-0.21,0.05502518412,1.929343923e-07,-0.2099578438,4.910620522e-05
4.878,0.055,-1.347111479e-17,-0.21,0.05502518412,1.929347421e-07,-0.2099578438,4.910620522e-05
4.879,0.055,-1.347111479e-17,-0.21,0.05502518412,1.929350275e-07,-0.2099578438,4.910620522e-05
4.88,0.055,-1.347111479e-17,-0.21,0.05502518412,1.929351649e-07,-0.2099578438,4.910620521e-05
4.881,0.055,-1.347111479e-17,-0.21,0.05502518412,1.929351203e-07,-0.2099578438,4.91062052e-05
4.882,0.055,-1.347111479e-17,-0.21,0.05502518412,1.929349164e-07,-0.2099578438,4.91062052e-05
4.883,0.055,-1.347111479e-17,-0.21,0.05502518412,1.929346235e-07,-0.2099578438,4.91062052e-05
4.884,0.055,-1.347111479e-17,-0.21,0.05502518412,1.92934335e-07,-0.2099578438,4.91062052e-05
4.885,0.055,-1.347111479e-17,-0.21,0.05502518412,1.929341385e-07,-0.2099578438,4.910620521e-05
4.886,0.055,-1.347111479e-17,-0.21,0.05502518412,1.929340889e-07,-0.2099578438,4.910620522e-05
4.887,0.055,-1.347111479e-17,-0.21,0.05502518412,1.929341938e-07,-0.2099578438,4.910620523e-05
4.888,0.055,-1.347111479e-17,-0.21,0.05502518412,1.929344133e-07,-0.2099578438,4.910620524e-05
4.889,0.055,-1.347111479e-17,-0.21,0.05502518412,1.929346749e-07,-0.2099578438,4.910620524e-05
4.89,0.055,-1.347111479e-17,-0.21,0.05502518412,1.929348969e-07,-0.2099578438,4.910620524e-05
4.891,0.055,-1.347111479e-17,-0.21,0.05502518412,1.929350139e-07,-0.2099578438,4.910620524e-05
4.892,0.055,-1.347111479e-17,-0.21,0.05502518412,1.929349957e-07,-0.2099578438,4.910620523e-05
4.893,0.055,-1.347111479e-17,-0.21,0.05502518412,1.929348548e-07,-0.2099578438,4.910620523e-05
4.894,0.055,-1.347111479e-17,-0.21,0.05502518412,1.929346402e-07,-0.2099578438,4.910620523e-05
4.895,0.055,-1.347111479e-17,-0.21,0.05502518412,1.92934421e-07,-0.2099578438,4.910620523e-05
4.896,0.055,-1.347111479e-17,-0.21,0.05502518412,1.92934264e-07,-0.2099578438,4.910620524e-05
4.897,0.055,-1.347111479e-17,-0.21,0.05502518412,1.929342137e-07,-0.2099578438,4.910620524e-05
4.898,0.055,-1.347111479e-17,-0.21,0.05502518412,1.9293428e-07,-0.2099578438,4.910620525e-05
4.899,0.055,-1.347111479e-17,-0.21,0.05502518412,1.929344366e-07,-0.2099578438,4.910620526e-05
4.9,0.055,-1.347111479e-17,-0.21,0.05502518412,1.929346316e-07,-0.2099578438,4.910620526e-05
4.901,0.055,-1.347111479e-17,-0.21,0.05502518412,1.929348034e-07,-0.2099578438,4.910620526e-05
4.902,0.055,-1.347111479e-17,-0.21,0.05502518412,1.929349012e-07,-0.2099578438,4.910620526e-05
4.903,0.055,-1.347111479e-17,-0.21,0.05502518412,1.92934899e-07,-0.2099578438,4.910620526e-05
4.904,0.055,-1.347111479e-17,-0.21,0.05502518412,1.929348026e-07,-0.2099578438,4.910620526e-05
4.905,0.055,-1.347111479e-17,-0.21,0.05502518412,1.92934646e-07,-0.2099578438,4.910620526e-05
4.906,0.055,-1.347111479e-17,-0.21,0.05502518412,1.929344801e-07,-0.2099578438,4.910620526e-05
4.907,0.055,-1.347111479e-17,-0.21,0.05502518412,1.929343556e-07,-0.2099578438,4.910620526e-05
4.908,0.055,-1.347111479e-17,-0.21,0.05502518412,1.929343083e-07,-0.2099578438,4.910620527e-05
4.909,0.055,-1.347111479e-17,-0.21,0.05502518412,1.929343486e-07,-0.2099578438,4.910620528e-05
4.91,0.055,-1.347111479e-17,-0.21,0.05502518412,1.929344597e-07,-0.2099578438,4.910620528e-05
4.911,0.055,-1.347111479e-17,-0.21,0.05502518412,1.929346043e-07,-0.2099578438,4.910620529e-05
4.912,0.055,-1.347111479e-17,-0.21,0.05502518412,1.929347367e-07,-0.2099578438,4.910620529e-05
4.913,0.055,-1.347111479e-17,-0.21,0.05502518412,1.929348174e-07,-0.2099578438,4.910620529e-05
4.914,0.055,-1.347111479e-17,-0.21,0.05502518412,1.929348243e-07,-0.2099578438,4.910620529e-05
4.915,0.055,-1.347111479e-17,-0.21,0.05502518412,1.929347592e-07,-0.2099578438,4.910620528e-05
4.916,0.055,-1.347111479e-17,-0.21,0.05502518412,1.929346457e-07,-0.2099578438,4.910620528e-05
4.917,0.055,-1.347111479e-17,-0.21,0.05502518412,1.929345206e-07,-0.2099578438,4.910620529e-05
4.918,0.055,-1.347111479e-17,-0.21,0.05502518412,1.929344225e-07,-0.2099578438,4.910620529e-05
4.919,0.055,-1.347111479e-17,-0.21,0.05502518412,1.929343799e-07,-0.2099578438,4.91062053e-05
4.92,0.055,-1.347111479e-17,-0.21,0.05502518412,1.929344028e-07,-0.2099578438,4.91062053e-05
4.921,0.055,-1.347111479e-17,-0.21,0.05502518412,1.92934481e-07,-0.2099578438,4.910620531e-05
4.922,0.055,-1.347111479e-17,-0.21,0.05502518412,1.929345878e-07,-0.2099578438,4.910620531e-05
4.923,0.055,-1.347111479e-17,-0.21,0.05502518412,1.929346893e-07,-0.2099578438,4.910620531e-05
4.924,0.055,-1.347111479e-17,-0.21,0.05502518412,1.929347549e-07,-0.2099578438,4.910620531e-05
4.925,0.055,-1.347111479e-17,-0.21,0.05502518412,1.929347665e-07,-0.2099578438,4.910620531e-05
4.926,0.055,-1.347111479e-17,-0.21,0.05502518412,1.929347235e-07,-0.2099578438,4.910620531e-05
4.927,0.055,-1.347111479e-17,-0.21,0.05502518412,1.929346417e-07,-0.2099578438,4.910620531e-05
4.928,0.055,-1.347111479e-17,-0.21,0.05502518412,1.929345479e-07,-0.2099578438,4.910620531e-05
4.929,0.055,-1.347111479e-17,-0.21,0.05502518412,1.929344713e-07,-0.2099578438,4.910620532e-05
4.93,0.055,-1.347111479e-17,-0.21,0.05502518412,1.929344343e-07,-0.2099578438,4.910620532e-05
4.931,0.055,-1.347111479e-17,-0.21,0.05502518412,1.929344461e-07,-0.2099578438,4.910620533e-05
4.932,0.055,-1.347111479e-17,-0.21,0.05502518412,1.929345007e-07,-0.2099578438,4.910620533e-05
4.933,0.055,-1.347111479e-17,-0.21,0.05502518412,1.929345792e-07,-0.2099578438,4.910620533e-05
4.934,0.055,-1.347111479e-17,-0.21,0.05502518412,1.929346565e-07,-0.2099578438,4.910620534e-05
4.935,0.055,-1.347111479e-17,-0.21,0.05502518412,1.929347093e-07,-0.2099578438,4.910620534e-05
4.936,0.055,-1.347111479e-17,-0.21,0.05502518412,1.929347228e-07,-0.2099578438,4.910620534e-05
4.937,0.055,-1.347111479e-17,-0.21,0.05502518412,1.929346948e-07,-0.2099578438,4.910620534e-05
4.938,0.055,-1.347111479e-17,-0.21,0.05502518412,1.92934636e-07,-0.2099578438,4.910620534e-05
4.939,0.055,-1.347111479e-17,-0.21,0.05502518412,1.929345659e-07,-0.2099578438,4.910620534e-05
4.94,0.055,-1.347111479e-17,-0.21,0.05502518412,1.929345064e-07,-0.2099578438,4.910620534e-05
4.941,0.055,-1.347111479e-17,-0.21,0.05502518412,1.929344748e-07,-0.2099578438,4.910620535e-05
4.942,0.055,-1.347111479e-17,-0.21,0.05502518412,1.929344796e-07,-0.2099578438,4.910620535e-05
4.943,0.055,-1.347111479e-17,-0.21,0.05502518412,1.929345172e-07,-0.2099578438,4.910620536e-05
4.944,0.055,-1.347111479e-17,-0.21,0.05502518412,1.929345746e-07,-0.2099578438,4.910620536e-05
4.945,0.055,-1.347111479e-17,-0.21,0.05502518412,1.929346332e-07,-0.2099578438,4.910620536e-05
4.946,0.055,-1.347111479e-17,-0.21,0.05502518412,1.929346753e-07,-0.2099578438,4.910620536e-05
4.947,0.055,-1.347111479e-17,-0.21,0.05502518412,1.929346889e-07,-0.2099578438,4.910620536e-05
4.948,0.055,-1.347111479e-17,-0.21,0.05502518412,1.929346712e-07,-0.2099578438,4.910620536e-05
4.949,0.055,-1.347111479e-17,-0.21,0.05502518412,1.929346293e-07,-0.2099578438,4.910620537e-05
4.95,0.055,-1.347111479e-17,-0.21,0.05502518412,1.929345771e-07,-0.2099578438,4.910620537e-05
4.951,0.055,-1.347111479e-17,-0.21,0.05502518412,1.92934531e-07,-0.2099578438,4.910620537e-05
4.952,0.055,-1.347111479e-17,-0.21,0.05502518412,1.929345046e-07,-0.2099578438,4.910620537e-05
4.953,0.055,-1.347111479e-17,-0.21,0.05502518412,1.92934505e-07,-0.2099578438,4.910620538e-05
4.954,0.055,-1.347111479e-17,-0.21,0.05502518412,1.929345306e-07,-0.2099578438,4.910620538e-05
4.955,0.055,-1.347111479e-17,-0.21,0.05502518412,1.929345725e-07,-0.2099578438,4.910620538e-05
4.956,0.055,-1.347111479e-17,-0.21,0.05502518412,1.92934617e-07,-0.2099578438,4.910620539e-05
4.957,0.055,-1.347111479e-17,-0.21,0.05502518412,1.929346505e-07,-0.2099578438,4.910620539e-05
4.958,0.055,-1.347111479e-17,-0.21,0.05502518412,1.929346633e-07,-0.2099578438,4.910620539e-05
4.959,0.055,-1.347111479e-17,-0.21,0.05502518412,1.929346527e-07,-0.2099578438,4.910620539e-05
4.96,0.055,-1.347111479e-17,-0.21,0.05502518412,1.92934623e-07,-0.2099578438,4.910620539e-05
4.961,0.055,-1.347111479e-17,-0.21,0.05502518412,1.929345844e-07,-0.2099578438,4.910620539e-05
4.962,0.055,-1.347111479e-17,-0.21,0.05502518412,1.929345489e-07,-0.2099578438,4.91062054e-05
4.963,0.055,-1.347111479e-17,-0.21,0.05502518412,1.929345272e-07,-0.2099578438,4.91062054e-05
4.964,0.055,-1.347111479e-17,-0.21,0.05502518412,1.929345252e-07,-0.2099578438,4.91062054e-05
4.965,0.055,-1.347111479e-17,-0.21,0.05502518412,1.929345424e-07,-0.2099578438,4.910620541e-05
4.966,0.055,-1.347111479e-17,-0.21,0.05502518412,1.929345728e-07,-0.2099578438,4.910620541e-05
4.967,0.055,-1.347111479e-17,-0.21,0.05502518412,1.929346061e-07,-0.2099578438,4.910620541e-05
4.968,0.055,-1.347111479e-17,-0.21,0.05502518412,1.929346324e-07,-0.2099578438,4.910620541e-05
4.969,0.055,-1.347111479e-17,-0.21,0.05502518412,1.929346439e-07,-0.2099578438,4.910620542e-05
4.97,0.055,-1.347111479e-17,-0.21,0.05502518412,1.929346378e-07,-0.2099578438,4.910620542e-05
4.971,0.055,-1.347111479e-17,-0.21,0.05502518412,1.92934617e-07,-0.2099578438,4.910620542e-05
4.972,0.055,-1.347111479e-17,-0.21,0.05502518412,1.929345885e-07,-0.2099578438,4.910620542e-05
4.973,0.055,-1.347111479e-17,-0.21,0.05502518412,1.929345614e-07,-0.2099578438,4.910620542e-05
4.974,0.055,-1.347111479e-17,-0.21,0.05502518412,1.929345438e-07,-0.2099578438,4.910620543e-05
4.975,0.055,-1.347111479e-17,-0.21,0.05502518412,1.929345406e-07,-0.2099578438,4.910620543e-05
4.976,0.055,-1.347111479e-17,-0.21,0.05502518412,1.92934552e-07,-0.2099578438,4.910620543e-05
4.977,0.055,-1.347111479e-17,-0.21,0.05502518412,1.929345739e-07,-0.2099578438,4.910620543e-05
4.978,0.055,-1.347111479e-17,-0.21,0.05502518412,1.929345989e-07,-0.2099578438,4.910620544e-05
4.979,0.055,-1.347111479e-17,-0.21,0.05502518412,1.929346193e-07,-0.2099578438,4.910620544e-05
4.98,0.055,-1.347111479e-17,-0.21,0.05502518412,1.929346292e-07,-0.2099578438,4.910620544e-05
4.981,0.055,-1.347111479e-17,-0.21,0.05502518412,1.92934626e-07,-0.2099578438,4.910620544e-05
4.982,0.055,-1.347111479e-17,-0.21,0.05502518412,1.929346114e-07,-0.2099578438,4.910620544e-05
4.983,0.055,-1.347111479e-17,-0.21,0.05502518412,1.929345904e-07,-0.2099578438,4.910620545e-05
4.984,0.055,-1.347111479e-17,-0.21,0.05502518412,1.929345697e-07,-0.2099578438,4.910620545e-05
4.985,0.055,-1.347111479e-17,-0.21,0.05502518412,1.929345557e-07,-0.2099578438,4.910620545e-05
4.986,0.055,-1.347111479e-17,-0.21,0.05502518412,1.929345521e-07,-0.2099578438,4.910620545e-05
4.987,0.055,-1.347111479e-17,-0.21,0.05502518412,1.929345597e-07,-0.2099578438,4.910620546e-05
4.988,0.055,-1.347111479e-17,-0.21,0.05502518412,1.929345754e-07,-0.2099578438,4.910620546e-05
4.989,0.055,-1.347111479e-17,-0.21,0.05502518412,1.929345942e-07,-0.2099578438,4.910620546e-05
4.99,0.055,-1.347111479e-17,-0.21,0.05502518412,1.929346101e-07,-0.2099578438,4.910620547e-05
4.991,0.055,-1.347111479e-17,-0.21,0.05502518412,1.929346185e-07,-0.2099578438,4.910620547e-05
4.992,0.055,-1.347111479e-17,-0.21,0.05502518412,1.929346171e-07,-0.2099578438,4.910620547e-05
4.993,0.055,-1.347111479e-17,-0.21,0.05502518412,1.92934607e-07,-0.2099578438,4.910620547e-05
4.994,0.055,-1.347111479e-17,-0.21,0.05502518412,1.929345916e-07,-0.2099578438,4.910620547e-05
4.995,0.055,-1.347111479e-17,-0.21,0.05502518412,1.929345758e-07,-0.2099578438,4.910620548e-05
4.996,0.055,-1.347111479e-17,-0.21,0.05502518412,1.929345646e-07,-0.2099578438,4.910620548e-05
4.997,0.055,-1.347111479e-17,-0.21,0.05502518412,1.92934561e-07,-0.2099578438,4.910620548e-05
4.998,0.055,-1.347111479e-17,-0.21,0.05502518412,1.929345657e-07,-0.2099578438,4.910620548e-05
4.999,0.055,-1.347111479e-17,-0.21,0.05502518412,1.92934577e-07,-0.2099578438,4.910620549e-05
5,0.055,-1.347111479e-17,-0.21,0.05502518412,1.929345909e-07,-0.2099578438,4.910620549e-05
