time_s,des_x_m,des_y_m,des_z_m,act_x_m,act_y_m,act_z_m,error_m
0,0,0,-0.21,6.216058827e-06,1.289225286e-07,-0.2099709584,2.969963306e-05
0.001,2.256521658e-12,5.641304144e-13,-0.21,6.216058824e-06,1.289225281e-07,-0.2099709584,2.969963258e-05
0.002,3.601766149e-11,9.004415371e-12,-0.21,6.216199771e-06,1.289715873e-07,-0.2099709585,2.969962512e-05
0.003,1.819011546e-10,4.547528864e-11,-0.21,6.217368902e-06,1.293801168e-07,-0.2099709587,2.969958713e-05
0.004,5.735142216e-10,1.433785554e-10,-0.21,6.2214199e-06,1.308056034e-07,-0.2099709596,2.969946145e-05
0.005,1.396808642e-09,3.492021606e-10,-0.21,6.230845673e-06,1.341509078e-07,-0.2099709618,2.969916966e-05
0.006,2.889438436e-09,7.22359609e-10,-0.21,6.24816222e-06,1.40347554e-07,-0.2099709658,2.969866055e-05
0.007,5.340120145e-09,1.335030036e-09,-0.21,6.275323095e-06,1.501263514e-07,-0.2099709718,2.969795722e-05
0.008,9.087995728e-09,2.271998932e-09,-0.21,6.313406637e-06,1.638690733e-07,-0.2099709802,2.969716514e-05
0.009,1.452199805e-08,3.630499514e-09,-0.21,6.362661688e-06,1.815928259e-07,-0.2099709906,2.969643572e-05
0.01,2.208021901e-08,5.520054753e-09,-0.21,6.422838667e-06,2.03062203e-07,-0.2099710028,2.96959105e-05
0.011,3.22492802e-08,8.06232005e-09,-0.21,6.493633465e-06,2.279760295e-07,-0.2099710166,2.969567889e-05
0.012,4.556370627e-08,1.139092657e-08,-0.21,6.575058619e-06,2.561527412e-07,-0.209971032,2.969576949e-05
0.013,6.260530082e-08,1.565132521e-08,-0.21,6.667617989e-06,2.876469895e-07,-0.209971049,2.969617356e-05
0.014,8.400252494e-08,2.100063124e-08,-0.21,6.772259411e-06,3.227631338e-07,-0.2099710676,2.969688405e-05
0.015,1.104298783e-07,2.760746958e-08,-0.21,6.890169454e-06,3.619735762e-07,-0.2099710882,2.969792991e-05
0.016,1.42607283e-07,3.565182075e-08,-0.21,7.022522476e-06,4.057843717e-07,-0.2099711108,2.969939151e-05
0.017,1.812994698e-07,4.532486744e-08,-0.21,7.170291859e-06,4.546051406e-07,-0.2099711355,2.970139432e-05
0.018,2.273153669e-07,5.682884173e-08,-0.21,7.334186274e-06,5.086718763e-07,-0.2099711622,2.970408736e-05
0.019,2.815074921e-07,7.037687303e-08,-0.21,7.514713142e-06,5.680456601e-07,-0.2099711907,2.970761821e-05
0.02,3.447713463e-07,8.619283657e-08,-0.21,7.712321543e-06,6.326791868e-07,-0.209971221,2.97121161e-05
0.021,4.180448105e-07,1.045112026e-07,-0.21,7.927554856e-06,7.025186361e-07,-0.209971253,2.971768858e-05
0.022,5.023075452e-07,1.255768863e-07,-0.21,8.161152645e-06,7.775990784e-07,-0.2099712866,2.9724431e-05
0.023,5.985803926e-07,1.496450981e-07,-0.21,8.414072197e-06,8.580989392e-07,-0.2099713219,2.973244213e-05
0.024,7.079247806e-07,1.769811952e-07,-0.21,8.687436646e-06,9.44338318e-07,-0.2099713589,2.97418378e-05
0.025,8.314421307e-07,2.078605327e-07,-0.21,8.982443645e-06,1.036728561e-06,-0.2099713975,2.975275651e-05
0.026,9.702732671e-07,2.425683168e-07,-0.21,9.300277327e-06,1.135697618e-06,-0.209971438,2.97653557e-05
0.027,1.12559783e-06,2.813994575e-07,-0.21,9.64205697e-06,1.241621695e-06,-0.2099714801,2.977980122e-05
0.028,1.298633689e-06,3.246584222e-07,-0.21,1.000883527e-05,1.354787686e-06,-0.2099715239,2.979625582e-05
0.029,1.490636363e-06,3.726590907e-07,-0.21,1.040163753e-05,1.475396518e-06,-0.2099715693,2.981487145e-05
0.03,1.702898438e-06,4.257246095e-07,-0.21,1.082151873e-05,1.603601205e-06,-0.2099716162,2.98357884e-05
0.031,1.936748992e-06,4.84187248e-07,-0.21,1.126961309e-05,1.739561373e-06,-0.2099716647,2.985914048e-05
0.032,2.193553019e-06,5.483882549e-07,-0.21,1.174715794e-05,1.883492131e-06,-0.2099717146,2.988506322e-05
0.033,2.474710858e-06,6.186777148e-07,-0.21,1.225548742e-05,2.035689977e-06,-0.209971766,2.991370064e-05
0.034,2.781657623e-06,6.954144061e-07,-0.21,1.279600374e-05,2.196528952e-06,-0.2099718189,2.994520787e-05
0.035,3.115862637e-06,7.789656596e-07,-0.21,1.337014113e-05,2.366432056e-06,-0.2099718732,2.997974845e-05
0.036,3.478828865e-06,8.697072169e-07,-0.21,1.397933739e-05,2.545831379e-06,-0.209971929,3.001748816e-05
0.037,3.872092357e-06,9.680230903e-07,-0.21,1.462502264e-05,2.73513292e-06,-0.2099719862,3.005858799e-05
0.038,4.297221688e-06,1.074305423e-06,-0.21,1.530862603e-05,2.93469837e-06,-0.2099720448,3.010319945e-05
0.039,4.755817396e-06,1.188954351e-06,-0.21,1.603159443e-05,3.144848411e-06,-0.2099721048,3.01514636e-05
0.04,5.249511438e-06,1.312377862e-06,-0.21,1.679541343e-05,3.365883632e-06,-0.2099721661,3.020351389e-05
0.041,5.779966629e-06,1.44499166e-06,-0.21,1.760162195e-05,3.598113195e-06,-0.2099722286,3.025948087e-05
0.042,6.348876101e-06,1.587219029e-06,-0.21,1.845181567e-05,3.841879752e-06,-0.2099722925,3.031949669e-05
0.043,6.957962753e-06,1.739490693e-06,-0.21,1.934763993e-05,4.097571907e-06,-0.2099723576,3.038369714e-05
0.044,7.608978709e-06,1.902244684e-06,-0.21,2.029077644e-05,4.365621148e-06,-0.2099724239,3.045222068e-05
0.045,8.303704779e-06,2.075926204e-06,-0.21,2.12829298e-05,4.646486226e-06,-0.2099724915,3.0525205e-05
0.046,9.043949915e-06,2.26098749e-06,-0.21,2.232581891e-05,4.940632185e-06,-0.2099725602,3.060278254e-05
0.047,9.831550683e-06,2.457887686e-06,-0.21,2.342117547e-05,5.248512311e-06,-0.2099726302,3.068507685e-05
0.048,1.066837073e-05,2.6670927e-06,-0.21,2.457074855e-05,5.57055917e-06,-0.2099727012,3.077220112e-05
0.049,1.155630023e-05,2.889075082e-06,-0.21,2.577631234e-05,5.907186855e-06,-0.2099727735,3.086425889e-05
0.05,1.249725542e-05,3.124313884e-06,-0.21,2.70396732e-05,6.258802174e-06,-0.2099728468,3.096134664e-05
0.051,1.349317797e-05,3.373294532e-06,-0.21,2.836267325e-05,6.625819563e-06,-0.2099729212,3.106355665e-05
0.052,1.454603459e-05,3.636508695e-06,-0.21,2.97471896e-05,7.008673761e-06,-0.2099729966,3.117097908e-05
0.053,1.565781639e-05,3.914454156e-06,-0.21,3.119513003e-05,7.407825878e-06,-0.2099730731,3.128370238e-05
0.054,1.683053843e-05,4.207634681e-06,-0.21,3.270842718e-05,7.823761384e-06,-0.2099731506,3.140181196e-05
0.055,1.80662392e-05,4.516559891e-06,-0.21,3.428903365e-05,8.25698172e-06,-0.2099732291,3.152538785e-05
0.056,1.936698009e-05,4.841745135e-06,-0.21,3.593891934e-05,8.707993312e-06,-0.2099733086,3.165450225e-05
0.057,2.07348449e-05,5.183711362e-06,-0.21,3.766007166e-05,9.177298263e-06,-0.2099733891,3.178921788e-05
0.058,2.217193929e-05,5.542984992e-06,-0.21,3.945449761e-05,9.66538986e-06,-0.2099734704,3.192958768e-05
0.059,2.368039035e-05,5.920097793e-06,-0.21,4.13242266e-05,1.017275389e-05,-0.2099735527,3.207565571e-05
0.06,2.526234603e-05,6.315586756e-06,-0.21,4.327131249e-05,1.069987451e-05,-0.2099736359,3.222745885e-05
0.061,2.691997467e-05,6.729993968e-06,-0.21,4.529783405e-05,1.124724198e-05,-0.20997372,3.238502845e-05
0.062,2.865546449e-05,7.163866486e-06,-0.21,4.740589383e-05,1.181535908e-05,-0.2099738049,3.254839138e-05
0.063,3.047102314e-05,7.617756221e-06,-0.21,4.959761583e-05,1.240474408e-05,-0.2099738907,3.271757013e-05
0.064,3.236887714e-05,8.092219807e-06,-0.21,5.187514293e-05,1.301592954e-05,-0.2099739772,3.289258211e-05
0.065,3.435127143e-05,8.587818484e-06,-0.21,5.424063497e-05,1.364945782e-05,-0.2099740646,3.307343836e-05
0.066,3.642046891e-05,9.105117973e-06,-0.21,5.669626781e-05,1.430587527e-05,-0.2099741527,3.326014249e-05
0.067,3.857874989e-05,9.644688359e-06,-0.21,5.924423338e-05,1.498572742e-05,-0.2099742416,3.345269005e-05
0.068,4.082841167e-05,1.020710397e-05,-0.21,6.188674041e-05,1.568955669e-05,-0.2099743313,3.365106862e-05
0.069,4.317176802e-05,1.079294325e-05,-0.21,6.462601522e-05,1.641790304e-05,-0.2099744216,3.385525856e-05
0.07,4.561114873e-05,1.140278865e-05,-0.21,6.746430209e-05,1.717130704e-05,-0.2099745127,3.406523413e-05
0.071,4.814889914e-05,1.203722651e-05,-0.21,7.040386294e-05,1.795031385e-05,-0.2099746044,3.428096446e-05
0.072,5.078737963e-05,1.269684693e-05,-0.21,7.344697647e-05,1.875547647e-05,-0.2099746968,3.450241433e-05
0.073,5.352896519e-05,1.338224366e-05,-0.21,7.659593686e-05,1.958735718e-05,-0.2099747898,3.472954427e-05
0.074,5.637604496e-05,1.409401401e-05,-0.21,7.985305253e-05,2.044652683e-05,-0.2099748835,3.496231036e-05
0.075,5.933102174e-05,1.483275866e-05,-0.21,8.322064524e-05,2.133356237e-05,-0.2099749778,3.520066374e-05
0.076,6.239631154e-05,1.559908163e-05,-0.21,8.670104949e-05,2.224904388e-05,-0.2099750726,3.544455017e-05
0.077,6.557434311e-05,1.639359013e-05,-0.21,9.029661243e-05,2.319355194e-05,-0.2099751681,3.569390989e-05
0.078,6.886755752e-05,1.721689442e-05,-0.21,9.400969386e-05,2.416766642e-05,-0.2099752641,3.594867785e-05
0.079,7.227840767e-05,1.806960774e-05,-0.21,9.784266631e-05,2.517196687e-05,-0.2099753606,3.620878422e-05
0.08,7.580935787e-05,1.895234619e-05,-0.21,0.0001017979148,2.620703402e-05,-0.2099754576,3.647415513e-05
0.081,7.946288335e-05,1.986572858e-05,-0.21,0.0001058778366,2.72734518e-05,-0.2099755552,3.674471338e-05
0.082,8.324146988e-05,2.081037637e-05,-0.21,0.0001100848401,2.837180903e-05,-0.2099756532,3.702037888e-05
0.083,8.714761326e-05,2.178691353e-05,-0.21,0.0001144213448,2.950270005e-05,-0.2099757517,3.730106895e-05
0.084,9.118381893e-05,2.279596643e-05,-0.21,0.0001188897798,3.066672431e-05,-0.2099758507,3.758669825e-05
0.085,9.535260149e-05,2.383816375e-05,-0.21,0.0001234925836,3.186448503e-05,-0.20997595,3.787717868e-05
0.086,9.965648432e-05,2.491413635e-05,-0.21,0.0001282322036,3.309658754e-05,-0.2099760499,3.817241923e-05
0.087,0.0001040979991,2.602451718e-05,-0.21,0.000133111096,3.436363797e-05,-0.2099761501,3.847232597e-05
0.088,0.0001086796854,2.716994115e-05,-0.21,0.0001381317251,3.566624248e-05,-0.2099762507,3.877680227e-05
0.089,0.0001134040902,2.835104505e-05,-0.21,0.0001432965634,3.70050075e-05,-0.2099763516,3.908574913e-05
0.09,0.0001182737675,2.956846742e-05,-0.21,0.0001486080914,3.838054043e-05,-0.209976453,3.939906566e-05
0.091,0.0001232912782,3.082284847e-05,-0.21,0.0001540687969,3.979345068e-05,-0.2099765546,3.97166495e-05
0.092,0.000128459189,3.211482996e-05,-0.21,0.0001596811744,4.124435047e-05,-0.2099766566,4.003839717e-05
0.093,0.0001337800725,3.344505508e-05,-0.21,0.000165447725,4.273385516e-05,-0.2099767589,4.036420426e-05
0.094,0.0001392565069,3.481416839e-05,-0.21,0.0001713709554,4.426258291e-05,-0.2099768615,4.069396549e-05
0.095,0.0001448910749,3.622281567e-05,-0.21,0.0001774533777,4.583115397e-05,-0.2099769644,4.102757463e-05
0.096,0.0001506863642,3.767164385e-05,-0.21,0.0001836975089,4.744018978e-05,-0.2099770676,4.136492451e-05
0.097,0.0001566449663,3.91613009e-05,-0.21,0.0001901058706,4.909031221e-05,-0.209977171,4.170590703e-05
0.098,0.0001627694767,4.069243572e-05,-0.21,0.0001966809886,5.078214313e-05,-0.2099772746,4.205041325e-05
0.099,0.0001690624939,4.226569805e-05,-0.21,0.0002034253925,5.251630449e-05,-0.2099773784,4.239833364e-05
0.1,0.0001755266196,4.388173837e-05,-0.21,0.0002103416157,5.429341868e-05,-0.2099774825,4.274955834e-05
0.101,0.000182164458,4.554120779e-05,-0.21,0.0002174321946,5.611410899e-05,-0.2099775868,4.310397739e-05
0.102,0.0001889786153,4.724475798e-05,-0.21,0.0002246996683,5.797900001e-05,-0.2099776912,4.346148097e-05
0.103,0.0001959716996,4.899304104e-05,-0.21,0.0002321465784,5.988871772e-05,-0.2099777958,4.38219595e-05
0.104,0.0002031463201,5.078670941e-05,-0.21,0.000239775468,6.184388931e-05,-0.2099779006,4.418530366e-05
0.105,0.0002105050874,5.262641579e-05,-0.21,0.0002475888819,6.384514277e-05,-0.2099780055,4.45514044e-05
0.106,0.0002180506122,5.451281304e-05,-0.21,0.0002555893658,6.589310631e-05,-0.2099781105,4.492015291e-05
0.107,0.0002257855057,5.644655406e-05,-0.21,0.0002637794661,6.798840796e-05,-0.2099782156,4.529144062e-05
0.108,0.0002337123789,5.842829173e-05,-0.21,0.0002721617296,7.013167536e-05,-0.2099783209,4.566515924e-05
0.109,0.0002418338422,6.04586788e-05,-0.21,0.0002807387029,7.232353565e-05,-0.2099784262,4.604120092e-05
0.11,0.0002501525049,6.25383678e-05,-0.21,0.0002895129324,7.45646157e-05,-0.2099785316,4.641945835e-05
0.111,0.0002586709753,6.466801094e-05,-0.21,0.0002984869637,7.685554231e-05,-0.2099786371,4.679982491e-05
0.112,0.0002673918599,6.684826002e-05,-0.21,0.0003076633413,7.919694235e-05,-0.2099787426,4.718219477e-05
0.113,0.0002763177631,6.907976635e-05,-0.21,0.0003170446082,8.158944277e-05,-0.2099788482,4.756646296e-05
0.114,0.0002854512869,7.136318066e-05,-0.21,0.0003266333054,8.403367049e-05,-0.2099789537,4.795252538e-05
0.115,0.0002947950305,7.369915299e-05,-0.21,0.0003364319716,8.653025209e-05,-0.2099790594,4.834027875e-05
0.116,0.0003043515902,7.608833262e-05,-0.21,0.0003464431429,8.907981354e-05,-0.209979165,4.872962064e-05
0.117,0.0003141235585,7.853136798e-05,-0.21,0.0003566693524,9.168297989e-05,-0.2099792706,4.91204494e-05
0.118,0.0003241135243,8.102890653e-05,-0.21,0.0003671131299,9.434037514e-05,-0.2099793762,4.951266424e-05
0.119,0.0003343240722,8.358159474e-05,-0.21,0.0003777770013,9.705262217e-05,-0.2099794817,4.990616524e-05
0.12,0.0003447577822,8.619007792e-05,-0.21,0.0003886634888,9.98203428e-05,-0.2099795872,5.030085341e-05
0.121,0.0003554172294,8.885500023e-05,-0.21,0.0003997751099,0.0001026441579,-0.2099796927,5.069663078e-05
0.122,0.0003663049839,9.157700448e-05,-0.21,0.0004111143776,0.0001055246872,-0.2099797981,5.109340046e-05
0.123,0.0003774236098,9.435673216e-05,-0.21,0.0004226837997,0.0001084625497,-0.2099799035,5.149106659e-05
0.124,0.0003887756657,9.719482327e-05,-0.21,0.0004344858786,0.0001114583633,-0.2099800087,5.188953443e-05
0.125,0.0004003637036,0.0001000919163,-0.21,0.0004465231108,0.0001145127444,-0.2099801139,5.228871026e-05
0.126,0.0004121902691,0.000103048648,-0.21,0.0004587979868,0.0001176263081,-0.2099802189,5.26885014e-05
0.127,0.0004242579007,0.0001060656537,-0.21,0.0004713129905,0.0001207996679,-0.2099803239,5.308881617e-05
0.128,0.0004365691298,0.0001091435666,-0.21,0.0004840705993,0.0001240334354,-0.2099804287,5.34895639e-05
0.129,0.0004491264801,0.0001122830182,-0.21,0.000497073283,0.0001273282204,-0.2099805334,5.389065494e-05
0.13,0.0004619324674,0.000115484638,-0.21,0.0005103235043,0.000130684631,-0.2099806379,5.429200069e-05
0.131,0.0004749895992,0.0001187490537,-0.21,0.0005238237181,0.0001341032733,-0.2099807423,5.469351362e-05
0.132,0.0004883003745,0.0001220768904,-0.21,0.0005375763728,0.0001375847523,-0.2099808466,5.50951087e-05
0.133,0.0005018672832,0.0001254687716,-0.21,0.0005515839153,0.0001411296732,-0.2099809507,5.549670789e-05
0.134,0.0005156928063,0.0001289253181,-0.21,0.0005658487919,0.0001447386412,-0.2099810546,5.589824123e-05
0.135,0.000529779415,0.0001324471485,-0.21,0.0005803734438,0.0001484122609,-0.2099811583,5.629964401e-05
0.136,0.0005441295708,0.000136034879,-0.21,0.0005951603018,0.0001521511342,-0.2099812619,5.670085197e-05
0.137,0.000558745725,0.0001396891234,-0.21,0.0006102117807,0.0001559558591,-0.2099813653,5.71017969e-05
0.138,0.0005736303184,0.0001434104927,-0.21,0.0006255302772,0.0001598270287,-0.2099814685,5.750240445e-05
0.139,0.0005887857811,0.0001471995954,-0.21,0.0006411181707,0.0001637652308,-0.2099815715,5.790259479e-05
0.14,0.0006042145319,0.0001510570373,-0.21,0.000656977826,0.0001677710496,-0.2099816743,5.830228529e-05
0.141,0.0006199189785,0.0001549834214,-0.21,0.0006731115973,0.000171845066,-0.2099817768,5.870139411e-05
0.142,0.0006359015167,0.0001589793477,-0.21,0.0006895218301,0.0001759878596,-0.2099818792,5.909984292e-05
0.143,0.0006521645305,0.0001630454135,-0.21,0.0007062108627,0.0001802000087,-0.2099819813,5.949755811e-05
0.144,0.0006687103915,0.000167182213,-0.21,0.0007231810245,0.0001844820902,-0.2099820832,5.989447014e-05
0.145,0.0006855414586,0.0001713903371,-0.21,0.0007404346338,0.0001888346793,-0.2099821848,6.029051171e-05
0.146,0.0007026600781,0.0001756703739,-0.21,0.0007579739953,0.0001932583479,-0.2099822862,6.068561559e-05
0.147,0.000720068583,0.000180022908,-0.21,0.0007758013985,0.0001977536639,-0.2099823874,6.107971318e-05
0.148,0.0007377692927,0.000184448521,-0.21,0.000793919117,0.0002023211909,-0.2099824882,6.147273405e-05
0.149,0.0007557645132,0.0001889477908,-0.21,0.0008123294092,0.0002069614877,-0.2099825888,6.18646066e-05
0.15,0.0007740565362,0.0001935212922,-0.21,0.0008310345191,0.0002116751094,-0.2099826891,6.22552594e-05
0.151,0.0007926476393,0.0001981695962,-0.21,0.0008500366778,0.0002164626079,-0.2099827892,6.264462246e-05
0.152,0.0008115400853,0.0002028932706,-0.21,0.0008693381036,0.0002213245323,-0.2099828889,6.303262807e-05
0.153,0.0008307361222,0.0002076928793,-0.21,0.0008889410018,0.0002262614293,-0.2099829883,6.34192109e-05
0.154,0.0008502379832,0.0002125689825,-0.21,0.0009088475637,0.0002312738428,-0.2099830874,6.380430745e-05
0.155,0.0008700478855,0.0002175221368,-0.21,0.0009290599657,0.0002363623138,-0.2099831862,6.418785519e-05
0.156,0.0008901680312,0.000222552895,-0.21,0.000949580368,0.0002415273793,-0.2099832847,6.456979174e-05
0.157,0.000910600606,0.0002276618058,-0.21,0.0009704109141,0.0002467695722,-0.2099833828,6.495005444e-05
0.158,0.0009313477797,0.0002328494142,-0.21,0.0009915537308,0.0002520894206,-0.2099834806,6.532858037e-05
0.159,0.0009524117054,0.0002381162611,-0.21,0.001013010928,0.0002574874483,-0.2099835781,6.570530674e-05
0.16,0.0009737945196,0.0002434628832,-0.21,0.0010347846,0.000262964175,-0.2099836752,6.608017143e-05
0.161,0.0009954983418,0.0002488898133,-0.21,0.001056876825,0.0002685201161,-0.209983772,6.645311348e-05
0.162,0.001017525274,0.0002543975799,-0.21,0.001079289662,0.0002741557839,-0.2099838683,6.682407328e-05
0.163,0.001039877401,0.0002599867072,-0.21,0.001102025158,0.0002798716868,-0.2099839643,6.71929925e-05
0.164,0.00106255679,0.0002656577152,-0.21,0.001125085338,0.0002856683298,-0.20998406,6.755981378e-05
0.165,0.001085565489,0.0002714111194,-0.21,0.001148472213,0.0002915462136,-0.2099841552,6.792448035e-05
0.166,0.001108905529,0.000277247431,-0.21,0.001172187773,0.0002975058348,-0.2099842501,6.828693578e-05
0.167,0.001132578923,0.0002831671566,-0.21,0.001196233991,0.0003035476851,-0.2099843445,6.864712382e-05
0.168,0.001156587662,0.0002891707985,-0.21,0.00122061282,0.0003096722516,-0.2099844386,6.90049885e-05
0.169,0.001180933723,0.000295258854,-0.21,0.001245326195,0.0003158800166,-0.2099845322,6.936047431e-05
0.17,0.001205619059,0.0003014318162,-0.21,0.001270376032,0.0003221714576,-0.2099846254,6.971352641e-05
0.171,0.001230645606,0.0003076901732,-0.21,0.001295764227,0.000328547048,-0.2099847182,7.006409076e-05
0.172,0.00125601528,0.0003140344084,-0.21,0.001321492658,0.0003350072564,-0.2099848106,7.041211422e-05
0.173,0.001281729976,0.0003204650003,-0.21,0.001347563183,0.0003415525473,-0.2099849025,7.075754443e-05
0.174,0.00130779157,0.0003269824228,-0.21,0.00137397764,0.0003481833808,-0.209984994,7.110032966e-05
0.175,0.001334201917,0.0003335871447,-0.21,0.001400737847,0.0003549002121,-0.209985085,7.144041871e-05
0.176,0.001360962852,0.0003402796298,-0.21,0.001427845601,0.0003617034916,-0.2099851756,7.177776075e-05
0.177,0.001388076187,0.0003470603369,-0.21,0.001455302678,0.0003685936648,-0.2099852657,7.211230536e-05
0.178,0.001415543716,0.0003539297198,-0.21,0.001483110833,0.000375571172,-0.2099853554,7.244400249e-05
0.179,0.001443367209,0.0003608882271,-0.21,0.001511271801,0.0003826364482,-0.2099854445,7.277280261e-05
0.18,0.001471548415,0.0003679363023,-0.21,0.001539787295,0.0003897899235,-0.2099855332,7.309865673e-05
0.181,0.001500089062,0.0003750743836,-0.21,0.001568659006,0.0003970320229,-0.2099856214,7.342151648e-05
0.182,0.001528990856,0.0003823029039,-0.21,0.001597888604,0.0004043631666,-0.2099857091,7.374133414e-05
0.183,0.00155825548,0.000389622291,-0.21,0.001627477737,0.0004117837695,-0.2099857963,7.405806251e-05
0.184,0.001587884594,0.000397032967,-0.21,0.00165742803,0.0004192942417,-0.209985883,7.437165495e-05
0.185,0.001617879837,0.0004045353489,-0.21,0.001687741086,0.000426894988,-0.2099859692,7.468206527e-05
0.186,0.001648242824,0.0004121298481,-0.21,0.001718418486,0.0004345864077,-0.2099860549,7.498924765e-05
0.187,0.001678975146,0.0004198168706,-0.21,0.001749461787,0.000442368895,-0.20998614,7.529315674e-05
0.188,0.001710078373,0.0004275968165,-0.21,0.001780872523,0.0004502428383,-0.2099862246,7.559374756e-05
0.189,0.001741554051,0.0004354700809,-0.21,0.001812652205,0.0004582086206,-0.2099863087,7.589097559e-05
0.19,0.0017734037,0.0004434370527,-0.21,0.00184480232,0.0004662666194,-0.2099863922,7.618479681e-05
0.191,0.001805628818,0.0004514981155,-0.21,0.001877324334,0.0004744172068,-0.2099864752,7.647516767e-05
0.192,0.001838230879,0.0004596536471,-0.21,0.001910219684,0.0004826607492,-0.2099865577,7.676204512e-05
0.193,0.001871211332,0.0004679040194,-0.21,0.001943489788,0.0004909976078,-0.2099866395,7.704538659e-05
0.194,0.001904571601,0.0004762495985,-0.21,0.001977136037,0.0004994281378,-0.2099867208,7.732514993e-05
0.195,0.001938313087,0.000484690745,-0.21,0.002011159798,0.0005079526891,-0.2099868015,7.760129344e-05
0.196,0.001972437164,0.0004932278132,-0.21,0.002045562413,0.0005165716059,-0.2099868817,7.787377578e-05
0.197,0.002006945183,0.0005018611517,-0.21,0.0020803452,0.0005252852263,-0.2099869612,7.814255604e-05
0.198,0.002041838467,0.0005105911031,-0.21,0.00211550945,0.0005340938827,-0.2099870402,7.84075937e-05
0.199,0.002077118317,0.000519418004,-0.21,0.002151056432,0.0005429979017,-0.2099871186,7.866884863e-05
0.2,0.002112786006,0.000528342185,-0.21,0.002186987387,0.000551997604,-0.2099871963,7.892628116e-05
0.201,0.002148842781,0.0005373639706,-0.21,0.00222330353,0.0005610933041,-0.2099872735,7.917985202e-05
0.202,0.002185289864,0.0005464836791,-0.21,0.002260006053,0.0005702853111,-0.20998735,7.942952237e-05
0.203,0.00222212845,0.0005557016229,-0.21,0.002297096119,0.0005795739279,-0.2099874259,7.967525379e-05
0.204,0.002259359709,0.0005650181079,-0.21,0.002334574866,0.0005889594513,-0.2099875012,7.991700825e-05
0.205,0.002296984783,0.0005744334341,-0.21,0.002372443407,0.0005984421724,-0.2099875758,8.015474814e-05
0.206,0.002335004788,0.0005839478951,-0.21,0.002410702826,0.0006080223761,-0.2099876498,8.038843622e-05
0.207,0.002373420812,0.0005935617783,-0.21,0.002449354182,0.0006177003413,-0.2099877232,8.061803562e-05
0.208,0.002412233918,0.0006032753647,-0.21,0.002488398507,0.0006274763421,-0.2099877959,8.08435099e-05
0.209,0.00245144514,0.0006130889289,-0.21,0.002527836804,0.0006373506473,-0.2099878679,8.10648231e-05
0.21,0.002491055485,0.0006230027394,-0.21,0.00256767005,0.0006473235198,-0.2099879392,8.128193966e-05
0.211,0.002531065933,0.000633017058,-0.21,0.002607899196,0.000657395216,-0.2099880099,8.149482445e-05
0.212,0.002571477436,0.0006431321404,-0.21,0.002648525163,0.000667565985,-0.2099880799,8.170344261e-05
0.213,0.002612290918,0.0006533482354,-0.21,0.002689548846,0.0006778360685,-0.2099881493,8.190775958e-05
0.214,0.002653507275,0.0006636655856,-0.21,0.002730971113,0.0006882057005,-0.2099882179,8.210774104e-05
0.215,0.002695127374,0.0006740844272,-0.21,0.002772792804,0.0006986751083,-0.2099882858,8.230335303e-05
0.216,0.002737152056,0.0006846049895,-0.21,0.002815014729,0.0007092445127,-0.2099883531,8.249456197e-05
0.217,0.002779582131,0.0006952274955,-0.21,0.002857637672,0.0007199141286,-0.2099884196,8.268133477e-05
0.218,0.002822418381,0.0007059521616,-0.21,0.002900662387,0.0007306841652,-0.2099884854,8.286363887e-05
0.219,0.00286566156,0.0007167791973,-0.21,0.002944089601,0.0007415548261,-0.2099885505,8.304144219e-05
0.22,0.002909312393,0.0007277088059,-0.21,0.002987920011,0.0007525263085,-0.2099886148,8.321471311e-05
0.221,0.002953371576,0.0007387411836,-0.21,0.003032154285,0.0007635988034,-0.2099886784,8.338342038e-05
0.222,0.002997839774,0.0007498765201,-0.21,0.003076793063,0.0007747724947,-0.2099887413,8.354753306e-05
0.223,0.003042717625,0.0007611149985,-0.21,0.003121836956,0.000786047559,-0.2099888034,8.370702047e-05
0.224,0.003088005737,0.0007724567949,-0.21,0.003167286544,0.000797424166,-0.2099888647,8.386185222e-05
0.225,0.003133704686,0.0007839020788,-0.21,0.00321314238,0.0008089024784,-0.2099889253,8.401199822e-05
0.226,0.003179815023,0.0007954510129,-0.21,0.003259404986,0.0008204826523,-0.2099889851,8.415742881e-05
0.227,0.003226337264,0.0008071037531,-0.21,0.003306074856,0.0008321648377,-0.2099890442,8.429811475e-05
0.228,0.0032732719,0.0008188604484,-0.21,0.003353152453,0.000843949178,-0.2099891024,8.443402734e-05
0.229,0.003320619386,0.0008307212411,-0.21,0.003400638209,0.0008558358108,-0.2099891598,8.456513835e-05
0.23,0.003368380153,0.0008426862665,-0.21,0.003448532528,0.000867824867,-0.2099892165,8.469142003e-05
0.231,0.003416554598,0.000854755653,-0.21,0.003496835784,0.0008799164706,-0.2099892723,8.481284498e-05
0.232,0.003465143087,0.0008669295224,-0.21,0.00354554832,0.000892110739,-0.2099893273,8.492938619e-05
0.233,0.003514145959,0.0008792079892,-0.21,0.003594670449,0.0009044077825,-0.2099893815,8.504101695e-05
0.234,0.003563563518,0.0008915911612,-0.21,0.003644202452,0.0009168077042,-0.2099894349,8.514771091e-05
0.235,0.00361339604,0.0009040791391,-0.21,0.003694144583,0.0009293106003,-0.2099894875,8.524944206e-05
0.236,0.003663643769,0.0009166720169,-0.21,0.003744497062,0.0009419165604,-0.2099895392,8.534618484e-05
0.237,0.00371430692,0.0009293698814,-0.21,0.003795260081,0.0009546256673,-0.20998959,8.543791415e-05
0.238,0.003765385674,0.0009421728125,-0.21,0.003846433799,0.0009674379975,-0.20998964,8.552460539e-05
0.239,0.003816880182,0.000955080883,-0.21,0.003898018345,0.0009803536207,-0.2099896891,8.560623443e-05
0.24,0.003868790565,0.0009680941589,-0.21,0.003950013818,0.0009933726,-0.2099897374,8.568277764e-05
0.241,0.00392111691,0.000981212699,-0.21,0.004002420284,0.001006494992,-0.2099897847,8.575421179e-05
0.242,0.003973859275,0.0009944365552,-0.21,0.00405523778,0.001019720845,-0.2099898312,8.582051409e-05
0.243,0.004027017686,0.001007765772,-0.21,0.004108466309,0.001033050202,-0.2099898768,8.588166211e-05
0.244,0.004080592136,0.001021200388,-0.21,0.004162105847,0.001046483098,-0.2099899215,8.593763386e-05
0.245,0.004134582587,0.001034740432,-0.21,0.004216156334,0.001060019561,-0.2099899653,8.598840777e-05
0.246,0.00418898897,0.00104838593,-0.21,0.004270617681,0.001073659614,-0.2099900081,8.603396271e-05
0.247,0.004243811184,0.001062136897,-0.21,0.004325489768,0.001087403269,-0.2099900501,8.607427808e-05
0.248,0.004299049095,0.001075993342,-0.21,0.004380772441,0.001101250536,-0.2099900911,8.610933379e-05
0.249,0.004354702538,0.001089955269,-0.21,0.004436465518,0.001115201416,-0.2099901312,8.613911026e-05
0.25,0.004410771315,0.001104022672,-0.21,0.004492568782,0.001129255902,-0.2099901703,8.616358841e-05
0.251,0.004467255197,0.00111819554,-0.21,0.004549081985,0.001143413983,-0.2099902085,8.618274965e-05
0.252,0.004524153922,0.001132473854,-0.21,0.004606004849,0.001157675638,-0.2099902457,8.619657586e-05
0.253,0.004581467196,0.001146857587,-0.21,0.004663337062,0.001172040842,-0.209990282,8.62050494e-05
0.254,0.004639194694,0.001161346706,-0.21,0.004721078281,0.00118650956,-0.2099903173,8.62081531e-05
0.255,0.004697336056,0.001175941172,-0.21,0.004779228131,0.001201081752,-0.2099903516,8.620587031e-05
0.256,0.004755890892,0.001190640937,-0.21,0.004837786206,0.001215757371,-0.2099903849,8.619818488e-05
0.257,0.004814858778,0.001205445946,-0.21,0.004896752066,0.001230536363,-0.2099904173,8.618508123e-05
0.258,0.004874239258,0.001220356138,-0.21,0.00495612524,0.001245418665,-0.2099904486,8.616654432e-05
0.259,0.004934031845,0.001235371444,-0.21,0.005015905226,0.001260404212,-0.2099904789,8.614255968e-05
0.26,0.004994236017,0.001250491788,-0.21,0.005076091487,0.001275492927,-0.2099905082,8.61131134e-05
0.261,0.005054851221,0.001265717088,-0.21,0.005136683457,0.001290684729,-0.2099905365,8.607819213e-05
0.262,0.005115876871,0.001281047252,-0.21,0.005197680537,0.001305979529,-0.2099905638,8.603778307e-05
0.263,0.005177312348,0.001296482186,-0.21,0.005259082094,0.001321377232,-0.20999059,8.599187395e-05
0.264,0.005239157002,0.001312021783,-0.21,0.005320887466,0.001336877736,-0.2099906152,8.59404531e-05
0.265,0.005301410147,0.001327665933,-0.21,0.005383095955,0.001352480931,-0.2099906393,8.58835094e-05
0.266,0.005364071069,0.001343414517,-0.21,0.005445706834,0.0013681867,-0.2099906624,8.582103234e-05
0.267,0.005427139017,0.00135926741,-0.21,0.005508719342,0.001383994921,-0.2099906844,8.575301201e-05
0.268,0.00549061321,0.001375224479,-0.21,0.005572132687,0.001399905464,-0.2099907054,8.567943915e-05
0.269,0.005554492833,0.001391285585,-0.21,0.005635946045,0.001415918191,-0.2099907252,8.56003051e-05
0.27,0.005618777038,0.001407450581,-0.21,0.005700158558,0.001432032961,-0.209990744,8.551560185e-05
0.271,0.005683464947,0.001423719314,-0.21,0.005764769337,0.001448249621,-0.2099907617,8.542532202e-05
0.272,0.005748555646,0.001440091622,-0.21,0.005829777461,0.001464568015,-0.2099907783,8.532945886e-05
0.273,0.005814048191,0.001456567337,-0.21,0.005895181977,0.001480987978,-0.2099907938,8.522800626e-05
0.274,0.005879941603,0.001473146286,-0.21,0.0059609819,0.00149750934,-0.2099908082,8.512095876e-05
0.275,0.005946234872,0.001489828286,-0.21,0.006027176211,0.001514131924,-0.2099908214,8.50083116e-05
0.276,0.006012926955,0.001506613149,-0.21,0.006093763862,0.001530855544,-0.2099908336,8.489006064e-05
0.277,0.006080016776,0.001523500678,-0.21,0.006160743771,0.001547680009,-0.2099908446,8.476620249e-05
0.278,0.006147503228,0.001540490672,-0.21,0.006228114825,0.001564605122,-0.2099908545,8.463673443e-05
0.279,0.006215385169,0.001557582919,-0.21,0.006295875877,0.001581630677,-0.2099908632,8.450165445e-05
0.28,0.006283661427,0.001574777205,-0.21,0.006364025752,0.001598756464,-0.2099908708,8.436096127e-05
0.281,0.006352330797,0.001592073305,-0.21,0.006432563239,0.001615982264,-0.2099908772,8.421465433e-05
0.282,0.00642139204,0.001609470988,-0.21,0.006501487099,0.001633307852,-0.2099908825,8.40627338e-05
0.283,0.006490843886,0.001626970018,-0.21,0.006570796057,0.001650732997,-0.2099908866,8.39052006e-05
0.284,0.006560685033,0.001644570151,-0.21,0.006640488812,0.001668257461,-0.2099908895,8.374205636e-05
0.285,0.006630914148,0.001662271136,-0.21,0.006710564025,0.001685880999,-0.2099908913,8.357330351e-05
0.286,0.006701529862,0.001680072714,-0.21,0.006781020332,0.00170360336,-0.2099908919,8.339894522e-05
0.287,0.006772530777,0.001697974621,-0.21,0.006851856332,0.001721424286,-0.2099908913,8.321898548e-05
0.288,0.006843915463,0.001715976586,-0.21,0.006923070595,0.001739343512,-0.2099908894,8.303342905e-05
0.289,0.006915682458,0.001734078331,-0.21,0.006994661662,0.001757360767,-0.2099908864,8.284228149e-05
0.29,0.006987830266,0.00175227957,-0.21,0.007066628038,0.001775475773,-0.2099908822,8.264554919e-05
0.291,0.007060357362,0.001770580013,-0.21,0.007138968202,0.001793688247,-0.2099908768,8.244323934e-05
0.292,0.007133262188,0.001788979361,-0.21,0.007211680598,0.001811997899,-0.2099908701,8.223536e-05
0.293,0.007206543155,0.001807477309,-0.21,0.007284763641,0.00183040443,-0.2099908623,8.202192004e-05
0.294,0.007280198643,0.001826073546,-0.21,0.007358215715,0.001848907538,-0.2099908532,8.180292919e-05
0.295,0.007354226998,0.001844767753,-0.21,0.007432035173,0.001867506913,-0.2099908428,8.157839804e-05
0.296,0.007428626538,0.001863559606,-0.21,0.007506220339,0.001886202238,-0.2099908313,8.134833807e-05
0.297,0.007503395549,0.001882448774,-0.21,0.007580769504,0.001904993192,-0.2099908185,8.11127616e-05
0.298,0.007578532285,0.001901434918,-0.21,0.007655680932,0.001923879444,-0.2099908044,8.08716819e-05
0.299,0.007654034971,0.001920517695,-0.21,0.007730952853,0.001942860661,-0.2099907891,8.06251131e-05
0.3,0.007729901798,0.001939696754,-0.21,0.007806583469,0.001961936501,-0.2099907726,8.03730703e-05
0.301,0.00780613093,0.001958971738,-0.21,0.007882570954,0.001981106615,-0.2099907548,8.011556953e-05
0.302,0.007882720498,0.001978342282,-0.21,0.007958913448,0.002000370651,-0.2099907357,7.985262771e-05
0.303,0.007959668604,0.001997808018,-0.21,0.008035609065,0.002019728249,-0.2099907153,7.958426278e-05
0.304,0.00803697332,0.00201736857,-0.21,0.008112655888,0.002039179042,-0.2099906937,7.931049357e-05
0.305,0.008114632686,0.002037023554,-0.21,0.008190051972,0.002058722658,-0.2099906709,7.903133993e-05
0.306,0.008192644715,0.002056772582,-0.21,0.00826779534,0.002078358719,-0.2099906467,7.874682269e-05
0.307,0.008271007388,0.002076615259,-0.21,0.00834588399,0.00209808684,-0.2099906213,7.845696368e-05
0.308,0.008349718658,0.002096551183,-0.21,0.008424315887,0.002117906632,-0.2099905945,7.816178574e-05
0.309,0.008428776447,0.002116579948,-0.21,0.008503088971,0.002137817699,-0.2099905665,7.786131273e-05
0.31,0.008508178649,0.002136701141,-0.21,0.008582201152,0.002157819637,-0.2099905372,7.755556956e-05
0.311,0.008587923128,0.002156914341,-0.21,0.008661650312,0.00217791204,-0.2099905066,7.72445822e-05
0.312,0.00866800772,0.002177219123,-0.21,0.008741434304,0.002198094493,-0.2099904747,7.692837768e-05
0.313,0.008748430232,0.002197615056,-0.21,0.008821550955,0.002218366578,-0.2099904415,7.660698408e-05
0.314,0.008829188444,0.002218101703,-0.21,0.008901998062,0.002238727867,-0.209990407,7.628043059e-05
0.315,0.008910280104,0.002238678619,-0.21,0.008982773398,0.002259177931,-0.2099903712,7.594874748e-05
0.316,0.008991702936,0.002259345357,-0.21,0.009063874704,0.002279716333,-0.2099903342,7.561196617e-05
0.317,0.009073454634,0.002280101461,-0.21,0.009145299699,0.00230034263,-0.2099902957,7.527011918e-05
0.318,0.009155532864,0.00230094647,-0.21,0.009227046072,0.002321056373,-0.209990256,7.492324019e-05
0.319,0.009237935266,0.002321879917,-0.21,0.009309111487,0.002341857104,-0.209990215,7.457136402e-05
0.32,0.009320659452,0.002342901332,-0.21,0.009391493581,0.002362744361,-0.2099901727,7.421452665e-05
0.321,0.009403703008,0.002364010235,-0.21,0.009474189967,0.002383717675,-0.209990129,7.385276524e-05
0.322,0.00948706349,0.002385206144,-0.21,0.009557198231,0.002404776572,-0.209990084,7.348611818e-05
0.323,0.009570738432,0.00240648857,-0.21,0.009640515931,0.002425920575,-0.2099900378,7.311462517e-05
0.324,0.00965472534,0.002427857019,-0.21,0.009724140602,0.002447149204,-0.2099899901,7.273832724e-05
0.325,0.009739021691,0.00244931099,-0.21,0.009808069753,0.002468461973,-0.2099899412,7.235726679e-05
0.326,0.009823624942,0.002470849979,-0.21,0.009892300867,0.002489858392,-0.209989891,7.197148752e-05
0.327,0.009908532518,0.002492473475,-0.21,0.009976831402,0.002511337966,-0.2099898394,7.15810344e-05
0.328,0.009993741825,0.002514180962,-0.21,0.0100616588,0.002532900192,-0.2099897865,7.118595357e-05
0.329,0.01007925024,0.002535971921,-0.21,0.01014678046,0.002554544565,-0.2099897323,7.078629239e-05
0.33,0.01016505512,0.002557845823,-0.21,0.01023219377,0.00257627057,-0.2099896767,7.03820994e-05
0.331,0.01025115378,0.002579802139,-0.21,0.01031789611,0.002598077688,-0.2099896199,6.997342445e-05
0.332,0.01033754354,0.002601840332,-0.21,0.0104038848,0.002619965398,-0.2099895617,6.956031881e-05
0.333,0.01042422168,0.00262395986,-0.21,0.01049015717,0.002641933171,-0.2099895022,6.914283527e-05
0.334,0.01051118545,0.002646160179,-0.21,0.01057671051,0.002663980476,-0.2099894414,6.87210282e-05
0.335,0.01059843209,0.002668440735,-0.21,0.01066354209,0.002686106778,-0.2099893793,6.829495357e-05
0.336,0.0106859588,0.002690800975,-0.21,0.01075064916,0.002708311538,-0.2099893158,6.786466888e-05
0.337,0.01077376279,0.002713240336,-0.21,0.01083802895,0.002730594212,-0.2099892511,6.743023313e-05
0.338,0.0108618412,0.002735758254,-0.21,0.01092567867,0.002752954249,-0.209989185,6.69917067e-05
0.339,0.0109501912,0.002758354158,-0.21,0.01101359551,0.002775391095,-0.2099891177,6.654915141e-05
0.34,0.01103880989,0.002781027475,-0.21,0.01110177662,0.002797904191,-0.209989049,6.610263052e-05
0.341,0.01112769438,0.002803777625,-0.21,0.01119021915,0.002820492973,-0.209988979,6.565220883e-05
0.342,0.01121684175,0.002826604024,-0.21,0.01127892023,0.002843156873,-0.2099889077,6.519795279e-05
0.343,0.01130624906,0.002849506085,-0.21,0.01136787696,0.002865895318,-0.2099888351,6.473993057e-05
0.344,0.01139591335,0.002872483215,-0.21,0.01145708642,0.002888707735,-0.2099887613,6.427821221e-05
0.345,0.01148583164,0.002895534819,-0.21,0.01154654569,0.002911593542,-0.2099886861,6.381286953e-05
0.346,0.01157600092,0.002918660294,-0.21,0.0116362518,0.002934552157,-0.2099886097,6.334397616e-05
0.347,0.01166641818,0.002941859038,-0.21,0.01172620179,0.002957582993,-0.2099885319,6.28716075e-05
0.348,0.01175708037,0.00296513044,-0.21,0.01181639266,0.002980685458,-0.2099884529,6.239584067e-05
0.349,0.01184798444,0.002988473888,-0.21,0.01190682141,0.003003858958,-0.2099883727,6.191675456e-05
0.35,0.01193912731,0.003011888766,-0.21,0.01199748501,0.003027102892,-0.2099882911,6.143442989e-05
0.351,0.01203050588,0.003035374452,-0.21,0.01208838043,0.003050416657,-0.2099882083,6.094894927e-05
0.352,0.01212211705,0.003058930323,-0.21,0.0121795046,0.003073799646,-0.2099881243,6.046039729e-05
0.353,0.01221395769,0.003082555751,-0.21,0.01227085444,0.00309725125,-0.209988039,5.996886062e-05
0.354,0.01230602465,0.003106250104,-0.21,0.01236242688,0.003120770854,-0.2099879524,5.94744281e-05
0.355,0.01239831476,0.003130012746,-0.21,0.01245421879,0.003144357843,-0.2099878646,5.897719071e-05
0.356,0.01249082486,0.00315384304,-0.21,0.01254622707,0.003168011596,-0.2099877756,5.847724164e-05
0.357,0.01258355174,0.003177740343,-0.21,0.01263844857,0.003191731491,-0.2099876854,5.797467627e-05
0.358,0.0126764922,0.00320170401,-0.21,0.01273088014,0.003215516902,-0.2099875939,5.746959222e-05
0.359,0.01276964302,0.003225733392,-0.21,0.01282351862,0.003239367198,-0.2099875013,5.696208936e-05
0.36,0.01286300095,0.003249827839,-0.21,0.01291636083,0.003263281748,-0.2099874074,5.645226989e-05
0.361,0.01295656274,0.003273986694,-0.21,0.01300940359,0.003287259915,-0.2099873123,5.594023833e-05
0.362,0.01305032514,0.0032982093,-0.21,0.01310264367,0.00331130106,-0.2099872161,5.542609745e-05
0.363,0.01314428485,0.003322494996,-0.21,0.01319607787,0.003335404537,-0.2099871186,5.490994498e-05
0.364,0.01323843859,0.003346843119,-0.21,0.01328970291,0.003359569699,-0.20998702,5.439187544e-05
0.365,0.01333278306,0.003371253003,-0.21,0.01338351556,0.003383795892,-0.2099869203,5.387198523e-05
0.366,0.01342731493,0.003395723978,-0.21,0.01347751254,0.003408082463,-0.2099868193,5.335037797e-05
0.367,0.01352203089,0.003420255372,-0.21,0.01357169059,0.003432428759,-0.2099867172,5.282716795e-05
0.368,0.01361692759,0.003444846513,-0.21,0.01366604643,0.003456834125,-0.2099866139,5.230248041e-05
0.369,0.01371200169,0.003469496722,-0.21,0.0137605768,0.003481297909,-0.2099865096,5.177644911e-05
0.37,0.01380724983,0.003494205321,-0.21,0.0138552784,0.003505819456,-0.2099864041,5.124921271e-05
0.371,0.01390266864,0.00351897163,-0.21,0.01395014796,0.003530398108,-0.2099862974,5.072091145e-05
0.372,0.01399825473,0.003543794964,-0.21,0.01404518216,0.003555033207,-0.2099861897,5.01916854e-05
0.373,0.01409400474,0.003568674638,-0.21,0.01414037769,0.003579724087,-0.2099860809,4.966167469e-05
0.374,0.01418991526,0.003593609965,-0.21,0.01423573123,0.003604470083,-0.209985971,4.913102124e-05
0.375,0.01428598288,0.003618600255,-0.21,0.01433123944,0.003629270525,-0.2099858601,4.859987092e-05
0.376,0.01438220421,0.003643644817,-0.21,0.01442689898,0.003654124742,-0.2099857481,4.806837544e-05
0.377,0.01447857582,0.003668742959,-0.21,0.01452270653,0.003679032062,-0.2099856351,4.753669304e-05
0.378,0.01457509429,0.003693893985,-0.21,0.01461865874,0.003703991816,-0.209985521,4.700498832e-05
0.379,0.01467175619,0.0037190972,-0.21,0.01471475225,0.003729003332,-0.2099854059,4.647343114e-05
0.38,0.01476855809,0.003744351907,-0.21,0.01481098373,0.003754065938,-0.2099852899,4.594219558e-05
0.381,0.01486549655,0.003769657405,-0.21,0.01490734981,0.003779178962,-0.2099851728,4.541145906e-05
0.382,0.01496256813,0.003795012995,-0.21,0.01500384713,0.003804341727,-0.2099850548,4.488140231e-05
0.383,0.01505976937,0.003820417976,-0.21,0.01510047233,0.003829553557,-0.2099849358,4.435220974e-05
0.384,0.01515709683,0.003845871645,-0.21,0.01519722203,0.003854813774,-0.2099848159,4.382407034e-05
0.385,0.01525454705,0.003871373299,-0.21,0.01529409287,0.003880121697,-0.2099846951,4.329717849e-05
0.386,0.01535211658,0.003896922234,-0.21,0.01539108148,0.003905476646,-0.2099845734,4.277173456e-05
0.387,0.01544980195,0.003922517743,-0.21,0.01548818448,0.003930877939,-0.2099844508,4.224794515e-05
0.388,0.01554759971,0.003948159122,-0.21,0.01558539849,0.003956324897,-0.2099843273,4.172602299e-05
0.389,0.01564550639,0.003973845664,-0.21,0.01568272016,0.003981816839,-0.209984203,4.120618667e-05
0.39,0.01574351854,0.003999576662,-0.21,0.01578014609,0.004007353086,-0.2099840778,4.068866043e-05
0.391,0.01584163269,0.004025351408,-0.21,0.01587767294,0.004032932957,-0.2099839518,4.017367402e-05
0.392,0.01593984537,0.004051169196,-0.21,0.01597529731,0.004058555772,-0.209983825,3.966146288e-05
0.393,0.01603815313,0.004077029317,-0.21,0.01607301584,0.004084220848,-0.2099836974,3.915226844e-05
0.394,0.01613655251,0.004102931062,-0.21,0.01617082516,0.004109927505,-0.2099835691,3.864633845e-05
0.395,0.01623504005,0.004128873725,-0.21,0.01626872191,0.00413567506,-0.20998344,3.814392734e-05
0.396,0.0163336123,0.004154856598,-0.21,0.01636670272,0.004161462832,-0.2099833102,3.764529642e-05
0.397,0.0164322658,0.004180878972,-0.21,0.01646476424,0.004187290139,-0.2099831796,3.7150714e-05
0.398,0.01653099711,0.00420694014,-0.21,0.0165629031,0.004213156301,-0.2099830484,3.666045534e-05
0.399,0.01662980278,0.004233039396,-0.21,0.01666111597,0.00423906064,-0.2099829165,3.617480261e-05
0.4,0.01672867937,0.004259176032,-0.21,0.0167593995,0.004265002476,-0.209982784,3.56940448e-05
0.401,0.01682762345,0.004285349343,-0.21,0.01685775035,0.004290981133,-0.2099826508,3.52184777e-05
0.402,0.01692663159,0.004311558624,-0.21,0.01695616518,0.004316995934,-0.209982517,3.474840377e-05
0.403,0.01702570036,0.004337803171,-0.21,0.01705464067,0.004343046204,-0.2099823827,3.428413227e-05
0.404,0.01712482635,0.00436408228,-0.21,0.01715317349,0.004369131265,-0.2099822477,3.382597908e-05
0.405,0.01722400614,0.004390395249,-0.21,0.01725176035,0.004395250445,-0.2099821122,3.337426667e-05
0.406,0.01732323634,0.004416741376,-0.21,0.01735039792,0.004421403071,-0.2099819762,3.292932385e-05
0.407,0.01742251356,0.004443119962,-0.21,0.01744908292,0.00444758847,-0.2099818397,3.249148553e-05
0.408,0.0175218344,0.004469530308,-0.21,0.01754781207,0.004473805973,-0.2099817027,3.206109234e-05
0.409,0.01762119549,0.004495971717,-0.21,0.01764658208,0.004500054913,-0.2099815652,3.163849012e-05
0.41,0.01772059346,0.004522443494,-0.21,0.01774538968,0.004526334623,-0.2099814273,3.12240294e-05
0.411,0.01782002497,0.004548944944,-0.21,0.01784423163,0.004552644438,-0.2099812889,3.081806472e-05
0.412,0.01791948666,0.004575475376,-0.21,0.01794310467,0.004578983698,-0.2099811502,3.042095393e-05
0.413,0.01801897519,0.004602034099,-0.21,0.01804200558,0.004605351741,-0.2099810111,3.003305739e-05
0.414,0.01811848725,0.004628620426,-0.21,0.01814093112,0.004631747909,-0.2099808716,2.9654737e-05
0.415,0.01821801953,0.00465523367,-0.21,0.0182398781,0.004658171546,-0.2099807318,2.928635516e-05
0.416,0.01831756873,0.004681873147,-0.21,0.01833884331,0.004684621997,-0.2099805917,2.892827361e-05
0.417,0.01841713156,0.004708538177,-0.21,0.01843782358,0.004711098612,-0.2099804514,2.858085213e-05
0.418,0.01851670476,0.004735228081,-0.21,0.01853681573,0.00473760074,-0.2099803107,2.824444701e-05
0.419,0.01861628506,0.004761942181,-0.21,0.01863581661,0.004764127737,-0.2099801698,2.791940952e-05
0.42,0.01871586923,0.004788679805,-0.21,0.01873482308,0.00479067896,-0.2099800287,2.760608425e-05
0.421,0.01881545405,0.004815440281,-0.21,0.01883383202,0.004817253767,-0.2099798875,2.730480715e-05
0.422,0.0189150363,0.004842222943,-0.21,0.01893284032,0.004843851523,-0.209979746,2.701590372e-05
0.423,0.01901461278,0.004869027124,-0.21,0.01903184489,0.004870471593,-0.2099796044,2.673968693e-05
0.424,0.01911418033,0.004895852163,-0.21,0.01913084266,0.004897113346,-0.2099794627,2.647645511e-05
0.425,0.01921373578,0.004922697403,-0.21,0.01922983056,0.004923776155,-0.2099793209,2.622648982e-05
0.426,0.01931327599,0.004949562187,-0.21,0.01932880556,0.004950459395,-0.2099791791,2.599005367e-05
0.427,0.01941279785,0.004976445864,-0.21,0.01942776463,0.004977162446,-0.2099790372,2.576738811e-05
0.428,0.01951229824,0.005003347788,-0.21,0.01952670479,0.005003884691,-0.2099788952,2.555871126e-05
0.429,0.01961177408,0.005030267312,-0.21,0.01962562304,0.005030625517,-0.2099787533,2.536421583e-05
0.43,0.0197112223,0.005057203797,-0.21,0.01972451641,0.005057384315,-0.2099786114,2.518406702e-05
0.431,0.01981063987,0.005084156608,-0.21,0.01982338198,0.00508416048,-0.2099784696,2.501840075e-05
0.432,0.01991002376,0.00511112511,-0.21,0.01992221682,0.005110953411,-0.2099783278,2.486732183e-05
0.433,0.02000937097,0.005138108678,-0.21,0.02002101802,0.005137762512,-0.2099781862,2.473090249e-05
0.434,0.02010867851,0.005165106686,-0.21,0.02011978271,0.005164587191,-0.2099780446,2.460918115e-05
0.435,0.02020794343,0.005192118516,-0.21,0.02021850803,0.00519142686,-0.2099779032,2.450216129e-05
0.436,0.0203071628,0.005219143553,-0.21,0.02031719115,0.005218280935,-0.209977762,2.440981087e-05
0.437,0.02040633371,0.005246181188,-0.21,0.02041582925,0.005245148839,-0.209977621,2.43320618e-05
0.438,0.02050545326,0.005273230814,-0.21,0.02051441956,0.005272029997,-0.2099774803,2.426880996e-05
0.439,0.0206045186,0.005300291833,-0.21,0.0206129593,0.005298923842,-0.2099773397,2.421991529e-05
0.44,0.02070352688,0.005327363648,-0.21,0.02071144574,0.00532582981,-0.2099771995,2.418520254e-05
0.441,0.02080247529,0.00535444567,-0.21,0.02080987616,0.005352747342,-0.2099770596,2.416446198e-05
0.442,0.02090136105,0.005381537315,-0.21,0.02090824788,0.005379675886,-0.2099769199,2.415745069e-05
0.443,0.0210001814,0.005408638002,-0.21,0.02100655823,0.005406614894,-0.2099767807,2.416389399e-05
0.444,0.02109893359,0.005435747159,-0.21,0.02110480457,0.005433563825,-0.2099766418,2.418348717e-05
0.445,0.02119761492,0.005462864218,-0.21,0.0212029843,0.005460522141,-0.2099765033,2.421589749e-05
0.446,0.02129622272,0.005489988616,-0.21,0.02130109484,0.005487489314,-0.2099763653,2.426076624e-05
0.447,0.02139475433,0.005517119796,-0.21,0.02139913362,0.005514464817,-0.2099762277,2.431771106e-05
0.448,0.02149320712,0.00554425721,-0.21,0.02149709811,0.005541448133,-0.2099760905,2.438632836e-05
0.449,0.02159157851,0.005571400312,-0.21,0.02159498583,0.005568438748,-0.2099759539,2.446619571e-05
0.45,0.02168986593,0.005598548565,-0.21,0.0216927943,0.005595436158,-0.2099758178,2.455687435e-05
0.451,0.02178806683,0.005625701438,-0.21,0.02179052108,0.005622439862,-0.2099756823,2.465791177e-05
0.452,0.02188617873,0.005652858405,-0.21,0.02188816375,0.005649449367,-0.2099755473,2.476884406e-05
0.453,0.02198419913,0.005680018949,-0.21,0.02198571994,0.005676464187,-0.209975413,2.488919836e-05
0.454,0.02208212561,0.005707182558,-0.21,0.0220831873,0.005703483842,-0.2099752792,2.501849512e-05
0.455,0.02217995574,0.005734348727,-0.21,0.0221805635,0.00573050786,-0.2099751461,2.515625033e-05
0.456,0.02227768715,0.00576151696,-0.21,0.02227784625,0.005757535773,-0.2099750137,2.530197765e-05
0.457,0.02237531749,0.005788686766,-0.21,0.02237503331,0.005784567124,-0.209974882,2.545519016e-05
0.458,0.02247284444,0.005815857661,-0.21,0.02247212243,0.00581160146,-0.209974751,2.561540227e-05
0.459,0.02257026573,0.005843029171,-0.21,0.02256911144,0.005838638339,-0.2099746207,2.578213125e-05
0.46,0.0226675791,0.005870200827,-0.21,0.02266599816,0.005865677323,-0.2099744913,2.595489879e-05
0.461,0.02276478233,0.005897372169,-0.21,0.02276278048,0.005892717983,-0.2099743626,2.61332322e-05
0.462,0.02286187326,0.005924542744,-0.21,0.02285945629,0.005919759898,-0.2099742347,2.631666561e-05
0.463,0.02295884973,0.005951712108,-0.21,0.02295602354,0.005946802654,-0.2099741077,2.6504741e-05
0.464,0.02305570964,0.005978879824,-0.21,0.0230524802,0.005973845847,-0.2099739815,2.669700897e-05
0.465,0.0231524509,0.006006045464,-0.21,0.02314882429,0.00600088908,-0.2099738563,2.689302961e-05
0.466,0.02324907148,0.006033208607,-0.21,0.02324505384,0.006027931962,-0.2099737319,2.709237299e-05
0.467,0.02334556938,0.006060368841,-0.21,0.02334116694,0.006054974114,-0.2099736085,2.729461968e-05
0.468,0.02344194263,0.006087525764,-0.21,0.02343716169,0.006082015163,-0.209973486,2.749936116e-05
0.469,0.02353818929,0.006114678981,-0.21,0.02353303626,0.006109054746,-0.2099733645,2.770620011e-05
0.47,0.02363430749,0.006141828107,-0.21,0.02362878882,0.006136092508,-0.2099732441,2.791475064e-05
0.471,0.02373029536,0.006168972764,-0.21,0.0237244176,0.006163128103,-0.2099731246,2.812463835e-05
0.472,0.02382615108,0.006196112585,-0.21,0.02381992086,0.006190161195,-0.2099730062,2.833550048e-05
0.473,0.02392187288,0.006223247211,-0.21,0.0239152969,0.006217191455,-0.2099728888,2.854698583e-05
0.474,0.02401745901,0.006250376294,-0.21,0.02401054406,0.006244218566,-0.2099727726,2.875875482e-05
0.475,0.02411290778,0.006277499493,-0.21,0.0241056607,0.006271242218,-0.2099726574,2.89704793e-05
0.476,0.02420821752,0.006304616478,-0.21,0.02420064524,0.006298262111,-0.2099725434,2.918184253e-05
0.477,0.02430338661,0.00633172693,-0.21,0.02429549613,0.006325277956,-0.2099724306,2.939253897e-05
0.478,0.02439841347,0.006358830536,-0.21,0.02439021186,0.006352289472,-0.2099723189,2.960227409e-05
0.479,0.02449329655,0.006385926998,-0.21,0.02448479095,0.006379296389,-0.2099722084,2.98107642e-05
0.48,0.02458803436,0.006413016023,-0.21,0.02457923196,0.006406298448,-0.2099720992,3.001773629e-05
0.481,0.02468262542,0.006440097333,-0.21,0.02467353352,0.006433295397,-0.2099719911,3.022292769e-05
0.482,0.02477706832,0.006467170656,-0.21,0.02476769426,0.006460286996,-0.2099718844,3.042608593e-05
0.483,0.02487136168,0.006494235733,-0.21,0.02486171286,0.006487273018,-0.2099717789,3.062696842e-05
0.484,0.02496550416,0.006521292316,-0.21,0.02495558806,0.006514253241,-0.2099716747,3.082534229e-05
0.485,0.02505949446,0.006548340166,-0.21,0.02504931863,0.00654122746,-0.2099715718,3.102098418e-05
0.486,0.02515333134,0.006575379056,-0.21,0.02514290336,0.006568195475,-0.2099714702,3.12136799e-05
0.487,0.02524701356,0.00660240877,-0.21,0.0252363411,0.0065951571,-0.20997137,3.140322425e-05
0.488,0.02534053998,0.006629429102,-0.21,0.02532963076,0.006622112161,-0.2099712712,3.15894208e-05
0.489,0.02543390945,0.006656439858,-0.21,0.02542277125,0.006649060492,-0.2099711738,3.177208166e-05
0.49,0.02552712089,0.006683440856,-0.21,0.02551576156,0.00667600194,-0.2099710778,3.195102726e-05
0.491,0.02562017327,0.006710431926,-0.21,0.02560860069,0.006702936365,-0.2099709832,3.212608611e-05
0.492,0.02571306558,0.006737412906,-0.21,0.02570128771,0.006729863635,-0.20997089,3.22970947e-05
0.493,0.02580579687,0.006764383651,-0.21,0.0257938217,0.006756783634,-0.2099707983,3.246389719e-05
0.494,0.02589836623,0.006791344023,-0.21,0.02588620182,0.006783696253,-0.2099707081,3.262634532e-05
0.495,0.02599077279,0.0068182939,-0.21,0.02597842725,0.006810601399,-0.2099706193,3.278429819e-05
0.496,0.02608301573,0.006845233169,-0.21,0.02607049721,0.00683749899,-0.2099705321,3.293762212e-05
0.497,0.02617509427,0.006872161731,-0.21,0.02616241098,0.006864388954,-0.2099704464,3.30861905e-05
0.498,0.02626700767,0.006899079501,-0.21,0.02625416786,0.006891271235,-0.2099703623,3.322988366e-05
0.499,0.02635875525,0.006925986402,-0.21,0.02634576721,0.006918145786,-0.2099702797,3.336858871e-05
0.5,0.02645033635,0.006952882373,-0.21,0.02643720844,0.006945012574,-0.2099701986,3.350219948e-05
0.501,0.02654175039,0.006979767366,-0.21,0.02652849097,0.006971871581,-0.2099701192,3.363061549e-05
0.502,0.02663299677,0.007006641337,-0.21,0.02661961417,0.006998722756,-0.2099700413,3.375383366e-05
0.503,0.02672407492,0.007033504243,-0.21,0.02671057671,0.007025565842,-0.2099699647,3.387235643e-05
0.504,0.02681498427,0.007060356042,-0.21,0.02680137642,0.007052400271,-0.2099698891,3.398725781e-05
0.505,0.02690572424,0.007087196692,-0.21,0.02689201063,0.007079225221,-0.209969814,3.409988837e-05
0.506,0.02699629426,0.007114026151,-0.21,0.02698247676,0.007106039785,-0.2099697391,3.421148085e-05
0.507,0.02708669375,0.007140844375,-0.21,0.02707277282,0.007132843176,-0.2099696644,3.432286196e-05
0.508,0.02717692215,0.007167651323,-0.21,0.02716289763,0.007159634903,-0.2099695899,3.443436033e-05
0.509,0.02726697889,0.007194446952,-0.21,0.0272528507,0.007186414842,-0.2099695156,3.45458975e-05
0.51,0.0273568634,0.007221231221,-0.21,0.02734263194,0.007213183195,-0.2099694416,3.465718618e-05
0.511,0.0274465751,0.007248004086,-0.21,0.02743224127,0.007239940343,-0.2099693679,3.476794239e-05
0.512,0.02753611344,0.007274765505,-0.21,0.02752167835,0.007266686659,-0.2099692943,3.487803581e-05
0.513,0.02762547784,0.007301515437,-0.21,0.02761094249,0.007293422345,-0.2099692209,3.498754097e-05
0.514,0.02771466774,0.007328253838,-0.21,0.02770003273,0.007320147343,-0.2099691475,3.50966946e-05
0.515,0.02780368259,0.007354980667,-0.21,0.02778894802,0.007346861349,-0.209969074,3.520579631e-05
0.516,0.02789252181,0.007381695882,-0.21,0.02787768742,0.007373563911,-0.2099690005,3.531510263e-05
0.517,0.02798118485,0.00740839944,-0.21,0.02796625018,0.007400254572,-0.209968927,3.542475548e-05
0.518,0.02806967114,0.007435091299,-0.21,0.0280546358,0.007426933009,-0.2099688536,3.553476407e-05
0.519,0.02815798013,0.007461771417,-0.21,0.02814284391,0.007453599111,-0.2099687802,3.564503584e-05
0.52,0.02824611126,0.007488439752,-0.21,0.0282308742,0.007480252982,-0.2099687069,3.575543441e-05
0.521,0.02833406397,0.007515096261,-0.21,0.02831872626,0.00750689487,-0.2099686336,3.586583835e-05
0.522,0.02842183771,0.007541740904,-0.21,0.02840639958,0.007533525057,-0.2099685604,3.597618004e-05
0.523,0.02850943192,0.007568373636,-0.21,0.02849389355,0.007560143739,-0.2099684871,3.608645644e-05
0.524,0.02859684604,0.007594994418,-0.21,0.02858120749,0.007586750959,-0.2099684139,3.619671522e-05
0.525,0.02868407954,0.007621603206,-0.21,0.02866834072,0.007613346586,-0.2099683406,3.630702702e-05
0.526,0.02877113185,0.007648199958,-0.21,0.02875529262,0.007639930361,-0.2099682673,3.641745699e-05
0.527,0.02885800243,0.007674784632,-0.21,0.02884206265,0.007666501984,-0.209968194,3.652804456e-05
0.528,0.02894469072,0.007701357188,-0.21,0.0289286503,0.007693061204,-0.2099681208,3.663879605e-05
0.529,0.02903119618,0.007727917581,-0.21,0.02901505511,0.007719607885,-0.2099680476,3.674968882e-05
0.53,0.02911751827,0.007754465771,-0.21,0.0291012766,0.007746142028,-0.2099679745,3.686068258e-05
0.531,0.02920365644,0.007781001716,-0.21,0.02918731427,0.007772663748,-0.2099679014,3.697173283e-05
0.532,0.02928961013,0.007807525374,-0.21,0.02927316758,0.007799173207,-0.2099678283,3.708280225e-05
0.533,0.02937537882,0.007834036702,-0.21,0.02935883597,0.007825670545,-0.2099677552,3.719386785e-05
0.534,0.02946096196,0.00786053566,-0.21,0.02944431885,0.00785215582,-0.2099676822,3.730492323e-05
0.535,0.02954635901,0.007887022204,-0.21,0.02952961567,0.007878628984,-0.2099676091,3.741597643e-05
0.536,0.02963156943,0.007913496294,-0.21,0.02961472588,0.00790508989,-0.2099675361,3.752704473e-05
0.537,0.02971659267,0.007939957888,-0.21,0.02969964895,0.007931538343,-0.2099674631,3.763814767e-05
0.538,0.02980142821,0.007966406943,-0.21,0.02978438436,0.00795797415,-0.2099673901,3.77493004e-05
0.539,0.02988607551,0.007992843418,-0.21,0.02986893159,0.007984397178,-0.2099673172,3.78605084e-05
0.54,0.02997053403,0.008019267271,-0.21,0.02995329014,0.008010807372,-0.2099672443,3.797176522e-05
0.541,0.03005480325,0.008045678461,-0.21,0.03003745948,0.008037204759,-0.2099671715,3.808305357e-05
0.542,0.03013888262,0.008072076945,-0.21,0.03012143908,0.008063589415,-0.2099670987,3.819434971e-05
0.543,0.03022277161,0.008098462683,-0.21,0.0302052284,0.008089961423,-0.209967026,3.830562952e-05
0.544,0.0303064697,0.008124835632,-0.21,0.03028882692,0.008116320832,-0.2099669533,3.84168747e-05
0.545,0.03038997637,0.008151195751,-0.21,0.03037223411,0.008142667628,-0.2099668806,3.852807701e-05
0.546,0.03047329107,0.008177542998,-0.21,0.03045544944,0.00816900173,-0.2099668079,3.86392391e-05
0.547,0.03055641328,0.008203877331,-0.21,0.03053847238,0.008195323013,-0.2099667353,3.875037195e-05
0.548,0.03063934249,0.00823019871,-0.21,0.03062130242,0.008221631335,-0.2099666628,3.886148944e-05
0.549,0.03072207815,0.008256507092,-0.21,0.03070393903,0.008247926578,-0.2099665903,3.897260244e-05
0.55,0.03080461977,0.008282802435,-0.21,0.0307863817,0.008274208665,-0.2099665178,3.908371403e-05
0.551,0.0308869668,0.008309084699,-0.21,0.03086862992,0.008300477574,-0.2099664454,3.919481765e-05
0.552,0.03096911873,0.008335353842,-0.21,0.03095068315,0.008326733325,-0.2099663731,3.930589866e-05
0.553,0.03105107505,0.008361609823,-0.21,0.0310325409,0.008352975955,-0.2099663008,3.941693853e-05
0.554,0.03113283523,0.008387852599,-0.21,0.03111420264,0.008379205493,-0.2099662286,3.952792014e-05
0.555,0.03121439876,0.008414082129,-0.21,0.03119566787,0.008405421935,-0.2099661564,3.963883235e-05
0.556,0.03129576512,0.008440298373,-0.21,0.03127693607,0.008431625237,-0.2099660842,3.974967222e-05
0.557,0.0313769338,0.008466501288,-0.21,0.03135800673,0.008457815316,-0.2099660121,3.986044436e-05
0.558,0.03145790429,0.008492690833,-0.21,0.03143887933,0.00848399207,-0.2099659401,3.99711577e-05
0.559,0.03153867607,0.008518866967,-0.21,0.03151955336,0.008510155401,-0.2099658682,4.008182109e-05
0.56,0.03161924864,0.008545029649,-0.21,0.03160002832,0.008536305229,-0.2099657963,4.01924392e-05
0.561,0.03169962148,0.008571178837,-0.21,0.03168030369,0.008562441508,-0.2099657244,4.030301025e-05
0.562,0.03177979409,0.00859731449,-0.21,0.03176037898,0.008588564222,-0.2099656527,4.041352603e-05
0.563,0.03185976597,0.008623436567,-0.21,0.03184025368,0.008614673376,-0.209965581,4.052397414e-05
0.564,0.03193953659,0.008649545026,-0.21,0.03191992728,0.008640768979,-0.2099655093,4.06343416e-05
0.565,0.03201910547,0.008675639826,-0.21,0.0319993993,0.008666851024,-0.2099654378,4.074461817e-05
0.566,0.03209847211,0.008701720926,-0.21,0.03207866923,0.008692919483,-0.2099653663,4.085479868e-05
0.567,0.03217763598,0.008727788286,-0.21,0.03215773657,0.008718974299,-0.2099652948,4.096488336e-05
0.568,0.03225659661,0.008753841862,-0.21,0.03223660082,0.008745015398,-0.2099652235,4.107487637e-05
0.569,0.03233535349,0.008779881615,-0.21,0.03231526147,0.0087710427,-0.2099651522,4.118478311e-05
0.57,0.03241390612,0.008805907504,-0.21,0.03239371804,0.008797056132,-0.209965081,4.129460742e-05
0.571,0.03249225401,0.008831919487,-0.21,0.03247197002,0.008823055637,-0.2099650098,4.140434946e-05
0.572,0.03257039665,0.008857917523,-0.21,0.03255001693,0.008849041182,-0.2099649388,4.151400505e-05
0.573,0.03264833357,0.008883901571,-0.21,0.03262785827,0.008875012749,-0.2099648678,4.162356658e-05
0.574,0.03272606426,0.00890987159,-0.21,0.03270549356,0.008900970327,-0.2099647969,4.173302488e-05
0.575,0.03280358823,0.008935827539,-0.21,0.03278292231,0.008926913904,-0.2099647261,4.18423716e-05
0.576,0.032880905,0.008961769378,-0.21,0.03286014402,0.008952843456,-0.2099646553,4.195160101e-05
0.577,0.03295801408,0.008987697064,-0.21,0.03293715822,0.008978758941,-0.2099645847,4.206071084e-05
0.578,0.03303491497,0.009013610558,-0.21,0.03301396442,0.009004660302,-0.2099645141,4.216970182e-05
0.579,0.0331116072,0.009039509818,-0.21,0.03309056213,0.009030547476,-0.2099644436,4.227857641e-05
0.58,0.03318809028,0.009065394804,-0.21,0.03316695086,0.009056420396,-0.2099643732,4.238733696e-05
0.581,0.03326436372,0.009091265473,-0.21,0.03324313013,0.009082279007,-0.2099643028,4.249598403e-05
0.582,0.03334042705,0.009117121787,-0.21,0.03331909947,0.009108123263,-0.2099642326,4.260451562e-05
0.583,0.03341627978,0.009142963703,-0.21,0.0333948584,0.009133953133,-0.2099641625,4.271292718e-05
0.584,0.03349192144,0.009168791182,-0.21,0.03347040643,0.009159768595,-0.2099640924,4.28212125e-05
0.585,0.03356735154,0.009194604182,-0.21,0.0335457431,0.009185569628,-0.2099640225,4.292936511e-05
0.586,0.03364256962,0.009220402662,-0.21,0.03362086793,0.009211356205,-0.2099639526,4.303737964e-05
0.587,0.03371757519,0.009246186582,-0.21,0.03369578044,0.009237128293,-0.2099638828,4.314525268e-05
0.588,0.03379236778,0.0092719559,-0.21,0.03377048017,0.009262885846,-0.2099638132,4.325298293e-05
0.589,0.03386694692,0.009297710578,-0.21,0.03384496663,0.009288628809,-0.2099637436,4.336057071e-05
0.59,0.03394131213,0.009323450572,-0.21,0.03391923937,0.009314357127,-0.2099636741,4.346801684e-05
0.591,0.03401546296,0.009349175844,-0.21,0.03399329791,0.009340070745,-0.2099636047,4.357532162e-05
0.592,0.03408939892,0.009374886352,-0.21,0.03406714178,0.009365769614,-0.2099635354,4.368248394e-05
0.593,0.03416311956,0.009400582056,-0.21,0.03414077052,0.009391453697,-0.2099634663,4.378950104e-05
0.594,0.03423662441,0.009426262915,-0.21,0.03421418366,0.009417122961,-0.2099633972,4.389636871e-05
0.595,0.034309913,0.009451928889,-0.21,0.03428738075,0.009442777378,-0.2099633282,4.400308209e-05
0.596,0.03438298486,0.009477579937,-0.21,0.03436036132,0.00946841692,-0.2099632594,4.410963654e-05
0.597,0.03445583955,0.009503216019,-0.21,0.03443312491,0.009494041554,-0.2099631906,4.421602838e-05
0.598,0.03452847659,0.009528837093,-0.21,0.03450567107,0.009519651239,-0.209963122,4.432225528e-05
0.599,0.03460089554,0.009554443121,-0.21,0.03457799932,0.009545245931,-0.2099630534,4.442831613e-05
0.6,0.03467309592,0.00958003406,-0.21,0.03465010923,0.009570825578,-0.209962985,4.453421059e-05
0.601,0.0347450773,0.009605609872,-0.21,0.03472200033,0.009596390131,-0.2099629167,4.463993839e-05
0.602,0.0348168392,0.009631170514,-0.21,0.03479367217,0.00962193954,-0.2099628485,4.474549858e-05
0.603,0.03488838118,0.009656715948,-0.21,0.03486512429,0.009647473765,-0.2099627804,4.485088932e-05
0.604,0.03495970279,0.009682246133,-0.21,0.03493635625,0.009672992767,-0.2099627124,4.495610769e-05
0.605,0.03503080357,0.009707761028,-0.21,0.0350073676,0.009698496513,-0.2099626445,4.506115004e-05
0.606,0.03510168308,0.009733260593,-0.21,0.03507815789,0.00972398497,-0.2099625768,4.516601251e-05
0.607,0.03517234087,0.009758744788,-0.21,0.03514872667,0.009749458107,-0.2099625092,4.52706916e-05
0.608,0.03524277649,0.009784213572,-0.21,0.03521907351,0.009774915884,-0.2099624417,4.537518458e-05
0.609,0.03531298949,0.009809666906,-0.21,0.03528919795,0.009800358262,-0.2099623743,4.547948957e-05
0.61,0.03538297945,0.00983510475,-0.21,0.03535909955,0.009825785194,-0.209962307,4.558360535e-05
0.611,0.0354527459,0.009860527062,-0.21,0.03542877787,0.009851196634,-0.2099622399,4.568753108e-05
0.612,0.03552228841,0.009885933803,-0.21,0.03549823248,0.009876592536,-0.2099621729,4.579126572e-05
0.613,0.03559160655,0.009911324933,-0.21,0.03556746293,0.009901972855,-0.209962106,4.589480773e-05
0.614,0.03566069987,0.009936700411,-0.21,0.03563646878,0.009927337552,-0.2099620392,4.599815492e-05
0.615,0.03572956794,0.009962060198,-0.21,0.03570524961,0.009952686589,-0.2099619726,4.610130451e-05
0.616,0.03579821032,0.009987404254,-0.21,0.03577380498,0.009978019931,-0.2099619061,4.620425335e-05
0.617,0.03586662658,0.01001273254,-0.21,0.03584213445,0.01000333754,-0.2099618397,4.630699831e-05
0.618,0.03593481629,0.01003804501,-0.21,0.0359102376,0.01002863939,-0.2099617735,4.64095423e-05
0.619,0.03600277901,0.01006334163,-0.21,0.035978114,0.01005392543,-0.2099617074,4.651187501e-05
0.62,0.03607051432,0.01008862236,-0.21,0.03604576321,0.01007919563,-0.2099616414,4.661399284e-05
0.621,0.03613802179,0.01011388716,-0.21,0.03611318482,0.01010444994,-0.2099615755,4.671589647e-05
0.622,0.03620530099,0.01013913599,-0.21,0.03618037839,0.01012968831,-0.2099615098,4.681758711e-05
0.623,0.0362723515,0.0101643688,-0.21,0.03624734351,0.0101549107,-0.2099614443,4.691906443e-05
0.624,0.03633917289,0.01018958557,-0.21,0.03631407974,0.01018011707,-0.2099613789,4.702032644e-05
0.625,0.03640576475,0.01021478624,-0.21,0.03638058668,0.01020530738,-0.2099613136,4.712137019e-05
0.626,0.03647212664,0.01023997079,-0.21,0.03644686389,0.0102304816,-0.2099612484,4.722219259e-05
0.627,0.03653825816,0.01026513916,-0.21,0.03651291096,0.01025563968,-0.2099611834,4.732279074e-05
0.628,0.03660415889,0.01029029133,-0.21,0.03657872748,0.0102807816,-0.2099611186,4.7423162e-05
0.629,0.0366698284,0.01031542724,-0.21,0.03664431303,0.01030590731,-0.2099610539,4.752330407e-05
0.63,0.03673526628,0.01034054686,-0.21,0.0367096672,0.01033101677,-0.2099609893,4.7623215e-05
0.631,0.03680047213,0.01036565016,-0.21,0.03677478957,0.01035610994,-0.2099609249,4.772289316e-05
0.632,0.03686544552,0.01039073709,-0.21,0.03683967974,0.01038118678,-0.2099608606,4.782233706e-05
0.633,0.03693018605,0.0104158076,-0.21,0.03690433729,0.01040624725,-0.2099607965,4.792154526e-05
0.634,0.03699469331,0.01044086167,-0.21,0.03696876182,0.0104312913,-0.2099607325,4.802051607e-05
0.635,0.03705896689,0.01046589926,-0.21,0.03703295292,0.0104563189,-0.2099606687,4.811924754e-05
0.636,0.03712300639,0.01049092031,-0.21,0.03709691018,0.01048133,-0.209960605,4.821773741e-05
0.637,0.0371868114,0.0105159248,-0.21,0.03716063321,0.01050632458,-0.2099605415,4.831598326e-05
0.638,0.03725038151,0.01054091268,-0.21,0.03722412159,0.01053130258,-0.2099604782,4.841398264e-05
0.639,0.03731371634,0.01056588392,-0.21,0.03728737494,0.01055626398,-0.209960415,4.851173327e-05
0.64,0.03737681546,0.01059083847,-0.21,0.03735039285,0.01058120873,-0.2099603519,4.860923306e-05
0.641,0.0374396785,0.0106157763,-0.21,0.03741317492,0.0106061368,-0.209960289,4.870648017e-05
0.642,0.03750230505,0.01064069737,-0.21,0.03747572076,0.01063104814,-0.2099602263,4.880347297e-05
0.643,0.03756469471,0.01066560163,-0.21,0.03753802998,0.01065594271,-0.2099601637,4.890020987e-05
0.644,0.03762684709,0.01069048905,-0.21,0.03760010218,0.01068082047,-0.2099601013,4.899668921e-05
0.645,0.0376887618,0.01071535958,-0.21,0.03766193696,0.01070568139,-0.2099600391,4.909290919e-05
0.646,0.03775043845,0.0107402132,-0.21,0.03772353394,0.01073052541,-0.209959977,4.918886786e-05
0.647,0.03781187665,0.01076504985,-0.21,0.03778489274,0.01075535251,-0.2099599151,4.928456309e-05
0.648,0.037873076,0.01078986951,-0.21,0.03784601296,0.01078016265,-0.2099598534,4.937999267e-05
0.649,0.03793403613,0.01081467213,-0.21,0.03790689422,0.01080495578,-0.2099597918,4.947515446e-05
0.65,0.03799475665,0.01083945767,-0.21,0.03796753613,0.01082973187,-0.2099597304,4.957004637e-05
0.651,0.03805523717,0.01086422609,-0.21,0.03802793832,0.01085449089,-0.2099596691,4.966466647e-05
0.652,0.03811547731,0.01088897736,-0.21,0.0380881004,0.01087923278,-0.2099596081,4.975901301e-05
0.653,0.0381754767,0.01091371143,-0.21,0.03814802199,0.01090395751,-0.2099595472,4.98530843e-05
0.654,0.03823523495,0.01093842826,-0.21,0.03820770271,0.01092866504,-0.2099594865,4.994687871e-05
0.655,0.03829475168,0.01096312783,-0.21,0.0382671422,0.01095335534,-0.2099594259,5.004039451e-05
0.656,0.03835402652,0.01098781008,-0.21,0.03832634006,0.01097802835,-0.2099593656,5.01336299e-05
0.657,0.0384130591,0.01101247498,-0.21,0.03838529594,0.01100268404,-0.2099593054,5.022658299e-05
0.658,0.03847184904,0.01103712249,-0.21,0.03844400945,0.01102732237,-0.2099592453,5.031925175e-05
0.659,0.03853039598,0.01106175257,-0.21,0.03850248023,0.01105194332,-0.2099591855,5.041163416e-05
0.66,0.03858869953,0.01108636518,-0.21,0.03856070792,0.01107654682,-0.2099591259,5.050372823e-05
0.661,0.03864675933,0.01111096029,-0.21,0.03861869213,0.01110113286,-0.2099590664,5.059553202e-05
0.662,0.03870457503,0.01113553785,-0.21,0.03867643251,0.01112570138,-0.2099590071,5.068704374e-05
0.663,0.03876214624,0.01116009783,-0.21,0.0387339287,0.01115025235,-0.209958948,5.077826167e-05
0.664,0.03881947261,0.01118464018,-0.21,0.03879118032,0.01117478574,-0.209958889,5.086918415e-05
0.665,0.03887655377,0.01120916487,-0.21,0.03884818702,0.01119930149,-0.2099588303,5.095980951e-05
0.666,0.03893338937,0.01123367186,-0.21,0.03890494845,0.01122379958,-0.2099587718,5.105013605e-05
0.667,0.03898997905,0.01125816111,-0.21,0.03896146423,0.01124827995,-0.2099587134,5.114016197e-05
0.668,0.03904632244,0.01128263258,-0.21,0.03901773402,0.01127274258,-0.2099586552,5.122988543e-05
0.669,0.0391024192,0.01130708624,-0.21,0.03907375746,0.01129718743,-0.2099585972,5.131930456e-05
0.67,0.03915826896,0.01133152204,-0.21,0.0391295342,0.01132161445,-0.2099585394,5.140841746e-05
0.671,0.03921387138,0.01135593994,-0.21,0.03918506389,0.01134602361,-0.2099584818,5.149722226e-05
0.672,0.0392692261,0.01138033992,-0.21,0.03924034617,0.01137041487,-0.2099584244,5.158571716e-05
0.673,0.03932433278,0.01140472192,-0.21,0.0392953807,0.01139478819,-0.2099583672,5.167390045e-05
0.674,0.03937919106,0.01142908591,-0.21,0.03935016712,0.01141914354,-0.2099583102,5.176177044e-05
0.675,0.0394338006,0.01145343185,-0.21,0.03940470511,0.01144348087,-0.2099582534,5.184932552e-05
0.676,0.03948816106,0.01147775971,-0.21,0.0394589943,0.01146780014,-0.2099581967,5.193656402e-05
0.677,0.03954227209,0.01150206945,-0.21,0.03951303436,0.01149210132,-0.2099581403,5.202348427e-05
0.678,0.03959613334,0.01152636101,-0.21,0.03956682495,0.01151638436,-0.2099580841,5.211008454e-05
0.679,0.03964974449,0.01155063438,-0.21,0.03962036573,0.01154064924,-0.209958028,5.219636308e-05
0.68,0.03970310519,0.01157488951,-0.21,0.03967365636,0.0115648959,-0.2099579722,5.228231808e-05
0.681,0.0397562151,0.01159912636,-0.21,0.03972669651,0.01158912432,-0.2099579166,5.236794777e-05
0.682,0.03980907389,0.01162334489,-0.21,0.03977948584,0.01161333445,-0.2099578612,5.245325041e-05
0.683,0.03986168122,0.01164754507,-0.21,0.03983202401,0.01163752626,-0.2099578059,5.25382243e-05
0.684,0.03991403677,0.01167172686,-0.21,0.03988431071,0.0116616997,-0.2099577509,5.262286779e-05
0.685,0.0399661402,0.01169589021,-0.21,0.03993634559,0.01168585475,-0.2099576961,5.270717926e-05
0.686,0.04001799118,0.01172003509,-0.21,0.03998812833,0.01170999135,-0.2099576415,5.27911571e-05
0.687,0.04006958938,0.01174416147,-0.21,0.0400396586,0.01173410948,-0.2099575871,5.287479972e-05
0.688,0.04012093448,0.0117682693,-0.21,0.04009093608,0.01175820908,-0.209957533,5.29581055e-05
0.689,0.04017202616,0.01179235855,-0.21,0.04014196045,0.01178229014,-0.209957479,5.304107275e-05
0.69,0.04022286409,0.01181642917,-0.21,0.04019273137,0.0118063526,-0.2099574252,5.31236998e-05
0.691,0.04027344795,0.01184048114,-0.21,0.04024324854,0.01183039643,-0.2099573717,5.320598496e-05
0.692,0.04032377742,0.01186451441,-0.21,0.04029351164,0.01185442159,-0.2099573184,5.328792656e-05
0.693,0.04037385218,0.01188852894,-0.21,0.04034352034,0.01187842805,-0.2099572653,5.336952296e-05
0.694,0.04042367192,0.0119125247,-0.21,0.04039327434,0.01190241576,-0.2099572124,5.345077254e-05
0.695,0.04047323632,0.01193650165,-0.21,0.04044277332,0.01192638468,-0.2099571597,5.353167371e-05
0.696,0.04052254507,0.01196045974,-0.21,0.04049201696,0.01195033479,-0.2099571072,5.361222491e-05
0.697,0.04057159786,0.01198439896,-0.21,0.04054100496,0.01197426604,-0.209957055,5.369242462e-05
0.698,0.04062039438,0.01200831924,-0.21,0.040589737,0.01199817839,-0.209957003,5.377227127e-05
0.699,0.04066893431,0.01203222056,-0.21,0.04063821279,0.0120220718,-0.2099569512,5.38517633e-05
0.7,0.04071721736,0.01205610289,-0.21,0.04068643201,0.01204594624,-0.2099568996,5.393089911e-05
0.701,0.04076524322,0.01207996617,-0.21,0.04073439436,0.01206980167,-0.2099568482,5.400967712e-05
0.702,0.04081301158,0.01210381038,-0.21,0.04078209954,0.01209363805,-0.2099567971,5.408809584e-05
0.703,0.04086052214,0.01212763547,-0.21,0.04082954725,0.01211745534,-0.2099567462,5.41661539e-05
0.704,0.04090777461,0.01215144142,-0.21,0.04087673719,0.01214125351,-0.2099566955,5.424384996e-05
0.705,0.04095476868,0.01217522817,-0.21,0.04092366905,0.01216503252,-0.209956645,5.43211827e-05
0.706,0.04100150406,0.0121989957,-0.21,0.04097034255,0.01218879233,-0.2099565948,5.439815071e-05
0.707,0.04104798045,0.01222274397,-0.21,0.04101675739,0.0122125329,-0.2099565448,5.447475255e-05
0.708,0.04109419756,0.01224647293,-0.21,0.04106291328,0.01223625419,-0.209956495,5.455098667e-05
0.709,0.0411401551,0.01227018255,-0.21,0.04110880992,0.01225995617,-0.2099564455,5.462685154e-05
0.71,0.04118585277,0.0122938728,-0.21,0.04115444703,0.0122836388,-0.2099563962,5.470234561e-05
0.711,0.04123129029,0.01231754364,-0.21,0.04119982432,0.01230730204,-0.2099563471,5.477746734e-05
0.712,0.04127646737,0.01234119502,-0.21,0.04124494151,0.01233094586,-0.2099562983,5.485221523e-05
0.713,0.04132138373,0.01236482691,-0.21,0.0412897983,0.01235457021,-0.2099562497,5.492658784e-05
0.714,0.04136603907,0.01238843928,-0.21,0.04133439442,0.01237817506,-0.2099562013,5.500058369e-05
0.715,0.04141043313,0.01241203209,-0.21,0.04137872959,0.01240176037,-0.2099561532,5.507420136e-05
0.716,0.04145456562,0.01243560529,-0.21,0.04142280352,0.01242532611,-0.2099561053,5.51474394e-05
0.717,0.04149843626,0.01245915886,-0.21,0.04146661594,0.01244887223,-0.2099560576,5.522029636e-05
0.718,0.04154204477,0.01248269276,-0.21,0.04151016657,0.0124723987,-0.2099560102,5.52927708e-05
0.719,0.04158539087,0.01250620694,-0.21,0.04155345514,0.01249590549,-0.209955963,5.536486125e-05
0.72,0.04162847431,0.01252970137,-0.21,0.04159648137,0.01251939254,-0.2099559161,5.54365663e-05
0.721,0.04167129479,0.01255317602,-0.21,0.041639245,0.01254285984,-0.2099558694,5.550788449e-05
0.722,0.04171385206,0.01257663084,-0.21,0.04168174575,0.01256630734,-0.2099558229,5.557881441e-05
0.723,0.04175614584,0.0126000658,-0.21,0.04172398336,0.01258973499,-0.2099557767,5.564935461e-05
0.724,0.04179817586,0.01262348087,-0.21,0.04176595755,0.01261314278,-0.2099557307,5.571950367e-05
0.725,0.04183994186,0.012646876,-0.21,0.04180766808,0.01263653065,-0.209955685,5.578926022e-05
0.726,0.04188144359,0.01267025116,-0.21,0.04184911466,0.01265989858,-0.2099556395,5.585862284e-05
0.727,0.04192268076,0.01269360631,-0.21,0.04189029705,0.01268324652,-0.2099555943,5.592759017e-05
0.728,0.04196365313,0.01271694142,-0.21,0.04193121498,0.01270657443,-0.2099555493,5.599616083e-05
0.729,0.04200436043,0.01274025645,-0.21,0.04197186819,0.01272988229,-0.2099555046,5.606433346e-05
0.73,0.04204480241,0.01276355136,-0.21,0.04201225643,0.01275317005,-0.2099554601,5.61321067e-05
0.731,0.04208497881,0.01278682611,-0.21,0.04205237944,0.01277643768,-0.2099554159,5.61994792e-05
0.732,0.04212488938,0.01281008067,-0.21,0.04209223698,0.01279968513,-0.2099553719,5.626644962e-05
0.733,0.04216453387,0.012833315,-0.21,0.04213182878,0.01282291238,-0.2099553282,5.633301659e-05
0.734,0.04220391202,0.01285652906,-0.21,0.0421711546,0.01284611939,-0.2099552847,5.639917877e-05
0.735,0.04224302359,0.01287972283,-0.21,0.0422102142,0.01286930611,-0.2099552415,5.646493482e-05
0.736,0.04228186833,0.01290289625,-0.21,0.04224900732,0.01289247252,-0.2099551985,5.653028342e-05
0.737,0.042320446,0.0129260493,-0.21,0.04228753372,0.01291561857,-0.2099551558,5.659522327e-05
0.738,0.04235875635,0.01294918194,-0.21,0.04232579316,0.01293874423,-0.2099551134,5.665975307e-05
0.739,0.04239679913,0.01297229412,-0.21,0.0423637854,0.01296184946,-0.2099550712,5.672387154e-05
0.74,0.04243457412,0.01299538583,-0.21,0.04240151019,0.01298493422,-0.2099550292,5.678757741e-05
0.741,0.04247208106,0.01301845701,-0.21,0.04243896731,0.01300799849,-0.2099549876,5.685086939e-05
0.742,0.04250931973,0.01304150763,-0.21,0.04247615651,0.01303104222,-0.2099549461,5.691374622e-05
0.743,0.04254628988,0.01306453766,-0.21,0.04251307756,0.01305406537,-0.209954905,5.697620662e-05
0.744,0.04258299129,0.01308754706,-0.21,0.04254973023,0.01307706791,-0.2099548641,5.703824934e-05
0.745,0.04261942372,0.01311053579,-0.21,0.04258611428,0.0131000498,-0.2099548235,5.709987311e-05
0.746,0.04265558695,0.01313350382,-0.21,0.0426222295,0.01312301101,-0.2099547831,5.716107669e-05
0.747,0.04269148074,0.01315645111,-0.21,0.04265807564,0.0131459515,-0.209954743,5.722185886e-05
0.748,0.04272710487,0.01317937762,-0.21,0.04269365248,0.01316887123,-0.2099547031,5.728221838e-05
0.749,0.04276245911,0.01320228332,-0.21,0.04272895981,0.01319177017,-0.2099546636,5.734215406e-05
0.75,0.04279754323,0.01322516818,-0.21,0.04276399739,0.01321464828,-0.2099546242,5.740166469e-05
0.751,0.04283235703,0.01324803215,-0.21,0.042798765,0.01323750552,-0.2099545852,5.746074908e-05
0.752,0.04286690027,0.01327087519,-0.21,0.04283326244,0.01326034186,-0.2099545464,5.751940605e-05
0.753,0.04290117274,0.01329369728,-0.21,0.04286748947,0.01328315726,-0.2099545079,5.757763441e-05
0.754,0.04293517423,0.01331649838,-0.21,0.04290144589,0.01330595168,-0.2099544697,5.763543298e-05
0.755,0.04296890451,0.01333927845,-0.21,0.04293513148,0.0133287251,-0.2099544317,5.76928006e-05
0.756,0.04300236338,0.01336203746,-0.21,0.04296854603,0.01335147747,-0.209954394,5.774973609e-05
0.757,0.04303555062,0.01338477536,-0.21,0.04300168932,0.01337420875,-0.2099543566,5.780623831e-05
0.758,0.04306846603,0.01340749213,-0.21,0.04303456116,0.01339691892,-0.2099543194,5.786230611e-05
0.759,0.04310110939,0.01343018773,-0.21,0.04306716132,0.01341960792,-0.2099542826,5.791793836e-05
0.76,0.04313348051,0.01345286212,-0.21,0.04309948961,0.01344227574,-0.209954246,5.797313396e-05
0.761,0.04316557916,0.01347551526,-0.21,0.04313154583,0.01346492233,-0.2099542096,5.802789179e-05
0.762,0.04319740516,0.01349814713,-0.21,0.04316332976,0.01348754766,-0.2099541736,5.808221075e-05
0.763,0.04322895831,0.01352075768,-0.21,0.04319484122,0.01351015169,-0.2099541378,5.813608973e-05
0.764,0.04326023839,0.01354334688,-0.21,0.04322607999,0.01353273438,-0.2099541023,5.818952766e-05
0.765,0.04329124522,0.01356591469,-0.21,0.04325704589,0.0135552957,-0.2099540671,5.824252344e-05
0.766,0.0433219786,0.01358846108,-0.21,0.04328773873,0.01357783562,-0.2099540321,5.829507599e-05
0.767,0.04335243833,0.01361098601,-0.21,0.04331815829,0.01360035409,-0.2099539974,5.834718426e-05
0.768,0.04338262423,0.01363348945,-0.21,0.04334830441,0.01362285108,-0.2099539631,5.839884719e-05
0.769,0.0434125361,0.01365597135,-0.21,0.04337817687,0.01364532656,-0.2099539289,5.845006372e-05
0.77,0.04344217375,0.0136784317,-0.21,0.04340777551,0.01366778049,-0.2099538951,5.850083283e-05
0.771,0.04347153699,0.01370087044,-0.21,0.04343710012,0.01369021284,-0.2099538616,5.855115349e-05
0.772,0.04350062565,0.01372328755,-0.21,0.04346615053,0.01371262356,-0.2099538283,5.860102468e-05
0.773,0.04352943953,0.01374568299,-0.21,0.04349492655,0.01373501263,-0.2099537953,5.865044539e-05
0.774,0.04355797846,0.01376805672,-0.21,0.04352342801,0.01375738,-0.2099537626,5.869941463e-05
0.775,0.04358624225,0.01379040871,-0.21,0.04355165471,0.01377972565,-0.2099537302,5.87479314e-05
0.776,0.04361423073,0.01381273892,-0.21,0.04357960649,0.01380204953,-0.2099536981,5.879599472e-05
0.777,0.04364194371,0.01383504732,-0.21,0.04360728317,0.01382435162,-0.2099536662,5.88436036e-05
0.778,0.04366938103,0.01385733387,-0.21,0.04363468457,0.01384663187,-0.2099536347,5.889075708e-05
0.779,0.04369654251,0.01387959854,-0.21,0.04366181052,0.01386889025,-0.2099536034,5.893745419e-05
0.78,0.04372342798,0.01390184129,-0.21,0.04368866085,0.01389112673,-0.2099535724,5.898369399e-05
0.781,0.04375003727,0.01392406209,-0.21,0.04371523539,0.01391334127,-0.2099535417,5.902947555e-05
0.782,0.04377637021,0.01394626091,-0.21,0.04374153398,0.01393553383,-0.2099535113,5.907479793e-05
0.783,0.04380242663,0.01396843769,-0.21,0.04376755644,0.01395770438,-0.2099534812,5.911966022e-05
0.784,0.04382820637,0.01399059242,-0.21,0.04379330262,0.01397985289,-0.2099534514,5.916406151e-05
0.785,0.04385370928,0.01401272506,-0.21,0.04381877235,0.01400197931,-0.2099534218,5.92080009e-05
0.786,0.04387893517,0.01403483557,-0.21,0.04384396547,0.01402408362,-0.2099533926,5.925147748e-05
0.787,0.04390388391,0.01405692392,-0.21,0.04386888182,0.01404616578,-0.2099533636,5.929449038e-05
0.788,0.04392855532,0.01407899006,-0.21,0.04389352125,0.01406822575,-0.2099533349,5.933703872e-05
0.789,0.04395294926,0.01410103398,-0.21,0.0439178836,0.0140902635,-0.2099533066,5.937912163e-05
0.79,0.04397706556,0.01412305563,-0.21,0.04394196872,0.01411227899,-0.2099532785,5.942073825e-05
0.791,0.04400090408,0.01414505498,-0.21,0.04396577645,0.0141342722,-0.2099532507,5.946188774e-05
0.792,0.04402446467,0.01416703198,-0.21,0.04398930664,0.01415624308,-0.2099532232,5.950256927e-05
0.793,0.04404774718,0.01418898662,-0.21,0.04401255916,0.01417819159,-0.209953196,5.9542782e-05
0.794,0.04407075146,0.01421091885,-0.21,0.04403553384,0.01420011771,-0.2099531691,5.958252512e-05
0.795,0.04409347736,0.01423282864,-0.21,0.04405823055,0.01422202141,-0.2099531425,5.962179782e-05
0.796,0.04411592474,0.01425471596,-0.21,0.04408064914,0.01424390263,-0.2099531162,5.966059931e-05
0.797,0.04413809346,0.01427658076,-0.21,0.04410278948,0.01426576136,-0.2099530902,5.969892878e-05
0.798,0.04415998339,0.01429842302,-0.21,0.04412465141,0.01428759755,-0.2099530645,5.973678546e-05
0.799,0.04418159437,0.0143202427,-0.21,0.04414623481,0.01430941117,-0.2099530391,5.977416857e-05
0.8,0.04420292628,0.01434203977,-0.21,0.04416753954,0.01433120219,-0.2099530139,5.981107737e-05
0.801,0.04422397898,0.01436381419,-0.21,0.04418856547,0.01435297057,-0.2099529891,5.984751109e-05
0.802,0.04424475234,0.01438556592,-0.21,0.04420931246,0.01437471627,-0.2099529646,5.988346899e-05
0.803,0.04426524622,0.01440729494,-0.21,0.04422978037,0.01439643927,-0.2099529404,5.991895033e-05
0.804,0.0442854605,0.01442900121,-0.21,0.04424996909,0.01441813953,-0.2099529165,5.995395439e-05
0.805,0.04430539505,0.0144506847,-0.21,0.04426987849,0.01443981701,-0.2099528928,5.998848048e-05
0.806,0.04432504975,0.01447234536,-0.21,0.04428950844,0.01446147168,-0.2099528695,6.002252788e-05
0.807,0.04434442446,0.01449398317,-0.21,0.04430885881,0.0144831035,-0.2099528465,6.00560959e-05
0.808,0.04436351907,0.01451559809,-0.21,0.04432792949,0.01450471244,-0.2099528238,6.008918386e-05
0.809,0.04438233345,0.01453719009,-0.21,0.04434672035,0.01452629847,-0.2099528014,6.012179107e-05
0.81,0.04440086749,0.01455875914,-0.21,0.04436523127,0.01454786156,-0.2099527793,6.015391688e-05
0.811,0.04441912107,0.01458030519,-0.21,0.04438346215,0.01456940166,-0.2099527575,6.018556063e-05
0.812,0.04443709408,0.01460182822,-0.21,0.04440141286,0.01459091874,-0.209952736,6.021672168e-05
0.813,0.04445478639,0.01462332819,-0.21,0.04441908329,0.01461241277,-0.2099527148,6.024739939e-05
0.814,0.04447219791,0.01464480507,-0.21,0.04443647334,0.01463388372,-0.2099526939,6.027759313e-05
0.815,0.04448932851,0.01466625882,-0.21,0.04445358288,0.01465533155,-0.2099526733,6.030730231e-05
0.816,0.0445061781,0.01468768941,-0.21,0.04447041182,0.01467675622,-0.209952653,6.03365263e-05
0.817,0.04452274656,0.01470909681,-0.21,0.04448696004,0.01469815771,-0.2099526331,6.036526453e-05
0.818,0.04453903379,0.01473048098,-0.21,0.04450322745,0.01471953598,-0.2099526134,6.039351639e-05
0.819,0.04455503969,0.01475184189,-0.21,0.04451921394,0.01474089099,-0.209952594,6.042128132e-05
0.82,0.04457076416,0.0147731795,-0.21,0.04453491941,0.01476222271,-0.209952575,6.044855875e-05
0.821,0.04458620709,0.01479449379,-0.21,0.04455034376,0.01478353111,-0.2099525563,6.047534813e-05
0.822,0.04460136839,0.01481578471,-0.21,0.04456548689,0.01480481616,-0.2099525378,6.050164892e-05
0.823,0.04461624796,0.01483705224,-0.21,0.04458034871,0.01482607781,-0.2099525197,6.052746058e-05
0.824,0.04463084572,0.01485829634,-0.21,0.04459492912,0.01484731604,-0.2099525019,6.055278259e-05
0.825,0.04464516156,0.01487951697,-0.21,0.04460922804,0.01486853082,-0.2099524844,6.057761443e-05
0.826,0.0446591954,0.01490071411,-0.21,0.04462324537,0.0148897221,-0.2099524672,6.06019556e-05
0.827,0.04467294714,0.01492188771,-0.21,0.04463698103,0.01491088986,-0.2099524503,6.062580561e-05
0.828,0.04468641671,0.01494303776,-0.21,0.04465043493,0.01493203405,-0.2099524337,6.064916398e-05
0.829,0.04469960402,0.0149641642,-0.21,0.04466360698,0.01495315466,-0.2099524175,6.067203023e-05
0.83,0.04471250897,0.01498526702,-0.21,0.04467649709,0.01497425164,-0.2099524015,6.06944039e-05
0.831,0.0447251315,0.01500634617,-0.21,0.0446891052,0.01499532496,-0.2099523859,6.071628454e-05
0.832,0.04473747152,0.01502740162,-0.21,0.04470143122,0.01501637459,-0.2099523705,6.073767171e-05
0.833,0.04474952896,0.01504843335,-0.21,0.04471347507,0.0150374005,-0.2099523555,6.075856497e-05
0.834,0.04476130373,0.01506944131,-0.21,0.04472523668,0.01505840264,-0.2099523408,6.077896391e-05
0.835,0.04477279576,0.01509042547,-0.21,0.04473671597,0.01507938099,-0.2099523264,6.079886812e-05
0.836,0.04478400499,0.01511138581,-0.21,0.04474791287,0.01510033552,-0.2099523123,6.081827719e-05
0.837,0.04479493134,0.01513232228,-0.21,0.04475882732,0.01512126618,-0.2099522986,6.083719073e-05
0.838,0.04480557473,0.01515323485,-0.21,0.04476945923,0.01514217296,-0.2099522851,6.085560837e-05
0.839,0.04481593511,0.0151741235,-0.21,0.04477980855,0.01516305581,-0.209952272,6.087352975e-05
0.84,0.04482601241,0.01519498818,-0.21,0.0447898752,0.0151839147,-0.2099522592,6.089095449e-05
0.841,0.04483580656,0.01521582887,-0.21,0.04479965913,0.0152047496,-0.2099522466,6.090788225e-05
0.842,0.04484531751,0.01523664553,-0.21,0.04480916028,0.01522556047,-0.2099522344,6.09243127e-05
0.843,0.04485454519,0.01525743813,-0.21,0.04481837858,0.01524634729,-0.2099522226,6.094024551e-05
0.844,0.04486348954,0.01527820664,-0.21,0.04482731398,0.01526711001,-0.209952211,6.095568037e-05
0.845,0.04487215051,0.01529895102,-0.21,0.04483596641,0.01528784861,-0.2099521998,6.097061696e-05
0.846,0.04488052805,0.01531967124,-0.21,0.04484433584,0.01530856306,-0.2099521888,6.098505499e-05
0.847,0.04488862209,0.01534036727,-0.21,0.04485242219,0.01532925331,-0.2099521782,6.099899418e-05
0.848,0.04489643259,0.01536103908,-0.21,0.04486022543,0.01534991935,-0.2099521679,6.101243426e-05
0.849,0.0449039595,0.01538168663,-0.21,0.0448677455,0.01537056113,-0.2099521579,6.102537496e-05
0.85,0.04491120278,0.01540230988,-0.21,0.04487498236,0.01539117862,-0.2099521482,6.103781603e-05
0.851,0.04491816237,0.01542290882,-0.21,0.04488193596,0.01541177179,-0.2099521389,6.104975723e-05
0.852,0.04492483823,0.0154434834,-0.21,0.04488860625,0.0154323406,-0.2099521298,6.106119832e-05
0.853,0.04493123033,0.01546403359,-0.21,0.0448949932,0.01545288504,-0.2099521211,6.107213909e-05
0.854,0.04493733861,0.01548455937,-0.21,0.04490109676,0.01547340505,-0.2099521127,6.108257933e-05
0.855,0.04494316305,0.01550506069,-0.21,0.0449069169,0.01549390061,-0.2099521046,6.109251884e-05
0.856,0.0449487036,0.01552553753,-0.21,0.04491245357,0.01551437169,-0.2099520969,6.110195743e-05
0.857,0.04495396023,0.01554598985,-0.21,0.04491770676,0.01553481825,-0.2099520894,6.111089492e-05
0.858,0.0449589329,0.01556641762,-0.21,0.04492267641,0.01555524027,-0.2099520823,6.111933115e-05
0.859,0.04496362159,0.01558682081,-0.21,0.0449273625,0.0155756377,-0.2099520755,6.112726596e-05
0.86,0.04496802627,0.01560719938,-0.21,0.04493176501,0.01559601053,-0.209952069,6.113469921e-05
0.861,0.0449721469,0.01562755331,-0.21,0.04493588389,0.0156163587,-0.2099520628,6.114163076e-05
0.862,0.04497598347,0.01564788256,-0.21,0.04493971914,0.0156366822,-0.209952057,6.114806049e-05
0.863,0.04497953594,0.0156681871,-0.21,0.04494327072,0.01565698099,-0.2099520514,6.115398828e-05
0.864,0.0449828043,0.0156884669,-0.21,0.0449465386,0.01567725504,-0.2099520462,6.115941404e-05
0.865,0.04498578852,0.01570872193,-0.21,0.04494952278,0.01569750431,-0.2099520413,6.116433768e-05
0.866,0.04498848858,0.01572895215,-0.21,0.04495222323,0.01571772878,-0.2099520367,6.11687591e-05
0.867,0.04499090448,0.01574915753,-0.21,0.04495463994,0.0157379284,-0.2099520324,6.117267825e-05
0.868,0.04499303619,0.01576933804,-0.21,0.04495677288,0.01575810316,-0.2099520285,6.117609506e-05
0.869,0.04499488369,0.01578949365,-0.21,0.04495862205,0.01577825302,-0.2099520249,6.117900949e-05
0.87,0.04499644699,0.01580962432,-0.21,0.04496018743,0.01579837794,-0.2099520216,6.118142151e-05
0.871,0.04499772606,0.01582973003,-0.21,0.04496146902,0.0158184779,-0.2099520186,6.118333109e-05
0.872,0.04499872091,0.01584981074,-0.21,0.04496246681,0.01583855285,-0.2099520159,6.11847382e-05
0.873,0.04499943151,0.01586986642,-0.21,0.04496318078,0.01585860278,-0.2099520136,6.118564286e-05
0.874,0.04499985788,0.01588989705,-0.21,0.04496361094,0.01587862765,-0.2099520115,6.118604505e-05
0.875,0.045,0.01590990258,-0.21,0.04496375729,0.01589862742,-0.2099520098,6.118594482e-05
0.876,0.04499985788,0.01592988298,-0.21,0.04496361981,0.01591860207,-0.2099520084,6.118534217e-05
0.877,0.04499943151,0.01594983823,-0.21,0.04496319852,0.01593855156,-0.2099520074,6.118423716e-05
0.878,0.04499872091,0.0159697683,-0.21,0.04496249342,0.01595847586,-0.2099520066,6.118262983e-05
0.879,0.04499772606,0.01598967314,-0.21,0.0449615045,0.01597837495,-0.2099520062,6.118052025e-05
0.88,0.04499644699,0.01600955274,-0.21,0.04496023179,0.01599824878,-0.2099520061,6.117790848e-05
0.881,0.04499488369,0.01602940705,-0.21,0.04495867527,0.01601809733,-0.2099520063,6.117479462e-05
0.882,0.04499303619,0.01604923605,-0.21,0.04495683498,0.01603792056,-0.2099520068,6.117117875e-05
0.883,0.04499090448,0.01606903971,-0.21,0.0449547109,0.01605771845,-0.2099520077,6.116706099e-05
0.884,0.04498848858,0.01608881799,-0.21,0.04495230307,0.01607749096,-0.2099520088,6.116244145e-05
0.885,0.04498578852,0.01610857087,-0.21,0.0449496115,0.01609723807,-0.2099520103,6.115732026e-05
0.886,0.0449828043,0.01612829831,-0.21,0.04494663619,0.01611695973,-0.2099520121,6.115169755e-05
0.887,0.04497953594,0.01614800028,-0.21,0.04494337718,0.01613665592,-0.2099520143,6.114557348e-05
0.888,0.04497598347,0.01616767674,-0.21,0.04493983447,0.01615632662,-0.2099520167,6.113894821e-05
0.889,0.0449721469,0.01618732768,-0.21,0.0449360081,0.01617597177,-0.2099520195,6.113182191e-05
0.89,0.04496802627,0.01620695306,-0.21,0.04493189809,0.01619559137,-0.2099520226,6.112419476e-05
0.891,0.04496362159,0.01622655284,-0.21,0.04492750446,0.01621518536,-0.209952026,6.111606696e-05
0.892,0.0449589329,0.016246127,-0.21,0.04492282725,0.01623475373,-0.2099520297,6.11074387e-05
0.893,0.04495396023,0.01626567551,-0.21,0.04491786647,0.01625429645,-0.2099520337,6.109831022e-05
0.894,0.0449487036,0.01628519833,-0.21,0.04491262217,0.01627381347,-0.2099520381,6.108868174e-05
0.895,0.04494316305,0.01630469543,-0.21,0.04490709437,0.01629330478,-0.2099520428,6.107855348e-05
0.896,0.04493733861,0.01632416678,-0.21,0.04490128311,0.01631277033,-0.2099520478,6.106792571e-05
0.897,0.04493123033,0.01634361236,-0.21,0.04489518843,0.0163322101,-0.2099520531,6.105679867e-05
0.898,0.04492483823,0.01636303213,-0.21,0.04488881037,0.01635162407,-0.2099520588,6.104517266e-05
0.899,0.04491816237,0.01638242606,-0.21,0.04488214896,0.01637101218,-0.2099520647,6.103304794e-05
0.9,0.04491120278,0.01640179412,-0.21,0.04487520425,0.01639037443,-0.209952071,6.102042481e-05
0.901,0.0449039595,0.01642113627,-0.21,0.04486797628,0.01640971077,-0.2099520776,6.100730357e-05
0.902,0.04489643259,0.0164404525,-0.21,0.04486046509,0.01642902118,-0.2099520845,6.099368454e-05
0.903,0.04488862209,0.01645974277,-0.21,0.04485267074,0.01644830562,-0.2099520918,6.097956805e-05
0.904,0.04488052805,0.01647900704,-0.21,0.04484459328,0.01646756406,-0.2099520993,6.096495443e-05
0.905,0.04487215051,0.01649824529,-0.21,0.04483623275,0.01648679648,-0.2099521072,6.094984402e-05
0.906,0.04486348954,0.01651745749,-0.21,0.0448275892,0.01650600285,-0.2099521154,6.09342372e-05
0.907,0.04485454519,0.0165366436,-0.21,0.0448186627,0.01652518312,-0.2099521239,6.091813434e-05
0.908,0.04484531751,0.0165558036,-0.21,0.0448094533,0.01654433728,-0.2099521327,6.09015358e-05
0.909,0.04483580656,0.01657493746,-0.21,0.04479996105,0.01656346529,-0.2099521418,6.0884442e-05
0.91,0.04482601241,0.01659404514,-0.21,0.04479018602,0.01658256712,-0.2099521513,6.086685333e-05
0.911,0.04481593511,0.01661312662,-0.21,0.04478012826,0.01660164274,-0.2099521611,6.084877019e-05
0.912,0.04480557473,0.01663218186,-0.21,0.04476978785,0.01662069213,-0.2099521712,6.083019303e-05
0.913,0.04479493134,0.01665121084,-0.21,0.04475916484,0.01663971525,-0.2099521816,6.081112227e-05
0.914,0.04478400499,0.01667021353,-0.21,0.0447482593,0.01665871206,-0.2099521923,6.079155837e-05
0.915,0.04477279576,0.01668918989,-0.21,0.04473707131,0.01667768255,-0.2099522033,6.077150178e-05
0.916,0.04476130373,0.01670813989,-0.21,0.04472560093,0.01669662668,-0.2099522147,6.075095298e-05
0.917,0.04474952896,0.01672706351,-0.21,0.04471384823,0.01671554442,-0.2099522264,6.072991244e-05
0.918,0.04473747152,0.01674596072,-0.21,0.0447018133,0.01673443574,-0.2099522384,6.070838066e-05
0.919,0.0447251315,0.01676483148,-0.21,0.04468949619,0.01675330062,-0.2099522507,6.068635813e-05
0.92,0.04471250897,0.01678367577,-0.21,0.044676897,0.01677213901,-0.2099522633,6.066384538e-05
0.921,0.04469960402,0.01680249356,-0.21,0.0446640158,0.0167909509,-0.2099522762,6.064084293e-05
0.922,0.04468641671,0.01682128481,-0.21,0.04465085268,0.01680973624,-0.2099522895,6.061735131e-05
0.923,0.04467294714,0.0168400495,-0.21,0.04463740771,0.01682849502,-0.209952303,6.059337107e-05
0.924,0.0446591954,0.01685878759,-0.21,0.04462368098,0.01684722721,-0.2099523169,6.056890276e-05
0.925,0.04464516156,0.01687749907,-0.21,0.04460967258,0.01686593276,-0.2099523311,6.054394697e-05
0.926,0.04463084572,0.01689618389,-0.21,0.04459538259,0.01688461166,-0.2099523456,6.051850426e-05
0.927,0.04461624796,0.01691484203,-0.21,0.04458081111,0.01690326387,-0.2099523604,6.049257523e-05
0.928,0.04460136839,0.01693347346,-0.21,0.04456595822,0.01692188937,-0.2099523756,6.046616047e-05
0.929,0.04458620709,0.01695207815,-0.21,0.04455082403,0.01694048812,-0.209952391,6.04392606e-05
0.93,0.04457076416,0.01697065607,-0.21,0.04453540862,0.0169590601,-0.2099524068,6.041187625e-05
0.931,0.04455503969,0.01698920719,-0.21,0.0445197121,0.01697760527,-0.2099524229,6.038400806e-05
0.932,0.04453903379,0.01700773148,-0.21,0.04450373455,0.01699612361,-0.2099524392,6.035565665e-05
0.933,0.04452274656,0.01702622891,-0.21,0.04448747609,0.01701461508,-0.2099524559,6.03268227e-05
0.934,0.0445061781,0.01704469946,-0.21,0.04447093682,0.01703307967,-0.2099524729,6.029750686e-05
0.935,0.04448932851,0.01706314309,-0.21,0.04445411684,0.01705151733,-0.2099524902,6.026770981e-05
0.936,0.04447219791,0.01708155978,-0.21,0.04443701625,0.01706992804,-0.2099525079,6.023743225e-05
0.937,0.04445478639,0.01709994949,-0.21,0.04441963517,0.01708831178,-0.2099525258,6.020667487e-05
0.938,0.04443709408,0.0171183122,-0.21,0.04440197369,0.0171066685,-0.2099525441,6.017543839e-05
0.939,0.04441912107,0.01713664788,-0.21,0.04438403195,0.01712499819,-0.2099525626,6.014372352e-05
0.94,0.04440086749,0.0171549565,-0.21,0.04436581004,0.01714330081,-0.2099525815,6.0111531e-05
0.941,0.04438233345,0.01717323802,-0.21,0.04434730808,0.01716157633,-0.2099526007,6.007886157e-05
0.942,0.04436351907,0.01719149243,-0.21,0.04432852619,0.01717982473,-0.2099526201,6.004571599e-05
0.943,0.04434442446,0.01720971969,-0.21,0.04430946449,0.01719804598,-0.2099526399,6.001209501e-05
0.944,0.04432504975,0.01722791978,-0.21,0.0442901231,0.01721624005,-0.20995266,5.997799942e-05
0.945,0.04430539505,0.01724609265,-0.21,0.04427050214,0.0172344069,-0.2099526804,5.994343e-05
0.946,0.0442854605,0.0172642383,-0.21,0.04425060172,0.01725254652,-0.2099527011,5.990838755e-05
0.947,0.04426524622,0.01728235668,-0.21,0.04423042199,0.01727065886,-0.2099527222,5.987287287e-05
0.948,0.04424475234,0.01730044777,-0.21,0.04420996306,0.01728874392,-0.2099527435,5.983688679e-05
0.949,0.04422397898,0.01731851154,-0.21,0.04418922507,0.01730680164,-0.2099527651,5.980043013e-05
0.95,0.04420292628,0.01733654796,-0.21,0.04416820814,0.01732483201,-0.209952787,5.976350373e-05
0.951,0.04418159437,0.01735455701,-0.21,0.04414691241,0.017342835,-0.2099528093,5.972610845e-05
0.952,0.04415998339,0.01737253865,-0.21,0.04412533802,0.01736081058,-0.2099528318,5.968824515e-05
0.953,0.04413809346,0.01739049286,-0.21,0.04410348508,0.01737875872,-0.2099528547,5.964991469e-05
0.954,0.04411592474,0.0174084196,-0.21,0.04408135376,0.01739667939,-0.2099528778,5.961111796e-05
0.955,0.04409347736,0.01742631885,-0.21,0.04405894418,0.01741457257,-0.2099529013,5.957185585e-05
0.956,0.04407075146,0.01744419059,-0.21,0.04403625649,0.01743243822,-0.209952925,5.953212928e-05
0.957,0.04404774718,0.01746203478,-0.21,0.04401329082,0.01745027632,-0.2099529491,5.949193914e-05
0.958,0.04402446467,0.01747985139,-0.21,0.04399004733,0.01746808684,-0.2099529734,5.945128638e-05
0.959,0.04400090408,0.01749764041,-0.21,0.04396652616,0.01748586975,-0.2099529981,5.941017192e-05
0.96,0.04397706556,0.01751540179,-0.21,0.04394272746,0.01750362502,-0.2099530231,5.93685967e-05
0.961,0.04395294926,0.01753313551,-0.21,0.04391865137,0.01752135263,-0.2099530483,5.932656169e-05
0.962,0.04392855532,0.01755084154,-0.21,0.04389429806,0.01753905254,-0.2099530739,5.928406786e-05
0.963,0.04390388391,0.01756851986,-0.21,0.04386966767,0.01755672474,-0.2099530997,5.924111619e-05
0.964,0.04387893517,0.01758617043,-0.21,0.04384476036,0.01757436918,-0.2099531259,5.919770765e-05
0.965,0.04385370928,0.01760379324,-0.21,0.04381957629,0.01759198585,-0.2099531524,5.915384326e-05
0.966,0.04382820637,0.01762138824,-0.21,0.04379411561,0.01760957472,-0.2099531791,5.910952402e-05
0.967,0.04380242663,0.01763895542,-0.21,0.04376837848,0.01762713575,-0.2099532062,5.906475095e-05
0.968,0.04377637021,0.01765649475,-0.21,0.04374236507,0.01764466893,-0.2099532335,5.901952507e-05
0.969,0.04375003727,0.01767400619,-0.21,0.04371607555,0.01766217421,-0.2099532611,5.897384745e-05
0.97,0.04372342798,0.01769148972,-0.21,0.04368951007,0.01767965158,-0.2099532891,5.892771911e-05
0.971,0.04369654251,0.01770894532,-0.21,0.0436626688,0.01769710101,-0.2099533173,5.888114114e-05
0.972,0.04366938103,0.01772637295,-0.21,0.04363555192,0.01771452247,-0.2099533458,5.88341146e-05
0.973,0.04364194371,0.01774377259,-0.21,0.04360815959,0.01773191593,-0.2099533747,5.878664056e-05
0.974,0.04361423073,0.01776114421,-0.21,0.04358049199,0.01774928137,-0.2099534038,5.873872013e-05
0.975,0.04358624225,0.01777848778,-0.21,0.04355254929,0.01776661875,-0.2099534332,5.869035441e-05
0.976,0.04355797846,0.01779580328,-0.21,0.04352433167,0.01778392805,-0.2099534629,5.864154452e-05
0.977,0.04352943953,0.01781309067,-0.21,0.04349583931,0.01780120925,-0.2099534929,5.859229157e-05
0.978,0.04350062565,0.01783034994,-0.21,0.04346707237,0.01781846231,-0.2099535231,5.854259671e-05
0.979,0.04347153699,0.01784758104,-0.21,0.04343803106,0.0178356872,-0.2099535537,5.849246106e-05
0.98,0.04344217375,0.01786478397,-0.21,0.04340871554,0.01785288391,-0.2099535846,5.84418858e-05
0.981,0.0434125361,0.01788195868,-0.21,0.04337912601,0.01787005241,-0.2099536157,5.839087209e-05
0.982,0.04338262423,0.01789910516,-0.21,0.04334926265,0.01788719266,-0.2099536472,5.83394211e-05
0.983,0.04335243833,0.01791622337,-0.21,0.04331912564,0.01790430464,-0.2099536789,5.828753402e-05
0.984,0.0433219786,0.01793331329,-0.21,0.04328871519,0.01792138832,-0.2099537109,5.823521205e-05
0.985,0.04329124522,0.01795037489,-0.21,0.04325803147,0.01793844368,-0.2099537432,5.81824564e-05
0.986,0.04326023839,0.01796740814,-0.21,0.04322707469,0.01795547069,-0.2099537758,5.812926826e-05
0.987,0.04322895831,0.01798441302,-0.21,0.04319584504,0.01797246932,-0.2099538087,5.807564888e-05
0.988,0.04319740516,0.0180013895,-0.21,0.04316434271,0.01798943955,-0.2099538418,5.802159949e-05
0.989,0.04316557916,0.01801833756,-0.21,0.0431325679,0.01800638134,-0.2099538752,5.796712134e-05
0.99,0.04313348051,0.01803525716,-0.21,0.04310052082,0.01802329468,-0.209953909,5.791221568e-05
0.991,0.04310110939,0.01805214828,-0.21,0.04306820167,0.01804017953,-0.209953943,5.785688379e-05
0.992,0.04306846603,0.01806901089,-0.21,0.04303561064,0.01805703587,-0.2099539773,5.780112695e-05
0.993,0.04303555062,0.01808584497,-0.21,0.04300274795,0.01807386367,-0.2099540118,5.774494642e-05
0.994,0.04300236338,0.01810265049,-0.21,0.0429696138,0.0180906629,-0.2099540467,5.768834352e-05
0.995,0.04296890451,0.01811942743,-0.21,0.04293620841,0.01810743355,-0.2099540818,5.763131955e-05
0.996,0.04293517423,0.01813617575,-0.21,0.04290253197,0.01812417558,-0.2099541172,5.757387583e-05
0.997,0.04290117274,0.01815289543,-0.21,0.04286858471,0.01814088896,-0.2099541529,5.751601369e-05
0.998,0.04286690027,0.01816958645,-0.21,0.04283436684,0.01815757368,-0.2099541889,5.745773447e-05
0.999,0.04283235703,0.01818624877,-0.21,0.04279987857,0.01817422969,-0.2099542251,5.73990395e-05
1,0.04279754323,0.01820288237,-0.21,0.04276512012,0.01819085699,-0.2099542616,5.733993015e-05
1.001,0.04276245911,0.01821948723,-0.21,0.04273009171,0.01820745554,-0.2099542984,5.728040778e-05
1.002,0.04272710487,0.01823606332,-0.21,0.04269479356,0.01822402531,-0.2099543355,5.722047378e-05
1.003,0.04269148074,0.01825261061,-0.21,0.04265922589,0.01824056628,-0.2099543728,5.716012953e-05
1.004,0.04265558695,0.01826912908,-0.21,0.04262338893,0.01825707842,-0.2099544104,5.709937642e-05
1.005,0.04261942372,0.0182856187,-0.21,0.0425872829,0.01827356171,-0.2099544483,5.703821587e-05
1.006,0.04258299129,0.01830207944,-0.21,0.04255090804,0.01829001612,-0.2099544865,5.697664929e-05
1.007,0.04254628988,0.01831851128,-0.21,0.04251426456,0.01830644162,-0.2099545249,5.69146781e-05
1.008,0.04250931973,0.0183349142,-0.21,0.04247735271,0.0183228382,-0.2099545636,5.685230374e-05
1.009,0.04247208106,0.01835128816,-0.21,0.0424401727,0.01833920581,-0.2099546026,5.678952766e-05
1.01,0.04243457412,0.01836763314,-0.21,0.04240272479,0.01835554445,-0.2099546418,5.67263513e-05
1.011,0.04239679913,0.01838394912,-0.21,0.0423650092,0.01837185407,-0.2099546813,5.666277615e-05
1.012,0.04235875635,0.01840023606,-0.21,0.04232702617,0.01838813466,-0.2099547211,5.659880368e-05
1.013,0.042320446,0.01841649395,-0.21,0.04228877594,0.0184043862,-0.2099547612,5.653443536e-05
1.014,0.04228186833,0.01843272276,-0.21,0.04225025875,0.01842060864,-0.2099548015,5.646967268e-05
1.015,0.04224302359,0.01844892246,-0.21,0.04221147485,0.01843680198,-0.2099548421,5.640451716e-05
1.016,0.04220391202,0.01846509303,-0.21,0.04217242447,0.01845296618,-0.2099548829,5.633897031e-05
1.017,0.04216453387,0.01848123443,-0.21,0.04213310787,0.01846910121,-0.209954924,5.627303367e-05
1.018,0.04212488938,0.01849734666,-0.21,0.0420935253,0.01848520706,-0.2099549654,5.620670874e-05
1.019,0.04208497881,0.01851342967,-0.21,0.04205367699,0.0185012837,-0.209955007,5.613999708e-05
1.02,0.04204480241,0.01852948345,-0.21,0.04201356321,0.0185173311,-0.2099550489,5.607290024e-05
1.021,0.04200436043,0.01854550796,-0.21,0.04197318421,0.01853334924,-0.209955091,5.600541978e-05
1.022,0.04196365313,0.0185615032,-0.21,0.04193254023,0.01854933809,-0.2099551334,5.593755728e-05
1.023,0.04192268076,0.01857746912,-0.21,0.04189163155,0.01856529762,-0.2099551761,5.586931431e-05
1.024,0.04188144359,0.0185934057,-0.21,0.04185045841,0.01858122782,-0.209955219,5.580069246e-05
1.025,0.04183994186,0.01860931292,-0.21,0.04180902107,0.01859712865,-0.2099552622,5.573169334e-05
1.026,0.04179817586,0.01862519076,-0.21,0.04176731979,0.01861300009,-0.2099553057,5.566231855e-05
1.027,0.04175614584,0.01864103918,-0.21,0.04172535485,0.01862884212,-0.2099553493,5.559256971e-05
1.028,0.04171385206,0.01865685817,-0.21,0.0416831265,0.01864465472,-0.2099553933,5.552244844e-05
1.029,0.04167129479,0.01867264769,-0.21,0.04164063501,0.01866043784,-0.2099554375,5.54519564e-05
1.03,0.04162847431,0.01868840773,-0.21,0.04159788064,0.01867619148,-0.209955482,5.538109523e-05
1.031,0.04158539087,0.01870413826,-0.21,0.04155486367,0.01869191561,-0.2099555267,5.530986657e-05
1.032,0.04154204477,0.01871983925,-0.21,0.04151158437,0.0187076102,-0.2099555716,5.523827209e-05
1.033,0.04149843626,0.01873551068,-0.21,0.041468043,0.01872327523,-0.2099556168,5.516631348e-05
1.034,0.04145456562,0.01875115252,-0.21,0.04142423986,0.01873891067,-0.2099556623,5.509399242e-05
1.035,0.04141043313,0.01876676476,-0.21,0.0413801752,0.01875451649,-0.209955708,5.50213106e-05
1.036,0.04136603907,0.01878234735,-0.21,0.04133584931,0.01877009268,-0.2099557539,5.494826971e-05
1.037,0.04132138373,0.01879790029,-0.21,0.04129126247,0.01878563922,-0.2099558001,5.487487148e-05
1.038,0.04127646737,0.01881342355,-0.21,0.04124641495,0.01880115606,-0.2099558466,5.480111763e-05
1.039,0.04123129029,0.01882891709,-0.21,0.04120130705,0.0188166432,-0.2099558933,5.472700989e-05
1.04,0.04118585277,0.0188443809,-0.21,0.04115593904,0.0188321006,-0.2099559402,5.465254999e-05
1.041,0.0411401551,0.01885981495,-0.21,0.04111031122,0.01884752824,-0.2099559874,5.457773969e-05
1.042,0.04109419756,0.01887521923,-0.21,0.04106442386,0.0188629261,-0.2099560348,5.450258075e-05
1.043,0.04104798045,0.01889059369,-0.21,0.04101827727,0.01887829416,-0.2099560825,5.442707493e-05
1.044,0.04100150406,0.01890593832,-0.21,0.04097187172,0.01889363238,-0.2099561304,5.435122401e-05
1.045,0.04095476868,0.0189212531,-0.21,0.04092520751,0.01890894075,-0.2099561785,5.427502978e-05
1.046,0.04090777461,0.018936538,-0.21,0.04087828494,0.01892421924,-0.2099562269,5.419849403e-05
1.047,0.04086052214,0.018951793,-0.21,0.04083110431,0.01893946783,-0.2099562755,5.412161856e-05
1.048,0.04081301158,0.01896701807,-0.21,0.0407836659,0.01895468649,-0.2099563244,5.40444052e-05
1.049,0.04076524322,0.01898221318,-0.21,0.04073597002,0.01896987519,-0.2099563735,5.396685577e-05
1.05,0.04071721736,0.01899737832,-0.21,0.04068801696,0.01898503393,-0.2099564228,5.388897209e-05
1.051,0.04066893431,0.01901251347,-0.21,0.04063980704,0.01900016266,-0.2099564723,5.381075601e-05
1.052,0.04062039438,0.01902761858,-0.21,0.04059134055,0.01901526138,-0.2099565221,5.373220937e-05
1.053,0.04057159786,0.01904269366,-0.21,0.04054261781,0.01903033004,-0.2099565722,5.365333404e-05
1.054,0.04052254507,0.01905773866,-0.21,0.04049363911,0.01904536864,-0.2099566224,5.357413188e-05
1.055,0.04047323632,0.01907275356,-0.21,0.04044440477,0.01906037714,-0.2099566729,5.349460478e-05
1.056,0.04042367192,0.01908773835,-0.21,0.04039491509,0.01907535553,-0.2099567236,5.341475462e-05
1.057,0.04037385218,0.01910269299,-0.21,0.04034517039,0.01909030378,-0.2099567745,5.333458329e-05
1.058,0.04032377742,0.01911761747,-0.21,0.04029517099,0.01910522186,-0.2099568257,5.32540927e-05
1.059,0.04027344795,0.01913251176,-0.21,0.04024491719,0.01912010976,-0.2099568771,5.317328474e-05
1.06,0.04022286409,0.01914737584,-0.21,0.04019440932,0.01913496744,-0.2099569287,5.309216127e-05
1.061,0.04017202616,0.01916220968,-0.21,0.04014364769,0.01914979489,-0.2099569806,5.301072407e-05
1.062,0.04012093448,0.01917701326,-0.21,0.04009263262,0.01916459208,-0.2099570326,5.292897493e-05
1.063,0.04006958938,0.01919178656,-0.21,0.04004136443,0.019179359,-0.2099570849,5.284691566e-05
1.064,0.04001799118,0.01920652955,-0.21,0.03998984346,0.01919409561,-0.2099571374,5.276454815e-05
1.065,0.0399661402,0.01922124221,-0.21,0.03993807002,0.01920880189,-0.2099571902,5.268187433e-05
1.066,0.03991403677,0.01923592452,-0.21,0.03988604443,0.01922347782,-0.2099572431,5.259889621e-05
1.067,0.03986168122,0.01925057645,-0.21,0.03983376704,0.01923812338,-0.2099572963,5.251561579e-05
1.068,0.03980907389,0.01926519799,-0.21,0.03978123816,0.01925273855,-0.2099573496,5.243203511e-05
1.069,0.0397562151,0.0192797891,-0.21,0.03972845813,0.01926732329,-0.2099574032,5.234815619e-05
1.07,0.03970310519,0.01929434976,-0.21,0.03967542728,0.0192818776,-0.2099574571,5.226398103e-05
1.071,0.03964974449,0.01930887996,-0.21,0.03962214594,0.01929640144,-0.2099575111,5.21795116e-05
1.072,0.03959613334,0.01932337967,-0.21,0.03956861445,0.01931089479,-0.2099575653,5.209474992e-05
1.073,0.03954227209,0.01933784886,-0.21,0.03951483316,0.01932535763,-0.2099576198,5.200969798e-05
1.074,0.03948816106,0.01935228751,-0.21,0.03946080239,0.01933978994,-0.2099576744,5.192435783e-05
1.075,0.0394338006,0.01936669561,-0.21,0.03940652249,0.0193541917,-0.2099577293,5.183873153e-05
1.076,0.03937919106,0.01938107312,-0.21,0.03935199379,0.01936856288,-0.2099577844,5.175282115e-05
1.077,0.03932433278,0.01939542003,-0.21,0.03929721666,0.01938290345,-0.2099578397,5.166662879e-05
1.078,0.0392692261,0.0194097363,-0.21,0.03924219142,0.01939721341,-0.2099578952,5.158015652e-05
1.079,0.03921387138,0.01942402193,-0.21,0.03918691843,0.01941149272,-0.2099579509,5.149340647e-05
1.08,0.03915826896,0.01943827689,-0.21,0.03913139803,0.01942574136,-0.2099580068,5.140638074e-05
1.081,0.0391024192,0.01945250115,-0.21,0.03907563058,0.01943995931,-0.2099580629,5.131908142e-05
1.082,0.03904632244,0.01946669469,-0.21,0.03901961642,0.01945414655,-0.2099581192,5.123151064e-05
1.083,0.03898997905,0.01948085749,-0.21,0.03896335591,0.01946830305,-0.2099581757,5.114367053e-05
1.084,0.03893338937,0.01949498952,-0.21,0.03890684941,0.0194824288,-0.2099582324,5.105556321e-05
1.085,0.03887655377,0.01950909078,-0.21,0.03885009726,0.01949652377,-0.2099582894,5.096719083e-05
1.086,0.03881947261,0.01952316122,-0.21,0.03879309984,0.01951058793,-0.2099583465,5.087855556e-05
1.087,0.03876214624,0.01953720084,-0.21,0.03873585749,0.01952462128,-0.2099584038,5.078965955e-05
1.088,0.03870457503,0.0195512096,-0.21,0.03867837058,0.01953862378,-0.2099584613,5.070050499e-05
1.089,0.03864675933,0.01956518749,-0.21,0.03862063947,0.01955259541,-0.209958519,5.061109406e-05
1.09,0.03858869953,0.01957913448,-0.21,0.03856266452,0.01956653615,-0.2099585769,5.052142898e-05
1.091,0.03853039598,0.01959305055,-0.21,0.0385044461,0.01958044598,-0.209958635,5.043151194e-05
1.092,0.03847184904,0.01960693569,-0.21,0.03844598459,0.01959432488,-0.2099586932,5.034134516e-05
1.093,0.0384130591,0.01962078986,-0.21,0.03838728033,0.01960817283,-0.2099587517,5.025093085e-05
1.094,0.03835402652,0.01963461305,-0.21,0.03832833372,0.0196219898,-0.2099588104,5.016027125e-05
1.095,0.03829475168,0.01964840523,-0.21,0.03826914511,0.01963577577,-0.2099588692,5.006936858e-05
1.096,0.03823523495,0.01966216639,-0.21,0.03820971488,0.01964953072,-0.2099589282,4.997822511e-05
1.097,0.0381754767,0.01967589649,-0.21,0.0381500434,0.01966325463,-0.2099589875,4.988684307e-05
1.098,0.03811547731,0.01968959553,-0.21,0.03809013106,0.01967694748,-0.2099590469,4.979522475e-05
1.099,0.03805523717,0.01970326347,-0.21,0.03802997822,0.01969060925,-0.2099591065,4.970337242e-05
1.1,0.03799475665,0.0197169003,-0.21,0.03796958528,0.01970423991,-0.2099591662,4.961128837e-05
1.101,0.03793403613,0.01973050599,-0.21,0.0379089526,0.01971783944,-0.2099592262,4.95189749e-05
1.102,0.037873076,0.01974408053,-0.21,0.03784808058,0.01973140783,-0.2099592863,4.94264343e-05
1.103,0.03781187665,0.01975762389,-0.21,0.03778696959,0.01974494504,-0.2099593466,4.93336689e-05
1.104,0.03775043845,0.01977113604,-0.21,0.03772562002,0.01975845107,-0.2099594071,4.924068102e-05
1.105,0.0376887618,0.01978461698,-0.21,0.03766403226,0.01977192588,-0.2099594678,4.914747298e-05
1.106,0.03762684709,0.01979806667,-0.21,0.03760220669,0.01978536946,-0.2099595286,4.905404714e-05
1.107,0.03756469471,0.0198114851,-0.21,0.03754014371,0.01979878179,-0.2099595897,4.896040581e-05
1.108,0.03750230505,0.01982487225,-0.21,0.0374778437,0.01981216284,-0.2099596509,4.886655137e-05
1.109,0.0374396785,0.01983822808,-0.21,0.03741530707,0.0198255126,-0.2099597122,4.877248619e-05
1.11,0.03737681546,0.01985155259,-0.21,0.0373525342,0.01983883104,-0.2099597738,4.867821264e-05
1.111,0.03731371634,0.01986484576,-0.21,0.03728952549,0.01985211815,-0.2099598355,4.858373312e-05
1.112,0.03725038151,0.01987810755,-0.21,0.03722628133,0.01986537389,-0.2099598973,4.848905002e-05
1.113,0.0371868114,0.01989133795,-0.21,0.03716280213,0.01987859826,-0.2099599594,4.839416574e-05
1.114,0.03712300639,0.01990453695,-0.21,0.03709908829,0.01989179122,-0.2099600216,4.829908271e-05
1.115,0.03705896689,0.0199177045,-0.21,0.0370351402,0.01990495277,-0.209960084,4.820380334e-05
1.116,0.03699469331,0.01993084061,-0.21,0.03697095828,0.01991808287,-0.2099601465,4.810833007e-05
1.117,0.03693018605,0.01994394525,-0.21,0.03690654292,0.01993118152,-0.2099602092,4.801266532e-05
1.118,0.03686544552,0.01995701838,-0.21,0.03684189453,0.01994424868,-0.2099602721,4.791681156e-05
1.119,0.03680047213,0.01997006001,-0.21,0.03677701352,0.01995728434,-0.2099603351,4.782077122e-05
1.12,0.03673526628,0.0199830701,-0.21,0.0367119003,0.01997028848,-0.2099603983,4.772454681e-05
1.121,0.0366698284,0.01999604863,-0.21,0.03664655528,0.01998326107,-0.2099604617,4.762814079e-05
1.122,0.03660415889,0.02000899559,-0.21,0.03658097887,0.0199962021,-0.2099605252,4.753155566e-05
1.123,0.03653825816,0.02002191095,-0.21,0.03651517148,0.02000911154,-0.2099605888,4.743479389e-05
1.124,0.03647212664,0.02003479469,-0.21,0.03644913353,0.02002198939,-0.2099606527,4.733785802e-05
1.125,0.03640576475,0.02004764679,-0.21,0.03638286544,0.0200348356,-0.2099607166,4.724075055e-05
1.126,0.03633917289,0.02006046724,-0.21,0.03631636762,0.02004765018,-0.2099607807,4.714347401e-05
1.127,0.0362723515,0.02007325601,-0.21,0.0362496405,0.02006043309,-0.209960845,4.704603093e-05
1.128,0.03620530099,0.02008601308,-0.21,0.03618268448,0.02007318431,-0.2099609095,4.694842386e-05
1.129,0.03613802179,0.02009873843,-0.21,0.03611550001,0.02008590383,-0.209960974,4.685065534e-05
1.13,0.03607051432,0.02011143204,-0.21,0.03604808749,0.02009859163,-0.2099610388,4.675272794e-05
1.131,0.03600277901,0.0201240939,-0.21,0.03598044736,0.02011124768,-0.2099611036,4.665464423e-05
1.132,0.03593481629,0.02013672397,-0.21,0.03591258004,0.02012387197,-0.2099611686,4.655640679e-05
1.133,0.03586662658,0.02014932225,-0.21,0.03584448596,0.02013646447,-0.2099612338,4.645801823e-05
1.134,0.03579821032,0.02016188871,-0.21,0.03577616554,0.02014902517,-0.2099612991,4.635948114e-05
1.135,0.03572956794,0.02017442333,-0.21,0.03570761923,0.02016155405,-0.2099613646,4.626079814e-05
1.136,0.03566069987,0.02018692609,-0.21,0.03563884744,0.02017405109,-0.2099614301,4.616197184e-05
1.137,0.03559160655,0.02019939697,-0.21,0.03556985063,0.02018651626,-0.2099614959,4.606300486e-05
1.138,0.03552228841,0.02021183596,-0.21,0.03550062921,0.02019894956,-0.2099615617,4.596389985e-05
1.139,0.0354527459,0.02022424303,-0.21,0.03543118363,0.02021135095,-0.2099616277,4.586465946e-05
1.14,0.03538297945,0.02023661816,-0.21,0.03536151432,0.02022372042,-0.2099616939,4.576528635e-05
1.141,0.03531298949,0.02024896134,-0.21,0.03529162173,0.02023605795,-0.2099617602,4.566578317e-05
1.142,0.03524277649,0.02026127254,-0.21,0.03522150629,0.02024836352,-0.2099618266,4.556615263e-05
1.143,0.03517234087,0.02027355174,-0.21,0.03515116845,0.02026063712,-0.2099618931,4.546639739e-05
1.144,0.03510168308,0.02028579893,-0.21,0.03508060864,0.02027287871,-0.2099619598,4.536652017e-05
1.145,0.03503080357,0.02029801409,-0.21,0.03500982733,0.02028508829,-0.2099620266,4.526652367e-05
1.146,0.03495970279,0.02031019719,-0.21,0.03493882494,0.02029726584,-0.2099620935,4.51664106e-05
1.147,0.03488838118,0.02032234822,-0.21,0.03486760194,0.02030941133,-0.2099621606,4.506618368e-05
1.148,0.0348168392,0.02033446716,-0.21,0.03479615876,0.02032152474,-0.2099622278,4.496584565e-05
1.149,0.0347450773,0.02034655398,-0.21,0.03472449586,0.02033360607,-0.2099622951,4.486539928e-05
1.15,0.03467309592,0.02035860868,-0.21,0.0346526137,0.02034565528,-0.2099623625,4.476484731e-05
1.151,0.03460089554,0.02037063123,-0.21,0.03458051271,0.02035767236,-0.2099624301,4.46641925e-05
1.152,0.03452847659,0.02038262161,-0.21,0.03450819337,0.02036965729,-0.2099624978,4.456343762e-05
1.153,0.03445583955,0.0203945798,-0.21,0.03443565612,0.02038161005,-0.2099625656,4.446258548e-05
1.154,0.03438298486,0.02040650579,-0.21,0.03436290143,0.02039353063,-0.2099626335,4.436163886e-05
1.155,0.034309913,0.02041839955,-0.21,0.03428992974,0.020405419,-0.2099627015,4.426060057e-05
1.156,0.03423662441,0.02043026107,-0.21,0.03421674153,0.02041727515,-0.2099627697,4.415947343e-05
1.157,0.03416311956,0.02044209033,-0.21,0.03414333725,0.02042909906,-0.209962838,4.405826027e-05
1.158,0.03408939892,0.0204538873,-0.21,0.03406971736,0.0204408907,-0.2099629063,4.395696391e-05
1.159,0.03401546296,0.02046565198,-0.21,0.03399588234,0.02045265007,-0.2099629748,4.385558721e-05
1.16,0.03394131213,0.02047738434,-0.21,0.03392183264,0.02046437713,-0.2099630435,4.375413302e-05
1.161,0.03386694692,0.02048908436,-0.21,0.03384756873,0.02047607188,-0.2099631122,4.365260422e-05
1.162,0.03379236778,0.02050075203,-0.21,0.03377309109,0.0204877343,-0.209963181,4.355100366e-05
1.163,0.03371757519,0.02051238732,-0.21,0.03369840018,0.02049936437,-0.2099632499,4.344933425e-05
1.164,0.03364256962,0.02052399023,-0.21,0.03362349647,0.02051096206,-0.209963319,4.334759888e-05
1.165,0.03356735154,0.02053556072,-0.21,0.03354838043,0.02052252737,-0.2099633881,4.324580046e-05
1.166,0.03349192144,0.02054709878,-0.21,0.03347305254,0.02053406026,-0.2099634574,4.314394191e-05
1.167,0.03341627978,0.0205586044,-0.21,0.03339751327,0.02054556074,-0.2099635268,4.304202615e-05
1.168,0.03334042705,0.02057007755,-0.21,0.03332176311,0.02055702877,-0.2099635962,4.294005613e-05
1.169,0.03326436372,0.02058151822,-0.21,0.03324580252,0.02056846434,-0.2099636658,4.283803479e-05
1.17,0.03318809028,0.02059292638,-0.21,0.03316963198,0.02057986743,-0.2099637354,4.273596508e-05
1.171,0.0331116072,0.02060430203,-0.21,0.03309325199,0.02059123802,-0.2099638052,4.263384999e-05
1.172,0.03303491497,0.02061564514,-0.21,0.03301666301,0.0206025761,-0.2099638751,4.25316925e-05
1.173,0.03295801408,0.0206269557,-0.21,0.03293986553,0.02061388165,-0.209963945,4.242949559e-05
1.174,0.032880905,0.02063823368,-0.21,0.03286286004,0.02062515465,-0.2099640151,4.232726227e-05
1.175,0.03280358823,0.02064947908,-0.21,0.03278564702,0.02063639508,-0.2099640852,4.222499556e-05
1.176,0.03272606426,0.02066069186,-0.21,0.03270822696,0.02064760293,-0.2099641554,4.212269846e-05
1.177,0.03264833357,0.02067187202,-0.21,0.03263060035,0.02065877817,-0.2099642258,4.2020374e-05
1.178,0.03257039665,0.02068301954,-0.21,0.03255276767,0.0206699208,-0.2099642962,4.191802524e-05
1.179,0.03249225401,0.02069413439,-0.21,0.03247472942,0.02068103078,-0.2099643667,4.181565523e-05
1.18,0.03241390612,0.02070521657,-0.21,0.03239648609,0.02069210812,-0.2099644373,4.171326705e-05
1.181,0.03233535349,0.02071626604,-0.21,0.03231803817,0.02070315278,-0.2099645079,4.161086378e-05
1.182,0.03225659661,0.02072728281,-0.21,0.03223938616,0.02071416475,-0.2099645787,4.150844848e-05
1.183,0.03217763598,0.02073826684,-0.21,0.03216053055,0.02072514401,-0.2099646496,4.140602426e-05
1.184,0.03209847211,0.02074921813,-0.21,0.03208147184,0.02073609055,-0.2099647205,4.130359423e-05
1.185,0.03201910547,0.02076013665,-0.21,0.03200221054,0.02074700435,-0.2099647915,4.120116149e-05
1.186,0.03193953659,0.02077102238,-0.21,0.03192274713,0.0207578854,-0.2099648626,4.109872919e-05
1.187,0.03185976597,0.02078187532,-0.21,0.03184308213,0.02076873367,-0.2099649337,4.099630047e-05
1.188,0.03177979409,0.02079269544,-0.21,0.03176321602,0.02077954914,-0.209965005,4.089387848e-05
1.189,0.03169962148,0.02080348272,-0.21,0.03168314933,0.02079033181,-0.2099650763,4.079146639e-05
1.19,0.03161924864,0.02081423715,-0.21,0.03160288255,0.02080108165,-0.2099651477,4.068906736e-05
1.191,0.03153867607,0.02082495872,-0.21,0.03152241618,0.02081179866,-0.2099652191,4.058668458e-05
1.192,0.03145790429,0.0208356474,-0.21,0.03144175074,0.0208224828,-0.2099652907,4.048432125e-05
1.193,0.0313769338,0.02084630317,-0.21,0.03136088674,0.02083313406,-0.2099653623,4.038198057e-05
1.194,0.03129576512,0.02085692603,-0.21,0.03127982468,0.02084375244,-0.209965434,4.027966577e-05
1.195,0.03121439876,0.02086751595,-0.21,0.03119856508,0.0208543379,-0.2099655057,4.017738008e-05
1.196,0.03113283523,0.02087807292,-0.21,0.03111710844,0.02086489044,-0.2099655775,4.007512672e-05
1.197,0.03105107505,0.02088859692,-0.21,0.03103545529,0.02087541004,-0.2099656494,3.997290895e-05
1.198,0.03096911873,0.02089908793,-0.21,0.03095360614,0.02088589668,-0.2099657214,3.987073002e-05
1.199,0.0308869668,0.02090954594,-0.21,0.03087156149,0.02089635035,-0.2099657934,3.976859323e-05
1.2,0.03080461977,0.02091997093,-0.21,0.03078932188,0.02090677102,-0.2099658654,3.966650185e-05
1.201,0.03072207815,0.02093036289,-0.21,0.03070688782,0.02091715869,-0.2099659376,3.956445917e-05
1.202,0.03063934249,0.02094072179,-0.21,0.03062425983,0.02092751333,-0.2099660098,3.946247271e-05
1.203,0.03055641328,0.02095104763,-0.21,0.03054143843,0.02093783494,-0.209966082,3.936053964e-05
1.204,0.03047329107,0.02096134038,-0.21,0.03045842415,0.02094812349,-0.2099661543,3.925866203e-05
1.205,0.03038997637,0.02097160003,-0.21,0.0303752175,0.02095837896,-0.2099662267,3.915684489e-05
1.206,0.0303064697,0.02098182656,-0.21,0.03029181901,0.02096860135,-0.2099662991,3.90550934e-05
1.207,0.03022277161,0.02099201996,-0.21,0.03020822922,0.02097879064,-0.2099663716,3.895341172e-05
1.208,0.03013888262,0.02100218022,-0.21,0.03012444863,0.0209889468,-0.2099664441,3.885180305e-05
1.209,0.03005480325,0.0210123073,-0.21,0.03004047779,0.02099906983,-0.2099665167,3.875027023e-05
1.21,0.02997053403,0.02102240121,-0.21,0.02995631723,0.02100915971,-0.2099665893,3.864881629e-05
1.211,0.02988607551,0.02103246191,-0.21,0.02987196747,0.02101921642,-0.209966662,3.85474445e-05
1.212,0.02980142821,0.02104248941,-0.21,0.02978742904,0.02102923995,-0.2099667347,3.844615832e-05
1.213,0.02971659267,0.02105248367,-0.21,0.02970270248,0.02103923028,-0.2099668074,3.834496122e-05
1.214,0.02963156943,0.02106244469,-0.21,0.02961778833,0.02104918739,-0.2099668802,3.824385668e-05
1.215,0.02954635901,0.02107237245,-0.21,0.02953268712,0.02105911128,-0.2099669531,3.814284819e-05
1.216,0.02946096196,0.02108226694,-0.21,0.02944739939,0.02106900192,-0.209967026,3.804193921e-05
1.217,0.02937537882,0.02109212813,-0.21,0.02936192567,0.0210788593,-0.2099670989,3.794113321e-05
1.218,0.02928961013,0.02110195601,-0.21,0.0292762665,0.02108868341,-0.2099671719,3.784043371e-05
1.219,0.02920365644,0.02111175057,-0.21,0.02919042243,0.02109847422,-0.2099672449,3.773984417e-05
1.22,0.02911751827,0.0211215118,-0.21,0.02910439399,0.02110823172,-0.209967318,3.76393681e-05
1.221,0.02903119618,0.02113123967,-0.21,0.02901818173,0.02111795591,-0.2099673911,3.753900899e-05
1.222,0.02894469072,0.02114093417,-0.21,0.0289317862,0.02112764676,-0.2099674642,3.743877035e-05
1.223,0.02885800243,0.02115059528,-0.21,0.02884520793,0.02113730425,-0.2099675373,3.733865571e-05
1.224,0.02877113185,0.021160223,-0.21,0.02875844747,0.02114692838,-0.2099676105,3.723866866e-05
1.225,0.02868407954,0.0211698173,-0.21,0.02867150538,0.02115651912,-0.2099676837,3.713881276e-05
1.226,0.02859684604,0.02117937817,-0.21,0.02858438219,0.02116607647,-0.209967757,3.703909161e-05
1.227,0.02850943192,0.0211889056,-0.21,0.02849707847,0.02117560041,-0.2099678303,3.693950878e-05
1.228,0.02842183771,0.02119839957,-0.21,0.02840959475,0.02118509091,-0.2099679036,3.684006789e-05
1.229,0.02833406397,0.02120786006,-0.21,0.02832193159,0.02119454798,-0.2099679769,3.674077252e-05
1.23,0.02824611126,0.02121728706,-0.21,0.02823408955,0.02120397159,-0.2099680503,3.664162626e-05
1.231,0.02815798013,0.02122668055,-0.21,0.02814606918,0.02121336173,-0.2099681236,3.654263277e-05
1.232,0.02806967114,0.02123604053,-0.21,0.02805787103,0.02122271838,-0.209968197,3.644379568e-05
1.233,0.02798118485,0.02124536697,-0.21,0.02796949566,0.02123204153,-0.2099682705,3.634511863e-05
1.234,0.02789252181,0.02125465986,-0.21,0.02788094363,0.02124133117,-0.2099683439,3.624660531e-05
1.235,0.02780368259,0.02126391919,-0.21,0.02779221549,0.02125058727,-0.2099684174,3.614825938e-05
1.236,0.02771466774,0.02127314494,-0.21,0.02770331181,0.02125980984,-0.2099684909,3.605008452e-05
1.237,0.02762547784,0.0212823371,-0.21,0.02761423315,0.02126899884,-0.2099685643,3.595208442e-05
1.238,0.02753611344,0.02129149565,-0.21,0.02752498007,0.02127815427,-0.2099686379,3.585426279e-05
1.239,0.0274465751,0.02130062057,-0.21,0.02743555313,0.02128727611,-0.2099687114,3.575662335e-05
1.24,0.0273568634,0.02130971186,-0.21,0.02734595289,0.02129636435,-0.2099687849,3.56591698e-05
1.241,0.02726697889,0.0213187695,-0.21,0.02725617993,0.02130541898,-0.2099688585,3.556190589e-05
1.242,0.02717692215,0.02132779347,-0.21,0.02716623481,0.02131443997,-0.209968932,3.546483535e-05
1.243,0.02708669375,0.02133678377,-0.21,0.02707611809,0.02132342732,-0.2099690056,3.536796192e-05
1.244,0.02699629426,0.02134574037,-0.21,0.02698583034,0.02133238102,-0.2099690792,3.527128938e-05
1.245,0.02690572424,0.02135466326,-0.21,0.02689537214,0.02134130104,-0.2099691527,3.517482151e-05
1.246,0.02681498427,0.02136355243,-0.21,0.02680474405,0.02135018737,-0.2099692263,3.507856209e-05
1.247,0.02672407492,0.02137240787,-0.21,0.02671394664,0.02135904001,-0.2099692999,3.498251491e-05
1.248,0.02663299677,0.02138122955,-0.21,0.0266229805,0.02136785893,-0.2099693735,3.488668377e-05
1.249,0.02654175039,0.02139001747,-0.21,0.02653184619,0.02137664412,-0.2099694471,3.479107247e-05
1.25,0.02645033635,0.02139877162,-0.21,0.02644054428,0.02138539557,-0.2099695207,3.469568485e-05
1.251,0.02635875525,0.02140749197,-0.21,0.02634907536,0.02139411327,-0.2099695943,3.460052469e-05
1.252,0.02626700764,0.02141617851,-0.21,0.02625744,0.0214027972,-0.2099696679,3.450559587e-05
1.253,0.02617509412,0.02142483124,-0.21,0.02616563878,0.02141144734,-0.2099697415,3.441090221e-05
1.254,0.02608301527,0.02143345014,-0.21,0.02607367228,0.0214200637,-0.2099698151,3.431644758e-05
1.255,0.02599077165,0.02144203518,-0.21,0.02598154107,0.02142864624,-0.2099698886,3.422223584e-05
1.256,0.02589836387,0.02145058637,-0.21,0.02588924575,0.02143719496,-0.2099699622,3.412827087e-05
1.257,0.0258057925,0.02145910369,-0.21,0.02579678689,0.02144570984,-0.2099700358,3.403455652e-05
1.258,0.02571305813,0.02146758712,-0.21,0.02570416507,0.02145419087,-0.2099701093,3.394109669e-05
1.259,0.02562016133,0.02147603664,-0.21,0.02561138088,0.02146263804,-0.2099701829,3.384789527e-05
1.26,0.02552710271,0.02148445226,-0.21,0.0255184349,0.02147105134,-0.2099702564,3.375495615e-05
1.261,0.02543388284,0.02149283394,-0.21,0.02542532773,0.02147943075,-0.2099703299,3.366228327e-05
1.262,0.02534050232,0.02150118169,-0.21,0.02533205994,0.02148777625,-0.2099704034,3.356988053e-05
1.263,0.02524696174,0.02150949548,-0.21,0.02523863214,0.02149608784,-0.2099704769,3.347775185e-05
1.264,0.02515326168,0.02151777531,-0.21,0.0251450449,0.0215043655,-0.2099705504,3.338590113e-05
1.265,0.02505940274,0.02152602116,-0.21,0.02505129881,0.02151260922,-0.2099706238,3.329433232e-05
1.266,0.02496538551,0.02153423302,-0.21,0.02495739448,0.02152081899,-0.2099706973,3.320304936e-05
1.267,0.02487121059,0.02154241087,-0.21,0.02486333248,0.02152899479,-0.2099707707,3.311205622e-05
1.268,0.02477687857,0.0215505547,-0.21,0.02476911342,0.02153713661,-0.2099708441,3.302135683e-05
1.269,0.02468239004,0.0215586645,-0.21,0.02467473789,0.02154524444,-0.2099709175,3.293095514e-05
1.27,0.0245877456,0.02156674025,-0.21,0.02458020649,0.02155331826,-0.2099709908,3.284085512e-05
1.271,0.02449294586,0.02157478195,-0.21,0.0244855198,0.02156135807,-0.2099710641,3.275106074e-05
1.272,0.0243979914,0.02158278958,-0.21,0.02439067843,0.02156936384,-0.2099711374,3.266157596e-05
1.273,0.02430288284,0.02159076313,-0.21,0.02429568298,0.02157733558,-0.2099712107,3.257240477e-05
1.274,0.02420762076,0.02159870258,-0.21,0.02420053405,0.02158527326,-0.2099712839,3.248355115e-05
1.275,0.02411220577,0.02160660793,-0.21,0.02410523223,0.02159317687,-0.2099713571,3.239501907e-05
1.276,0.02401663848,0.02161447915,-0.21,0.02400977813,0.0216010464,-0.2099714303,3.230681251e-05
1.277,0.02392091949,0.02162231625,-0.21,0.02391417235,0.02160888183,-0.2099715035,3.221893547e-05
1.278,0.0238250494,0.0216301192,-0.21,0.02381841549,0.02161668317,-0.2099715766,3.213139192e-05
1.279,0.02372902882,0.02163788799,-0.21,0.02372250817,0.02162445039,-0.2099716497,3.204418589e-05
1.28,0.02363285835,0.02164562261,-0.21,0.02362645097,0.02163218347,-0.2099717227,3.195732135e-05
1.281,0.0235365386,0.02165332305,-0.21,0.02353024451,0.02163988242,-0.2099717957,3.187080229e-05
1.282,0.02344007019,0.0216609893,-0.21,0.0234338894,0.02164754722,-0.2099718687,3.178463272e-05
1.283,0.02334345371,0.02166862134,-0.21,0.02333738624,0.02165517785,-0.2099719416,3.169881664e-05
1.284,0.02324668978,0.02167621917,-0.21,0.02324073564,0.0216627743,-0.2099720145,3.161335805e-05
1.285,0.02314977902,0.02168378276,-0.21,0.02314393822,0.02167033656,-0.2099720874,3.152826093e-05
1.286,0.02305272203,0.02169131211,-0.21,0.02304699458,0.02167786462,-0.2099721602,3.144352928e-05
1.287,0.02295551942,0.02169880721,-0.21,0.02294990533,0.02168535847,-0.2099722329,3.135916712e-05
1.288,0.02285817182,0.02170626805,-0.21,0.0228526711,0.0216928181,-0.2099723056,3.127517844e-05
1.289,0.02276067983,0.02171369461,-0.21,0.02275529248,0.02170024349,-0.2099723783,3.119156722e-05
1.29,0.02266304407,0.02172108687,-0.21,0.0226577701,0.02170763463,-0.2099724509,3.110833744e-05
1.291,0.02256526516,0.02172844484,-0.21,0.02256010457,0.02171499152,-0.2099725235,3.102549311e-05
1.292,0.02246734372,0.0217357685,-0.21,0.02246229651,0.02172231413,-0.209972596,3.094303821e-05
1.293,0.02236928036,0.02174305783,-0.21,0.02236434653,0.02172960246,-0.2099726685,3.086097672e-05
1.294,0.0222710757,0.02175031282,-0.21,0.02226625525,0.0217368565,-0.2099727409,3.077931261e-05
1.295,0.02217273037,0.02175753347,-0.21,0.0221680233,0.02174407623,-0.2099728133,3.069804985e-05
1.296,0.02207424498,0.02176471977,-0.21,0.02206965128,0.02175126165,-0.2099728856,3.06171924e-05
1.297,0.02197562016,0.02177187169,-0.21,0.02197113983,0.02175841274,-0.2099729579,3.053674425e-05
1.298,0.02187685653,0.02177898923,-0.21,0.02187248956,0.02176552949,-0.2099730301,3.045670934e-05
1.299,0.02177795471,0.02178607238,-0.21,0.0217737011,0.02177261189,-0.2099731022,3.037709163e-05
1.3,0.02167891533,0.02179312113,-0.21,0.02167477507,0.02177965993,-0.2099731743,3.029789504e-05
1.301,0.02157973902,0.02180013546,-0.21,0.02157571209,0.0217866736,-0.2099732464,3.021912352e-05
1.302,0.0214804264,0.02180711536,-0.21,0.02147651279,0.02179365288,-0.2099733183,3.014078095e-05
1.303,0.02138097809,0.02181406083,-0.21,0.02137717779,0.02180059777,-0.2099733902,3.006287127e-05
1.304,0.02128139473,0.02182097186,-0.21,0.02127770773,0.02180750826,-0.2099734621,2.998539838e-05
1.305,0.02118167695,0.02182784842,-0.21,0.02117810322,0.02181438433,-0.2099735338,2.990836617e-05
1.306,0.02108182537,0.02183469052,-0.21,0.02107836491,0.02182122598,-0.2099736056,2.983177856e-05
1.307,0.02098184062,0.02184149813,-0.21,0.02097849341,0.02182803318,-0.2099736772,2.975563938e-05
1.308,0.02088172335,0.02184827126,-0.21,0.02087848935,0.02183480594,-0.2099737488,2.967995251e-05
1.309,0.02078147417,0.02185500988,-0.21,0.02077835338,0.02184154424,-0.2099738203,2.960472179e-05
1.31,0.02068109373,0.02186171399,-0.21,0.02067808612,0.02184824808,-0.2099738917,2.952995104e-05
1.311,0.02058058265,0.02186838358,-0.21,0.0205776882,0.02185491743,-0.2099739631,2.945564408e-05
1.312,0.02047994158,0.02187501863,-0.21,0.02047716025,0.02186155229,-0.2099740344,2.938180471e-05
1.313,0.02037917114,0.02188161915,-0.21,0.02037650292,0.02186815265,-0.2099741056,2.930843671e-05
1.314,0.02027827198,0.0218881851,-0.21,0.02027571683,0.0218747185,-0.2099741768,2.923554383e-05
1.315,0.02017724472,0.0218947165,-0.21,0.02017480263,0.02188124984,-0.2099742478,2.916312986e-05
1.316,0.02007609002,0.02190121332,-0.21,0.02007376094,0.02188774663,-0.2099743188,2.90911985e-05
1.317,0.01997480851,0.02190767555,-0.21,0.01997259242,0.02189420889,-0.2099743898,2.901975347e-05
1.318,0.01987340082,0.02191410319,-0.21,0.01987129768,0.0219006366,-0.2099744606,2.894879851e-05
1.319,0.01977186761,0.02192049622,-0.21,0.01976987738,0.02190702974,-0.2099745314,2.887833725e-05
1.32,0.0196702095,0.02192685464,-0.21,0.01966833216,0.02191338832,-0.209974602,2.880837335e-05
1.321,0.01956842714,0.02193317843,-0.21,0.01956666265,0.02191971231,-0.2099746726,2.873891046e-05
1.322,0.01946652119,0.02193946759,-0.21,0.0194648695,0.02192600171,-0.2099747432,2.866995216e-05
1.323,0.01936449227,0.0219457221,-0.21,0.01936295334,0.0219322565,-0.2099748136,2.860150203e-05
1.324,0.01926234103,0.02195194195,-0.21,0.01926091483,0.02193847669,-0.2099748839,2.853356364e-05
1.325,0.01916006812,0.02195812714,-0.21,0.01915875461,0.02194466226,-0.2099749542,2.846614051e-05
1.326,0.01905767419,0.02196427766,-0.21,0.01905647331,0.02195081319,-0.2099750244,2.839923616e-05
1.327,0.01895515987,0.02197039349,-0.21,0.01895407159,0.02195692948,-0.2099750944,2.833285408e-05
1.328,0.01885252583,0.02197647463,-0.21,0.0188515501,0.02196301113,-0.2099751644,2.826699772e-05
1.329,0.0187497727,0.02198252106,-0.21,0.01874890947,0.02196905811,-0.2099752343,2.820167052e-05
1.33,0.01864690114,0.02198853278,-0.21,0.01864615036,0.02197507043,-0.2099753041,2.813687586e-05
1.331,0.0185439118,0.02199450978,-0.21,0.01854327342,0.02198104806,-0.2099753739,2.807261708e-05
1.332,0.01844080532,0.02200045204,-0.21,0.0184402793,0.02198699101,-0.2099754435,2.800889754e-05
1.333,0.01833758236,0.02200635956,-0.21,0.01833716863,0.02199289926,-0.209975513,2.794572054e-05
1.334,0.01823424357,0.02201223234,-0.21,0.01823394209,0.02199877281,-0.2099755824,2.788308936e-05
1.335,0.01813078961,0.02201807035,-0.21,0.01813060031,0.02200461163,-0.2099756518,2.782100721e-05
1.336,0.01802722112,0.02202387359,-0.21,0.01802714395,0.02201041574,-0.209975721,2.775947729e-05
1.337,0.01792353876,0.02202964205,-0.21,0.01792357366,0.02201618511,-0.2099757902,2.769850278e-05
1.338,0.01781974318,0.02203537573,-0.21,0.0178198901,0.02202191973,-0.2099758592,2.76380868e-05
1.339,0.01771583505,0.02204107461,-0.21,0.01771609392,0.0220276196,-0.2099759281,2.757823245e-05
1.34,0.01761181501,0.02204673868,-0.21,0.01761218578,0.02203328472,-0.209975997,2.751894279e-05
1.341,0.01750768372,0.02205236794,-0.21,0.01750816632,0.02203891506,-0.2099760657,2.74602208e-05
1.342,0.01740344185,0.02205796237,-0.21,0.01740403622,0.02204451062,-0.2099761343,2.740206948e-05
1.343,0.01729909005,0.02206352197,-0.21,0.01729979611,0.02205007139,-0.2099762028,2.734449173e-05
1.344,0.01719462898,0.02206904673,-0.21,0.01719544668,0.02205559737,-0.2099762713,2.728749047e-05
1.345,0.0170900593,0.02207453664,-0.21,0.01709098856,0.02206108854,-0.2099763396,2.723106854e-05
1.346,0.01698538167,0.02207999169,-0.21,0.01698642242,0.0220665449,-0.2099764078,2.717522874e-05
1.347,0.01688059675,0.02208541188,-0.21,0.01688174893,0.02207196644,-0.2099764759,2.711997381e-05
1.348,0.0167757052,0.02209079719,-0.21,0.01677696873,0.02207735314,-0.2099765438,2.706530648e-05
1.349,0.01667070768,0.02209614761,-0.21,0.0166720825,0.02208270501,-0.2099766117,2.701122941e-05
1.35,0.01656560487,0.02210146314,-0.21,0.01656709089,0.02208802202,-0.2099766794,2.695774524e-05
1.351,0.01646039742,0.02210674377,-0.21,0.01646199457,0.02209330418,-0.2099767471,2.690485651e-05
1.352,0.016355086,0.02211198949,-0.21,0.0163567942,0.02209855148,-0.2099768146,2.685256573e-05
1.353,0.01624967126,0.02211720029,-0.21,0.01625149044,0.0221037639,-0.209976882,2.680087539e-05
1.354,0.01614415389,0.02212237617,-0.21,0.01614608397,0.02210894144,-0.2099769493,2.674978792e-05
1.355,0.01603853454,0.02212751711,-0.21,0.01604057543,0.02211408409,-0.2099770165,2.669930567e-05
1.356,0.01593281389,0.02213262311,-0.21,0.01593496551,0.02211919185,-0.2099770835,2.664943094e-05
1.357,0.01582699259,0.02213769416,-0.21,0.01582925486,0.02212426469,-0.2099771505,2.660016602e-05
1.358,0.01572107132,0.02214273025,-0.21,0.01572344416,0.02212930263,-0.2099772173,2.655151308e-05
1.359,0.01561505075,0.02214773138,-0.21,0.01561753407,0.02213430564,-0.209977284,2.65034743e-05
1.36,0.01550893154,0.02215269753,-0.21,0.01551152526,0.02213927373,-0.2099773506,2.645605177e-05
1.361,0.01540271438,0.02215762869,-0.21,0.0154054184,0.02214420687,-0.209977417,2.640924752e-05
1.362,0.01529639992,0.02216252487,-0.21,0.01529921415,0.02214910507,-0.2099774833,2.636306353e-05
1.363,0.01518998884,0.02216738605,-0.21,0.0151929132,0.02215396832,-0.2099775495,2.631750171e-05
1.364,0.01508348181,0.02217221223,-0.21,0.01508651621,0.02215879661,-0.2099776156,2.627256393e-05
1.365,0.0149768795,0.02217700339,-0.21,0.01498002385,0.02216358993,-0.2099776815,2.622825198e-05
1.366,0.0148701826,0.02218175953,-0.21,0.01487343679,0.02216834827,-0.2099777474,2.618456761e-05
1.367,0.01476339176,0.02218648065,-0.21,0.01476675571,0.02217307163,-0.209977813,2.614151249e-05
1.368,0.01465650768,0.02219116672,-0.21,0.01465998128,0.02217776,-0.2099778786,2.609908823e-05
1.369,0.01454953101,0.02219581776,-0.21,0.01455311417,0.02218241337,-0.209977944,2.605729638e-05
1.37,0.01444246244,0.02220043374,-0.21,0.01444615506,0.02218703174,-0.2099780093,2.601613845e-05
1.371,0.01433530265,0.02220501467,-0.21,0.01433910462,0.02219161509,-0.2099780745,2.597561582e-05
1.372,0.0142280523,0.02220956054,-0.21,0.01423196354,0.02219616342,-0.2099781395,2.593572988e-05
1.373,0.01412071208,0.02221407133,-0.21,0.01412473247,0.02220067673,-0.2099782044,2.589648192e-05
1.374,0.01401328267,0.02221854704,-0.21,0.01401741212,0.022205155,-0.2099782691,2.585787316e-05
1.375,0.01390576475,0.02222298766,-0.21,0.01391000314,0.02220959822,-0.2099783337,2.581990477e-05
1.376,0.01379815898,0.0222273932,-0.21,0.01380250621,0.02221400641,-0.2099783982,2.578257779e-05
1.377,0.01369046606,0.02223176363,-0.21,0.01369492203,0.02221837953,-0.2099784626,2.574589326e-05
1.378,0.01358268667,0.02223609895,-0.21,0.01358725126,0.02222271759,-0.2099785268,2.570985213e-05
1.379,0.01347482148,0.02224039917,-0.21,0.01347949458,0.02222702059,-0.2099785908,2.567445529e-05
1.38,0.01336687117,0.02224466426,-0.21,0.01337165268,0.0222312885,-0.2099786547,2.563970354e-05
1.381,0.01325883643,0.02224889422,-0.21,0.01326372624,0.02223552134,-0.2099787185,2.560559763e-05
1.382,0.01315071794,0.02225308905,-0.21,0.01315571593,0.02223971908,-0.2099787821,2.557213824e-05
1.383,0.01304251639,0.02225724874,-0.21,0.01304762244,0.02224388173,-0.2099788456,2.553932594e-05
1.384,0.01293423245,0.02226137328,-0.21,0.01293944645,0.02224800927,-0.2099789089,2.550716127e-05
1.385,0.01282586681,0.02226546267,-0.21,0.01283118865,0.02225210171,-0.2099789721,2.547564469e-05
1.386,0.01271742016,0.0222695169,-0.21,0.01272284971,0.02225615903,-0.2099790352,2.544477656e-05
1.387,0.01260889317,0.02227353596,-0.21,0.01261443032,0.02226018122,-0.2099790981,2.541455721e-05
1.388,0.01250028654,0.02227751985,-0.21,0.01250593117,0.02226416829,-0.2099791608,2.538498685e-05
1.389,0.01239160096,0.02228146855,-0.21,0.01239735294,0.02226812022,-0.2099792234,2.535606563e-05
1.39,0.0122828371,0.02228538208,-0.21,0.01228869631,0.02227203702,-0.2099792858,2.532779364e-05
1.391,0.01217399565,0.02228926041,-0.21,0.01217996198,0.02227591866,-0.2099793481,2.530017091e-05
1.392,0.01206507731,0.02229310354,-0.21,0.01207115062,0.02227976515,-0.2099794103,2.527319737e-05
1.393,0.01195608276,0.02229691147,-0.21,0.01196226293,0.02228357648,-0.2099794723,2.524687289e-05
1.394,0.01184701269,0.02230068419,-0.21,0.01185329959,0.02228735264,-0.2099795341,2.522119726e-05
1.395,0.01173786778,0.0223044217,-0.21,0.01174426129,0.02229109363,-0.2099795958,2.519617017e-05
1.396,0.01162864874,0.02230812398,-0.21,0.01163514872,0.02229479945,-0.2099796573,2.517179126e-05
1.397,0.01151935624,0.02231179104,-0.21,0.01152596256,0.02229847008,-0.2099797186,2.51480601e-05
1.398,0.01140999097,0.02231542286,-0.21,0.01141670351,0.02230210552,-0.2099797798,2.512497615e-05
1.399,0.01130055364,0.02231901944,-0.21,0.01130737226,0.02230570576,-0.2099798409,2.510253887e-05
1.4,0.01119104492,0.02232258078,-0.21,0.01119796949,0.0223092708,-0.2099799018,2.508074757e-05
1.401,0.01108146552,0.02232610687,-0.21,0.0110884959,0.02231280064,-0.2099799625,2.50596015e-05
1.402,0.01097181612,0.0223295977,-0.21,0.01097895218,0.02231629526,-0.2099800231,2.503909986e-05
1.403,0.01086209741,0.02233305327,-0.21,0.01086933901,0.02231975467,-0.2099800835,2.501924175e-05
1.404,0.0107523101,0.02233647357,-0.21,0.0107596571,0.02232317885,-0.2099801437,2.500002622e-05
1.405,0.01064245487,0.0223398586,-0.21,0.01064990713,0.0223265678,-0.2099802038,2.498145222e-05
1.406,0.01053253241,0.02234320836,-0.21,0.0105400898,0.02232992152,-0.2099802637,2.496351867e-05
1.407,0.01042254342,0.02234652283,-0.21,0.01043020579,0.02233324,-0.2099803234,2.494622435e-05
1.408,0.0103124886,0.02234980201,-0.21,0.01032025581,0.02233652323,-0.209980383,2.4929568e-05
1.409,0.01020236865,0.0223530459,-0.21,0.01021024055,0.02233977121,-0.2099804424,2.49135483e-05
1.41,0.01009218424,0.02235625449,-0.21,0.0101001607,0.02234298394,-0.2099805016,2.489816383e-05
1.411,0.009981936092,0.02235942777,-0.21,0.009990016954,0.0223461614,-0.2099805607,2.488341312e-05
1.412,0.00987162489,0.02236256575,-0.21,0.009879810012,0.0223493036,-0.2099806196,2.486929462e-05
1.413,0.009761251334,0.02236566842,-0.21,0.009769540566,0.02235241053,-0.2099806783,2.485580669e-05
1.414,0.00965081612,0.02236873576,-0.21,0.009659209315,0.02235548218,-0.2099807368,2.484294764e-05
1.415,0.009540319946,0.02237176778,-0.21,0.009548816954,0.02235851855,-0.2099807952,2.483071571e-05
1.416,0.009429763511,0.02237476448,-0.21,0.00943836418,0.02236151964,-0.2099808534,2.481910905e-05
1.417,0.009319147512,0.02237772584,-0.21,0.009327851691,0.02236448544,-0.2099809115,2.480812577e-05
1.418,0.009208472648,0.02238065186,-0.21,0.009217280184,0.02236741594,-0.2099809693,2.479776387e-05
1.419,0.009097739619,0.02238354255,-0.21,0.009106650357,0.02237031114,-0.209981027,2.47880213e-05
1.42,0.008986949123,0.02238639788,-0.21,0.008995962909,0.02237317103,-0.2099810845,2.477889597e-05
1.421,0.008876101861,0.02238921787,-0.21,0.008885218539,0.02237599562,-0.2099811418,2.477038568e-05
1.422,0.008765198532,0.0223920025,-0.21,0.008774417944,0.02237878489,-0.209981199,2.476248819e-05
1.423,0.008654239838,0.02239475176,-0.21,0.008663561826,0.02238153884,-0.209981256,2.475520116e-05
1.424,0.008543226479,0.02239746567,-0.21,0.008552650884,0.02238425747,-0.2099813127,2.474852222e-05
1.425,0.008432159156,0.0224001442,-0.21,0.008441685818,0.02238694078,-0.2099813694,2.474244893e-05
1.426,0.008321038571,0.02240278737,-0.21,0.008330667329,0.02238958875,-0.2099814258,2.473697876e-05
1.427,0.008209865426,0.02240539515,-0.21,0.008219596117,0.02239220139,-0.209981482,2.473210916e-05
1.428,0.008098640423,0.02240796756,-0.21,0.008108472883,0.02239477868,-0.2099815381,2.472783746e-05
1.429,0.007987364265,0.02241050458,-0.21,0.007997298331,0.02239732064,-0.209981594,2.472416098e-05
1.43,0.007876037654,0.02241300621,-0.21,0.00788607316,0.02239982724,-0.2099816497,2.472107694e-05
1.431,0.007764661294,0.02241547244,-0.21,0.007774798074,0.02240229849,-0.2099817052,2.471858254e-05
1.432,0.007653235887,0.02241790328,-0.21,0.007663473774,0.02240473439,-0.2099817605,2.471667488e-05
1.433,0.007541762139,0.02242029872,-0.21,0.007552100965,0.02240713493,-0.2099818156,2.471535103e-05
1.434,0.007430240753,0.02242265876,-0.21,0.007440680348,0.0224095001,-0.2099818706,2.471460799e-05
1.435,0.007318672434,0.02242498338,-0.21,0.007329212628,0.0224118299,-0.2099819253,2.471444272e-05
1.436,0.007207057886,0.02242727259,-0.21,0.007217698507,0.02241412433,-0.2099819799,2.47148521e-05
1.437,0.007095397814,0.02242952639,-0.21,0.007106138691,0.02241638339,-0.2099820343,2.471583296e-05
1.438,0.006983692923,0.02243174477,-0.21,0.006994533883,0.02241860707,-0.2099820885,2.471738208e-05
1.439,0.00687194392,0.02243392773,-0.21,0.006882884789,0.02242079537,-0.2099821425,2.471949617e-05
1.44,0.00676015151,0.02243607526,-0.21,0.006771192112,0.02242294827,-0.2099821963,2.472217193e-05
1.441,0.0066483164,0.02243818736,-0.21,0.006659456559,0.02242506579,-0.2099822499,2.472540599e-05
1.442,0.006536439294,0.02244026402,-0.21,0.006547678835,0.02242714792,-0.2099823033,2.472919494e-05
1.443,0.006424520902,0.02244230525,-0.21,0.006435859644,0.02242919465,-0.2099823565,2.473353529e-05
1.444,0.006312561928,0.02244431104,-0.21,0.006323999694,0.02243120598,-0.2099824095,2.473842352e-05
1.445,0.006200563081,0.02244628139,-0.21,0.006212099691,0.0224331819,-0.2099824624,2.474385606e-05
1.446,0.006088525067,0.0224482163,-0.21,0.006100160341,0.02243512242,-0.209982515,2.474982931e-05
1.447,0.005976448596,0.02245011575,-0.21,0.005988182351,0.02243702754,-0.2099825674,2.475633961e-05
1.448,0.005864334373,0.02245197975,-0.21,0.005876166428,0.02243889723,-0.2099826197,2.476338326e-05
1.449,0.005752183109,0.0224538083,-0.21,0.005764113279,0.02244073151,-0.2099826717,2.477095652e-05
1.45,0.00563999551,0.02245560139,-0.21,0.005652023612,0.02244253038,-0.2099827236,2.477905562e-05
1.451,0.005527772287,0.02245735902,-0.21,0.005539898134,0.02244429382,-0.2099827752,2.478767672e-05
1.452,0.005415514146,0.02245908119,-0.21,0.005427737553,0.02244602184,-0.2099828267,2.479681596e-05
1.453,0.005303221799,0.02246076789,-0.21,0.005315542578,0.02244771443,-0.2099828779,2.480646944e-05
1.454,0.005190895953,0.02246241912,-0.21,0.005203313917,0.02244937158,-0.2099829289,2.481663324e-05
1.455,0.005078537319,0.02246403488,-0.21,0.005091052279,0.02245099331,-0.2099829798,2.482730339e-05
1.456,0.004966146606,0.02246561516,-0.21,0.004978758372,0.0224525796,-0.2099830304,2.483847589e-05
1.457,0.004853724525,0.02246715997,-0.21,0.004866432906,0.02245413045,-0.2099830808,2.485014669e-05
1.458,0.004741271784,0.02246866931,-0.21,0.004754076589,0.02245564586,-0.2099831311,2.486231172e-05
1.459,0.004628789095,0.02247014316,-0.21,0.004641690131,0.02245712583,-0.2099831811,2.487496688e-05
1.46,0.004516277168,0.02247158152,-0.21,0.004529274242,0.02245857035,-0.2099832309,2.488810805e-05
1.461,0.004403736714,0.02247298441,-0.21,0.004416829632,0.02245997943,-0.2099832805,2.490173105e-05
1.462,0.004291168444,0.0224743518,-0.21,0.00430435701,0.02246135305,-0.2099833299,2.491583171e-05
1.463,0.004178573068,0.0224756837,-0.21,0.004191857087,0.02246269122,-0.2099833791,2.493040582e-05
1.464,0.004065951298,0.02247698011,-0.21,0.004079330573,0.02246399393,-0.209983428,2.494544914e-05
1.465,0.003953303845,0.02247824103,-0.21,0.003966778179,0.02246526119,-0.2099834768,2.496095741e-05
1.466,0.003840631421,0.02247946645,-0.21,0.003854200615,0.02246649299,-0.2099835254,2.497692634e-05
1.467,0.003727934737,0.02248065637,-0.21,0.003741598592,0.02246768933,-0.2099835737,2.499335162e-05
1.468,0.003615214506,0.0224818108,-0.21,0.003628972822,0.0224688502,-0.2099836219,2.501022893e-05
1.469,0.003502471439,0.02248292972,-0.21,0.003516324015,0.02246997561,-0.2099836698,2.502755393e-05
1.47,0.003389706249,0.02248401313,-0.21,0.003403652883,0.02247106555,-0.2099837175,2.504532223e-05
1.471,0.003276919647,0.02248506105,-0.21,0.003290960137,0.02247212002,-0.209983765,2.506352947e-05
1.472,0.003164112347,0.02248607345,-0.21,0.003178246489,0.02247313902,-0.2099838123,2.508217125e-05
1.473,0.00305128506,0.02248705035,-0.21,0.00306551265,0.02247412254,-0.2099838594,2.510124314e-05
1.474,0.0029384385,0.02248799173,-0.21,0.002952759334,0.0224750706,-0.2099839062,2.512074073e-05
1.475,0.002825573379,0.02248889761,-0.21,0.00283998725,0.02247598317,-0.2099839529,2.514065956e-05
1.476,0.00271269041,0.02248976797,-0.21,0.002727197112,0.02247686027,-0.2099839993,2.516099518e-05
1.477,0.002599790306,0.02249060282,-0.21,0.002614389632,0.02247770189,-0.2099840455,2.518174313e-05
1.478,0.002486873781,0.02249140215,-0.21,0.002501565522,0.02247850803,-0.2099840915,2.520289892e-05
1.479,0.002373941547,0.02249216596,-0.21,0.002388725495,0.02247927869,-0.2099841373,2.522445806e-05
1.48,0.002260994318,0.02249289426,-0.21,0.002275870263,0.02248001386,-0.2099841828,2.524641608e-05
1.481,0.002148032807,0.02249358704,-0.21,0.002163000539,0.02248071355,-0.2099842282,2.52687685e-05
1.482,0.002035057729,0.02249424429,-0.21,0.002050117036,0.02248137775,-0.2099842733,2.529151077e-05
1.483,0.001922069795,0.02249486603,-0.21,0.001937220466,0.02248200647,-0.2099843182,2.531463838e-05
1.484,0.001809069721,0.02249545224,-0.21,0.001824311543,0.02248259969,-0.2099843628,2.533814684e-05
1.485,0.00169605822,0.02249600293,-0.21,0.001711390979,0.02248315743,-0.2099844073,2.536203159e-05
1.486,0.001583036006,0.02249651809,-0.21,0.001598459487,0.02248367968,-0.2099844515,2.538628816e-05
1.487,0.001470003792,0.02249699773,-0.21,0.001485517782,0.02248416643,-0.2099844955,2.5410912e-05
1.488,0.001356962293,0.02249744185,-0.21,0.001372566575,0.0224846177,-0.2099845393,2.543589858e-05
1.489,0.001243912223,0.02249785043,-0.21,0.001259606581,0.02248503347,-0.2099845829,2.546124337e-05
1.49,0.001130854295,0.02249822349,-0.21,0.001146638513,0.02248541374,-0.2099846262,2.548694188e-05
1.491,0.001017789224,0.02249856103,-0.21,0.001033663084,0.02248575852,-0.2099846693,2.551298957e-05
1.492,0.0009047177246,0.02249886303,-0.21,0.0009206810069,0.02248606781,-0.2099847122,2.553938191e-05
1.493,0.0007916405103,0.02249912951,-0.21,0.0008076929962,0.0224863416,-0.2099847549,2.556611441e-05
1.494,0.0006785582956,0.02249936045,-0.21,0.0006946997653,0.02248657989,-0.2099847973,2.559318255e-05
1.495,0.0005654717948,0.02249955587,-0.21,0.0005817020276,0.02248678269,-0.2099848395,2.562058183e-05
1.496,0.0004523817221,0.02249971576,-0.21,0.0004687004967,0.02248694999,-0.2099848815,2.564830773e-05
1.497,0.0003392887919,0.02249984011,-0.21,0.0003556958865,0.02248708179,-0.2099849233,2.567635577e-05
1.498,0.0002261937185,0.02249992894,-0.21,0.0002426889104,0.02248717809,-0.2099849648,2.570472149e-05
1.499,0.0001130972165,0.02249998223,-0.21,0.0001296802823,0.0224872389,-0.2099850061,2.573340039e-05
1.5,5.510910596e-18,0.0225,-0.21,1.667071583e-05,0.0224872642,-0.2099850472,2.576238801e-05
1.501,-0.0001130972165,0.02249998223,-0.21,-9.63390753e-05,0.02248725401,-0.209985088,2.579167988e-05
1.502,-0.0002261937185,0.02249992894,-0.21,-0.0002093483773,0.02248720831,-0.2099851286,2.582127157e-05
1.503,-0.0003392887919,0.02249984011,-0.21,-0.0003223564765,0.02248712712,-0.209985169,2.585115866e-05
1.504,-0.0004523817221,0.02249971576,-0.21,-0.0004353626592,0.02248701043,-0.2099852091,2.588133671e-05
1.505,-0.0005654717948,0.02249955587,-0.21,-0.0005483662115,0.02248685824,-0.209985249,2.591180132e-05
1.506,-0.0006785582956,0.02249936045,-0.21,-0.0006613664199,0.02248667055,-0.2099852887,2.594254806e-05
1.507,-0.0007916405103,0.02249912951,-0.21,-0.0007743625706,0.02248644736,-0.2099853282,2.597357258e-05
1.508,-0.0009047177246,0.02249886303,-0.21,-0.00088735395,0.02248618867,-0.2099853674,2.60048705e-05
1.509,-0.001017789224,0.02249856103,-0.21,-0.001000339844,0.02248589448,-0.2099854064,2.603643745e-05
1.51,-0.001130854295,0.02249822349,-0.21,-0.00111331954,0.02248556479,-0.2099854451,2.606826912e-05
1.511,-0.001243912223,0.02249785043,-0.21,-0.001226292324,0.02248519961,-0.2099854836,2.610036117e-05
1.512,-0.001356962293,0.02249744185,-0.21,-0.001339257482,0.02248479893,-0.2099855219,2.613270929e-05
1.513,-0.001470003792,0.02249699773,-0.21,-0.001452214301,0.02248436275,-0.20998556,2.616530921e-05
1.514,-0.001583036006,0.02249651809,-0.21,-0.001565162067,0.02248389108,-0.2099855978,2.619815665e-05
1.515,-0.00169605822,0.02249600293,-0.21,-0.001678100067,0.0224833839,-0.2099856353,2.623124736e-05
1.516,-0.001809069721,0.02249545224,-0.21,-0.001791027588,0.02248284124,-0.2099856727,2.626457711e-05
1.517,-0.001922069795,0.02249486603,-0.21,-0.001903943916,0.02248226308,-0.2099857098,2.629814166e-05
1.518,-0.002035057729,0.02249424429,-0.21,-0.002016848338,0.02248164942,-0.2099857466,2.633193683e-05
1.519,-0.002148032807,0.02249358704,-0.21,-0.002129740142,0.02248100027,-0.2099857833,2.636595845e-05
1.52,-0.002260994318,0.02249289426,-0.21,-0.002242618613,0.02248031563,-0.2099858196,2.640020237e-05
1.521,-0.002373941547,0.02249216596,-0.21,-0.002355483039,0.0224795955,-0.2099858558,2.643466444e-05
1.522,-0.002486873781,0.02249140215,-0.21,-0.002468332708,0.02247883988,-0.2099858917,2.646934056e-05
1.523,-0.002599790306,0.02249060282,-0.21,-0.002581166905,0.02247804877,-0.2099859274,2.650422664e-05
1.524,-0.00271269041,0.02248976797,-0.21,-0.00269398492,0.02247722217,-0.2099859628,2.65393186e-05
1.525,-0.002825573379,0.02248889761,-0.21,-0.002806786038,0.02247636009,-0.209985998,2.657461241e-05
1.526,-0.0029384385,0.02248799173,-0.21,-0.002919569547,0.02247546251,-0.2099860329,2.661010403e-05
1.527,-0.00305128506,0.02248705035,-0.21,-0.003032334736,0.02247452946,-0.2099860676,2.664578947e-05
1.528,-0.003164112347,0.02248607345,-0.21,-0.003145080891,0.02247356092,-0.2099861021,2.668166474e-05
1.529,-0.003276919647,0.02248506105,-0.21,-0.003257807302,0.0224725569,-0.2099861363,2.671772591e-05
1.53,-0.003389706249,0.02248401313,-0.21,-0.003370513254,0.02247151739,-0.2099861703,2.675396904e-05
1.531,-0.003502471439,0.02248292972,-0.21,-0.003483198037,0.02247044241,-0.209986204,2.679039023e-05
1.532,-0.003615214506,0.0224818108,-0.21,-0.003595860939,0.02246933196,-0.2099862375,2.682698561e-05
1.533,-0.003727934737,0.02248065637,-0.21,-0.003708501248,0.02246818602,-0.2099862708,2.686375131e-05
1.534,-0.003840631421,0.02247946645,-0.21,-0.003821118253,0.02246700461,-0.2099863038,2.690068351e-05
1.535,-0.003953303845,0.02247824103,-0.21,-0.003933711241,0.02246578773,-0.2099863366,2.693777839e-05
1.536,-0.004065951298,0.02247698011,-0.21,-0.004046279503,0.02246453538,-0.2099863691,2.697503219e-05
1.537,-0.004178573068,0.0224756837,-0.21,-0.004158822327,0.02246324756,-0.2099864014,2.701244115e-05
1.538,-0.004291168444,0.0224743518,-0.21,-0.004271339001,0.02246192427,-0.2099864334,2.705000154e-05
1.539,-0.004403736714,0.02247298441,-0.21,-0.004383828816,0.02246056552,-0.2099864652,2.708770968e-05
1.54,-0.004516277168,0.02247158152,-0.21,-0.00449629106,0.0224591713,-0.2099864967,2.712556189e-05
1.541,-0.004628789095,0.02247014316,-0.21,-0.004608725024,0.02245774163,-0.209986528,2.716355453e-05
1.542,-0.004741271784,0.02246866931,-0.21,-0.004721129996,0.02245627649,-0.2099865591,2.720168397e-05
1.543,-0.004853724525,0.02246715997,-0.21,-0.004833505267,0.0224547759,-0.2099865899,2.723994662e-05
1.544,-0.004966146606,0.02246561516,-0.21,-0.004945850126,0.02245323985,-0.2099866205,2.727833894e-05
1.545,-0.005078537319,0.02246403488,-0.21,-0.005058163865,0.02245166835,-0.2099866508,2.731685736e-05
1.546,-0.005190895953,0.02246241912,-0.21,-0.005170445774,0.0224500614,-0.2099866808,2.735549838e-05
1.547,-0.005303221799,0.02246076789,-0.21,-0.005282695143,0.022448419,-0.2099867107,2.739425852e-05
1.548,-0.005415514146,0.02245908119,-0.21,-0.005394911263,0.02244674116,-0.2099867402,2.743313433e-05
1.549,-0.005527772287,0.02245735902,-0.21,-0.005507093425,0.02244502787,-0.2099867695,2.74721224e-05
1.55,-0.00563999551,0.02245560139,-0.21,-0.005619240921,0.02244327914,-0.2099867986,2.751121931e-05
1.551,-0.005752183109,0.0224538083,-0.21,-0.005731353042,0.02244149498,-0.2099868274,2.755042171e-05
1.552,-0.005864334373,0.02245197975,-0.21,-0.00584342908,0.02243967538,-0.209986856,2.758972625e-05
1.553,-0.005976448596,0.02245011575,-0.21,-0.005955468326,0.02243782035,-0.2099868844,2.762912962e-05
1.554,-0.006088525067,0.0224482163,-0.21,-0.006067470073,0.02243592989,-0.2099869124,2.766862853e-05
1.555,-0.006200563081,0.02244628139,-0.21,-0.006179433614,0.022434004,-0.2099869403,2.770821972e-05
1.556,-0.006312561928,0.02244431104,-0.21,-0.00629135824,0.02243204269,-0.2099869678,2.774789998e-05
1.557,-0.006424520902,0.02244230525,-0.21,-0.006403243246,0.02243004596,-0.2099869952,2.778766611e-05
1.558,-0.006536439294,0.02244026402,-0.21,-0.006515087923,0.02242801381,-0.2099870223,2.782751493e-05
1.559,-0.0066483164,0.02243818736,-0.21,-0.006626891566,0.02242594624,-0.2099870491,2.78674433e-05
1.56,-0.00676015151,0.02243607526,-0.21,-0.006738653468,0.02242384326,-0.2099870757,2.790744811e-05
1.561,-0.00687194392,0.02243392773,-0.21,-0.006850372923,0.02242170488,-0.209987102,2.794752627e-05
1.562,-0.006983692923,0.02243174477,-0.21,-0.006962049224,0.02241953109,-0.2099871281,2.798767474e-05
1.563,-0.007095397814,0.02242952639,-0.21,-0.007073681667,0.02241732189,-0.2099871539,2.80278905e-05
1.564,-0.007207057886,0.02242727259,-0.21,-0.007185269547,0.0224150773,-0.2099871795,2.806817054e-05
1.565,-0.007318672434,0.02242498338,-0.21,-0.007296812157,0.02241279731,-0.2099872048,2.810851189e-05
1.566,-0.007430240753,0.02242265876,-0.21,-0.007408308794,0.02241048193,-0.2099872299,2.814891161e-05
1.567,-0.007541762139,0.02242029872,-0.21,-0.007519758753,0.02240813117,-0.2099872547,2.81893668e-05
1.568,-0.007653235887,0.02241790328,-0.21,-0.00763116133,0.02240574501,-0.2099872793,2.822987456e-05
1.569,-0.007764661294,0.02241547244,-0.21,-0.007742515821,0.02240332348,-0.2099873036,2.827043205e-05
1.57,-0.007876037654,0.02241300621,-0.21,-0.007853821522,0.02240086657,-0.2099873277,2.831103645e-05
1.571,-0.007987364265,0.02241050458,-0.21,-0.00796507773,0.02239837428,-0.2099873515,2.835168496e-05
1.572,-0.008098640423,0.02240796756,-0.21,-0.008076283742,0.02239584662,-0.2099873751,2.83923748e-05
1.573,-0.008209865426,0.02240539515,-0.21,-0.008187438856,0.0223932836,-0.2099873984,2.843310325e-05
1.574,-0.008321038571,0.02240278737,-0.21,-0.008298542369,0.02239068522,-0.2099874214,2.847386759e-05
1.575,-0.008432159156,0.0224001442,-0.21,-0.008409593579,0.02238805147,-0.2099874443,2.851466513e-05
1.576,-0.008543226479,0.02239746567,-0.21,-0.008520591784,0.02238538237,-0.2099874668,2.855549323e-05
1.577,-0.008654239838,0.02239475176,-0.21,-0.008631536284,0.02238267792,-0.2099874891,2.859634926e-05
1.578,-0.008765198532,0.0223920025,-0.21,-0.008742426377,0.02237993813,-0.2099875112,2.863723062e-05
1.579,-0.008876101861,0.02238921787,-0.21,-0.008853261362,0.02237716299,-0.209987533,2.867813475e-05
1.58,-0.008986949123,0.02238639788,-0.21,-0.008964040539,0.02237435252,-0.2099875545,2.871905912e-05
1.581,-0.009097739619,0.02238354255,-0.21,-0.009074763209,0.02237150671,-0.2099875758,2.87600012e-05
1.582,-0.009208472648,0.02238065186,-0.21,-0.00918542867,0.02236862557,-0.2099875968,2.880095851e-05
1.583,-0.009319147512,0.02237772584,-0.21,-0.009296036225,0.02236570911,-0.2099876176,2.88419286e-05
1.584,-0.009429763511,0.02237476448,-0.21,-0.009406585175,0.02236275732,-0.2099876381,2.888290903e-05
1.585,-0.009540319946,0.02237176778,-0.21,-0.00951707482,0.02235977022,-0.2099876584,2.892389741e-05
1.586,-0.00965081612,0.02236873576,-0.21,-0.009627504462,0.02235674781,-0.2099876785,2.896489136e-05
1.587,-0.009761251334,0.02236566842,-0.21,-0.009737873404,0.02235369009,-0.2099876982,2.900588856e-05
1.588,-0.00987162489,0.02236256575,-0.21,-0.009848180949,0.02235059707,-0.2099877177,2.904688665e-05
1.589,-0.009981936092,0.02235942777,-0.21,-0.009958426399,0.02234746875,-0.209987737,2.908788336e-05
1.59,-0.01009218424,0.02235625449,-0.21,-0.01006860906,0.02234430514,-0.209987756,2.912887643e-05
1.591,-0.01020236865,0.0223530459,-0.21,-0.01017872823,0.02234110624,-0.2099877748,2.916986363e-05
1.592,-0.0103124886,0.02234980201,-0.21,-0.01028878322,0.02233787206,-0.2099877933,2.921084274e-05
1.593,-0.01042254342,0.02234652283,-0.21,-0.01039877332,0.0223346026,-0.2099878115,2.925181158e-05
1.594,-0.01053253241,0.02234320836,-0.21,-0.01050869786,0.02233129787,-0.2099878295,2.9292768e-05
1.595,-0.01064245487,0.0223398586,-0.21,-0.01061855612,0.02232795787,-0.2099878473,2.933370989e-05
1.596,-0.0107523101,0.02233647357,-0.21,-0.01072834743,0.02232458261,-0.2099878647,2.937463513e-05
1.597,-0.01086209741,0.02233305327,-0.21,-0.01083807107,0.02232117208,-0.209987882,2.941554164e-05
1.598,-0.01097181612,0.0223295977,-0.21,-0.01094772637,0.02231772631,-0.209987899,2.945642738e-05
1.599,-0.01108146552,0.02232610687,-0.21,-0.01105731262,0.02231424529,-0.2099879157,2.949729031e-05
1.6,-0.01119104492,0.02232258078,-0.21,-0.01116682914,0.02231072903,-0.2099879322,2.953812846e-05
1.601,-0.01130055364,0.02231901944,-0.21,-0.01127627523,0.02230717753,-0.2099879484,2.957893985e-05
1.602,-0.01140999097,0.02231542286,-0.21,-0.0113856502,0.0223035908,-0.2099879643,2.961972253e-05
1.603,-0.01151935624,0.02231179104,-0.21,-0.01149495335,0.02229996885,-0.2099879801,2.966047459e-05
1.604,-0.01162864874,0.02230812398,-0.21,-0.01160418401,0.02229631167,-0.2099879955,2.970119414e-05
1.605,-0.01173786778,0.0223044217,-0.21,-0.01171334148,0.02229261928,-0.2099880107,2.974187931e-05
1.606,-0.01184701269,0.02230068419,-0.21,-0.01182242506,0.02228889168,-0.2099880257,2.978252826e-05
1.607,-0.01195608276,0.02229691147,-0.21,-0.01193143408,0.02228512888,-0.2099880404,2.982313918e-05
1.608,-0.01206507731,0.02229310354,-0.21,-0.01204036783,0.02228133089,-0.2099880548,2.986371027e-05
1.609,-0.01217399565,0.02228926041,-0.21,-0.01214922563,0.0222774977,-0.209988069,2.990423976e-05
1.61,-0.0122828371,0.02228538208,-0.21,-0.0122580068,0.02227362932,-0.209988083,2.99447259e-05
1.611,-0.01239160096,0.02228146855,-0.21,-0.01236671065,0.02226972577,-0.2099880967,2.998516699e-05
1.612,-0.01250028654,0.02227751985,-0.21,-0.01247533648,0.02226578704,-0.2099881101,3.002556134e-05
1.613,-0.01260889317,0.02227353596,-0.21,-0.01258388362,0.02226181315,-0.2099881233,3.006590729e-05
1.614,-0.01271742016,0.0222695169,-0.21,-0.01269235137,0.0222578041,-0.2099881362,3.010620318e-05
1.615,-0.01282586681,0.02226546267,-0.21,-0.01280073906,0.02225375989,-0.2099881489,3.014644741e-05
1.616,-0.01293423245,0.02226137328,-0.21,-0.01290904599,0.02224968053,-0.2099881613,3.018663836e-05
1.617,-0.01304251639,0.02225724874,-0.21,-0.01301727148,0.02224556603,-0.2099881735,3.022677447e-05
1.618,-0.01315071794,0.02225308905,-0.21,-0.01312541485,0.02224141639,-0.2099881854,3.026685418e-05
1.619,-0.01325883643,0.02224889422,-0.21,-0.01323347541,0.02223723162,-0.2099881971,3.030687599e-05
1.62,-0.01336687117,0.02224466426,-0.21,-0.01334145248,0.02223301174,-0.2099882085,3.03468384e-05
1.621,-0.01347482148,0.02224039917,-0.21,-0.01344934539,0.02222875673,-0.2099882197,3.03867399e-05
1.622,-0.01358268667,0.02223609895,-0.21,-0.01355715344,0.02222446661,-0.2099882306,3.042657906e-05
1.623,-0.01369046606,0.02223176363,-0.21,-0.01366487595,0.0222201414,-0.2099882412,3.046635445e-05
1.624,-0.01379815898,0.0222273932,-0.21,-0.01377251225,0.02221578108,-0.2099882516,3.050606467e-05
1.625,-0.01390576475,0.02222298766,-0.21,-0.01388006165,0.02221138567,-0.2099882618,3.054570832e-05
1.626,-0.01401328267,0.02221854704,-0.21,-0.01398752348,0.02220695519,-0.2099882717,3.058528404e-05
1.627,-0.01412071208,0.02221407133,-0.21,-0.01409489705,0.02220248962,-0.2099882814,3.062479051e-05
1.628,-0.0142280523,0.02220956054,-0.21,-0.01420218169,0.02219798899,-0.2099882908,3.066422638e-05
1.629,-0.01433530265,0.02220501467,-0.21,-0.01430937671,0.02219345329,-0.2099883,3.070359037e-05
1.63,-0.01444246244,0.02220043374,-0.21,-0.01441648145,0.02218888254,-0.2099883089,3.074288119e-05
1.631,-0.01454953101,0.02219581776,-0.21,-0.01452349522,0.02218427674,-0.2099883175,3.078209759e-05
1.632,-0.01465650768,0.02219116672,-0.21,-0.01463041735,0.0221796359,-0.2099883259,3.082123835e-05
1.633,-0.01476339176,0.02218648065,-0.21,-0.01473724716,0.02217496002,-0.2099883341,3.086030226e-05
1.634,-0.0148701826,0.02218175953,-0.21,-0.01484398397,0.02217024912,-0.209988342,3.089928815e-05
1.635,-0.0149768795,0.02217700339,-0.21,-0.01495062712,0.0221655032,-0.2099883497,3.093819482e-05
1.636,-0.01508348181,0.02217221223,-0.21,-0.01505717592,0.02216072226,-0.2099883571,3.097702115e-05
1.637,-0.01518998884,0.02216738605,-0.21,-0.01516362971,0.02215590633,-0.2099883643,3.1015766e-05
1.638,-0.01529639992,0.02216252487,-0.21,-0.01526998781,0.02215105539,-0.2099883712,3.105442827e-05
1.639,-0.01540271438,0.02215762869,-0.21,-0.01537624954,0.02214616947,-0.2099883779,3.109300687e-05
1.64,-0.01550893154,0.02215269753,-0.21,-0.01548241424,0.02214124856,-0.2099883843,3.113150075e-05
1.641,-0.01561505075,0.02214773138,-0.21,-0.01558848124,0.02213629268,-0.2099883905,3.116990886e-05
1.642,-0.01572107132,0.02214273025,-0.21,-0.01569444987,0.02213130183,-0.2099883964,3.120823017e-05
1.643,-0.01582699259,0.02213769416,-0.21,-0.01580031945,0.02212627603,-0.2099884021,3.124646369e-05
1.644,-0.01593281389,0.02213262311,-0.21,-0.01590608931,0.02212121527,-0.2099884075,3.128460843e-05
1.645,-0.01603853454,0.02212751711,-0.21,-0.01601175879,0.02211611957,-0.2099884127,3.132266342e-05
1.646,-0.01614415389,0.02212237617,-0.21,-0.01611732723,0.02211098893,-0.2099884177,3.136062773e-05
1.647,-0.01624967126,0.02211720029,-0.21,-0.01622279394,0.02210582337,-0.2099884224,3.139850043e-05
1.648,-0.016355086,0.02211198949,-0.21,-0.01632815827,0.02210062289,-0.2099884269,3.143628062e-05
1.649,-0.01646039742,0.02210674377,-0.21,-0.01643341955,0.02209538749,-0.2099884311,3.14739674e-05
1.65,-0.01656560487,0.02210146314,-0.21,-0.01653857711,0.0220901172,-0.209988435,3.15115599e-05
1.651,-0.01667070768,0.02209614761,-0.21,-0.01664363029,0.02208481201,-0.2099884388,3.154905729e-05
1.652,-0.0167757052,0.02209079719,-0.21,-0.01674857843,0.02207947193,-0.2099884423,3.158645872e-05
1.653,-0.01688059675,0.02208541188,-0.21,-0.01685342086,0.02207409697,-0.2099884455,3.162376341e-05
1.654,-0.01698538167,0.02207999169,-0.21,-0.01695815692,0.02206868715,-0.2099884485,3.166097054e-05
1.655,-0.0170900593,0.02207453664,-0.21,-0.01706278594,0.02206324246,-0.2099884513,3.169807934e-05
1.656,-0.01719462898,0.02206904673,-0.21,-0.01716730727,0.02205776292,-0.2099884538,3.173508904e-05
1.657,-0.01729909005,0.02206352197,-0.21,-0.01727172024,0.02205224854,-0.209988456,3.177199892e-05
1.658,-0.01740344185,0.02205796237,-0.21,-0.0173760242,0.02204669932,-0.2099884581,3.180880825e-05
1.659,-0.01750768372,0.02205236794,-0.21,-0.01748021848,0.02204111527,-0.2099884599,3.184551632e-05
1.66,-0.01761181501,0.02204673868,-0.21,-0.01758430243,0.0220354964,-0.2099884614,3.188212246e-05
1.661,-0.01771583505,0.02204107461,-0.21,-0.01768827538,0.02202984273,-0.2099884627,3.191862599e-05
1.662,-0.01781974318,0.02203537573,-0.21,-0.01779213669,0.02202415425,-0.2099884638,3.195502625e-05
1.663,-0.01792353876,0.02202964205,-0.21,-0.01789588569,0.02201843098,-0.2099884646,3.199132261e-05
1.664,-0.01802722112,0.02202387359,-0.21,-0.01799952173,0.02201267293,-0.2099884652,3.202751446e-05
1.665,-0.01813078961,0.02201807035,-0.21,-0.01810304415,0.02200688011,-0.2099884656,3.206360118e-05
1.666,-0.01823424357,0.02201223234,-0.21,-0.0182064523,0.02200105252,-0.2099884657,3.209958219e-05
1.667,-0.01833758236,0.02200635956,-0.21,-0.01830974553,0.02199519017,-0.2099884656,3.213545692e-05
1.668,-0.01844080532,0.02200045204,-0.21,-0.01841292317,0.02198929308,-0.2099884652,3.217122481e-05
1.669,-0.0185439118,0.02199450978,-0.21,-0.01851598459,0.02198336125,-0.2099884646,3.220688534e-05
1.67,-0.01864690114,0.02198853278,-0.21,-0.01861892912,0.02197739469,-0.2099884638,3.224243798e-05
1.671,-0.0187497727,0.02198252106,-0.21,-0.01872175612,0.02197139342,-0.2099884627,3.227788223e-05
1.672,-0.01885252583,0.02197647463,-0.21,-0.01882446494,0.02196535743,-0.2099884614,3.231321759e-05
1.673,-0.01895515987,0.02197039349,-0.21,-0.01892705492,0.02195928674,-0.2099884599,3.234844358e-05
1.674,-0.01905767419,0.02196427766,-0.21,-0.01902952542,0.02195318136,-0.2099884581,3.238355976e-05
1.675,-0.01916006812,0.02195812714,-0.21,-0.0191318758,0.02194704131,-0.2099884561,3.241856567e-05
1.676,-0.01926234103,0.02195194195,-0.21,-0.01923410539,0.02194086658,-0.2099884539,3.245346087e-05
1.677,-0.01936449227,0.0219457221,-0.21,-0.01933621357,0.02193465719,-0.2099884514,3.248824496e-05
1.678,-0.01946652119,0.02193946759,-0.21,-0.01943819967,0.02192841314,-0.2099884488,3.252291754e-05
1.679,-0.01956842714,0.02193317843,-0.21,-0.01954006306,0.02192213446,-0.2099884458,3.255747822e-05
1.68,-0.0196702095,0.02192685464,-0.21,-0.0196418031,0.02191582114,-0.2099884427,3.259192663e-05
1.681,-0.01977186761,0.02192049622,-0.21,-0.01974341913,0.0219094732,-0.2099884393,3.262626241e-05
1.682,-0.01987340082,0.02191410319,-0.21,-0.01984491052,0.02190309064,-0.2099884357,3.266048521e-05
1.683,-0.01997480851,0.02190767555,-0.21,-0.01994627663,0.02189667349,-0.2099884318,3.269459473e-05
1.684,-0.02007609002,0.02190121332,-0.21,-0.02004751681,0.02189022174,-0.2099884277,3.272859063e-05
1.685,-0.02017724472,0.0218947165,-0.21,-0.02014863042,0.02188373541,-0.2099884234,3.276247262e-05
1.686,-0.02027827198,0.0218881851,-0.21,-0.02024961683,0.0218772145,-0.2099884189,3.27962404e-05
1.687,-0.02037917114,0.02188161915,-0.21,-0.02035047539,0.02187065904,-0.2099884141,3.282989369e-05
1.688,-0.02047994158,0.02187501863,-0.21,-0.02045120548,0.02186406902,-0.2099884092,3.286343224e-05
1.689,-0.02058058265,0.02186838358,-0.21,-0.02055180644,0.02185744446,-0.2099884039,3.28968558e-05
1.69,-0.02068109373,0.02186171399,-0.21,-0.02065227765,0.02185078537,-0.2099883985,3.293016414e-05
1.691,-0.02078147417,0.02185500988,-0.21,-0.02075261847,0.02184409176,-0.2099883929,3.296335701e-05
1.692,-0.02088172335,0.02184827126,-0.21,-0.02085282826,0.02183736364,-0.209988387,3.299643423e-05
1.693,-0.02098184062,0.02184149813,-0.21,-0.0209529064,0.02183060102,-0.2099883809,3.302939559e-05
1.694,-0.02108182537,0.02183469052,-0.21,-0.02105285224,0.02182380391,-0.2099883745,3.306224092e-05
1.695,-0.02118167695,0.02182784842,-0.21,-0.02115266516,0.02181697232,-0.209988368,3.309497003e-05
1.696,-0.02128139473,0.02182097186,-0.21,-0.02125234453,0.02181010627,-0.2099883612,3.312758277e-05
1.697,-0.02138097809,0.02181406083,-0.21,-0.02135188971,0.02180320576,-0.2099883542,3.316007897e-05
1.698,-0.0214804264,0.02180711536,-0.21,-0.02145130008,0.0217962708,-0.209988347,3.31924585e-05
1.699,-0.02157973902,0.02180013546,-0.21,-0.021550575,0.0217893014,-0.2099883396,3.322472125e-05
1.7,-0.02167891533,0.02179312113,-0.21,-0.02164971386,0.02178229759,-0.2099883319,3.325686709e-05
1.701,-0.02177795471,0.02178607238,-0.21,-0.02174871602,0.02177525936,-0.2099883241,3.328889594e-05
1.702,-0.02187685653,0.02177898923,-0.21,-0.02184758085,0.02176818672,-0.209988316,3.332080769e-05
1.703,-0.02197562016,0.02177187169,-0.21,-0.02194630773,0.0217610797,-0.2099883077,3.335260226e-05
1.704,-0.02207424498,0.02176471977,-0.21,-0.02204489604,0.02175393829,-0.2099882991,3.338427957e-05
1.705,-0.02217273037,0.02175753347,-0.21,-0.02214334516,0.02174676252,-0.2099882904,3.341583957e-05
1.706,-0.0222710757,0.02175031282,-0.21,-0.02224165445,0.02173955239,-0.2099882815,3.344728221e-05
1.707,-0.02236928036,0.02174305783,-0.21,-0.02233982331,0.02173230792,-0.2099882723,3.347860747e-05
1.708,-0.02246734372,0.0217357685,-0.21,-0.0224378511,0.02172502911,-0.2099882629,3.350981531e-05
1.709,-0.02256526516,0.02172844484,-0.21,-0.02253573721,0.02171771597,-0.2099882533,3.354090571e-05
1.71,-0.02266304407,0.02172108687,-0.21,-0.02263348102,0.02171036853,-0.2099882435,3.357187868e-05
1.711,-0.02276067983,0.02171369461,-0.21,-0.02273108192,0.02170298678,-0.2099882335,3.360273421e-05
1.712,-0.02285817182,0.02170626805,-0.21,-0.02282853927,0.02169557075,-0.2099882233,3.363347231e-05
1.713,-0.02295551942,0.02169880721,-0.21,-0.02292585247,0.02168812043,-0.2099882129,3.366409301e-05
1.714,-0.02305272203,0.02169131211,-0.21,-0.02302302091,0.02168063586,-0.2099882023,3.369459632e-05
1.715,-0.02314977902,0.02168378276,-0.21,-0.02312004396,0.02167311703,-0.2099881914,3.372498231e-05
1.716,-0.02324668978,0.02167621917,-0.21,-0.02321692102,0.02166556396,-0.2099881804,3.375525102e-05
1.717,-0.02334345371,0.02166862134,-0.21,-0.02331365146,0.02165797666,-0.2099881691,3.378540252e-05
1.718,-0.02344007019,0.0216609893,-0.21,-0.02341023469,0.02165035514,-0.2099881576,3.381543686e-05
1.719,-0.0235365386,0.02165332305,-0.21,-0.02350667009,0.02164269941,-0.209988146,3.384535414e-05
1.72,-0.02363285835,0.02164562261,-0.21,-0.02360295704,0.02163500949,-0.2099881341,3.387515445e-05
1.721,-0.02372902882,0.02163788799,-0.21,-0.02369909495,0.02162728539,-0.209988122,3.390483787e-05
1.722,-0.0238250494,0.0216301192,-0.21,-0.02379508319,0.02161952712,-0.2099881097,3.393440451e-05
1.723,-0.02392091949,0.02162231625,-0.21,-0.02389092117,0.0216117347,-0.2099880973,3.396385448e-05
1.724,-0.02401663848,0.02161447915,-0.21,-0.02398660828,0.02160390813,-0.2099880846,3.39931879e-05
1.725,-0.02411220577,0.02160660793,-0.21,-0.02408214391,0.02159604742,-0.2099880717,3.40224049e-05
1.726,-0.02420762076,0.02159870258,-0.21,-0.02417752747,0.0215881526,-0.2099880586,3.405150561e-05
1.727,-0.02430288284,0.02159076313,-0.21,-0.02427275833,0.02158022366,-0.2099880453,3.408049019e-05
1.728,-0.0243979914,0.02158278958,-0.21,-0.02436783591,0.02157226064,-0.2099880319,3.41093588e-05
1.729,-0.02449294586,0.02157478195,-0.21,-0.02446275961,0.02156426352,-0.2099880182,3.413811157e-05
1.73,-0.0245877456,0.02156674025,-0.21,-0.02455752881,0.02155623234,-0.2099880043,3.416674871e-05
1.731,-0.02468239004,0.0215586645,-0.21,-0.02465214293,0.02154816711,-0.2099879903,3.419527036e-05
1.732,-0.02477687857,0.0215505547,-0.21,-0.02474660136,0.02154006782,-0.209987976,3.422367673e-05
1.733,-0.02487121059,0.02154241087,-0.21,-0.0248409035,0.02153193451,-0.2099879616,3.425196798e-05
1.734,-0.02496538551,0.02153423302,-0.21,-0.02493504877,0.02152376717,-0.2099879469,3.428014432e-05
1.735,-0.02505940274,0.02152602116,-0.21,-0.02502903656,0.02151556583,-0.2099879321,3.430820596e-05
1.736,-0.02515326168,0.02151777531,-0.21,-0.02512286629,0.0215073305,-0.2099879171,3.43361531e-05
1.737,-0.02524696174,0.02150949548,-0.21,-0.02521653734,0.02149906118,-0.2099879019,3.436398596e-05
1.738,-0.02534050232,0.02150118169,-0.21,-0.02531004915,0.0214907579,-0.2099878865,3.439170478e-05
1.739,-0.02543388284,0.02149283394,-0.21,-0.0254034011,0.02148242066,-0.2099878709,3.441930978e-05
1.74,-0.02552710271,0.02148445226,-0.21,-0.02549659262,0.02147404948,-0.2099878551,3.444680118e-05
1.741,-0.02562016133,0.02147603664,-0.21,-0.02558962311,0.02146564438,-0.2099878391,3.447417923e-05
1.742,-0.02571305813,0.02146758712,-0.21,-0.02568249198,0.02145720536,-0.209987823,3.450144419e-05
1.743,-0.0258057925,0.02145910369,-0.21,-0.02577519865,0.02144873244,-0.2099878067,3.452859631e-05
1.744,-0.02589836387,0.02145058637,-0.21,-0.02586774253,0.02144022563,-0.2099877901,3.455563583e-05
1.745,-0.02599077165,0.02144203518,-0.21,-0.02596012304,0.02143168494,-0.2099877735,3.458256304e-05
1.746,-0.02608301527,0.02143345014,-0.21,-0.02605233958,0.02142311039,-0.2099877566,3.460937821e-05
1.747,-0.02617509412,0.02142483124,-0.21,-0.02614439159,0.021414502,-0.2099877395,3.463608161e-05
1.748,-0.02626700764,0.02141617851,-0.21,-0.02623627847,0.02140585977,-0.2099877223,3.466267351e-05
1.749,-0.02635875525,0.02140749197,-0.21,-0.02632799964,0.02139718373,-0.2099877049,3.468915421e-05
1.75,-0.02645033635,0.02139877162,-0.21,-0.02641955452,0.02138847387,-0.2099876873,3.471552399e-05
1.751,-0.02654175039,0.02139001747,-0.21,-0.02651094255,0.02137973022,-0.2099876695,3.474178316e-05
1.752,-0.02663299677,0.02138122955,-0.21,-0.02660216312,0.0213709528,-0.2099876516,3.476793201e-05
1.753,-0.02672407492,0.02137240787,-0.21,-0.02669321568,0.02136214161,-0.2099876335,3.479397086e-05
1.754,-0.02681498427,0.02136355243,-0.21,-0.02678409964,0.02135329666,-0.2099876152,3.481990002e-05
1.755,-0.02690572424,0.02135466326,-0.21,-0.02687481443,0.02134441798,-0.2099875967,3.484571978e-05
1.756,-0.02699629426,0.02134574037,-0.21,-0.02696535947,0.02133550558,-0.2099875781,3.487143049e-05
1.757,-0.02708669375,0.02133678377,-0.21,-0.02705573419,0.02132655947,-0.2099875593,3.489703246e-05
1.758,-0.02717692215,0.02132779347,-0.21,-0.02714593803,0.02131757966,-0.2099875403,3.492252602e-05
1.759,-0.02726697889,0.0213187695,-0.21,-0.0272359704,0.02130856617,-0.2099875211,3.494791149e-05
1.76,-0.0273568634,0.02130971186,-0.21,-0.02732583075,0.02129951901,-0.2099875018,3.497318921e-05
1.761,-0.0274465751,0.02130062057,-0.21,-0.02741551849,0.0212904382,-0.2099874823,3.499835952e-05
1.762,-0.02753611344,0.02129149565,-0.21,-0.02750503307,0.02128132376,-0.2099874627,3.502342277e-05
1.763,-0.02762547784,0.0212823371,-0.21,-0.02759437392,0.02127217569,-0.2099874429,3.504837931e-05
1.764,-0.02771466774,0.02127314494,-0.21,-0.02768354047,0.02126299401,-0.2099874229,3.507322948e-05
1.765,-0.02780368259,0.02126391919,-0.21,-0.02777253216,0.02125377874,-0.2099874028,3.509797363e-05
1.766,-0.02789252181,0.02125465986,-0.21,-0.02786134842,0.02124452988,-0.2099873825,3.512261211e-05
1.767,-0.02798118485,0.02124536697,-0.21,-0.0279499887,0.02123524746,-0.2099873621,3.514714529e-05
1.768,-0.02806967114,0.02123604053,-0.21,-0.02803845243,0.02122593149,-0.2099873414,3.517157353e-05
1.769,-0.02815798013,0.02122668055,-0.21,-0.02812673906,0.02121658199,-0.2099873207,3.51958972e-05
1.77,-0.02824611126,0.02121728706,-0.21,-0.02821484802,0.02120719896,-0.2099872997,3.522011667e-05
1.771,-0.02833406397,0.02120786006,-0.21,-0.02830277875,0.02119778242,-0.2099872787,3.524423229e-05
1.772,-0.02842183771,0.02119839957,-0.21,-0.02839053071,0.0211883324,-0.2099872574,3.526824446e-05
1.773,-0.02850943192,0.0211889056,-0.21,-0.02847810333,0.0211788489,-0.209987236,3.529215353e-05
1.774,-0.02859684604,0.02117937817,-0.21,-0.02856549607,0.02116933193,-0.2099872145,3.531595988e-05
1.775,-0.02868407954,0.0211698173,-0.21,-0.02865270837,0.02115978152,-0.2099871928,3.533966389e-05
1.776,-0.02877113185,0.021160223,-0.21,-0.02873973967,0.02115019768,-0.209987171,3.536326595e-05
1.777,-0.02885800243,0.02115059528,-0.21,-0.02882658943,0.02114058042,-0.209987149,3.538676644e-05
1.778,-0.02894469072,0.02114093417,-0.21,-0.02891325709,0.02113092976,-0.2099871268,3.541016576e-05
1.779,-0.02903119618,0.02113123967,-0.21,-0.02899974212,0.02112124572,-0.2099871045,3.543346428e-05
1.78,-0.02911751827,0.0211215118,-0.21,-0.02908604396,0.0211115283,-0.2099870821,3.545666239e-05
1.781,-0.02920365644,0.02111175057,-0.21,-0.02917216206,0.02110177753,-0.2099870595,3.547976048e-05
1.782,-0.02928961013,0.02110195601,-0.21,-0.02925809589,0.02109199342,-0.2099870368,3.550275894e-05
1.783,-0.02937537882,0.02109212813,-0.21,-0.02934384489,0.02108217599,-0.2099870139,3.552565816e-05
1.784,-0.02946096196,0.02108226694,-0.21,-0.02942940853,0.02107232524,-0.2099869909,3.554845854e-05
1.785,-0.02954635901,0.02107237245,-0.21,-0.02951478626,0.02106244121,-0.2099869678,3.557116048e-05
1.786,-0.02963156943,0.02106244469,-0.21,-0.02959997754,0.02105252389,-0.2099869445,3.559376437e-05
1.787,-0.02971659267,0.02105248367,-0.21,-0.02968498184,0.02104257332,-0.2099869211,3.561627061e-05
1.788,-0.02980142821,0.02104248941,-0.21,-0.02976979861,0.0210325895,-0.2099868975,3.563867959e-05
1.789,-0.02988607551,0.02103246191,-0.21,-0.02985442733,0.02102257245,-0.2099868738,3.566099173e-05
1.79,-0.02997053403,0.02102240121,-0.21,-0.02993886745,0.02101252218,-0.20998685,3.568320741e-05
1.791,-0.03005480325,0.0210123073,-0.21,-0.03002311843,0.02100243872,-0.209986826,3.570532705e-05
1.792,-0.03013888262,0.02100218022,-0.21,-0.03010717976,0.02099232207,-0.2099868019,3.572735102e-05
1.793,-0.03022277161,0.02099201996,-0.21,-0.03019105089,0.02098217226,-0.2099867777,3.574927974e-05
1.794,-0.0303064697,0.02098182656,-0.21,-0.0302747313,0.02097198929,-0.2099867533,3.57711136e-05
1.795,-0.03038997637,0.02097160003,-0.21,-0.03035822045,0.0209617732,-0.2099867288,3.579285301e-05
1.796,-0.03047329107,0.02096134038,-0.21,-0.03044151782,0.02095152398,-0.2099867042,3.581449836e-05
1.797,-0.03055641328,0.02095104763,-0.21,-0.03052462288,0.02094124167,-0.2099866795,3.583605007e-05
1.798,-0.03063934249,0.02094072179,-0.21,-0.0306075351,0.02093092626,-0.2099866546,3.585750852e-05
1.799,-0.03072207815,0.02093036289,-0.21,-0.03069025396,0.02092057779,-0.2099866296,3.587887414e-05
1.8,-0.03080461977,0.02091997093,-0.21,-0.03077277894,0.02091019627,-0.2099866045,3.590014604e-05
1.801,-0.0308869668,0.02090954594,-0.21,-0.03085510951,0.02089978171,-0.2099865793,3.592132694e-05
1.802,-0.03096911873,0.02089908793,-0.21,-0.03093724516,0.02088933413,-0.209986554,3.594241736e-05
1.803,-0.03105107505,0.02088859692,-0.21,-0.03101918536,0.02087885354,-0.2099865285,3.596341655e-05
1.804,-0.03113283523,0.02087807292,-0.21,-0.03110092959,0.02086833997,-0.2099865029,3.598432407e-05
1.805,-0.03121439876,0.02086751595,-0.21,-0.03118247734,0.02085779343,-0.2099864772,3.600514033e-05
1.806,-0.03129576512,0.02085692603,-0.21,-0.0312638281,0.02084721394,-0.2099864514,3.602586628e-05
1.807,-0.0313769338,0.02084630317,-0.21,-0.03134498134,0.02083660151,-0.2099864255,3.604650287e-05
1.808,-0.03145790429,0.0208356474,-0.21,-0.03142593655,0.02082595616,-0.2099863994,3.606705074e-05
1.809,-0.03153867607,0.02082495872,-0.21,-0.03150669323,0.02081527791,-0.2099863733,3.60875102e-05
1.81,-0.03161924864,0.02081423715,-0.21,-0.03158725085,0.02080456677,-0.209986347,3.610788142e-05
1.811,-0.03169962148,0.02080348272,-0.21,-0.03166760892,0.02079382277,-0.2099863206,3.612816447e-05
1.812,-0.03177979409,0.02079269544,-0.21,-0.03174776692,0.02078304591,-0.2099862941,3.614835958e-05
1.813,-0.03185976597,0.02078187532,-0.21,-0.03182772434,0.02077223621,-0.2099862676,3.616846706e-05
1.814,-0.03193953659,0.02077102238,-0.21,-0.03190748068,0.0207613937,-0.2099862409,3.618848736e-05
1.815,-0.03201910547,0.02076013665,-0.21,-0.03198703544,0.02075051839,-0.2099862141,3.620842102e-05
1.816,-0.03209847211,0.02074921813,-0.21,-0.03206638811,0.0207396103,-0.2099861872,3.622826855e-05
1.817,-0.03217763598,0.02073826684,-0.21,-0.03214553819,0.02072866944,-0.2099861602,3.624803048e-05
1.818,-0.03225659661,0.02072728281,-0.21,-0.03222448517,0.02071769583,-0.2099861331,3.626770722e-05
1.819,-0.03233535349,0.02071626604,-0.21,-0.03230322856,0.02070668949,-0.2099861059,3.628729911e-05
1.82,-0.03241390612,0.02070521657,-0.21,-0.03238176787,0.02069565043,-0.2099860786,3.630680646e-05
1.821,-0.03249225401,0.02069413439,-0.21,-0.03246010258,0.02068457868,-0.2099860512,3.632622953e-05
1.822,-0.03257039665,0.02068301954,-0.21,-0.03253823222,0.02067347426,-0.2099860237,3.634556864e-05
1.823,-0.03264833357,0.02067187202,-0.21,-0.03261615627,0.02066233717,-0.2099859961,3.636482411e-05
1.824,-0.03272606426,0.02066069186,-0.21,-0.03269387426,0.02065116743,-0.2099859684,3.638399634e-05
1.825,-0.03280358823,0.02064947908,-0.21,-0.03277138569,0.02063996508,-0.2099859407,3.640308573e-05
1.826,-0.032880905,0.02063823368,-0.21,-0.03284869006,0.02062873011,-0.2099859128,3.642209271e-05
1.827,-0.03295801408,0.0206269557,-0.21,-0.03292578689,0.02061746255,-0.2099858849,3.644101771e-05
1.828,-0.03303491497,0.02061564514,-0.21,-0.03300267569,0.02060616242,-0.2099858569,3.645986109e-05
1.829,-0.0331116072,0.02060430203,-0.21,-0.03307935598,0.02059482974,-0.2099858288,3.64786232e-05
1.83,-0.03318809028,0.02059292638,-0.21,-0.03315582727,0.02058346452,-0.2099858006,3.649730436e-05
1.831,-0.03326436372,0.02058151822,-0.21,-0.03323208907,0.02057206679,-0.2099857723,3.65159049e-05
1.832,-0.03334042705,0.02057007755,-0.21,-0.0333081409,0.02056063655,-0.2099857439,3.653442511e-05
1.833,-0.03341627978,0.0205586044,-0.21,-0.03338398228,0.02054917383,-0.2099857155,3.655286533e-05
1.834,-0.03349192144,0.02054709878,-0.21,-0.03345961274,0.02053767865,-0.2099856869,3.657122592e-05
1.835,-0.03356735154,0.02053556072,-0.21,-0.03353503179,0.02052615102,-0.2099856583,3.658950721e-05
1.836,-0.03364256962,0.02052399023,-0.21,-0.03361023895,0.02051459096,-0.2099856297,3.660770958e-05
1.837,-0.03371757519,0.02051238732,-0.21,-0.03368523375,0.0205029985,-0.2099856009,3.662583339e-05
1.838,-0.03379236778,0.02050075203,-0.21,-0.03376001572,0.02049137364,-0.2099855721,3.664387895e-05
1.839,-0.03386694692,0.02048908436,-0.21,-0.03383458438,0.02047971642,-0.2099855432,3.666184661e-05
1.84,-0.03394131213,0.02047738434,-0.21,-0.03390893926,0.02046802684,-0.2099855142,3.667973668e-05
1.841,-0.03401546296,0.02046565198,-0.21,-0.03398307989,0.02045630492,-0.2099854852,3.669754947e-05
1.842,-0.03408939892,0.0204538873,-0.21,-0.0340570058,0.02044455069,-0.2099854561,3.671528527e-05
1.843,-0.03416311956,0.02044209033,-0.21,-0.03413071652,0.02043276416,-0.2099854269,3.673294439e-05
1.844,-0.03423662441,0.02043026107,-0.21,-0.03420421159,0.02042094535,-0.2099853977,3.675052714e-05
1.845,-0.034309913,0.02041839955,-0.21,-0.03427749054,0.02040909428,-0.2099853684,3.676803383e-05
1.846,-0.03438298486,0.02040650579,-0.21,-0.0343505529,0.02039721097,-0.209985339,3.678546476e-05
1.847,-0.03445583955,0.0203945798,-0.21,-0.03442339822,0.02038529543,-0.2099853096,3.680282026e-05
1.848,-0.03452847659,0.02038262161,-0.21,-0.03449602604,0.0203733477,-0.2099852801,3.682010063e-05
1.849,-0.03460089554,0.02037063123,-0.21,-0.03456843588,0.02036136777,-0.2099852505,3.683730616e-05
1.85,-0.03467309592,0.02035860868,-0.21,-0.03464062731,0.02034935569,-0.2099852209,3.685443713e-05
1.851,-0.0347450773,0.02034655398,-0.21,-0.03471259985,0.02033731145,-0.2099851913,3.687149382e-05
1.852,-0.0348168392,0.02033446716,-0.21,-0.03478435305,0.02032523509,-0.2099851616,3.68884765e-05
1.853,-0.03488838118,0.02032234822,-0.21,-0.03485588647,0.02031312662,-0.2099851318,3.690538544e-05
1.854,-0.03495970279,0.02031019719,-0.21,-0.03492719964,0.02030098606,-0.209985102,3.69222209e-05
1.855,-0.03503080357,0.02029801409,-0.21,-0.03499829212,0.02028881343,-0.2099850721,3.693898317e-05
1.856,-0.03510168308,0.02028579893,-0.21,-0.03506916345,0.02027660875,-0.2099850422,3.69556725e-05
1.857,-0.03517234087,0.02027355174,-0.21,-0.03513981319,0.02026437204,-0.2099850122,3.697228918e-05
1.858,-0.03524277649,0.02026127254,-0.21,-0.03521024089,0.02025210331,-0.2099849822,3.698883345e-05
1.859,-0.03531298949,0.02024896134,-0.21,-0.0352804461,0.0202398026,-0.2099849521,3.700530558e-05
1.86,-0.03538297945,0.02023661816,-0.21,-0.03535042839,0.02022746991,-0.209984922,3.70217058e-05
1.861,-0.0354527459,0.02022424303,-0.21,-0.0354201873,0.02021510527,-0.2099848919,3.703803435e-05
1.862,-0.03552228841,0.02021183596,-0.21,-0.03548972239,0.02020270869,-0.2099848617,3.705429147e-05
1.863,-0.03559160655,0.02019939697,-0.21,-0.03555903324,0.02019028021,-0.2099848315,3.707047739e-05
1.864,-0.03566069987,0.02018692609,-0.21,-0.03562811938,0.02017781982,-0.2099848012,3.708659233e-05
1.865,-0.03572956794,0.02017442333,-0.21,-0.0356969804,0.02016532757,-0.2099847709,3.710263654e-05
1.866,-0.03579821032,0.02016188871,-0.21,-0.03576561585,0.02015280345,-0.2099847406,3.711861023e-05
1.867,-0.03586662658,0.02014932225,-0.21,-0.0358340253,0.02014024751,-0.2099847102,3.713451361e-05
1.868,-0.03593481629,0.02013672397,-0.21,-0.03590220832,0.02012765975,-0.2099846798,3.71503469e-05
1.869,-0.03600277901,0.0201240939,-0.21,-0.03597016447,0.02011504019,-0.2099846494,3.716611033e-05
1.87,-0.03607051432,0.02011143204,-0.21,-0.03603789333,0.02010238886,-0.2099846189,3.718180408e-05
1.871,-0.03613802179,0.02009873843,-0.21,-0.03610539446,0.02008970577,-0.2099845884,3.719742834e-05
1.872,-0.03620530099,0.02008601308,-0.21,-0.03617266744,0.02007699095,-0.2099845579,3.721298333e-05
1.873,-0.0362723515,0.02007325601,-0.21,-0.03623971185,0.02006424442,-0.2099845273,3.722846921e-05
1.874,-0.03633917289,0.02006046724,-0.21,-0.03630652725,0.02005146619,-0.2099844968,3.724388618e-05
1.875,-0.03640576475,0.02004764679,-0.21,-0.03637311323,0.02003865629,-0.2099844662,3.725923442e-05
1.876,-0.03647212664,0.02003479469,-0.21,-0.03643946937,0.02002581473,-0.2099844356,3.72745141e-05
1.877,-0.03653825816,0.02002191095,-0.21,-0.03650559524,0.02001294155,-0.2099844049,3.728972539e-05
1.878,-0.03660415889,0.02000899559,-0.21,-0.03657149042,0.02000003674,-0.2099843743,3.730486846e-05
1.879,-0.0366698284,0.01999604863,-0.21,-0.03663715451,0.01998710035,-0.2099843436,3.731994349e-05
1.88,-0.03673526628,0.0199830701,-0.21,-0.03670258707,0.01997413239,-0.2099843129,3.733495061e-05
1.881,-0.03680047213,0.01997006001,-0.21,-0.03676778771,0.01996113287,-0.2099842822,3.734988999e-05
1.882,-0.03686544552,0.01995701838,-0.21,-0.03683275601,0.01994810183,-0.2099842515,3.736476177e-05
1.883,-0.03693018605,0.01994394525,-0.21,-0.03689749155,0.01993503927,-0.2099842207,3.737956608e-05
1.884,-0.03699469331,0.01993084061,-0.21,-0.03696199392,0.01992194523,-0.20998419,3.739430308e-05
1.885,-0.03705896689,0.0199177045,-0.21,-0.03702626272,0.01990881971,-0.2099841593,3.740897288e-05
1.886,-0.03712300639,0.01990453695,-0.21,-0.03709029755,0.01989566275,-0.2099841285,3.742357562e-05
1.887,-0.0371868114,0.01989133795,-0.21,-0.03715409799,0.01988247437,-0.2099840977,3.743811141e-05
1.888,-0.03725038151,0.01987810755,-0.21,-0.03721766364,0.01986925458,-0.209984067,3.745258038e-05
1.889,-0.03731371634,0.01986484576,-0.21,-0.0372809941,0.0198560034,-0.2099840362,3.746698264e-05
1.89,-0.03737681546,0.01985155259,-0.21,-0.03734408897,0.01984272086,-0.2099840054,3.74813183e-05
1.891,-0.0374396785,0.01983822808,-0.21,-0.03740694785,0.01982940698,-0.2099839747,3.749558747e-05
1.892,-0.03750230505,0.01982487225,-0.21,-0.03746957034,0.01981606178,-0.2099839439,3.750979024e-05
1.893,-0.03756469471,0.0198114851,-0.21,-0.03753195604,0.01980268527,-0.2099839131,3.75239267e-05
1.894,-0.03762684709,0.01979806667,-0.21,-0.03759410457,0.01978927749,-0.2099838823,3.753799694e-05
1.895,-0.0376887618,0.01978461698,-0.21,-0.03765601552,0.01977583845,-0.2099838516,3.755200105e-05
1.896,-0.03775043845,0.01977113604,-0.21,-0.03771768851,0.01976236818,-0.2099838208,3.756593911e-05
1.897,-0.03781187665,0.01975762389,-0.21,-0.03777912314,0.01974886669,-0.2099837901,3.757981118e-05
1.898,-0.037873076,0.01974408053,-0.21,-0.03784031903,0.019735334,-0.2099837593,3.759361734e-05
1.899,-0.03793403613,0.01973050599,-0.21,-0.03790127578,0.01972177015,-0.2099837286,3.760735765e-05
1.9,-0.03799475665,0.0197169003,-0.21,-0.03796199302,0.01970817514,-0.2099836979,3.762103216e-05
1.901,-0.03805523717,0.01970326347,-0.21,-0.03802247036,0.01969454901,-0.2099836672,3.763464093e-05
1.902,-0.03811547731,0.01968959553,-0.21,-0.03808270741,0.01968089177,-0.2099836365,3.764818402e-05
1.903,-0.0381754767,0.01967589649,-0.21,-0.0381427038,0.01966720344,-0.2099836058,3.766166148e-05
1.904,-0.03823523495,0.01966216639,-0.21,-0.03820245914,0.01965348405,-0.2099835752,3.767507333e-05
1.905,-0.03829475168,0.01964840523,-0.21,-0.03826197306,0.01963973362,-0.2099835445,3.76884196e-05
1.906,-0.03835402652,0.01963461305,-0.21,-0.03832124518,0.01962595217,-0.2099835139,3.770170034e-05
1.907,-0.0384130591,0.01962078986,-0.21,-0.03838027512,0.01961213972,-0.2099834833,3.771491556e-05
1.908,-0.03847184904,0.01960693569,-0.21,-0.03843906252,0.0195982963,-0.2099834528,3.772806528e-05
1.909,-0.03853039598,0.01959305055,-0.21,-0.03849760699,0.01958442192,-0.2099834222,3.774114952e-05
1.91,-0.03858869953,0.01957913448,-0.21,-0.03855590817,0.0195705166,-0.2099833917,3.775416829e-05
1.911,-0.03864675933,0.01956518749,-0.21,-0.03861396569,0.01955658038,-0.2099833612,3.776712159e-05
1.912,-0.03870457503,0.0195512096,-0.21,-0.03867177918,0.01954261327,-0.2099833307,3.778000943e-05
1.913,-0.03876214624,0.01953720084,-0.21,-0.03872934828,0.01952861529,-0.2099833003,3.77928318e-05
1.914,-0.03881947261,0.01952316122,-0.21,-0.03878667262,0.01951458648,-0.2099832699,3.780558868e-05
1.915,-0.03887655377,0.01950909078,-0.21,-0.03884375184,0.01950052683,-0.2099832395,3.781828008e-05
1.916,-0.03893338937,0.01949498952,-0.21,-0.03890058558,0.01948643639,-0.2099832092,3.783090596e-05
1.917,-0.03898997905,0.01948085749,-0.21,-0.03895717347,0.01947231518,-0.2099831789,3.784346631e-05
1.918,-0.03904632244,0.01946669469,-0.21,-0.03901351516,0.01945816321,-0.2099831486,3.785596109e-05
1.919,-0.0391024192,0.01945250115,-0.21,-0.0390696103,0.0194439805,-0.2099831184,3.786839027e-05
1.92,-0.03915826896,0.01943827689,-0.21,-0.03912545852,0.01942976709,-0.2099830882,3.788075382e-05
1.921,-0.03921387138,0.01942402193,-0.21,-0.03918105948,0.01941552299,-0.209983058,3.789305169e-05
1.922,-0.0392692261,0.0194097363,-0.21,-0.03923641282,0.01940124823,-0.2099830279,3.790528384e-05
1.923,-0.03932433278,0.01939542003,-0.21,-0.03929151819,0.01938694283,-0.2099829978,3.791745021e-05
1.924,-0.03937919106,0.01938107312,-0.21,-0.03934637525,0.0193726068,-0.2099829678,3.792955075e-05
1.925,-0.0394338006,0.01936669561,-0.21,-0.03940098364,0.01935824019,-0.2099829379,3.794158539e-05
1.926,-0.03948816106,0.01935228751,-0.21,-0.03945534302,0.01934384299,-0.2099829079,3.795355407e-05
1.927,-0.03954227209,0.01933784886,-0.21,-0.03950945305,0.01932941525,-0.2099828781,3.796545672e-05
1.928,-0.03959613334,0.01932337967,-0.21,-0.03956331338,0.01931495698,-0.2099828482,3.797729327e-05
1.929,-0.03964974449,0.01930887996,-0.21,-0.03961692368,0.01930046821,-0.2099828185,3.798906364e-05
1.93,-0.03970310519,0.01929434976,-0.21,-0.0396702836,0.01928594895,-0.2099827887,3.800076775e-05
1.931,-0.0397562151,0.0192797891,-0.21,-0.0397233928,0.01927139924,-0.2099827591,3.80124055e-05
1.932,-0.03980907389,0.01926519799,-0.21,-0.03977625096,0.01925681909,-0.2099827294,3.80239768e-05
1.933,-0.03986168122,0.01925057645,-0.21,-0.03982885773,0.01924220853,-0.2099826999,3.803548156e-05
1.934,-0.03991403677,0.01923592452,-0.21,-0.03988121278,0.01922756758,-0.2099826704,3.804691967e-05
1.935,-0.0399661402,0.01922124221,-0.21,-0.03993331578,0.01921289626,-0.209982641,3.805829103e-05
1.936,-0.04001799118,0.01920652955,-0.21,-0.0399851664,0.01919819461,-0.2099826116,3.806959554e-05
1.937,-0.04006958938,0.01919178656,-0.21,-0.04003676432,0.01918346263,-0.2099825823,3.808083307e-05
1.938,-0.04012093448,0.01917701326,-0.21,-0.0400881092,0.01916870036,-0.209982553,3.809200352e-05
1.939,-0.04017202616,0.01916220968,-0.21,-0.04013920072,0.01915390781,-0.2099825238,3.810310676e-05
1.94,-0.04022286409,0.01914737584,-0.21,-0.04019003857,0.01913908502,-0.2099824947,3.811414266e-05
1.941,-0.04027344795,0.01913251176,-0.21,-0.0402406224,0.019124232,-0.2099824657,3.812511109e-05
1.942,-0.04032377742,0.01911761747,-0.21,-0.04029095191,0.01910934878,-0.2099824367,3.813601191e-05
1.943,-0.04037385218,0.01910269299,-0.21,-0.04034102678,0.01909443538,-0.2099824078,3.814684499e-05
1.944,-0.04042367192,0.01908773835,-0.21,-0.04039084669,0.01907949182,-0.2099823789,3.815761019e-05
1.945,-0.04047323632,0.01907275356,-0.21,-0.04044041133,0.01906451814,-0.2099823501,3.816830735e-05
1.946,-0.04052254507,0.01905773866,-0.21,-0.04048972037,0.01904951434,-0.2099823215,3.817893634e-05
1.947,-0.04057159786,0.01904269366,-0.21,-0.04053877352,0.01903448047,-0.2099822928,3.8189497e-05
1.948,-0.04062039438,0.01902761858,-0.21,-0.04058757045,0.01901941653,-0.2099822643,3.819998916e-05
1.949,-0.04066893431,0.01901251347,-0.21,-0.04063611086,0.01900432256,-0.2099822358,3.821041266e-05
1.95,-0.04071721736,0.01899737832,-0.21,-0.04068439445,0.01898919858,-0.2099822074,3.822076735e-05
1.951,-0.04076524322,0.01898221318,-0.21,-0.0407324209,0.01897404461,-0.2099821791,3.823105305e-05
1.952,-0.04081301158,0.01896701807,-0.21,-0.04078018992,0.01895886068,-0.2099821509,3.824126958e-05
1.953,-0.04086052214,0.018951793,-0.21,-0.04082770119,0.01894364681,-0.2099821228,3.825141678e-05
1.954,-0.04090777461,0.018936538,-0.21,-0.04087495443,0.01892840302,-0.2099820947,3.826149446e-05
1.955,-0.04095476868,0.0189212531,-0.21,-0.04092194932,0.01891312934,-0.2099820667,3.827150243e-05
1.956,-0.04100150406,0.01890593832,-0.21,-0.04096868558,0.0188978258,-0.2099820388,3.828144053e-05
1.957,-0.04104798045,0.01889059369,-0.21,-0.04101516291,0.01888249241,-0.209982011,3.829130854e-05
1.958,-0.04109419756,0.01887521923,-0.21,-0.04106138101,0.0188671292,-0.2099819833,3.830110628e-05
1.959,-0.0411401551,0.01885981495,-0.21,-0.04110733958,0.0188517362,-0.2099819557,3.831083354e-05
1.96,-0.04118585277,0.0188443809,-0.21,-0.04115303835,0.01883631343,-0.2099819282,3.832049014e-05
1.961,-0.04123129029,0.01882891709,-0.21,-0.04119847702,0.01882086092,-0.2099819008,3.833007586e-05
1.962,-0.04127646737,0.01881342355,-0.21,-0.0412436553,0.01880537868,-0.2099818734,3.83395905e-05
1.963,-0.04132138373,0.01879790029,-0.21,-0.04128857291,0.01878986675,-0.2099818462,3.834903386e-05
1.964,-0.04136603907,0.01878234735,-0.21,-0.04133322956,0.01877432515,-0.209981819,3.835840571e-05
1.965,-0.04141043313,0.01876676476,-0.21,-0.04137762497,0.0187587539,-0.209981792,3.836770584e-05
1.966,-0.04145456562,0.01875115252,-0.21,-0.04142175886,0.01874315303,-0.209981765,3.837693402e-05
1.967,-0.04149843626,0.01873551068,-0.21,-0.04146563095,0.01872752256,-0.2099817382,3.838609005e-05
1.968,-0.04154204477,0.01871983925,-0.21,-0.04150924096,0.01871186252,-0.2099817114,3.839517369e-05
1.969,-0.04158539087,0.01870413826,-0.21,-0.04155258862,0.01869617293,-0.2099816848,3.840418472e-05
1.97,-0.04162847431,0.01868840773,-0.21,-0.04159567365,0.01868045382,-0.2099816582,3.841312291e-05
1.971,-0.04167129479,0.01867264769,-0.21,-0.04163849577,0.01866470521,-0.2099816318,3.842198802e-05
1.972,-0.04171385206,0.01865685817,-0.21,-0.04168105472,0.01864892713,-0.2099816055,3.843077981e-05
1.973,-0.04175614584,0.01864103918,-0.21,-0.04172335024,0.01863311959,-0.2099815793,3.843949804e-05
1.974,-0.04179817586,0.01862519076,-0.21,-0.04176538204,0.01861728264,-0.2099815531,3.844814248e-05
1.975,-0.04183994186,0.01860931292,-0.21,-0.04180714986,0.01860141629,-0.2099815271,3.845671289e-05
1.976,-0.04188144359,0.0185934057,-0.21,-0.04184865345,0.01858552057,-0.2099815012,3.846520901e-05
1.977,-0.04192268076,0.01857746912,-0.21,-0.04188989253,0.01856959549,-0.2099814755,3.84736306e-05
1.978,-0.04196365313,0.0185615032,-0.21,-0.04193086685,0.0185536411,-0.2099814498,3.848197741e-05
1.979,-0.04200436043,0.01854550796,-0.21,-0.04197157614,0.01853765741,-0.2099814242,3.849024919e-05
1.98,-0.04204480241,0.01852948345,-0.21,-0.04201202016,0.01852164445,-0.2099813988,3.849844567e-05
1.981,-0.04208497881,0.01851342967,-0.21,-0.04205219863,0.01850560224,-0.2099813735,3.850656659e-05
1.982,-0.04212488938,0.01849734666,-0.21,-0.04209211132,0.01848953081,-0.2099813483,3.851461171e-05
1.983,-0.04216453387,0.01848123443,-0.21,-0.04213175796,0.01847343018,-0.2099813232,3.852258075e-05
1.984,-0.04220391202,0.01846509303,-0.21,-0.04217113831,0.01845730039,-0.2099812982,3.853047346e-05
1.985,-0.04224302359,0.01844892246,-0.21,-0.04221025211,0.01844114145,-0.2099812734,3.853828957e-05
1.986,-0.04228186833,0.01843272276,-0.21,-0.04224909912,0.01842495339,-0.2099812487,3.854602881e-05
1.987,-0.042320446,0.01841649395,-0.21,-0.0422876791,0.01840873624,-0.2099812241,3.855369091e-05
1.988,-0.04235875635,0.01840023606,-0.21,-0.04232599179,0.01839249002,-0.2099811996,3.85612756e-05
1.989,-0.04239679913,0.01838394912,-0.21,-0.04236403695,0.01837621476,-0.2099811753,3.856878262e-05
1.99,-0.04243457412,0.01836763314,-0.21,-0.04240181436,0.01835991049,-0.209981151,3.857621166e-05
1.991,-0.04247208106,0.01835128816,-0.21,-0.04243932375,0.01834357722,-0.209981127,3.858356247e-05
1.992,-0.04250931973,0.0183349142,-0.21,-0.04247656491,0.01832721499,-0.209981103,3.859083476e-05
1.993,-0.04254628988,0.01831851128,-0.21,-0.04251353759,0.01831082383,-0.2099810792,3.859802826e-05
1.994,-0.04258299129,0.01830207944,-0.21,-0.04255024155,0.01829440375,-0.2099810555,3.860514269e-05
1.995,-0.04261942372,0.0182856187,-0.21,-0.04258667658,0.01827795478,-0.2099810319,3.861217776e-05
1.996,-0.04265558695,0.01826912908,-0.21,-0.04262284242,0.01826147695,-0.2099810085,3.86191332e-05
1.997,-0.04269148074,0.01825261061,-0.21,-0.04265873887,0.01824497029,-0.2099809852,3.862600871e-05
1.998,-0.04272710487,0.01823606332,-0.21,-0.04269436568,0.01822843483,-0.209980962,3.863280401e-05
1.999,-0.04276245911,0.01821948723,-0.21,-0.04272972264,0.01821187058,-0.209980939,3.863951881e-05
2,-0.04279754323,0.01820288237,-0.21,-0.04276480952,0.01819527757,-0.2099809161,3.864615282e-05
2.001,-0.04283235703,0.01818624877,-0.21,-0.04279962609,0.01817865584,-0.2099808933,3.865270575e-05
2.002,-0.04286690027,0.01816958645,-0.21,-0.04283417215,0.0181620054,-0.2099808707,3.865917731e-05
2.003,-0.04290117274,0.01815289543,-0.21,-0.04286844746,0.01814532629,-0.2099808482,3.866556722e-05
2.004,-0.04293517423,0.01813617575,-0.21,-0.04290245181,0.01812861852,-0.2099808259,3.867187517e-05
2.005,-0.04296890451,0.01811942743,-0.21,-0.04293618499,0.01811188213,-0.2099808037,3.867810088e-05
2.006,-0.04300236338,0.01810265049,-0.21,-0.04296964679,0.01809511715,-0.2099807817,3.868424406e-05
2.007,-0.04303555062,0.01808584497,-0.21,-0.04300283698,0.01807832359,-0.2099807598,3.86903044e-05
2.008,-0.04306846603,0.01806901089,-0.21,-0.04303575537,0.01806150149,-0.209980738,3.869628162e-05
2.009,-0.04310110939,0.01805214828,-0.21,-0.04306840173,0.01804465088,-0.2099807164,3.870217541e-05
2.01,-0.04313348051,0.01803525716,-0.21,-0.04310077588,0.01802777177,-0.209980695,3.870798549e-05
2.011,-0.04316557916,0.01801833756,-0.21,-0.0431328776,0.0180108642,-0.2099806737,3.871371155e-05
2.012,-0.04319740516,0.0180013895,-0.21,-0.04316470668,0.01799392819,-0.2099806525,3.87193533e-05
2.013,-0.04322895831,0.01798441302,-0.21,-0.04319626293,0.01797696377,-0.2099806315,3.872491043e-05
2.014,-0.04326023839,0.01796740814,-0.21,-0.04322754615,0.01795997097,-0.2099806106,3.873038266e-05
2.015,-0.04329124522,0.01795037489,-0.21,-0.04325855613,0.01794294981,-0.2099805899,3.873576969e-05
2.016,-0.0433219786,0.01793331329,-0.21,-0.04328929269,0.01792590032,-0.2099805694,3.874107121e-05
2.017,-0.04335243833,0.01791622337,-0.21,-0.04331975563,0.01790882252,-0.209980549,3.874628693e-05
2.018,-0.04338262423,0.01789910516,-0.21,-0.04334994475,0.01789171646,-0.2099805287,3.875141655e-05
2.019,-0.0434125361,0.01788195868,-0.21,-0.04337985987,0.01787458214,-0.2099805086,3.875645979e-05
2.02,-0.04344217375,0.01786478397,-0.21,-0.04340950079,0.0178574196,-0.2099804887,3.876141633e-05
2.021,-0.04347153699,0.01784758104,-0.21,-0.04343886732,0.01784022887,-0.2099804689,3.876628588e-05
2.022,-0.04350062565,0.01783034994,-0.21,-0.04346795929,0.01782300997,-0.2099804493,3.877106814e-05
2.023,-0.04352943953,0.01781309067,-0.21,-0.04349677651,0.01780576293,-0.2099804299,3.877576281e-05
2.024,-0.04355797846,0.01779580328,-0.21,-0.04352531879,0.01778848777,-0.2099804106,3.878036959e-05
2.025,-0.04358624225,0.01777848778,-0.21,-0.04355358595,0.01777118454,-0.2099803914,3.87848882e-05
2.026,-0.04361423073,0.01776114421,-0.21,-0.04358157782,0.01775385324,-0.2099803725,3.878931833e-05
2.027,-0.04364194371,0.01774377259,-0.21,-0.04360929421,0.01773649391,-0.2099803536,3.87936597e-05
2.028,-0.04366938103,0.01772637295,-0.21,-0.04363673496,0.01771910658,-0.209980335,3.8797912e-05
2.029,-0.04369654251,0.01770894532,-0.21,-0.04366389989,0.01770169128,-0.2099803165,3.880207495e-05
2.03,-0.04372342798,0.01769148972,-0.21,-0.04369078883,0.01768424802,-0.2099802982,3.880614824e-05
2.031,-0.04375003727,0.01767400619,-0.21,-0.0437174016,0.01766677685,-0.2099802801,3.881013158e-05
2.032,-0.04377637021,0.01765649475,-0.21,-0.04374373804,0.01764927778,-0.2099802621,3.881402469e-05
2.033,-0.04380242663,0.01763895542,-0.21,-0.04376979798,0.01763175085,-0.2099802443,3.881782727e-05
2.034,-0.04382820637,0.01762138824,-0.21,-0.04379558125,0.01761419608,-0.2099802266,3.882153903e-05
2.035,-0.04385370928,0.01760379324,-0.21,-0.0438210877,0.0175966135,-0.2099802092,3.882515969e-05
2.036,-0.04387893517,0.01758617043,-0.21,-0.04384631716,0.01757900314,-0.2099801919,3.882868894e-05
2.037,-0.04390388391,0.01756851986,-0.21,-0.04387126948,0.01756136502,-0.2099801747,3.883212651e-05
2.038,-0.04392855532,0.01755084154,-0.21,-0.04389594448,0.01754369918,-0.2099801578,3.883547212e-05
2.039,-0.04395294926,0.01753313551,-0.21,-0.04392034203,0.01752600564,-0.209980141,3.883872546e-05
2.04,-0.04397706556,0.01751540179,-0.21,-0.04394446196,0.01750828443,-0.2099801244,3.884188627e-05
2.041,-0.04400090408,0.01749764041,-0.21,-0.04396830412,0.01749053558,-0.2099801079,3.884495426e-05
2.042,-0.04402446467,0.01747985139,-0.21,-0.04399186836,0.01747275911,-0.2099800917,3.884792915e-05
2.043,-0.04404774718,0.01746203478,-0.21,-0.04401515453,0.01745495506,-0.2099800756,3.885081065e-05
2.044,-0.04407075146,0.01744419059,-0.21,-0.04403816248,0.01743712345,-0.2099800597,3.88535985e-05
2.045,-0.04409347736,0.01742631885,-0.21,-0.04406089207,0.01741926431,-0.2099800439,3.885629241e-05
2.046,-0.04411592474,0.0174084196,-0.21,-0.04408334316,0.01740137767,-0.2099800284,3.885889211e-05
2.047,-0.04413809346,0.01739049286,-0.21,-0.0441055156,0.01738346355,-0.209980013,3.886139732e-05
2.048,-0.04415998339,0.01737253865,-0.21,-0.04412740924,0.01736552199,-0.2099799978,3.886380778e-05
2.049,-0.04418159437,0.01735455701,-0.21,-0.04414902397,0.01734755302,-0.2099799828,3.886612321e-05
2.05,-0.04420292628,0.01733654796,-0.21,-0.04417035962,0.01732955665,-0.209979968,3.886834335e-05
2.051,-0.04422397898,0.01731851154,-0.21,-0.04419141608,0.01731153293,-0.2099799533,3.887046792e-05
2.052,-0.04424475234,0.01730044777,-0.21,-0.04421219321,0.01729348187,-0.2099799388,3.887249666e-05
2.053,-0.04426524622,0.01728235668,-0.21,-0.04423269087,0.01727540351,-0.2099799246,3.887442932e-05
2.054,-0.0442854605,0.0172642383,-0.21,-0.04425290894,0.01725729788,-0.2099799104,3.887626562e-05
2.055,-0.04430539505,0.01724609265,-0.21,-0.04427284728,0.017239165,-0.2099798965,3.887800532e-05
2.056,-0.04432504975,0.01722791978,-0.21,-0.04429250578,0.01722100491,-0.2099798828,3.887964815e-05
2.057,-0.04434442446,0.01720971969,-0.21,-0.04431188431,0.01720281762,-0.2099798692,3.888119386e-05
2.058,-0.04436351907,0.01719149243,-0.21,-0.04433098274,0.01718460318,-0.2099798559,3.88826422e-05
2.059,-0.04438233345,0.01717323802,-0.21,-0.04434980096,0.01716636161,-0.2099798427,3.888399291e-05
2.06,-0.04440086749,0.0171549565,-0.21,-0.04436833884,0.01714809293,-0.2099798297,3.888524575e-05
2.061,-0.04441912107,0.01713664788,-0.21,-0.04438659627,0.01712979718,-0.2099798169,3.888640047e-05
2.062,-0.04443709408,0.0171183122,-0.21,-0.04440457313,0.01711147439,-0.2099798043,3.888745683e-05
2.063,-0.04445478639,0.01709994949,-0.21,-0.04442226931,0.01709312458,-0.2099797919,3.888841459e-05
2.064,-0.04447219791,0.01708155978,-0.21,-0.0444396847,0.01707474778,-0.2099797796,3.888927351e-05
2.065,-0.04448932851,0.01706314309,-0.21,-0.04445681918,0.01705634403,-0.2099797676,3.889003334e-05
2.066,-0.0445061781,0.01704469946,-0.21,-0.04447367265,0.01703791335,-0.2099797557,3.889069387e-05
2.067,-0.04452274656,0.01702622891,-0.21,-0.044490245,0.01701945577,-0.2099797441,3.889125485e-05
2.068,-0.04453903379,0.01700773148,-0.21,-0.04450653613,0.01700097133,-0.2099797326,3.889171607e-05
2.069,-0.04455503969,0.01698920719,-0.21,-0.04452254593,0.01698246004,-0.2099797213,3.889207729e-05
2.07,-0.04457076416,0.01697065607,-0.21,-0.04453827431,0.01696392194,-0.2099797102,3.889233828e-05
2.071,-0.04458620709,0.01695207815,-0.21,-0.04455372115,0.01694535705,-0.2099796993,3.889249884e-05
2.072,-0.04460136839,0.01693347346,-0.21,-0.04456888637,0.01692676542,-0.2099796886,3.889255873e-05
2.073,-0.04461624796,0.01691484203,-0.21,-0.04458376987,0.01690814706,-0.2099796781,3.889251776e-05
2.074,-0.04463084572,0.01689618389,-0.21,-0.04459837155,0.016889502,-0.2099796678,3.889237569e-05
2.075,-0.04464516156,0.01687749907,-0.21,-0.04461269133,0.01687083028,-0.2099796577,3.889213233e-05
2.076,-0.0446591954,0.01685878759,-0.21,-0.0446267291,0.01685213193,-0.2099796478,3.889178747e-05
2.077,-0.04467294714,0.0168400495,-0.21,-0.04464048479,0.01683340697,-0.209979638,3.889134091e-05
2.078,-0.04468641671,0.01682128481,-0.21,-0.04465395831,0.01681465544,-0.2099796285,3.889079244e-05
2.079,-0.04469960402,0.01680249356,-0.21,-0.04466714956,0.01679587735,-0.2099796192,3.889014186e-05
2.08,-0.04471250897,0.01678367577,-0.21,-0.04468005847,0.01677707275,-0.2099796101,3.888938899e-05
2.081,-0.0447251315,0.01676483148,-0.21,-0.04469268496,0.01675824167,-0.2099796011,3.888853363e-05
2.082,-0.04473747152,0.01674596072,-0.21,-0.04470502894,0.01673938412,-0.2099795924,3.888757559e-05
2.083,-0.04474952896,0.01672706351,-0.21,-0.04471709034,0.01672050015,-0.2099795838,3.888651469e-05
2.084,-0.04476130373,0.01670813989,-0.21,-0.04472886908,0.01670158978,-0.2099795755,3.888535075e-05
2.085,-0.04477279576,0.01668918989,-0.21,-0.04474036508,0.01668265305,-0.2099795674,3.888408358e-05
2.086,-0.04478400499,0.01667021353,-0.21,-0.04475157828,0.01666368997,-0.2099795594,3.888271302e-05
2.087,-0.04479493134,0.01665121084,-0.21,-0.0447625086,0.01664470059,-0.2099795517,3.888123889e-05
2.088,-0.04480557473,0.01663218186,-0.21,-0.04477315597,0.01662568492,-0.2099795442,3.887966102e-05
2.089,-0.04481593511,0.01661312662,-0.21,-0.04478352033,0.01660664301,-0.2099795368,3.887797924e-05
2.09,-0.04482601241,0.01659404514,-0.21,-0.04479360161,0.01658757489,-0.2099795297,3.88761934e-05
2.091,-0.04483580656,0.01657493746,-0.21,-0.04480339974,0.01656848057,-0.2099795227,3.887430333e-05
2.092,-0.04484531751,0.0165558036,-0.21,-0.04481291467,0.01654936009,-0.209979516,3.887230889e-05
2.093,-0.04485454519,0.0165366436,-0.21,-0.04482214634,0.01653021349,-0.2099795095,3.887020991e-05
2.094,-0.04486348954,0.01651745749,-0.21,-0.04483109468,0.01651104079,-0.2099795032,3.886800625e-05
2.095,-0.04487215051,0.01649824529,-0.21,-0.04483975964,0.01649184202,-0.209979497,3.886569777e-05
2.096,-0.04488052805,0.01647900704,-0.21,-0.04484814116,0.01647261722,-0.2099794911,3.886328432e-05
2.097,-0.04488862209,0.01645974277,-0.21,-0.0448562392,0.0164533664,-0.2099794854,3.886076577e-05
2.098,-0.04489643259,0.0164404525,-0.21,-0.04486405369,0.01643408962,-0.2099794799,3.885814198e-05
2.099,-0.0449039595,0.01642113627,-0.21,-0.0448715846,0.01641478688,-0.2099794746,3.885541283e-05
2.1,-0.04491120278,0.01640179412,-0.21,-0.04487883187,0.01639545823,-0.2099794695,3.885257818e-05
2.101,-0.04491816237,0.01638242606,-0.21,-0.04488579545,0.0163761037,-0.2099794646,3.884963791e-05
2.102,-0.04492483823,0.01636303213,-0.21,-0.04489247531,0.01635672331,-0.2099794599,3.884659191e-05
2.103,-0.04493123033,0.01634361236,-0.21,-0.0448988714,0.01633731709,-0.2099794554,3.884344005e-05
2.104,-0.04493733861,0.01632416678,-0.21,-0.04490498368,0.01631788509,-0.2099794511,3.884018223e-05
2.105,-0.04494316305,0.01630469543,-0.21,-0.04491081211,0.01629842732,-0.209979447,3.883681834e-05
2.106,-0.0449487036,0.01628519833,-0.21,-0.04491635666,0.01627894381,-0.2099794431,3.883334826e-05
2.107,-0.04495396023,0.01626567551,-0.21,-0.04492161729,0.01625943461,-0.2099794394,3.882977191e-05
2.108,-0.0449589329,0.016246127,-0.21,-0.04492659396,0.01623989974,-0.209979436,3.882608918e-05
2.109,-0.04496362159,0.01622655284,-0.21,-0.04493128665,0.01622033922,-0.2099794327,3.882229999e-05
2.11,-0.04496802627,0.01620695306,-0.21,-0.04493569532,0.0162007531,-0.2099794297,3.881840424e-05
2.111,-0.0449721469,0.01618732768,-0.21,-0.04493981995,0.0161811414,-0.2099794268,3.881440184e-05
2.112,-0.04497598347,0.01616767674,-0.21,-0.04494366051,0.01616150415,-0.2099794242,3.881029272e-05
2.113,-0.04497953594,0.01614800028,-0.21,-0.04494721698,0.01614184139,-0.2099794217,3.88060768e-05
2.114,-0.0449828043,0.01612829831,-0.21,-0.04495048933,0.01612215314,-0.2099794195,3.8801754e-05
2.115,-0.04498578852,0.01610857087,-0.21,-0.04495347755,0.01610243944,-0.2099794175,3.879732425e-05
2.116,-0.04498848858,0.01608881799,-0.21,-0.04495618161,0.01608270031,-0.2099794157,3.879278749e-05
2.117,-0.04499090448,0.01606903971,-0.21,-0.0449586015,0.01606293579,-0.2099794141,3.878814365e-05
2.118,-0.04499303619,0.01604923605,-0.21,-0.04496073721,0.01604314591,-0.2099794127,3.878339268e-05
2.119,-0.04499488369,0.01602940705,-0.21,-0.04496258871,0.01602333071,-0.2099794115,3.877853452e-05
2.12,-0.04499644699,0.01600955274,-0.21,-0.044964156,0.0160034902,-0.2099794105,3.877356912e-05
2.121,-0.04499772606,0.01598967314,-0.21,-0.04496543907,0.01598362443,-0.2099794097,3.876849644e-05
2.122,-0.04499872091,0.0159697683,-0.21,-0.0449664379,0.01596373342,-0.2099794092,3.876331643e-05
2.123,-0.04499943151,0.01594983823,-0.21,-0.0449671525,0.0159438172,-0.2099794088,3.875802906e-05
2.124,-0.04499985788,0.01592988298,-0.21,-0.04496758286,0.01592387582,-0.2099794086,3.875263428e-05
2.125,-0.045,0.01590990258,-0.21,-0.04496772898,0.01590390929,-0.2099794087,3.874713207e-05
2.126,-0.04499985788,0.01588989705,-0.21,-0.04496759085,0.01588391765,-0.209979409,3.87415224e-05
2.127,-0.04499943151,0.01586986642,-0.21,-0.04496716847,0.01586390093,-0.2099794094,3.873580525e-05
2.128,-0.04499872091,0.01584981074,-0.21,-0.04496646186,0.01584385917,-0.2099794101,3.87299806e-05
2.129,-0.04499772606,0.01582973003,-0.21,-0.044965471,0.01582379239,-0.209979411,3.872404844e-05
2.13,-0.04499644699,0.01580962432,-0.21,-0.04496419592,0.01580370063,-0.2099794121,3.871800875e-05
2.131,-0.04499488369,0.01578949365,-0.21,-0.04496263661,0.01578358391,-0.2099794134,3.871186153e-05
2.132,-0.04499303619,0.01576933804,-0.21,-0.0449607931,0.01576344228,-0.2099794149,3.870560677e-05
2.133,-0.04499090448,0.01574915753,-0.21,-0.04495866538,0.01574327575,-0.2099794166,3.869924448e-05
2.134,-0.04498848858,0.01572895215,-0.21,-0.04495625347,0.01572308437,-0.2099794185,3.869277466e-05
2.135,-0.04498578852,0.01570872193,-0.21,-0.04495355739,0.01570286816,-0.2099794206,3.868619732e-05
2.136,-0.0449828043,0.0156884669,-0.21,-0.04495057716,0.01568262716,-0.209979423,3.867951247e-05
2.137,-0.04497953594,0.0156681871,-0.21,-0.04494731279,0.0156623614,-0.2099794255,3.867272014e-05
2.138,-0.04497598347,0.01564788256,-0.21,-0.04494376431,0.01564207091,-0.2099794283,3.866582033e-05
2.139,-0.0449721469,0.01562755331,-0.21,-0.04493993173,0.01562175572,-0.2099794312,3.865881309e-05
2.14,-0.04496802627,0.01560719938,-0.21,-0.04493581509,0.01560141587,-0.2099794344,3.865169842e-05
2.141,-0.04496362159,0.01558682081,-0.21,-0.0449314144,0.01558105138,-0.2099794378,3.864447638e-05
2.142,-0.0449589329,0.01556641762,-0.21,-0.0449267297,0.0155606623,-0.2099794413,3.863714699e-05
2.143,-0.04495396023,0.01554598985,-0.21,-0.04492176101,0.01554024864,-0.2099794451,3.862971029e-05
2.144,-0.0449487036,0.01552553753,-0.21,-0.04491650837,0.01551981044,-0.2099794491,3.862216633e-05
2.145,-0.04494316305,0.01550506069,-0.21,-0.04491097181,0.01549934775,-0.2099794533,3.861451517e-05
2.146,-0.04493733861,0.01548455937,-0.21,-0.04490515137,0.01547886057,-0.2099794577,3.860675684e-05
2.147,-0.04493123033,0.01546403359,-0.21,-0.04489904707,0.01545834896,-0.2099794623,3.859889141e-05
2.148,-0.04492483823,0.0154434834,-0.21,-0.04489265897,0.01543781294,-0.2099794671,3.859091894e-05
2.149,-0.04491816237,0.01542290882,-0.21,-0.0448859871,0.01541725255,-0.2099794721,3.858283949e-05
2.15,-0.04491120278,0.01540230988,-0.21,-0.0448790315,0.01539666781,-0.2099794773,3.857465313e-05
2.151,-0.0449039595,0.01538168663,-0.21,-0.04487179222,0.01537605876,-0.2099794828,3.856635993e-05
2.152,-0.04489643259,0.01536103908,-0.21,-0.0448642693,0.01535542543,-0.2099794884,3.855795997e-05
2.153,-0.04488862209,0.01534036727,-0.21,-0.04485646279,0.01533476786,-0.2099794942,3.854945333e-05
2.154,-0.04488052805,0.01531967124,-0.21,-0.04484837275,0.01531408607,-0.2099795003,3.854084008e-05
2.155,-0.04487215051,0.01529895102,-0.21,-0.04483999921,0.0152933801,-0.2099795065,3.853212032e-05
2.156,-0.04486348954,0.01527820664,-0.21,-0.04483134224,0.01527264999,-0.209979513,3.852329414e-05
2.157,-0.04485454519,0.01525743813,-0.21,-0.04482240189,0.01525189575,-0.2099795196,3.851436163e-05
2.158,-0.04484531751,0.01523664553,-0.21,-0.04481317822,0.01523111744,-0.2099795265,3.850532288e-05
2.159,-0.04483580656,0.01521582887,-0.21,-0.04480367128,0.01521031508,-0.2099795335,3.849617801e-05
2.16,-0.04482601241,0.01519498818,-0.21,-0.04479388113,0.01518948869,-0.2099795408,3.848692712e-05
2.161,-0.04481593511,0.0151741235,-0.21,-0.04478380785,0.01516863833,-0.2099795482,3.847757032e-05
2.162,-0.04480557473,0.01515323485,-0.21,-0.04477345148,0.01514776401,-0.2099795559,3.846810771e-05
2.163,-0.04479493134,0.01513232228,-0.21,-0.0447628121,0.01512686577,-0.2099795637,3.845853942e-05
2.164,-0.04478400499,0.01511138581,-0.21,-0.04475188977,0.01510594365,-0.2099795718,3.844886556e-05
2.165,-0.04477279576,0.01509042547,-0.21,-0.04474068456,0.01508499768,-0.2099795801,3.843908626e-05
2.166,-0.04476130373,0.01506944131,-0.21,-0.04472919655,0.01506402788,-0.2099795885,3.842920165e-05
2.167,-0.04474952896,0.01504843335,-0.21,-0.04471742581,0.0150430343,-0.2099795972,3.841921186e-05
2.168,-0.04473747152,0.01502740162,-0.21,-0.04470537241,0.01502201697,-0.2099796061,3.840911701e-05
2.169,-0.0447251315,0.01500634617,-0.21,-0.04469303642,0.01500097591,-0.2099796151,3.839891726e-05
2.17,-0.04471250897,0.01498526702,-0.21,-0.04468041793,0.01497991117,-0.2099796244,3.838861273e-05
2.171,-0.04469960402,0.0149641642,-0.21,-0.04466751701,0.01495882277,-0.2099796339,3.837820358e-05
2.172,-0.04468641671,0.01494303776,-0.21,-0.04465433375,0.01493771075,-0.2099796435,3.836768996e-05
2.173,-0.04467294714,0.01492188771,-0.21,-0.04464086824,0.01491657514,-0.2099796534,3.835707201e-05
2.174,-0.0446591954,0.01490071411,-0.21,-0.04462712054,0.01489541598,-0.2099796634,3.834634988e-05
2.175,-0.04464516156,0.01487951697,-0.21,-0.04461309077,0.01487423329,-0.2099796737,3.833552374e-05
2.176,-0.04463084572,0.01485829634,-0.21,-0.04459877899,0.01485302712,-0.2099796841,3.832459374e-05
2.177,-0.04461624796,0.01483705224,-0.21,-0.0445841853,0.0148317975,-0.2099796948,3.831356006e-05
2.178,-0.04460136839,0.01481578471,-0.21,-0.0445693098,0.01481054445,-0.2099797056,3.830242286e-05
2.179,-0.04458620709,0.01479449379,-0.21,-0.04455415258,0.01478926802,-0.2099797166,3.82911823e-05
2.18,-0.04457076416,0.0147731795,-0.21,-0.04453871374,0.01476796823,-0.2099797279,3.827983857e-05
2.181,-0.04455503969,0.01475184189,-0.21,-0.04452299337,0.01474664512,-0.2099797393,3.826839184e-05
2.182,-0.04453903379,0.01473048098,-0.21,-0.04450699157,0.01472529872,-0.2099797509,3.825684229e-05
2.183,-0.04452274656,0.01470909681,-0.21,-0.04449070844,0.01470392907,-0.2099797627,3.82451901e-05
2.184,-0.0445061781,0.01468768941,-0.21,-0.04447414409,0.0146825362,-0.2099797747,3.823343546e-05
2.185,-0.04448932851,0.01466625882,-0.21,-0.04445729862,0.01466112014,-0.2099797869,3.822157857e-05
2.186,-0.04447219791,0.01464480507,-0.21,-0.04444017214,0.01463968094,-0.2099797993,3.82096196e-05
2.187,-0.04445478639,0.01462332819,-0.21,-0.04442276476,0.01461821861,-0.2099798119,3.819755875e-05
2.188,-0.04443709408,0.01460182822,-0.21,-0.04440507658,0.0145967332,-0.2099798246,3.818539623e-05
2.189,-0.04441912107,0.01458030519,-0.21,-0.04438710773,0.01457522473,-0.2099798376,3.817313223e-05
2.19,-0.04440086749,0.01455875914,-0.21,-0.0443688583,0.01455369325,-0.2099798507,3.816076696e-05
2.191,-0.04438233345,0.01453719009,-0.21,-0.04435032843,0.01453213879,-0.2099798641,3.814830062e-05
2.192,-0.04436351907,0.01451559809,-0.21,-0.04433151822,0.01451056138,-0.2099798776,3.813573342e-05
2.193,-0.04434442446,0.01449398317,-0.21,-0.04431242779,0.01448896105,-0.2099798913,3.812306557e-05
2.194,-0.04432504975,0.01447234536,-0.21,-0.04429305727,0.01446733784,-0.2099799052,3.811029729e-05
2.195,-0.04430539505,0.0144506847,-0.21,-0.04427340678,0.01444569179,-0.2099799193,3.809742879e-05
2.196,-0.0442854605,0.01442900121,-0.21,-0.04425347644,0.01442402292,-0.2099799335,3.808446029e-05
2.197,-0.04426524622,0.01440729494,-0.21,-0.04423326639,0.01440233127,-0.209979948,3.807139202e-05
2.198,-0.04424475234,0.01438556592,-0.21,-0.04421277673,0.01438061687,-0.2099799626,3.805822419e-05
2.199,-0.04422397898,0.01436381419,-0.21,-0.04419200762,0.01435887977,-0.2099799775,3.804495704e-05
2.2,-0.04420292628,0.01434203977,-0.21,-0.04417095917,0.01433711999,-0.2099799925,3.803159079e-05
2.201,-0.04418159437,0.0143202427,-0.21,-0.04414963153,0.01431533757,-0.2099800076,3.801812567e-05
2.202,-0.04415998339,0.01429842302,-0.21,-0.04412802482,0.01429353254,-0.209980023,3.800456192e-05
2.203,-0.04413809346,0.01427658076,-0.21,-0.04410613919,0.01427170493,-0.2099800386,3.799089977e-05
2.204,-0.04411592474,0.01425471596,-0.21,-0.04408397476,0.01424985479,-0.2099800543,3.797713946e-05
2.205,-0.04409347736,0.01423282864,-0.21,-0.04406153169,0.01422798214,-0.2099800702,3.796328123e-05
2.206,-0.04407075146,0.01421091885,-0.21,-0.04403881012,0.01420608702,-0.2099800863,3.794932532e-05
2.207,-0.04404774718,0.01418898662,-0.21,-0.04401581018,0.01418416947,-0.2099801026,3.793527197e-05
2.208,-0.04402446467,0.01416703198,-0.21,-0.04399253203,0.01416222951,-0.209980119,3.792112144e-05
2.209,-0.04400090408,0.01414505498,-0.21,-0.0439689758,0.01414026719,-0.2099801356,3.790687397e-05
2.21,-0.04397706556,0.01412305563,-0.21,-0.04394514166,0.01411828254,-0.2099801524,3.78925298e-05
2.211,-0.04395294926,0.01410103398,-0.21,-0.04392102975,0.01409627558,-0.2099801694,3.787808919e-05
2.212,-0.04392855532,0.01407899006,-0.21,-0.04389664023,0.01407424637,-0.2099801866,3.786355239e-05
2.213,-0.04390388391,0.01405692392,-0.21,-0.04387197324,0.01405219493,-0.2099802039,3.784891967e-05
2.214,-0.04387893517,0.01403483557,-0.21,-0.04384702894,0.01403012129,-0.2099802214,3.783419126e-05
2.215,-0.04385370928,0.01401272506,-0.21,-0.0438218075,0.01400802549,-0.209980239,3.781936744e-05
2.216,-0.04382820637,0.01399059242,-0.21,-0.04379630908,0.01398590757,-0.2099802569,3.780444846e-05
2.217,-0.04380242663,0.01396843769,-0.21,-0.04377053382,0.01396376756,-0.2099802749,3.778943459e-05
2.218,-0.04377637021,0.01394626091,-0.21,-0.04374448191,0.0139416055,-0.2099802931,3.777432609e-05
2.219,-0.04375003727,0.01392406209,-0.21,-0.04371815349,0.01391942142,-0.2099803114,3.775912322e-05
2.22,-0.04372342798,0.01390184129,-0.21,-0.04369154874,0.01389721535,-0.2099803299,3.774382624e-05
2.221,-0.04369654251,0.01387959854,-0.21,-0.04366466783,0.01387498733,-0.2099803486,3.772843543e-05
2.222,-0.04366938103,0.01385733387,-0.21,-0.04363751093,0.0138527374,-0.2099803675,3.771295105e-05
2.223,-0.04364194371,0.01383504732,-0.21,-0.04361007821,0.01383046559,-0.2099803865,3.769737338e-05
2.224,-0.04361423073,0.01381273892,-0.21,-0.04358236984,0.01380817194,-0.2099804057,3.768170268e-05
2.225,-0.04358624225,0.01379040871,-0.21,-0.043554386,0.01378585647,-0.209980425,3.766593922e-05
2.226,-0.04355797846,0.01376805672,-0.21,-0.04352612686,0.01376351924,-0.2099804445,3.765008328e-05
2.227,-0.04352943953,0.01374568299,-0.21,-0.04349759261,0.01374116026,-0.2099804642,3.763413514e-05
2.228,-0.04350062565,0.01372328755,-0.21,-0.04346878343,0.01371877958,-0.2099804841,3.761809506e-05
2.229,-0.04347153699,0.01370087044,-0.21,-0.04343969949,0.01369637723,-0.2099805041,3.760196332e-05
2.23,-0.04344217375,0.0136784317,-0.21,-0.04341034098,0.01367395325,-0.2099805242,3.758574021e-05
2.231,-0.0434125361,0.01365597135,-0.21,-0.04338070809,0.01365150766,-0.2099805445,3.756942599e-05
2.232,-0.04338262423,0.01363348945,-0.21,-0.04335080101,0.01362904052,-0.209980565,3.755302094e-05
2.233,-0.04335243833,0.01361098601,-0.21,-0.04332061992,0.01360655185,-0.2099805856,3.753652535e-05
2.234,-0.0433219786,0.01358846108,-0.21,-0.04329016502,0.01358404169,-0.2099806064,3.751993949e-05
2.235,-0.04329124522,0.01356591469,-0.21,-0.04325943649,0.01356151007,-0.2099806274,3.750326365e-05
2.236,-0.04326023839,0.01354334688,-0.21,-0.04322843454,0.01353895703,-0.2099806485,3.74864981e-05
2.237,-0.04322895831,0.01352075768,-0.21,-0.04319715935,0.01351638261,-0.2099806697,3.746964312e-05
2.238,-0.04319740516,0.01349814713,-0.21,-0.04316561114,0.01349378683,-0.2099806911,3.745269899e-05
2.239,-0.04316557916,0.01347551526,-0.21,-0.04313379009,0.01347116975,-0.2099807127,3.743566601e-05
2.24,-0.04313348051,0.01345286212,-0.21,-0.04310169641,0.01344853138,-0.2099807344,3.741854444e-05
2.241,-0.04310110939,0.01343018773,-0.21,-0.0430693303,0.01342587177,-0.2099807563,3.740133458e-05
2.242,-0.04306846603,0.01340749213,-0.21,-0.04303669197,0.01340319095,-0.2099807783,3.738403669e-05
2.243,-0.04303555062,0.01338477536,-0.21,-0.04300378162,0.01338048896,-0.2099808004,3.736665108e-05
2.244,-0.04300236338,0.01336203746,-0.21,-0.04297059947,0.01335776584,-0.2099808227,3.734917801e-05
2.245,-0.04296890451,0.01333927845,-0.21,-0.04293714571,0.01333502162,-0.2099808452,3.733161777e-05
2.246,-0.04293517423,0.01331649838,-0.21,-0.04290342057,0.01331225633,-0.2099808678,3.731397065e-05
2.247,-0.04290117274,0.01329369728,-0.21,-0.04286942426,0.01328947001,-0.2099808905,3.729623692e-05
2.248,-0.04286690027,0.01327087519,-0.21,-0.04283515698,0.0132666627,-0.2099809134,3.727841687e-05
2.249,-0.04283235703,0.01324803215,-0.21,-0.04280061897,0.01324383444,-0.2099809364,3.726051078e-05
2.25,-0.04279754323,0.01322516818,-0.21,-0.04276581044,0.01322098525,-0.2099809596,3.724251892e-05
2.251,-0.04276245911,0.01320228332,-0.21,-0.0427307316,0.01319811518,-0.2099809829,3.722444159e-05
2.252,-0.04272710487,0.01317937762,-0.21,-0.04269538268,0.01317522427,-0.2099810063,3.720627906e-05
2.253,-0.04269148074,0.01315645111,-0.21,-0.04265976391,0.01315231253,-0.2099810299,3.718803161e-05
2.254,-0.04265558695,0.01313350382,-0.21,-0.04262387551,0.01312938003,-0.2099810536,3.716969952e-05
2.255,-0.04261942372,0.01311053579,-0.21,-0.0425877177,0.01310642678,-0.2099810775,3.715128308e-05
2.256,-0.04258299129,0.01308754706,-0.21,-0.04255129072,0.01308345283,-0.2099811015,3.713278255e-05
2.257,-0.04254628988,0.01306453766,-0.21,-0.0425145948,0.01306045821,-0.2099811256,3.711419823e-05
2.258,-0.04250931973,0.01304150763,-0.21,-0.04247763017,0.01303744296,-0.2099811498,3.709553037e-05
2.259,-0.04247208106,0.01301845701,-0.21,-0.04244039706,0.01301440712,-0.2099811742,3.707677927e-05
2.26,-0.04243457412,0.01299538583,-0.21,-0.0424028957,0.01299135071,-0.2099811987,3.705794519e-05
2.261,-0.04239679913,0.01297229412,-0.21,-0.04236512634,0.01296827378,-0.2099812234,3.703902841e-05
2.262,-0.04235875635,0.01294918194,-0.21,-0.04232708922,0.01294517637,-0.2099812482,3.70200292e-05
2.263,-0.042320446,0.0129260493,-0.21,-0.04228878458,0.01292205851,-0.2099812731,3.700094784e-05
2.264,-0.04228186833,0.01290289625,-0.21,-0.04225021265,0.01289892023,-0.2099812981,3.69817846e-05
2.265,-0.04224302359,0.01287972283,-0.21,-0.04221137368,0.01287576158,-0.2099813233,3.696253974e-05
2.266,-0.04220391202,0.01285652906,-0.21,-0.04217226793,0.01285258258,-0.2099813485,3.694321353e-05
2.267,-0.04216453387,0.012833315,-0.21,-0.04213289562,0.01282938328,-0.2099813739,3.692380624e-05
2.268,-0.04212488938,0.01281008067,-0.21,-0.04209325703,0.01280616372,-0.2099813995,3.690431814e-05
2.269,-0.04208497881,0.01278682611,-0.21,-0.04205335239,0.01278292392,-0.2099814251,3.68847495e-05
2.27,-0.04204480241,0.01276355136,-0.21,-0.04201318196,0.01275966393,-0.2099814509,3.686510057e-05
2.271,-0.04200436043,0.01274025645,-0.21,-0.04197274599,0.01273638378,-0.2099814767,3.684537162e-05
2.272,-0.04196365313,0.01271694142,-0.21,-0.04193204474,0.01271308351,-0.2099815027,3.682556291e-05
2.273,-0.04192268076,0.01269360631,-0.21,-0.04189107847,0.01268976316,-0.2099815289,3.680567469e-05
2.274,-0.04188144359,0.01267025116,-0.21,-0.04184984743,0.01266642276,-0.2099815551,3.678570722e-05
2.275,-0.04183994186,0.012646876,-0.21,-0.04180835189,0.01264306234,-0.2099815814,3.676566076e-05
2.276,-0.04179817586,0.01262348087,-0.21,-0.04176659212,0.01261968196,-0.2099816079,3.674553556e-05
2.277,-0.04175614584,0.0126000658,-0.21,-0.04172456836,0.01259628164,-0.2099816345,3.672533187e-05
2.278,-0.04171385206,0.01257663084,-0.21,-0.0416822809,0.01257286141,-0.2099816611,3.670504994e-05
2.279,-0.04167129479,0.01255317602,-0.21,-0.04163972999,0.01254942133,-0.2099816879,3.668469002e-05
2.28,-0.04162847431,0.01252970137,-0.21,-0.04159691591,0.01252596141,-0.2099817148,3.666425236e-05
2.281,-0.04158539087,0.01250620694,-0.21,-0.04155383893,0.01250248171,-0.2099817418,3.664373719e-05
2.282,-0.04154204477,0.01248269276,-0.21,-0.04151049932,0.01247898226,-0.2099817689,3.662314476e-05
2.283,-0.04149843626,0.01245915886,-0.21,-0.04146689736,0.01245546309,-0.2099817961,3.66024753e-05
2.284,-0.04145456562,0.01243560529,-0.21,-0.04142303331,0.01243192424,-0.2099818235,3.658172906e-05
2.285,-0.04141043313,0.01241203209,-0.21,-0.04137890747,0.01240836575,-0.2099818509,3.656090627e-05
2.286,-0.04136603907,0.01238843928,-0.21,-0.04133452011,0.01238478766,-0.2099818784,3.654000715e-05
2.287,-0.04132138373,0.01236482691,-0.21,-0.0412898715,0.01236119,-0.209981906,3.651903195e-05
2.288,-0.04127646737,0.01234119502,-0.21,-0.04124496194,0.01233757282,-0.2099819337,3.649798089e-05
2.289,-0.04123129029,0.01231754364,-0.21,-0.0411997917,0.01231393613,-0.2099819615,3.647685419e-05
2.29,-0.04118585277,0.0122938728,-0.21,-0.04115436108,0.01229028,-0.2099819895,3.645565207e-05
2.291,-0.0411401551,0.01227018255,-0.21,-0.04110867035,0.01226660445,-0.2099820175,3.643437475e-05
2.292,-0.04109419756,0.01224647293,-0.21,-0.04106271982,0.01224290951,-0.2099820456,3.641302246e-05
2.293,-0.04104798045,0.01222274397,-0.21,-0.04101650976,0.01221919523,-0.2099820737,3.63915954e-05
2.294,-0.04100150406,0.0121989957,-0.21,-0.04097004048,0.01219546165,-0.209982102,3.637009378e-05
2.295,-0.04095476868,0.01217522817,-0.21,-0.04092331226,0.0121717088,-0.2099821304,3.634851782e-05
2.296,-0.04090777461,0.01215144142,-0.21,-0.04087632541,0.01214793672,-0.2099821589,3.632686772e-05
2.297,-0.04086052214,0.01212763547,-0.21,-0.04082908022,0.01212414544,-0.2099821874,3.630514368e-05
2.298,-0.04081301158,0.01210381038,-0.21,-0.04078157698,0.01210033501,-0.209982216,3.628334591e-05
2.299,-0.04076524322,0.01207996617,-0.21,-0.04073381601,0.01207650546,-0.2099822448,3.62614746e-05
2.3,-0.04071721736,0.01205610289,-0.21,-0.0406857976,0.01205265683,-0.2099822736,3.623952993e-05
2.301,-0.04066893431,0.01203222056,-0.21,-0.04063752205,0.01202878916,-0.2099823024,3.621751212e-05
2.302,-0.04062039438,0.01200831924,-0.21,-0.04058898968,0.01200490248,-0.2099823314,3.619542133e-05
2.303,-0.04057159786,0.01198439896,-0.21,-0.04054020078,0.01198099684,-0.2099823605,3.617325776e-05
2.304,-0.04052254507,0.01196045974,-0.21,-0.04049115568,0.01195707226,-0.2099823896,3.615102158e-05
2.305,-0.04047323632,0.01193650165,-0.21,-0.04044185467,0.01193312879,-0.2099824188,3.612871299e-05
2.306,-0.04042367192,0.0119125247,-0.21,-0.04039229807,0.01190916647,-0.209982448,3.610633214e-05
2.307,-0.04037385218,0.01188852894,-0.21,-0.04034248619,0.01188518533,-0.2099824774,3.608387921e-05
2.308,-0.04032377742,0.01186451441,-0.21,-0.04029241936,0.01186118541,-0.2099825068,3.606135437e-05
2.309,-0.04027344795,0.01184048114,-0.21,-0.04024209788,0.01183716675,-0.2099825363,3.603875779e-05
2.31,-0.04022286409,0.01181642917,-0.21,-0.04019152208,0.01181312939,-0.2099825659,3.601608962e-05
2.311,-0.04017202616,0.01179235855,-0.21,-0.04014069227,0.01178907336,-0.2099825955,3.599335002e-05
2.312,-0.04012093448,0.0117682693,-0.21,-0.04008960878,0.01176499871,-0.2099826252,3.597053913e-05
2.313,-0.04006958938,0.01174416147,-0.21,-0.04003827193,0.01174090546,-0.209982655,3.594765712e-05
2.314,-0.04001799118,0.01172003509,-0.21,-0.03998668204,0.01171679366,-0.2099826848,3.592470414e-05
2.315,-0.0399661402,0.01169589021,-0.21,-0.03993483944,0.01169266336,-0.2099827147,3.590168031e-05
2.316,-0.03991403677,0.01167172686,-0.21,-0.03988274447,0.01166851457,-0.2099827447,3.587858579e-05
2.317,-0.03986168122,0.01164754507,-0.21,-0.03983039744,0.01164434735,-0.2099827747,3.585542071e-05
2.318,-0.03980907389,0.01162334489,-0.21,-0.0397777987,0.01162016173,-0.2099828048,3.58321852e-05
2.319,-0.0397562151,0.01159912636,-0.21,-0.03972494857,0.01159595775,-0.2099828349,3.580887939e-05
2.32,-0.03970310519,0.01157488951,-0.21,-0.03967184739,0.01157173544,-0.2099828651,3.578550339e-05
2.321,-0.03964974449,0.01155063438,-0.21,-0.03961849549,0.01154749485,-0.2099828954,3.576205733e-05
2.322,-0.03959613334,0.01152636101,-0.21,-0.03956489321,0.01152323602,-0.2099829257,3.573854132e-05
2.323,-0.03954227209,0.01150206945,-0.21,-0.0395110409,0.01149895897,-0.2099829561,3.571495548e-05
2.324,-0.03948816106,0.01147775971,-0.21,-0.03945693889,0.01147466376,-0.2099829865,3.569129991e-05
2.325,-0.0394338006,0.01145343185,-0.21,-0.03940258752,0.01145035042,-0.2099830169,3.566757472e-05
2.326,-0.03937919106,0.01142908591,-0.21,-0.03934798715,0.01142601898,-0.2099830475,3.564378001e-05
2.327,-0.03932433278,0.01140472192,-0.21,-0.03929313811,0.01140166949,-0.209983078,3.561991587e-05
2.328,-0.0392692261,0.01138033992,-0.21,-0.03923804074,0.01137730198,-0.2099831086,3.55959824e-05
2.329,-0.03921387138,0.01135593994,-0.21,-0.03918269541,0.0113529165,-0.2099831393,3.557197968e-05
2.33,-0.03915826896,0.01133152204,-0.21,-0.03912710247,0.01132851307,-0.20998317,3.554790779e-05
2.331,-0.0391024192,0.01130708624,-0.21,-0.03907126225,0.01130409175,-0.2099832007,3.552376681e-05
2.332,-0.03904632244,0.01128263258,-0.21,-0.03901517512,0.01127965256,-0.2099832315,3.549955681e-05
2.333,-0.03898997905,0.01125816111,-0.21,-0.03895884143,0.01125519555,-0.2099832623,3.547527787e-05
2.334,-0.03893338937,0.01123367186,-0.21,-0.03890226154,0.01123072075,-0.2099832932,3.545093006e-05
2.335,-0.03887655377,0.01120916487,-0.21,-0.0388454358,0.01120622821,-0.2099833241,3.542651342e-05
2.336,-0.03881947261,0.01118464018,-0.21,-0.03878836458,0.01118171796,-0.209983355,3.540202803e-05
2.337,-0.03876214624,0.01116009783,-0.21,-0.03873104824,0.01115719004,-0.209983386,3.537747394e-05
2.338,-0.03870457503,0.01113553785,-0.21,-0.03867348714,0.01113264449,-0.209983417,3.535285119e-05
2.339,-0.03864675933,0.01111096029,-0.21,-0.03861568164,0.01110808135,-0.209983448,3.532815983e-05
2.34,-0.03858869953,0.01108636518,-0.21,-0.03855763211,0.01108350066,-0.2099834791,3.530339988e-05
2.341,-0.03853039598,0.01106175257,-0.21,-0.03849933892,0.01105890246,-0.2099835102,3.52785714e-05
2.342,-0.03847184904,0.01103712249,-0.21,-0.03844080243,0.01103428677,-0.2099835413,3.52536744e-05
2.343,-0.0384130591,0.01101247498,-0.21,-0.03838202303,0.01100965366,-0.2099835725,3.522870893e-05
2.344,-0.03835402652,0.01098781008,-0.21,-0.03832300107,0.01098500314,-0.2099836036,3.520367499e-05
2.345,-0.03829475168,0.01096312783,-0.21,-0.03826373693,0.01096033527,-0.2099836348,3.517857261e-05
2.346,-0.03823523495,0.01093842826,-0.21,-0.03820423099,0.01093565007,-0.209983666,3.515340179e-05
2.347,-0.0381754767,0.01091371143,-0.21,-0.03814448362,0.0109109476,-0.2099836973,3.512816255e-05
2.348,-0.03811547731,0.01088897736,-0.21,-0.03808449521,0.01088622789,-0.2099837285,3.510285488e-05
2.349,-0.03805523717,0.01086422609,-0.21,-0.03802426613,0.01086149097,-0.2099837598,3.507747879e-05
2.35,-0.03799475665,0.01083945767,-0.21,-0.03796379676,0.01083673689,-0.2099837911,3.505203427e-05
2.351,-0.03793403613,0.01081467213,-0.21,-0.03790308749,0.01081196568,-0.2099838224,3.502652131e-05
2.352,-0.037873076,0.01078986951,-0.21,-0.0378421387,0.01078717739,-0.2099838537,3.500093989e-05
2.353,-0.03781187665,0.01076504985,-0.21,-0.03778095077,0.01076237206,-0.2099838851,3.497529001e-05
2.354,-0.03775043845,0.0107402132,-0.21,-0.0377195241,0.01073754971,-0.2099839164,3.494957162e-05
2.355,-0.0376887618,0.01071535958,-0.21,-0.03765785907,0.0107127104,-0.2099839478,3.49237847e-05
2.356,-0.03762684709,0.01069048905,-0.21,-0.03759595608,0.01068785416,-0.2099839791,3.489792922e-05
2.357,-0.03756469471,0.01066560163,-0.21,-0.0375338155,0.01066298104,-0.2099840105,3.487200513e-05
2.358,-0.03750230505,0.01064069737,-0.21,-0.03747143775,0.01063809106,-0.2099840419,3.48460124e-05
2.359,-0.0374396785,0.0106157763,-0.21,-0.0374088232,0.01061318427,-0.2099840733,3.481995098e-05
2.36,-0.03737681546,0.01059083847,-0.21,-0.03734597227,0.01058826071,-0.2099841046,3.479382081e-05
2.361,-0.03731371634,0.01056588392,-0.21,-0.03728288534,0.01056332042,-0.209984136,3.476762183e-05
2.362,-0.03725038151,0.01054091268,-0.21,-0.03721956282,0.01053836344,-0.2099841674,3.4741354e-05
2.363,-0.0371868114,0.0105159248,-0.21,-0.0371560051,0.0105133898,-0.2099841988,3.471501724e-05
2.364,-0.03712300639,0.01049092031,-0.21,-0.03709221259,0.01048839955,-0.2099842302,3.468861148e-05
2.365,-0.03705896689,0.01046589926,-0.21,-0.0370281857,0.01046339273,-0.2099842615,3.466213664e-05
2.366,-0.03699469331,0.01044086167,-0.21,-0.03696392482,0.01043836937,-0.2099842929,3.463559263e-05
2.367,-0.03693018605,0.0104158076,-0.21,-0.03689943037,0.01041332951,-0.2099843243,3.460897938e-05
2.368,-0.03686544552,0.01039073709,-0.21,-0.03683470275,0.0103882732,-0.2099843556,3.45822968e-05
2.369,-0.03680047213,0.01036565016,-0.21,-0.03676974237,0.01036320048,-0.209984387,3.455554478e-05
2.37,-0.03673526628,0.01034054686,-0.21,-0.03670454965,0.01033811138,-0.2099844183,3.452872325e-05
2.371,-0.0366698284,0.01031542724,-0.21,-0.03663912499,0.01031300594,-0.2099844496,3.450183208e-05
2.372,-0.03660415889,0.01029029133,-0.21,-0.03657346881,0.0102878842,-0.2099844809,3.447487118e-05
2.373,-0.03653825816,0.01026513916,-0.21,-0.03650758153,0.01026274621,-0.2099845122,3.444784043e-05
2.374,-0.03647212664,0.01023997079,-0.21,-0.03644146356,0.010237592,-0.2099845435,3.44207397e-05
2.375,-0.03640576475,0.01021478624,-0.21,-0.03637511532,0.01021242161,-0.2099845747,3.439356888e-05
2.376,-0.03633917289,0.01018958557,-0.21,-0.03630853723,0.01018723509,-0.209984606,3.436632784e-05
2.377,-0.0362723515,0.0101643688,-0.21,-0.03624172972,0.01016203247,-0.2099846372,3.433901645e-05
2.378,-0.03620530099,0.01013913599,-0.21,-0.0361746932,0.01013681378,-0.2099846684,3.431163457e-05
2.379,-0.03613802179,0.01011388716,-0.21,-0.0361074281,0.01011157908,-0.2099846995,3.428418207e-05
2.38,-0.03607051432,0.01008862236,-0.21,-0.03603993484,0.0100863284,-0.2099847307,3.42566588e-05
2.381,-0.03600277901,0.01006334163,-0.21,-0.03597221386,0.01006106179,-0.2099847618,3.422906461e-05
2.382,-0.03593481629,0.01003804501,-0.21,-0.03590426558,0.01003577927,-0.2099847929,3.420139935e-05
2.383,-0.03586662658,0.01001273254,-0.21,-0.03583609043,0.01001048089,-0.2099848239,3.417366285e-05
2.384,-0.03579821032,0.009987404254,-0.21,-0.03576768884,0.0099851667,-0.209984855,3.414585496e-05
2.385,-0.03572956794,0.009962060198,-0.21,-0.03569906125,0.009959836726,-0.209984886,3.41179747e-05
2.386,-0.03566069987,0.009936700411,-0.21,-0.03563020808,0.009934491015,-0.2099849169,3.409002333e-05
2.387,-0.03559160655,0.009911324933,-0.21,-0.03556112979,0.009909129604,-0.2099849478,3.406200074e-05
2.388,-0.03552228841,0.009885933803,-0.21,-0.03549182679,0.009883752535,-0.2099849787,3.403390614e-05
2.389,-0.0354527459,0.009860527062,-0.21,-0.03542229954,0.009858359847,-0.2099850096,3.400573885e-05
2.39,-0.03538297945,0.00983510475,-0.21,-0.03535254846,0.009832951581,-0.2099850404,3.397749867e-05
2.391,-0.03531298949,0.009809666906,-0.21,-0.03528257401,0.009807527776,-0.2099850712,3.394918566e-05
2.392,-0.03524277649,0.009784213572,-0.21,-0.03521237663,0.009782088474,-0.2099851019,3.392079992e-05
2.393,-0.03517234087,0.009758744788,-0.21,-0.03514195675,0.009756633714,-0.2099851326,3.389234138e-05
2.394,-0.03510168308,0.009733260593,-0.21,-0.03507131483,0.009731163536,-0.2099851632,3.386380983e-05
2.395,-0.03503080357,0.009707761028,-0.21,-0.03500045132,0.009705677981,-0.2099851938,3.383520492e-05
2.396,-0.03495970279,0.009682246133,-0.21,-0.03492936665,0.009680177089,-0.2099852244,3.380652632e-05
2.397,-0.03488838118,0.009656715948,-0.21,-0.03485806128,0.009654660901,-0.2099852549,3.37777737e-05
2.398,-0.0348168392,0.009631170514,-0.21,-0.03478653567,0.009629129456,-0.2099852853,3.374894679e-05
2.399,-0.0347450773,0.009605609872,-0.21,-0.03471479026,0.009603582795,-0.2099853157,3.37200454e-05
2.4,-0.03467309592,0.00958003406,-0.21,-0.03464282551,0.009578020958,-0.2099853461,3.369106935e-05
2.401,-0.03460089554,0.009554443121,-0.21,-0.03457064187,0.009552443987,-0.2099853764,3.36620185e-05
2.402,-0.03452847659,0.009528837093,-0.21,-0.03449823981,0.00952685192,-0.2099854066,3.363289267e-05
2.403,-0.03445583955,0.009503216019,-0.21,-0.03442561977,0.0095012448,-0.2099854368,3.360369167e-05
2.404,-0.03438298486,0.009477579937,-0.21,-0.03435278222,0.009475622666,-0.2099854669,3.357441523e-05
2.405,-0.034309913,0.009451928889,-0.21,-0.03427972762,0.009449985558,-0.209985497,3.354506308e-05
2.406,-0.03423662441,0.009426262915,-0.21,-0.03420645643,0.009424333518,-0.209985527,3.35156349e-05
2.407,-0.03416311956,0.009400582056,-0.21,-0.03413296912,0.009398666586,-0.2099855569,3.348613038e-05
2.408,-0.03408939892,0.009374886352,-0.21,-0.03405926615,0.009372984803,-0.2099855868,3.345654924e-05
2.409,-0.03401546296,0.009349175844,-0.21,-0.03398534799,0.009347288208,-0.2099856166,3.342689121e-05
2.41,-0.03394131213,0.009323450572,-0.21,-0.0339112151,0.009321576844,-0.2099856463,3.339715608e-05
2.411,-0.03386694692,0.009297710578,-0.21,-0.03383686795,0.009295850749,-0.209985676,3.33673436e-05
2.412,-0.03379236778,0.0092719559,-0.21,-0.03376230702,0.009270109966,-0.2099857056,3.333745354e-05
2.413,-0.03371757519,0.009246186582,-0.21,-0.03368753278,0.009244354535,-0.2099857352,3.330748564e-05
2.414,-0.03364256962,0.009220402662,-0.21,-0.03361254569,0.009218584496,-0.2099857646,3.327743961e-05
2.415,-0.03356735154,0.009194604182,-0.21,-0.03353734624,0.009192799891,-0.209985794,3.324731515e-05
2.416,-0.03349192144,0.009168791182,-0.21,-0.0334619349,0.00916700076,-0.2099858233,3.321711195e-05
2.417,-0.03341627978,0.009142963703,-0.21,-0.03338631214,0.009141187143,-0.2099858526,3.31868297e-05
2.418,-0.03334042705,0.009117121787,-0.21,-0.03331047845,0.009115359083,-0.2099858817,3.315646808e-05
2.419,-0.03326436372,0.009091265473,-0.21,-0.03323443431,0.009089516619,-0.2099859108,3.312602682e-05
2.42,-0.03318809028,0.009065394804,-0.21,-0.03315818019,0.009063659793,-0.2099859398,3.309550562e-05
2.421,-0.0331116072,0.009039509818,-0.21,-0.03308171658,0.009037788645,-0.2099859687,3.306490421e-05
2.422,-0.03303491497,0.009013610558,-0.21,-0.03300504397,0.009011903216,-0.2099859976,3.30342223e-05
2.423,-0.03295801408,0.008987697064,-0.21,-0.03292816283,0.008986003548,-0.2099860263,3.300345959e-05
2.424,-0.032880905,0.008961769378,-0.21,-0.03285107365,0.008960089681,-0.209986055,3.297261577e-05
2.425,-0.03280358823,0.008935827539,-0.21,-0.03277377693,0.008934161656,-0.2099860836,3.294169052e-05
2.426,-0.03272606426,0.00890987159,-0.21,-0.03269627315,0.008908219515,-0.2099861121,3.29106835e-05
2.427,-0.03264833357,0.008883901571,-0.21,-0.03261856281,0.008882263298,-0.2099861405,3.28795944e-05
2.428,-0.03257039665,0.008857917523,-0.21,-0.03254064638,0.008856293046,-0.2099861688,3.284842288e-05
2.429,-0.03249225401,0.008831919487,-0.21,-0.03246252437,0.008830308801,-0.2099861971,3.281716863e-05
2.43,-0.03241390612,0.008805907504,-0.21,-0.03238419728,0.008804310604,-0.2099862252,3.278583133e-05
2.431,-0.03233535349,0.008779881615,-0.21,-0.03230566559,0.008778298495,-0.2099862532,3.275441068e-05
2.432,-0.03225659661,0.008753841862,-0.21,-0.0322269298,0.008752272516,-0.2099862812,3.272290634e-05
2.433,-0.03217763598,0.008727788286,-0.21,-0.03214799042,0.008726232708,-0.209986309,3.2691318e-05
2.434,-0.03209847211,0.008701720926,-0.21,-0.03206884793,0.008700179113,-0.2099863368,3.265964532e-05
2.435,-0.03201910547,0.008675639826,-0.21,-0.03198950285,0.008674111771,-0.2099863644,3.262788796e-05
2.436,-0.03193953659,0.008649545026,-0.21,-0.03190995567,0.008648030724,-0.209986392,3.259604558e-05
2.437,-0.03185976597,0.008623436567,-0.21,-0.0318302069,0.008621936013,-0.2099864194,3.256411783e-05
2.438,-0.03177979409,0.00859731449,-0.21,-0.03175025704,0.00859582768,-0.2099864468,3.253210437e-05
2.439,-0.03169962148,0.008571178837,-0.21,-0.0316701066,0.008569705765,-0.209986474,3.250000488e-05
2.44,-0.03161924864,0.008545029649,-0.21,-0.03158975609,0.00854357031,-0.2099865012,3.246781901e-05
2.441,-0.03153867607,0.008518866967,-0.21,-0.031509206,0.008517421356,-0.2099865282,3.243554643e-05
2.442,-0.03145790429,0.008492690833,-0.21,-0.03142845686,0.008491258945,-0.2099865551,3.240318678e-05
2.443,-0.0313769338,0.008466501288,-0.21,-0.03134750918,0.008465083119,-0.2099865819,3.237073973e-05
2.444,-0.03129576512,0.008440298373,-0.21,-0.03126636346,0.008438893918,-0.2099866086,3.233820494e-05
2.445,-0.03121439876,0.008414082129,-0.21,-0.03118502022,0.008412691384,-0.2099866352,3.230558205e-05
2.446,-0.03113283523,0.008387852599,-0.21,-0.03110347997,0.008386475558,-0.2099866617,3.227287071e-05
2.447,-0.03105107505,0.008361609823,-0.21,-0.03102174324,0.008360246483,-0.209986688,3.224007057e-05
2.448,-0.03096911873,0.008335353842,-0.21,-0.03093981053,0.008334004199,-0.2099867143,3.220718128e-05
2.449,-0.0308869668,0.008309084699,-0.21,-0.03085768236,0.008307748748,-0.2099867404,3.217420247e-05
2.45,-0.03080461977,0.008282802435,-0.21,-0.03077535927,0.008281480172,-0.2099867664,3.214113382e-05
2.451,-0.03072207815,0.008256507092,-0.21,-0.03069284176,0.008255198512,-0.2099867923,3.210797497e-05
2.452,-0.03063934249,0.00823019871,-0.21,-0.03061013035,0.00822890381,-0.2099868181,3.207472556e-05
2.453,-0.03055641328,0.008203877331,-0.21,-0.03052722558,0.008202596107,-0.2099868437,3.204138526e-05
2.454,-0.03047329107,0.008177542998,-0.21,-0.03044412797,0.008176275445,-0.2099868693,3.20079537e-05
2.455,-0.03038997637,0.008151195751,-0.21,-0.03036083803,0.008149941866,-0.2099868947,3.197443054e-05
2.456,-0.0303064697,0.008124835632,-0.21,-0.03027735631,0.008123595412,-0.20998692,3.194081542e-05
2.457,-0.03022277161,0.008098462683,-0.21,-0.03019368332,0.008097236124,-0.2099869451,3.190710797e-05
2.458,-0.03013888262,0.008072076945,-0.21,-0.0301098196,0.008070864043,-0.2099869701,3.187330786e-05
2.459,-0.03005480325,0.008045678461,-0.21,-0.03002576567,0.008044479212,-0.209986995,3.183941472e-05
2.46,-0.02997053403,0.008019267271,-0.21,-0.02994152208,0.008018081672,-0.2099870198,3.18054282e-05
2.461,-0.02988607551,0.007992843418,-0.21,-0.02985708934,0.007991671466,-0.2099870444,3.177134796e-05
2.462,-0.02980142821,0.007966406943,-0.21,-0.029772468,0.007965248635,-0.2099870689,3.173717365e-05
2.463,-0.02971659267,0.007939957888,-0.21,-0.0296876586,0.00793881322,-0.2099870933,3.170290492e-05
2.464,-0.02963156943,0.007913496294,-0.21,-0.02960266166,0.007912365264,-0.2099871175,3.166854143e-05
2.465,-0.02954635901,0.007887022204,-0.21,-0.02951747772,0.007885904808,-0.2099871416,3.163408282e-05
2.466,-0.02946096196,0.00786053566,-0.21,-0.02943210734,0.007859431895,-0.2099871656,3.159952874e-05
2.467,-0.02937537882,0.007834036702,-0.21,-0.02934655103,0.007832946567,-0.2099871894,3.156487883e-05
2.468,-0.02928961013,0.007807525374,-0.21,-0.02926080935,0.007806448864,-0.2099872131,3.153013277e-05
2.469,-0.02920365644,0.007781001716,-0.21,-0.02917488284,0.00777993883,-0.2099872366,3.14952902e-05
2.47,-0.02911751827,0.007754465771,-0.21,-0.02908877204,0.007753416506,-0.20998726,3.146035079e-05
2.471,-0.02903119618,0.007727917581,-0.21,-0.0290024775,0.007726881934,-0.2099872833,3.14253142e-05
2.472,-0.02894469072,0.007701357188,-0.21,-0.02891599976,0.007700335156,-0.2099873064,3.139018009e-05
2.473,-0.02885800243,0.007674784632,-0.21,-0.02882933937,0.007673776214,-0.2099873294,3.135494811e-05
2.474,-0.02877113185,0.007648199958,-0.21,-0.02874249688,0.007647205151,-0.2099873522,3.131961795e-05
2.475,-0.02868407954,0.007621603206,-0.21,-0.02865547284,0.007620622008,-0.2099873748,3.128418926e-05
2.476,-0.02859684604,0.007594994418,-0.21,-0.02856826779,0.007594026828,-0.2099873974,3.124866171e-05
2.477,-0.02850943192,0.007568373636,-0.21,-0.02848088229,0.007567419652,-0.2099874198,3.121303498e-05
2.478,-0.02842183771,0.007541740904,-0.21,-0.0283933169,0.007540800522,-0.209987442,3.117730873e-05
2.479,-0.02833406397,0.007515096261,-0.21,-0.02830557216,0.007514169482,-0.2099874641,3.114148264e-05
2.48,-0.02824611126,0.007488439752,-0.21,-0.02821764864,0.007487526572,-0.209987486,3.110555639e-05
2.481,-0.02815798013,0.007461771417,-0.21,-0.02812954688,0.007460871836,-0.2099875077,3.106952967e-05
2.482,-0.02806967114,0.007435091299,-0.21,-0.02804126744,0.007434205315,-0.2099875294,3.103340214e-05
2.483,-0.02798118485,0.00740839944,-0.21,-0.02795281089,0.007407527052,-0.2099875508,3.099717352e-05
2.484,-0.02789252181,0.007381695882,-0.21,-0.02786417779,0.007380837088,-0.2099875721,3.096084349e-05
2.485,-0.02780368259,0.007354980667,-0.21,-0.02777536868,0.007354135467,-0.2099875932,3.092441174e-05
2.486,-0.02771466774,0.007328253838,-0.21,-0.02768638414,0.007327422229,-0.2099876142,3.088787797e-05
2.487,-0.02762547784,0.007301515437,-0.21,-0.02759722473,0.007300697419,-0.209987635,3.085124188e-05
2.488,-0.02753611344,0.007274765505,-0.21,-0.02750789102,0.007273961078,-0.2099876557,3.081450318e-05
2.489,-0.0274465751,0.007248004086,-0.21,-0.02741838356,0.007247213248,-0.2099876762,3.077766156e-05
2.49,-0.0273568634,0.007221231221,-0.21,-0.02732870292,0.007220453971,-0.2099876965,3.074071675e-05
2.491,-0.02726697889,0.007194446952,-0.21,-0.02723884967,0.007193683291,-0.2099877167,3.070366846e-05
2.492,-0.02717692215,0.007167651323,-0.21,-0.02714882439,0.007166901249,-0.2099877367,3.066651641e-05
2.493,-0.02708669375,0.007140844375,-0.21,-0.02705862763,0.007140107888,-0.2099877566,3.062926032e-05
2.494,-0.02699629426,0.007114026151,-0.21,-0.02696825997,0.00711330325,-0.2099877762,3.059189992e-05
2.495,-0.02690572424,0.007087196692,-0.21,-0.02687772199,0.007086487378,-0.2099877957,3.055443494e-05
2.496,-0.02681498427,0.007060356042,-0.21,-0.02678701424,0.007059660315,-0.2099878151,3.051686512e-05
2.497,-0.02672407492,0.007033504243,-0.21,-0.02669613732,0.007032822102,-0.2099878342,3.047919023e-05
2.498,-0.02663299677,0.007006641337,-0.21,-0.02660509179,0.007005972782,-0.2099878532,3.044140999e-05
2.499,-0.02654175039,0.006979767366,-0.21,-0.02651387822,0.006979112398,-0.209987872,3.040352417e-05
2.5,-0.02645033635,0.006952882373,-0.21,-0.0264224972,0.006952240992,-0.2099878907,3.036553251e-05
2.501,-0.02635875525,0.006925986401,-0.21,-0.02633094931,0.006925358607,-0.2099879091,3.032743477e-05
2.502,-0.02626700764,0.006899079492,-0.21,-0.02623923511,0.006898465285,-0.2099879274,3.028923074e-05
2.503,-0.02617509412,0.006872161688,-0.21,-0.0261473552,0.006871561069,-0.2099879456,3.025092017e-05
2.504,-0.02608301527,0.006845233032,-0.21,-0.02605531015,0.006844646002,-0.2099879635,3.021250286e-05
2.505,-0.02599077165,0.006818293567,-0.21,-0.02596310055,0.006817720126,-0.2099879813,3.017397859e-05
2.506,-0.02589836387,0.006791343334,-0.21,-0.02587072698,0.006790783483,-0.2099879988,3.013534716e-05
2.507,-0.0258057925,0.006764382377,-0.21,-0.02577819002,0.006763836117,-0.2099880162,3.009660836e-05
2.508,-0.02571305813,0.006737410738,-0.21,-0.02568549026,0.006736878071,-0.2099880335,3.0057762e-05
2.509,-0.02562016133,0.00671042846,-0.21,-0.02559262828,0.006709909386,-0.2099880505,3.00188079e-05
2.51,-0.02552710271,0.006683435585,-0.21,-0.02549960468,0.006682930106,-0.2099880674,2.997974585e-05
2.511,-0.02543388284,0.006656432157,-0.21,-0.02540642004,0.006655940273,-0.209988084,2.99405757e-05
2.512,-0.02534050232,0.006629418216,-0.21,-0.02531307495,0.00662893993,-0.2099881005,2.990129728e-05
2.513,-0.02524696174,0.006602393807,-0.21,-0.02521957,0.00660192912,-0.2099881168,2.986191042e-05
2.514,-0.02515326168,0.006575358972,-0.21,-0.02512590578,0.006574907885,-0.2099881329,2.982241497e-05
2.515,-0.02505940274,0.006548313754,-0.21,-0.02503208288,0.006547876269,-0.2099881489,2.978281079e-05
2.516,-0.02496538551,0.006521258194,-0.21,-0.0249381019,0.006520834313,-0.2099881646,2.974309773e-05
2.517,-0.02487121059,0.006494192337,-0.21,-0.02484396344,0.006493782062,-0.2099881801,2.970327568e-05
2.518,-0.02477687857,0.006467116225,-0.21,-0.02474966808,0.006466719558,-0.2099881955,2.966334449e-05
2.519,-0.02468239004,0.0064400299,-0.21,-0.02465521643,0.006439646843,-0.2099882107,2.962330407e-05
2.52,-0.0245877456,0.006412933406,-0.21,-0.02456060908,0.006412563961,-0.2099882256,2.958315429e-05
2.521,-0.02449294586,0.006385826784,-0.21,-0.02446584662,0.006385470954,-0.2099882404,2.954289508e-05
2.522,-0.0243979914,0.006358710079,-0.21,-0.02437092967,0.006358367865,-0.209988255,2.950252634e-05
2.523,-0.02430288284,0.006331583332,-0.21,-0.02427585882,0.006331254738,-0.2099882694,2.946204797e-05
2.524,-0.02420762076,0.006304446587,-0.21,-0.02418063466,0.006304131615,-0.2099882836,2.94214599e-05
2.525,-0.02411220577,0.006277299886,-0.21,-0.02408525782,0.006276998539,-0.2099882976,2.938076209e-05
2.526,-0.02401663848,0.006250143272,-0.21,-0.02398972887,0.006249855554,-0.2099883114,2.933995448e-05
2.527,-0.02392091949,0.006222976789,-0.21,-0.02389404844,0.006222702701,-0.209988325,2.929903702e-05
2.528,-0.0238250494,0.006195800479,-0.21,-0.02379821712,0.006195540024,-0.2099883384,2.925800967e-05
2.529,-0.02372902882,0.006168614385,-0.21,-0.02370223552,0.006168367567,-0.2099883516,2.921687242e-05
2.53,-0.02363285835,0.006141418549,-0.21,-0.02360610426,0.006141185371,-0.2099883647,2.917562524e-05
2.531,-0.0235365386,0.006114213016,-0.21,-0.02350982393,0.006113993481,-0.2099883775,2.913426813e-05
2.532,-0.02344007019,0.006086997827,-0.21,-0.02341339514,0.006086791939,-0.2099883901,2.90928011e-05
2.533,-0.02334345371,0.006059773026,-0.21,-0.02331681851,0.006059580788,-0.2099884025,2.905122416e-05
2.534,-0.02324668978,0.006032538656,-0.21,-0.02322009465,0.006032360072,-0.2099884147,2.900953734e-05
2.535,-0.02314977902,0.00600529476,-0.21,-0.02312322416,0.006005129833,-0.2099884267,2.896774066e-05
2.536,-0.02305272203,0.00597804138,-0.21,-0.02302620766,0.005977890115,-0.2099884385,2.892583419e-05
2.537,-0.02295551942,0.005950778561,-0.21,-0.02292904577,0.005950640961,-0.20998845,2.888381799e-05
2.538,-0.02285817182,0.005923506344,-0.21,-0.0228317391,0.005923382413,-0.2099884614,2.884169211e-05
2.539,-0.02276067983,0.005896224773,-0.21,-0.02273428826,0.005896114516,-0.2099884726,2.879945663e-05
2.54,-0.02266304407,0.005868933892,-0.21,-0.02263669387,0.005868837312,-0.2099884835,2.875711166e-05
2.541,-0.02256526516,0.005841633742,-0.21,-0.02253895654,0.005841550844,-0.2099884943,2.871465729e-05
2.542,-0.02246734372,0.005814324368,-0.21,-0.02244107691,0.005814255156,-0.2099885048,2.867209364e-05
2.543,-0.02236928036,0.005787005812,-0.21,-0.02234305557,0.005786950291,-0.2099885152,2.862942085e-05
2.544,-0.0222710757,0.005759678118,-0.21,-0.02224489316,0.005759636292,-0.2099885253,2.858663905e-05
2.545,-0.02217273037,0.005732341328,-0.21,-0.0221465903,0.005732313202,-0.2099885352,2.85437484e-05
2.546,-0.02207424498,0.005704995486,-0.21,-0.0220481476,0.005704981065,-0.2099885449,2.850074907e-05
2.547,-0.02197562016,0.005677640635,-0.21,-0.02194956569,0.005677639923,-0.2099885544,2.845764123e-05
2.548,-0.02187685653,0.005650276819,-0.21,-0.02185084519,0.005650289821,-0.2099885637,2.841442508e-05
2.549,-0.02177795471,0.00562290408,-0.21,-0.02175198673,0.005622930802,-0.2099885727,2.837110081e-05
2.55,-0.02167891533,0.005595522461,-0.21,-0.02165299094,0.005595562908,-0.2099885816,2.832766864e-05
2.551,-0.02157973902,0.005568132007,-0.21,-0.02155385843,0.005568186184,-0.2099885902,2.828412882e-05
2.552,-0.0214804264,0.005540732759,-0.21,-0.02145458983,0.005540800671,-0.2099885986,2.824048159e-05
2.553,-0.02138097809,0.005513324762,-0.21,-0.02135518578,0.005513406415,-0.2099886068,2.819672721e-05
2.554,-0.02128139473,0.005485908059,-0.21,-0.0212556469,0.005486003458,-0.2099886148,2.815286595e-05
2.555,-0.02118167695,0.005458482693,-0.21,-0.02115597381,0.005458591844,-0.2099886225,2.810889811e-05
2.556,-0.02108182537,0.005431048707,-0.21,-0.02105616716,0.005431171616,-0.20998863,2.8064824e-05
2.557,-0.02098184062,0.005403606145,-0.21,-0.02095622757,0.005403742817,-0.2099886374,2.802064391e-05
2.558,-0.02088172335,0.005376155049,-0.21,-0.02085615568,0.005376305491,-0.2099886445,2.79763582e-05
2.559,-0.02078147417,0.005348695464,-0.21,-0.02075595211,0.005348859681,-0.2099886513,2.793196721e-05
2.56,-0.02068109373,0.005321227433,-0.21,-0.0206556175,0.005321405431,-0.209988658,2.788747129e-05
2.561,-0.02058058265,0.005293750999,-0.21,-0.02055515249,0.005293942784,-0.2099886644,2.784287083e-05
2.562,-0.02047994158,0.005266266205,-0.21,-0.0204545577,0.005266471784,-0.2099886706,2.779816623e-05
2.563,-0.02037917114,0.005238773095,-0.21,-0.02035383378,0.005238992474,-0.2099886766,2.775335791e-05
2.564,-0.02027827198,0.005211271712,-0.21,-0.02025298137,0.005211504898,-0.2099886824,2.770844629e-05
2.565,-0.02017724472,0.0051837621,-0.21,-0.02015200109,0.005184009099,-0.2099886879,2.766343182e-05
2.566,-0.02007609002,0.005156244302,-0.21,-0.0200508936,0.005156505121,-0.2099886932,2.761831496e-05
2.567,-0.01997480851,0.005128718362,-0.21,-0.01994965952,0.005128993007,-0.2099886983,2.757309619e-05
2.568,-0.01987340082,0.005101184323,-0.21,-0.0198482995,0.005101472801,-0.2099887032,2.752777601e-05
2.569,-0.01977186761,0.005073642228,-0.21,-0.01974681418,0.005073944546,-0.2099887078,2.748235492e-05
2.57,-0.0196702095,0.005046092121,-0.21,-0.0196452042,0.005046408286,-0.2099887122,2.743683345e-05
2.571,-0.01956842714,0.005018534046,-0.21,-0.0195434702,0.005018864065,-0.2099887164,2.739121215e-05
2.572,-0.01946652119,0.004990968046,-0.21,-0.01944161283,0.004991311926,-0.2099887203,2.73454916e-05
2.573,-0.01936449227,0.004963394165,-0.21,-0.01933963273,0.004963751913,-0.209988724,2.729967237e-05
2.574,-0.01926234103,0.004935812445,-0.21,-0.01923753055,0.00493618407,-0.2099887275,2.725375507e-05
2.575,-0.01916006812,0.004908222931,-0.21,-0.01913530692,0.004908608439,-0.2099887308,2.720774033e-05
2.576,-0.01905767419,0.004880625667,-0.21,-0.01903296251,0.004881025065,-0.2099887338,2.716162878e-05
2.577,-0.01895515987,0.004853020695,-0.21,-0.01893049794,0.004853433991,-0.2099887366,2.711542109e-05
2.578,-0.01885252583,0.00482540806,-0.21,-0.01882791388,0.004825835262,-0.2099887392,2.706911795e-05
2.579,-0.0187497727,0.004797787805,-0.21,-0.01872521097,0.00479822892,-0.2099887415,2.702272003e-05
2.58,-0.01864690114,0.004770159973,-0.21,-0.01862238986,0.00477061501,-0.2099887436,2.697622806e-05
2.581,-0.0185439118,0.004742524609,-0.21,-0.01851945121,0.004742993575,-0.2099887454,2.692964278e-05
2.582,-0.01844080532,0.004714881756,-0.21,-0.01841639565,0.004715364659,-0.2099887471,2.688296495e-05
2.583,-0.01833758236,0.004687231457,-0.21,-0.01831322384,0.004687728305,-0.2099887485,2.683619536e-05
2.584,-0.01823424357,0.004659573756,-0.21,-0.01820993644,0.004660084558,-0.2099887496,2.678933479e-05
2.585,-0.01813078961,0.004631908697,-0.21,-0.01810653409,0.00463243346,-0.2099887506,2.674238409e-05
2.586,-0.01802722112,0.004604236324,-0.21,-0.01800301746,0.004604775057,-0.2099887513,2.669534409e-05
2.587,-0.01792353876,0.00457655668,-0.21,-0.01789938719,0.004577109391,-0.2099887517,2.664821565e-05
2.588,-0.01781974318,0.004548869809,-0.21,-0.01779564395,0.004549436507,-0.2099887519,2.660099966e-05
2.589,-0.01771583505,0.004521175755,-0.21,-0.01769178838,0.004521756448,-0.2099887519,2.655369702e-05
2.59,-0.01761181501,0.004493474562,-0.21,-0.01758782114,0.004494069258,-0.2099887517,2.650630867e-05
2.591,-0.01750768372,0.004465766272,-0.21,-0.0174837429,0.00446637498,-0.2099887512,2.645883556e-05
2.592,-0.01740344185,0.00443805093,-0.21,-0.0173795543,0.00443867366,-0.2099887504,2.641127868e-05
2.593,-0.01729909005,0.004410328581,-0.21,-0.01727525601,0.00441096534,-0.2099887495,2.636363902e-05
2.594,-0.01719462898,0.004382599266,-0.21,-0.01717084869,0.004383250064,-0.2099887483,2.631591761e-05
2.595,-0.0170900593,0.004354863031,-0.21,-0.01706633299,0.004355527877,-0.2099887468,2.626811549e-05
2.596,-0.01698538167,0.004327119919,-0.21,-0.01696170958,0.004327798821,-0.2099887451,2.622023373e-05
2.597,-0.01688059675,0.004299369974,-0.21,-0.01685697912,0.004300062942,-0.2099887432,2.617227342e-05
2.598,-0.0167757052,0.00427161324,-0.21,-0.01675214227,0.004272320282,-0.209988741,2.612423569e-05
2.599,-0.01667070768,0.00424384976,-0.21,-0.0166471997,0.004244570887,-0.2099887386,2.607612167e-05
2.6,-0.01656560487,0.004216079578,-0.21,-0.01654215206,0.004216814799,-0.209988736,2.602793252e-05
2.601,-0.01646039742,0.004188302739,-0.21,-0.01643700002,0.004189052062,-0.2099887331,2.597966946e-05
2.602,-0.016355086,0.004160519286,-0.21,-0.01633174425,0.004161282721,-0.2099887299,2.59313337e-05
2.603,-0.01624967126,0.004132729263,-0.21,-0.01622638541,0.00413350682,-0.2099887266,2.588292648e-05
2.604,-0.01614415389,0.004104932713,-0.21,-0.01612092416,0.004105724402,-0.209988723,2.583444907e-05
2.605,-0.01603853454,0.004077129682,-0.21,-0.01601536118,0.004077935511,-0.2099887191,2.578590277e-05
2.606,-0.01593281389,0.004049320212,-0.21,-0.01590969713,0.004050140192,-0.209988715,2.573728892e-05
2.607,-0.01582699259,0.004021504347,-0.21,-0.01580393268,0.004022338488,-0.2099887106,2.568860884e-05
2.608,-0.01572107132,0.003993682132,-0.21,-0.0156980685,0.003994530443,-0.2099887061,2.563986392e-05
2.609,-0.01561505075,0.003965853611,-0.21,-0.01559210525,0.003966716102,-0.2099887012,2.559105556e-05
2.61,-0.01550893154,0.003938018827,-0.21,-0.01548604361,0.003938895508,-0.2099886961,2.554218519e-05
2.611,-0.01540271438,0.003910177824,-0.21,-0.01537988425,0.003911068705,-0.2099886908,2.549325428e-05
2.612,-0.01529639992,0.003882330647,-0.21,-0.01527362783,0.003883235738,-0.2099886853,2.544426432e-05
2.613,-0.01518998884,0.003854477339,-0.21,-0.01516727503,0.00385539665,-0.2099886794,2.539521682e-05
2.614,-0.01508348181,0.003826617944,-0.21,-0.01506082653,0.003827551486,-0.2099886734,2.534611335e-05
2.615,-0.0149768795,0.003798752506,-0.21,-0.01495428299,0.003799700289,-0.2099886671,2.529695545e-05
2.616,-0.0148701826,0.00377088107,-0.21,-0.01484764509,0.003771843103,-0.2099886605,2.524774474e-05
2.617,-0.01476339176,0.003743003678,-0.21,-0.0147409135,0.003743979973,-0.2099886537,2.519848285e-05
2.618,-0.01465650768,0.003715120377,-0.21,-0.01463408889,0.003716110943,-0.2099886467,2.514917144e-05
2.619,-0.01454953101,0.003687231208,-0.21,-0.01452717195,0.003688236057,-0.2099886394,2.509981221e-05
2.62,-0.01444246244,0.003659336217,-0.21,-0.01442016335,0.003660355359,-0.2099886319,2.505040688e-05
2.621,-0.01433530265,0.003631435447,-0.21,-0.01431306376,0.003632468892,-0.2099886241,2.500095721e-05
2.622,-0.0142280523,0.003603528943,-0.21,-0.01420587386,0.003604576702,-0.209988616,2.495146498e-05
2.623,-0.01412071208,0.003575616748,-0.21,-0.01409859433,0.003576678831,-0.2099886078,2.490193202e-05
2.624,-0.01401328267,0.003547698907,-0.21,-0.01399122585,0.003548775326,-0.2099885992,2.485236017e-05
2.625,-0.01390576475,0.003519775463,-0.21,-0.01388376909,0.003520866228,-0.2099885905,2.480275132e-05
2.626,-0.01379815898,0.003491846462,-0.21,-0.01377622473,0.003492951583,-0.2099885814,2.475310738e-05
2.627,-0.01369046606,0.003463911946,-0.21,-0.01366859346,0.003465031436,-0.2099885722,2.470343031e-05
2.628,-0.01358268667,0.00343597196,-0.21,-0.01356087596,0.003437105828,-0.2099885626,2.465372207e-05
2.629,-0.01347482148,0.003408026549,-0.21,-0.0134530729,0.003409174806,-0.2099885529,2.460398468e-05
2.63,-0.01336687117,0.003380075755,-0.21,-0.01334518496,0.003381238414,-0.2099885429,2.455422018e-05
2.631,-0.01325883643,0.003352119624,-0.21,-0.01323721283,0.003353296694,-0.2099885326,2.450443066e-05
2.632,-0.01315071794,0.0033241582,-0.21,-0.0131291572,0.003325349693,-0.2099885221,2.445461822e-05
2.633,-0.01304251639,0.003296191526,-0.21,-0.01302101874,0.003297397453,-0.2099885113,2.440478502e-05
2.634,-0.01293423245,0.003268219647,-0.21,-0.01291279813,0.003269440019,-0.2099885003,2.435493325e-05
2.635,-0.01282586681,0.003240242607,-0.21,-0.01280449607,0.003241477436,-0.209988489,2.430506511e-05
2.636,-0.01271742016,0.003212260451,-0.21,-0.01269611323,0.003213509747,-0.2099884775,2.425518288e-05
2.637,-0.01260889317,0.003184273222,-0.21,-0.0125876503,0.003185536996,-0.2099884657,2.420528884e-05
2.638,-0.01250028654,0.003156280964,-0.21,-0.01247910796,0.003157559229,-0.2099884537,2.415538532e-05
2.639,-0.01239160096,0.003128283722,-0.21,-0.01237048691,0.003129576489,-0.2099884415,2.410547467e-05
2.64,-0.0122828371,0.00310028154,-0.21,-0.01226178783,0.00310158882,-0.2099884289,2.40555593e-05
2.641,-0.01217399565,0.003072274463,-0.21,-0.0121530114,0.003073596267,-0.2099884162,2.400564164e-05
2.642,-0.01206507731,0.003044262534,-0.21,-0.01204415832,0.003045598874,-0.2099884032,2.395572415e-05
2.643,-0.01195608276,0.003016245797,-0.21,-0.01193522926,0.003017596685,-0.2099883899,2.390580936e-05
2.644,-0.01184701269,0.002988224298,-0.21,-0.01182622493,0.002989589744,-0.2099883764,2.385589981e-05
2.645,-0.01173786778,0.00296019808,-0.21,-0.011717146,0.002961578096,-0.2099883626,2.38059981e-05
2.646,-0.01162864874,0.002932167187,-0.21,-0.01160799317,0.002933561786,-0.2099883486,2.375610684e-05
2.647,-0.01151935624,0.002904131664,-0.21,-0.01149876712,0.002905540856,-0.2099883343,2.370622871e-05
2.648,-0.01140999097,0.002876091554,-0.21,-0.01138946856,0.002877515352,-0.2099883198,2.365636639e-05
2.649,-0.01130055364,0.002848046904,-0.21,-0.01128009816,0.002849485319,-0.209988305,2.360652263e-05
2.65,-0.01119104492,0.002819997755,-0.21,-0.01117065662,0.002821450799,-0.20998829,2.355670022e-05
2.651,-0.01108146552,0.002791944154,-0.21,-0.01106114463,0.002793411838,-0.2099882747,2.350690197e-05
2.652,-0.01097181612,0.002763886143,-0.21,-0.01095156288,0.00276536848,-0.2099882592,2.345713075e-05
2.653,-0.01086209741,0.002735823768,-0.21,-0.01084191207,0.002737320769,-0.2099882434,2.340738947e-05
2.654,-0.0107523101,0.002707757073,-0.21,-0.01073219288,0.00270926875,-0.2099882274,2.335768106e-05
2.655,-0.01064245487,0.002679686102,-0.21,-0.01062240602,0.002681212467,-0.2099882111,2.330800852e-05
2.656,-0.01053253241,0.002651610899,-0.21,-0.01051255217,0.002653151964,-0.2099881946,2.325837487e-05
2.657,-0.01042254342,0.00262353151,-0.21,-0.01040263203,0.002625087285,-0.2099881778,2.320878316e-05
2.658,-0.0103124886,0.002595447977,-0.21,-0.0102926463,0.002597018476,-0.2099881608,2.315923652e-05
2.659,-0.01020236865,0.002567360345,-0.21,-0.01018259566,0.00256894558,-0.2099881435,2.310973806e-05
2.66,-0.01009218424,0.00253926866,-0.21,-0.01007248082,0.002540868642,-0.209988126,2.306029102e-05
2.661,-0.009981936092,0.002511172964,-0.21,-0.009962302465,0.002512787705,-0.2099881082,2.301089863e-05
2.662,-0.00987162489,0.002483073303,-0.21,-0.009852061299,0.002484702815,-0.2099880902,2.296156416e-05
2.663,-0.009761251334,0.002454969721,-0.21,-0.009741758015,0.002456614017,-0.2099880719,2.291229094e-05
2.664,-0.00965081612,0.002426862262,-0.21,-0.009631393311,0.002428521353,-0.2099880534,2.286308233e-05
2.665,-0.009540319946,0.002398750971,-0.21,-0.009520967884,0.002400424869,-0.2099880346,2.281394173e-05
2.666,-0.009429763511,0.002370635892,-0.21,-0.009410482432,0.002372324609,-0.2099880155,2.27648726e-05
2.667,-0.009319147512,0.002342517069,-0.21,-0.009299937653,0.002344220618,-0.2099879962,2.271587844e-05
2.668,-0.009208472648,0.002314394548,-0.21,-0.009189334245,0.002316112939,-0.2099879767,2.266696279e-05
2.669,-0.009097739619,0.002286268371,-0.21,-0.009078672907,0.002288001618,-0.2099879569,2.261812924e-05
2.67,-0.008986949123,0.002258138584,-0.21,-0.008967954338,0.002259886698,-0.2099879369,2.256938143e-05
2.671,-0.008876101861,0.002230005231,-0.21,-0.008857179239,0.002231768225,-0.2099879166,2.252072302e-05
2.672,-0.008765198532,0.002201868357,-0.21,-0.008746348308,0.002203646242,-0.209987896,2.247215775e-05
2.673,-0.008654239838,0.002173728006,-0.21,-0.008635462247,0.002175520794,-0.2099878752,2.242368935e-05
2.674,-0.008543226479,0.002145584222,-0.21,-0.008524521755,0.002147391926,-0.2099878542,2.237532165e-05
2.675,-0.008432159156,0.00211743705,-0.21,-0.008413527534,0.002119259682,-0.2099878329,2.232705851e-05
2.676,-0.008321038571,0.002089286534,-0.21,-0.008302480285,0.002091124106,-0.2099878114,2.227890385e-05
2.677,-0.008209865426,0.002061132719,-0.21,-0.00819138071,0.002062985243,-0.2099877896,2.22308616e-05
2.678,-0.008098640423,0.002032975649,-0.21,-0.00808022951,0.002034843137,-0.2099877675,2.218293578e-05
2.679,-0.007987364265,0.002004815369,-0.21,-0.007969027388,0.002006697832,-0.2099877452,2.21351304e-05
2.68,-0.007876037654,0.001976651922,-0.21,-0.007857775046,0.001978549374,-0.2099877227,2.208744956e-05
2.681,-0.007764661294,0.001948485355,-0.21,-0.007746473188,0.001950397807,-0.2099876999,2.203989739e-05
2.682,-0.007653235887,0.00192031571,-0.21,-0.007635122515,0.001922243175,-0.2099876769,2.199247807e-05
2.683,-0.007541762139,0.001892143033,-0.21,-0.007523723733,0.001894085522,-0.2099876536,2.194519584e-05
2.684,-0.007430240753,0.001863967369,-0.21,-0.007412277545,0.001865924894,-0.20998763,2.189805497e-05
2.685,-0.007318672434,0.00183578876,-0.21,-0.007300784654,0.001837761334,-0.2099876062,2.185105978e-05
2.686,-0.007207057886,0.001807607253,-0.21,-0.007189245766,0.001809594887,-0.2099875822,2.180421465e-05
2.687,-0.007095397814,0.001779422891,-0.21,-0.007077661585,0.001781425598,-0.2099875579,2.175752397e-05
2.688,-0.006983692923,0.00175123572,-0.21,-0.006966032815,0.001753253511,-0.2099875334,2.171099222e-05
2.689,-0.00687194392,0.001723045782,-0.21,-0.006854360162,0.00172507867,-0.2099875086,2.16646239e-05
2.69,-0.00676015151,0.001694853124,-0.21,-0.006742644332,0.001696901121,-0.2099874836,2.161842356e-05
2.691,-0.0066483164,0.00166665779,-0.21,-0.006630886031,0.001668720907,-0.2099874583,2.157239581e-05
2.692,-0.006536439294,0.001638459824,-0.21,-0.006519085963,0.001640538073,-0.2099874328,2.15265453e-05
2.693,-0.006424520902,0.00161025927,-0.21,-0.006407244837,0.001612352664,-0.209987407,2.148087672e-05
2.694,-0.006312561928,0.001582056173,-0.21,-0.006295363357,0.001584164724,-0.209987381,2.143539481e-05
2.695,-0.006200563081,0.001553850579,-0.21,-0.006183442232,0.001555974298,-0.2099873547,2.139010437e-05
2.696,-0.006088525067,0.00152564253,-0.21,-0.006071482168,0.00152778143,-0.2099873282,2.134501022e-05
2.697,-0.005976448596,0.001497432072,-0.21,-0.005959483872,0.001499586164,-0.2099873015,2.130011725e-05
2.698,-0.005864334373,0.00146921925,-0.21,-0.005847448052,0.001471388546,-0.2099872745,2.125543037e-05
2.699,-0.005752183109,0.001441004107,-0.21,-0.005735375415,0.001443188619,-0.2099872472,2.121095456e-05
2.7,-0.00563999551,0.001412786689,-0.21,-0.00562326667,0.001414986429,-0.2099872197,2.116669484e-05
2.701,-0.005527772287,0.00138456704,-0.21,-0.005511122525,0.001386782019,-0.209987192,2.112265627e-05
2.702,-0.005415514146,0.001356345205,-0.21,-0.005398943688,0.001358575435,-0.209987164,2.107884396e-05
2.703,-0.005303221799,0.001328121228,-0.21,-0.005286730868,0.001330366721,-0.2099871357,2.103526306e-05
2.704,-0.005190895953,0.001299895153,-0.21,-0.005174484774,0.001302155921,-0.2099871073,2.099191876e-05
2.705,-0.005078537319,0.001271667026,-0.21,-0.005062206114,0.001273943081,-0.2099870785,2.094881631e-05
2.706,-0.004966146606,0.00124343689,-0.21,-0.004949895598,0.001245728244,-0.2099870496,2.090596099e-05
2.707,-0.004853724525,0.001215204791,-0.21,-0.004837553936,0.001217511454,-0.2099870204,2.086335812e-05
2.708,-0.004741271784,0.001186970774,-0.21,-0.004725181837,0.001189292758,-0.2099869909,2.082101307e-05
2.709,-0.004628789095,0.001158734881,-0.21,-0.004612780011,0.001161072199,-0.2099869612,2.077893125e-05
2.71,-0.004516277168,0.001130497159,-0.21,-0.004500349168,0.001132849821,-0.2099869313,2.073711814e-05
2.711,-0.004403736714,0.001102257652,-0.21,-0.004387890018,0.00110462567,-0.2099869011,2.06955792e-05
2.712,-0.004291168444,0.001074016404,-0.21,-0.004275403272,0.00107639979,-0.2099868707,2.065431999e-05
2.713,-0.004178573068,0.00104577346,-0.21,-0.00416288964,0.001048172225,-0.20998684,2.061334607e-05
2.714,-0.004065951298,0.001017528864,-0.21,-0.004050349832,0.00101994302,-0.2099868091,2.057266306e-05
2.715,-0.003953303845,0.0009892826622,-0.21,-0.00393778456,0.0009917122195,-0.2099867779,2.053227661e-05
2.716,-0.003840631421,0.0009610348977,-0.21,-0.003825194535,0.0009634798683,-0.2099867465,2.049219242e-05
2.717,-0.003727934737,0.0009327856157,-0.21,-0.003712580468,0.0009352460108,-0.2099867149,2.045241622e-05
2.718,-0.003615214506,0.0009045348607,-0.21,-0.003599943069,0.0009070106915,-0.209986683,2.041295379e-05
2.719,-0.003502471439,0.0008762826773,-0.21,-0.003487283052,0.0008787739552,-0.2099866509,2.037381091e-05
2.72,-0.003389706249,0.0008480291101,-0.21,-0.003374601126,0.0008505358462,-0.2099866185,2.033499344e-05
2.721,-0.003276919647,0.0008197742037,-0.21,-0.003261898005,0.0008222964092,-0.2099865859,2.029650723e-05
2.722,-0.003164112347,0.0007915180029,-0.21,-0.003149174399,0.0007940556887,-0.2099865531,2.025835819e-05
2.723,-0.00305128506,0.0007632605521,-0.21,-0.003036431021,0.0007658137294,-0.20998652,2.022055226e-05
2.724,-0.0029384385,0.000735001896,-0.21,-0.002923668583,0.0007375705758,-0.2099864867,2.018309543e-05
2.725,-0.002825573379,0.0007067420793,-0.21,-0.002810887797,0.0007093262724,-0.2099864532,2.014599368e-05
2.726,-0.00271269041,0.0006784811465,-0.21,-0.002698089376,0.000681080864,-0.2099864194,2.010925306e-05
2.727,-0.002599790306,0.0006502191423,-0.21,-0.002585274032,0.000652834395,-0.2099863853,2.007287962e-05
2.728,-0.002486873781,0.0006219561113,-0.21,-0.002472442477,0.00062458691,-0.2099863511,2.003687945e-05
2.729,-0.002373941547,0.0005936920981,-0.21,-0.002359595424,0.0005963384537,-0.2099863166,2.000125865e-05
2.73,-0.002260994318,0.0005654271475,-0.21,-0.002246733586,0.0005680890705,-0.2099862818,1.996602336e-05
2.731,-0.002148032807,0.0005371613039,-0.21,-0.002133857676,0.0005398388051,-0.2099862469,1.993117976e-05
2.732,-0.002035057729,0.0005088946121,-0.21,-0.002020968406,0.0005115877021,-0.2099862117,1.989673403e-05
2.733,-0.001922069795,0.0004806271167,-0.21,-0.00190806649,0.000483335806,-0.2099861762,1.986269237e-05
2.734,-0.001809069721,0.0004523588623,-0.21,-0.001795152641,0.0004550831614,-0.2099861405,1.982906102e-05
2.735,-0.00169605822,0.0004240898936,-0.21,-0.001682227571,0.0004268298129,-0.2099861046,1.97958462e-05
2.736,-0.001583036006,0.0003958202552,-0.21,-0.001569291994,0.0003985758051,-0.2099860685,1.976305419e-05
2.737,-0.001470003792,0.0003675499917,-0.21,-0.001456346624,0.0003703211825,-0.2099860321,1.973069126e-05
2.738,-0.001356962293,0.0003392791478,-0.21,-0.001343392174,0.0003420659898,-0.2099859955,1.969876372e-05
2.739,-0.001243912223,0.0003110077682,-0.21,-0.001230429356,0.0003138102716,-0.2099859586,1.966727785e-05
2.74,-0.001130854295,0.0002827358974,-0.21,-0.001117458885,0.0002855540724,-0.2099859215,1.963623998e-05
2.741,-0.001017789224,0.0002544635801,-0.21,-0.001004481473,0.0002572974368,-0.2099858842,1.960565644e-05
2.742,-0.0009047177246,0.000226190861,-0.21,-0.0008914978351,0.0002290404094,-0.2099858467,1.957553356e-05
2.743,-0.0007916405103,0.0001979177847,-0.21,-0.000778508684,0.0002007830348,-0.2099858089,1.954587767e-05
2.744,-0.0006785582956,0.0001696443959,-0.21,-0.0006655147335,0.0001725253575,-0.2099857709,1.951669511e-05
2.745,-0.0005654717948,0.0001413707392,-0.21,-0.0005525166971,0.0001442674221,-0.2099857327,1.948799225e-05
2.746,-0.0004523817221,0.0001130968593,-0.21,-0.0004395152884,0.0001160092732,-0.2099856942,1.945977542e-05
2.747,-0.0003392887919,8.482280073e-05,-0.21,-0.0003265112211,8.775095547e-05,-0.2099856555,1.943205097e-05
2.748,-0.0002261937185,5.654860823e-05,-0.21,-0.0002135052089,5.949251341e-05,-0.2099856166,1.940482524e-05
2.749,-0.0001130972165,2.827432644e-05,-0.21,-0.0001004979654,3.12339916e-05,-0.2099855774,1.937810457e-05
2.75,-1.102182119e-17,2.755455298e-18,-0.21,1.250979569e-05,2.975434647e-06,-0.2099855381,1.935189528e-05
2.751,0.0001130972165,-2.827432644e-05,-0.21,0.0001255173608,-2.528311289e-05,-0.2099854985,1.932620372e-05
2.752,0.0002261937185,-5.654860823e-05,-0.21,0.0002385240161,-5.354160643e-05,-0.2099854586,1.930103618e-05
2.753,0.0003392887919,-8.482280073e-05,-0.21,0.0003515290481,-8.18000014e-05,-0.2099854186,1.927639895e-05
2.754,0.0004523817221,-0.0001130968593,-0.21,0.0004645317431,-0.0001100582532,-0.2099853783,1.925229833e-05
2.755,0.0005654717948,-0.0001413707392,-0.21,0.0005775313875,-0.0001383163174,-0.2099853378,1.922874057e-05
2.756,0.0006785582956,-0.0001696443959,-0.21,0.0006905272676,-0.0001665741492,-0.209985297,1.920573192e-05
2.757,0.0007916405103,-0.0001979177847,-0.21,0.00080351867,-0.0001948317042,-0.2099852561,1.91832786e-05
2.758,0.0009047177246,-0.000226190861,-0.21,0.000916504881,-0.0002230889377,-0.2099852149,1.916138683e-05
2.759,0.001017789224,-0.0002544635801,-0.21,0.001029485187,-0.0002513458052,-0.2099851735,1.914006276e-05
2.76,0.001130854295,-0.0002827358974,-0.21,0.001142458875,-0.0002796022622,-0.2099851318,1.911931256e-05
2.761,0.001243912223,-0.0003110077682,-0.21,0.001255425231,-0.000307858264,-0.20998509,1.909914232e-05
2.762,0.001356962293,-0.0003392791478,-0.21,0.001368383543,-0.0003361137661,-0.2099850479,1.907955813e-05
2.763,0.001470003792,-0.0003675499917,-0.21,0.001481333095,-0.000364368724,-0.2099850056,1.906056603e-05
2.764,0.001583036006,-0.0003958202552,-0.21,0.001594273177,-0.000392623093,-0.2099849631,1.904217203e-05
2.765,0.00169605822,-0.0004240898936,-0.21,0.001707203073,-0.0004208768286,-0.2099849204,1.902438211e-05
2.766,0.001809069721,-0.0004523588623,-0.21,0.001820122072,-0.0004491298863,-0.2099848774,1.900720218e-05
2.767,0.001922069795,-0.0004806271167,-0.21,0.001933029459,-0.0004773822215,-0.2099848342,1.899063814e-05
2.768,0.002035057729,-0.0005088946121,-0.21,0.002045924523,-0.0005056337896,-0.2099847908,1.897469581e-05
2.769,0.002148032807,-0.0005371613039,-0.21,0.00215880655,-0.0005338845462,-0.2099847472,1.895938096e-05
2.77,0.002260994318,-0.0005654271475,-0.21,0.002271674827,-0.0005621344465,-0.2099847034,1.894469934e-05
2.771,0.002373941547,-0.0005936920981,-0.21,0.002384528642,-0.0005903834462,-0.2099846593,1.893065661e-05
2.772,0.002486873781,-0.0006219561113,-0.21,0.002497367282,-0.0006186315006,-0.2099846151,1.89172584e-05
2.773,0.002599790306,-0.0006502191423,-0.21,0.002610190035,-0.0006468785653,-0.2099845706,1.890451028e-05
2.774,0.00271269041,-0.0006784811465,-0.21,0.002722996187,-0.0006751245956,-0.2099845259,1.889241773e-05
2.775,0.002825573379,-0.0007067420793,-0.21,0.002835785028,-0.000703369547,-0.209984481,1.888098618e-05
2.776,0.0029384385,-0.000735001896,-0.21,0.002948555844,-0.000731613375,-0.2099844359,1.8870221e-05
2.777,0.00305128506,-0.0007632605521,-0.21,0.003061307924,-0.0007598560351,-0.2099843905,1.88601275e-05
2.778,0.003164112347,-0.0007915180029,-0.21,0.003174040555,-0.0007880974827,-0.209984345,1.88507109e-05
2.779,0.003276919647,-0.0008197742037,-0.21,0.003286753027,-0.0008163376734,-0.2099842992,1.884197636e-05
2.78,0.003389706249,-0.0008480291101,-0.21,0.003399444626,-0.0008445765625,-0.2099842532,1.883392893e-05
2.781,0.003502471439,-0.0008762826773,-0.21,0.003512114642,-0.0008728141055,-0.209984207,1.882657362e-05
2.782,0.003615214506,-0.0009045348607,-0.21,0.003624762363,-0.000901050258,-0.2099841606,1.881991535e-05
2.783,0.003727934737,-0.0009327856157,-0.21,0.003737387078,-0.0009292849754,-0.209984114,1.881395896e-05
2.784,0.003840631421,-0.0009610348977,-0.21,0.003849988076,-0.0009575182132,-0.2099840672,1.880870917e-05
2.785,0.003953303845,-0.0009892826622,-0.21,0.003962564645,-0.0009857499269,-0.2099840202,1.880417067e-05
2.786,0.004065951298,-0.001017528864,-0.21,0.004075116076,-0.001013980072,-0.209983973,1.880034801e-05
2.787,0.004178573068,-0.00104577346,-0.21,0.004187641657,-0.001042208604,-0.2099839255,1.879724567e-05
2.788,0.004291168444,-0.001074016404,-0.21,0.004300140677,-0.001070435478,-0.2099838779,1.879486803e-05
2.789,0.004403736714,-0.001102257652,-0.21,0.004412612428,-0.001098660651,-0.20998383,1.87932194e-05
2.79,0.004516277168,-0.001130497159,-0.21,0.004525056197,-0.001126884076,-0.209983782,1.879230395e-05
2.791,0.004628789095,-0.001158734881,-0.21,0.004637471276,-0.001155105711,-0.2099837337,1.879212578e-05
2.792,0.004741271784,-0.001186970774,-0.21,0.004749856955,-0.00118332551,-0.2099836852,1.879268885e-05
2.793,0.004853724525,-0.001215204791,-0.21,0.004862212523,-0.001211543429,-0.2099836365,1.879399706e-05
2.794,0.004966146606,-0.00124343689,-0.21,0.004974537273,-0.001239759423,-0.2099835877,1.879605419e-05
2.795,0.005078537319,-0.001271667026,-0.21,0.005086830494,-0.001267973448,-0.2099835386,1.879886391e-05
2.796,0.005190895953,-0.001299895153,-0.21,0.005199091477,-0.00129618546,-0.2099834893,1.880242977e-05
2.797,0.005303221799,-0.001328121228,-0.21,0.005311319514,-0.001324395414,-0.2099834398,1.880675523e-05
2.798,0.005415514146,-0.001356345205,-0.21,0.005423513896,-0.001352603266,-0.2099833901,1.881184362e-05
2.799,0.005527772287,-0.00138456704,-0.21,0.005535673915,-0.00138080897,-0.2099833403,1.881769815e-05
2.8,0.00563999551,-0.001412786689,-0.21,0.005647798863,-0.001409012483,-0.2099832902,1.882432195e-05
2.801,0.005752183109,-0.001441004107,-0.21,0.005759888032,-0.001437213761,-0.2099832399,1.883171799e-05
2.802,0.005864334373,-0.00146921925,-0.21,0.005871940713,-0.001465412758,-0.2099831894,1.883988915e-05
2.803,0.005976448596,-0.001497432072,-0.21,0.0059839562,-0.001493609431,-0.2099831387,1.884883818e-05
2.804,0.006088525067,-0.00152564253,-0.21,0.006095933786,-0.001521803734,-0.2099830879,1.885856771e-05
2.805,0.006200563081,-0.001553850579,-0.21,0.006207872763,-0.001549995624,-0.2099830368,1.886908025e-05
2.806,0.006312561928,-0.001582056173,-0.21,0.006319772424,-0.001578185056,-0.2099829855,1.888037817e-05
2.807,0.006424520902,-0.00161025927,-0.21,0.006431632064,-0.001606371985,-0.2099829341,1.889246376e-05
2.808,0.006536439294,-0.001638459824,-0.21,0.006543450976,-0.001634556368,-0.2099828824,1.890533914e-05
2.809,0.0066483164,-0.00166665779,-0.21,0.006655228454,-0.001662738159,-0.2099828306,1.891900632e-05
2.81,0.00676015151,-0.001694853124,-0.21,0.006766963792,-0.001690917315,-0.2099827785,1.89334672e-05
2.811,0.00687194392,-0.001723045782,-0.21,0.006878656286,-0.00171909379,-0.2099827263,1.894872353e-05
2.812,0.006983692923,-0.00175123572,-0.21,0.006990305229,-0.001747267541,-0.2099826739,1.896477695e-05
2.813,0.007095397814,-0.001779422891,-0.21,0.007101909917,-0.001775438524,-0.2099826213,1.898162896e-05
2.814,0.007207057886,-0.001807607253,-0.21,0.007213469645,-0.001803606693,-0.2099825685,1.899928093e-05
2.815,0.007318672434,-0.00183578876,-0.21,0.00732498371,-0.001831772004,-0.2099825155,1.90177341e-05
2.816,0.007430240753,-0.001863967369,-0.21,0.007436451406,-0.001859934413,-0.2099824623,1.903698961e-05
2.817,0.007541762139,-0.001892143033,-0.21,0.007547872031,-0.001888093876,-0.209982409,1.905704844e-05
2.818,0.007653235887,-0.00192031571,-0.21,0.007659244881,-0.001916250349,-0.2099823554,1.907791145e-05
2.819,0.007764661294,-0.001948485355,-0.21,0.007770569253,-0.001944403786,-0.2099823017,1.909957936e-05
2.82,0.007876037654,-0.001976651922,-0.21,0.007881844443,-0.001972554143,-0.2099822478,1.912205279e-05
2.821,0.007987364265,-0.002004815369,-0.21,0.007993069751,-0.002000701377,-0.2099821936,1.914533223e-05
2.822,0.008098640423,-0.002032975649,-0.21,0.008104244472,-0.002028845442,-0.2099821394,1.9169418e-05
2.823,0.008209865426,-0.002061132719,-0.21,0.008215367906,-0.002056986295,-0.2099820849,1.919431033e-05
2.824,0.008321038571,-0.002089286534,-0.21,0.008326439351,-0.002085123891,-0.2099820302,1.92200093e-05
2.825,0.008432159156,-0.00211743705,-0.21,0.008437458106,-0.002113258186,-0.2099819754,1.924651489e-05
2.826,0.008543226479,-0.002145584222,-0.21,0.00854842347,-0.002141389135,-0.2099819204,1.927382693e-05
2.827,0.008654239838,-0.002173728006,-0.21,0.008659334742,-0.002169516695,-0.2099818652,1.930194512e-05
2.828,0.008765198532,-0.002201868357,-0.21,0.008770191223,-0.00219764082,-0.2099818098,1.933086906e-05
2.829,0.008876101861,-0.002230005231,-0.21,0.008880992212,-0.002225761467,-0.2099817542,1.936059823e-05
2.83,0.008986949123,-0.002258138584,-0.21,0.00899173701,-0.002253878591,-0.2099816985,1.939113194e-05
2.831,0.009097739619,-0.002286268371,-0.21,0.009102424918,-0.002281992147,-0.2099816426,1.942246943e-05
2.832,0.009208472648,-0.002314394548,-0.21,0.009213055237,-0.002310102093,-0.2099815865,1.945460978e-05
2.833,0.009319147512,-0.002342517069,-0.21,0.009323627269,-0.002338208383,-0.2099815302,1.948755197e-05
2.834,0.009429763511,-0.002370635892,-0.21,0.009434140316,-0.002366310972,-0.2099814738,1.952129486e-05
2.835,0.009540319946,-0.002398750971,-0.21,0.00954459368,-0.002394409818,-0.2099814172,1.95558372e-05
2.836,0.00965081612,-0.002426862262,-0.21,0.009654986663,-0.002422504875,-0.2099813604,1.959117758e-05
2.837,0.009761251334,-0.002454969721,-0.21,0.00976531857,-0.002450596099,-0.2099813035,1.962731454e-05
2.838,0.00987162489,-0.002483073303,-0.21,0.009875588703,-0.002478683447,-0.2099812463,1.966424646e-05
2.839,0.009981936092,-0.002511172964,-0.21,0.009985796366,-0.002506766873,-0.209981189,1.970197161e-05
2.84,0.01009218424,-0.00253926866,-0.21,0.01009594086,-0.002534846333,-0.2099811316,1.974048818e-05
2.841,0.01020236865,-0.002567360345,-0.21,0.0102060215,-0.002562921784,-0.2099810739,1.977979421e-05
2.842,0.0103124886,-0.002595447977,-0.21,0.01031603758,-0.002590993181,-0.2099810161,1.981988767e-05
2.843,0.01042254342,-0.00262353151,-0.21,0.01042598842,-0.00261906048,-0.2099809582,1.98607664e-05
2.844,0.01053253241,-0.002651610899,-0.21,0.0105358733,-0.002647123636,-0.2099809,1.990242813e-05
2.845,0.01064245487,-0.002679686102,-0.21,0.01064569156,-0.002675182606,-0.2099808417,1.994487052e-05
2.846,0.0107523101,-0.002707757073,-0.21,0.01075544247,-0.002703237345,-0.2099807832,1.99880911e-05
2.847,0.01086209741,-0.002735823768,-0.21,0.01086512537,-0.002731287809,-0.2099807246,2.00320873e-05
2.848,0.01097181612,-0.002763886143,-0.21,0.01097473955,-0.002759333954,-0.2099806658,2.007685646e-05
2.849,0.01108146552,-0.002791944154,-0.21,0.01108428432,-0.002787375736,-0.2099806068,2.012239583e-05
2.85,0.01119104492,-0.002819997755,-0.21,0.011193759,-0.00281541311,-0.2099805477,2.016870256e-05
2.851,0.01130055364,-0.002848046904,-0.21,0.01130316288,-0.002843446033,-0.2099804884,2.021577373e-05
2.852,0.01140999097,-0.002876091554,-0.21,0.01141249528,-0.002871474459,-0.209980429,2.02636063e-05
2.853,0.01151935624,-0.002904131664,-0.21,0.01152175551,-0.002899498346,-0.2099803694,2.031219713e-05
2.854,0.01162864874,-0.002932167187,-0.21,0.01163094288,-0.002927517648,-0.2099803096,2.036154303e-05
2.855,0.01173786778,-0.00296019808,-0.21,0.0117400567,-0.002955532323,-0.2099802497,2.041164072e-05
2.856,0.01184701269,-0.002988224298,-0.21,0.01184909628,-0.002983542325,-0.2099801896,2.04624868e-05
2.857,0.01195608276,-0.003016245797,-0.21,0.01195806093,-0.00301154761,-0.2099801294,2.051407786e-05
2.858,0.01206507731,-0.003044262534,-0.21,0.01206694997,-0.003039548135,-0.209980069,2.056641037e-05
2.859,0.01217399565,-0.003072274463,-0.21,0.0121757627,-0.003067543855,-0.2099800085,2.061948069e-05
2.86,0.0122828371,-0.00310028154,-0.21,0.01228449845,-0.003095534727,-0.2099799478,2.067328517e-05
2.861,0.01239160096,-0.003128283722,-0.21,0.01239315652,-0.003123520705,-0.2099798869,2.072782006e-05
2.862,0.01250028654,-0.003156280964,-0.21,0.01250173623,-0.003151501747,-0.2099798259,2.078308155e-05
2.863,0.01260889317,-0.003184273222,-0.21,0.01261023689,-0.003179477808,-0.2099797648,2.083906572e-05
2.864,0.01271742016,-0.003212260451,-0.21,0.01271865782,-0.003207448843,-0.2099797035,2.089576864e-05
2.865,0.01282586681,-0.003240242607,-0.21,0.01282699834,-0.00323541481,-0.209979642,2.095318629e-05
2.866,0.01293423245,-0.003268219647,-0.21,0.01293525775,-0.003263375663,-0.2099795804,2.10113146e-05
2.867,0.01304251639,-0.003296191526,-0.21,0.01304343539,-0.003291331359,-0.2099795187,2.107014943e-05
2.868,0.01315071794,-0.0033241582,-0.21,0.01315153055,-0.003319281854,-0.2099794568,2.112968655e-05
2.869,0.01325883643,-0.003352119624,-0.21,0.01325954257,-0.003347227104,-0.2099793947,2.118992175e-05
2.87,0.01336687117,-0.003380075755,-0.21,0.01336747076,-0.003375167064,-0.2099793325,2.125085072e-05
2.871,0.01347482148,-0.003408026549,-0.21,0.01347531444,-0.003403101691,-0.2099792702,2.131246909e-05
2.872,0.01358268667,-0.00343597196,-0.21,0.01358307292,-0.003431030941,-0.2099792077,2.137477248e-05
2.873,0.01369046606,-0.003463911946,-0.21,0.01369074554,-0.00345895477,-0.2099791451,2.143775641e-05
2.874,0.01379815898,-0.003491846462,-0.21,0.0137983316,-0.003486873133,-0.2099790824,2.150141641e-05
2.875,0.01390576475,-0.003519775463,-0.21,0.01390583043,-0.003514785987,-0.2099790195,2.15657479e-05
2.876,0.01401328267,-0.003547698907,-0.21,0.01401324135,-0.003542693288,-0.2099789564,2.163074631e-05
2.877,0.01412071208,-0.003575616748,-0.21,0.01412056369,-0.003570594992,-0.2099788933,2.169640699e-05
2.878,0.0142280523,-0.003603528943,-0.21,0.01422779676,-0.003598491055,-0.20997883,2.176272532e-05
2.879,0.01433530265,-0.003631435447,-0.21,0.01433493989,-0.003626381433,-0.2099787665,2.182969658e-05
2.88,0.01444246244,-0.003659336217,-0.21,0.0144419924,-0.003654266083,-0.2099787029,2.189731604e-05
2.881,0.01454953101,-0.003687231208,-0.21,0.01454895361,-0.003682144959,-0.2099786392,2.196557892e-05
2.882,0.01465650768,-0.003715120377,-0.21,0.01465582286,-0.003710018019,-0.2099785754,2.203448043e-05
2.883,0.01476339176,-0.003743003678,-0.21,0.01476259947,-0.003737885218,-0.2099785114,2.210401573e-05
2.884,0.0148701826,-0.00377088107,-0.21,0.01486928276,-0.003765746513,-0.2099784473,2.217417998e-05
2.885,0.0149768795,-0.003798752506,-0.21,0.01497587206,-0.003793601859,-0.209978383,2.224496829e-05
2.886,0.01508348181,-0.003826617944,-0.21,0.01508236669,-0.003821451213,-0.2099783186,2.231637575e-05
2.887,0.01518998884,-0.003854477339,-0.21,0.01518876599,-0.003849294531,-0.2099782541,2.238839743e-05
2.888,0.01529639992,-0.003882330647,-0.21,0.01529506929,-0.00387713177,-0.2099781895,2.246102835e-05
2.889,0.01540271438,-0.003910177824,-0.21,0.0154012759,-0.003904962884,-0.2099781247,2.253426357e-05
2.89,0.01550893154,-0.003938018827,-0.21,0.01550738517,-0.003932787831,-0.2099780598,2.260809809e-05
2.891,0.01561505075,-0.003965853611,-0.21,0.01561339642,-0.003960606567,-0.2099779948,2.268252692e-05
2.892,0.01572107132,-0.003993682132,-0.21,0.01571930899,-0.003988419047,-0.2099779297,2.275754501e-05
2.893,0.01582699259,-0.004021504347,-0.21,0.01582512219,-0.004016225229,-0.2099778644,2.283314734e-05
2.894,0.01593281389,-0.004049320212,-0.21,0.01593083538,-0.004044025067,-0.209977799,2.290932885e-05
2.895,0.01603853454,-0.004077129682,-0.21,0.01603644787,-0.004071818519,-0.2099777335,2.298608448e-05
2.896,0.01614415389,-0.004104932713,-0.21,0.01614195901,-0.004099605541,-0.2099776679,2.306340917e-05
2.897,0.01624967126,-0.004132729263,-0.21,0.01624736813,-0.004127386089,-0.2099776021,2.314129784e-05
2.898,0.016355086,-0.004160519286,-0.21,0.01635267455,-0.004155160119,-0.2099775362,2.321974537e-05
2.899,0.01646039742,-0.004188302739,-0.21,0.01645787763,-0.004182927587,-0.2099774702,2.329874669e-05
2.9,0.01656560487,-0.004216079578,-0.21,0.01656297669,-0.004210688451,-0.2099774041,2.33782967e-05
2.901,0.01667070768,-0.00424384976,-0.21,0.01666797106,-0.004238442665,-0.2099773379,2.345839031e-05
2.902,0.0167757052,-0.00427161324,-0.21,0.0167728601,-0.004266190186,-0.2099772716,2.353902239e-05
2.903,0.01688059675,-0.004299369974,-0.21,0.01687764313,-0.004293930972,-0.2099772051,2.362018784e-05
2.904,0.01698538167,-0.004327119919,-0.21,0.01698231949,-0.004321664977,-0.2099771386,2.370188156e-05
2.905,0.0170900593,-0.004354863031,-0.21,0.01708688853,-0.004349392158,-0.2099770719,2.378409843e-05
2.906,0.01719462898,-0.004382599266,-0.21,0.01719134958,-0.004377112472,-0.2099770051,2.386683334e-05
2.907,0.01729909005,-0.004410328581,-0.21,0.01729570199,-0.004404825875,-0.2099769382,2.395008119e-05
2.908,0.01740344185,-0.00443805093,-0.21,0.01739994509,-0.004432532324,-0.2099768712,2.403383688e-05
2.909,0.01750768372,-0.004465766272,-0.21,0.01750407823,-0.004460231774,-0.209976804,2.411809532e-05
2.91,0.01761181501,-0.004493474562,-0.21,0.01760810074,-0.004487924182,-0.2099767368,2.420285142e-05
2.911,0.01771583505,-0.004521175755,-0.21,0.01771201199,-0.004515609505,-0.2099766695,2.42881001e-05
2.912,0.01781974318,-0.004548869809,-0.21,0.0178158113,-0.004543287698,-0.209976602,2.437383625e-05
2.913,0.01792353876,-0.00457655668,-0.21,0.01791949802,-0.004570958719,-0.2099765345,2.446005482e-05
2.914,0.01802722112,-0.004604236324,-0.21,0.0180230715,-0.004598622524,-0.2099764669,2.454675074e-05
2.915,0.01813078961,-0.004631908697,-0.21,0.01812653109,-0.004626279069,-0.2099763991,2.463391895e-05
2.916,0.01823424357,-0.004659573756,-0.21,0.01822987613,-0.00465392831,-0.2099763313,2.472155441e-05
2.917,0.01833758236,-0.004687231457,-0.21,0.01833310597,-0.004681570205,-0.2099762633,2.480965207e-05
2.918,0.01844080532,-0.004714881756,-0.21,0.01843621995,-0.004709204709,-0.2099761952,2.489820692e-05
2.919,0.0185439118,-0.004742524609,-0.21,0.01853921744,-0.004736831779,-0.2099761271,2.498721398e-05
2.92,0.01864690114,-0.004770159973,-0.21,0.01864209777,-0.004764451372,-0.2099760588,2.507666821e-05
2.921,0.0187497727,-0.004797787805,-0.21,0.0187448603,-0.004792063443,-0.2099759905,2.516656464e-05
2.922,0.01885252583,-0.00482540806,-0.21,0.01884750438,-0.004819667951,-0.2099759221,2.525689828e-05
2.923,0.01895515987,-0.004853020695,-0.21,0.01895002936,-0.00484726485,-0.2099758535,2.534766419e-05
2.924,0.01905767419,-0.004880625667,-0.21,0.0190524346,-0.004874854098,-0.2099757849,2.543885742e-05
2.925,0.01916006812,-0.004908222931,-0.21,0.01915471945,-0.004902435652,-0.2099757162,2.553047304e-05
2.926,0.01926234103,-0.004935812445,-0.21,0.01925688325,-0.004930009467,-0.2099756474,2.562250612e-05
2.927,0.01936449227,-0.004963394165,-0.21,0.01935892538,-0.004957575501,-0.2099755785,2.571495178e-05
2.928,0.01946652119,-0.004990968046,-0.21,0.01946084518,-0.004985133709,-0.2099755095,2.580780513e-05
2.929,0.01956842714,-0.005018534046,-0.21,0.01956264202,-0.005012684049,-0.2099754404,2.590106131e-05
2.93,0.0196702095,-0.005046092121,-0.21,0.01966431524,-0.005040226478,-0.2099753712,2.599471548e-05
2.931,0.01977186761,-0.005073642228,-0.21,0.0197658642,-0.005067760951,-0.209975302,2.608876279e-05
2.932,0.01987340082,-0.005101184323,-0.21,0.01986728828,-0.005095287425,-0.2099752326,2.618319844e-05
2.933,0.01997480851,-0.005128718362,-0.21,0.01996858682,-0.005122805858,-0.2099751632,2.627801761e-05
2.934,0.02007609002,-0.005156244302,-0.21,0.02006975919,-0.005150316205,-0.2099750937,2.637321556e-05
2.935,0.02017724472,-0.0051837621,-0.21,0.02017080474,-0.005177818424,-0.2099750241,2.646878753e-05
2.936,0.02027827198,-0.005211271712,-0.21,0.02027172285,-0.005205312472,-0.2099749544,2.656472877e-05
2.937,0.02037917114,-0.005238773095,-0.21,0.02037251287,-0.005232798304,-0.2099748847,2.666103454e-05
2.938,0.02047994158,-0.005266266205,-0.21,0.02047317417,-0.005260275877,-0.2099748148,2.675770018e-05
2.939,0.02058058265,-0.005293750999,-0.21,0.02057370611,-0.005287745149,-0.2099747449,2.6854721e-05
2.94,0.02068109373,-0.005321227433,-0.21,0.02067410806,-0.005315206076,-0.2099746749,2.695209232e-05
2.941,0.02078147417,-0.005348695464,-0.21,0.02077437938,-0.005342658615,-0.2099746049,2.704980951e-05
2.942,0.02088172335,-0.005376155049,-0.21,0.02087451944,-0.005370102722,-0.2099745347,2.714786795e-05
2.943,0.02098184062,-0.005403606145,-0.21,0.02097452762,-0.005397538355,-0.2099744645,2.724626305e-05
2.944,0.02108182537,-0.005431048707,-0.21,0.02107440327,-0.00542496547,-0.2099743942,2.734499024e-05
2.945,0.02118167695,-0.005458482693,-0.21,0.02117414577,-0.005452384024,-0.2099743239,2.744404494e-05
2.946,0.02128139473,-0.005485908059,-0.21,0.02127375449,-0.005479793974,-0.2099742535,2.754342265e-05
2.947,0.02138097809,-0.005513324762,-0.21,0.0213732288,-0.005507195276,-0.209974183,2.764311882e-05
2.948,0.0214804264,-0.005540732759,-0.21,0.02147256808,-0.005534587888,-0.2099741124,2.774312895e-05
2.949,0.02157973902,-0.005568132007,-0.21,0.02157177168,-0.005561971767,-0.2099740418,2.78434486e-05
2.95,0.02167891533,-0.005595522461,-0.21,0.021670839,-0.005589346868,-0.2099739711,2.794407328e-05
2.951,0.02177795471,-0.00562290408,-0.21,0.02176976941,-0.00561671315,-0.2099739003,2.80449986e-05
2.952,0.02187685653,-0.005650276819,-0.21,0.02186856227,-0.005644070568,-0.2099738295,2.814622013e-05
2.953,0.02197562016,-0.005677640635,-0.21,0.02196721697,-0.005671419081,-0.2099737586,2.824773351e-05
2.954,0.02207424498,-0.005704995486,-0.21,0.02206573288,-0.005698758644,-0.2099736876,2.834953434e-05
2.955,0.02217273037,-0.005732341328,-0.21,0.02216410939,-0.005726089216,-0.2099736166,2.845161827e-05
2.956,0.0222710757,-0.005759678118,-0.21,0.02226234587,-0.005753410752,-0.2099735455,2.8553981e-05
2.957,0.02236928036,-0.005787005812,-0.21,0.0223604417,-0.00578072321,-0.2099734744,2.865661825e-05
2.958,0.02246734372,-0.005814324368,-0.21,0.02245839626,-0.005808026546,-0.2099734032,2.875952572e-05
2.959,0.02256526516,-0.005841633742,-0.21,0.02255620893,-0.005835320718,-0.2099733319,2.886269914e-05
2.96,0.02266304407,-0.005868933892,-0.21,0.02265387911,-0.005862605684,-0.2099732606,2.896613429e-05
2.961,0.02276067983,-0.005896224773,-0.21,0.02275140616,-0.005889881398,-0.2099731893,2.906982695e-05
2.962,0.02285817182,-0.005923506344,-0.21,0.02284878949,-0.00591714782,-0.2099731178,2.917377292e-05
2.963,0.02295551942,-0.005950778561,-0.21,0.02294602846,-0.005944404906,-0.2099730464,2.927796804e-05
2.964,0.02305272203,-0.00597804138,-0.21,0.02304312247,-0.005971652612,-0.2099729749,2.938240816e-05
2.965,0.02314977902,-0.00600529476,-0.21,0.0231400709,-0.005998890897,-0.2099729033,2.948708915e-05
2.966,0.02324668978,-0.006032538656,-0.21,0.02323687315,-0.006026119717,-0.2099728317,2.959200691e-05
2.967,0.02334345371,-0.006059773026,-0.21,0.0233335286,-0.006053339029,-0.20997276,2.969715735e-05
2.968,0.02344007019,-0.006086997827,-0.21,0.02343003664,-0.00608054879,-0.2099726883,2.980253639e-05
2.969,0.0235365386,-0.006114213016,-0.21,0.02352639666,-0.006107748958,-0.2099726165,2.990814003e-05
2.97,0.02363285835,-0.006141418549,-0.21,0.02362260806,-0.00613493949,-0.2099725447,3.001396421e-05
2.971,0.02372902882,-0.006168614385,-0.21,0.02371867023,-0.006162120342,-0.2099724729,3.012000493e-05
2.972,0.0238250494,-0.006195800479,-0.21,0.02381458256,-0.006189291473,-0.209972401,3.022625821e-05
2.973,0.02392091949,-0.006222976789,-0.21,0.02391034444,-0.006216452839,-0.2099723291,3.033272011e-05
2.974,0.02401663848,-0.006250143272,-0.21,0.02400595528,-0.006243604397,-0.2099722571,3.043938668e-05
2.975,0.02411220577,-0.006277299886,-0.21,0.02410141447,-0.006270746105,-0.2099721851,3.054625402e-05
2.976,0.02420762076,-0.006304446587,-0.21,0.0241967214,-0.00629787792,-0.209972113,3.06533182e-05
2.977,0.02430288284,-0.006331583332,-0.21,0.02429187548,-0.006324999799,-0.209972041,3.076057537e-05
2.978,0.0243979914,-0.006358710079,-0.21,0.02438687611,-0.0063521117,-0.2099719688,3.086802166e-05
2.979,0.02449294586,-0.006385826784,-0.21,0.02448172268,-0.00637921358,-0.2099718967,3.097565324e-05
2.98,0.0245877456,-0.006412933406,-0.21,0.02457641459,-0.006406305395,-0.2099718245,3.108346629e-05
2.981,0.02468239004,-0.0064400299,-0.21,0.02467095126,-0.006433387105,-0.2099717523,3.119145702e-05
2.982,0.02477687857,-0.006467116225,-0.21,0.02476533208,-0.006460458665,-0.20997168,3.129962165e-05
2.983,0.02487121059,-0.006494192337,-0.21,0.02485955645,-0.006487520033,-0.2099716077,3.140795645e-05
2.984,0.02496538551,-0.006521258194,-0.21,0.02495362379,-0.006514571166,-0.2099715354,3.151645764e-05
2.985,0.02505940274,-0.006548313754,-0.21,0.0250475335,-0.006541612023,-0.2099714631,3.162512152e-05
2.986,0.02515326168,-0.006575358972,-0.21,0.02514128498,-0.00656864256,-0.2099713907,3.173394441e-05
2.987,0.02524696174,-0.006602393807,-0.21,0.02523487765,-0.006595662734,-0.2099713183,3.184292262e-05
2.988,0.02534050232,-0.006629418216,-0.21,0.02532831091,-0.006622672504,-0.2099712459,3.195205247e-05
2.989,0.02543388284,-0.006656432157,-0.21,0.02542158418,-0.006649671826,-0.2099711735,3.206133036e-05
2.99,0.02552710271,-0.006683435585,-0.21,0.02551469686,-0.006676660658,-0.209971101,3.217075264e-05
2.991,0.02562016133,-0.00671042846,-0.21,0.02560764838,-0.006703638958,-0.2099710285,3.228031571e-05
2.992,0.02571305813,-0.006737410738,-0.21,0.02570043813,-0.006730606683,-0.209970956,3.239001599e-05
2.993,0.0258057925,-0.006764382377,-0.21,0.02579306554,-0.006757563791,-0.2099708835,3.249984991e-05
2.994,0.02589836387,-0.006791343334,-0.21,0.02588553003,-0.006784510239,-0.2099708109,3.260981395e-05
2.995,0.02599077165,-0.006818293567,-0.21,0.025977831,-0.006811445984,-0.2099707384,3.271990456e-05
2.996,0.02608301527,-0.006845233032,-0.21,0.02606996788,-0.006838370985,-0.2099706658,3.283011824e-05
2.997,0.02617509412,-0.006872161688,-0.21,0.02616194008,-0.006865285198,-0.2099705932,3.294045148e-05
2.998,0.02626700764,-0.006899079492,-0.21,0.02625374703,-0.006892188582,-0.2099705206,3.305090081e-05
2.999,0.02635875525,-0.006925986401,-0.21,0.02634538815,-0.006919081094,-0.209970448,3.316146279e-05
3,0.02645033635,-0.006952882373,-0.21,0.02643686285,-0.006945962691,-0.2099703754,3.327213398e-05
3.001,0.02654175039,-0.006979767366,-0.21,0.02652817056,-0.006972833332,-0.2099703028,3.338291093e-05
3.002,0.02663299677,-0.007006641337,-0.21,0.0266193107,-0.006999692973,-0.2099702301,3.349379025e-05
3.003,0.02672407492,-0.007033504243,-0.21,0.02671028271,-0.007026541573,-0.2099701575,3.360476854e-05
3.004,0.02681498427,-0.007060356042,-0.21,0.026801086,-0.00705337909,-0.2099700848,3.371584245e-05
3.005,0.02690572424,-0.007087196692,-0.21,0.02689172,-0.007080205481,-0.2099700122,3.382700864e-05
3.006,0.02699629426,-0.007114026151,-0.21,0.02698218414,-0.007107020703,-0.2099699395,3.393826374e-05
3.007,0.02708669375,-0.007140844375,-0.21,0.02707247785,-0.007133824715,-0.2099698668,3.404960444e-05
3.008,0.02717692215,-0.007167651323,-0.21,0.02716260056,-0.007160617474,-0.2099697942,3.416102743e-05
3.009,0.02726697889,-0.007194446952,-0.21,0.0272525517,-0.007187398938,-0.2099697215,3.427252946e-05
3.01,0.0273568634,-0.007221231221,-0.21,0.0273423307,-0.007214169065,-0.2099696488,3.438410721e-05
3.011,0.0274465751,-0.007248004086,-0.21,0.02743193701,-0.007240927813,-0.2099695762,3.449575744e-05
3.012,0.02753611344,-0.007274765505,-0.21,0.02752137004,-0.007267675139,-0.2099695035,3.46074769e-05
3.013,0.02762547784,-0.007301515437,-0.21,0.02761062924,-0.007294411002,-0.2099694308,3.471926237e-05
3.014,0.02771466774,-0.007328253838,-0.21,0.02769971404,-0.007321135358,-0.2099693582,3.483111066e-05
3.015,0.02780368259,-0.007354980667,-0.21,0.02778862388,-0.007347848167,-0.2099692856,3.494301858e-05
3.016,0.02789252181,-0.007381695882,-0.21,0.02787735821,-0.007374549386,-0.2099692129,3.505498293e-05
3.017,0.02798118485,-0.00740839944,-0.21,0.02796591646,-0.007401238973,-0.2099691403,3.516700055e-05
3.018,0.02806967114,-0.007435091299,-0.21,0.02805429807,-0.007427916886,-0.2099690677,3.527906829e-05
3.019,0.02815798013,-0.007461771417,-0.21,0.02814250248,-0.007454583082,-0.2099689951,3.539118302e-05
3.02,0.02824611126,-0.007488439752,-0.21,0.02823052914,-0.00748123752,-0.2099689225,3.550334162e-05
3.021,0.02833406397,-0.007515096261,-0.21,0.0283183775,-0.007507880158,-0.2099688499,3.561554101e-05
3.022,0.02842183771,-0.007541740904,-0.21,0.02840604699,-0.007534510954,-0.2099687773,3.572777808e-05
3.023,0.02850943192,-0.007568373636,-0.21,0.02849353707,-0.007561129866,-0.2099687048,3.584004974e-05
3.024,0.02859684604,-0.007594994418,-0.21,0.02858084718,-0.007587736851,-0.2099686322,3.595235296e-05
3.025,0.02868407954,-0.007621603206,-0.21,0.02866797678,-0.007614331868,-0.2099685597,3.606468466e-05
3.026,0.02877113185,-0.007648199958,-0.21,0.0287549253,-0.007640914876,-0.2099684872,3.617704183e-05
3.027,0.02885800243,-0.007674784632,-0.21,0.02884169221,-0.007667485831,-0.2099684148,3.628942145e-05
3.028,0.02894469072,-0.007701357188,-0.21,0.02892827696,-0.007694044693,-0.2099683423,3.640182052e-05
3.029,0.02903119618,-0.007727917581,-0.21,0.029014679,-0.007720591419,-0.2099682699,3.651423603e-05
3.03,0.02911751827,-0.007754465771,-0.21,0.02910089778,-0.007747125967,-0.2099681975,3.662666502e-05
3.031,0.02920365644,-0.007781001716,-0.21,0.02918693277,-0.007773648296,-0.2099681251,3.673910452e-05
3.032,0.02928961013,-0.007807525374,-0.21,0.02927278341,-0.007800158364,-0.2099680528,3.685155158e-05
3.033,0.02937537882,-0.007834036702,-0.21,0.02935844917,-0.007826656129,-0.2099679804,3.696400326e-05
3.034,0.02946096196,-0.00786053566,-0.21,0.02944392951,-0.00785314155,-0.2099679082,3.707645662e-05
3.035,0.02954635901,-0.007887022204,-0.21,0.02952922388,-0.007879614584,-0.2099678359,3.718890876e-05
3.036,0.02963156943,-0.007913496294,-0.21,0.02961433176,-0.00790607519,-0.2099677637,3.73013568e-05
3.037,0.02971659267,-0.007939957888,-0.21,0.02969925259,-0.007932523325,-0.2099676915,3.741379782e-05
3.038,0.02980142821,-0.007966406943,-0.21,0.02978398585,-0.00795895895,-0.2099676193,3.752622895e-05
3.039,0.02988607551,-0.007992843418,-0.21,0.02986853101,-0.00798538202,-0.2099675472,3.763864735e-05
3.04,0.02997053403,-0.008019267271,-0.21,0.02995288752,-0.008011792496,-0.2099674751,3.775105015e-05
3.041,0.03005480325,-0.008045678461,-0.21,0.03003705485,-0.008038190336,-0.209967403,3.786343451e-05
3.042,0.03013888262,-0.008072076945,-0.21,0.03012103249,-0.008064575497,-0.209967331,3.797579764e-05
3.043,0.03022277161,-0.008098462683,-0.21,0.03020481988,-0.008090947938,-0.209967259,3.80881367e-05
3.044,0.0303064697,-0.008124835632,-0.21,0.03028841652,-0.008117307618,-0.2099671871,3.820044888e-05
3.045,0.03038997637,-0.008151195751,-0.21,0.03037182186,-0.008143654495,-0.2099671152,3.83127314e-05
3.046,0.03047329107,-0.008177542998,-0.21,0.03045503539,-0.008169988528,-0.2099670434,3.842498147e-05
3.047,0.03055641328,-0.008203877331,-0.21,0.03053805657,-0.008196309674,-0.2099669716,3.853719633e-05
3.048,0.03063934249,-0.00823019871,-0.21,0.03062088489,-0.008222617893,-0.2099668998,3.864937323e-05
3.049,0.03072207815,-0.008256507092,-0.21,0.03070351982,-0.008248913143,-0.2099668281,3.876150942e-05
3.05,0.03080461977,-0.008282802435,-0.21,0.03078596084,-0.008275195382,-0.2099667564,3.887360218e-05
3.051,0.0308869668,-0.008309084699,-0.21,0.03086820743,-0.008301464569,-0.2099666848,3.898564877e-05
3.052,0.03096911873,-0.008335353842,-0.21,0.03095025907,-0.008327720663,-0.2099666133,3.909764651e-05
3.053,0.03105107505,-0.008361609823,-0.21,0.03103211525,-0.008353963623,-0.2099665418,3.920959267e-05
3.054,0.03113283523,-0.008387852599,-0.21,0.03111377544,-0.008380193406,-0.2099664703,3.932148456e-05
3.055,0.03121439876,-0.008414082129,-0.21,0.03119523913,-0.008406409971,-0.2099663989,3.943331951e-05
3.056,0.03129576512,-0.008440298373,-0.21,0.03127650582,-0.008432613278,-0.2099663276,3.954509484e-05
3.057,0.0313769338,-0.008466501288,-0.21,0.03135757498,-0.008458803284,-0.2099662563,3.965680793e-05
3.058,0.03145790429,-0.008492690833,-0.21,0.0314384461,-0.008484979949,-0.209966185,3.97684561e-05
3.059,0.03153867607,-0.008518866967,-0.21,0.03151911868,-0.008511143231,-0.2099661139,3.988003673e-05
3.06,0.03161924864,-0.008545029649,-0.21,0.0315995922,-0.008537293089,-0.2099660428,3.999154718e-05
3.061,0.03169962148,-0.008571178837,-0.21,0.03167986616,-0.008563429482,-0.2099659717,4.010298484e-05
3.062,0.03177979409,-0.00859731449,-0.21,0.03175994005,-0.008589552368,-0.2099659007,4.021434712e-05
3.063,0.03185976597,-0.008623436567,-0.21,0.03183981336,-0.008615661706,-0.2099658298,4.032563139e-05
3.064,0.03193953659,-0.008649545026,-0.21,0.0319194856,-0.008641757456,-0.209965759,4.043683509e-05
3.065,0.03201910547,-0.008675639826,-0.21,0.03199895626,-0.008667839575,-0.2099656882,4.054795566e-05
3.066,0.03209847211,-0.008701720926,-0.21,0.03207822483,-0.008693908023,-0.2099656174,4.06589905e-05
3.067,0.03217763598,-0.008727788286,-0.21,0.03215729083,-0.008719962758,-0.2099655468,4.076993708e-05
3.068,0.03225659661,-0.008753841862,-0.21,0.03223615374,-0.00874600374,-0.2099654762,4.088079284e-05
3.069,0.03233535349,-0.008779881615,-0.21,0.03231481307,-0.008772030928,-0.2099654057,4.099155524e-05
3.07,0.03241390612,-0.008805907504,-0.21,0.03239326833,-0.00879804428,-0.2099653353,4.110222175e-05
3.071,0.03249225401,-0.008831919487,-0.21,0.03247151902,-0.008824043755,-0.2099652649,4.121278987e-05
3.072,0.03257039665,-0.008857917523,-0.21,0.03254956465,-0.008850029312,-0.2099651946,4.132325708e-05
3.073,0.03264833357,-0.008883901571,-0.21,0.03262740472,-0.008876000911,-0.2099651244,4.143362088e-05
3.074,0.03272606426,-0.00890987159,-0.21,0.03270503875,-0.00890195851,-0.2099650543,4.154387879e-05
3.075,0.03280358823,-0.008935827539,-0.21,0.03278246623,-0.008927902068,-0.2099649842,4.165402832e-05
3.076,0.032880905,-0.008961769378,-0.21,0.0328596867,-0.008953831545,-0.2099649142,4.176406699e-05
3.077,0.03295801408,-0.008987697064,-0.21,0.03293669965,-0.008979746899,-0.2099648443,4.187399236e-05
3.078,0.03303491497,-0.009013610558,-0.21,0.0330135046,-0.00900564809,-0.2099647745,4.198380196e-05
3.079,0.0331116072,-0.009039509818,-0.21,0.03309010108,-0.009031535077,-0.2099647048,4.209349333e-05
3.08,0.03318809028,-0.009065394804,-0.21,0.03316648858,-0.009057407818,-0.2099646351,4.220306406e-05
3.081,0.03326436372,-0.009091265473,-0.21,0.03324266664,-0.009083266273,-0.2099645656,4.231251172e-05
3.082,0.03334042705,-0.009117121787,-0.21,0.03331863477,-0.009109110402,-0.2099644961,4.242183389e-05
3.083,0.03341627978,-0.009142963703,-0.21,0.0333943925,-0.009134940163,-0.2099644267,4.253102815e-05
3.084,0.03349192144,-0.009168791182,-0.21,0.03346993934,-0.009160755516,-0.2099643574,4.264009209e-05
3.085,0.03356735154,-0.009194604182,-0.21,0.03354527482,-0.00918655642,-0.2099642882,4.274902335e-05
3.086,0.03364256962,-0.009220402662,-0.21,0.03362039846,-0.009212342834,-0.2099642191,4.285781952e-05
3.087,0.03371757519,-0.009246186582,-0.21,0.03369530979,-0.009238114717,-0.2099641501,4.296647822e-05
3.088,0.03379236778,-0.0092719559,-0.21,0.03377000834,-0.009263872029,-0.2099640812,4.30749971e-05
3.089,0.03386694692,-0.009297710578,-0.21,0.03384449364,-0.00928961473,-0.2099640123,4.31833738e-05
3.09,0.03394131213,-0.009323450572,-0.21,0.03391876521,-0.009315342778,-0.2099639436,4.329160596e-05
3.091,0.03401546296,-0.009349175844,-0.21,0.03399282259,-0.009341056132,-0.209963875,4.339969122e-05
3.092,0.03408939892,-0.009374886352,-0.21,0.03406666531,-0.009366754754,-0.2099638064,4.350762726e-05
3.093,0.03416311956,-0.009400582056,-0.21,0.0341402929,-0.009392438601,-0.209963738,4.361541177e-05
3.094,0.03423662441,-0.009426262915,-0.21,0.03421370491,-0.009418107633,-0.2099636697,4.372304241e-05
3.095,0.034309913,-0.009451928889,-0.21,0.03428690086,-0.009443761809,-0.2099636014,4.383051687e-05
3.096,0.03438298486,-0.009477579937,-0.21,0.03435988029,-0.00946940109,-0.2099635333,4.393783286e-05
3.097,0.03445583955,-0.009503216019,-0.21,0.03443264275,-0.009495025435,-0.2099634653,4.404498808e-05
3.098,0.03452847659,-0.009528837093,-0.21,0.03450518778,-0.009520634803,-0.2099633974,4.415198024e-05
3.099,0.03460089554,-0.009554443121,-0.21,0.03457751492,-0.009546229154,-0.2099633296,4.425880705e-05
3.1,0.03467309592,-0.00958003406,-0.21,0.03464962371,-0.009571808447,-0.2099632619,4.436546626e-05
3.101,0.0347450773,-0.009605609872,-0.21,0.03472151369,-0.009597372642,-0.2099631943,4.447195559e-05
3.102,0.0348168392,-0.009631170514,-0.21,0.03479318443,-0.009622921699,-0.2099631268,4.45782728e-05
3.103,0.03488838118,-0.009656715948,-0.21,0.03486463545,-0.009648455577,-0.2099630595,4.468441561e-05
3.104,0.03495970279,-0.009682246133,-0.21,0.03493586631,-0.009673974236,-0.2099629922,4.479038179e-05
3.105,0.03503080357,-0.009707761028,-0.21,0.03500687657,-0.009699477636,-0.2099629251,4.489616913e-05
3.106,0.03510168308,-0.009733260593,-0.21,0.03507766577,-0.009724965736,-0.2099628581,4.500177539e-05
3.107,0.03517234087,-0.009758744788,-0.21,0.03514823347,-0.009750438496,-0.2099627912,4.510719834e-05
3.108,0.03524277649,-0.009784213572,-0.21,0.03521857922,-0.009775895876,-0.2099627244,4.521243579e-05
3.109,0.03531298949,-0.009809666906,-0.21,0.03528870258,-0.009801337836,-0.2099626577,4.531748553e-05
3.11,0.03538297945,-0.00983510475,-0.21,0.0353586031,-0.009826764336,-0.2099625912,4.542234536e-05
3.111,0.0354527459,-0.009860527062,-0.21,0.03542828035,-0.009852175334,-0.2099625247,4.552701308e-05
3.112,0.03552228841,-0.009885933803,-0.21,0.03549773389,-0.009877570793,-0.2099624584,4.563148652e-05
3.113,0.03559160655,-0.009911324933,-0.21,0.03556696328,-0.00990295067,-0.2099623923,4.57357635e-05
3.114,0.03566069987,-0.009936700411,-0.21,0.03563596808,-0.009928314926,-0.2099623262,4.583984186e-05
3.115,0.03572956794,-0.009962060198,-0.21,0.03570474785,-0.009953663521,-0.2099622603,4.594371944e-05
3.116,0.03579821032,-0.009987404254,-0.21,0.03577330217,-0.009978996415,-0.2099621945,4.604739409e-05
3.117,0.03586662658,-0.01001273254,-0.21,0.03584163059,-0.01000431357,-0.2099621289,4.615086365e-05
3.118,0.03593481629,-0.01003804501,-0.21,0.0359097327,-0.01002961494,-0.2099620633,4.625412865e-05
3.119,0.03600277901,-0.01006334163,-0.21,0.03597760806,-0.01005490049,-0.2099619979,4.63571832e-05
3.12,0.03607051432,-0.01008862236,-0.21,0.03604525623,-0.01008017018,-0.2099619326,4.646002431e-05
3.121,0.03613802179,-0.01011388716,-0.21,0.03611267681,-0.01010542397,-0.2099618675,4.656265078e-05
3.122,0.03620530099,-0.01013913599,-0.21,0.03617986935,-0.01013066182,-0.2099618025,4.666506168e-05
3.123,0.0362723515,-0.0101643688,-0.21,0.03624683344,-0.01015588369,-0.2099617376,4.676725544e-05
3.124,0.03633917289,-0.01018958557,-0.21,0.03631356865,-0.01018108953,-0.2099616729,4.686922987e-05
3.125,0.03640576475,-0.01021478624,-0.21,0.03638007457,-0.01020627932,-0.2099616083,4.697098256e-05
3.126,0.03647212664,-0.01023997079,-0.21,0.03644635076,-0.01023145301,-0.2099615439,4.70725112e-05
3.127,0.03653825816,-0.01026513916,-0.21,0.03651239683,-0.01025661055,-0.2099614796,4.717381362e-05
3.128,0.03660415889,-0.01029029133,-0.21,0.03657821234,-0.01028175192,-0.2099614154,4.727488777e-05
3.129,0.0366698284,-0.01031542724,-0.21,0.03664379688,-0.01030687707,-0.2099613514,4.737573162e-05
3.13,0.03673526628,-0.01034054686,-0.21,0.03670915005,-0.01033198595,-0.2099612875,4.747634313e-05
3.131,0.03680047213,-0.01036565016,-0.21,0.03677427143,-0.01035707854,-0.2099612238,4.757672025e-05
3.132,0.03686544552,-0.01039073709,-0.21,0.0368391606,-0.01038215479,-0.2099611602,4.767686098e-05
3.133,0.03693018605,-0.0104158076,-0.21,0.03690381716,-0.01040721467,-0.2099610968,4.777676329e-05
3.134,0.03699469331,-0.01044086167,-0.21,0.0369682407,-0.01043225812,-0.2099610335,4.787642515e-05
3.135,0.03705896689,-0.01046589926,-0.21,0.03703243081,-0.01045728512,-0.2099609703,4.797584455e-05
3.136,0.03712300639,-0.01049092031,-0.21,0.03709638709,-0.01048229562,-0.2099609074,4.807501946e-05
3.137,0.0371868114,-0.0105159248,-0.21,0.03716010914,-0.01050728958,-0.2099608445,4.817394784e-05
3.138,0.03725038151,-0.01054091268,-0.21,0.03722359655,-0.01053226697,-0.2099607818,4.827262769e-05
3.139,0.03731371634,-0.01056588392,-0.21,0.03728684893,-0.01055722775,-0.2099607193,4.837105702e-05
3.14,0.03737681546,-0.01059083847,-0.21,0.03734986587,-0.01058217187,-0.2099606569,4.846923384e-05
3.141,0.0374396785,-0.0106157763,-0.21,0.03741264698,-0.01060709929,-0.2099605947,4.856715619e-05
3.142,0.03750230505,-0.01064069737,-0.21,0.03747519186,-0.01063200998,-0.2099605327,4.86648221e-05
3.143,0.03756469471,-0.01066560163,-0.21,0.03753750012,-0.0106569039,-0.2099604708,4.876222961e-05
3.144,0.03762684709,-0.01069048905,-0.21,0.03759957136,-0.010681781,-0.2099604091,4.885937676e-05
3.145,0.0376887618,-0.01071535958,-0.21,0.03766140519,-0.01070664126,-0.2099603475,4.895626159e-05
3.146,0.03775043845,-0.0107402132,-0.21,0.03772300122,-0.01073148462,-0.2099602861,4.905288216e-05
3.147,0.03781187665,-0.01076504985,-0.21,0.03778435908,-0.01075631105,-0.2099602248,4.914923653e-05
3.148,0.037873076,-0.01078986951,-0.21,0.03784547835,-0.01078112051,-0.2099601638,4.924532275e-05
3.149,0.03793403613,-0.01081467213,-0.21,0.03790635867,-0.01080591297,-0.2099601028,4.93411389e-05
3.15,0.03799475665,-0.01083945767,-0.21,0.03796699965,-0.01083068837,-0.2099600421,4.943668307e-05
3.151,0.03805523717,-0.01086422609,-0.21,0.0380274009,-0.01085544669,-0.2099599815,4.953195334e-05
3.152,0.03811547731,-0.01088897736,-0.21,0.03808756205,-0.01088018788,-0.2099599211,4.962694782e-05
3.153,0.0381754767,-0.01091371143,-0.21,0.03814748271,-0.01090491191,-0.2099598609,4.97216646e-05
3.154,0.03823523495,-0.01093842826,-0.21,0.03820716251,-0.01092961873,-0.2099598008,4.981610181e-05
3.155,0.03829475168,-0.01096312783,-0.21,0.03826660108,-0.01095430831,-0.2099597409,4.991025754e-05
3.156,0.03835402652,-0.01098781008,-0.21,0.03832579802,-0.01097898061,-0.2099596812,5.000412992e-05
3.157,0.0384130591,-0.01101247498,-0.21,0.03838475298,-0.01100363558,-0.2099596217,5.009771707e-05
3.158,0.03847184904,-0.01103712249,-0.21,0.03844346559,-0.0110282732,-0.2099595623,5.019101713e-05
3.159,0.03853039598,-0.01106175257,-0.21,0.03850193546,-0.01105289341,-0.2099595031,5.028402823e-05
3.16,0.03858869953,-0.01108636518,-0.21,0.03856016224,-0.01107749619,-0.2099594441,5.037674854e-05
3.161,0.03864675933,-0.01111096029,-0.21,0.03861814555,-0.01110208148,-0.2099593853,5.046917621e-05
3.162,0.03870457503,-0.01113553785,-0.21,0.03867588503,-0.01112664927,-0.2099593266,5.05613094e-05
3.163,0.03876214624,-0.01116009783,-0.21,0.03873338031,-0.01115119949,-0.2099592682,5.065314627e-05
3.164,0.03881947261,-0.01118464018,-0.21,0.03879063104,-0.01117573212,-0.2099592099,5.074468501e-05
3.165,0.03887655377,-0.01120916487,-0.21,0.03884763686,-0.01120024712,-0.2099591518,5.083592379e-05
3.166,0.03893338937,-0.01123367186,-0.21,0.03890439739,-0.01122474445,-0.2099590939,5.092686079e-05
3.167,0.03898997905,-0.01125816111,-0.21,0.03896091229,-0.01124922407,-0.2099590361,5.101749422e-05
3.168,0.03904632244,-0.01128263258,-0.21,0.0390171812,-0.01127368594,-0.2099589786,5.110782228e-05
3.169,0.0391024192,-0.01130708624,-0.21,0.03907320376,-0.01129813002,-0.2099589213,5.119784318e-05
3.17,0.03915826896,-0.01133152204,-0.21,0.03912897962,-0.01132255627,-0.2099588641,5.128755514e-05
3.171,0.03921387138,-0.01135593994,-0.21,0.03918450843,-0.01134696466,-0.2099588071,5.137695636e-05
3.172,0.0392692261,-0.01138033992,-0.21,0.03923978983,-0.01137135515,-0.2099587503,5.146604508e-05
3.173,0.03932433278,-0.01140472192,-0.21,0.03929482349,-0.01139572769,-0.2099586938,5.155481954e-05
3.174,0.03937919106,-0.01142908591,-0.21,0.03934960905,-0.01142008225,-0.2099586374,5.164327799e-05
3.175,0.0394338006,-0.01145343185,-0.21,0.03940414617,-0.0114444188,-0.2099585812,5.173141867e-05
3.176,0.03948816106,-0.01147775971,-0.21,0.0394584345,-0.01146873728,-0.2099585252,5.181923984e-05
3.177,0.03954227209,-0.01150206945,-0.21,0.0395124737,-0.01149303767,-0.2099584694,5.190673974e-05
3.178,0.03959613334,-0.01152636101,-0.21,0.03956626344,-0.01151731992,-0.2099584138,5.199391667e-05
3.179,0.03964974449,-0.01155063438,-0.21,0.03961980336,-0.011541584,-0.2099583584,5.208076889e-05
3.18,0.03970310519,-0.01157488951,-0.21,0.03967309314,-0.01156582987,-0.2099583032,5.216729469e-05
3.181,0.0397562151,-0.01159912636,-0.21,0.03972613244,-0.01159005749,-0.2099582482,5.225349235e-05
3.182,0.03980907389,-0.01162334489,-0.21,0.03977892092,-0.01161426682,-0.2099581934,5.233936017e-05
3.183,0.03986168122,-0.01164754507,-0.21,0.03983145825,-0.01163845783,-0.2099581388,5.242489647e-05
3.184,0.03991403677,-0.01167172686,-0.21,0.0398837441,-0.01166263046,-0.2099580844,5.251009955e-05
3.185,0.0399661402,-0.01169589021,-0.21,0.03993577814,-0.0116867847,-0.2099580302,5.259496771e-05
3.186,0.04001799118,-0.01172003509,-0.21,0.03998756005,-0.01171092049,-0.2099579762,5.26794993e-05
3.187,0.04006958938,-0.01174416147,-0.21,0.04003908948,-0.01173503781,-0.2099579224,5.276369264e-05
3.188,0.04012093448,-0.0117682693,-0.21,0.04009036613,-0.0117591366,-0.2099578689,5.284754606e-05
3.189,0.04017202616,-0.01179235855,-0.21,0.04014138967,-0.01178321684,-0.2099578155,5.293105791e-05
3.19,0.04022286409,-0.01181642917,-0.21,0.04019215977,-0.01180727849,-0.2099577624,5.301422655e-05
3.191,0.04027344795,-0.01184048114,-0.21,0.04024267611,-0.0118313215,-0.2099577094,5.309705034e-05
3.192,0.04032377742,-0.01186451441,-0.21,0.04029293839,-0.01185534585,-0.2099576567,5.317952762e-05
3.193,0.04037385218,-0.01188852894,-0.21,0.04034294627,-0.01187935148,-0.2099576042,5.32616568e-05
3.194,0.04042367192,-0.0119125247,-0.21,0.04039269945,-0.01190333837,-0.2099575519,5.334343623e-05
3.195,0.04047323632,-0.01193650165,-0.21,0.04044219761,-0.01192730648,-0.2099574998,5.342486432e-05
3.196,0.04052254507,-0.01196045974,-0.21,0.04049144043,-0.01195125576,-0.209957448,5.350593945e-05
3.197,0.04057159786,-0.01198439896,-0.21,0.04054042762,-0.01197518618,-0.2099573963,5.358666002e-05
3.198,0.04062039438,-0.01200831924,-0.21,0.04058915886,-0.01199909771,-0.2099573449,5.366702444e-05
3.199,0.04066893431,-0.01203222056,-0.21,0.04063763384,-0.0120229903,-0.2099572937,5.374703113e-05
3.2,0.04071721736,-0.01205610289,-0.21,0.04068585225,-0.01204686391,-0.2099572427,5.38266785e-05
3.201,0.04076524322,-0.01207996617,-0.21,0.0407338138,-0.01207071851,-0.209957192,5.390596499e-05
3.202,0.04081301158,-0.01210381038,-0.21,0.04078151818,-0.01209455407,-0.2099571415,5.398488903e-05
3.203,0.04086052214,-0.01212763547,-0.21,0.04082896509,-0.01211837054,-0.2099570911,5.406344906e-05
3.204,0.04090777461,-0.01215144142,-0.21,0.04087615423,-0.01214216788,-0.2099570411,5.414164355e-05
3.205,0.04095476868,-0.01217522817,-0.21,0.0409230853,-0.01216594606,-0.2099569912,5.421947096e-05
3.206,0.04100150406,-0.0121989957,-0.21,0.04096975801,-0.01218970504,-0.2099569416,5.429692972e-05
3.207,0.04104798045,-0.01222274397,-0.21,0.04101617207,-0.01221344478,-0.2099568922,5.437401833e-05
3.208,0.04109419756,-0.01224647293,-0.21,0.04106232717,-0.01223716525,-0.209956843,5.445073525e-05
3.209,0.0411401551,-0.01227018255,-0.21,0.04110822304,-0.0122608664,-0.209956794,5.452707898e-05
3.21,0.04118585277,-0.0122938728,-0.21,0.04115385937,-0.01228454821,-0.2099567453,5.460304802e-05
3.211,0.04123129029,-0.01231754364,-0.21,0.04119923589,-0.01230821062,-0.2099566968,5.467864086e-05
3.212,0.04127646737,-0.01234119502,-0.21,0.0412443523,-0.01233185362,-0.2099566486,5.475385602e-05
3.213,0.04132138373,-0.01236482691,-0.21,0.04128920833,-0.01235547714,-0.2099566006,5.482869201e-05
3.214,0.04136603907,-0.01238843928,-0.21,0.04133380369,-0.01237908117,-0.2099565528,5.490314735e-05
3.215,0.04141043313,-0.01241203209,-0.21,0.04137813809,-0.01240266566,-0.2099565052,5.497722057e-05
3.216,0.04145456562,-0.01243560529,-0.21,0.04142221126,-0.01242623058,-0.2099564579,5.50509102e-05
3.217,0.04149843626,-0.01245915886,-0.21,0.04146602293,-0.01244977588,-0.2099564108,5.51242148e-05
3.218,0.04154204477,-0.01248269276,-0.21,0.04150957281,-0.01247330153,-0.209956364,5.519713293e-05
3.219,0.04158539087,-0.01250620694,-0.21,0.04155286063,-0.0124968075,-0.2099563174,5.526966314e-05
3.22,0.04162847431,-0.01252970137,-0.21,0.04159588611,-0.01252029374,-0.209956271,5.534180399e-05
3.221,0.04167129479,-0.01255317602,-0.21,0.041638649,-0.01254376023,-0.2099562249,5.541355408e-05
3.222,0.04171385206,-0.01257663084,-0.21,0.04168114901,-0.01256720691,-0.2099561791,5.548491196e-05
3.223,0.04175614584,-0.0126000658,-0.21,0.04172338588,-0.01259063376,-0.2099561334,5.555587624e-05
3.224,0.04179817586,-0.01262348087,-0.21,0.04176535934,-0.01261404073,-0.209956088,5.562644552e-05
3.225,0.04183994186,-0.012646876,-0.21,0.04180706913,-0.0126374278,-0.2099560429,5.56966184e-05
3.226,0.04188144359,-0.01267025116,-0.21,0.04184851498,-0.01266079492,-0.209955998,5.57663935e-05
3.227,0.04192268076,-0.01269360631,-0.21,0.04188969664,-0.01268414205,-0.2099559533,5.583576943e-05
3.228,0.04196365313,-0.01271694142,-0.21,0.04193061384,-0.01270746916,-0.2099559089,5.590474483e-05
3.229,0.04200436043,-0.01274025645,-0.21,0.04197126633,-0.01273077622,-0.2099558648,5.597331832e-05
3.23,0.04204480241,-0.01276355136,-0.21,0.04201165385,-0.01275406318,-0.2099558209,5.604148857e-05
3.231,0.04208497881,-0.01278682611,-0.21,0.04205177615,-0.01277733001,-0.2099557772,5.610925421e-05
3.232,0.04212488938,-0.01281008067,-0.21,0.04209163297,-0.01280057667,-0.2099557338,5.617661391e-05
3.233,0.04216453387,-0.012833315,-0.21,0.04213122406,-0.01282380313,-0.2099556906,5.624356633e-05
3.234,0.04220391202,-0.01285652906,-0.21,0.04217054917,-0.01284700934,-0.2099556477,5.631011015e-05
3.235,0.04224302359,-0.01287972283,-0.21,0.04220960806,-0.01287019528,-0.2099556051,5.637624406e-05
3.236,0.04228186833,-0.01290289625,-0.21,0.04224840047,-0.0128933609,-0.2099555627,5.644196674e-05
3.237,0.042320446,-0.0129260493,-0.21,0.04228692617,-0.01291650617,-0.2099555205,5.650727689e-05
3.238,0.04235875635,-0.01294918194,-0.21,0.04232518491,-0.01293963104,-0.2099554787,5.657217322e-05
3.239,0.04239679913,-0.01297229412,-0.21,0.04236317645,-0.0129627355,-0.209955437,5.663665445e-05
3.24,0.04243457412,-0.01299538583,-0.21,0.04240090055,-0.01298581949,-0.2099553957,5.670071929e-05
3.241,0.04247208106,-0.01301845701,-0.21,0.04243835697,-0.01300888298,-0.2099553545,5.676436649e-05
3.242,0.04250931973,-0.01304150763,-0.21,0.04247554547,-0.01303192594,-0.2099553137,5.682759476e-05
3.243,0.04254628988,-0.01306453766,-0.21,0.04251246583,-0.01305494832,-0.2099552731,5.689040287e-05
3.244,0.04258299129,-0.01308754706,-0.21,0.04254911781,-0.0130779501,-0.2099552328,5.695278957e-05
3.245,0.04261942372,-0.01311053579,-0.21,0.04258550118,-0.01310093123,-0.2099551927,5.701475362e-05
3.246,0.04265558695,-0.01313350382,-0.21,0.0426216157,-0.01312389168,-0.2099551529,5.707629379e-05
3.247,0.04269148074,-0.01315645111,-0.21,0.04265746116,-0.01314683141,-0.2099551133,5.713740886e-05
3.248,0.04272710487,-0.01317937762,-0.21,0.04269303732,-0.01316975039,-0.209955074,5.719809763e-05
3.249,0.04276245911,-0.01320228332,-0.21,0.04272834396,-0.01319264858,-0.209955035,5.725835887e-05
3.25,0.04279754323,-0.01322516818,-0.21,0.04276338087,-0.01321552594,-0.2099549963,5.73181914e-05
3.251,0.04283235703,-0.01324803215,-0.21,0.04279814781,-0.01323838244,-0.2099549578,5.737759404e-05
3.252,0.04286690027,-0.01327087519,-0.21,0.04283264456,-0.01326121804,-0.2099549196,5.743656559e-05
3.253,0.04290117274,-0.01329369728,-0.21,0.04286687092,-0.01328403271,-0.2099548816,5.749510489e-05
3.254,0.04293517423,-0.01331649838,-0.21,0.04290082667,-0.0133068264,-0.2099548439,5.755321077e-05
3.255,0.04296890451,-0.01333927845,-0.21,0.04293451159,-0.01332959909,-0.2099548065,5.761088209e-05
3.256,0.04300236338,-0.01336203746,-0.21,0.04296792546,-0.01335235073,-0.2099547694,5.766811769e-05
3.257,0.04303555062,-0.01338477536,-0.21,0.04300106809,-0.01337508129,-0.2099547325,5.772491644e-05
3.258,0.04306846603,-0.01340749213,-0.21,0.04303393925,-0.01339779074,-0.2099546959,5.778127719e-05
3.259,0.04310110939,-0.01343018773,-0.21,0.04306653875,-0.01342047903,-0.2099546596,5.783719884e-05
3.26,0.04313348051,-0.01345286212,-0.21,0.04309886638,-0.01344314614,-0.2099546235,5.789268028e-05
3.261,0.04316557916,-0.01347551526,-0.21,0.04313092193,-0.01346579203,-0.2099545877,5.794772039e-05
3.262,0.04319740516,-0.01349814713,-0.21,0.0431627052,-0.01348841665,-0.2099545522,5.800231808e-05
3.263,0.04322895831,-0.01352075768,-0.21,0.04319421599,-0.01351101998,-0.209954517,5.805647227e-05
3.264,0.04326023839,-0.01354334688,-0.21,0.0432254541,-0.01353360198,-0.2099544821,5.811018188e-05
3.265,0.04329124522,-0.01356591469,-0.21,0.04325641935,-0.01355616261,-0.2099544474,5.816344583e-05
3.266,0.0433219786,-0.01358846108,-0.21,0.04328711152,-0.01357870184,-0.209954413,5.821626307e-05
3.267,0.04335243833,-0.01361098601,-0.21,0.04331753043,-0.01360121963,-0.2099543788,5.826863253e-05
3.268,0.04338262423,-0.01363348945,-0.21,0.04334767588,-0.01362371594,-0.209954345,5.832055318e-05
3.269,0.0434125361,-0.01365597135,-0.21,0.04337754769,-0.01364619075,-0.2099543114,5.837202398e-05
3.27,0.04344217375,-0.0136784317,-0.21,0.04340714567,-0.01366864401,-0.2099542782,5.842304391e-05
3.271,0.04347153699,-0.01370087044,-0.21,0.04343646963,-0.01369107569,-0.2099542452,5.847361194e-05
3.272,0.04350062565,-0.01372328755,-0.21,0.04346551938,-0.01371348575,-0.2099542124,5.852372708e-05
3.273,0.04352943953,-0.01374568299,-0.21,0.04349429475,-0.01373587416,-0.20995418,5.857338831e-05
3.274,0.04355797846,-0.01376805672,-0.21,0.04352279555,-0.01375824089,-0.2099541478,5.862259464e-05
3.275,0.04358624225,-0.01379040871,-0.21,0.0435510216,-0.01378058589,-0.209954116,5.86713451e-05
3.276,0.04361423073,-0.01381273892,-0.21,0.04357897273,-0.01380290913,-0.2099540844,5.871963871e-05
3.277,0.04364194371,-0.01383504732,-0.21,0.04360664875,-0.01382521058,-0.2099540531,5.876747451e-05
3.278,0.04366938103,-0.01385733387,-0.21,0.0436340495,-0.0138474902,-0.2099540221,5.881485152e-05
3.279,0.04369654251,-0.01387959854,-0.21,0.0436611748,-0.01386974795,-0.2099539913,5.886176882e-05
3.28,0.04372342798,-0.01390184129,-0.21,0.04368802448,-0.0138919838,-0.2099539609,5.890822546e-05
3.281,0.04375003727,-0.01392406209,-0.21,0.04371459837,-0.01391419772,-0.2099539307,5.895422051e-05
3.282,0.04377637021,-0.01394626091,-0.21,0.04374089631,-0.01393638967,-0.2099539008,5.899975307e-05
3.283,0.04380242663,-0.01396843769,-0.21,0.04376691812,-0.01395855961,-0.2099538713,5.90448222e-05
3.284,0.04382820637,-0.01399059242,-0.21,0.04379266365,-0.01398070752,-0.209953842,5.908942701e-05
3.285,0.04385370928,-0.01401272506,-0.21,0.04381813273,-0.01400283334,-0.209953813,5.913356661e-05
3.286,0.04387893517,-0.01403483557,-0.21,0.0438433252,-0.01402493706,-0.2099537843,5.917724012e-05
3.287,0.04390388391,-0.01405692392,-0.21,0.0438682409,-0.01404701863,-0.2099537558,5.922044665e-05
3.288,0.04392855532,-0.01407899006,-0.21,0.04389287968,-0.01406907802,-0.2099537277,5.926318535e-05
3.289,0.04395294926,-0.01410103398,-0.21,0.04391724138,-0.01409111519,-0.2099536999,5.930545535e-05
3.29,0.04397706556,-0.01412305563,-0.21,0.04394132585,-0.01411313011,-0.2099536723,5.934725584e-05
3.291,0.04400090408,-0.01414505498,-0.21,0.04396513293,-0.01413512275,-0.2099536451,5.938858603e-05
3.292,0.04402446467,-0.01416703198,-0.21,0.04398866247,-0.01415709307,-0.2099536181,5.942944512e-05
3.293,0.04404774718,-0.01418898662,-0.21,0.04401191433,-0.01417904103,-0.2099535915,5.946983235e-05
3.294,0.04407075146,-0.01421091885,-0.21,0.04403488837,-0.0142009666,-0.2099535651,5.950974694e-05
3.295,0.04409347736,-0.01423282864,-0.21,0.04405758442,-0.01422286974,-0.209953539,5.954918808e-05
3.296,0.04411592474,-0.01425471596,-0.21,0.04408000236,-0.01424475043,-0.2099535132,5.958815497e-05
3.297,0.04413809346,-0.01427658076,-0.21,0.04410214205,-0.01426660862,-0.2099534878,5.962664681e-05
3.298,0.04415998339,-0.01429842302,-0.21,0.04412400333,-0.01428844428,-0.2099534626,5.966466282e-05
3.299,0.04418159437,-0.0143202427,-0.21,0.04414558608,-0.01431025738,-0.2099534377,5.970220222e-05
3.3,0.04420292628,-0.01434203977,-0.21,0.04416689015,-0.01433204788,-0.2099534131,5.973926428e-05
3.301,0.04422397898,-0.01436381419,-0.21,0.04418791542,-0.01435381575,-0.2099533888,5.977584824e-05
3.302,0.04424475234,-0.01438556592,-0.21,0.04420866175,-0.01437556095,-0.2099533648,5.981195338e-05
3.303,0.04426524622,-0.01440729494,-0.21,0.04422912901,-0.01439728345,-0.2099533411,5.984757897e-05
3.304,0.0442854605,-0.01442900121,-0.21,0.04424931707,-0.01441898321,-0.2099533177,5.98827243e-05
3.305,0.04430539505,-0.0144506847,-0.21,0.04426922581,-0.01444066021,-0.2099532947,5.991738865e-05
3.306,0.04432504975,-0.01447234536,-0.21,0.04428885509,-0.01446231439,-0.2099532719,5.995157131e-05
3.307,0.04434442446,-0.01449398317,-0.21,0.0443082048,-0.01448394574,-0.2099532494,5.998527158e-05
3.308,0.04436351907,-0.01451559809,-0.21,0.04432727482,-0.01450555422,-0.2099532272,6.001848878e-05
3.309,0.04438233345,-0.01453719009,-0.21,0.04434606502,-0.01452713978,-0.2099532053,6.005122224e-05
3.31,0.04440086749,-0.01455875914,-0.21,0.04436457528,-0.01454870241,-0.2099531837,6.00834713e-05
3.311,0.04441912107,-0.01458030519,-0.21,0.04438280549,-0.01457024205,-0.2099531625,6.011523531e-05
3.312,0.04443709408,-0.01460182822,-0.21,0.04440075554,-0.01459175869,-0.2099531415,6.014651363e-05
3.313,0.04445478639,-0.01462332819,-0.21,0.0444184253,-0.01461325228,-0.2099531208,6.017730561e-05
3.314,0.04447219791,-0.01464480507,-0.21,0.04443581468,-0.0146347228,-0.2099531005,6.020761065e-05
3.315,0.04448932851,-0.01466625882,-0.21,0.04445292355,-0.0146561702,-0.2099530804,6.023742812e-05
3.316,0.0445061781,-0.01468768941,-0.21,0.04446975182,-0.01467759445,-0.2099530607,6.02667574e-05
3.317,0.04452274656,-0.01470909681,-0.21,0.04448629937,-0.01469899553,-0.2099530412,6.029559792e-05
3.318,0.04453903379,-0.01473048098,-0.21,0.04450256611,-0.01472037339,-0.2099530221,6.032394907e-05
3.319,0.04455503969,-0.01475184189,-0.21,0.04451855192,-0.014741728,-0.2099530033,6.03518103e-05
3.32,0.04457076416,-0.0147731795,-0.21,0.04453425671,-0.01476305933,-0.2099529847,6.037918103e-05
3.321,0.04458620709,-0.01479449379,-0.21,0.04454968039,-0.01478436734,-0.2099529665,6.04060607e-05
3.322,0.04460136839,-0.01481578471,-0.21,0.04456482284,-0.014805652,-0.2099529486,6.043244879e-05
3.323,0.04461624796,-0.01483705224,-0.21,0.04457968398,-0.01482691328,-0.209952931,6.045834475e-05
3.324,0.04463084572,-0.01485829634,-0.21,0.04459426372,-0.01484815114,-0.2099529137,6.048374805e-05
3.325,0.04464516156,-0.01487951697,-0.21,0.04460856195,-0.01486936555,-0.2099528968,6.050865818e-05
3.326,0.0446591954,-0.01490071411,-0.21,0.0446225786,-0.01489055647,-0.2099528801,6.053307463e-05
3.327,0.04467294714,-0.01492188771,-0.21,0.04463631358,-0.01491172388,-0.2099528637,6.055699691e-05
3.328,0.04468641671,-0.01494303776,-0.21,0.04464976678,-0.01493286774,-0.2099528477,6.058042454e-05
3.329,0.04469960402,-0.0149641642,-0.21,0.04466293815,-0.014953988,-0.2099528319,6.060335703e-05
3.33,0.04471250897,-0.01498526702,-0.21,0.04467582758,-0.01497508465,-0.2099528165,6.062579393e-05
3.331,0.0447251315,-0.01500634617,-0.21,0.044688435,-0.01499615765,-0.2099528014,6.064773478e-05
3.332,0.04473747152,-0.01502740162,-0.21,0.04470076032,-0.01501720696,-0.2099527866,6.066917913e-05
3.333,0.04474952896,-0.01504843335,-0.21,0.04471280348,-0.01503823256,-0.2099527721,6.069012656e-05
3.334,0.04476130373,-0.01506944131,-0.21,0.04472456439,-0.0150592344,-0.2099527579,6.071057663e-05
3.335,0.04477279576,-0.01509042547,-0.21,0.04473604299,-0.01508021245,-0.209952744,6.073052895e-05
3.336,0.04478400499,-0.01511138581,-0.21,0.04474723919,-0.01510116669,-0.2099527305,6.074998309e-05
3.337,0.04479493134,-0.01513232228,-0.21,0.04475815294,-0.01512209707,-0.2099527173,6.076893867e-05
3.338,0.04480557473,-0.01515323485,-0.21,0.04476878415,-0.01514300356,-0.2099527043,6.07873953e-05
3.339,0.04481593511,-0.0151741235,-0.21,0.04477913276,-0.01516388614,-0.2099526917,6.080535262e-05
3.34,0.04482601241,-0.01519498818,-0.21,0.04478919871,-0.01518474477,-0.2099526794,6.082281026e-05
3.341,0.04483580656,-0.01521582887,-0.21,0.04479898194,-0.01520557941,-0.2099526674,6.083976787e-05
3.342,0.04484531751,-0.01523664553,-0.21,0.04480848238,-0.01522639003,-0.2099526558,6.085622511e-05
3.343,0.04485454519,-0.01525743813,-0.21,0.04481769997,-0.01524717661,-0.2099526444,6.087218164e-05
3.344,0.04486348954,-0.01527820664,-0.21,0.04482663465,-0.0152679391,-0.2099526334,6.088763715e-05
3.345,0.04487215051,-0.01529895102,-0.21,0.04483528638,-0.01528867747,-0.2099526226,6.090259133e-05
3.346,0.04488052805,-0.01531967124,-0.21,0.04484365509,-0.01530939169,-0.2099526122,6.091704388e-05
3.347,0.04488862209,-0.01534036727,-0.21,0.04485174073,-0.01533008173,-0.2099526021,6.09309945e-05
3.348,0.04489643259,-0.01536103908,-0.21,0.04485954325,-0.01535074756,-0.2099525923,6.094444292e-05
3.349,0.0449039595,-0.01538168663,-0.21,0.0448670626,-0.01537138913,-0.2099525829,6.095738888e-05
3.35,0.04491120278,-0.01540230988,-0.21,0.04487429873,-0.01539200643,-0.2099525737,6.09698321e-05
3.351,0.04491816237,-0.01542290882,-0.21,0.04488125161,-0.01541259941,-0.2099525649,6.098177234e-05
3.352,0.04492483823,-0.0154434834,-0.21,0.04488792118,-0.01543316805,-0.2099525564,6.099320937e-05
3.353,0.04493123033,-0.01546403359,-0.21,0.0448943074,-0.0154537123,-0.2099525482,6.100414297e-05
3.354,0.04493733861,-0.01548455937,-0.21,0.04490041023,-0.01547423215,-0.2099525403,6.101457291e-05
3.355,0.04494316305,-0.01550506069,-0.21,0.04490622964,-0.01549472755,-0.2099525328,6.102449899e-05
3.356,0.0449487036,-0.01552553753,-0.21,0.04491176558,-0.01551519848,-0.2099525255,6.103392102e-05
3.357,0.04495396023,-0.01554598985,-0.21,0.04491701803,-0.0155356449,-0.2099525186,6.104283881e-05
3.358,0.0449589329,-0.01556641762,-0.21,0.04492198695,-0.01555606677,-0.209952512,6.105125219e-05
3.359,0.04496362159,-0.01558682081,-0.21,0.0449266723,-0.01557646408,-0.2099525057,6.105916098e-05
3.36,0.04496802627,-0.01560719938,-0.21,0.04493107407,-0.01559683677,-0.2099524997,6.106656505e-05
3.361,0.0449721469,-0.01562755331,-0.21,0.04493519221,-0.01561718483,-0.2099524941,6.107346426e-05
3.362,0.04497598347,-0.01564788256,-0.21,0.04493902671,-0.01563750822,-0.2099524887,6.107985845e-05
3.363,0.04497953594,-0.0156681871,-0.21,0.04494257754,-0.0156578069,-0.2099524837,6.108574753e-05
3.364,0.0449828043,-0.0156884669,-0.21,0.04494584468,-0.01567808086,-0.209952479,6.109113138e-05
3.365,0.04498578852,-0.01570872193,-0.21,0.04494882811,-0.01569833004,-0.2099524746,6.10960099e-05
3.366,0.04498848858,-0.01572895215,-0.21,0.04495152781,-0.01571855442,-0.2099524706,6.110038299e-05
3.367,0.04499090448,-0.01574915753,-0.21,0.04495394376,-0.01573875398,-0.2099524668,6.110425059e-05
3.368,0.04499303619,-0.01576933804,-0.21,0.04495607594,-0.01575892867,-0.2099524634,6.110761263e-05
3.369,0.04499488369,-0.01578949365,-0.21,0.04495792435,-0.01577907846,-0.2099524603,6.111046905e-05
3.37,0.04499644699,-0.01580962432,-0.21,0.04495948898,-0.01579920333,-0.2099524575,6.111281979e-05
3.371,0.04499772606,-0.01582973003,-0.21,0.0449607698,-0.01581930324,-0.2099524551,6.111466484e-05
3.372,0.04499872091,-0.01584981074,-0.21,0.04496176682,-0.01583937816,-0.2099524529,6.111600416e-05
3.373,0.04499943151,-0.01586986642,-0.21,0.04496248003,-0.01585942805,-0.2099524511,6.111683774e-05
3.374,0.04499985788,-0.01588989705,-0.21,0.04496290942,-0.0158794529,-0.2099524496,6.111716558e-05
3.375,0.045,-0.01590990258,-0.21,0.044963055,-0.01589945265,-0.2099524484,6.111698768e-05
3.376,0.04499985788,-0.01592988298,-0.21,0.04496291675,-0.01591942729,-0.2099524476,6.111630406e-05
3.377,0.04499943151,-0.01594983823,-0.21,0.04496249468,-0.01593937678,-0.209952447,6.111511477e-05
3.378,0.04499872091,-0.0159697683,-0.21,0.0449617888,-0.01595930108,-0.2099524468,6.111341982e-05
3.379,0.04499772606,-0.01598967314,-0.21,0.04496079911,-0.01597920018,-0.2099524469,6.111121928e-05
3.38,0.04499644699,-0.01600955274,-0.21,0.04495952561,-0.01599907403,-0.2099524473,6.11085132e-05
3.381,0.04499488369,-0.01602940705,-0.21,0.04495796831,-0.0160189226,-0.209952448,6.110530166e-05
3.382,0.04499303619,-0.01604923605,-0.21,0.04495612723,-0.01603874587,-0.2099524491,6.110158474e-05
3.383,0.04499090448,-0.01606903971,-0.21,0.04495400237,-0.0160585438,-0.2099524505,6.109736254e-05
3.384,0.04498848858,-0.01608881799,-0.21,0.04495159374,-0.01607831636,-0.2099524522,6.109263516e-05
3.385,0.04498578852,-0.01610857087,-0.21,0.04494890137,-0.01609806352,-0.2099524542,6.108740271e-05
3.386,0.0449828043,-0.01612829831,-0.21,0.04494592527,-0.01611778524,-0.2099524565,6.108166532e-05
3.387,0.04497953594,-0.01614800028,-0.21,0.04494266546,-0.0161374815,-0.2099524592,6.107542314e-05
3.388,0.04497598347,-0.01616767674,-0.21,0.04493912196,-0.01615715227,-0.2099524621,6.10686763e-05
3.389,0.0449721469,-0.01618732768,-0.21,0.04493529479,-0.01617679751,-0.2099524654,6.106142497e-05
3.39,0.04496802627,-0.01620695306,-0.21,0.04493118397,-0.01619641719,-0.209952469,6.105366932e-05
3.391,0.04496362159,-0.01622655284,-0.21,0.04492678954,-0.01621601129,-0.209952473,6.104540952e-05
3.392,0.0449589329,-0.016246127,-0.21,0.04492211151,-0.01623557976,-0.2099524772,6.103664577e-05
3.393,0.04495396023,-0.01626567551,-0.21,0.04491714993,-0.01625512259,-0.2099524818,6.102737826e-05
3.394,0.0449487036,-0.01628519833,-0.21,0.04491190481,-0.01627463973,-0.2099524867,6.101760722e-05
3.395,0.04494316305,-0.01630469543,-0.21,0.0449063762,-0.01629413116,-0.2099524919,6.100733287e-05
3.396,0.04493733861,-0.01632416678,-0.21,0.04490056412,-0.01631359685,-0.2099524974,6.099655544e-05
3.397,0.04493123033,-0.01634361236,-0.21,0.04489446862,-0.01633303677,-0.2099525033,6.098527517e-05
3.398,0.04492483823,-0.01636303213,-0.21,0.04488808974,-0.01635245088,-0.2099525095,6.097349233e-05
3.399,0.04491816237,-0.01638242606,-0.21,0.0448814275,-0.01637183915,-0.2099525159,6.096120717e-05
3.4,0.04491120278,-0.01640179412,-0.21,0.04487448197,-0.01639120156,-0.2099525227,6.094841999e-05
3.401,0.0449039595,-0.01642113627,-0.21,0.04486725317,-0.01641053807,-0.2099525299,6.093513105e-05
3.402,0.04489643259,-0.0164404525,-0.21,0.04485974115,-0.01642984865,-0.2099525373,6.092134067e-05
3.403,0.04488862209,-0.01645974277,-0.21,0.04485194597,-0.01644913328,-0.2099525451,6.090704916e-05
3.404,0.04488052805,-0.01647900704,-0.21,0.04484386767,-0.01646839191,-0.2099525532,6.089225684e-05
3.405,0.04487215051,-0.01649824529,-0.21,0.0448355063,-0.01648762453,-0.2099525616,6.087696404e-05
3.406,0.04486348954,-0.01651745749,-0.21,0.04482686192,-0.0165068311,-0.2099525703,6.08611711e-05
3.407,0.04485454519,-0.0165366436,-0.21,0.04481793457,-0.01652601159,-0.2099525793,6.084487837e-05
3.408,0.04484531751,-0.0165558036,-0.21,0.04480872432,-0.01654516596,-0.2099525887,6.082808622e-05
3.409,0.04483580656,-0.01657493746,-0.21,0.04479923123,-0.0165642942,-0.2099525983,6.081079503e-05
3.41,0.04482601241,-0.01659404514,-0.21,0.04478945534,-0.01658339627,-0.2099526083,6.079300518e-05
3.411,0.04481593511,-0.01661312662,-0.21,0.04477939674,-0.01660247213,-0.2099526186,6.077471706e-05
3.412,0.04480557473,-0.01663218186,-0.21,0.04476905547,-0.01662152176,-0.2099526292,6.075593109e-05
3.413,0.04479493134,-0.01665121084,-0.21,0.04475843161,-0.01664054513,-0.2099526402,6.073664769e-05
3.414,0.04478400499,-0.01667021353,-0.21,0.04474752521,-0.01665954221,-0.2099526514,6.071686728e-05
3.415,0.04477279576,-0.01668918989,-0.21,0.04473633636,-0.01667851297,-0.209952663,6.06965903e-05
3.416,0.04476130373,-0.01670813989,-0.21,0.04472486511,-0.01669745738,-0.2099526749,6.067581721e-05
3.417,0.04474952896,-0.01672706351,-0.21,0.04471311155,-0.0167163754,-0.2099526871,6.065454846e-05
3.418,0.04473747152,-0.01674596072,-0.21,0.04470107575,-0.01673526701,-0.2099526996,6.063278453e-05
3.419,0.0447251315,-0.01676483148,-0.21,0.04468875778,-0.01675413218,-0.2099527124,6.061052589e-05
3.42,0.04471250897,-0.01678367577,-0.21,0.04467615771,-0.01677297088,-0.2099527256,6.058777306e-05
3.421,0.04469960402,-0.01680249356,-0.21,0.04466327564,-0.01679178308,-0.2099527391,6.056452653e-05
3.422,0.04468641671,-0.01682128481,-0.21,0.04465011164,-0.01681056875,-0.2099527528,6.054078681e-05
3.423,0.04467294714,-0.0168400495,-0.21,0.04463666579,-0.01682932785,-0.2099527669,6.051655443e-05
3.424,0.0446591954,-0.01685878759,-0.21,0.04462293818,-0.01684806037,-0.2099527813,6.049182993e-05
3.425,0.04464516156,-0.01687749907,-0.21,0.04460892889,-0.01686676626,-0.2099527961,6.046661385e-05
3.426,0.04463084572,-0.01689618389,-0.21,0.04459463802,-0.0168854455,-0.2099528111,6.044090676e-05
3.427,0.04461624796,-0.01691484203,-0.21,0.04458006565,-0.01690409807,-0.2099528264,6.041470921e-05
3.428,0.04460136839,-0.01693347346,-0.21,0.04456521187,-0.01692272393,-0.2099528421,6.038802181e-05
3.429,0.04458620709,-0.01695207815,-0.21,0.04455007679,-0.01694132304,-0.2099528581,6.036084513e-05
3.43,0.04457076416,-0.01697065607,-0.21,0.04453466048,-0.01695989539,-0.2099528744,6.033317977e-05
3.431,0.04455503969,-0.01698920719,-0.21,0.04451896306,-0.01697844095,-0.209952891,6.030502635e-05
3.432,0.04453903379,-0.01700773148,-0.21,0.04450298462,-0.01699695967,-0.2099529079,6.027638548e-05
3.433,0.04452274656,-0.01702622891,-0.21,0.04448672526,-0.01701545154,-0.2099529251,6.024725781e-05
3.434,0.0445061781,-0.01704469946,-0.21,0.04447018508,-0.01703391653,-0.2099529426,6.021764397e-05
3.435,0.04448932851,-0.01706314309,-0.21,0.0444533642,-0.0170523546,-0.2099529605,6.018754463e-05
3.436,0.04447219791,-0.01708155978,-0.21,0.0444362627,-0.01707076572,-0.2099529786,6.015696044e-05
3.437,0.04445478639,-0.01709994949,-0.21,0.04441888071,-0.01708914988,-0.2099529971,6.012589208e-05
3.438,0.04443709408,-0.0171183122,-0.21,0.04440121832,-0.01710750703,-0.2099530159,6.009434024e-05
3.439,0.04441912107,-0.01713664788,-0.21,0.04438327566,-0.01712583715,-0.209953035,6.006230561e-05
3.44,0.04440086749,-0.0171549565,-0.21,0.04436505284,-0.01714414021,-0.2099530543,6.00297889e-05
3.441,0.04438233345,-0.01717323802,-0.21,0.04434654996,-0.01716241618,-0.2099530741,5.999679083e-05
3.442,0.04436351907,-0.01719149243,-0.21,0.04432776715,-0.01718066504,-0.2099530941,5.996331214e-05
3.443,0.04434442446,-0.01720971969,-0.21,0.04430870453,-0.01719888675,-0.2099531144,5.992935355e-05
3.444,0.04432504975,-0.01722791978,-0.21,0.04428936221,-0.01721708128,-0.209953135,5.989491582e-05
3.445,0.04430539505,-0.01724609265,-0.21,0.04426974032,-0.01723524861,-0.2099531559,5.985999971e-05
3.446,0.0442854605,-0.0172642383,-0.21,0.04424983898,-0.0172533887,-0.2099531772,5.982460598e-05
3.447,0.04426524622,-0.01728235668,-0.21,0.04422965831,-0.01727150154,-0.2099531987,5.978873543e-05
3.448,0.04424475234,-0.01730044777,-0.21,0.04420919845,-0.01728958708,-0.2099532206,5.975238884e-05
3.449,0.04422397898,-0.01731851154,-0.21,0.04418845953,-0.01730764531,-0.2099532427,5.971556702e-05
3.45,0.04420292628,-0.01733654796,-0.21,0.04416744166,-0.01732567618,-0.2099532652,5.967827077e-05
3.451,0.04418159437,-0.01735455701,-0.21,0.04414614499,-0.01734367968,-0.209953288,5.964050092e-05
3.452,0.04415998339,-0.01737253865,-0.21,0.04412456965,-0.01736165578,-0.209953311,5.960225831e-05
3.453,0.04413809346,-0.01739049286,-0.21,0.04410271578,-0.01737960445,-0.2099533344,5.956354378e-05
3.454,0.04411592474,-0.0174084196,-0.21,0.04408058351,-0.01739752565,-0.2099533581,5.952435819e-05
3.455,0.04409347736,-0.01742631885,-0.21,0.04405817298,-0.01741541936,-0.2099533821,5.948470239e-05
3.456,0.04407075146,-0.01744419059,-0.21,0.04403548434,-0.01743328556,-0.2099534063,5.944457727e-05
3.457,0.04404774718,-0.01746203478,-0.21,0.04401251772,-0.01745112421,-0.2099534309,5.940398371e-05
3.458,0.04402446467,-0.01747985139,-0.21,0.04398927328,-0.01746893528,-0.2099534558,5.936292261e-05
3.459,0.04400090408,-0.01749764041,-0.21,0.04396575115,-0.01748671875,-0.209953481,5.932139487e-05
3.46,0.04397706556,-0.01751540179,-0.21,0.04394195149,-0.01750447459,-0.2099535065,5.927940142e-05
3.461,0.04395294926,-0.01753313551,-0.21,0.04391787445,-0.01752220278,-0.2099535323,5.923694317e-05
3.462,0.04392855532,-0.01755084154,-0.21,0.04389352018,-0.01753990327,-0.2099535584,5.919402107e-05
3.463,0.04390388391,-0.01756851986,-0.21,0.04386888882,-0.01755757605,-0.2099535848,5.915063606e-05
3.464,0.04387893517,-0.01758617043,-0.21,0.04384398055,-0.01757522109,-0.2099536114,5.91067891e-05
3.465,0.04385370928,-0.01760379324,-0.21,0.04381879551,-0.01759283836,-0.2099536384,5.906248116e-05
3.466,0.04382820637,-0.01762138824,-0.21,0.04379333386,-0.01761042783,-0.2099536657,5.901771323e-05
3.467,0.04380242663,-0.01763895542,-0.21,0.04376759577,-0.01762798947,-0.2099536933,5.897248629e-05
3.468,0.04377637021,-0.01765649475,-0.21,0.04374158139,-0.01764552326,-0.2099537211,5.892680133e-05
3.469,0.04375003727,-0.01767400619,-0.21,0.04371529089,-0.01766302917,-0.2099537493,5.888065937e-05
3.47,0.04372342798,-0.01769148972,-0.21,0.04368872443,-0.01768050717,-0.2099537778,5.883406141e-05
3.471,0.04369654251,-0.01770894532,-0.21,0.04366188219,-0.01769795723,-0.2099538065,5.878700846e-05
3.472,0.04366938103,-0.01772637295,-0.21,0.04363476433,-0.01771537933,-0.2099538356,5.873950151e-05
3.473,0.04364194371,-0.01774377259,-0.21,0.04360737102,-0.01773277343,-0.2099538649,5.869154155e-05
3.474,0.04361423073,-0.01776114421,-0.21,0.04357970244,-0.01775013952,-0.2099538946,5.864312962e-05
3.475,0.04358624225,-0.01777848778,-0.21,0.04355175876,-0.01776747756,-0.2099539245,5.859426678e-05
3.476,0.04355797846,-0.01779580328,-0.21,0.04352354016,-0.01778478752,-0.2099539547,5.85449541e-05
3.477,0.04352943953,-0.01781309067,-0.21,0.04349504681,-0.01780206938,-0.2099539852,5.849519268e-05
3.478,0.04350062565,-0.01783034994,-0.21,0.04346627889,-0.01781932311,-0.209954016,5.844498361e-05
3.479,0.04347153699,-0.01784758104,-0.21,0.04343723658,-0.01783654869,-0.2099540471,5.839432803e-05
3.48,0.04344217375,-0.01786478397,-0.21,0.04340792008,-0.01785374608,-0.2099540785,5.834322702e-05
3.481,0.0434125361,-0.01788195868,-0.21,0.04337832956,-0.01787091526,-0.2099541102,5.829168171e-05
3.482,0.04338262423,-0.01789910516,-0.21,0.0433484652,-0.0178880562,-0.2099541421,5.823969324e-05
3.483,0.04335243833,-0.01791622337,-0.21,0.04331832721,-0.01790516888,-0.2099541744,5.818726274e-05
3.484,0.0433219786,-0.01793331329,-0.21,0.04328791576,-0.01792225327,-0.2099542069,5.813439137e-05
3.485,0.04329124522,-0.01795037489,-0.21,0.04325723105,-0.01793930933,-0.2099542397,5.808108029e-05
3.486,0.04326023839,-0.01796740814,-0.21,0.04322627327,-0.01795633706,-0.2099542728,5.802733068e-05
3.487,0.04322895831,-0.01798441302,-0.21,0.04319504262,-0.0179733364,-0.2099543062,5.797314375e-05
3.488,0.04319740516,-0.0180013895,-0.21,0.0431635393,-0.01799030735,-0.2099543399,5.791852067e-05
3.489,0.04316557916,-0.01801833756,-0.21,0.0431317635,-0.01800724987,-0.2099543739,5.786346268e-05
3.49,0.04313348051,-0.01803525716,-0.21,0.04309971542,-0.01802416394,-0.2099544081,5.780797098e-05
3.491,0.04310110939,-0.01805214828,-0.21,0.04306739526,-0.01804104953,-0.2099544426,5.775204678e-05
3.492,0.04306846603,-0.01806901089,-0.21,0.04303480324,-0.01805790661,-0.2099544774,5.769569133e-05
3.493,0.04303555062,-0.01808584497,-0.21,0.04300193955,-0.01807473516,-0.2099545125,5.763890587e-05
3.494,0.04300236338,-0.01810265049,-0.21,0.0429688044,-0.01809153514,-0.2099545479,5.758169166e-05
3.495,0.04296890451,-0.01811942743,-0.21,0.042935398,-0.01810830655,-0.2099545835,5.752404997e-05
3.496,0.04293517423,-0.01813617575,-0.21,0.04290172056,-0.01812504933,-0.2099546195,5.746598207e-05
3.497,0.04290117274,-0.01815289543,-0.21,0.0428677723,-0.01814176348,-0.2099546557,5.740748927e-05
3.498,0.04286690027,-0.01816958645,-0.21,0.04283355342,-0.01815844897,-0.2099546921,5.734857283e-05
3.499,0.04283235703,-0.01818624877,-0.21,0.04279906415,-0.01817510576,-0.2099547289,5.728923408e-05
3.5,0.04279754323,-0.01820288237,-0.21,0.04276430469,-0.01819173383,-0.2099547659,5.722947434e-05
3.501,0.04276245911,-0.01821948723,-0.21,0.04272927528,-0.01820833316,-0.2099548032,5.716929492e-05
3.502,0.04272710487,-0.01823606332,-0.21,0.04269397612,-0.01822490371,-0.2099548408,5.710869716e-05
3.503,0.04269148074,-0.01825261061,-0.21,0.04265840745,-0.01824144547,-0.2099548787,5.70476824e-05
3.504,0.04265558695,-0.01826912908,-0.21,0.04262256948,-0.01825795841,-0.2099549168,5.6986252e-05
3.505,0.04261942372,-0.0182856187,-0.21,0.04258646245,-0.01827444249,-0.2099549552,5.692440733e-05
3.506,0.04258299129,-0.01830207944,-0.21,0.04255008657,-0.01829089771,-0.2099549939,5.686214976e-05
3.507,0.04254628988,-0.01831851128,-0.21,0.04251344209,-0.01830732402,-0.2099550328,5.679948067e-05
3.508,0.04250931973,-0.0183349142,-0.21,0.04247652923,-0.0183237214,-0.209955072,5.673640146e-05
3.509,0.04247208106,-0.01835128816,-0.21,0.04243934822,-0.01834008983,-0.2099551115,5.667291354e-05
3.51,0.04243457412,-0.01836763314,-0.21,0.04240189929,-0.01835642928,-0.2099551512,5.66090183e-05
3.511,0.04239679913,-0.01838394912,-0.21,0.04236418269,-0.01837273973,-0.2099551913,5.654471718e-05
3.512,0.04235875635,-0.01840023606,-0.21,0.04232619865,-0.01838902114,-0.2099552316,5.648001161e-05
3.513,0.042320446,-0.01841649395,-0.21,0.04228794742,-0.0184052735,-0.2099552721,5.641490302e-05
3.514,0.04228186833,-0.01843272276,-0.21,0.04224942922,-0.01842149678,-0.2099553129,5.634939287e-05
3.515,0.04224302359,-0.01844892246,-0.21,0.04221064431,-0.01843769095,-0.209955354,5.628348263e-05
3.516,0.04220391202,-0.01846509303,-0.21,0.04217159293,-0.01845385599,-0.2099553953,5.621717376e-05
3.517,0.04216453387,-0.01848123443,-0.21,0.04213227532,-0.01846999186,-0.2099554369,5.615046775e-05
3.518,0.04212488938,-0.01849734666,-0.21,0.04209269173,-0.01848609856,-0.2099554788,5.608336607e-05
3.519,0.04208497881,-0.01851342967,-0.21,0.04205284242,-0.01850217604,-0.2099555209,5.601587024e-05
3.52,0.04204480241,-0.01852948345,-0.21,0.04201272763,-0.01851822429,-0.2099555633,5.594798176e-05
3.521,0.04200436043,-0.01854550796,-0.21,0.04197234762,-0.01853424329,-0.209955606,5.587970215e-05
3.522,0.04196365313,-0.0185615032,-0.21,0.04193170264,-0.01855023299,-0.2099556489,5.581103294e-05
3.523,0.04192268076,-0.01857746912,-0.21,0.04189079294,-0.01856619338,-0.2099556921,5.574197566e-05
3.524,0.04188144359,-0.0185934057,-0.21,0.0418496188,-0.01858212444,-0.2099557355,5.567253185e-05
3.525,0.04183994186,-0.01860931292,-0.21,0.04180818045,-0.01859802614,-0.2099557792,5.560270307e-05
3.526,0.04179817586,-0.01862519076,-0.21,0.04176647817,-0.01861389845,-0.2099558231,5.55324909e-05
3.527,0.04175614584,-0.01864103918,-0.21,0.04172451222,-0.01862974135,-0.2099558673,5.546189691e-05
3.528,0.04171385206,-0.01865685817,-0.21,0.04168228286,-0.01864555482,-0.2099559117,5.539092268e-05
3.529,0.04167129479,-0.01867264769,-0.21,0.04163979037,-0.01866133882,-0.2099559564,5.53195698e-05
3.53,0.04162847431,-0.01868840773,-0.21,0.041597035,-0.01867709334,-0.2099560014,5.524783988e-05
3.531,0.04158539087,-0.01870413826,-0.21,0.04155401702,-0.01869281835,-0.2099560466,5.517573452e-05
3.532,0.04154204477,-0.01871983925,-0.21,0.04151073672,-0.01870851382,-0.209956092,5.510325536e-05
3.533,0.04149843626,-0.01873551068,-0.21,0.04146719435,-0.01872417973,-0.2099561377,5.503040401e-05
3.534,0.04145456562,-0.01875115252,-0.21,0.0414233902,-0.01873981606,-0.2099561837,5.495718213e-05
3.535,0.04141043313,-0.01876676476,-0.21,0.04137932454,-0.01875542277,-0.2099562299,5.488359136e-05
3.536,0.04136603907,-0.01878234735,-0.21,0.04133499765,-0.01877099985,-0.2099562763,5.480963336e-05
3.537,0.04132138373,-0.01879790029,-0.21,0.04129040981,-0.01878654728,-0.209956323,5.47353098e-05
3.538,0.04127646737,-0.01881342355,-0.21,0.0412455613,-0.01880206502,-0.2099563699,5.466062235e-05
3.539,0.04123129029,-0.01882891709,-0.21,0.0412004524,-0.01881755305,-0.2099564171,5.458557271e-05
3.54,0.04118585277,-0.0188443809,-0.21,0.0411550834,-0.01883301135,-0.2099564645,5.451016257e-05
3.541,0.0411401551,-0.01885981495,-0.21,0.04110945458,-0.0188484399,-0.2099565122,5.443439363e-05
3.542,0.04109419756,-0.01887521923,-0.21,0.04106356623,-0.01886383866,-0.2099565601,5.43582676e-05
3.543,0.04104798045,-0.01889059369,-0.21,0.04101741864,-0.01887920762,-0.2099566082,5.428178622e-05
3.544,0.04100150406,-0.01890593832,-0.21,0.0409710121,-0.01889454674,-0.2099566566,5.42049512e-05
3.545,0.04095476868,-0.0189212531,-0.21,0.0409243469,-0.01890985602,-0.2099567052,5.412776431e-05
3.546,0.04090777461,-0.018936538,-0.21,0.04087742334,-0.01892513541,-0.2099567541,5.40502273e-05
3.547,0.04086052214,-0.018951793,-0.21,0.04083024171,-0.01894038491,-0.2099568032,5.397234191e-05
3.548,0.04081301158,-0.01896701807,-0.21,0.04078280232,-0.01895560448,-0.2099568525,5.389410992e-05
3.549,0.04076524322,-0.01898221318,-0.21,0.04073510545,-0.0189707941,-0.2099569021,5.381553311e-05
3.55,0.04071721736,-0.01899737832,-0.21,0.04068715141,-0.01898595374,-0.2099569519,5.373661326e-05
3.551,0.04066893431,-0.01901251347,-0.21,0.04063894051,-0.01900108339,-0.2099570019,5.365735217e-05
3.552,0.04062039438,-0.01902761858,-0.21,0.04059047304,-0.01901618302,-0.2099570522,5.357775165e-05
3.553,0.04057159786,-0.01904269366,-0.21,0.04054174931,-0.0190312526,-0.2099571027,5.349781352e-05
3.554,0.04052254507,-0.01905773866,-0.21,0.04049276963,-0.01904629211,-0.2099571534,5.34175396e-05
3.555,0.04047323632,-0.01907275356,-0.21,0.04044353431,-0.01906130153,-0.2099572043,5.333693171e-05
3.556,0.04042367192,-0.01908773835,-0.21,0.04039404366,-0.01907628083,-0.2099572555,5.32559917e-05
3.557,0.04037385218,-0.01910269299,-0.21,0.04034429799,-0.01909122999,-0.2099573069,5.317472144e-05
3.558,0.04032377742,-0.01911761747,-0.21,0.04029429761,-0.01910614899,-0.2099573585,5.309312278e-05
3.559,0.04027344795,-0.01913251176,-0.21,0.04024404284,-0.0191210378,-0.2099574104,5.301119758e-05
3.56,0.04022286409,-0.01914737584,-0.21,0.040193534,-0.01913589641,-0.2099574625,5.292894774e-05
3.561,0.04017202616,-0.01916220968,-0.21,0.0401427714,-0.01915072477,-0.2099575148,5.284637513e-05
3.562,0.04012093448,-0.01917701326,-0.21,0.04009175536,-0.01916552288,-0.2099575673,5.276348165e-05
3.563,0.04006958938,-0.01919178656,-0.21,0.04004048621,-0.01918029071,-0.20995762,5.268026921e-05
3.564,0.04001799118,-0.01920652955,-0.21,0.03998896427,-0.01919502824,-0.209957673,5.259673973e-05
3.565,0.0399661402,-0.01922124221,-0.21,0.03993718987,-0.01920973544,-0.2099577262,5.251289513e-05
3.566,0.03991403677,-0.01923592452,-0.21,0.03988516332,-0.01922441228,-0.2099577796,5.242873734e-05
3.567,0.03986168122,-0.01925057645,-0.21,0.03983288496,-0.01923905876,-0.2099578332,5.23442683e-05
3.568,0.03980907389,-0.01926519799,-0.21,0.03978035512,-0.01925367484,-0.209957887,5.225948997e-05
3.569,0.0397562151,-0.0192797891,-0.21,0.03972757413,-0.01926826049,-0.2099579411,5.21744043e-05
3.57,0.03970310519,-0.01929434976,-0.21,0.03967454232,-0.01928281571,-0.2099579953,5.208901329e-05
3.571,0.03964974449,-0.01930887996,-0.21,0.03962126002,-0.01929734046,-0.2099580498,5.200331888e-05
3.572,0.03959613334,-0.01932337967,-0.21,0.03956772758,-0.01931183472,-0.2099581045,5.191732307e-05
3.573,0.03954227209,-0.01933784886,-0.21,0.03951394533,-0.01932629847,-0.2099581594,5.183102787e-05
3.574,0.03948816106,-0.01935228751,-0.21,0.03945991361,-0.01934073169,-0.2099582145,5.174443528e-05
3.575,0.0394338006,-0.01936669561,-0.21,0.03940563275,-0.01935513435,-0.2099582698,5.165754731e-05
3.576,0.03937919106,-0.01938107312,-0.21,0.03935110311,-0.01936950643,-0.2099583253,5.157036599e-05
3.577,0.03932433278,-0.01939542003,-0.21,0.03929632502,-0.01938384791,-0.209958381,5.148289334e-05
3.578,0.0392692261,-0.0194097363,-0.21,0.03924129883,-0.01939815877,-0.2099584369,5.13951314e-05
3.579,0.03921387138,-0.01942402193,-0.21,0.03918602489,-0.01941243897,-0.2099584931,5.130708226e-05
3.58,0.03915826896,-0.01943827689,-0.21,0.03913050355,-0.01942668851,-0.2099585494,5.121874794e-05
3.581,0.0391024192,-0.01945250115,-0.21,0.03907473515,-0.01944090736,-0.2099586059,5.113013052e-05
3.582,0.03904632244,-0.01946669469,-0.21,0.03901872005,-0.01945509549,-0.2099586627,5.104123209e-05
3.583,0.03898997905,-0.01948085749,-0.21,0.0389624586,-0.01946925288,-0.2099587196,5.095205471e-05
3.584,0.03893338937,-0.01949498952,-0.21,0.03890595116,-0.01948337952,-0.2099587768,5.086260051e-05
3.585,0.03887655377,-0.01950909078,-0.21,0.03884919807,-0.01949747537,-0.2099588341,5.077287158e-05
3.586,0.03881947261,-0.01952316122,-0.21,0.03879219971,-0.01951154042,-0.2099588916,5.068287003e-05
3.587,0.03876214624,-0.01953720084,-0.21,0.03873495643,-0.01952557465,-0.2099589493,5.059259798e-05
3.588,0.03870457503,-0.0195512096,-0.21,0.03867746858,-0.01953957803,-0.2099590073,5.050205758e-05
3.589,0.03864675933,-0.01956518749,-0.21,0.03861973654,-0.01955355054,-0.2099590654,5.041125095e-05
3.59,0.03858869953,-0.01957913448,-0.21,0.03856176067,-0.01956749215,-0.2099591237,5.032018026e-05
3.591,0.03853039598,-0.01959305055,-0.21,0.03850354132,-0.01958140286,-0.2099591822,5.022884767e-05
3.592,0.03847184904,-0.01960693569,-0.21,0.03844507888,-0.01959528262,-0.2099592408,5.013725534e-05
3.593,0.0384130591,-0.01962078986,-0.21,0.0383863737,-0.01960913143,-0.2099592997,5.004540544e-05
3.594,0.03835402652,-0.01963461305,-0.21,0.03832742616,-0.01962294926,-0.2099593588,4.995330018e-05
3.595,0.03829475168,-0.01964840523,-0.21,0.03826823664,-0.01963673609,-0.209959418,4.986094174e-05
3.596,0.03823523495,-0.01966216639,-0.21,0.03820880549,-0.0196504919,-0.2099594775,4.976833233e-05
3.597,0.0381754767,-0.01967589649,-0.21,0.0381491331,-0.01966421666,-0.2099595371,4.967547415e-05
3.598,0.03811547731,-0.01968959553,-0.21,0.03808921984,-0.01967791036,-0.2099595969,4.958236945e-05
3.599,0.03805523717,-0.01970326347,-0.21,0.0380290661,-0.01969157297,-0.2099596568,4.948902044e-05
3.6,0.03799475665,-0.0197169003,-0.21,0.03796867225,-0.01970520447,-0.209959717,4.939542939e-05
3.601,0.03793403613,-0.01973050599,-0.21,0.03790803866,-0.01971880484,-0.2099597773,4.930159852e-05
3.602,0.037873076,-0.01974408053,-0.21,0.03784716574,-0.01973237406,-0.2099598379,4.920753011e-05
3.603,0.03781187665,-0.01975762389,-0.21,0.03778605384,-0.0197459121,-0.2099598986,4.911322643e-05
3.604,0.03775043845,-0.01977113604,-0.21,0.03772470338,-0.01975941896,-0.2099599594,4.901868975e-05
3.605,0.0376887618,-0.01978461698,-0.21,0.03766311472,-0.01977289459,-0.2099600205,4.892392236e-05
3.606,0.03762684709,-0.01979806667,-0.21,0.03760128826,-0.01978633899,-0.2099600817,4.882892656e-05
3.607,0.03756469471,-0.0198114851,-0.21,0.03753922439,-0.01979975213,-0.2099601431,4.873370465e-05
3.608,0.03750230505,-0.01982487225,-0.21,0.0374769235,-0.01981313399,-0.2099602046,4.863825894e-05
3.609,0.0374396785,-0.01983822808,-0.21,0.03741438598,-0.01982648455,-0.2099602664,4.854259177e-05
3.61,0.03737681546,-0.01985155259,-0.21,0.03735161222,-0.01983980379,-0.2099603283,4.844670548e-05
3.611,0.03731371634,-0.01986484576,-0.21,0.03728860263,-0.01985309169,-0.2099603903,4.835060241e-05
3.612,0.03725038151,-0.01987810755,-0.21,0.0372253576,-0.01986634822,-0.2099604526,4.825428491e-05
3.613,0.0371868114,-0.01989133795,-0.21,0.03716187753,-0.01987957338,-0.209960515,4.815775535e-05
3.614,0.03712300639,-0.01990453695,-0.21,0.03709816281,-0.01989276712,-0.2099605776,4.806101608e-05
3.615,0.03705896689,-0.0199177045,-0.21,0.03703421386,-0.01990592944,-0.2099606403,4.796406949e-05
3.616,0.03699469331,-0.01993084061,-0.21,0.03697003107,-0.01991906032,-0.2099607032,4.786691798e-05
3.617,0.03693018605,-0.01994394525,-0.21,0.03690561485,-0.01993215972,-0.2099607662,4.776956394e-05
3.618,0.03686544552,-0.01995701838,-0.21,0.0368409656,-0.01994522764,-0.2099608294,4.767200979e-05
3.619,0.03680047213,-0.01997006001,-0.21,0.03677608374,-0.01995826406,-0.2099608928,4.757425794e-05
3.62,0.03673526628,-0.0199830701,-0.21,0.03671096967,-0.01997126894,-0.2099609563,4.747631084e-05
3.621,0.0366698284,-0.01999604863,-0.21,0.0366456238,-0.01998424228,-0.20996102,4.737817091e-05
3.622,0.03660415889,-0.02000899559,-0.21,0.03658004654,-0.01999718404,-0.2099610839,4.727984058e-05
3.623,0.03653825816,-0.02002191095,-0.21,0.03651423831,-0.02001009422,-0.2099611479,4.718132233e-05
3.624,0.03647212664,-0.02003479469,-0.21,0.03644819953,-0.02002297278,-0.209961212,4.708261864e-05
3.625,0.03640576475,-0.02004764679,-0.21,0.0363819306,-0.02003581972,-0.2099612763,4.698373198e-05
3.626,0.03633917289,-0.02006046724,-0.21,0.03631543195,-0.02004863501,-0.2099613407,4.688466481e-05
3.627,0.0362723515,-0.02007325601,-0.21,0.036248704,-0.02006141862,-0.2099614053,4.678541966e-05
3.628,0.03620530099,-0.02008601308,-0.21,0.03618174717,-0.02007417054,-0.2099614701,4.668599901e-05
3.629,0.03613802179,-0.02009873843,-0.21,0.03611456187,-0.02008689076,-0.209961535,4.658640537e-05
3.63,0.03607051432,-0.02011143204,-0.21,0.03604714854,-0.02009957924,-0.2099616,4.648664129e-05
3.631,0.03600277901,-0.0201240939,-0.21,0.03597950759,-0.02011223597,-0.2099616652,4.63867093e-05
3.632,0.03593481629,-0.02013672397,-0.21,0.03591163947,-0.02012486093,-0.2099617305,4.628661194e-05
3.633,0.03586662658,-0.02014932225,-0.21,0.03584354458,-0.02013745411,-0.209961796,4.618635177e-05
3.634,0.03579821032,-0.02016188871,-0.21,0.03577522337,-0.02015001547,-0.2099618616,4.608593134e-05
3.635,0.03572956794,-0.02017442333,-0.21,0.03570667626,-0.020162545,-0.2099619273,4.598535324e-05
3.636,0.03566069987,-0.02018692609,-0.21,0.03563790368,-0.02017504268,-0.2099619932,4.588462006e-05
3.637,0.03559160655,-0.02019939697,-0.21,0.03556890608,-0.02018750849,-0.2099620592,4.578373438e-05
3.638,0.03552228841,-0.02021183596,-0.21,0.03549968387,-0.02019994242,-0.2099621254,4.568269881e-05
3.639,0.0354527459,-0.02022424303,-0.21,0.03543023751,-0.02021234443,-0.2099621917,4.558151595e-05
3.64,0.03538297945,-0.02023661816,-0.21,0.03536056743,-0.02022471452,-0.2099622581,4.548018845e-05
3.641,0.03531298949,-0.02024896134,-0.21,0.03529067407,-0.02023705266,-0.2099623246,4.537871893e-05
3.642,0.03524277649,-0.02026127254,-0.21,0.03522055787,-0.02024935883,-0.2099623913,4.527711005e-05
3.643,0.03517234087,-0.02027355174,-0.21,0.03515021926,-0.02026163302,-0.2099624581,4.517536444e-05
3.644,0.03510168308,-0.02028579893,-0.21,0.0350796587,-0.0202738752,-0.2099625251,4.507348477e-05
3.645,0.03503080357,-0.02029801409,-0.21,0.03500887664,-0.02028608535,-0.2099625921,4.497147373e-05
3.646,0.03495970279,-0.02031019719,-0.21,0.03493787351,-0.02029826347,-0.2099626593,4.486933402e-05
3.647,0.03488838118,-0.02032234822,-0.21,0.03486664976,-0.02031040952,-0.2099627266,4.476706831e-05
3.648,0.0348168392,-0.02033446716,-0.21,0.03479520584,-0.02032252349,-0.2099627941,4.466467931e-05
3.649,0.0347450773,-0.02034655398,-0.21,0.03472354221,-0.02033460535,-0.2099628616,4.456216975e-05
3.65,0.03467309592,-0.02035860868,-0.21,0.03465165932,-0.0203466551,-0.2099629293,4.445954234e-05
3.651,0.03460089554,-0.02037063123,-0.21,0.03457955761,-0.02035867271,-0.2099629971,4.435679985e-05
3.652,0.03452847659,-0.02038262161,-0.21,0.03450723755,-0.02037065816,-0.209963065,4.4253945e-05
3.653,0.03445583955,-0.0203945798,-0.21,0.03443469959,-0.02038261143,-0.2099631331,4.415098055e-05
3.654,0.03438298486,-0.02040650579,-0.21,0.03436194419,-0.02039453251,-0.2099632012,4.404790927e-05
3.655,0.034309913,-0.02041839955,-0.21,0.0342889718,-0.02040642137,-0.2099632695,4.394473394e-05
3.656,0.03423662441,-0.02043026107,-0.21,0.03421578289,-0.020418278,-0.2099633379,4.384145737e-05
3.657,0.03416311956,-0.02044209033,-0.21,0.03414237792,-0.02043010238,-0.2099634064,4.373808237e-05
3.658,0.03408939892,-0.0204538873,-0.21,0.03406875735,-0.02044189449,-0.209963475,4.363461172e-05
3.659,0.03401546296,-0.02046565198,-0.21,0.03399492164,-0.02045365431,-0.2099635437,4.353104827e-05
3.66,0.03394131213,-0.02047738434,-0.21,0.03392087127,-0.02046538182,-0.2099636125,4.342739485e-05
3.661,0.03386694692,-0.02048908436,-0.21,0.03384660669,-0.02047707701,-0.2099636814,4.332365429e-05
3.662,0.03379236778,-0.02050075203,-0.21,0.03377212838,-0.02048873986,-0.2099637505,4.321982946e-05
3.663,0.03371757519,-0.02051238732,-0.21,0.03369743681,-0.02050037034,-0.2099638196,4.311592321e-05
3.664,0.03364256962,-0.02052399023,-0.21,0.03362253245,-0.02051196844,-0.2099638888,4.301193845e-05
3.665,0.03356735154,-0.02053556072,-0.21,0.03354741576,-0.02052353414,-0.2099639582,4.290787806e-05
3.666,0.03349192144,-0.02054709878,-0.21,0.03347208723,-0.02053506743,-0.2099640276,4.280374494e-05
3.667,0.03341627978,-0.0205586044,-0.21,0.03339654733,-0.02054656828,-0.2099640972,4.269954199e-05
3.668,0.03334042705,-0.02057007755,-0.21,0.03332079653,-0.02055803667,-0.2099641668,4.259527215e-05
3.669,0.03326436372,-0.02058151822,-0.21,0.03324483532,-0.0205694726,-0.2099642365,4.249093835e-05
3.67,0.03318809028,-0.02059292638,-0.21,0.03316866417,-0.02058087604,-0.2099643064,4.238654354e-05
3.671,0.0331116072,-0.02060430203,-0.21,0.03309228356,-0.02059224697,-0.2099643763,4.228209067e-05
3.672,0.03303491497,-0.02061564514,-0.21,0.03301569398,-0.02060358537,-0.2099644463,4.217758273e-05
3.673,0.03295801408,-0.0206269557,-0.21,0.0329388959,-0.02061489123,-0.2099645164,4.207302267e-05
3.674,0.032880905,-0.02063823368,-0.21,0.03286188982,-0.02062616454,-0.2099645866,4.196841349e-05
3.675,0.03280358823,-0.02064947908,-0.21,0.03278467622,-0.02063740526,-0.2099646569,4.186375823e-05
3.676,0.03272606426,-0.02066069186,-0.21,0.03270725558,-0.02064861339,-0.2099647273,4.175905988e-05
3.677,0.03264833357,-0.02067187202,-0.21,0.03262962839,-0.0206597889,-0.2099647978,4.165432148e-05
3.678,0.03257039665,-0.02068301954,-0.21,0.03255179514,-0.02067093179,-0.2099648683,4.154954604e-05
3.679,0.03249225401,-0.02069413439,-0.21,0.03247375633,-0.02068204202,-0.209964939,4.144473664e-05
3.68,0.03241390612,-0.02070521657,-0.21,0.03239551245,-0.02069311959,-0.2099650097,4.133989634e-05
3.681,0.03233535349,-0.02071626604,-0.21,0.03231706399,-0.02070416448,-0.2099650805,4.123502821e-05
3.682,0.03225659661,-0.02072728281,-0.21,0.03223841144,-0.02071517667,-0.2099651513,4.113013534e-05
3.683,0.03217763598,-0.02073826684,-0.21,0.0321595553,-0.02072615613,-0.2099652223,4.102522084e-05
3.684,0.03209847211,-0.02074921813,-0.21,0.03208049606,-0.02073710287,-0.2099652933,4.092028781e-05
3.685,0.03201910547,-0.02076013665,-0.21,0.03200123424,-0.02074801685,-0.2099653644,4.081533938e-05
3.686,0.03193953659,-0.02077102238,-0.21,0.03192177032,-0.02075889806,-0.2099654356,4.071037868e-05
3.687,0.03185976597,-0.02078187532,-0.21,0.03184210481,-0.02076974648,-0.2099655069,4.060540886e-05
3.688,0.03177979409,-0.02079269544,-0.21,0.03176223821,-0.0207805621,-0.2099655782,4.05004331e-05
3.689,0.03169962148,-0.02080348272,-0.21,0.03168217103,-0.0207913449,-0.2099656496,4.039545455e-05
3.69,0.03161924864,-0.02081423715,-0.21,0.03160190376,-0.02080209487,-0.2099657211,4.029047641e-05
3.691,0.03153867607,-0.02082495872,-0.21,0.03152143692,-0.02081281197,-0.2099657927,4.01855019e-05
3.692,0.03145790429,-0.0208356474,-0.21,0.03144077102,-0.02082349621,-0.2099658643,4.00805342e-05
3.693,0.0313769338,-0.02084630317,-0.21,0.03135990655,-0.02083414756,-0.2099659359,3.997557654e-05
3.694,0.03129576512,-0.02085692603,-0.21,0.03127884404,-0.020844766,-0.2099660077,3.987063216e-05
3.695,0.03121439876,-0.02086751595,-0.21,0.03119758399,-0.02085535153,-0.2099660795,3.976570431e-05
3.696,0.03113283523,-0.02087807292,-0.21,0.03111612692,-0.02086590411,-0.2099661513,3.966079625e-05
3.697,0.03105107505,-0.02088859692,-0.21,0.03103447334,-0.02087642374,-0.2099662233,3.955591126e-05
3.698,0.03096911873,-0.02089908793,-0.21,0.03095262376,-0.0208869104,-0.2099662953,3.945105261e-05
3.699,0.0308869668,-0.02090954594,-0.21,0.0308705787,-0.02089736407,-0.2099663673,3.934622362e-05
3.7,0.03080461977,-0.02091997093,-0.21,0.03078833869,-0.02090778474,-0.2099664394,3.924142761e-05
3.701,0.03072207815,-0.02093036289,-0.21,0.03070590423,-0.02091817239,-0.2099665116,3.913666792e-05
3.702,0.03063934249,-0.02094072179,-0.21,0.03062327585,-0.020928527,-0.2099665838,3.903195343e-05
3.703,0.03055641328,-0.02095104763,-0.21,0.03054045406,-0.02093884855,-0.209966656,3.892727936e-05
3.704,0.03047329107,-0.02096134038,-0.21,0.0304574394,-0.02094913704,-0.2099667284,3.882264739e-05
3.705,0.03038997637,-0.02097160003,-0.21,0.03037423239,-0.02095939244,-0.2099668007,3.871806309e-05
3.706,0.0303064697,-0.02098182656,-0.21,0.03029083355,-0.02096961475,-0.2099668732,3.861353236e-05
3.707,0.03022277161,-0.02099201996,-0.21,0.0302072434,-0.02097980393,-0.2099669456,3.850905968e-05
3.708,0.03013888262,-0.02100218022,-0.21,0.03012346248,-0.02098995998,-0.2099670182,3.840464819e-05
3.709,0.03005480325,-0.0210123073,-0.21,0.03003949131,-0.02100008288,-0.2099670907,3.830030061e-05
3.71,0.02997053403,-0.02102240121,-0.21,0.02995533042,-0.02101017262,-0.2099671633,3.819601985e-05
3.711,0.02988607551,-0.02103246191,-0.21,0.02987098034,-0.02102022917,-0.209967236,3.809180923e-05
3.712,0.02980142821,-0.02104248941,-0.21,0.02978644161,-0.02103025253,-0.2099673087,3.798767226e-05
3.713,0.02971659267,-0.02105248367,-0.21,0.02970171476,-0.02104024268,-0.2099673814,3.788361252e-05
3.714,0.02963156943,-0.02106244469,-0.21,0.02961680032,-0.02105019959,-0.2099674542,3.777963355e-05
3.715,0.02954635901,-0.02107237245,-0.21,0.02953169883,-0.02106012327,-0.209967527,3.767573888e-05
3.716,0.02946096196,-0.02108226694,-0.21,0.02944641082,-0.02107001368,-0.2099675998,3.757193205e-05
3.717,0.02937537882,-0.02109212813,-0.21,0.02936093684,-0.02107987082,-0.2099676727,3.746821665e-05
3.718,0.02928961013,-0.02110195601,-0.21,0.02927527742,-0.02108969467,-0.2099677456,3.736459621e-05
3.719,0.02920365644,-0.02111175057,-0.21,0.02918943311,-0.02109948521,-0.2099678186,3.726107432e-05
3.72,0.02911751827,-0.0211215118,-0.21,0.02910340444,-0.02110924243,-0.2099678915,3.715765452e-05
3.721,0.02903119618,-0.02113123967,-0.21,0.02901719195,-0.02111896631,-0.2099679645,3.705434037e-05
3.722,0.02894469072,-0.02114093417,-0.21,0.0289307962,-0.02112865684,-0.2099680376,3.695113549e-05
3.723,0.02885800243,-0.02115059528,-0.21,0.02884421773,-0.02113831401,-0.2099681106,3.684804347e-05
3.724,0.02877113185,-0.021160223,-0.21,0.02875745708,-0.02114793779,-0.2099681837,3.674506797e-05
3.725,0.02868407954,-0.0211698173,-0.21,0.02867051479,-0.02115752818,-0.2099682569,3.664221267e-05
3.726,0.02859684604,-0.02117937817,-0.21,0.02858339143,-0.02116708515,-0.20996833,3.653948125e-05
3.727,0.02850943192,-0.0211889056,-0.21,0.02849608754,-0.02117660869,-0.2099684032,3.643687743e-05
3.728,0.02842183771,-0.02119839957,-0.21,0.02840860366,-0.0211860988,-0.2099684764,3.633440488e-05
3.729,0.02833406397,-0.02120786006,-0.21,0.02832094036,-0.02119555544,-0.2099685496,3.623206729e-05
3.73,0.02824611126,-0.02121728706,-0.21,0.02823309818,-0.02120497861,-0.2099686228,3.612986838e-05
3.731,0.02815798013,-0.02122668055,-0.21,0.02814507768,-0.0212143683,-0.209968696,3.602781192e-05
3.732,0.02806967114,-0.02123604053,-0.21,0.02805687941,-0.02122372448,-0.2099687693,3.592590162e-05
3.733,0.02798118485,-0.02124536697,-0.21,0.02796850393,-0.02123304715,-0.2099688426,3.582414125e-05
3.734,0.02789252181,-0.02125465986,-0.21,0.0278799518,-0.02124233629,-0.2099689159,3.57225346e-05
3.735,0.02780368259,-0.02126391919,-0.21,0.02779122358,-0.02125159188,-0.2099689892,3.562108549e-05
3.736,0.02771466774,-0.02127314494,-0.21,0.02770231982,-0.02126081391,-0.2099690625,3.551979772e-05
3.737,0.02762547784,-0.0212823371,-0.21,0.02761324109,-0.02127000237,-0.2099691358,3.541867512e-05
3.738,0.02753611344,-0.02129149565,-0.21,0.02752398795,-0.02127915724,-0.2099692091,3.531772148e-05
3.739,0.0274465751,-0.02130062057,-0.21,0.02743456097,-0.0212882785,-0.2099692825,3.52169407e-05
3.74,0.0273568634,-0.02130971186,-0.21,0.0273449607,-0.02129736615,-0.2099693558,3.511633665e-05
3.741,0.02726697889,-0.0213187695,-0.21,0.02725518771,-0.02130642016,-0.2099694292,3.501591318e-05
3.742,0.02717692215,-0.02132779347,-0.21,0.02716524257,-0.02131544053,-0.2099695025,3.491567419e-05
3.743,0.02708669375,-0.02133678377,-0.21,0.02707512584,-0.02132442724,-0.2099695759,3.48156236e-05
3.744,0.02699629426,-0.02134574037,-0.21,0.0269848381,-0.02133338027,-0.2099696492,3.471576533e-05
3.745,0.02690572424,-0.02135466326,-0.21,0.02689437992,-0.02134229961,-0.2099697226,3.461610328e-05
3.746,0.02681498427,-0.02136355243,-0.21,0.02680375186,-0.02135118526,-0.209969796,3.451664142e-05
3.747,0.02672407492,-0.02137240787,-0.21,0.02671295449,-0.02136003718,-0.2099698693,3.44173837e-05
3.748,0.02663299677,-0.02138122955,-0.21,0.0266219884,-0.02136885538,-0.2099699427,3.431833412e-05
3.749,0.02654175039,-0.02139001747,-0.21,0.02653085415,-0.02137763983,-0.209970016,3.421949668e-05
3.75,0.02645033635,-0.02139877162,-0.21,0.02643955232,-0.02138639052,-0.2099700893,3.412087535e-05
3.751,0.02635875525,-0.02140749197,-0.21,0.02634808348,-0.02139510744,-0.2099701627,3.402247414e-05
3.752,0.02626700764,-0.02141617851,-0.21,0.02625644821,-0.02140379058,-0.209970236,3.392429709e-05
3.753,0.02617509412,-0.02142483124,-0.21,0.0261646471,-0.02141243991,-0.2099703093,3.382634825e-05
3.754,0.02608301527,-0.02143345014,-0.21,0.02607268071,-0.02142105544,-0.2099703826,3.372863167e-05
3.755,0.02599077165,-0.02144203518,-0.21,0.02598054964,-0.02142963713,-0.2099704559,3.363115142e-05
3.756,0.02589836387,-0.02145058637,-0.21,0.02588825445,-0.02143818499,-0.2099705292,3.353391157e-05
3.757,0.0258057925,-0.02145910369,-0.21,0.02579579574,-0.021446699,-0.2099706025,3.343691621e-05
3.758,0.02571305813,-0.02146758712,-0.21,0.02570317409,-0.02145517913,-0.2099706757,3.334016946e-05
3.759,0.02562016133,-0.02147603664,-0.21,0.02561039007,-0.02146362539,-0.2099707489,3.324367543e-05
3.76,0.02552710271,-0.02148445226,-0.21,0.02551744429,-0.02147203776,-0.2099708221,3.314743825e-05
3.761,0.02543388284,-0.02149283394,-0.21,0.02542433731,-0.02148041622,-0.2099708953,3.305146205e-05
3.762,0.02534050232,-0.02150118169,-0.21,0.02533106974,-0.02148876076,-0.2099709685,3.295575102e-05
3.763,0.02524696174,-0.02150949548,-0.21,0.02523764216,-0.02149707136,-0.2099710416,3.286030929e-05
3.764,0.02515326168,-0.02151777531,-0.21,0.02514405515,-0.02150534803,-0.2099711148,3.276514106e-05
3.765,0.02505940274,-0.02152602116,-0.21,0.02505030931,-0.02151359073,-0.2099711879,3.267025053e-05
3.766,0.02496538551,-0.02153423302,-0.21,0.02495640524,-0.02152179946,-0.2099712609,3.257564187e-05
3.767,0.02487121059,-0.02154241087,-0.21,0.02486234352,-0.02152997421,-0.209971334,3.248131931e-05
3.768,0.02477687857,-0.0215505547,-0.21,0.02476812474,-0.02153811496,-0.209971407,3.238728705e-05
3.769,0.02468239004,-0.0215586645,-0.21,0.02467374951,-0.0215462217,-0.20997148,3.229354934e-05
3.77,0.0245877456,-0.02156674025,-0.21,0.02457921841,-0.02155429441,-0.2099715529,3.220011042e-05
3.771,0.02449294586,-0.02157478195,-0.21,0.02448453205,-0.02156233309,-0.2099716259,3.210697455e-05
3.772,0.0243979914,-0.02158278958,-0.21,0.02438969101,-0.02157033773,-0.2099716988,3.201414599e-05
3.773,0.02430288284,-0.02159076313,-0.21,0.02429469591,-0.0215783083,-0.2099717716,3.192162902e-05
3.774,0.02420762076,-0.02159870258,-0.21,0.02419954733,-0.0215862448,-0.2099718444,3.182942793e-05
3.775,0.02411220577,-0.02160660793,-0.21,0.02410424589,-0.02159414721,-0.2099719172,3.1737547e-05
3.776,0.02401663848,-0.02161447915,-0.21,0.02400879217,-0.02160201553,-0.20997199,3.164599051e-05
3.777,0.02392091949,-0.02162231625,-0.21,0.02391318679,-0.02160984973,-0.2099720627,3.155476279e-05
3.778,0.0238250494,-0.0216301192,-0.21,0.02381743034,-0.02161764982,-0.2099721353,3.146386817e-05
3.779,0.02372902882,-0.02163788799,-0.21,0.02372152344,-0.02162541576,-0.209972208,3.137331099e-05
3.78,0.02363285835,-0.02164562261,-0.21,0.02362546668,-0.02163314756,-0.2099722805,3.128309555e-05
3.781,0.0235365386,-0.02165332305,-0.21,0.02352926067,-0.02164084521,-0.2099723531,3.11932262e-05
3.782,0.02344007019,-0.0216609893,-0.21,0.02343290602,-0.02164850867,-0.2099724256,3.110370729e-05
3.783,0.02334345371,-0.02166862134,-0.21,0.02333640334,-0.02165613796,-0.209972498,3.101454317e-05
3.784,0.02324668978,-0.02167621917,-0.21,0.02323975323,-0.02166373305,-0.2099725704,3.09257382e-05
3.785,0.02314977902,-0.02168378276,-0.21,0.02314295631,-0.02167129394,-0.2099726428,3.083729677e-05
3.786,0.02305272203,-0.02169131211,-0.21,0.02304601319,-0.0216788206,-0.2099727151,3.074922323e-05
3.787,0.02295551942,-0.02169880721,-0.21,0.02294892447,-0.02168631303,-0.2099727873,3.066152196e-05
3.788,0.02285817182,-0.02170626805,-0.21,0.02285169078,-0.02169377122,-0.2099728595,3.057419734e-05
3.789,0.02276067983,-0.02171369461,-0.21,0.02275431272,-0.02170119516,-0.2099729316,3.048725378e-05
3.79,0.02266304407,-0.02172108687,-0.21,0.02265679091,-0.02170858483,-0.2099730037,3.040069565e-05
3.791,0.02256526516,-0.02172844484,-0.21,0.02255912596,-0.02171594022,-0.2099730758,3.031452735e-05
3.792,0.02246734372,-0.0217357685,-0.21,0.02246131849,-0.02172326132,-0.2099731477,3.022875328e-05
3.793,0.02236928036,-0.02174305783,-0.21,0.02236336913,-0.02173054812,-0.2099732196,3.014337785e-05
3.794,0.0222710757,-0.02175031282,-0.21,0.02226527848,-0.02173780061,-0.2099732915,3.005840544e-05
3.795,0.02217273037,-0.02175753347,-0.21,0.02216704716,-0.02174501878,-0.2099733633,2.997384046e-05
3.796,0.02207424498,-0.02176471977,-0.21,0.0220686758,-0.02175220261,-0.209973435,2.988968729e-05
3.797,0.02197562016,-0.02177187169,-0.21,0.02197016502,-0.02175935209,-0.2099735067,2.980595036e-05
3.798,0.02187685653,-0.02177898923,-0.21,0.02187151543,-0.02176646722,-0.2099735783,2.972263406e-05
3.799,0.02177795471,-0.02178607238,-0.21,0.02177272767,-0.02177354797,-0.2099736498,2.963974281e-05
3.8,0.02167891533,-0.02179312113,-0.21,0.02167380234,-0.02178059435,-0.2099737213,2.955728103e-05
3.801,0.02157973902,-0.02180013546,-0.21,0.02157474009,-0.02178760634,-0.2099737927,2.94752531e-05
3.802,0.0214804264,-0.02180711536,-0.21,0.02147554153,-0.02179458392,-0.209973864,2.939366339e-05
3.803,0.02138097809,-0.02181406083,-0.21,0.02137620729,-0.02180152709,-0.2099739353,2.931251631e-05
3.804,0.02128139473,-0.02182097186,-0.21,0.02127673799,-0.02180843584,-0.2099740065,2.923181625e-05
3.805,0.02118167695,-0.02182784842,-0.21,0.02117713427,-0.02181531015,-0.2099740776,2.915156761e-05
3.806,0.02108182537,-0.02183469052,-0.21,0.02107739675,-0.02182215002,-0.2099741487,2.907177474e-05
3.807,0.02098184062,-0.02184149813,-0.21,0.02097752606,-0.02182895543,-0.2099742196,2.899244204e-05
3.808,0.02088172335,-0.02184827126,-0.21,0.02087752283,-0.02183572637,-0.2099742905,2.891357389e-05
3.809,0.02078147417,-0.02185500988,-0.21,0.0207773877,-0.02184246284,-0.2099743614,2.883517462e-05
3.81,0.02068109373,-0.02186171399,-0.21,0.02067712129,-0.02184916481,-0.2099744321,2.875724859e-05
3.811,0.02058058265,-0.02186838358,-0.21,0.02057672425,-0.02185583229,-0.2099745028,2.867980013e-05
3.812,0.02047994158,-0.02187501863,-0.21,0.02047619719,-0.02186246526,-0.2099745734,2.86028336e-05
3.813,0.02037917114,-0.02188161915,-0.21,0.02037554076,-0.02186906371,-0.2099746439,2.852635332e-05
3.814,0.02027827198,-0.0218881851,-0.21,0.02027475559,-0.02187562763,-0.2099747143,2.845036359e-05
3.815,0.02017724472,-0.0218947165,-0.21,0.02017384231,-0.02188215701,-0.2099747846,2.837486872e-05
3.816,0.02007609002,-0.02190121332,-0.21,0.02007280157,-0.02188865184,-0.2099748549,2.829987297e-05
3.817,0.01997480851,-0.02190767555,-0.21,0.01997163401,-0.02189511211,-0.209974925,2.822538063e-05
3.818,0.01987340082,-0.02191410319,-0.21,0.01987034025,-0.0219015378,-0.2099749951,2.815139601e-05
3.819,0.01977186761,-0.02192049622,-0.21,0.01976892094,-0.02190792892,-0.2099750651,2.807792329e-05
3.82,0.0196702095,-0.02192685464,-0.21,0.01966737672,-0.02191428544,-0.209975135,2.800496671e-05
3.821,0.01956842714,-0.02193317843,-0.21,0.01956570824,-0.02192060736,-0.2099752048,2.793253051e-05
3.822,0.01946652119,-0.02193946759,-0.21,0.01946391612,-0.02192689467,-0.2099752745,2.786061884e-05
3.823,0.01936449227,-0.0219457221,-0.21,0.01936200102,-0.02193314736,-0.2099753441,2.778923591e-05
3.824,0.01926234103,-0.02195194195,-0.21,0.01925996358,-0.02193936542,-0.2099754137,2.771838587e-05
3.825,0.01916006812,-0.02195812714,-0.21,0.01915780444,-0.02194554884,-0.2099754831,2.764807283e-05
3.826,0.01905767419,-0.02196427766,-0.21,0.01905552425,-0.02195169761,-0.2099755524,2.757830093e-05
3.827,0.01895515987,-0.02197039349,-0.21,0.01895312365,-0.02195781172,-0.2099756217,2.750907424e-05
3.828,0.01885252583,-0.02197647463,-0.21,0.01885060329,-0.02196389115,-0.2099756908,2.744039681e-05
3.829,0.0187497727,-0.02198252106,-0.21,0.01874796381,-0.02196993591,-0.2099757599,2.737227271e-05
3.83,0.01864690114,-0.02198853278,-0.21,0.01864520586,-0.02197594598,-0.2099758288,2.730470595e-05
3.831,0.0185439118,-0.02199450978,-0.21,0.0185423301,-0.02198192135,-0.2099758977,2.723770051e-05
3.832,0.01844080532,-0.02200045204,-0.21,0.01843933717,-0.02198786202,-0.2099759664,2.717126035e-05
3.833,0.01833758236,-0.02200635956,-0.21,0.01833622772,-0.02199376796,-0.2099760351,2.71053894e-05
3.834,0.01823424357,-0.02201223234,-0.21,0.01823300241,-0.02199963918,-0.2099761036,2.704009158e-05
3.835,0.01813078961,-0.02201807035,-0.21,0.01812966187,-0.02200547567,-0.209976172,2.697537074e-05
3.836,0.01802722112,-0.02202387359,-0.21,0.01802620677,-0.02201127741,-0.2099762403,2.691123072e-05
3.837,0.01792353876,-0.02202964205,-0.21,0.01792263776,-0.02201704439,-0.2099763085,2.684767533e-05
3.838,0.01781974318,-0.02203537573,-0.21,0.0178189555,-0.02202277662,-0.2099763767,2.678470832e-05
3.839,0.01771583505,-0.02204107461,-0.21,0.01771516063,-0.02202847407,-0.2099764446,2.672233346e-05
3.84,0.01761181501,-0.02204673868,-0.21,0.01761125381,-0.02203413674,-0.2099765125,2.666055444e-05
3.841,0.01750768372,-0.02205236794,-0.21,0.0175072357,-0.02203976462,-0.2099765803,2.65993749e-05
3.842,0.01740344185,-0.02205796237,-0.21,0.01740310695,-0.0220453577,-0.209976648,2.653879847e-05
3.843,0.01729909005,-0.02206352197,-0.21,0.01729886823,-0.02205091597,-0.2099767155,2.647882873e-05
3.844,0.01719462898,-0.02206904673,-0.21,0.01719452018,-0.02205643943,-0.2099767829,2.641946923e-05
3.845,0.0170900593,-0.02207453664,-0.21,0.01709006347,-0.02206192806,-0.2099768502,2.636072348e-05
3.846,0.01698538167,-0.02207999169,-0.21,0.01698549876,-0.02206738185,-0.2099769174,2.630259492e-05
3.847,0.01688059675,-0.02208541188,-0.21,0.01688082671,-0.02207280081,-0.2099769845,2.624508695e-05
3.848,0.0167757052,-0.02209079719,-0.21,0.01677604797,-0.02207818491,-0.2099770515,2.618820295e-05
3.849,0.01667070768,-0.02209614761,-0.21,0.01667116322,-0.02208353416,-0.2099771183,2.613194623e-05
3.85,0.01656560487,-0.02210146314,-0.21,0.0165661731,-0.02208884854,-0.209977185,2.607632006e-05
3.851,0.01646039742,-0.02210674377,-0.21,0.01646107829,-0.02209412804,-0.2099772516,2.602132768e-05
3.852,0.016355086,-0.02211198949,-0.21,0.01635587945,-0.02209937265,-0.2099773181,2.596697226e-05
3.853,0.01624967126,-0.02211720029,-0.21,0.01625057724,-0.02210458238,-0.2099773844,2.59132569e-05
3.854,0.01614415389,-0.02212237617,-0.21,0.01614517232,-0.0221097572,-0.2099774506,2.586018468e-05
3.855,0.01603853454,-0.02212751711,-0.21,0.01603966537,-0.02211489711,-0.2099775167,2.58077586e-05
3.856,0.01593281389,-0.02213262311,-0.21,0.01593405704,-0.02212000211,-0.2099775827,2.57559816e-05
3.857,0.01582699259,-0.02213769416,-0.21,0.01582834801,-0.02212507218,-0.2099776485,2.570485661e-05
3.858,0.01572107132,-0.02214273025,-0.21,0.01572253894,-0.02213010732,-0.2099777142,2.565438648e-05
3.859,0.01561505075,-0.02214773138,-0.21,0.01561663049,-0.02213510751,-0.2099777798,2.560457399e-05
3.86,0.01550893154,-0.02215269753,-0.21,0.01551062335,-0.02214007276,-0.2099778453,2.555542186e-05
3.861,0.01540271438,-0.02215762869,-0.21,0.01540451817,-0.02214500305,-0.2099779106,2.550693276e-05
3.862,0.01529639992,-0.02216252487,-0.21,0.01529831563,-0.02214989838,-0.2099779757,2.54591093e-05
3.863,0.01518998884,-0.02216738605,-0.21,0.01519201639,-0.02215475873,-0.2099780408,2.5411954e-05
3.864,0.01508348181,-0.02217221223,-0.21,0.01508562113,-0.0221595841,-0.2099781057,2.536546934e-05
3.865,0.0149768795,-0.02217700339,-0.21,0.01497913052,-0.02216437449,-0.2099781705,2.531965776e-05
3.866,0.0148701826,-0.02218175953,-0.21,0.01487254524,-0.02216912987,-0.2099782351,2.52745216e-05
3.867,0.01476339176,-0.02218648065,-0.21,0.01476586594,-0.02217385026,-0.2099782996,2.523006312e-05
3.868,0.01465650768,-0.02219116672,-0.21,0.01465909332,-0.02217853564,-0.2099783639,2.518628453e-05
3.869,0.01454953101,-0.02219581776,-0.21,0.01455222803,-0.02218318599,-0.2099784282,2.514318797e-05
3.87,0.01444246244,-0.02220043374,-0.21,0.01444527077,-0.02218780133,-0.2099784922,2.510077554e-05
3.871,0.01433530265,-0.02220501467,-0.21,0.01433822219,-0.02219238163,-0.2099785562,2.50590492e-05
3.872,0.0142280523,-0.02220956054,-0.21,0.01423108298,-0.02219692689,-0.2099786199,2.50180109e-05
3.873,0.01412071208,-0.02221407133,-0.21,0.01412385381,-0.0222014371,-0.2099786836,2.497766249e-05
3.874,0.01401328267,-0.02221854704,-0.21,0.01401653537,-0.02220591226,-0.2099787471,2.493800577e-05
3.875,0.01390576475,-0.02222298766,-0.21,0.01390912832,-0.02221035236,-0.2099788104,2.489904243e-05
3.876,0.01379815898,-0.0222273932,-0.21,0.01380163335,-0.02221475739,-0.2099788736,2.48607741e-05
3.877,0.01369046606,-0.02223176363,-0.21,0.01369405113,-0.02221912735,-0.2099789367,2.482320231e-05
3.878,0.01358268667,-0.02223609895,-0.21,0.01358638234,-0.02222346222,-0.2099789996,2.478632855e-05
3.879,0.01347482148,-0.02224039917,-0.21,0.01347862767,-0.02222776201,-0.2099790623,2.475015423e-05
3.88,0.01336687117,-0.02224466426,-0.21,0.01337078779,-0.0222320267,-0.209979125,2.471468065e-05
3.881,0.01325883643,-0.02224889422,-0.21,0.01326286338,-0.02223625628,-0.2099791874,2.467990907e-05
3.882,0.01315071794,-0.02225308905,-0.21,0.01315485513,-0.02224045076,-0.2099792497,2.464584061e-05
3.883,0.01304251639,-0.02225724874,-0.21,0.01304676372,-0.02224461013,-0.2099793118,2.461247636e-05
3.884,0.01293423245,-0.02226137328,-0.21,0.01293858983,-0.02224873437,-0.2099793738,2.457981733e-05
3.885,0.01282586681,-0.02226546267,-0.21,0.01283033413,-0.02225282348,-0.2099794357,2.454786444e-05
3.886,0.01271742016,-0.0222695169,-0.21,0.01272199733,-0.02225687745,-0.2099794974,2.451661849e-05
3.887,0.01260889317,-0.02227353596,-0.21,0.01261358009,-0.02226089629,-0.2099795589,2.448608023e-05
3.888,0.01250028654,-0.02227751985,-0.21,0.0125050831,-0.02226487997,-0.2099796202,2.445625032e-05
3.889,0.01239160096,-0.02228146855,-0.21,0.01239650706,-0.02226882851,-0.2099796814,2.442712931e-05
3.89,0.0122828371,-0.02228538208,-0.21,0.01228785264,-0.02227274188,-0.2099797425,2.439871773e-05
3.891,0.01217399565,-0.02228926041,-0.21,0.01217912053,-0.02227662008,-0.2099798034,2.437101594e-05
3.892,0.01206507731,-0.02229310354,-0.21,0.01207031141,-0.02228046311,-0.2099798641,2.434402428e-05
3.893,0.01195608276,-0.02229691147,-0.21,0.01196142598,-0.02228427097,-0.2099799246,2.431774298e-05
3.894,0.01184701269,-0.02230068419,-0.21,0.01185246492,-0.02228804363,-0.209979985,2.429217219e-05
3.895,0.01173786778,-0.0223044217,-0.21,0.01174342892,-0.02229178111,-0.2099800453,2.426731196e-05
3.896,0.01162864874,-0.02230812398,-0.21,0.01163431866,-0.02229548339,-0.2099801053,2.424316223e-05
3.897,0.01151935624,-0.02231179104,-0.21,0.01152513484,-0.02229915047,-0.2099801652,2.42197229e-05
3.898,0.01140999097,-0.02231542286,-0.21,0.01141587815,-0.02230278233,-0.2099802249,2.419699377e-05
3.899,0.01130055364,-0.02231901944,-0.21,0.01130654927,-0.02230637899,-0.2099802845,2.417497451e-05
3.9,0.01119104492,-0.02232258078,-0.21,0.01119714889,-0.02230994042,-0.2099803439,2.415366476e-05
3.901,0.01108146552,-0.02232610687,-0.21,0.01108767771,-0.02231346663,-0.2099804031,2.413306405e-05
3.902,0.01097181612,-0.0223295977,-0.21,0.01097813642,-0.0223169576,-0.2099804622,2.41131718e-05
3.903,0.01086209741,-0.02233305327,-0.21,0.0108685257,-0.02232041334,-0.209980521,2.409398738e-05
3.904,0.0107523101,-0.02233647357,-0.21,0.01075884626,-0.02232383384,-0.2099805798,2.407551006e-05
3.905,0.01064245487,-0.0223398586,-0.21,0.01064909877,-0.02232721909,-0.2099806383,2.405773896e-05
3.906,0.01053253241,-0.02234320836,-0.21,0.01053928394,-0.02233056908,-0.2099806966,2.40406732e-05
3.907,0.01042254342,-0.02234652283,-0.21,0.01042940246,-0.02233388382,-0.2099807548,2.402431177e-05
3.908,0.0103124886,-0.02234980201,-0.21,0.01031945503,-0.02233716329,-0.2099808128,2.400865357e-05
3.909,0.01020236865,-0.0223530459,-0.21,0.01020944232,-0.02234040749,-0.2099808707,2.399369745e-05
3.91,0.01009218424,-0.02235625449,-0.21,0.01009936505,-0.02234361642,-0.2099809283,2.397944212e-05
3.911,0.009981936092,-0.02235942777,-0.21,0.009989223909,-0.02234679007,-0.2099809858,2.396588623e-05
3.912,0.00987162489,-0.02236256575,-0.21,0.009879019586,-0.02234992844,-0.2099810431,2.395302833e-05
3.913,0.009761251334,-0.02236566842,-0.21,0.009768752779,-0.02235303151,-0.2099811002,2.394086691e-05
3.914,0.00965081612,-0.02236873576,-0.21,0.009658424185,-0.0223560993,-0.2099811571,2.392940036e-05
3.915,0.009540319946,-0.02237176778,-0.21,0.0095480345,-0.02235913178,-0.2099812139,2.391862698e-05
3.916,0.009429763511,-0.02237476448,-0.21,0.009437584422,-0.02236212896,-0.2099812705,2.390854498e-05
3.917,0.009319147512,-0.02237772584,-0.21,0.009327074648,-0.02236509083,-0.2099813269,2.389915248e-05
3.918,0.009208472648,-0.02238065186,-0.21,0.009216505875,-0.02236801738,-0.2099813831,2.389044757e-05
3.919,0.009097739619,-0.02238354255,-0.21,0.009105878802,-0.02237090862,-0.2099814391,2.388242819e-05
3.92,0.008986949123,-0.02238639788,-0.21,0.008995194126,-0.02237376453,-0.2099814949,2.387509223e-05
3.921,0.008876101861,-0.02238921787,-0.21,0.008884452547,-0.02237658512,-0.2099815506,2.38684375e-05
3.922,0.008765198532,-0.0223920025,-0.21,0.008773654764,-0.02237937037,-0.209981606,2.386246169e-05
3.923,0.008654239838,-0.02239475176,-0.21,0.008662801476,-0.02238212029,-0.2099816613,2.385716249e-05
3.924,0.008543226479,-0.02239746567,-0.21,0.008551893384,-0.02238483487,-0.2099817164,2.385253743e-05
3.925,0.008432159156,-0.0224001442,-0.21,0.008440931187,-0.0223875141,-0.2099817713,2.384858402e-05
3.926,0.008321038571,-0.02240278737,-0.21,0.008329915586,-0.02239015799,-0.209981826,2.384529964e-05
3.927,0.008209865426,-0.02240539515,-0.21,0.008218847282,-0.02239276652,-0.2099818805,2.384268166e-05
3.928,0.008098640423,-0.02240796756,-0.21,0.008107726976,-0.02239533969,-0.2099819348,2.384072728e-05
3.929,0.007987364265,-0.02241050458,-0.21,0.00799655537,-0.0223978775,-0.2099819889,2.383943373e-05
3.93,0.007876037654,-0.02241300621,-0.21,0.007885333165,-0.02240037994,-0.2099820429,2.383879809e-05
3.931,0.007764661294,-0.02241547244,-0.21,0.007774061064,-0.02240284701,-0.2099820966,2.383881739e-05
3.932,0.007653235887,-0.02241790328,-0.21,0.00766273977,-0.02240527871,-0.2099821501,2.383948862e-05
3.933,0.007541762139,-0.02242029872,-0.21,0.007551369984,-0.02240767504,-0.2099822035,2.384080863e-05
3.934,0.007430240753,-0.02242265876,-0.21,0.007439952411,-0.02241003598,-0.2099822566,2.384277427e-05
3.935,0.007318672434,-0.02242498338,-0.21,0.007328487754,-0.02241236153,-0.2099823096,2.384538228e-05
3.936,0.007207057886,-0.02242727259,-0.21,0.007216976716,-0.0224146517,-0.2099823623,2.384862936e-05
3.937,0.007095397814,-0.02242952639,-0.21,0.007105420002,-0.02241690647,-0.2099824149,2.385251212e-05
3.938,0.006983692923,-0.02243174477,-0.21,0.006993818316,-0.02241912584,-0.2099824673,2.385702712e-05
3.939,0.00687194392,-0.02243392773,-0.21,0.006882172363,-0.02242130982,-0.2099825194,2.386217084e-05
3.94,0.00676015151,-0.02243607526,-0.21,0.006770482847,-0.02242345839,-0.2099825714,2.386793972e-05
3.941,0.0066483164,-0.02243818736,-0.21,0.006658750474,-0.02242557156,-0.2099826231,2.387433013e-05
3.942,0.006536439294,-0.02244026402,-0.21,0.006546975949,-0.02242764931,-0.2099826747,2.388133837e-05
3.943,0.006424520902,-0.02244230525,-0.21,0.006435159978,-0.02242969165,-0.209982726,2.388896069e-05
3.944,0.006312561928,-0.02244431104,-0.21,0.006323303267,-0.02243169858,-0.2099827772,2.389719328e-05
3.945,0.006200563081,-0.02244628139,-0.21,0.006211406522,-0.02243367008,-0.2099828281,2.390603227e-05
3.946,0.006088525067,-0.0224482163,-0.21,0.006099470449,-0.02243560616,-0.2099828789,2.391547375e-05
3.947,0.005976448596,-0.02245011575,-0.21,0.005987495757,-0.02243750681,-0.2099829294,2.392551375e-05
3.948,0.005864334373,-0.02245197975,-0.21,0.00587548315,-0.02243937203,-0.2099829797,2.393614823e-05
3.949,0.005752183109,-0.0224538083,-0.21,0.005763433338,-0.02244120182,-0.2099830299,2.394737313e-05
3.95,0.00563999551,-0.02245560139,-0.21,0.005651347026,-0.02244299618,-0.2099830798,2.395918432e-05
3.951,0.005527772287,-0.02245735902,-0.21,0.005539224924,-0.02244475509,-0.2099831295,2.397157761e-05
3.952,0.005415514146,-0.02245908119,-0.21,0.005427067739,-0.02244647857,-0.209983179,2.398454881e-05
3.953,0.005303221799,-0.02246076789,-0.21,0.005314876178,-0.0224481666,-0.2099832283,2.399809364e-05
3.954,0.005190895953,-0.02246241912,-0.21,0.005202650951,-0.02244981918,-0.2099832773,2.401220779e-05
3.955,0.005078537319,-0.02246403488,-0.21,0.005090392767,-0.02245143631,-0.2099833262,2.40268869e-05
3.956,0.004966146606,-0.02246561516,-0.21,0.004978102333,-0.022453018,-0.2099833748,2.40421266e-05
3.957,0.004853724525,-0.02246715997,-0.21,0.004865780359,-0.02245456422,-0.2099834233,2.405792245e-05
3.958,0.004741271784,-0.02246866931,-0.21,0.004753427555,-0.02245607499,-0.2099834715,2.407426998e-05
3.959,0.004628789095,-0.02247014316,-0.21,0.004641044629,-0.0224575503,-0.2099835195,2.409116467e-05
3.96,0.004516277168,-0.02247158152,-0.21,0.004528632291,-0.02245899014,-0.2099835673,2.410860199e-05
3.961,0.004403736714,-0.02247298441,-0.21,0.004416191252,-0.02246039453,-0.2099836149,2.412657737e-05
3.962,0.004291168444,-0.0224743518,-0.21,0.00430372222,-0.02246176344,-0.2099836623,2.414508618e-05
3.963,0.004178573068,-0.0224756837,-0.21,0.004191225907,-0.02246309689,-0.2099837094,2.416412379e-05
3.964,0.004065951298,-0.02247698011,-0.21,0.004078703023,-0.02246439486,-0.2099837564,2.418368553e-05
3.965,0.003953303845,-0.02247824103,-0.21,0.003966154277,-0.02246565736,-0.2099838031,2.42037667e-05
3.966,0.003840631421,-0.02247946645,-0.21,0.003853580382,-0.02246688438,-0.2099838496,2.422436259e-05
3.967,0.003727934737,-0.02248065637,-0.21,0.003740982047,-0.02246807593,-0.2099838959,2.424546845e-05
3.968,0.003615214506,-0.0224818108,-0.21,0.003628359984,-0.022469232,-0.2099839419,2.426707947e-05
3.969,0.003502471439,-0.02248292972,-0.21,0.003515714904,-0.02247035258,-0.2099839878,2.428919088e-05
3.97,0.003389706249,-0.02248401313,-0.21,0.003403047518,-0.02247143769,-0.2099840334,2.431179783e-05
3.971,0.003276919647,-0.02248506105,-0.21,0.003290358538,-0.0224724873,-0.2099840788,2.433489552e-05
3.972,0.003164112347,-0.02248607345,-0.21,0.003177648675,-0.02247350143,-0.209984124,2.435847906e-05
3.973,0.00305128506,-0.02248705035,-0.21,0.003064918641,-0.02247448007,-0.209984169,2.438254358e-05
3.974,0.0029384385,-0.02248799173,-0.21,0.002952169148,-0.02247542323,-0.2099842137,2.440708416e-05
3.975,0.002825573379,-0.02248889761,-0.21,0.002839400908,-0.02247633089,-0.2099842582,2.443209592e-05
3.976,0.00271269041,-0.02248976797,-0.21,0.002726614633,-0.02247720305,-0.2099843025,2.445757394e-05
3.977,0.002599790306,-0.02249060282,-0.21,0.002613811035,-0.02247803972,-0.2099843466,2.44835133e-05
3.978,0.002486873781,-0.02249140215,-0.21,0.002500990827,-0.0224788409,-0.2099843904,2.450990902e-05
3.979,0.002373941547,-0.02249216596,-0.21,0.002388154721,-0.02247960657,-0.209984434,2.453675614e-05
3.98,0.002260994318,-0.02249289426,-0.21,0.002275303429,-0.02248033675,-0.2099844774,2.456404968e-05
3.981,0.002148032807,-0.02249358704,-0.21,0.002162437664,-0.02248103143,-0.2099845206,2.459178467e-05
3.982,0.002035057729,-0.02249424429,-0.21,0.00204955814,-0.02248169061,-0.2099845635,2.461995617e-05
3.983,0.001922069795,-0.02249486603,-0.21,0.001936665568,-0.02248231428,-0.2099846062,2.464855914e-05
3.984,0.001809069721,-0.02249545224,-0.21,0.001823760662,-0.02248290245,-0.2099846487,2.467758863e-05
3.985,0.00169605822,-0.02249600293,-0.21,0.001710844134,-0.02248345512,-0.209984691,2.470703962e-05
3.986,0.001583036006,-0.02249651809,-0.21,0.001597916699,-0.02248397228,-0.209984733,2.473690713e-05
3.987,0.001470003792,-0.02249699773,-0.21,0.001484979068,-0.02248445393,-0.2099847748,2.476718615e-05
3.988,0.001356962293,-0.02249744185,-0.21,0.001372031956,-0.02248490008,-0.2099848163,2.479787168e-05
3.989,0.001243912223,-0.02249785043,-0.21,0.001259076075,-0.02248531072,-0.2099848577,2.482895873e-05
3.99,0.001130854295,-0.02249822349,-0.21,0.001146112138,-0.02248568585,-0.2099848988,2.486044228e-05
3.991,0.001017789224,-0.02249856103,-0.21,0.00103314086,-0.02248602546,-0.2099849396,2.489231736e-05
3.992,0.0009047177246,-0.02249886303,-0.21,0.0009201629542,-0.02248632957,-0.2099849803,2.492457899e-05
3.993,0.0007916405103,-0.02249912951,-0.21,0.000807179133,-0.02248659817,-0.2099850207,2.495722218e-05
3.994,0.0006785582956,-0.02249936045,-0.21,0.0006941901105,-0.02248683126,-0.2099850609,2.499024194e-05
3.995,0.0005654717948,-0.02249955587,-0.21,0.0005811966003,-0.02248702884,-0.2099851008,2.502363332e-05
3.996,0.0004523817221,-0.02249971576,-0.21,0.000468199316,-0.0224871909,-0.2099851405,2.505739135e-05
3.997,0.0003392887919,-0.02249984011,-0.21,0.0003551989711,-0.02248731745,-0.20998518,2.509151109e-05
3.998,0.0002261937185,-0.02249992894,-0.21,0.0002421962793,-0.02248740849,-0.2099852192,2.512598757e-05
3.999,0.0001130972165,-0.02249998223,-0.21,0.0001291919544,-0.02248746401,-0.2099852582,2.516081585e-05
4,1.653273179e-17,-0.0225,-0.21,1.618670992e-05,-0.02248748402,-0.209985297,2.519599103e-05
4.001,-0.0001130972165,-0.02249998223,-0.21,-9.681874034e-05,-0.02248746852,-0.2099853355,2.52315082e-05
4.002,-0.0002261937185,-0.02249992894,-0.21,-0.0002098236827,-0.0224874175,-0.2099853738,2.526736246e-05
4.003,-0.0003392887919,-0.02249984011,-0.21,-0.0003228274035,-0.02248733097,-0.2099854119,2.530354893e-05
4.004,-0.0004523817221,-0.02249971576,-0.21,-0.0004358291891,-0.02248720893,-0.2099854497,2.534006274e-05
4.005,-0.0005654717948,-0.02249955587,-0.21,-0.0005488283257,-0.02248705137,-0.2099854873,2.537689905e-05
4.006,-0.0006785582956,-0.02249936045,-0.21,-0.0006618240996,-0.0224868583,-0.2099855246,2.541405302e-05
4.007,-0.0007916405103,-0.02249912951,-0.21,-0.0007748157973,-0.02248662972,-0.2099855617,2.545151983e-05
4.008,-0.0009047177246,-0.02249886303,-0.21,-0.000887802705,-0.02248636562,-0.2099855986,2.548929465e-05
4.009,-0.001017789224,-0.02249856103,-0.21,-0.001000784109,-0.02248606601,-0.2099856352,2.552737273e-05
4.01,-0.001130854295,-0.02249822349,-0.21,-0.001113759296,-0.02248573089,-0.2099856716,2.556574928e-05
4.011,-0.001243912223,-0.02249785043,-0.21,-0.001226727553,-0.02248536026,-0.2099857077,2.560441957e-05
4.012,-0.001356962293,-0.02249744185,-0.21,-0.001339688165,-0.02248495412,-0.2099857436,2.564337887e-05
4.013,-0.001470003792,-0.02249699773,-0.21,-0.00145264042,-0.02248451246,-0.2099857793,2.568262247e-05
4.014,-0.001583036006,-0.02249651809,-0.21,-0.001565583604,-0.0224840353,-0.2099858147,2.572214569e-05
4.015,-0.00169605822,-0.02249600293,-0.21,-0.001678517003,-0.02248352262,-0.2099858499,2.576194387e-05
4.016,-0.001809069721,-0.02249545224,-0.21,-0.001791439905,-0.02248297444,-0.2099858848,2.580201238e-05
4.017,-0.001922069795,-0.02249486603,-0.21,-0.001904351596,-0.02248239075,-0.2099859195,2.58423466e-05
4.018,-0.002035057729,-0.02249424429,-0.21,-0.002017251362,-0.02248177155,-0.209985954,2.588294191e-05
4.019,-0.002148032807,-0.02249358704,-0.21,-0.002130138492,-0.02248111684,-0.2099859882,2.592379376e-05
4.02,-0.002260994318,-0.02249289426,-0.21,-0.002243012272,-0.02248042663,-0.2099860222,2.596489759e-05
4.021,-0.002373941547,-0.02249216596,-0.21,-0.002355871988,-0.02247970091,-0.2099860559,2.60062489e-05
4.022,-0.002486873781,-0.02249140215,-0.21,-0.002468716929,-0.02247893969,-0.2099860894,2.604784317e-05
4.023,-0.002599790306,-0.02249060282,-0.21,-0.00258154638,-0.02247814297,-0.2099861226,2.608967595e-05
4.024,-0.00271269041,-0.02248976797,-0.21,-0.002694359631,-0.02247731075,-0.2099861556,2.613174279e-05
4.025,-0.002825573379,-0.02248889761,-0.21,-0.002807155967,-0.02247644303,-0.2099861883,2.617403928e-05
4.026,-0.0029384385,-0.02248799173,-0.21,-0.002919934678,-0.0224755398,-0.2099862208,2.621656101e-05
4.027,-0.00305128506,-0.02248705035,-0.21,-0.003032695049,-0.02247460108,-0.2099862531,2.625930362e-05
4.028,-0.003164112347,-0.02248607345,-0.21,-0.003145436369,-0.02247362687,-0.2099862851,2.630226278e-05
4.029,-0.003276919647,-0.02248506105,-0.21,-0.003258157927,-0.02247261716,-0.2099863168,2.634543417e-05
4.03,-0.003389706249,-0.02248401313,-0.21,-0.003370859009,-0.02247157195,-0.2099863483,2.638881353e-05
4.031,-0.003502471439,-0.02248292972,-0.21,-0.003483538904,-0.02247049126,-0.2099863796,2.643239658e-05
4.032,-0.003615214506,-0.0224818108,-0.21,-0.0035961969,-0.02246937507,-0.2099864106,2.64761791e-05
4.033,-0.003727934737,-0.02248065637,-0.21,-0.003708832286,-0.0224682234,-0.2099864414,2.652015691e-05
4.034,-0.003840631421,-0.02247946645,-0.21,-0.00382144435,-0.02246703624,-0.2099864719,2.656432585e-05
4.035,-0.003953303845,-0.02247824103,-0.21,-0.003934032381,-0.02246581359,-0.2099865022,2.660868177e-05
4.036,-0.004065951298,-0.02247698011,-0.21,-0.004046595668,-0.02246455546,-0.2099865322,2.665322056e-05
4.037,-0.004178573068,-0.0224756837,-0.21,-0.004159133499,-0.02246326185,-0.209986562,2.669793814e-05
4.038,-0.004291168444,-0.0224743518,-0.21,-0.004271645164,-0.02246193276,-0.2099865915,2.674283047e-05
4.039,-0.004403736714,-0.02247298441,-0.21,-0.004384129952,-0.02246056819,-0.2099866208,2.678789353e-05
4.04,-0.004516277168,-0.02247158152,-0.21,-0.004496587152,-0.02245916815,-0.2099866498,2.683312333e-05
4.041,-0.004628789095,-0.02247014316,-0.21,-0.004609016054,-0.02245773263,-0.2099866786,2.687851592e-05
4.042,-0.004741271784,-0.02246866931,-0.21,-0.004721415949,-0.02245626165,-0.2099867071,2.692406737e-05
4.043,-0.004853724525,-0.02246715997,-0.21,-0.004833786125,-0.02245475519,-0.2099867354,2.696977379e-05
4.044,-0.004966146606,-0.02246561516,-0.21,-0.004946125873,-0.02245321327,-0.2099867634,2.701563131e-05
4.045,-0.005078537319,-0.02246403488,-0.21,-0.005058434483,-0.02245163588,-0.2099867912,2.706163612e-05
4.046,-0.005190895953,-0.02246241912,-0.21,-0.005170711246,-0.02245002303,-0.2099868187,2.710778439e-05
4.047,-0.005303221799,-0.02246076789,-0.21,-0.005282955453,-0.02244837472,-0.209986846,2.715407237e-05
4.048,-0.005415514146,-0.02245908119,-0.21,-0.005395166394,-0.02244669095,-0.209986873,2.720049631e-05
4.049,-0.005527772287,-0.02245735902,-0.21,-0.005507343361,-0.02244497173,-0.2099868998,2.724705249e-05
4.05,-0.00563999551,-0.02245560139,-0.21,-0.005619485645,-0.02244321706,-0.2099869263,2.729373726e-05
4.051,-0.005752183109,-0.0224538083,-0.21,-0.005731592538,-0.02244142694,-0.2099869526,2.734054697e-05
4.052,-0.005864334373,-0.02245197975,-0.21,-0.005843663331,-0.02243960137,-0.2099869786,2.738747801e-05
4.053,-0.005976448596,-0.02245011575,-0.21,-0.005955697317,-0.02243774036,-0.2099870043,2.743452679e-05
4.054,-0.006088525067,-0.0224482163,-0.21,-0.006067693787,-0.0224358439,-0.2099870298,2.748168977e-05
4.055,-0.006200563081,-0.02244628139,-0.21,-0.006179652034,-0.02243391201,-0.2099870551,2.752896342e-05
4.056,-0.006312561928,-0.02244431104,-0.21,-0.006291571352,-0.02243194468,-0.2099870801,2.757634426e-05
4.057,-0.006424520902,-0.02244230525,-0.21,-0.006403451032,-0.02242994192,-0.2099871049,2.762382884e-05
4.058,-0.006536439294,-0.02244026402,-0.21,-0.006515290368,-0.02242790374,-0.2099871294,2.767141376e-05
4.059,-0.0066483164,-0.02243818736,-0.21,-0.006627088653,-0.02242583012,-0.2099871536,2.771909562e-05
4.06,-0.00676015151,-0.02243607526,-0.21,-0.006738845182,-0.02242372108,-0.2099871776,2.776687105e-05
4.061,-0.00687194392,-0.02243392773,-0.21,-0.006850559248,-0.02242157663,-0.2099872013,2.781473673e-05
4.062,-0.006983692923,-0.02243174477,-0.21,-0.006962230145,-0.02241939675,-0.2099872248,2.786268937e-05
4.063,-0.007095397814,-0.02242952639,-0.21,-0.007073857168,-0.02241718147,-0.2099872481,2.791072568e-05
4.064,-0.007207057886,-0.02242727259,-0.21,-0.007185439612,-0.02241493077,-0.209987271,2.795884243e-05
4.065,-0.007318672434,-0.02242498338,-0.21,-0.007296976771,-0.02241264467,-0.2099872938,2.800703646e-05
4.066,-0.007430240753,-0.02242265876,-0.21,-0.007408467941,-0.02241032316,-0.2099873162,2.80553046e-05
4.067,-0.007541762139,-0.02242029872,-0.21,-0.007519912418,-0.02240796626,-0.2099873385,2.810364371e-05
4.068,-0.007653235887,-0.02241790328,-0.21,-0.007631309498,-0.02240557395,-0.2099873604,2.815205068e-05
4.069,-0.007764661294,-0.02241547244,-0.21,-0.007742658476,-0.02240314626,-0.2099873821,2.820052244e-05
4.07,-0.007876037654,-0.02241300621,-0.21,-0.00785395865,-0.02240068318,-0.2099874036,2.824905593e-05
4.071,-0.007987364265,-0.02241050458,-0.21,-0.007965209316,-0.02239818472,-0.2099874248,2.829764816e-05
4.072,-0.008098640423,-0.02240796756,-0.21,-0.008076409771,-0.02239565087,-0.2099874457,2.834629614e-05
4.073,-0.008209865426,-0.02240539515,-0.21,-0.008187559312,-0.02239308165,-0.2099874664,2.839499693e-05
4.074,-0.008321038571,-0.02240278737,-0.21,-0.008298657239,-0.02239047705,-0.2099874869,2.84437476e-05
4.075,-0.008432159156,-0.0224001442,-0.21,-0.008409702847,-0.02238783709,-0.209987507,2.849254528e-05
4.076,-0.008543226479,-0.02239746567,-0.21,-0.008520695436,-0.02238516176,-0.209987527,2.854138711e-05
4.077,-0.008654239838,-0.02239475176,-0.21,-0.008631634305,-0.02238245107,-0.2099875466,2.859027026e-05
4.078,-0.008765198532,-0.0223920025,-0.21,-0.008742518753,-0.02237970502,-0.2099875661,2.863919196e-05
4.079,-0.008876101861,-0.02238921787,-0.21,-0.008853348078,-0.02237692362,-0.2099875852,2.868814944e-05
4.08,-0.008986949123,-0.02238639788,-0.21,-0.008964121582,-0.02237410687,-0.2099876041,2.873713997e-05
4.081,-0.009097739619,-0.02238354255,-0.21,-0.009074838563,-0.02237125478,-0.2099876228,2.878616082e-05
4.082,-0.009208472648,-0.02238065186,-0.21,-0.009185498323,-0.02236836735,-0.2099876412,2.883520933e-05
4.083,-0.009319147512,-0.02237772584,-0.21,-0.009296100162,-0.02236544459,-0.2099876593,2.888428284e-05
4.084,-0.009429763511,-0.02237476448,-0.21,-0.009406643381,-0.02236248649,-0.2099876772,2.893337877e-05
4.085,-0.009540319946,-0.02237176778,-0.21,-0.009517127282,-0.02235949307,-0.2099876948,2.898249453e-05
4.086,-0.00965081612,-0.02236873576,-0.21,-0.009627551167,-0.02235646433,-0.2099877122,2.903162756e-05
4.087,-0.009761251334,-0.02236566842,-0.21,-0.009737914338,-0.02235340027,-0.2099877294,2.908077535e-05
4.088,-0.00987162489,-0.02236256575,-0.21,-0.009848216097,-0.0223503009,-0.2099877462,2.912993541e-05
4.089,-0.009981936092,-0.02235942777,-0.21,-0.009958455749,-0.02234716622,-0.2099877628,2.917910526e-05
4.09,-0.01009218424,-0.02235625449,-0.21,-0.0100686326,-0.02234399624,-0.2099877792,2.922828248e-05
4.091,-0.01020236865,-0.0223530459,-0.21,-0.01017874594,-0.02234079097,-0.2099877953,2.927746464e-05
4.092,-0.0103124886,-0.02234980201,-0.21,-0.01028879509,-0.0223375504,-0.2099878112,2.932664937e-05
4.093,-0.01042254342,-0.02234652283,-0.21,-0.01039877935,-0.02233427454,-0.2099878268,2.937583433e-05
4.094,-0.01053253241,-0.02234320836,-0.21,-0.01050869802,-0.0223309634,-0.2099878421,2.942501718e-05
4.095,-0.01064245487,-0.0223398586,-0.21,-0.0106185504,-0.02232761699,-0.2099878572,2.947419564e-05
4.096,-0.0107523101,-0.02233647357,-0.21,-0.01072833582,-0.0223242353,-0.209987872,2.952336745e-05
4.097,-0.01086209741,-0.02233305327,-0.21,-0.01083805356,-0.02232081834,-0.2099878866,2.957253038e-05
4.098,-0.01097181612,-0.0223295977,-0.21,-0.01094770294,-0.02231736613,-0.2099879009,2.962168221e-05
4.099,-0.01108146552,-0.02232610687,-0.21,-0.01105728326,-0.02231387866,-0.209987915,2.967082078e-05
4.1,-0.01119104492,-0.02232258078,-0.21,-0.01116679384,-0.02231035593,-0.2099879288,2.971994391e-05
4.101,-0.01130055364,-0.02231901944,-0.21,-0.01127623398,-0.02230679797,-0.2099879424,2.976904948e-05
4.102,-0.01140999097,-0.02231542286,-0.21,-0.01138560298,-0.02230320476,-0.2099879557,2.981813539e-05
4.103,-0.01151935624,-0.02231179104,-0.21,-0.01149490016,-0.02229957632,-0.2099879688,2.986719957e-05
4.104,-0.01162864874,-0.02230812398,-0.21,-0.01160412483,-0.02229591265,-0.2099879816,2.991623997e-05
4.105,-0.01173786778,-0.0223044217,-0.21,-0.01171327629,-0.02229221375,-0.2099879941,2.996525459e-05
4.106,-0.01184701269,-0.02230068419,-0.21,-0.01182235386,-0.02228847964,-0.2099880064,3.001424143e-05
4.107,-0.01195608276,-0.02229691147,-0.21,-0.01193135685,-0.02228471032,-0.2099880185,3.006319853e-05
4.108,-0.01206507731,-0.02229310354,-0.21,-0.01204028457,-0.02228090579,-0.2099880303,3.011212394e-05
4.109,-0.01217399565,-0.02228926041,-0.21,-0.01214913632,-0.02227706607,-0.2099880418,3.016101574e-05
4.11,-0.0122828371,-0.02228538208,-0.21,-0.01225791143,-0.02227319115,-0.2099880531,3.020987206e-05
4.111,-0.01239160096,-0.02228146855,-0.21,-0.01236660921,-0.02226928104,-0.2099880641,3.025869104e-05
4.112,-0.01250028654,-0.02227751985,-0.21,-0.01247522896,-0.02226533575,-0.2099880749,3.030747084e-05
4.113,-0.01260889317,-0.02227353596,-0.21,-0.01258377,-0.02226135529,-0.2099880854,3.035620964e-05
4.114,-0.01271742016,-0.0222695169,-0.21,-0.01269223165,-0.02225733965,-0.2099880957,3.040490566e-05
4.115,-0.01282586681,-0.02226546267,-0.21,-0.01280061322,-0.02225328886,-0.2099881057,3.045355713e-05
4.116,-0.01293423245,-0.02226137328,-0.21,-0.01290891402,-0.02224920291,-0.2099881155,3.050216233e-05
4.117,-0.01304251639,-0.02225724874,-0.21,-0.01301713338,-0.0222450818,-0.209988125,3.055071954e-05
4.118,-0.01315071794,-0.02225308905,-0.21,-0.0131252706,-0.02224092556,-0.2099881343,3.059922707e-05
4.119,-0.01325883643,-0.02224889422,-0.21,-0.013233325,-0.02223673417,-0.2099881433,3.064768328e-05
4.12,-0.01336687117,-0.02224466426,-0.21,-0.01334129591,-0.02223250766,-0.2099881521,3.06960865e-05
4.121,-0.01347482148,-0.02224039917,-0.21,-0.01344918263,-0.02222824602,-0.2099881606,3.074443514e-05
4.122,-0.01358268667,-0.02223609895,-0.21,-0.01355698449,-0.02222394926,-0.2099881689,3.079272759e-05
4.123,-0.01369046606,-0.02223176363,-0.21,-0.0136647008,-0.02221961739,-0.2099881769,3.084096229e-05
4.124,-0.01379815898,-0.0222273932,-0.21,-0.01377233089,-0.02221525042,-0.2099881847,3.088913769e-05
4.125,-0.01390576475,-0.02222298766,-0.21,-0.01387987408,-0.02221084835,-0.2099881922,3.093725228e-05
4.126,-0.01401328267,-0.02221854704,-0.21,-0.01398732967,-0.02220641119,-0.2099881995,3.098530457e-05
4.127,-0.01412071208,-0.02221407133,-0.21,-0.01409469701,-0.02220193895,-0.2099882065,3.103329307e-05
4.128,-0.0142280523,-0.02220956054,-0.21,-0.0142019754,-0.02219743163,-0.2099882133,3.108121633e-05
4.129,-0.01433530265,-0.02220501467,-0.21,-0.01430916417,-0.02219288924,-0.2099882198,3.112907291e-05
4.13,-0.01444246244,-0.02220043374,-0.21,-0.01441626263,-0.02218831179,-0.2099882261,3.117686142e-05
4.131,-0.01454953101,-0.02219581776,-0.21,-0.01452327013,-0.02218369928,-0.2099882321,3.122458045e-05
4.132,-0.01465650768,-0.02219116672,-0.21,-0.01463018597,-0.02217905173,-0.2099882379,3.127222867e-05
4.133,-0.01476339176,-0.02218648065,-0.21,-0.01473700948,-0.02217436913,-0.2099882434,3.131980472e-05
4.134,-0.0148701826,-0.02218175953,-0.21,-0.01484374,-0.0221696515,-0.2099882487,3.136730729e-05
4.135,-0.0149768795,-0.02217700339,-0.21,-0.01495037683,-0.02216489884,-0.2099882538,3.141473506e-05
4.136,-0.01508348181,-0.02217221223,-0.21,-0.01505691931,-0.02216011117,-0.2099882586,3.146208677e-05
4.137,-0.01518998884,-0.02216738605,-0.21,-0.01516336677,-0.02215528848,-0.2099882631,3.150936114e-05
4.138,-0.01529639992,-0.02216252487,-0.21,-0.01526971853,-0.02215043079,-0.2099882674,3.155655696e-05
4.139,-0.01540271438,-0.02215762869,-0.21,-0.01537597392,-0.02214553811,-0.2099882715,3.160367301e-05
4.14,-0.01550893154,-0.02215269753,-0.21,-0.01548213227,-0.02214061043,-0.2099882753,3.16507081e-05
4.141,-0.01561505075,-0.02214773138,-0.21,-0.01558819291,-0.02213564778,-0.2099882789,3.169766105e-05
4.142,-0.01572107132,-0.02214273025,-0.21,-0.01569415516,-0.02213065015,-0.2099882822,3.174453071e-05
4.143,-0.01582699259,-0.02213769416,-0.21,-0.01580001836,-0.02212561756,-0.2099882853,3.179131593e-05
4.144,-0.01593281389,-0.02213262311,-0.21,-0.01590578184,-0.02212055001,-0.2099882881,3.18380156e-05
4.145,-0.01603853454,-0.02212751711,-0.21,-0.01601144493,-0.02211544751,-0.2099882907,3.188462862e-05
4.146,-0.01614415389,-0.02212237617,-0.21,-0.01611700696,-0.02211031007,-0.2099882931,3.193115394e-05
4.147,-0.01624967126,-0.02211720029,-0.21,-0.01622246727,-0.02210513769,-0.2099882952,3.197759049e-05
4.148,-0.016355086,-0.02211198949,-0.21,-0.01632782519,-0.02209993039,-0.2099882971,3.202393723e-05
4.149,-0.01646039742,-0.02210674377,-0.21,-0.01643308004,-0.02209468818,-0.2099882987,3.207019315e-05
4.15,-0.01656560487,-0.02210146314,-0.21,-0.01653823118,-0.02208941105,-0.2099883001,3.211635726e-05
4.151,-0.01667070768,-0.02209614761,-0.21,-0.01664327792,-0.02208409902,-0.2099883012,3.216242856e-05
4.152,-0.0167757052,-0.02209079719,-0.21,-0.01674821962,-0.02207875211,-0.2099883021,3.220840609e-05
4.153,-0.01688059675,-0.02208541188,-0.21,-0.0168530556,-0.0220733703,-0.2099883028,3.225428893e-05
4.154,-0.01698538167,-0.02207999169,-0.21,-0.0169577852,-0.02206795363,-0.2099883032,3.230007612e-05
4.155,-0.0170900593,-0.02207453664,-0.21,-0.01706240776,-0.02206250208,-0.2099883034,3.234576677e-05
4.156,-0.01719462898,-0.02206904673,-0.21,-0.01716692262,-0.02205701568,-0.2099883034,3.239135998e-05
4.157,-0.01729909005,-0.02206352197,-0.21,-0.01727132912,-0.02205149443,-0.2099883031,3.243685489e-05
4.158,-0.01740344185,-0.02205796237,-0.21,-0.0173756266,-0.02204593833,-0.2099883025,3.248225066e-05
4.159,-0.01750768372,-0.02205236794,-0.21,-0.01747981439,-0.0220403474,-0.2099883018,3.252754643e-05
4.16,-0.01761181501,-0.02204673868,-0.21,-0.01758389185,-0.02203472165,-0.2099883008,3.25727414e-05
4.161,-0.01771583505,-0.02204107461,-0.21,-0.01768785831,-0.02202906109,-0.2099882995,3.261783475e-05
4.162,-0.01781974318,-0.02203537573,-0.21,-0.01779171311,-0.02202336572,-0.2099882981,3.266282569e-05
4.163,-0.01792353876,-0.02202964205,-0.21,-0.01789545561,-0.02201763555,-0.2099882964,3.270771345e-05
4.164,-0.01802722112,-0.02202387359,-0.21,-0.01799908513,-0.0220118706,-0.2099882944,3.275249729e-05
4.165,-0.01813078961,-0.02201807035,-0.21,-0.01810260104,-0.02200607086,-0.2099882922,3.279717646e-05
4.166,-0.01823424357,-0.02201223234,-0.21,-0.01820600266,-0.02200023636,-0.2099882898,3.284175024e-05
4.167,-0.01833758236,-0.02200635956,-0.21,-0.01830928936,-0.02199436709,-0.2099882872,3.288621795e-05
4.168,-0.01844080532,-0.02200045204,-0.21,-0.01841246048,-0.02198846308,-0.2099882843,3.293057887e-05
4.169,-0.0185439118,-0.02199450978,-0.21,-0.01851551535,-0.02198252432,-0.2099882812,3.297483235e-05
4.17,-0.01864690114,-0.02198853278,-0.21,-0.01861845335,-0.02197655083,-0.2099882779,3.301897772e-05
4.171,-0.0187497727,-0.02198252106,-0.21,-0.0187212738,-0.02197054261,-0.2099882743,3.306301434e-05
4.172,-0.01885252583,-0.02197647463,-0.21,-0.01882397607,-0.02196449968,-0.2099882705,3.310694158e-05
4.173,-0.01895515987,-0.02197039349,-0.21,-0.0189265595,-0.02195842205,-0.2099882665,3.315075882e-05
4.174,-0.01905767419,-0.02196427766,-0.21,-0.01902902344,-0.02195230972,-0.2099882622,3.319446548e-05
4.175,-0.01916006812,-0.02195812714,-0.21,-0.01913136726,-0.02194616271,-0.2099882577,3.323806097e-05
4.176,-0.01926234103,-0.02195194195,-0.21,-0.01923359029,-0.02193998102,-0.209988253,3.328154473e-05
4.177,-0.01936449227,-0.0219457221,-0.21,-0.01933569189,-0.02193376466,-0.2099882481,3.332491619e-05
4.178,-0.01946652119,-0.02193946759,-0.21,-0.01943767143,-0.02192751365,-0.2099882429,3.336817481e-05
4.179,-0.01956842714,-0.02193317843,-0.21,-0.01953952824,-0.021921228,-0.2099882375,3.341132008e-05
4.18,-0.0196702095,-0.02192685464,-0.21,-0.0196412617,-0.0219149077,-0.2099882319,3.345435149e-05
4.181,-0.01977186761,-0.02192049622,-0.21,-0.01974287115,-0.02190855278,-0.209988226,3.349726853e-05
4.182,-0.01987340082,-0.02191410319,-0.21,-0.01984435596,-0.02190216325,-0.2099882199,3.354007072e-05
4.183,-0.01997480851,-0.02190767555,-0.21,-0.01994571548,-0.0218957391,-0.2099882136,3.358275759e-05
4.184,-0.02007609002,-0.02190121332,-0.21,-0.02004694907,-0.02188928037,-0.2099882071,3.362532869e-05
4.185,-0.02017724472,-0.0218947165,-0.21,-0.02014805609,-0.02188278704,-0.2099882004,3.366778356e-05
4.186,-0.02027827198,-0.0218881851,-0.21,-0.02024903591,-0.02187625914,-0.2099881934,3.371012178e-05
4.187,-0.02037917114,-0.02188161915,-0.21,-0.02034988787,-0.02186969667,-0.2099881862,3.375234293e-05
4.188,-0.02047994158,-0.02187501863,-0.21,-0.02045061136,-0.02186309965,-0.2099881788,3.379444661e-05
4.189,-0.02058058265,-0.02186838358,-0.21,-0.02055120572,-0.02185646809,-0.2099881712,3.383643243e-05
4.19,-0.02068109373,-0.02186171399,-0.21,-0.02065167033,-0.02184980199,-0.2099881633,3.38783e-05
4.191,-0.02078147417,-0.02185500988,-0.21,-0.02075200455,-0.02184310136,-0.2099881552,3.392004896e-05
4.192,-0.02088172335,-0.02184827126,-0.21,-0.02085220774,-0.02183636623,-0.209988147,3.396167894e-05
4.193,-0.02098184062,-0.02184149813,-0.21,-0.02095227927,-0.02182959659,-0.2099881385,3.40031896e-05
4.194,-0.02108182537,-0.02183469052,-0.21,-0.0210522185,-0.02182279246,-0.2099881297,3.404458062e-05
4.195,-0.02118167695,-0.02182784842,-0.21,-0.02115202482,-0.02181595384,-0.2099881208,3.408585168e-05
4.196,-0.02128139473,-0.02182097186,-0.21,-0.02125169758,-0.02180908076,-0.2099881116,3.412700247e-05
4.197,-0.02138097809,-0.02181406083,-0.21,-0.02135123615,-0.02180217322,-0.2099881023,3.416803269e-05
4.198,-0.0214804264,-0.02180711536,-0.21,-0.02145063991,-0.02179523123,-0.2099880927,3.420894206e-05
4.199,-0.02157973902,-0.02180013546,-0.21,-0.02154990822,-0.0217882548,-0.2099880829,3.424973029e-05
4.2,-0.02167891533,-0.02179312113,-0.21,-0.02164904047,-0.02178124394,-0.2099880729,3.429039713e-05
4.201,-0.02177795471,-0.02178607238,-0.21,-0.02174803601,-0.02177419867,-0.2099880627,3.433094231e-05
4.202,-0.02187685653,-0.02177898923,-0.21,-0.02184689423,-0.021767119,-0.2099880522,3.43713656e-05
4.203,-0.02197562016,-0.02177187169,-0.21,-0.02194561451,-0.02176000493,-0.2099880416,3.441166677e-05
4.204,-0.02207424498,-0.02176471977,-0.21,-0.02204419621,-0.02175285648,-0.2099880307,3.445184562e-05
4.205,-0.02217273037,-0.02175753347,-0.21,-0.02214263871,-0.02174567365,-0.2099880197,3.44919019e-05
4.206,-0.0222710757,-0.02175031282,-0.21,-0.0222409414,-0.02173845647,-0.2099880084,3.453183544e-05
4.207,-0.02236928036,-0.02174305783,-0.21,-0.02233910364,-0.02173120495,-0.2099879969,3.457164605e-05
4.208,-0.02246734372,-0.0217357685,-0.21,-0.02243712483,-0.02172391908,-0.2099879852,3.461133353e-05
4.209,-0.02256526516,-0.02172844484,-0.21,-0.02253500433,-0.02171659889,-0.2099879734,3.465089773e-05
4.21,-0.02266304407,-0.02172108687,-0.21,-0.02263274154,-0.02170924439,-0.2099879613,3.469033846e-05
4.211,-0.02276067983,-0.02171369461,-0.21,-0.02273033582,-0.02170185558,-0.209987949,3.47296556e-05
4.212,-0.02285817182,-0.02170626805,-0.21,-0.02282778657,-0.02169443249,-0.2099879365,3.476884899e-05
4.213,-0.02295551942,-0.02169880721,-0.21,-0.02292509317,-0.02168697511,-0.2099879237,3.48079185e-05
4.214,-0.02305272203,-0.02169131211,-0.21,-0.02302225501,-0.02167948347,-0.2099879108,3.484686401e-05
4.215,-0.02314977902,-0.02168378276,-0.21,-0.02311927146,-0.02167195758,-0.2099878977,3.48856854e-05
4.216,-0.02324668978,-0.02167621917,-0.21,-0.02321614192,-0.02166439744,-0.2099878844,3.492438257e-05
4.217,-0.02334345371,-0.02166862134,-0.21,-0.02331286577,-0.02165680307,-0.2099878709,3.496295544e-05
4.218,-0.02344007019,-0.0216609893,-0.21,-0.02340944241,-0.02164917448,-0.2099878572,3.500140389e-05
4.219,-0.0235365386,-0.02165332305,-0.21,-0.02350587121,-0.02164151169,-0.2099878433,3.503972785e-05
4.22,-0.02363285835,-0.02164562261,-0.21,-0.02360215158,-0.0216338147,-0.2099878292,3.507792726e-05
4.221,-0.02372902882,-0.02163788799,-0.21,-0.0236982829,-0.02162608353,-0.2099878149,3.511600205e-05
4.222,-0.0238250494,-0.0216301192,-0.21,-0.02379426456,-0.02161831818,-0.2099878004,3.515395217e-05
4.223,-0.02392091949,-0.02162231625,-0.21,-0.02389009596,-0.02161051869,-0.2099877857,3.519177756e-05
4.224,-0.02401663848,-0.02161447915,-0.21,-0.0239857765,-0.02160268504,-0.2099877708,3.522947819e-05
4.225,-0.02411220577,-0.02160660793,-0.21,-0.02408130556,-0.02159481726,-0.2099877557,3.526705401e-05
4.226,-0.02420762076,-0.02159870258,-0.21,-0.02417668254,-0.02158691536,-0.2099877405,3.530450502e-05
4.227,-0.02430288284,-0.02159076313,-0.21,-0.02427190684,-0.02157897936,-0.209987725,3.53418312e-05
4.228,-0.0243979914,-0.02158278958,-0.21,-0.02436697786,-0.02157100925,-0.2099877094,3.537903253e-05
4.229,-0.02449294586,-0.02157478195,-0.21,-0.02446189499,-0.02156300507,-0.2099876935,3.541610902e-05
4.23,-0.0245877456,-0.02156674025,-0.21,-0.02455665764,-0.02155496681,-0.2099876775,3.545306069e-05
4.231,-0.02468239004,-0.0215586645,-0.21,-0.02465126521,-0.0215468945,-0.2099876613,3.548988752e-05
4.232,-0.02477687857,-0.0215505547,-0.21,-0.02474571709,-0.02153878814,-0.2099876449,3.552658954e-05
4.233,-0.02487121059,-0.02154241087,-0.21,-0.02484001269,-0.02153064775,-0.2099876283,3.556316677e-05
4.234,-0.02496538551,-0.02153423302,-0.21,-0.02493415142,-0.02152247334,-0.2099876115,3.559961924e-05
4.235,-0.02505940274,-0.02152602116,-0.21,-0.02502813268,-0.02151426492,-0.2099875946,3.5635947e-05
4.236,-0.02515326168,-0.02151777531,-0.21,-0.02512195587,-0.02150602252,-0.2099875774,3.56721501e-05
4.237,-0.02524696174,-0.02150949548,-0.21,-0.02521562041,-0.02149774613,-0.2099875601,3.570822859e-05
4.238,-0.02534050232,-0.02150118169,-0.21,-0.02530912569,-0.02148943577,-0.2099875426,3.574418251e-05
4.239,-0.02543388284,-0.02149283394,-0.21,-0.02540247113,-0.02148109146,-0.2099875249,3.578001194e-05
4.24,-0.02552710271,-0.02148445226,-0.21,-0.02549565614,-0.02147271321,-0.209987507,3.581571694e-05
4.241,-0.02562016133,-0.02147603664,-0.21,-0.02558868013,-0.02146430104,-0.209987489,3.585129758e-05
4.242,-0.02571305813,-0.02146758712,-0.21,-0.02568154251,-0.02145585495,-0.2099874708,3.588675395e-05
4.243,-0.0258057925,-0.02145910369,-0.21,-0.02577424269,-0.02144737496,-0.2099874524,3.592208614e-05
4.244,-0.02589836387,-0.02145058637,-0.21,-0.02586678008,-0.02143886108,-0.2099874338,3.595729423e-05
4.245,-0.02599077165,-0.02144203518,-0.21,-0.02595915411,-0.02143031333,-0.2099874151,3.599237834e-05
4.246,-0.02608301527,-0.02143345014,-0.21,-0.02605136418,-0.02142173172,-0.2099873962,3.602733855e-05
4.247,-0.02617509412,-0.02142483124,-0.21,-0.02614340972,-0.02141311626,-0.2099873771,3.606217497e-05
4.248,-0.02626700764,-0.02141617851,-0.21,-0.02623529014,-0.02140446697,-0.2099873578,3.609688773e-05
4.249,-0.02635875525,-0.02140749197,-0.21,-0.02632700486,-0.02139578386,-0.2099873384,3.613147692e-05
4.25,-0.02645033635,-0.02139877162,-0.21,-0.0264185533,-0.02138706695,-0.2099873188,3.616594269e-05
4.251,-0.02654175039,-0.02139001747,-0.21,-0.02650993488,-0.02137831624,-0.209987299,3.620028515e-05
4.252,-0.02663299677,-0.02138122955,-0.21,-0.02660114902,-0.02136953176,-0.2099872791,3.623450442e-05
4.253,-0.02672407492,-0.02137240787,-0.21,-0.02669219515,-0.02136071352,-0.209987259,3.626860064e-05
4.254,-0.02681498427,-0.02136355243,-0.21,-0.02678307269,-0.02135186152,-0.2099872387,3.630257397e-05
4.255,-0.02690572424,-0.02135466326,-0.21,-0.02687378107,-0.02134297579,-0.2099872183,3.633642455e-05
4.256,-0.02699629426,-0.02134574037,-0.21,-0.02696431971,-0.02133405634,-0.2099871977,3.637015252e-05
4.257,-0.02708669375,-0.02133678377,-0.21,-0.02705468804,-0.02132510318,-0.2099871769,3.640375803e-05
4.258,-0.02717692215,-0.02132779347,-0.21,-0.02714488549,-0.02131611633,-0.209987156,3.643724125e-05
4.259,-0.02726697889,-0.0213187695,-0.21,-0.02723491148,-0.0213070958,-0.2099871349,3.647060233e-05
4.26,-0.0273568634,-0.02130971186,-0.21,-0.02732476545,-0.02129804161,-0.2099871137,3.650384142e-05
4.261,-0.0274465751,-0.02130062057,-0.21,-0.02741444684,-0.02128895376,-0.2099870923,3.653695871e-05
4.262,-0.02753611344,-0.02129149565,-0.21,-0.02750395506,-0.02127983229,-0.2099870707,3.656995436e-05
4.263,-0.02762547784,-0.0212823371,-0.21,-0.02759328956,-0.02127067719,-0.209987049,3.660282854e-05
4.264,-0.02771466774,-0.02127314494,-0.21,-0.02768244978,-0.02126148848,-0.2099870271,3.663558143e-05
4.265,-0.02780368259,-0.02126391919,-0.21,-0.02777143514,-0.02125226618,-0.2099870051,3.666821321e-05
4.266,-0.02789252181,-0.02125465986,-0.21,-0.02786024509,-0.02124301031,-0.2099869829,3.670072407e-05
4.267,-0.02798118485,-0.02124536697,-0.21,-0.02794887905,-0.02123372087,-0.2099869606,3.67331142e-05
4.268,-0.02806967114,-0.02123604053,-0.21,-0.02803733649,-0.02122439788,-0.2099869381,3.676538379e-05
4.269,-0.02815798013,-0.02122668055,-0.21,-0.02812561682,-0.02121504137,-0.2099869155,3.679753301e-05
4.27,-0.02824611126,-0.02121728706,-0.21,-0.0282137195,-0.02120565133,-0.2099868927,3.682956207e-05
4.271,-0.02833406397,-0.02120786006,-0.21,-0.02830164396,-0.02119622779,-0.2099868698,3.686147118e-05
4.272,-0.02842183771,-0.02119839957,-0.21,-0.02838938966,-0.02118677077,-0.2099868467,3.689326051e-05
4.273,-0.02850943192,-0.0211889056,-0.21,-0.02847695603,-0.02117728027,-0.2099868235,3.692493029e-05
4.274,-0.02859684604,-0.02117937817,-0.21,-0.02856434253,-0.02116775631,-0.2099868002,3.695648071e-05
4.275,-0.02868407954,-0.0211698173,-0.21,-0.02865154859,-0.02115819891,-0.2099867767,3.698791198e-05
4.276,-0.02877113185,-0.021160223,-0.21,-0.02873857368,-0.02114860808,-0.209986753,3.701922431e-05
4.277,-0.02885800243,-0.02115059528,-0.21,-0.02882541723,-0.02113898384,-0.2099867293,3.705041791e-05
4.278,-0.02894469072,-0.02114093417,-0.21,-0.02891207869,-0.02112932621,-0.2099867053,3.708149299e-05
4.279,-0.02903119618,-0.02113123967,-0.21,-0.02899855753,-0.02111963519,-0.2099866813,3.711244977e-05
4.28,-0.02911751827,-0.0211215118,-0.21,-0.02908485319,-0.0211099108,-0.2099866571,3.714328846e-05
4.281,-0.02920365644,-0.02111175057,-0.21,-0.02917096513,-0.02110015307,-0.2099866327,3.717400928e-05
4.282,-0.02928961013,-0.02110195601,-0.21,-0.0292568928,-0.021090362,-0.2099866083,3.720461245e-05
4.283,-0.02937537882,-0.02109212813,-0.21,-0.02934263566,-0.02108053761,-0.2099865837,3.723509819e-05
4.284,-0.02946096196,-0.02108226694,-0.21,-0.02942819316,-0.02107067992,-0.2099865589,3.726546673e-05
4.285,-0.02954635901,-0.02107237245,-0.21,-0.02951356478,-0.02106078894,-0.2099865341,3.729571829e-05
4.286,-0.02963156943,-0.02106244469,-0.21,-0.02959874995,-0.02105086468,-0.2099865091,3.732585309e-05
4.287,-0.02971659267,-0.02105248367,-0.21,-0.02968374815,-0.02104090717,-0.209986484,3.735587136e-05
4.288,-0.02980142821,-0.02104248941,-0.21,-0.02976855884,-0.02103091642,-0.2099864587,3.738577332e-05
4.289,-0.02988607551,-0.02103246191,-0.21,-0.02985318149,-0.02102089244,-0.2099864333,3.741555921e-05
4.29,-0.02997053403,-0.02102240121,-0.21,-0.02993761555,-0.02101083526,-0.2099864078,3.744522924e-05
4.291,-0.03005480325,-0.0210123073,-0.21,-0.03002186049,-0.02100074488,-0.2099863822,3.747478365e-05
4.292,-0.03013888262,-0.02100218022,-0.21,-0.03010591578,-0.02099062133,-0.2099863564,3.750422267e-05
4.293,-0.03022277161,-0.02099201996,-0.21,-0.03018978089,-0.02098046461,-0.2099863306,3.753354653e-05
4.294,-0.0303064697,-0.02098182656,-0.21,-0.03027345529,-0.02097027475,-0.2099863046,3.756275545e-05
4.295,-0.03038997637,-0.02097160003,-0.21,-0.03035693845,-0.02096005176,-0.2099862785,3.759184969e-05
4.296,-0.03047329107,-0.02096134038,-0.21,-0.03044022984,-0.02094979566,-0.2099862522,3.762082946e-05
4.297,-0.03055641328,-0.02095104763,-0.21,-0.03052332893,-0.02093950646,-0.2099862259,3.764969499e-05
4.298,-0.03063934249,-0.02094072179,-0.21,-0.0306062352,-0.02092918419,-0.2099861994,3.767844652e-05
4.299,-0.03072207815,-0.02093036289,-0.21,-0.03068894812,-0.02091882885,-0.2099861728,3.770708429e-05
4.3,-0.03080461977,-0.02091997093,-0.21,-0.03077146717,-0.02090844046,-0.2099861461,3.773560852e-05
4.301,-0.0308869668,-0.02090954594,-0.21,-0.03085379183,-0.02089801905,-0.2099861193,3.776401816e-05
4.302,-0.03096911873,-0.02089908793,-0.21,-0.03093592157,-0.02088756462,-0.2099860924,3.77923157e-05
4.303,-0.03105107505,-0.02088859692,-0.21,-0.03101785589,-0.02087707719,-0.2099860654,3.782050152e-05
4.304,-0.03113283523,-0.02087807292,-0.21,-0.03109959425,-0.02086655679,-0.2099860383,3.784857485e-05
4.305,-0.03121439876,-0.02086751595,-0.21,-0.03118113615,-0.02085600342,-0.209986011,3.787653512e-05
4.306,-0.03129576512,-0.02085692603,-0.21,-0.03126248106,-0.02084541711,-0.2099859837,3.790438253e-05
4.307,-0.0313769338,-0.02084630317,-0.21,-0.03134362847,-0.02083479786,-0.2099859562,3.793211774e-05
4.308,-0.03145790429,-0.0208356474,-0.21,-0.03142457788,-0.02082414571,-0.2099859286,3.795974148e-05
4.309,-0.03153867607,-0.02082495872,-0.21,-0.03150532875,-0.02081346065,-0.209985901,3.798725421e-05
4.31,-0.03161924864,-0.02081423715,-0.21,-0.0315858806,-0.02080274272,-0.2099858732,3.801465611e-05
4.311,-0.03169962148,-0.02080348272,-0.21,-0.0316662329,-0.02079199193,-0.2099858454,3.80419472e-05
4.312,-0.03177979409,-0.02079269544,-0.21,-0.03174638514,-0.0207812083,-0.2099858174,3.806912746e-05
4.313,-0.03185976597,-0.02078187532,-0.21,-0.03182633683,-0.02077039183,-0.2099857894,3.809619695e-05
4.314,-0.03193953659,-0.02077102238,-0.21,-0.03190608745,-0.02075954256,-0.2099857612,3.812315585e-05
4.315,-0.03201910547,-0.02076013665,-0.21,-0.0319856365,-0.02074866049,-0.209985733,3.815000443e-05
4.316,-0.03209847211,-0.02074921813,-0.21,-0.03206498348,-0.02073774565,-0.2099857046,3.817674304e-05
4.317,-0.03217763598,-0.02073826684,-0.21,-0.03214412789,-0.02072679805,-0.2099856762,3.820337201e-05
4.318,-0.03225659661,-0.02072728281,-0.21,-0.03222306921,-0.02071581771,-0.2099856477,3.822989168e-05
4.319,-0.03233535349,-0.02071626604,-0.21,-0.03230180697,-0.02070480465,-0.209985619,3.82563023e-05
4.32,-0.03241390612,-0.02070521657,-0.21,-0.03238034065,-0.02069375888,-0.2099855903,3.828260407e-05
4.321,-0.03249225401,-0.02069413439,-0.21,-0.03245866975,-0.02068268043,-0.2099855616,3.830879711e-05
4.322,-0.03257039665,-0.02068301954,-0.21,-0.0325367938,-0.0206715693,-0.2099855327,3.833488157e-05
4.323,-0.03264833357,-0.02067187202,-0.21,-0.03261471228,-0.02066042552,-0.2099855037,3.83608576e-05
4.324,-0.03272606426,-0.02066069186,-0.21,-0.03269242471,-0.02064924911,-0.2099854747,3.838672538e-05
4.325,-0.03280358823,-0.02064947908,-0.21,-0.0327699306,-0.02063804008,-0.2099854456,3.841248513e-05
4.326,-0.032880905,-0.02063823368,-0.21,-0.03284722945,-0.02062679845,-0.2099854164,3.843813713e-05
4.327,-0.03295801408,-0.0206269557,-0.21,-0.03292432077,-0.02061552424,-0.2099853871,3.846368161e-05
4.328,-0.03303491497,-0.02061564514,-0.21,-0.03300120409,-0.02060421747,-0.2099853577,3.848911883e-05
4.329,-0.0331116072,-0.02060430203,-0.21,-0.0330778789,-0.02059287815,-0.2099853283,3.8514449e-05
4.33,-0.03318809028,-0.02059292638,-0.21,-0.03315434473,-0.02058150631,-0.2099852988,3.853967232e-05
4.331,-0.03326436372,-0.02058151822,-0.21,-0.0332306011,-0.02057010195,-0.2099852692,3.856478895e-05
4.332,-0.03334042705,-0.02057007755,-0.21,-0.03330664752,-0.02055866511,-0.2099852395,3.858979906e-05
4.333,-0.03341627978,-0.0205586044,-0.21,-0.0333824835,-0.02054719579,-0.2099852098,3.861470282e-05
4.334,-0.03349192144,-0.02054709878,-0.21,-0.03345810857,-0.02053569402,-0.20998518,3.863950042e-05
4.335,-0.03356735154,-0.02053556072,-0.21,-0.03353352226,-0.02052415982,-0.2099851501,3.866419203e-05
4.336,-0.03364256962,-0.02052399023,-0.21,-0.03360872408,-0.0205125932,-0.2099851202,3.868877788e-05
4.337,-0.03371757519,-0.02051238732,-0.21,-0.03368371356,-0.02050099417,-0.2099850902,3.871325816e-05
4.338,-0.03379236778,-0.02050075203,-0.21,-0.03375849022,-0.02048936277,-0.2099850601,3.873763307e-05
4.339,-0.03386694692,-0.02048908436,-0.21,-0.03383305359,-0.02047769901,-0.20998503,3.876190281e-05
4.34,-0.03394131213,-0.02047738434,-0.21,-0.0339074032,-0.0204660029,-0.2099849998,3.878606754e-05
4.341,-0.03401546296,-0.02046565198,-0.21,-0.03398153858,-0.02045427447,-0.2099849695,3.881012744e-05
4.342,-0.03408939892,-0.0204538873,-0.21,-0.03405545925,-0.02044251373,-0.2099849392,3.883408266e-05
4.343,-0.03416311956,-0.02044209033,-0.21,-0.03412916476,-0.0204307207,-0.2099849089,3.885793336e-05
4.344,-0.03423662441,-0.02043026107,-0.21,-0.03420265464,-0.02041889541,-0.2099848784,3.888167971e-05
4.345,-0.034309913,-0.02041839955,-0.21,-0.03427592841,-0.02040703787,-0.209984848,3.890532187e-05
4.346,-0.03438298486,-0.02040650579,-0.21,-0.03434898562,-0.02039514809,-0.2099848174,3.892886001e-05
4.347,-0.03445583955,-0.0203945798,-0.21,-0.03442182581,-0.02038322611,-0.2099847868,3.89522943e-05
4.348,-0.03452847659,-0.02038262161,-0.21,-0.03449444851,-0.02037127193,-0.2099847562,3.89756249e-05
4.349,-0.03460089554,-0.02037063123,-0.21,-0.03456685326,-0.02035928558,-0.2099847255,3.899885197e-05
4.35,-0.03467309592,-0.02035860868,-0.21,-0.03463903961,-0.02034726707,-0.2099846948,3.902197567e-05
4.351,-0.0347450773,-0.02034655398,-0.21,-0.0347110071,-0.02033521643,-0.209984664,3.904499613e-05
4.352,-0.0348168392,-0.02033446716,-0.21,-0.03478275527,-0.02032313368,-0.2099846332,3.906791349e-05
4.353,-0.03488838118,-0.02032234822,-0.21,-0.03485428367,-0.02031101882,-0.2099846023,3.90907279e-05
4.354,-0.03495970279,-0.02031019719,-0.21,-0.03492559185,-0.02029887189,-0.2099845714,3.911343949e-05
4.355,-0.03503080357,-0.02029801409,-0.21,-0.03499667935,-0.0202866929,-0.2099845404,3.913604839e-05
4.356,-0.03510168308,-0.02028579893,-0.21,-0.03506754573,-0.02027448188,-0.2099845094,3.915855475e-05
4.357,-0.03517234087,-0.02027355174,-0.21,-0.03513819054,-0.02026223883,-0.2099844784,3.918095869e-05
4.358,-0.03524277649,-0.02026127254,-0.21,-0.03520861333,-0.02024996378,-0.2099844473,3.920326034e-05
4.359,-0.03531298949,-0.02024896134,-0.21,-0.03527881365,-0.02023765676,-0.2099844162,3.922545983e-05
4.36,-0.03538297945,-0.02023661816,-0.21,-0.03534879107,-0.02022531777,-0.209984385,3.924755728e-05
4.361,-0.0354527459,-0.02022424303,-0.21,-0.03541854513,-0.02021294684,-0.2099843539,3.926955281e-05
4.362,-0.03552228841,-0.02021183596,-0.21,-0.0354880754,-0.020200544,-0.2099843227,3.929144653e-05
4.363,-0.03559160655,-0.02019939697,-0.21,-0.03555738144,-0.02018810925,-0.2099842914,3.931323854e-05
4.364,-0.03566069987,-0.02018692609,-0.21,-0.0356264628,-0.02017564262,-0.2099842601,3.933492897e-05
4.365,-0.03572956794,-0.02017442333,-0.21,-0.03569531906,-0.02016314413,-0.2099842288,3.93565179e-05
4.366,-0.03579821032,-0.02016188871,-0.21,-0.03576394977,-0.02015061379,-0.2099841975,3.937800544e-05
4.367,-0.03586662658,-0.02014932225,-0.21,-0.0358323545,-0.02013805164,-0.2099841662,3.939939169e-05
4.368,-0.03593481629,-0.02013672397,-0.21,-0.03590053283,-0.02012545768,-0.2099841348,3.942067673e-05
4.369,-0.03600277901,-0.0201240939,-0.21,-0.0359684843,-0.02011283194,-0.2099841034,3.944186068e-05
4.37,-0.03607051432,-0.02011143204,-0.21,-0.03603620851,-0.02010017444,-0.209984072,3.94629436e-05
4.371,-0.03613802179,-0.02009873843,-0.21,-0.03610370501,-0.0200874852,-0.2099840405,3.948392559e-05
4.372,-0.03620530099,-0.02008601308,-0.21,-0.03617097339,-0.02007476424,-0.2099840091,3.950480672e-05
4.373,-0.0362723515,-0.02007325601,-0.21,-0.03623801321,-0.02006201158,-0.2099839776,3.952558707e-05
4.374,-0.03633917289,-0.02006046724,-0.21,-0.03630482405,-0.02004922724,-0.2099839461,3.954626671e-05
4.375,-0.03640576475,-0.02004764679,-0.21,-0.0363714055,-0.02003641124,-0.2099839146,3.956684571e-05
4.376,-0.03647212664,-0.02003479469,-0.21,-0.03643775711,-0.0200235636,-0.2099838831,3.958732415e-05
4.377,-0.03653825816,-0.02002191095,-0.21,-0.03650387849,-0.02001068434,-0.2099838516,3.960770208e-05
4.378,-0.03660415889,-0.02000899559,-0.21,-0.03656976921,-0.01999777348,-0.20998382,3.962797955e-05
4.379,-0.0366698284,-0.01999604863,-0.21,-0.03663542884,-0.01998483104,-0.2099837885,3.964815663e-05
4.38,-0.03673526628,-0.0199830701,-0.21,-0.03670085699,-0.01997185705,-0.2099837569,3.966823337e-05
4.381,-0.03680047213,-0.01997006001,-0.21,-0.03676605323,-0.01995885152,-0.2099837254,3.968820981e-05
4.382,-0.03686544552,-0.01995701838,-0.21,-0.03683101714,-0.01994581448,-0.2099836938,3.9708086e-05
4.383,-0.03693018605,-0.01994394525,-0.21,-0.03689574833,-0.01993274594,-0.2099836623,3.972786198e-05
4.384,-0.03699469331,-0.01993084061,-0.21,-0.03696024637,-0.01991964592,-0.2099836307,3.974753779e-05
4.385,-0.03705896689,-0.0199177045,-0.21,-0.03702451087,-0.01990651446,-0.2099835991,3.976711346e-05
4.386,-0.03712300639,-0.01990453695,-0.21,-0.03708854141,-0.01989335156,-0.2099835676,3.978658901e-05
4.387,-0.0371868114,-0.01989133795,-0.21,-0.03715233759,-0.01988015725,-0.209983536,3.980596449e-05
4.388,-0.03725038151,-0.01987810755,-0.21,-0.03721589901,-0.01986693155,-0.2099835044,3.982523992e-05
4.389,-0.03731371634,-0.01986484576,-0.21,-0.03727922526,-0.01985367448,-0.2099834729,3.98444153e-05
4.39,-0.03737681546,-0.01985155259,-0.21,-0.03734231594,-0.01984038606,-0.2099834413,3.986349064e-05
4.391,-0.0374396785,-0.01983822808,-0.21,-0.03740517066,-0.01982706632,-0.2099834098,3.988246597e-05
4.392,-0.03750230505,-0.01982487225,-0.21,-0.03746778901,-0.01981371527,-0.2099833783,3.99013413e-05
4.393,-0.03756469471,-0.0198114851,-0.21,-0.0375301706,-0.01980033293,-0.2099833467,3.992011661e-05
4.394,-0.03762684709,-0.01979806667,-0.21,-0.03759231504,-0.01978691934,-0.2099833152,3.993879193e-05
4.395,-0.0376887618,-0.01978461698,-0.21,-0.03765422193,-0.0197734745,-0.2099832837,3.995736724e-05
4.396,-0.03775043845,-0.01977113604,-0.21,-0.03771589087,-0.01975999844,-0.2099832523,3.997584253e-05
4.397,-0.03781187665,-0.01975762389,-0.21,-0.03777732149,-0.01974649118,-0.2099832208,3.999421781e-05
4.398,-0.037873076,-0.01974408053,-0.21,-0.03783851339,-0.01973295275,-0.2099831894,4.001249305e-05
4.399,-0.03793403613,-0.01973050599,-0.21,-0.03789946618,-0.01971938316,-0.2099831579,4.003066823e-05
4.4,-0.03799475665,-0.0197169003,-0.21,-0.03796017948,-0.01970578244,-0.2099831265,4.004874332e-05
4.401,-0.03805523717,-0.01970326347,-0.21,-0.0380206529,-0.0196921506,-0.2099830951,4.006671832e-05
4.402,-0.03811547731,-0.01968959553,-0.21,-0.03808088606,-0.01967848768,-0.2099830638,4.008459318e-05
4.403,-0.0381754767,-0.01967589649,-0.21,-0.03814087859,-0.01966479369,-0.2099830324,4.010236788e-05
4.404,-0.03823523495,-0.01966216639,-0.21,-0.03820063009,-0.01965106864,-0.2099830011,4.012004239e-05
4.405,-0.03829475168,-0.01964840523,-0.21,-0.03826014019,-0.01963731258,-0.2099829698,4.013761665e-05
4.406,-0.03835402652,-0.01963461305,-0.21,-0.03831940852,-0.01962352551,-0.2099829386,4.015509062e-05
4.407,-0.0384130591,-0.01962078986,-0.21,-0.0383784347,-0.01960970746,-0.2099829074,4.017246427e-05
4.408,-0.03847184904,-0.01960693569,-0.21,-0.03843721836,-0.01959585845,-0.2099828762,4.018973752e-05
4.409,-0.03853039598,-0.01959305055,-0.21,-0.03849575912,-0.01958197851,-0.209982845,4.020691034e-05
4.41,-0.03858869953,-0.01957913448,-0.21,-0.03855405662,-0.01956806765,-0.2099828139,4.022398268e-05
4.411,-0.03864675933,-0.01956518749,-0.21,-0.03861211048,-0.0195541259,-0.2099827828,4.024095445e-05
4.412,-0.03870457503,-0.0195512096,-0.21,-0.03866992034,-0.01954015327,-0.2099827517,4.025782561e-05
4.413,-0.03876214624,-0.01953720084,-0.21,-0.03872748583,-0.0195261498,-0.2099827207,4.027459608e-05
4.414,-0.03881947261,-0.01952316122,-0.21,-0.03878480659,-0.01951211551,-0.2099826897,4.029126578e-05
4.415,-0.03887655377,-0.01950909078,-0.21,-0.03884188225,-0.01949805041,-0.2099826588,4.030783465e-05
4.416,-0.03893338937,-0.01949498952,-0.21,-0.03889871245,-0.01948395453,-0.2099826279,4.03243026e-05
4.417,-0.03898997905,-0.01948085749,-0.21,-0.03895529685,-0.01946982789,-0.2099825971,4.034066955e-05
4.418,-0.03904632244,-0.01946669469,-0.21,-0.03901163506,-0.01945567051,-0.2099825663,4.035693542e-05
4.419,-0.0391024192,-0.01945250115,-0.21,-0.03906772675,-0.01944148242,-0.2099825355,4.037310012e-05
4.42,-0.03915826896,-0.01943827689,-0.21,-0.03912357155,-0.01942726364,-0.2099825048,4.038916355e-05
4.421,-0.03921387138,-0.01942402193,-0.21,-0.03917916911,-0.0194130142,-0.2099824741,4.040512562e-05
4.422,-0.0392692261,-0.0194097363,-0.21,-0.03923451908,-0.0193987341,-0.2099824435,4.042098622e-05
4.423,-0.03932433278,-0.01939542003,-0.21,-0.03928962111,-0.01938442339,-0.2099824129,4.043674527e-05
4.424,-0.03937919106,-0.01938107312,-0.21,-0.03934447485,-0.01937008207,-0.2099823824,4.045240265e-05
4.425,-0.0394338006,-0.01936669561,-0.21,-0.03939907995,-0.01935571018,-0.209982352,4.046795824e-05
4.426,-0.03948816106,-0.01935228751,-0.21,-0.03945343607,-0.01934130773,-0.2099823216,4.048341194e-05
4.427,-0.03954227209,-0.01933784886,-0.21,-0.03950754286,-0.01932687476,-0.2099822912,4.049876363e-05
4.428,-0.03959613334,-0.01932337967,-0.21,-0.03956139999,-0.01931241127,-0.209982261,4.051401319e-05
4.429,-0.03964974449,-0.01930887996,-0.21,-0.0396150071,-0.0192979173,-0.2099822307,4.05291605e-05
4.43,-0.03970310519,-0.01929434976,-0.21,-0.03966836386,-0.01928339286,-0.2099822006,4.054420543e-05
4.431,-0.0397562151,-0.0192797891,-0.21,-0.03972146994,-0.01926883799,-0.2099821705,4.055914786e-05
4.432,-0.03980907389,-0.01926519799,-0.21,-0.039774325,-0.0192542527,-0.2099821404,4.057398765e-05
4.433,-0.03986168122,-0.01925057645,-0.21,-0.03982692869,-0.01923963702,-0.2099821105,4.058872467e-05
4.434,-0.03991403677,-0.01923592452,-0.21,-0.0398792807,-0.01922499097,-0.2099820806,4.060335878e-05
4.435,-0.0399661402,-0.01922124221,-0.21,-0.03993138069,-0.01921031458,-0.2099820507,4.061788984e-05
4.436,-0.04001799118,-0.01920652955,-0.21,-0.03998322832,-0.01919560786,-0.209982021,4.063231771e-05
4.437,-0.04006958938,-0.01919178656,-0.21,-0.04003482327,-0.01918087084,-0.2099819913,4.064664223e-05
4.438,-0.04012093448,-0.01917701326,-0.21,-0.04008616522,-0.01916610355,-0.2099819616,4.066086326e-05
4.439,-0.04017202616,-0.01916220968,-0.21,-0.04013725384,-0.019151306,-0.2099819321,4.067498065e-05
4.44,-0.04022286409,-0.01914737584,-0.21,-0.0401880888,-0.01913647823,-0.2099819026,4.068899423e-05
4.441,-0.04027344795,-0.01913251176,-0.21,-0.04023866979,-0.01912162025,-0.2099818732,4.070290386e-05
4.442,-0.04032377742,-0.01911761747,-0.21,-0.04028899648,-0.01910673209,-0.2099818439,4.071670936e-05
4.443,-0.04037385218,-0.01910269299,-0.21,-0.04033906855,-0.01909181377,-0.2099818146,4.073041058e-05
4.444,-0.04042367192,-0.01908773835,-0.21,-0.04038888569,-0.01907686532,-0.2099817854,4.074400734e-05
4.445,-0.04047323632,-0.01907275356,-0.21,-0.04043844759,-0.01906188676,-0.2099817564,4.075749949e-05
4.446,-0.04052254507,-0.01905773866,-0.21,-0.04048775392,-0.01904687811,-0.2099817273,4.077088684e-05
4.447,-0.04057159786,-0.01904269366,-0.21,-0.04053680439,-0.0190318394,-0.2099816984,4.078416922e-05
4.448,-0.04062039438,-0.01902761858,-0.21,-0.04058559866,-0.01901677065,-0.2099816696,4.079734646e-05
4.449,-0.04066893431,-0.01901251347,-0.21,-0.04063413645,-0.01900167189,-0.2099816408,4.081041837e-05
4.45,-0.04071721736,-0.01899737832,-0.21,-0.04068241744,-0.01898654313,-0.2099816122,4.082338476e-05
4.451,-0.04076524322,-0.01898221318,-0.21,-0.04073044132,-0.01897138441,-0.2099815836,4.083624547e-05
4.452,-0.04081301158,-0.01896701807,-0.21,-0.0407782078,-0.01895619575,-0.2099815551,4.084900029e-05
4.453,-0.04086052214,-0.018951793,-0.21,-0.04082571656,-0.01894097717,-0.2099815267,4.086164904e-05
4.454,-0.04090777461,-0.018936538,-0.21,-0.04087296731,-0.0189257287,-0.2099814984,4.087419152e-05
4.455,-0.04095476868,-0.0189212531,-0.21,-0.04091995975,-0.01891045035,-0.2099814702,4.088662755e-05
4.456,-0.04100150406,-0.01890593832,-0.21,-0.04096669358,-0.01889514216,-0.209981442,4.089895692e-05
4.457,-0.04104798045,-0.01889059369,-0.21,-0.04101316851,-0.01887980415,-0.209981414,4.091117944e-05
4.458,-0.04109419756,-0.01887521923,-0.21,-0.04105938424,-0.01886443635,-0.2099813861,4.092329489e-05
4.459,-0.0411401551,-0.01885981495,-0.21,-0.04110534048,-0.01884903877,-0.2099813582,4.093530309e-05
4.46,-0.04118585277,-0.0188443809,-0.21,-0.04115103693,-0.01883361144,-0.2099813305,4.094720382e-05
4.461,-0.04123129029,-0.01882891709,-0.21,-0.04119647332,-0.01881815439,-0.2099813029,4.095899688e-05
4.462,-0.04127646737,-0.01881342355,-0.21,-0.04124164935,-0.01880266765,-0.2099812753,4.097068205e-05
4.463,-0.04132138373,-0.01879790029,-0.21,-0.04128656473,-0.01878715123,-0.2099812479,4.098225912e-05
4.464,-0.04136603907,-0.01878234735,-0.21,-0.04133121918,-0.01877160516,-0.2099812206,4.099372789e-05
4.465,-0.04141043313,-0.01876676476,-0.21,-0.04137561243,-0.01875602946,-0.2099811934,4.100508814e-05
4.466,-0.04145456562,-0.01875115252,-0.21,-0.04141974418,-0.01874042417,-0.2099811663,4.101633964e-05
4.467,-0.04149843626,-0.01873551068,-0.21,-0.04146361416,-0.0187247893,-0.2099811393,4.102748218e-05
4.468,-0.04154204477,-0.01871983925,-0.21,-0.04150722209,-0.01870912488,-0.2099811124,4.103851553e-05
4.469,-0.04158539087,-0.01870413826,-0.21,-0.04155056769,-0.01869343094,-0.2099810856,4.104943948e-05
4.47,-0.04162847431,-0.01868840773,-0.21,-0.0415936507,-0.01867770749,-0.2099810589,4.10602538e-05
4.471,-0.04167129479,-0.01867264769,-0.21,-0.04163647083,-0.01866195457,-0.2099810323,4.107095826e-05
4.472,-0.04171385206,-0.01865685817,-0.21,-0.04167902782,-0.0186461722,-0.2099810059,4.108155264e-05
4.473,-0.04175614584,-0.01864103918,-0.21,-0.04172132139,-0.01863036041,-0.2099809796,4.10920367e-05
4.474,-0.04179817586,-0.01862519076,-0.21,-0.04176335129,-0.01861451921,-0.2099809533,4.110241022e-05
4.475,-0.04183994186,-0.01860931292,-0.21,-0.04180511724,-0.01859864865,-0.2099809272,4.111267297e-05
4.476,-0.04188144359,-0.0185934057,-0.21,-0.04184661898,-0.01858274873,-0.2099809012,4.11228247e-05
4.477,-0.04192268076,-0.01857746912,-0.21,-0.04188785624,-0.01856681949,-0.2099808754,4.113286519e-05
4.478,-0.04196365313,-0.0185615032,-0.21,-0.04192882877,-0.01855086095,-0.2099808496,4.11427942e-05
4.479,-0.04200436043,-0.01854550796,-0.21,-0.04196953631,-0.01853487313,-0.209980824,4.115261149e-05
4.48,-0.04204480241,-0.01852948345,-0.21,-0.04200997859,-0.01851885607,-0.2099807985,4.116231683e-05
4.481,-0.04208497881,-0.01851342967,-0.21,-0.04205015537,-0.01850280978,-0.2099807731,4.117190996e-05
4.482,-0.04212488938,-0.01849734666,-0.21,-0.04209006639,-0.0184867343,-0.2099807479,4.118139065e-05
4.483,-0.04216453387,-0.01848123443,-0.21,-0.04212971139,-0.01847062965,-0.2099807228,4.119075867e-05
4.484,-0.04220391202,-0.01846509303,-0.21,-0.04216909012,-0.01845449585,-0.2099806978,4.120001376e-05
4.485,-0.04224302359,-0.01844892246,-0.21,-0.04220820234,-0.01843833293,-0.2099806729,4.120915568e-05
4.486,-0.04228186833,-0.01843272276,-0.21,-0.0422470478,-0.01842214091,-0.2099806482,4.121818419e-05
4.487,-0.042320446,-0.01841649395,-0.21,-0.04228562625,-0.01840591983,-0.2099806235,4.122709904e-05
4.488,-0.04235875635,-0.01840023606,-0.21,-0.04232393745,-0.0183896697,-0.2099805991,4.12359e-05
4.489,-0.04239679913,-0.01838394912,-0.21,-0.04236198115,-0.01837339056,-0.2099805747,4.12445868e-05
4.49,-0.04243457412,-0.01836763314,-0.21,-0.04239975712,-0.01835708242,-0.2099805505,4.125315919e-05
4.491,-0.04247208106,-0.01835128816,-0.21,-0.04243726512,-0.01834074532,-0.2099805264,4.126161695e-05
4.492,-0.04250931973,-0.0183349142,-0.21,-0.0424745049,-0.01832437928,-0.2099805025,4.12699598e-05
4.493,-0.04254628988,-0.01831851128,-0.21,-0.04251147623,-0.01830798433,-0.2099804787,4.12781875e-05
4.494,-0.04258299129,-0.01830207944,-0.21,-0.04254817888,-0.01829156048,-0.209980455,4.128629981e-05
4.495,-0.04261942372,-0.0182856187,-0.21,-0.04258461262,-0.01827510778,-0.2099804315,4.129429646e-05
4.496,-0.04265558695,-0.01826912908,-0.21,-0.04262077721,-0.01825862624,-0.2099804081,4.130217722e-05
4.497,-0.04269148074,-0.01825261061,-0.21,-0.04265667243,-0.01824211589,-0.2099803849,4.130994182e-05
4.498,-0.04272710487,-0.01823606332,-0.21,-0.04269229804,-0.01822557676,-0.2099803618,4.131759003e-05
4.499,-0.04276245911,-0.01821948723,-0.21,-0.04272765384,-0.01820900887,-0.2099803388,4.132512158e-05
4.5,-0.04279754323,-0.01820288237,-0.21,-0.04276273958,-0.01819241225,-0.209980316,4.133253622e-05
4.501,-0.04283235703,-0.01818624877,-0.21,-0.04279755504,-0.01817578693,-0.2099802933,4.133983371e-05
4.502,-0.04286690027,-0.01816958645,-0.21,-0.04283210002,-0.01815913293,-0.2099802708,4.134701377e-05
4.503,-0.04290117274,-0.01815289543,-0.21,-0.04286637428,-0.01814245027,-0.2099802484,4.135407618e-05
4.504,-0.04293517423,-0.01813617575,-0.21,-0.04290037762,-0.018125739,-0.2099802262,4.136102066e-05
4.505,-0.04296890451,-0.01811942743,-0.21,-0.04293410981,-0.01810899912,-0.2099802041,4.136784698e-05
4.506,-0.04300236338,-0.01810265049,-0.21,-0.04296757064,-0.01809223067,-0.2099801822,4.137455487e-05
4.507,-0.04303555062,-0.01808584497,-0.21,-0.04300075991,-0.01807543368,-0.2099801604,4.138114409e-05
4.508,-0.04306846603,-0.01806901089,-0.21,-0.0430336774,-0.01805860817,-0.2099801388,4.138761439e-05
4.509,-0.04310110939,-0.01805214828,-0.21,-0.0430663229,-0.01804175416,-0.2099801173,4.13939655e-05
4.51,-0.04313348051,-0.01803525716,-0.21,-0.0430986962,-0.0180248717,-0.209980096,4.140019719e-05
4.511,-0.04316557916,-0.01801833756,-0.21,-0.04313079711,-0.01800796079,-0.2099800748,4.14063092e-05
4.512,-0.04319740516,-0.0180013895,-0.21,-0.04316262541,-0.01799102147,-0.2099800538,4.141230128e-05
4.513,-0.04322895831,-0.01798441302,-0.21,-0.04319418091,-0.01797405377,-0.2099800329,4.141817317e-05
4.514,-0.04326023839,-0.01796740814,-0.21,-0.04322546341,-0.01795705771,-0.2099800122,4.142392464e-05
4.515,-0.04329124522,-0.01795037489,-0.21,-0.0432564727,-0.01794003331,-0.2099799917,4.142955542e-05
4.516,-0.0433219786,-0.01793331329,-0.21,-0.0432872086,-0.01792298062,-0.2099799713,4.143506528e-05
4.517,-0.04335243833,-0.01791622337,-0.21,-0.04331767091,-0.01790589964,-0.2099799511,4.144045397e-05
4.518,-0.04338262423,-0.01789910516,-0.21,-0.04334785943,-0.01788879042,-0.2099799311,4.144572127e-05
4.519,-0.0434125361,-0.01788195868,-0.21,-0.04337777397,-0.01787165298,-0.2099799112,4.145086694e-05
4.52,-0.04344217375,-0.01786478397,-0.21,-0.04340741435,-0.01785448734,-0.2099798914,4.145589078e-05
4.521,-0.04347153699,-0.01784758104,-0.21,-0.04343678037,-0.01783729353,-0.2099798719,4.146079254e-05
4.522,-0.04350062565,-0.01783034994,-0.21,-0.04346587186,-0.01782007158,-0.2099798525,4.146557199e-05
4.523,-0.04352943953,-0.01781309067,-0.21,-0.04349468862,-0.01780282152,-0.2099798332,4.14702289e-05
4.524,-0.04355797846,-0.01779580328,-0.21,-0.04352323048,-0.01778554337,-0.2099798142,4.147476299e-05
4.525,-0.04358624225,-0.01777848778,-0.21,-0.04355149725,-0.01776823716,-0.2099797953,4.147917403e-05
4.526,-0.04361423073,-0.01776114421,-0.21,-0.04357948875,-0.01775090292,-0.2099797765,4.148346177e-05
4.527,-0.04364194371,-0.01774377259,-0.21,-0.04360720481,-0.01773354067,-0.209979758,4.148762595e-05
4.528,-0.04366938103,-0.01772637295,-0.21,-0.04363464525,-0.01771615045,-0.2099797396,4.149166635e-05
4.529,-0.04369654251,-0.01770894532,-0.21,-0.04366180991,-0.01769873228,-0.2099797214,4.149558273e-05
4.53,-0.04372342798,-0.01769148972,-0.21,-0.04368869859,-0.01768128619,-0.2099797033,4.149937485e-05
4.531,-0.04375003727,-0.01767400619,-0.21,-0.04371531115,-0.01766381221,-0.2099796854,4.150304251e-05
4.532,-0.04377637021,-0.01765649475,-0.21,-0.0437416474,-0.01764631036,-0.2099796677,4.150658546e-05
4.533,-0.04380242663,-0.01763895542,-0.21,-0.04376770718,-0.01762878067,-0.2099796502,4.151000346e-05
4.534,-0.04382820637,-0.01762138824,-0.21,-0.04379349033,-0.01761122317,-0.2099796328,4.15132963e-05
4.535,-0.04385370928,-0.01760379324,-0.21,-0.04381899668,-0.01759363789,-0.2099796157,4.151646373e-05
4.536,-0.04387893517,-0.01758617043,-0.21,-0.04384422607,-0.01757602485,-0.2099795987,4.151950551e-05
4.537,-0.04390388391,-0.01756851986,-0.21,-0.04386917834,-0.01755838408,-0.2099795818,4.152242143e-05
4.538,-0.04392855532,-0.01755084154,-0.21,-0.04389385334,-0.01754071562,-0.2099795652,4.152521126e-05
4.539,-0.04395294926,-0.01753313551,-0.21,-0.0439182509,-0.01752301949,-0.2099795487,4.152787477e-05
4.54,-0.04397706556,-0.01751540179,-0.21,-0.04394237088,-0.01750529571,-0.2099795324,4.153041175e-05
4.541,-0.04400090408,-0.01749764041,-0.21,-0.04396621312,-0.01748754432,-0.2099795163,4.153282198e-05
4.542,-0.04402446467,-0.01747985139,-0.21,-0.04398977746,-0.01746976534,-0.2099795004,4.153510525e-05
4.543,-0.04404774718,-0.01746203478,-0.21,-0.04401306377,-0.0174519588,-0.2099794846,4.153726135e-05
4.544,-0.04407075146,-0.01744419059,-0.21,-0.04403607189,-0.01743412473,-0.2099794691,4.153929006e-05
4.545,-0.04409347736,-0.01742631885,-0.21,-0.04405880167,-0.01741626316,-0.2099794537,4.154119117e-05
4.546,-0.04411592474,-0.0174084196,-0.21,-0.04408125298,-0.01739837411,-0.2099794385,4.154296446e-05
4.547,-0.04413809346,-0.01739049286,-0.21,-0.04410342567,-0.01738045762,-0.2099794235,4.154460974e-05
4.548,-0.04415998339,-0.01737253865,-0.21,-0.0441253196,-0.01736251371,-0.2099794087,4.15461268e-05
4.549,-0.04418159437,-0.01735455701,-0.21,-0.04414693463,-0.01734454241,-0.209979394,4.154751542e-05
4.55,-0.04420292628,-0.01733654796,-0.21,-0.04416827063,-0.01732654376,-0.2099793796,4.154877542e-05
4.551,-0.04422397898,-0.01731851154,-0.21,-0.04418932746,-0.01730851777,-0.2099793653,4.15499066e-05
4.552,-0.04424475234,-0.01730044777,-0.21,-0.04421010498,-0.01729046447,-0.2099793512,4.155090877e-05
4.553,-0.04426524622,-0.01728235668,-0.21,-0.04423060307,-0.0172723839,-0.2099793373,4.155178173e-05
4.554,-0.0442854605,-0.0172642383,-0.21,-0.0442508216,-0.01725427609,-0.2099793236,4.15525253e-05
4.555,-0.04430539505,-0.01724609265,-0.21,-0.04427076043,-0.01723614106,-0.2099793101,4.155313929e-05
4.556,-0.04432504975,-0.01722791978,-0.21,-0.04429041944,-0.01721797883,-0.2099792968,4.15536235e-05
4.557,-0.04434442446,-0.01720971969,-0.21,-0.04430979851,-0.01719978945,-0.2099792836,4.155397777e-05
4.558,-0.04436351907,-0.01719149243,-0.21,-0.04432889752,-0.01718157294,-0.2099792707,4.15542019e-05
4.559,-0.04438233345,-0.01717323802,-0.21,-0.04434771633,-0.01716332932,-0.209979258,4.155429572e-05
4.56,-0.04440086749,-0.0171549565,-0.21,-0.04436625484,-0.01714505863,-0.2099792454,4.155425906e-05
4.561,-0.04441912107,-0.01713664788,-0.21,-0.04438451293,-0.0171267609,-0.209979233,4.155409175e-05
4.562,-0.04443709408,-0.0171183122,-0.21,-0.04440249048,-0.01710843614,-0.2099792209,4.155379362e-05
4.563,-0.04445478639,-0.01709994949,-0.21,-0.04442018738,-0.01709008441,-0.2099792089,4.15533645e-05
4.564,-0.04447219791,-0.01708155978,-0.21,-0.04443760351,-0.01707170571,-0.2099791971,4.155280423e-05
4.565,-0.04448932851,-0.01706314309,-0.21,-0.04445473876,-0.01705330008,-0.2099791855,4.155211266e-05
4.566,-0.0445061781,-0.01704469946,-0.21,-0.04447159304,-0.01703486756,-0.2099791741,4.155128962e-05
4.567,-0.04452274656,-0.01702622891,-0.21,-0.04448816622,-0.01701640816,-0.2099791629,4.155033496e-05
4.568,-0.04453903379,-0.01700773148,-0.21,-0.04450445821,-0.01699792193,-0.2099791519,4.154924853e-05
4.569,-0.04455503969,-0.01698920719,-0.21,-0.04452046889,-0.01697940888,-0.2099791411,4.154803018e-05
4.57,-0.04457076416,-0.01697065607,-0.21,-0.04453619818,-0.01696086904,-0.2099791305,4.154667976e-05
4.571,-0.04458620709,-0.01695207815,-0.21,-0.04455164597,-0.01694230246,-0.2099791201,4.154519714e-05
4.572,-0.04460136839,-0.01693347346,-0.21,-0.04456681216,-0.01692370914,-0.2099791099,4.154358217e-05
4.573,-0.04461624796,-0.01691484203,-0.21,-0.04458169666,-0.01690508914,-0.2099790999,4.154183473e-05
4.574,-0.04463084572,-0.01689618389,-0.21,-0.04459629937,-0.01688644247,-0.2099790901,4.153995467e-05
4.575,-0.04464516156,-0.01687749907,-0.21,-0.04461062021,-0.01686776916,-0.2099790805,4.153794188e-05
4.576,-0.0446591954,-0.01685878759,-0.21,-0.04462465907,-0.01684906924,-0.2099790711,4.153579623e-05
4.577,-0.04467294714,-0.0168400495,-0.21,-0.04463841587,-0.01683034275,-0.2099790619,4.153351759e-05
4.578,-0.04468641671,-0.01682128481,-0.21,-0.04465189052,-0.01681158971,-0.2099790529,4.153110584e-05
4.579,-0.04469960402,-0.01680249356,-0.21,-0.04466508295,-0.01679281016,-0.2099790441,4.152856087e-05
4.58,-0.04471250897,-0.01678367577,-0.21,-0.04467799305,-0.01677400411,-0.2099790355,4.152588257e-05
4.581,-0.0447251315,-0.01676483148,-0.21,-0.04469062076,-0.01675517161,-0.2099790271,4.152307082e-05
4.582,-0.04473747152,-0.01674596072,-0.21,-0.044702966,-0.01673631267,-0.2099790189,4.152012554e-05
4.583,-0.04474952896,-0.01672706351,-0.21,-0.04471502868,-0.01671742734,-0.209979011,4.15170466e-05
4.584,-0.04476130373,-0.01670813989,-0.21,-0.04472680872,-0.01669851564,-0.2099790032,4.151383392e-05
4.585,-0.04477279576,-0.01668918989,-0.21,-0.04473830606,-0.0166795776,-0.2099789956,4.15104874e-05
4.586,-0.04478400499,-0.01667021353,-0.21,-0.04474952062,-0.01666061325,-0.2099789882,4.150700695e-05
4.587,-0.04479493134,-0.01665121084,-0.21,-0.04476045233,-0.01664162262,-0.2099789811,4.150339248e-05
4.588,-0.04480557473,-0.01663218186,-0.21,-0.04477110113,-0.01662260574,-0.2099789741,4.149964391e-05
4.589,-0.04481593511,-0.01661312662,-0.21,-0.04478146693,-0.01660356265,-0.2099789673,4.149576116e-05
4.59,-0.04482601241,-0.01659404514,-0.21,-0.04479154968,-0.01658449336,-0.2099789608,4.149174415e-05
4.591,-0.04483580656,-0.01657493746,-0.21,-0.04480134932,-0.01656539791,-0.2099789544,4.148759282e-05
4.592,-0.04484531751,-0.0165558036,-0.21,-0.04481086578,-0.01654627634,-0.2099789483,4.148330709e-05
4.593,-0.04485454519,-0.0165366436,-0.21,-0.04482009899,-0.01652712866,-0.2099789424,4.147888689e-05
4.594,-0.04486348954,-0.01651745749,-0.21,-0.04482904892,-0.01650795492,-0.2099789366,4.147433218e-05
4.595,-0.04487215051,-0.01649824529,-0.21,-0.04483771548,-0.01648875514,-0.2099789311,4.146964288e-05
4.596,-0.04488052805,-0.01647900704,-0.21,-0.04484609864,-0.01646952935,-0.2099789258,4.146481895e-05
4.597,-0.04488862209,-0.01645974277,-0.21,-0.04485419834,-0.01645027758,-0.2099789207,4.145986033e-05
4.598,-0.04489643259,-0.0164404525,-0.21,-0.04486201453,-0.01643099987,-0.2099789158,4.145476699e-05
4.599,-0.0449039595,-0.01642113627,-0.21,-0.04486954715,-0.01641169624,-0.2099789111,4.144953888e-05
4.6,-0.04491120278,-0.01640179412,-0.21,-0.04487679616,-0.01639236672,-0.2099789067,4.144417595e-05
4.601,-0.04491816237,-0.01638242606,-0.21,-0.04488376151,-0.01637301135,-0.2099789024,4.143867819e-05
4.602,-0.04492483823,-0.01636303213,-0.21,-0.04489044317,-0.01635363015,-0.2099788984,4.143304555e-05
4.603,-0.04493123033,-0.01634361236,-0.21,-0.04489684108,-0.01633422315,-0.2099788945,4.142727802e-05
4.604,-0.04493733861,-0.01632416678,-0.21,-0.04490295521,-0.01631479039,-0.2099788909,4.142137556e-05
4.605,-0.04494316305,-0.01630469543,-0.21,-0.04490878552,-0.0162953319,-0.2099788874,4.141533816e-05
4.606,-0.0449487036,-0.01628519833,-0.21,-0.04491433197,-0.01627584771,-0.2099788842,4.140916582e-05
4.607,-0.04495396023,-0.01626567551,-0.21,-0.04491959452,-0.01625633784,-0.2099788812,4.140285851e-05
4.608,-0.0449589329,-0.016246127,-0.21,-0.04492457315,-0.01623680233,-0.2099788784,4.139641623e-05
4.609,-0.04496362159,-0.01622655284,-0.21,-0.04492926782,-0.01621724121,-0.2099788758,4.138983899e-05
4.61,-0.04496802627,-0.01620695306,-0.21,-0.0449336785,-0.01619765451,-0.2099788735,4.138312678e-05
4.611,-0.0449721469,-0.01618732768,-0.21,-0.04493780516,-0.01617804227,-0.2099788713,4.13762796e-05
4.612,-0.04497598347,-0.01616767674,-0.21,-0.04494164778,-0.0161584045,-0.2099788693,4.136929748e-05
4.613,-0.04497953594,-0.01614800028,-0.21,-0.04494520633,-0.01613874125,-0.2099788676,4.136218042e-05
4.614,-0.0449828043,-0.01612829831,-0.21,-0.04494848079,-0.01611905254,-0.2099788661,4.135492844e-05
4.615,-0.04498578852,-0.01610857087,-0.21,-0.04495147115,-0.01609933841,-0.2099788647,4.134754157e-05
4.616,-0.04498848858,-0.01608881799,-0.21,-0.04495417737,-0.01607959888,-0.2099788636,4.134001983e-05
4.617,-0.04499090448,-0.01606903971,-0.21,-0.04495659945,-0.01605983399,-0.2099788627,4.133236325e-05
4.618,-0.04499303619,-0.01604923605,-0.21,-0.04495873736,-0.01604004377,-0.2099788621,4.132457187e-05
4.619,-0.04499488369,-0.01602940705,-0.21,-0.0449605911,-0.01602022825,-0.2099788616,4.131664573e-05
4.62,-0.04499644699,-0.01600955274,-0.21,-0.04496216065,-0.01600038746,-0.2099788613,4.130858488e-05
4.621,-0.04499772606,-0.01598967314,-0.21,-0.04496344601,-0.01598052144,-0.2099788613,4.130038935e-05
4.622,-0.04499872091,-0.0159697683,-0.21,-0.04496444715,-0.0159606302,-0.2099788614,4.129205921e-05
4.623,-0.04499943151,-0.01594983823,-0.21,-0.04496516409,-0.01594071379,-0.2099788618,4.12835945e-05
4.624,-0.04499985788,-0.01592988298,-0.21,-0.04496559681,-0.01592077224,-0.2099788624,4.127499529e-05
4.625,-0.045,-0.01590990258,-0.21,-0.04496574531,-0.01590080558,-0.2099788632,4.126626164e-05
4.626,-0.04499985788,-0.01588989705,-0.21,-0.0449656096,-0.01588081383,-0.2099788642,4.125739362e-05
4.627,-0.04499943151,-0.01586986642,-0.21,-0.04496518966,-0.01586079704,-0.2099788654,4.124839131e-05
4.628,-0.04499872091,-0.01584981074,-0.21,-0.0449644855,-0.01584075522,-0.2099788668,4.123925478e-05
4.629,-0.04499772606,-0.01582973003,-0.21,-0.04496349714,-0.01582068843,-0.2099788685,4.122998412e-05
4.63,-0.04499644699,-0.01580962432,-0.21,-0.04496222456,-0.01580059667,-0.2099788703,4.12205794e-05
4.631,-0.04499488369,-0.01578949365,-0.21,-0.04496066779,-0.01578048,-0.2099788724,4.121104072e-05
4.632,-0.04499303619,-0.01576933804,-0.21,-0.04495882683,-0.01576033843,-0.2099788747,4.120136817e-05
4.633,-0.04499090448,-0.01574915753,-0.21,-0.04495670169,-0.015740172,-0.2099788772,4.119156185e-05
4.634,-0.04498848858,-0.01572895215,-0.21,-0.04495429239,-0.01571998075,-0.2099788799,4.118162187e-05
4.635,-0.04498578852,-0.01570872193,-0.21,-0.04495159895,-0.0156997647,-0.2099788828,4.117154832e-05
4.636,-0.0449828043,-0.0156884669,-0.21,-0.04494862137,-0.01567952389,-0.2099788859,4.116134132e-05
4.637,-0.04497953594,-0.0156681871,-0.21,-0.04494535968,-0.01565925834,-0.2099788892,4.115100099e-05
4.638,-0.04497598347,-0.01564788256,-0.21,-0.0449418139,-0.0156389681,-0.2099788928,4.114052744e-05
4.639,-0.0449721469,-0.01562755331,-0.21,-0.04493798404,-0.01561865318,-0.2099788965,4.112992079e-05
4.64,-0.04496802627,-0.01560719938,-0.21,-0.04493387015,-0.01559831363,-0.2099789005,4.111918119e-05
4.641,-0.04496362159,-0.01558682081,-0.21,-0.04492947223,-0.01557794948,-0.2099789047,4.110830875e-05
4.642,-0.0449589329,-0.01556641762,-0.21,-0.04492479032,-0.01555756075,-0.209978909,4.109730361e-05
4.643,-0.04495396023,-0.01554598985,-0.21,-0.04491982445,-0.01553714749,-0.2099789136,4.108616591e-05
4.644,-0.0449487036,-0.01552553753,-0.21,-0.04491457466,-0.01551670971,-0.2099789184,4.10748958e-05
4.645,-0.04494316305,-0.01550506069,-0.21,-0.04490904096,-0.01549624746,-0.2099789235,4.106349342e-05
4.646,-0.04493733861,-0.01548455937,-0.21,-0.0449032234,-0.01547576077,-0.2099789287,4.105195893e-05
4.647,-0.04493123033,-0.01546403359,-0.21,-0.04489712202,-0.01545524967,-0.2099789341,4.104029248e-05
4.648,-0.04492483823,-0.0154434834,-0.21,-0.04489073685,-0.01543471418,-0.2099789398,4.102849423e-05
4.649,-0.04491816237,-0.01542290882,-0.21,-0.04488406793,-0.01541415436,-0.2099789456,4.101656435e-05
4.65,-0.04491120278,-0.01540230988,-0.21,-0.04487711531,-0.01539357021,-0.2099789517,4.1004503e-05
4.651,-0.0449039595,-0.01538168663,-0.21,-0.04486987903,-0.01537296179,-0.2099789579,4.099231036e-05
4.652,-0.04489643259,-0.01536103908,-0.21,-0.04486235913,-0.01535232912,-0.2099789644,4.097998661e-05
4.653,-0.04488862209,-0.01534036727,-0.21,-0.04485455567,-0.01533167223,-0.2099789711,4.096753192e-05
4.654,-0.04488052805,-0.01531967124,-0.21,-0.04484646869,-0.01531099115,-0.209978978,4.095494649e-05
4.655,-0.04487215051,-0.01529895102,-0.21,-0.04483809825,-0.01529028592,-0.2099789851,4.094223049e-05
4.656,-0.04486348954,-0.01527820664,-0.21,-0.04482944439,-0.01526955658,-0.2099789924,4.092938413e-05
4.657,-0.04485454519,-0.01525743813,-0.21,-0.04482050717,-0.01524880315,-0.2099789999,4.091640759e-05
4.658,-0.04484531751,-0.01523664553,-0.21,-0.04481128665,-0.01522802566,-0.2099790077,4.090330109e-05
4.659,-0.04483580656,-0.01521582887,-0.21,-0.04480178288,-0.01520722416,-0.2099790156,4.089006482e-05
4.66,-0.04482601241,-0.01519498818,-0.21,-0.04479199593,-0.01518639866,-0.2099790237,4.0876699e-05
4.661,-0.04481593511,-0.0151741235,-0.21,-0.04478192586,-0.01516554921,-0.2099790321,4.086320382e-05
4.662,-0.04480557473,-0.01515323485,-0.21,-0.04477157274,-0.01514467584,-0.2099790406,4.084957952e-05
4.663,-0.04479493134,-0.01513232228,-0.21,-0.04476093661,-0.01512377858,-0.2099790494,4.08358263e-05
4.664,-0.04478400499,-0.01511138581,-0.21,-0.04475001757,-0.01510285746,-0.2099790583,4.08219444e-05
4.665,-0.04477279576,-0.01509042547,-0.21,-0.04473881567,-0.01508191252,-0.2099790675,4.080793405e-05
4.666,-0.04476130373,-0.01506944131,-0.21,-0.04472733098,-0.01506094378,-0.2099790769,4.079379547e-05
4.667,-0.04474952896,-0.01504843335,-0.21,-0.04471556358,-0.01503995129,-0.2099790864,4.077952889e-05
4.668,-0.04473747152,-0.01502740162,-0.21,-0.04470351354,-0.01501893508,-0.2099790962,4.076513457e-05
4.669,-0.0447251315,-0.01500634617,-0.21,-0.04469118094,-0.01499789517,-0.2099791062,4.075061273e-05
4.67,-0.04471250897,-0.01498526702,-0.21,-0.04467856585,-0.0149768316,-0.2099791164,4.073596364e-05
4.671,-0.04469960402,-0.0149641642,-0.21,-0.04466566836,-0.01495574441,-0.2099791267,4.072118753e-05
4.672,-0.04468641671,-0.01494303776,-0.21,-0.04465248855,-0.01493463362,-0.2099791373,4.070628466e-05
4.673,-0.04467294714,-0.01492188771,-0.21,-0.04463902649,-0.01491349928,-0.2099791481,4.069125529e-05
4.674,-0.0446591954,-0.01490071411,-0.21,-0.04462528229,-0.01489234141,-0.2099791591,4.067609967e-05
4.675,-0.04464516156,-0.01487951697,-0.21,-0.04461125601,-0.01487116005,-0.2099791703,4.066081808e-05
4.676,-0.04463084572,-0.01485829634,-0.21,-0.04459694776,-0.01484995522,-0.2099791816,4.064541078e-05
4.677,-0.04461624796,-0.01483705224,-0.21,-0.04458235762,-0.01482872698,-0.2099791932,4.062987804e-05
4.678,-0.04460136839,-0.01481578471,-0.21,-0.04456748568,-0.01480747534,-0.209979205,4.061422014e-05
4.679,-0.04458620709,-0.01479449379,-0.21,-0.04455233205,-0.01478620034,-0.209979217,4.059843735e-05
4.68,-0.04457076416,-0.0147731795,-0.21,-0.0445368968,-0.01476490201,-0.2099792292,4.058252996e-05
4.681,-0.04455503969,-0.01475184189,-0.21,-0.04452118005,-0.01474358039,-0.2099792415,4.056649825e-05
4.682,-0.04453903379,-0.01473048098,-0.21,-0.04450518189,-0.01472223552,-0.2099792541,4.055034251e-05
4.683,-0.04452274656,-0.01470909681,-0.21,-0.04448890242,-0.01470086742,-0.2099792669,4.053406303e-05
4.684,-0.0445061781,-0.01468768941,-0.21,-0.04447234175,-0.01467947613,-0.2099792799,4.05176601e-05
4.685,-0.04448932851,-0.01466625882,-0.21,-0.04445549998,-0.01465806168,-0.209979293,4.050113403e-05
4.686,-0.04447219791,-0.01464480507,-0.21,-0.04443837722,-0.0146366241,-0.2099793064,4.048448511e-05
4.687,-0.04445478639,-0.01462332819,-0.21,-0.04442097357,-0.01461516344,-0.2099793199,4.046771365e-05
4.688,-0.04443709408,-0.01460182822,-0.21,-0.04440328914,-0.01459367972,-0.2099793337,4.045081996e-05
4.689,-0.04441912107,-0.01458030519,-0.21,-0.04438532405,-0.01457217298,-0.2099793476,4.043380435e-05
4.69,-0.04440086749,-0.01455875914,-0.21,-0.04436707842,-0.01455064325,-0.2099793617,4.041666713e-05
4.691,-0.04438233345,-0.01453719009,-0.21,-0.04434855235,-0.01452909056,-0.2099793761,4.039940862e-05
4.692,-0.04436351907,-0.01451559809,-0.21,-0.04432974596,-0.01450751495,-0.2099793906,4.038202914e-05
4.693,-0.04434442446,-0.01449398317,-0.21,-0.04431065938,-0.01448591646,-0.2099794053,4.0364529e-05
4.694,-0.04432504975,-0.01447234536,-0.21,-0.04429129272,-0.01446429511,-0.2099794202,4.034690854e-05
4.695,-0.04430539505,-0.0144506847,-0.21,-0.0442716461,-0.01444265094,-0.2099794352,4.032916808e-05
4.696,-0.0442854605,-0.01442900121,-0.21,-0.04425171966,-0.01442098399,-0.2099794505,4.031130796e-05
4.697,-0.04426524622,-0.01440729494,-0.21,-0.04423151351,-0.01439929429,-0.209979466,4.02933285e-05
4.698,-0.04424475234,-0.01438556592,-0.21,-0.04421102779,-0.01437758187,-0.2099794816,4.027523005e-05
4.699,-0.04422397898,-0.01436381419,-0.21,-0.04419026262,-0.01435584676,-0.2099794975,4.025701295e-05
4.7,-0.04420292628,-0.01434203977,-0.21,-0.04416921813,-0.01433408901,-0.2099795135,4.023867754e-05
4.701,-0.04418159437,-0.0143202427,-0.21,-0.04414789446,-0.01431230865,-0.2099795297,4.022022416e-05
4.702,-0.04415998339,-0.01429842302,-0.21,-0.04412629175,-0.0142905057,-0.2099795461,4.020165314e-05
4.703,-0.04413809346,-0.01427658076,-0.21,-0.04410441013,-0.01426868021,-0.2099795627,4.018296481e-05
4.704,-0.04411592474,-0.01425471596,-0.21,-0.04408224973,-0.01424683221,-0.2099795794,4.01641595e-05
4.705,-0.04409347736,-0.01423282864,-0.21,-0.0440598107,-0.01422496173,-0.2099795964,4.014523755e-05
4.706,-0.04407075146,-0.01421091885,-0.21,-0.04403709319,-0.01420306881,-0.2099796135,4.012619928e-05
4.707,-0.04404774718,-0.01418898662,-0.21,-0.04401409732,-0.01418115348,-0.2099796308,4.010704506e-05
4.708,-0.04402446467,-0.01416703198,-0.21,-0.04399082326,-0.01415921577,-0.2099796483,4.008777525e-05
4.709,-0.04400090408,-0.01414505498,-0.21,-0.04396727115,-0.01413725573,-0.209979666,4.006839021e-05
4.71,-0.04397706556,-0.01412305563,-0.21,-0.04394344113,-0.01411527338,-0.2099796838,4.004889032e-05
4.711,-0.04395294926,-0.01410103398,-0.21,-0.04391933336,-0.01409326876,-0.2099797018,4.002927595e-05
4.712,-0.04392855532,-0.01407899006,-0.21,-0.04389494798,-0.01407124191,-0.20997972,4.000954746e-05
4.713,-0.04390388391,-0.01405692392,-0.21,-0.04387028517,-0.01404919285,-0.2099797384,3.998970521e-05
4.714,-0.04387893517,-0.01403483557,-0.21,-0.04384534506,-0.01402712163,-0.209979757,3.996974959e-05
4.715,-0.04385370928,-0.01401272506,-0.21,-0.04382012782,-0.01400502828,-0.2099797757,3.994968094e-05
4.716,-0.04382820637,-0.01399059242,-0.21,-0.0437946336,-0.01398291283,-0.2099797946,3.992949965e-05
4.717,-0.04380242663,-0.01396843769,-0.21,-0.04376886258,-0.01396077532,-0.2099798137,3.990920608e-05
4.718,-0.04377637021,-0.01394626091,-0.21,-0.04374281491,-0.01393861578,-0.2099798329,3.988880061e-05
4.719,-0.04375003727,-0.01392406209,-0.21,-0.04371649075,-0.01391643425,-0.2099798524,3.986828364e-05
4.72,-0.04372342798,-0.01390184129,-0.21,-0.04368989028,-0.01389423076,-0.209979872,3.984765554e-05
4.721,-0.04369654251,-0.01387959854,-0.21,-0.04366301366,-0.01387200535,-0.2099798917,3.982691671e-05
4.722,-0.04366938103,-0.01385733387,-0.21,-0.04363586105,-0.01384975806,-0.2099799117,3.980606752e-05
4.723,-0.04364194371,-0.01383504732,-0.21,-0.04360843265,-0.01382748891,-0.2099799318,3.978510838e-05
4.724,-0.04361423073,-0.01381273892,-0.21,-0.04358072861,-0.01380519794,-0.209979952,3.976403965e-05
4.725,-0.04358624225,-0.01379040871,-0.21,-0.04355274911,-0.01378288519,-0.2099799725,3.974286174e-05
4.726,-0.04355797846,-0.01376805672,-0.21,-0.04352449433,-0.01376055069,-0.2099799931,3.972157502e-05
4.727,-0.04352943953,-0.01374568299,-0.21,-0.04349596445,-0.01373819448,-0.2099800139,3.970017989e-05
4.728,-0.04350062565,-0.01372328755,-0.21,-0.04346715965,-0.0137158166,-0.2099800348,3.967867675e-05
4.729,-0.04347153699,-0.01370087044,-0.21,-0.04343808011,-0.01369341707,-0.2099800559,3.965706598e-05
4.73,-0.04344217375,-0.0136784317,-0.21,-0.04340872601,-0.01367099593,-0.2099800772,3.963534799e-05
4.731,-0.0434125361,-0.01365597135,-0.21,-0.04337909755,-0.01364855323,-0.2099800986,3.961352319e-05
4.732,-0.04338262423,-0.01363348945,-0.21,-0.0433491949,-0.01362608898,-0.2099801202,3.959159195e-05
4.733,-0.04335243833,-0.01361098601,-0.21,-0.04331901826,-0.01360360324,-0.2099801419,3.95695547e-05
4.734,-0.0433219786,-0.01358846108,-0.21,-0.04328856782,-0.01358109603,-0.2099801638,3.954741182e-05
4.735,-0.04329124522,-0.01356591469,-0.21,-0.04325784377,-0.01355856739,-0.2099801859,3.952516371e-05
4.736,-0.04326023839,-0.01354334688,-0.21,-0.0432268463,-0.01353601736,-0.2099802081,3.950281078e-05
4.737,-0.04322895831,-0.01352075768,-0.21,-0.04319557562,-0.01351344597,-0.2099802305,3.948035343e-05
4.738,-0.04319740516,-0.01349814713,-0.21,-0.04316403191,-0.01349085325,-0.209980253,3.945779206e-05
4.739,-0.04316557916,-0.01347551526,-0.21,-0.04313221539,-0.01346823925,-0.2099802757,3.943512708e-05
4.74,-0.04313348051,-0.01345286212,-0.21,-0.04310012624,-0.01344560399,-0.2099802986,3.941235889e-05
4.741,-0.04310110939,-0.01343018773,-0.21,-0.04306776468,-0.01342294752,-0.2099803216,3.93894879e-05
4.742,-0.04306846603,-0.01340749213,-0.21,-0.04303513091,-0.01340026987,-0.2099803447,3.936651451e-05
4.743,-0.04303555062,-0.01338477536,-0.21,-0.04300222513,-0.01337757107,-0.209980368,3.934343914e-05
4.744,-0.04300236338,-0.01336203746,-0.21,-0.04296904755,-0.01335485116,-0.2099803914,3.932026218e-05
4.745,-0.04296890451,-0.01333927845,-0.21,-0.04293559839,-0.01333211017,-0.209980415,3.929698405e-05
4.746,-0.04293517423,-0.01331649838,-0.21,-0.04290187785,-0.01330934815,-0.2099804388,3.927360516e-05
4.747,-0.04290117274,-0.01329369728,-0.21,-0.04286788615,-0.01328656512,-0.2099804627,3.92501259e-05
4.748,-0.04286690027,-0.01327087519,-0.21,-0.04283362351,-0.01326376113,-0.2099804867,3.922654669e-05
4.749,-0.04283235703,-0.01324803215,-0.21,-0.04279909013,-0.01324093621,-0.2099805109,3.920286794e-05
4.75,-0.04279754323,-0.01322516818,-0.21,-0.04276428624,-0.01321809039,-0.2099805352,3.917909006e-05
4.751,-0.04276245911,-0.01320228332,-0.21,-0.04272921206,-0.01319522371,-0.2099805597,3.915521344e-05
4.752,-0.04272710487,-0.01317937762,-0.21,-0.04269386781,-0.01317233621,-0.2099805843,3.913123849e-05
4.753,-0.04269148074,-0.01315645111,-0.21,-0.04265825372,-0.01314942793,-0.209980609,3.910716564e-05
4.754,-0.04265558695,-0.01313350382,-0.21,-0.04262237,-0.01312649889,-0.2099806339,3.908299529e-05
4.755,-0.04261942372,-0.01311053579,-0.21,-0.0425862169,-0.01310354914,-0.2099806589,3.905872784e-05
4.756,-0.04258299129,-0.01308754706,-0.21,-0.04254979462,-0.0130805787,-0.2099806841,3.90343637e-05
4.757,-0.04254628988,-0.01306453766,-0.21,-0.04251310342,-0.01305758763,-0.2099807094,3.900990329e-05
4.758,-0.04250931973,-0.01304150763,-0.21,-0.04247614351,-0.01303457595,-0.2099807348,3.898534699e-05
4.759,-0.04247208106,-0.01301845701,-0.21,-0.04243891513,-0.01301154369,-0.2099807604,3.896069523e-05
4.76,-0.04243457412,-0.01299538583,-0.21,-0.04240141852,-0.01298849091,-0.2099807861,3.89359484e-05
4.761,-0.04239679913,-0.01297229412,-0.21,-0.04236365392,-0.01296541762,-0.2099808119,3.89111069e-05
4.762,-0.04235875635,-0.01294918194,-0.21,-0.04232562156,-0.01294232388,-0.2099808379,3.888617115e-05
4.763,-0.042320446,-0.0129260493,-0.21,-0.04228732169,-0.01291920971,-0.209980864,3.886114154e-05
4.764,-0.04228186833,-0.01290289625,-0.21,-0.04224875454,-0.01289607514,-0.2099808902,3.883601849e-05
4.765,-0.04224302359,-0.01287972283,-0.21,-0.04220992036,-0.01287292023,-0.2099809165,3.88108024e-05
4.766,-0.04220391202,-0.01285652906,-0.21,-0.0421708194,-0.012849745,-0.209980943,3.878549366e-05
4.767,-0.04216453387,-0.012833315,-0.21,-0.04213145191,-0.01282654949,-0.2099809696,3.876009268e-05
4.768,-0.04212488938,-0.01281008067,-0.21,-0.04209181812,-0.01280333374,-0.2099809963,3.873459984e-05
4.769,-0.04208497881,-0.01278682611,-0.21,-0.04205191831,-0.01278009778,-0.2099810232,3.870901556e-05
4.77,-0.04204480241,-0.01276355136,-0.21,-0.0420117527,-0.01275684165,-0.2099810501,3.868334023e-05
4.771,-0.04200436043,-0.01274025645,-0.21,-0.04197132157,-0.01273356539,-0.2099810772,3.865757423e-05
4.772,-0.04196365313,-0.01271694142,-0.21,-0.04193062517,-0.01271026903,-0.2099811044,3.863171797e-05
4.773,-0.04192268076,-0.01269360631,-0.21,-0.04188966375,-0.01268695261,-0.2099811317,3.860577185e-05
4.774,-0.04188144359,-0.01267025116,-0.21,-0.04184843757,-0.01266361616,-0.2099811592,3.857973626e-05
4.775,-0.04183994186,-0.012646876,-0.21,-0.0418069469,-0.01264025973,-0.2099811867,3.855361158e-05
4.776,-0.04179817586,-0.01262348087,-0.21,-0.041765192,-0.01261688335,-0.2099812144,3.852739821e-05
4.777,-0.04175614584,-0.0126000658,-0.21,-0.04172317312,-0.01259348706,-0.2099812422,3.850109653e-05
4.778,-0.04171385206,-0.01257663084,-0.21,-0.04168089055,-0.01257007089,-0.2099812701,3.847470693e-05
4.779,-0.04167129479,-0.01255317602,-0.21,-0.04163834454,-0.01254663488,-0.2099812981,3.84482298e-05
4.78,-0.04162847431,-0.01252970137,-0.21,-0.04159553536,-0.01252317906,-0.2099813262,3.842166551e-05
4.781,-0.04158539087,-0.01250620694,-0.21,-0.04155246329,-0.01249970348,-0.2099813545,3.839501444e-05
4.782,-0.04154204477,-0.01248269276,-0.21,-0.04150912859,-0.01247620817,-0.2099813828,3.836827698e-05
4.783,-0.04149843626,-0.01245915886,-0.21,-0.04146553155,-0.01245269317,-0.2099814112,3.83414535e-05
4.784,-0.04145456562,-0.01243560529,-0.21,-0.04142167243,-0.01242915851,-0.2099814398,3.831454439e-05
4.785,-0.04141043313,-0.01241203209,-0.21,-0.04137755152,-0.01240560424,-0.2099814684,3.828755001e-05
4.786,-0.04136603907,-0.01238843928,-0.21,-0.04133316909,-0.01238203038,-0.2099814972,3.826047074e-05
4.787,-0.04132138373,-0.01236482691,-0.21,-0.04128852543,-0.01235843698,-0.209981526,3.823330695e-05
4.788,-0.04127646737,-0.01234119502,-0.21,-0.04124362081,-0.01233482408,-0.209981555,3.8206059e-05
4.789,-0.04123129029,-0.01231754364,-0.21,-0.04119845553,-0.0123111917,-0.2099815841,3.817872726e-05
4.79,-0.04118585277,-0.0122938728,-0.21,-0.04115302987,-0.01228753989,-0.2099816132,3.815131209e-05
4.791,-0.0411401551,-0.01227018255,-0.21,-0.04110734411,-0.01226386869,-0.2099816425,3.812381385e-05
4.792,-0.04109419756,-0.01224647293,-0.21,-0.04106139854,-0.01224017813,-0.2099816718,3.80962329e-05
4.793,-0.04104798045,-0.01222274397,-0.21,-0.04101519346,-0.01221646824,-0.2099817012,3.806856961e-05
4.794,-0.04100150406,-0.0121989957,-0.21,-0.04096872915,-0.01219273908,-0.2099817308,3.804082432e-05
4.795,-0.04095476868,-0.01217522817,-0.21,-0.04092200592,-0.01216899066,-0.2099817604,3.801299738e-05
4.796,-0.04090777461,-0.01215144142,-0.21,-0.04087502406,-0.01214522304,-0.2099817901,3.798508915e-05
4.797,-0.04086052214,-0.01212763547,-0.21,-0.04082778386,-0.01212143625,-0.2099818199,3.795709995e-05
4.798,-0.04081301158,-0.01210381038,-0.21,-0.04078028562,-0.01209763032,-0.2099818498,3.792903016e-05
4.799,-0.04076524322,-0.01207996617,-0.21,-0.04073252964,-0.0120738053,-0.2099818798,3.79008801e-05
4.8,-0.04071721736,-0.01205610289,-0.21,-0.04068451624,-0.01204996122,-0.2099819098,3.787265011e-05
4.801,-0.04066893431,-0.01203222056,-0.21,-0.0406362457,-0.01202609811,-0.20998194,3.784434053e-05
4.802,-0.04062039438,-0.01200831924,-0.21,-0.04058771834,-0.01200221603,-0.2099819702,3.781595168e-05
4.803,-0.04057159786,-0.01198439896,-0.21,-0.04053893446,-0.01197831499,-0.2099820005,3.77874839e-05
4.804,-0.04052254507,-0.01196045974,-0.21,-0.04048989437,-0.01195439505,-0.2099820309,3.775893752e-05
4.805,-0.04047323632,-0.01193650165,-0.21,-0.04044059838,-0.01193045624,-0.2099820614,3.773031286e-05
4.806,-0.04042367192,-0.0119125247,-0.21,-0.04039104681,-0.01190649859,-0.2099820919,3.770161025e-05
4.807,-0.04037385218,-0.01188852894,-0.21,-0.04034123996,-0.01188252215,-0.2099821225,3.767282999e-05
4.808,-0.04032377742,-0.01186451441,-0.21,-0.04029117815,-0.01185852695,-0.2099821532,3.764397241e-05
4.809,-0.04027344795,-0.01184048114,-0.21,-0.04024086171,-0.01183451303,-0.209982184,3.761503781e-05
4.81,-0.04022286409,-0.01181642917,-0.21,-0.04019029094,-0.01181048042,-0.2099822148,3.758602651e-05
4.811,-0.04017202616,-0.01179235855,-0.21,-0.04013946617,-0.01178642918,-0.2099822458,3.75569388e-05
4.812,-0.04012093448,-0.0117682693,-0.21,-0.04008838772,-0.01176235932,-0.2099822767,3.752777499e-05
4.813,-0.04006958938,-0.01174416147,-0.21,-0.04003705591,-0.0117382709,-0.2099823078,3.749853538e-05
4.814,-0.04001799118,-0.01172003509,-0.21,-0.03998547107,-0.01171416394,-0.2099823389,3.746922027e-05
4.815,-0.0399661402,-0.01169589021,-0.21,-0.03993363352,-0.0116900385,-0.2099823701,3.743982993e-05
4.816,-0.03991403677,-0.01167172686,-0.21,-0.03988154359,-0.01166589459,-0.2099824013,3.741036467e-05
4.817,-0.03986168122,-0.01164754507,-0.21,-0.03982920162,-0.01164173228,-0.2099824326,3.738082476e-05
4.818,-0.03980907389,-0.01162334489,-0.21,-0.03977660792,-0.01161755158,-0.209982464,3.73512105e-05
4.819,-0.0397562151,-0.01159912636,-0.21,-0.03972376284,-0.01159335254,-0.2099824954,3.732152215e-05
4.82,-0.03970310519,-0.01157488951,-0.21,-0.03967066672,-0.0115691352,-0.2099825269,3.729175999e-05
4.821,-0.03964974449,-0.01155063438,-0.21,-0.03961731987,-0.01154489959,-0.2099825585,3.726192429e-05
4.822,-0.03959613334,-0.01152636101,-0.21,-0.03956372265,-0.01152064576,-0.2099825901,3.723201531e-05
4.823,-0.03954227209,-0.01150206945,-0.21,-0.0395098754,-0.01149637374,-0.2099826217,3.720203331e-05
4.824,-0.03948816106,-0.01147775971,-0.21,-0.03945577844,-0.01147208357,-0.2099826534,3.717197858e-05
4.825,-0.0394338006,-0.01145343185,-0.21,-0.03940143214,-0.01144777528,-0.2099826852,3.714185133e-05
4.826,-0.03937919106,-0.01142908591,-0.21,-0.03934683682,-0.01142344893,-0.209982717,3.711165184e-05
4.827,-0.03932433278,-0.01140472192,-0.21,-0.03929199283,-0.01139910454,-0.2099827489,3.708138035e-05
4.828,-0.0392692261,-0.01138033992,-0.21,-0.03923690053,-0.01137474215,-0.2099827808,3.705103711e-05
4.829,-0.03921387138,-0.01135593994,-0.21,-0.03918156026,-0.0113503618,-0.2099828127,3.702062234e-05
4.83,-0.03915826896,-0.01133152204,-0.21,-0.03912597237,-0.01132596353,-0.2099828447,3.699013629e-05
4.831,-0.0391024192,-0.01130708624,-0.21,-0.03907013721,-0.01130154738,-0.2099828768,3.695957918e-05
4.832,-0.03904632244,-0.01128263258,-0.21,-0.03901405514,-0.01127711339,-0.2099829089,3.692895124e-05
4.833,-0.03898997905,-0.01125816111,-0.21,-0.03895772651,-0.01125266159,-0.209982941,3.689825271e-05
4.834,-0.03893338937,-0.01123367186,-0.21,-0.03890115168,-0.01122819203,-0.2099829731,3.686748379e-05
4.835,-0.03887655377,-0.01120916487,-0.21,-0.038844331,-0.01120370474,-0.2099830053,3.683664471e-05
4.836,-0.03881947261,-0.01118464018,-0.21,-0.03878726484,-0.01117919976,-0.2099830376,3.680573567e-05
4.837,-0.03876214624,-0.01116009783,-0.21,-0.03872995355,-0.01115467713,-0.2099830699,3.677475688e-05
4.838,-0.03870457503,-0.01113553785,-0.21,-0.0386723975,-0.01113013688,-0.2099831022,3.674370854e-05
4.839,-0.03864675933,-0.01111096029,-0.21,-0.03861459705,-0.01110557907,-0.2099831345,3.671259084e-05
4.84,-0.03858869953,-0.01108636518,-0.21,-0.03855655257,-0.01108100372,-0.2099831669,3.668140397e-05
4.841,-0.03853039598,-0.01106175257,-0.21,-0.03849826443,-0.01105641087,-0.2099831993,3.665014814e-05
4.842,-0.03847184904,-0.01103712249,-0.21,-0.038439733,-0.01103180057,-0.2099832317,3.661882352e-05
4.843,-0.0384130591,-0.01101247498,-0.21,-0.03838095863,-0.01100717284,-0.2099832642,3.65874303e-05
4.844,-0.03835402652,-0.01098781008,-0.21,-0.03832194172,-0.01098252774,-0.2099832967,3.655596865e-05
4.845,-0.03829475168,-0.01096312783,-0.21,-0.03826268262,-0.0109578653,-0.2099833292,3.652443874e-05
4.846,-0.03823523495,-0.01093842826,-0.21,-0.03820318173,-0.01093318555,-0.2099833617,3.649284074e-05
4.847,-0.0381754767,-0.01091371143,-0.21,-0.0381434394,-0.01090848854,-0.2099833943,3.646117479e-05
4.848,-0.03811547731,-0.01088897736,-0.21,-0.03808345602,-0.01088377431,-0.2099834268,3.642944108e-05
4.849,-0.03805523717,-0.01086422609,-0.21,-0.03802323197,-0.01085904289,-0.2099834594,3.639763975e-05
4.85,-0.03799475665,-0.01083945767,-0.21,-0.03796276764,-0.01083429433,-0.209983492,3.636577095e-05
4.851,-0.03793403613,-0.01081467213,-0.21,-0.03790206339,-0.01080952866,-0.2099835247,3.633383483e-05
4.852,-0.037873076,-0.01078986951,-0.21,-0.03784111963,-0.01078474592,-0.2099835573,3.630183152e-05
4.853,-0.03781187665,-0.01076504985,-0.21,-0.03777993673,-0.01075994615,-0.20998359,3.626976116e-05
4.854,-0.03775043845,-0.0107402132,-0.21,-0.03771851507,-0.01073512939,-0.2099836226,3.623762388e-05
4.855,-0.0376887618,-0.01071535958,-0.21,-0.03765685506,-0.01071029568,-0.2099836553,3.620541981e-05
4.856,-0.03762684709,-0.01069048905,-0.21,-0.03759495708,-0.01068544506,-0.209983688,3.617314907e-05
4.857,-0.03756469471,-0.01066560163,-0.21,-0.03753282151,-0.01066057756,-0.2099837207,3.614081176e-05
4.858,-0.03750230505,-0.01064069737,-0.21,-0.03747044876,-0.01063569323,-0.2099837534,3.6108408e-05
4.859,-0.0374396785,-0.0106157763,-0.21,-0.03740783922,-0.01061079211,-0.2099837861,3.60759379e-05
4.86,-0.03737681546,-0.01059083847,-0.21,-0.03734499329,-0.01058587423,-0.2099838188,3.604340158e-05
4.861,-0.03731371634,-0.01056588392,-0.21,-0.03728191135,-0.01056093964,-0.2099838515,3.601079912e-05
4.862,-0.03725038151,-0.01054091268,-0.21,-0.03721859382,-0.01053598837,-0.2099838842,3.597813061e-05
4.863,-0.0371868114,-0.0105159248,-0.21,-0.03715504109,-0.01051102046,-0.2099839169,3.594539614e-05
4.864,-0.03712300639,-0.01049092031,-0.21,-0.03709125356,-0.01048603596,-0.2099839496,3.59125958e-05
4.865,-0.03705896689,-0.01046589926,-0.21,-0.03702723165,-0.01046103489,-0.2099839823,3.587972968e-05
4.866,-0.03699469331,-0.01044086167,-0.21,-0.03696297574,-0.01043601731,-0.209984015,3.584679783e-05
4.867,-0.03693018605,-0.0104158076,-0.21,-0.03689848626,-0.01041098325,-0.2099840477,3.581380033e-05
4.868,-0.03686544552,-0.01039073709,-0.21,-0.0368337636,-0.01038593274,-0.2099840803,3.578073724e-05
4.869,-0.03680047213,-0.01036565016,-0.21,-0.03676880818,-0.01036086584,-0.209984113,3.574760863e-05
4.87,-0.03673526628,-0.01034054686,-0.21,-0.03670362041,-0.01033578257,-0.2099841457,3.571441456e-05
4.871,-0.0366698284,-0.01031542724,-0.21,-0.0366382007,-0.01031068299,-0.2099841783,3.568115507e-05
4.872,-0.03660415889,-0.01029029133,-0.21,-0.03657254947,-0.01028556712,-0.2099842109,3.56478302e-05
4.873,-0.03653825816,-0.01026513916,-0.21,-0.03650666713,-0.01026043501,-0.2099842436,3.561444001e-05
4.874,-0.03647212664,-0.01023997079,-0.21,-0.03644055409,-0.01023528669,-0.2099842761,3.558098452e-05
4.875,-0.03640576475,-0.01021478624,-0.21,-0.03637421078,-0.01021012221,-0.2099843087,3.554746377e-05
4.876,-0.03633917289,-0.01018958557,-0.21,-0.03630763761,-0.01018494161,-0.2099843413,3.551387777e-05
4.877,-0.0362723515,-0.0101643688,-0.21,-0.03624083501,-0.01015974493,-0.2099843738,3.548022657e-05
4.878,-0.03620530099,-0.01013913599,-0.21,-0.0361738034,-0.0101345322,-0.2099844063,3.544651016e-05
4.879,-0.03613802179,-0.01011388716,-0.21,-0.03610654321,-0.01010930346,-0.2099844388,3.541272858e-05
4.88,-0.03607051432,-0.01008862236,-0.21,-0.03603905485,-0.01008405876,-0.2099844713,3.537888183e-05
4.881,-0.03600277901,-0.01006334163,-0.21,-0.03597133876,-0.01005879814,-0.2099845037,3.534496991e-05
4.882,-0.03593481629,-0.01003804501,-0.21,-0.03590339536,-0.01003352163,-0.2099845361,3.531099281e-05
4.883,-0.03586662658,-0.01001273254,-0.21,-0.03583522509,-0.01000822928,-0.2099845685,3.527695054e-05
4.884,-0.03579821032,-0.009987404254,-0.21,-0.03576682837,-0.00998292112,-0.2099846009,3.524284308e-05
4.885,-0.03572956794,-0.009962060198,-0.21,-0.03569820564,-0.009957597197,-0.2099846332,3.520866854e-05
4.886,-0.03566069987,-0.009936700411,-0.21,-0.03562935734,-0.009932257547,-0.2099846655,3.517443018e-05
4.887,-0.03559160655,-0.009911324933,-0.21,-0.03556028389,-0.009906902212,-0.2099846977,3.514012822e-05
4.888,-0.03552228841,-0.009885933803,-0.21,-0.03549098574,-0.009881531231,-0.20998473,3.510576119e-05
4.889,-0.0354527459,-0.009860527062,-0.21,-0.03542146332,-0.009856144645,-0.2099847621,3.507132794e-05
4.89,-0.03538297945,-0.00983510475,-0.21,-0.03535171708,-0.009830742494,-0.2099847943,3.503682835e-05
4.891,-0.03531298949,-0.009809666906,-0.21,-0.03528174745,-0.009805324817,-0.2099848264,3.500226296e-05
4.892,-0.03524277649,-0.009784213572,-0.21,-0.03521155489,-0.009779891655,-0.2099848584,3.496763239e-05
4.893,-0.03517234087,-0.009758744788,-0.21,-0.03514113982,-0.009754443047,-0.2099848904,3.493293692e-05
4.894,-0.03510168308,-0.009733260593,-0.21,-0.0350705027,-0.009728979035,-0.2099849224,3.489817644e-05
4.895,-0.03503080357,-0.009707761028,-0.21,-0.03499964397,-0.009703499658,-0.2099849543,3.486335061e-05
4.896,-0.03495970279,-0.009682246133,-0.21,-0.03492856409,-0.009678004956,-0.2099849862,3.482845908e-05
4.897,-0.03488838118,-0.009656715948,-0.21,-0.0348572635,-0.00965249497,-0.209985018,3.479350155e-05
4.898,-0.0348168392,-0.009631170514,-0.21,-0.03478574265,-0.009626969739,-0.2099850498,3.475847786e-05
4.899,-0.0347450773,-0.009605609872,-0.21,-0.034714002,-0.009601429305,-0.2099850815,3.472338798e-05
4.9,-0.03467309592,-0.00958003406,-0.21,-0.034642042,-0.009575873707,-0.2099851131,3.468823198e-05
4.901,-0.03460089554,-0.009554443121,-0.21,-0.03456986311,-0.009550302986,-0.2099851447,3.465300993e-05
4.902,-0.03452847659,-0.009528837093,-0.21,-0.03449746578,-0.009524717181,-0.2099851763,3.461772192e-05
4.903,-0.03445583955,-0.009503216019,-0.21,-0.03442485047,-0.009499116334,-0.2099852078,3.458236791e-05
4.904,-0.03438298486,-0.009477579937,-0.21,-0.03435201764,-0.009473500485,-0.2099852392,3.454694779e-05
4.905,-0.034309913,-0.009451928889,-0.21,-0.03427896774,-0.009447869673,-0.2099852706,3.451146135e-05
4.906,-0.03423662441,-0.009426262915,-0.21,-0.03420570126,-0.009422223941,-0.2099853019,3.447590837e-05
4.907,-0.03416311956,-0.009400582056,-0.21,-0.03413221863,-0.009396563328,-0.2099853332,3.444028863e-05
4.908,-0.03408939892,-0.009374886352,-0.21,-0.03405852035,-0.009370887874,-0.2099853644,3.440460197e-05
4.909,-0.03401546296,-0.009349175844,-0.21,-0.03398460685,-0.00934519762,-0.2099853955,3.436884829e-05
4.91,-0.03394131213,-0.009323450572,-0.21,-0.03391047863,-0.009319492607,-0.2099854265,3.433302754e-05
4.911,-0.03386694692,-0.009297710578,-0.21,-0.03383613613,-0.009293772875,-0.2099854575,3.429713967e-05
4.912,-0.03379236778,-0.0092719559,-0.21,-0.03376157985,-0.009268038465,-0.2099854884,3.42611846e-05
4.913,-0.03371757519,-0.009246186582,-0.21,-0.03368681024,-0.009242289417,-0.2099855193,3.422516225e-05
4.914,-0.03364256962,-0.009220402662,-0.21,-0.03361182777,-0.009216525772,-0.20998555,3.418907248e-05
4.915,-0.03356735154,-0.009194604182,-0.21,-0.03353663294,-0.009190747571,-0.2099855807,3.415291508e-05
4.916,-0.03349192144,-0.009168791182,-0.21,-0.0334612262,-0.009164954854,-0.2099856114,3.411668988e-05
4.917,-0.03341627978,-0.009142963703,-0.21,-0.03338560804,-0.009139147662,-0.2099856419,3.408039667e-05
4.918,-0.03334042705,-0.009117121787,-0.21,-0.03330977893,-0.009113326036,-0.2099856724,3.404403528e-05
4.919,-0.03326436372,-0.009091265473,-0.21,-0.03323373936,-0.009087490017,-0.2099857027,3.400760556e-05
4.92,-0.03318809028,-0.009065394804,-0.21,-0.03315748981,-0.009061639645,-0.209985733,3.397110739e-05
4.921,-0.0331116072,-0.009039509818,-0.21,-0.03308103075,-0.009035774961,-0.2099857633,3.393454062e-05
4.922,-0.03303491497,-0.009013610558,-0.21,-0.03300436268,-0.009009896005,-0.2099857934,3.389790514e-05
4.923,-0.03295801408,-0.008987697064,-0.21,-0.03292748607,-0.00898400282,-0.2099858235,3.386120079e-05
4.924,-0.032880905,-0.008961769378,-0.21,-0.03285040142,-0.008958095446,-0.2099858534,3.382442738e-05
4.925,-0.03280358823,-0.008935827539,-0.21,-0.03277310921,-0.008932173923,-0.2099858833,3.378758473e-05
4.926,-0.03272606426,-0.00890987159,-0.21,-0.03269560993,-0.008906238292,-0.2099859131,3.375067264e-05
4.927,-0.03264833357,-0.008883901571,-0.21,-0.03261790407,-0.008880288595,-0.2099859428,3.371369092e-05
4.928,-0.03257039665,-0.008857917523,-0.21,-0.03253999212,-0.008854324872,-0.2099859724,3.367663937e-05
4.929,-0.03249225401,-0.008831919487,-0.21,-0.03246187458,-0.008828347165,-0.2099860019,3.363951779e-05
4.93,-0.03241390612,-0.008805907504,-0.21,-0.03238355194,-0.008802355514,-0.2099860313,3.360232602e-05
4.931,-0.03233535349,-0.008779881615,-0.21,-0.03230502469,-0.008776349961,-0.2099860607,3.356506388e-05
4.932,-0.03225659661,-0.008753841862,-0.21,-0.03222629334,-0.008750330546,-0.2099860899,3.352773119e-05
4.933,-0.03217763598,-0.008727788286,-0.21,-0.03214735837,-0.00872429731,-0.209986119,3.349032775e-05
4.934,-0.03209847211,-0.008701720926,-0.21,-0.0320682203,-0.008698250295,-0.2099861481,3.345285336e-05
4.935,-0.03201910547,-0.008675639826,-0.21,-0.03198887962,-0.008672189542,-0.209986177,3.341530782e-05
4.936,-0.03193953659,-0.008649545026,-0.21,-0.03190933682,-0.008646115092,-0.2099862058,3.337769092e-05
4.937,-0.03185976597,-0.008623436567,-0.21,-0.03182959243,-0.008620026987,-0.2099862345,3.334000244e-05
4.938,-0.03177979409,-0.00859731449,-0.21,-0.03174964693,-0.008593925266,-0.2099862632,3.330224217e-05
4.939,-0.03169962148,-0.008571178837,-0.21,-0.03166950084,-0.008567809972,-0.2099862917,3.326440989e-05
4.94,-0.03161924864,-0.008545029649,-0.21,-0.03158915466,-0.008541681146,-0.2099863201,3.32265054e-05
4.941,-0.03153867607,-0.008518866967,-0.21,-0.0315086089,-0.008515538828,-0.2099863484,3.318852847e-05
4.942,-0.03145790429,-0.008492690833,-0.21,-0.03142786408,-0.008489383061,-0.2099863766,3.315047892e-05
4.943,-0.0313769338,-0.008466501288,-0.21,-0.03134692069,-0.008463213886,-0.2099864046,3.311235651e-05
4.944,-0.03129576512,-0.008440298373,-0.21,-0.03126577926,-0.008437031344,-0.2099864326,3.307416104e-05
4.945,-0.03121439876,-0.008414082129,-0.21,-0.0311844403,-0.008410835475,-0.2099864604,3.303589227e-05
4.946,-0.03113283523,-0.008387852599,-0.21,-0.03110290431,-0.008384626323,-0.2099864882,3.299754999e-05
4.947,-0.03105107505,-0.008361609823,-0.21,-0.03102117183,-0.008358403928,-0.2099865158,3.295913395e-05
4.948,-0.03096911873,-0.008335353842,-0.21,-0.03093924336,-0.008332168331,-0.2099865433,3.292064392e-05
4.949,-0.0308869668,-0.008309084699,-0.21,-0.03085711942,-0.008305919574,-0.2099865707,3.288207969e-05
4.95,-0.03080461977,-0.008282802435,-0.21,-0.03077480053,-0.008279657698,-0.2099865979,3.284344103e-05
4.951,-0.03072207815,-0.008256507092,-0.21,-0.03069228722,-0.008253382745,-0.2099866251,3.280472769e-05
4.952,-0.03063934249,-0.00823019871,-0.21,-0.03060958,-0.008227094757,-0.2099866521,3.276593946e-05
4.953,-0.03055641328,-0.008203877331,-0.21,-0.0305266794,-0.008200793774,-0.209986679,3.272707611e-05
4.954,-0.03047329107,-0.008177542998,-0.21,-0.03044358595,-0.008174479839,-0.2099867057,3.26881374e-05
4.955,-0.03038997637,-0.008151195751,-0.21,-0.03036030016,-0.008148152992,-0.2099867324,3.26491231e-05
4.956,-0.0303064697,-0.008124835632,-0.21,-0.03027682257,-0.008121813277,-0.2099867589,3.261003297e-05
4.957,-0.03022277161,-0.008098462683,-0.21,-0.0301931537,-0.008095460733,-0.2099867853,3.257086677e-05
4.958,-0.03013888262,-0.008072076945,-0.21,-0.03010929408,-0.008069095404,-0.2099868115,3.253162426e-05
4.959,-0.03005480325,-0.008045678461,-0.21,-0.03002524425,-0.008042717329,-0.2099868377,3.24923052e-05
4.96,-0.02997053403,-0.008019267271,-0.21,-0.02994100473,-0.008016326552,-0.2099868636,3.245290936e-05
4.961,-0.02988607551,-0.007992843418,-0.21,-0.02985657606,-0.007989923114,-0.2099868895,3.241343651e-05
4.962,-0.02980142821,-0.007966406943,-0.21,-0.02977195877,-0.007963507056,-0.2099869152,3.237388642e-05
4.963,-0.02971659267,-0.007939957888,-0.21,-0.0296871534,-0.00793707842,-0.2099869408,3.233425884e-05
4.964,-0.02963156943,-0.007913496294,-0.21,-0.02960216049,-0.007910637249,-0.2099869663,3.229455353e-05
4.965,-0.02954635901,-0.007887022204,-0.21,-0.02951698056,-0.007884183583,-0.2099869916,3.225477025e-05
4.966,-0.02946096196,-0.00786053566,-0.21,-0.02943161417,-0.007857717465,-0.2099870167,3.221490879e-05
4.967,-0.02937537882,-0.007834036702,-0.21,-0.02934606184,-0.007831238936,-0.2099870418,3.217496888e-05
4.968,-0.02928961013,-0.007807525374,-0.21,-0.02926032413,-0.007804748039,-0.2099870667,3.213495029e-05
4.969,-0.02920365644,-0.007781001716,-0.21,-0.02917440157,-0.007778244814,-0.2099870914,3.209485278e-05
4.97,-0.02911751827,-0.007754465771,-0.21,-0.02908829471,-0.007751729305,-0.209987116,3.205467614e-05
4.971,-0.02903119618,-0.007727917581,-0.21,-0.02900200409,-0.007725201552,-0.2099871404,3.201442012e-05
4.972,-0.02894469072,-0.007701357188,-0.21,-0.02891553026,-0.007698661598,-0.2099871648,3.197408451e-05
4.973,-0.02885800243,-0.007674784632,-0.21,-0.02882887376,-0.007672109485,-0.2099871889,3.193366905e-05
4.974,-0.02877113185,-0.007648199958,-0.21,-0.02874203515,-0.007645545255,-0.2099872129,3.189317352e-05
4.975,-0.02868407954,-0.007621603206,-0.21,-0.02865501497,-0.007618968949,-0.2099872368,3.185259766e-05
4.976,-0.02859684604,-0.007594994418,-0.21,-0.02856781378,-0.00759238061,-0.2099872605,3.181194127e-05
4.977,-0.02850943192,-0.007568373636,-0.21,-0.02848043211,-0.007565780279,-0.2099872841,3.177120412e-05
4.978,-0.02842183771,-0.007541740904,-0.21,-0.02839287054,-0.007539167999,-0.2099873075,3.173038599e-05
4.979,-0.02833406397,-0.007515096261,-0.21,-0.0283051296,-0.007512543812,-0.2099873307,3.168948666e-05
4.98,-0.02824611126,-0.007488439752,-0.21,-0.02821720987,-0.00748590776,-0.2099873538,3.164850591e-05
4.981,-0.02815798013,-0.007461771417,-0.21,-0.02812911188,-0.007459259884,-0.2099873767,3.160744351e-05
4.982,-0.02806967114,-0.007435091299,-0.21,-0.02804083621,-0.007432600228,-0.2099873995,3.156629925e-05
4.983,-0.02798118485,-0.00740839944,-0.21,-0.0279523834,-0.007405928833,-0.2099874221,3.15250729e-05
4.984,-0.02789252181,-0.007381695882,-0.21,-0.02786375402,-0.007379245741,-0.2099874446,3.148376425e-05
4.985,-0.02780368259,-0.007354980667,-0.21,-0.02777494863,-0.007352550995,-0.2099874669,3.14423731e-05
4.986,-0.02771466774,-0.007328253838,-0.21,-0.02768596779,-0.007325844636,-0.209987489,3.140089922e-05
4.987,-0.02762547784,-0.007301515437,-0.21,-0.02759681206,-0.007299126707,-0.209987511,3.135934244e-05
4.988,-0.02753611344,-0.007274765505,-0.21,-0.02750748201,-0.00727239725,-0.2099875328,3.131770253e-05
4.989,-0.0274465751,-0.007248004086,-0.21,-0.0274179782,-0.007245656308,-0.2099875544,3.127597931e-05
4.99,-0.0273568634,-0.007221231221,-0.21,-0.0273283012,-0.007218903922,-0.2099875759,3.123417258e-05
4.991,-0.02726697889,-0.007194446952,-0.21,-0.02723845158,-0.007192140135,-0.2099875972,3.119228215e-05
4.992,-0.02717692215,-0.007167651323,-0.21,-0.0271484299,-0.00716536499,-0.2099876183,3.115030781e-05
4.993,-0.02708669375,-0.007140844375,-0.21,-0.02705823673,-0.007138578528,-0.2099876393,3.110824938e-05
4.994,-0.02699629426,-0.007114026151,-0.21,-0.02696787264,-0.007111780791,-0.2099876601,3.106610667e-05
4.995,-0.02690572424,-0.007087196692,-0.21,-0.02687733821,-0.007084971823,-0.2099876807,3.102387953e-05
4.996,-0.02681498427,-0.007060356042,-0.21,-0.02678663401,-0.007058151666,-0.2099877012,3.098156776e-05
4.997,-0.02672407492,-0.007033504243,-0.21,-0.02669576061,-0.007031320361,-0.2099877214,3.09391712e-05
4.998,-0.02663299677,-0.007006641337,-0.21,-0.02660471859,-0.007004477952,-0.2099877415,3.089668969e-05
4.999,-0.02654175039,-0.006979767366,-0.21,-0.02651350852,-0.006977624481,-0.2099877615,3.085412306e-05
5,-0.02645033635,-0.006952882373,-0.21,-0.02642213097,-0.00695075999,-0.2099877812,3.081147114e-05
5.001,-0.02635875525,-0.006925986402,-0.21,-0.02633058654,-0.006923884522,-0.2099878008,3.07687355e-05
5.002,-0.02626700767,-0.006899079501,-0.21,-0.02623887588,-0.00689699817,-0.2099878202,3.072584777e-05
5.003,-0.02617509427,-0.006872161731,-0.21,-0.02614700022,-0.006870101299,-0.2099878393,3.06823059e-05
5.004,-0.02608301573,-0.006845233169,-0.21,-0.02605496144,-0.006843194603,-0.2099878579,3.063705952e-05
5.005,-0.02599077279,-0.0068182939,-0.21,-0.02596276196,-0.006816278981,-0.2099878755,3.058870933e-05
5.006,-0.02589836623,-0.006791344023,-0.21,-0.02587040433,-0.00678935531,-0.2099878915,3.053584461e-05
5.007,-0.02580579687,-0.006764383651,-0.21,-0.02577789073,-0.006762424235,-0.2099879055,3.047736314e-05
5.008,-0.02571306558,-0.006737412906,-0.21,-0.02568522278,-0.006735486074,-0.2099879171,3.041266712e-05
5.009,-0.02562017327,-0.006710431926,-0.21,-0.02559240145,-0.006708540837,-0.2099879266,3.034168611e-05
5.01,-0.02552712089,-0.006683440856,-0.21,-0.02549942726,-0.006681588363,-0.2099879341,3.026473894e-05
5.011,-0.02543390945,-0.006656439858,-0.21,-0.02540630058,-0.0066546285,-0.2099879401,3.018230026e-05
5.012,-0.02534053998,-0.006629429102,-0.21,-0.02531302198,-0.006627661247,-0.2099879447,3.009476426e-05
5.013,-0.02524701356,-0.00660240877,-0.21,-0.02521959236,-0.00660068682,-0.209987948,3.000228829e-05
5.014,-0.02515333134,-0.006575379056,-0.21,-0.02512601308,-0.006573705615,-0.2099879498,2.990475952e-05
5.015,-0.02505949446,-0.006548340166,-0.21,-0.02503228575,-0.00654671811,-0.2099879498,2.980187605e-05
5.016,-0.02496550416,-0.006521292316,-0.21,-0.0249384121,-0.00651972474,-0.2099879478,2.969329294e-05
5.017,-0.02487136168,-0.006494235733,-0.21,-0.02484439377,-0.006492725816,-0.2099879437,2.957876695e-05
5.018,-0.02477706832,-0.006467170656,-0.21,-0.02475023218,-0.006465721497,-0.2099879373,2.945824516e-05
5.019,-0.02468262542,-0.006440097333,-0.21,-0.02465592852,-0.006438711836,-0.2099879288,2.933187253e-05
5.02,-0.02458803436,-0.006413016023,-0.21,-0.02456148388,-0.006411696859,-0.2099879183,2.919992839e-05
5.021,-0.02449329655,-0.006385926998,-0.21,-0.02446689933,-0.006384676657,-0.209987906,2.906272662e-05
5.022,-0.02439841347,-0.006358830536,-0.21,-0.02437217608,-0.006357651433,-0.2099878919,2.892052259e-05
5.023,-0.02430338661,-0.00633172693,-0.21,-0.02427731553,-0.006330621509,-0.2099878761,2.877345987e-05
5.024,-0.02420821752,-0.006304616478,-0.21,-0.0241823193,-0.006303587289,-0.2099878585,2.862156981e-05
5.025,-0.02411290778,-0.006277499493,-0.21,-0.02408718911,-0.006276549191,-0.2099878389,2.846481495e-05
5.026,-0.02401745901,-0.006250376294,-0.21,-0.02399192678,-0.006249507598,-0.2099878173,2.830315274e-05
5.027,-0.02392187288,-0.006223247211,-0.21,-0.02389653406,-0.006222462817,-0.2099877936,2.813659235e-05
5.028,-0.02382615108,-0.006196112585,-0.21,-0.02380101265,-0.006195415091,-0.2099877678,2.796522477e-05
5.029,-0.02373029536,-0.006168972764,-0.21,-0.02370536419,-0.006168364631,-0.20998774,2.778921949e-05
5.03,-0.02363430749,-0.006141828107,-0.21,-0.0236095903,-0.00614131166,-0.2099877102,2.760879502e-05
5.031,-0.02353818929,-0.006114678981,-0.21,-0.02351369261,-0.006114256455,-0.2099876785,2.742417873e-05
5.032,-0.02344194263,-0.006087525764,-0.21,-0.02341767286,-0.006087199359,-0.2099876449,2.723557283e-05
5.033,-0.02334556938,-0.006060368841,-0.21,-0.02332153288,-0.00606014078,-0.2099876094,2.704313816e-05
5.034,-0.02324907148,-0.006033208607,-0.21,-0.02322527461,-0.006033081153,-0.2099875721,2.684699862e-05
5.035,-0.0231524509,-0.006006045464,-0.21,-0.02312890006,-0.006006020918,-0.2099875327,2.664726108e-05
5.036,-0.02305570964,-0.005978879824,-0.21,-0.02303241127,-0.005978960483,-0.2099874913,2.644404054e-05
5.037,-0.02295884973,-0.005951712108,-0.21,-0.02293581028,-0.005951900227,-0.209987448,2.623748062e-05
5.038,-0.02286187326,-0.005924542744,-0.21,-0.02283909914,-0.005924840498,-0.2099874026,2.602776261e-05
5.039,-0.02276478233,-0.005897372169,-0.21,-0.02274227987,-0.005897781643,-0.2099873552,2.581510206e-05
5.04,-0.0226675791,-0.005870200827,-0.21,-0.02264535451,-0.005870724027,-0.2099873059,2.559973674e-05
5.041,-0.02257026573,-0.005843029171,-0.21,-0.02254832515,-0.00584366805,-0.2099872546,2.538191212e-05
5.042,-0.02247284444,-0.005815857661,-0.21,-0.02245119392,-0.005816614154,-0.2099872015,2.516187039e-05
5.043,-0.02237531749,-0.005788686766,-0.21,-0.02235396302,-0.005789562807,-0.2099871464,2.49398465e-05
5.044,-0.02227768715,-0.00576151696,-0.21,-0.02225663472,-0.005762514493,-0.2099870894,2.471607152e-05
5.045,-0.02217995574,-0.005734348727,-0.21,-0.0221592113,-0.005735469692,-0.2099870304,2.449078072e-05
5.046,-0.02208212561,-0.005707182558,-0.21,-0.0220616951,-0.005708428872,-0.2099869695,2.426422272e-05
5.047,-0.02198419913,-0.005680018949,-0.21,-0.02196408847,-0.005681392484,-0.2099869066,2.403666617e-05
5.048,-0.02188617873,-0.005652858405,-0.21,-0.02186639376,-0.005654360975,-0.2099868418,2.380840245e-05
5.049,-0.02178806683,-0.005625701438,-0.21,-0.02176861334,-0.005627334793,-0.2099867751,2.357974418e-05
5.05,-0.02168986593,-0.005598548565,-0.21,-0.02167074962,-0.005600314406,-0.2099867064,2.335102138e-05
5.051,-0.02159157851,-0.005571400312,-0.21,-0.02157280501,-0.005573300301,-0.2099866359,2.31225772e-05
5.052,-0.02149320712,-0.00554425721,-0.21,-0.02147478201,-0.00554629299,-0.2099865635,2.289476516e-05
5.053,-0.02139475433,-0.005517119796,-0.21,-0.0213766831,-0.005519292998,-0.2099864891,2.266794864e-05
5.054,-0.02129622272,-0.005489988616,-0.21,-0.02127851085,-0.005492300857,-0.2099864129,2.244250238e-05
5.055,-0.02119761492,-0.005462864218,-0.21,-0.02118026784,-0.005465317099,-0.2099863348,2.221881507e-05
5.056,-0.02109893359,-0.005435747159,-0.21,-0.02108195666,-0.00543834225,-0.2099862548,2.199729207e-05
5.057,-0.0210001814,-0.005408638002,-0.21,-0.02098357994,-0.00541137683,-0.209986173,2.177835719e-05
5.058,-0.02090136105,-0.005381537315,-0.21,-0.02088514033,-0.005384421362,-0.2099860892,2.156245332e-05
5.059,-0.02080247529,-0.00535444567,-0.21,-0.0207866405,-0.005357476373,-0.2099860036,2.135004193e-05
5.06,-0.02070352688,-0.005327363648,-0.21,-0.02068808312,-0.005330542405,-0.2099859162,2.114160198e-05
5.061,-0.0206045186,-0.005300291833,-0.21,-0.02058947093,-0.00530362001,-0.209985827,2.093762854e-05
5.062,-0.02050545326,-0.005273230814,-0.21,-0.02049080667,-0.005276709755,-0.2099857359,2.073863167e-05
5.063,-0.02040633371,-0.005246181188,-0.21,-0.02039209311,-0.005249812215,-0.209985643,2.054513542e-05
5.064,-0.0203071628,-0.005219143553,-0.21,-0.02029333306,-0.005222927968,-0.2099855483,2.035767704e-05
5.065,-0.02020794343,-0.005192118516,-0.21,-0.02019452935,-0.005196057594,-0.2099854518,2.017680601e-05
5.066,-0.02010867851,-0.005165106686,-0.21,-0.02009568482,-0.005169201671,-0.2099853536,2.000308306e-05
5.067,-0.02000937097,-0.005138108678,-0.21,-0.01999680234,-0.005142360776,-0.2099852535,1.983707864e-05
5.068,-0.01991002376,-0.00511112511,-0.21,-0.0198978848,-0.005115535491,-0.2099851517,1.967937131e-05
5.069,-0.01981063987,-0.005084156608,-0.21,-0.01979893511,-0.005088726403,-0.2099850481,1.95305456e-05
5.07,-0.0197112223,-0.005057203797,-0.21,-0.0196999562,-0.005061934105,-0.2099849429,1.939118956e-05
5.071,-0.01961177408,-0.005030267312,-0.21,-0.01960095102,-0.005035159202,-0.2099848359,1.926189178e-05
5.072,-0.01951229824,-0.005003347788,-0.21,-0.01950192254,-0.005008402303,-0.2099847271,1.914323794e-05
5.073,-0.01941279785,-0.004976445864,-0.21,-0.01940287375,-0.004981664025,-0.2099846167,1.9035807e-05
5.074,-0.01931327599,-0.004949562187,-0.21,-0.01930380767,-0.004954944985,-0.2099845046,1.8940167e-05
5.075,-0.01921373578,-0.004922697403,-0.21,-0.01920472734,-0.004928245803,-0.2099843909,1.885687058e-05
5.076,-0.01911418033,-0.004895852163,-0.21,-0.0191056358,-0.004901567099,-0.2099842755,1.878645075e-05
5.077,-0.01901461278,-0.004869027124,-0.21,-0.01900653612,-0.004874909495,-0.2099841584,1.872941666e-05
5.078,-0.0189150363,-0.004842222943,-0.21,-0.01890743139,-0.004848273616,-0.2099840397,1.86862496e-05
5.079,-0.01881545405,-0.004815440281,-0.21,-0.0188083247,-0.004821660092,-0.2099839194,1.865739923e-05
5.08,-0.01871586923,-0.004788679805,-0.21,-0.01870921918,-0.004795069555,-0.2099837975,1.864327997e-05
5.081,-0.01861628506,-0.004761942181,-0.21,-0.01861011794,-0.004768502647,-0.2099836741,1.864426732e-05
5.082,-0.01851670476,-0.004735228081,-0.21,-0.01851102415,-0.00474196001,-0.2099835491,1.866069434e-05
5.083,-0.01841713156,-0.004708538177,-0.21,-0.01841194097,-0.004715442291,-0.2099834225,1.869284837e-05
5.084,-0.01831756873,-0.004681873147,-0.21,-0.01831287157,-0.00468895014,-0.2099832944,1.874096825e-05
5.085,-0.01821801953,-0.00465523367,-0.21,-0.01821381916,-0.004662484206,-0.2099831648,1.880524213e-05
5.086,-0.01811848725,-0.004628620426,-0.21,-0.01811478692,-0.004636045141,-0.2099830337,1.888580612e-05
5.087,-0.01801897519,-0.004602034099,-0.21,-0.01801577809,-0.004609633598,-0.2099829011,1.898274401e-05
5.088,-0.01791948666,-0.004575475376,-0.21,-0.01791679588,-0.004583250233,-0.2099827671,1.909608757e-05
5.089,-0.01782002497,-0.004548944944,-0.21,-0.01781784355,-0.004556895702,-0.2099826317,1.92258178e-05
5.09,-0.01772059346,-0.004522443494,-0.21,-0.01771892435,-0.004530570667,-0.2099824948,1.937186664e-05
5.091,-0.01762119549,-0.004495971717,-0.21,-0.01762004153,-0.004504275793,-0.2099823565,1.953411898e-05
5.092,-0.0175218344,-0.004469530308,-0.21,-0.01752119838,-0.004478011746,-0.2099822169,1.971241501e-05
5.093,-0.01742251356,-0.004443119962,-0.21,-0.01742239818,-0.004451779194,-0.2099820758,1.990655289e-05
5.094,-0.01732323634,-0.004416741376,-0.21,-0.01732364422,-0.004425578807,-0.2099819335,2.011629186e-05
5.095,-0.01722400614,-0.004390395249,-0.21,-0.0172249398,-0.004399411255,-0.2099817898,2.034135557e-05
5.096,-0.01712482635,-0.00436408228,-0.21,-0.01712628824,-0.004373277209,-0.2099816448,2.058143568e-05
5.097,-0.01702570036,-0.004337803171,-0.21,-0.01702769286,-0.004347177342,-0.2099814986,2.083619589e-05
5.098,-0.01692663159,-0.004311558624,-0.21,-0.01692915697,-0.004321112327,-0.2099813511,2.110527593e-05
5.099,-0.01682762345,-0.004285349343,-0.21,-0.01683068391,-0.004295082839,-0.2099812023,2.13882954e-05
5.1,-0.01672867937,-0.004259176032,-0.21,-0.01673227703,-0.004269089555,-0.2099810524,2.168485757e-05
5.101,-0.01662980278,-0.004233039396,-0.21,-0.01663393966,-0.004243133152,-0.2099809012,2.199455266e-05
5.102,-0.01653099711,-0.00420694014,-0.21,-0.01653567516,-0.004217214309,-0.2099807489,2.231696108e-05
5.103,-0.0164322658,-0.004180878972,-0.21,-0.01643748688,-0.004191333707,-0.2099805955,2.265165613e-05
5.104,-0.0163336123,-0.004154856598,-0.21,-0.01633937817,-0.004165492025,-0.2099804409,2.299820665e-05
5.105,-0.01623504005,-0.004128873725,-0.21,-0.01624135241,-0.004139689944,-0.2099802852,2.33561794e-05
5.106,-0.01613655251,-0.004102931062,-0.21,-0.01614341296,-0.004113928142,-0.2099801284,2.372514122e-05
5.107,-0.01603815313,-0.004077029317,-0.21,-0.01604556319,-0.004088207302,-0.2099799706,2.410466107e-05
5.108,-0.01593984537,-0.004051169196,-0.21,-0.01594780646,-0.004062528103,-0.2099798117,2.44943118e-05
5.109,-0.01584163269,-0.004025351408,-0.21,-0.01585014616,-0.004036891227,-0.2099796518,2.489367159e-05
5.11,-0.01574351854,-0.003999576662,-0.21,-0.01575258566,-0.004011297356,-0.209979491,2.530232526e-05
5.111,-0.01564550639,-0.003973845664,-0.21,-0.01565512832,-0.003985747169,-0.2099793291,2.571986519e-05
5.112,-0.01554759971,-0.003948159122,-0.21,-0.01555777754,-0.00396024135,-0.2099791664,2.614589203e-05
5.113,-0.01544980195,-0.003922517743,-0.21,-0.01546053668,-0.003934780578,-0.2099790027,2.658001527e-05
5.114,-0.01535211658,-0.003896922234,-0.21,-0.01536340912,-0.003909365534,-0.2099788382,2.702185363e-05
5.115,-0.01525454705,-0.003871373299,-0.21,-0.01526639824,-0.003883996899,-0.2099786727,2.747103541e-05
5.116,-0.01515709683,-0.003845871645,-0.21,-0.0151695074,-0.003858675351,-0.2099785065,2.792719871e-05
5.117,-0.01505976937,-0.003820417976,-0.21,-0.01507273998,-0.003833401569,-0.2099783394,2.838999161e-05
5.118,-0.01496256813,-0.003795012995,-0.21,-0.01497609934,-0.00380817623,-0.2099781715,2.885907227e-05
5.119,-0.01486549655,-0.003769657405,-0.21,-0.01487958886,-0.003783000012,-0.2099780029,2.933410889e-05
5.12,-0.01476855809,-0.003744351907,-0.21,-0.01478321189,-0.00375787359,-0.2099778335,2.981477965e-05
5.121,-0.01467175619,-0.0037190972,-0.21,-0.01468697178,-0.00373279764,-0.2099776635,3.03007725e-05
5.122,-0.01457509429,-0.003693893985,-0.21,-0.0145908719,-0.003707772836,-0.2099774927,3.0791785e-05
5.123,-0.01447857582,-0.003668742959,-0.21,-0.0144949156,-0.003682799851,-0.2099773213,3.128752398e-05
5.124,-0.01438220421,-0.003643644817,-0.21,-0.01439910621,-0.003657879357,-0.2099771492,3.178770531e-05
5.125,-0.01428598288,-0.003618600255,-0.21,-0.01430344707,-0.003633012023,-0.2099769765,3.229205365e-05
5.126,-0.01418991526,-0.003593609965,-0.21,-0.01420794152,-0.003608198518,-0.2099768033,3.280030218e-05
5.127,-0.01409400474,-0.003568674638,-0.21,-0.01411259288,-0.003583439509,-0.2099766295,3.331219232e-05
5.128,-0.01399825473,-0.003543794964,-0.21,-0.01401740446,-0.003558735661,-0.2099764551,3.38274735e-05
5.129,-0.01390266864,-0.00351897163,-0.21,-0.01392237959,-0.003534087639,-0.2099762803,3.434590281e-05
5.13,-0.01380724983,-0.003494205321,-0.21,-0.01382752155,-0.003509496102,-0.2099761049,3.486724478e-05
5.131,-0.01371200169,-0.003469496722,-0.21,-0.01373283365,-0.003484961713,-0.2099759292,3.539127104e-05
5.132,-0.01361692759,-0.003444846513,-0.21,-0.01363831916,-0.003460485128,-0.2099757529,3.591776004e-05
5.133,-0.01352203089,-0.003420255372,-0.21,-0.01354398137,-0.003436067003,-0.2099755763,3.644649672e-05
5.134,-0.01342731493,-0.003395723978,-0.21,-0.01344982354,-0.003411707993,-0.2099753993,3.697727232e-05
5.135,-0.01333278306,-0.003371253003,-0.21,-0.01335584893,-0.003387408748,-0.209975222,3.750988402e-05
5.136,-0.01323843859,-0.003346843119,-0.21,-0.01326206078,-0.003363169917,-0.2099750444,3.804413476e-05
5.137,-0.01314428485,-0.003322494996,-0.21,-0.01316846232,-0.003338992148,-0.2099748664,3.8579833e-05
5.138,-0.01305032514,-0.0032982093,-0.21,-0.01307505678,-0.003314876084,-0.2099746882,3.911679251e-05
5.139,-0.01295656274,-0.003273986694,-0.21,-0.01298184737,-0.003290822367,-0.2099745097,3.965483213e-05
5.14,-0.01286300095,-0.003249827839,-0.21,-0.01288883728,-0.003266831636,-0.2099743311,4.019377559e-05
5.141,-0.01276964302,-0.003225733392,-0.21,-0.01279602971,-0.003242904526,-0.2099741522,4.073345123e-05
5.142,-0.0126764922,-0.00320170401,-0.21,-0.01270342782,-0.003219041673,-0.2099739732,4.12736919e-05
5.143,-0.01258355174,-0.003177740343,-0.21,-0.01261103478,-0.003195243705,-0.209973794,4.18143347e-05
5.144,-0.01249082486,-0.00315384304,-0.21,-0.01251885373,-0.003171511251,-0.2099736148,4.235522084e-05
5.145,-0.01239831476,-0.003130012746,-0.21,-0.0124268878,-0.003147844936,-0.2099734354,4.289619546e-05
5.146,-0.01230602465,-0.003106250104,-0.21,-0.01233514011,-0.003124245379,-0.209973256,4.34371075e-05
5.147,-0.01221395769,-0.003082555751,-0.21,-0.01224361376,-0.003100713201,-0.2099730766,4.397780953e-05
5.148,-0.01212211705,-0.003058930323,-0.21,-0.01215231184,-0.003077249016,-0.2099728971,4.451815763e-05
5.149,-0.01203050588,-0.003035374452,-0.21,-0.01206123741,-0.003053853434,-0.2099727177,4.505801129e-05
5.15,-0.01193912731,-0.003011888766,-0.21,-0.01197039354,-0.003030527066,-0.2099725383,4.559723322e-05
5.151,-0.01184798444,-0.002988473888,-0.21,-0.01187978325,-0.003007270515,-0.209972359,4.613568926e-05
5.152,-0.01175708037,-0.00296513044,-0.21,-0.01178940957,-0.002984084383,-0.2099721798,4.667324828e-05
5.153,-0.01166641818,-0.002941859038,-0.21,-0.0116992755,-0.002960969267,-0.2099720007,4.720978207e-05
5.154,-0.01157600092,-0.002918660294,-0.21,-0.01160938403,-0.002937925762,-0.2099718218,4.774516524e-05
5.155,-0.01148583164,-0.002895534819,-0.21,-0.01151973813,-0.002914954457,-0.2099716431,4.827927511e-05
5.156,-0.01139591335,-0.002872483215,-0.21,-0.01143034074,-0.002892055939,-0.2099714645,4.881199161e-05
5.157,-0.01130624906,-0.002849506085,-0.21,-0.0113411948,-0.00286923079,-0.2099712862,4.934319728e-05
5.158,-0.01121684175,-0.002826604024,-0.21,-0.01125230322,-0.002846479589,-0.2099711081,4.98727771e-05
5.159,-0.01112769438,-0.002803777625,-0.21,-0.01116366888,-0.002823802911,-0.2099709303,5.040061847e-05
5.16,-0.01103880989,-0.002781027475,-0.21,-0.01107529467,-0.002801201325,-0.2099707528,5.092661112e-05
5.161,-0.0109501912,-0.002758354158,-0.21,-0.01098718344,-0.002778675398,-0.2099705757,5.145064771e-05
5.162,-0.0108618412,-0.002735758254,-0.21,-0.01089933802,-0.002756225693,-0.2099703989,5.197262522e-05
5.163,-0.01077376279,-0.002713240336,-0.21,-0.01081176122,-0.002733852769,-0.2099702224,5.249244547e-05
5.164,-0.0106859588,-0.002690800975,-0.21,-0.01072445585,-0.002711557183,-0.2099700464,5.301001415e-05
5.165,-0.01059843209,-0.002668440735,-0.21,-0.01063742469,-0.002689339484,-0.2099698708,5.352523891e-05
5.166,-0.01051118545,-0.002646160179,-0.21,-0.01055067047,-0.002667200221,-0.2099696956,5.403802762e-05
5.167,-0.01042422168,-0.00262395986,-0.21,-0.01046419594,-0.002645139933,-0.2099695209,5.454828756e-05
5.168,-0.01033754354,-0.002601840332,-0.21,-0.0103780038,-0.002623159155,-0.2099693466,5.505592574e-05
5.169,-0.01025115378,-0.002579802139,-0.21,-0.01029209672,-0.002601258419,-0.2099691729,5.556084985e-05
5.17,-0.01016505512,-0.002557845823,-0.21,-0.01020647737,-0.00257943825,-0.2099689997,5.606296954e-05
5.171,-0.01007925024,-0.002535971921,-0.21,-0.01012114839,-0.002557699169,-0.209968827,5.656219734e-05
5.172,-0.009993741825,-0.002514180962,-0.21,-0.01003611238,-0.002536041694,-0.209968655,5.705844884e-05
5.173,-0.009908532518,-0.002492473475,-0.21,-0.009951371934,-0.002514466337,-0.2099684835,5.755164244e-05
5.174,-0.009823624942,-0.002470849979,-0.21,-0.009866929625,-0.002492973606,-0.2099683126,5.804169853e-05
5.175,-0.009739021691,-0.00244931099,-0.21,-0.009782787994,-0.002471564005,-0.2099681424,5.852853867e-05
5.176,-0.00965472534,-0.002427857019,-0.21,-0.009698949558,-0.002450238032,-0.2099679729,5.901208504e-05
5.177,-0.009570738432,-0.00240648857,-0.21,-0.009615416809,-0.002428996177,-0.209967804,5.94922603e-05
5.178,-0.00948706349,-0.002385206144,-0.21,-0.009532192214,-0.002407838928,-0.2099676359,5.996898785e-05
5.179,-0.009403703008,-0.002364010235,-0.21,-0.009449278213,-0.002386766766,-0.2099674685,6.044219232e-05
5.18,-0.009320659452,-0.002342901332,-0.21,-0.009366677223,-0.002365780166,-0.2099673018,6.09118e-05
5.181,-0.009237935266,-0.002321879917,-0.21,-0.009284391633,-0.0023448796,-0.2099671359,6.137773919e-05
5.182,-0.009155532864,-0.00230094647,-0.21,-0.009202423808,-0.002324065533,-0.2099669708,6.183994011e-05
5.183,-0.009073454634,-0.002280101461,-0.21,-0.009120776086,-0.002303338426,-0.2099668065,6.229833477e-05
5.184,-0.008991702936,-0.002259345357,-0.21,-0.009039450781,-0.002282698735,-0.2099666431,6.275285651e-05
5.185,-0.008910280104,-0.002238678619,-0.21,-0.008958450179,-0.00226214691,-0.2099664805,6.320343975e-05
5.186,-0.008829188444,-0.002218101703,-0.21,-0.008877776536,-0.002241683394,-0.2099663188,6.365001973e-05
5.187,-0.008748430232,-0.002197615056,-0.21,-0.008797432084,-0.002221308625,-0.2099661579,6.40925326e-05
5.188,-0.00866800772,-0.002177219123,-0.21,-0.008717419027,-0.002201023036,-0.209965998,6.453091553e-05
5.189,-0.008587923128,-0.002156914341,-0.21,-0.00863773954,-0.002180827053,-0.209965839,6.496510692e-05
5.19,-0.008508178649,-0.002136701141,-0.21,-0.008558395772,-0.002160721098,-0.209965681,6.539504658e-05
5.191,-0.008428776447,-0.002116579948,-0.21,-0.008479389843,-0.002140705585,-0.2099655239,6.582067581e-05
5.192,-0.008349718658,-0.002096551183,-0.21,-0.008400723845,-0.002120780925,-0.2099653679,6.624193735e-05
5.193,-0.008271007388,-0.002076615259,-0.21,-0.008322399845,-0.002100947521,-0.2099652128,6.665877524e-05
5.194,-0.008192644715,-0.002056772582,-0.21,-0.008244419876,-0.002081205773,-0.2099650588,6.707113467e-05
5.195,-0.008114632686,-0.002037023554,-0.21,-0.008166785948,-0.00206155607,-0.2099649058,6.747896183e-05
5.196,-0.00803697332,-0.00201736857,-0.21,-0.008089500037,-0.002041998801,-0.2099647539,6.788220389e-05
5.197,-0.007959668604,-0.001997808018,-0.21,-0.008012564094,-0.002022534345,-0.209964603,6.8280809e-05
5.198,-0.007882720498,-0.001978342282,-0.21,-0.007935980039,-0.002003163075,-0.2099644533,6.867472639e-05
5.199,-0.00780613093,-0.001958971738,-0.21,-0.007859749762,-0.001983885359,-0.2099643047,6.906390647e-05
5.2,-0.007729901798,-0.001939696754,-0.21,-0.007783875125,-0.001964701559,-0.2099641572,6.944830083e-05
5.201,-0.007654034971,-0.001920517695,-0.21,-0.00770835796,-0.001945612031,-0.2099640109,6.98278623e-05
5.202,-0.007578532285,-0.001901434918,-0.21,-0.00763320007,-0.001926617123,-0.2099638657,7.02025449e-05
5.203,-0.007503395549,-0.001882448774,-0.21,-0.007558403227,-0.00190771718,-0.2099637217,7.057230377e-05
5.204,-0.007428626538,-0.001863559606,-0.21,-0.007483969174,-0.001888912539,-0.2099635789,7.093709509e-05
5.205,-0.007354226998,-0.001844767753,-0.21,-0.007409899623,-0.00187020353,-0.2099634374,7.129687606e-05
5.206,-0.007280198643,-0.001826073546,-0.21,-0.007336196257,-0.001851590478,-0.2099632971,7.165160485e-05
5.207,-0.007206543155,-0.001807477309,-0.21,-0.007262860727,-0.001833073701,-0.209963158,7.200124064e-05
5.208,-0.007133262188,-0.001788979361,-0.21,-0.007189894655,-0.00181465351,-0.2099630202,7.234574365e-05
5.209,-0.007060357362,-0.001770580013,-0.21,-0.007117299632,-0.00179633021,-0.2099628836,7.268507519e-05
5.21,-0.006987830266,-0.00175227957,-0.21,-0.007045077217,-0.001778104102,-0.2099627484,7.301919763e-05
5.211,-0.006915682458,-0.001734078331,-0.21,-0.006973228941,-0.001759975476,-0.2099626144,7.334807444e-05
5.212,-0.006843915463,-0.001715976586,-0.21,-0.006901756302,-0.001741944619,-0.2099624818,7.367167018e-05
5.213,-0.006772530777,-0.001697974621,-0.21,-0.006830660768,-0.00172401181,-0.2099623505,7.39899504e-05
5.214,-0.006701529862,-0.001680072714,-0.21,-0.006759943775,-0.001706177323,-0.2099622206,7.430288165e-05
5.215,-0.006630914148,-0.001662271136,-0.21,-0.00668960673,-0.001688441424,-0.209962092,7.461043146e-05
5.216,-0.006560685033,-0.001644570151,-0.21,-0.006619651005,-0.001670804373,-0.2099619648,7.491256832e-05
5.217,-0.006490843886,-0.001626970018,-0.21,-0.006550077945,-0.001653266423,-0.209961839,7.520926171e-05
5.218,-0.00642139204,-0.001609470988,-0.21,-0.00648088886,-0.00163582782,-0.2099617146,7.550048211e-05
5.219,-0.006352330797,-0.001592073305,-0.21,-0.006412085032,-0.001618488804,-0.2099615917,7.578620099e-05
5.22,-0.006283661427,-0.001574777205,-0.21,-0.006343667708,-0.00160124961,-0.2099614701,7.606639085e-05
5.221,-0.006215385169,-0.001557582919,-0.21,-0.006275638107,-0.001584110462,-0.20996135,7.634102517e-05
5.222,-0.006147503228,-0.001540490672,-0.21,-0.006207997414,-0.001567071583,-0.2099612313,7.66100784e-05
5.223,-0.006080016776,-0.001523500678,-0.21,-0.006140746783,-0.001550133183,-0.2099611141,7.687352597e-05
5.224,-0.006012926955,-0.001506613149,-0.21,-0.006073887336,-0.001533295471,-0.2099609983,7.713134426e-05
5.225,-0.005946234872,-0.001489828286,-0.21,-0.006007420164,-0.001516558645,-0.2099608841,7.738351058e-05
5.226,-0.005879941603,-0.001473146286,-0.21,-0.005941346325,-0.0014999229,-0.2099607713,7.763000318e-05
5.227,-0.005814048191,-0.001456567337,-0.21,-0.005875666848,-0.00148338842,-0.20996066,7.787080126e-05
5.228,-0.005748555646,-0.001440091622,-0.21,-0.005810382727,-0.001466955386,-0.2099605503,7.810588494e-05
5.229,-0.005683464947,-0.001423719314,-0.21,-0.005745494925,-0.00145062397,-0.2099604421,7.833523532e-05
5.23,-0.005618777038,-0.001407450581,-0.21,-0.005681004374,-0.001434394337,-0.2099603354,7.855883441e-05
5.231,-0.005554492833,-0.001391285585,-0.21,-0.005616911973,-0.001418266647,-0.2099602302,7.877666516e-05
5.232,-0.00549061321,-0.001375224479,-0.21,-0.005553218591,-0.001402241051,-0.2099601266,7.898871145e-05
5.233,-0.005427139017,-0.00135926741,-0.21,-0.005489925062,-0.001386317696,-0.2099600246,7.919495804e-05
5.234,-0.005364071069,-0.001343414517,-0.21,-0.005427032191,-0.001370496719,-0.2099599241,7.939539064e-05
5.235,-0.005301410147,-0.001327665933,-0.21,-0.005364540749,-0.001354778251,-0.2099598252,7.958999582e-05
5.236,-0.005239157002,-0.001312021783,-0.21,-0.005302451477,-0.001339162418,-0.2099597279,7.977876106e-05
5.237,-0.005177312348,-0.001296482186,-0.21,-0.005240765083,-0.001323649336,-0.2099596321,7.996167474e-05
5.238,-0.005115876871,-0.001281047252,-0.21,-0.005179482241,-0.001308239118,-0.209959538,8.013872614e-05
5.239,-0.005054851221,-0.001265717088,-0.21,-0.005118603597,-0.001292931866,-0.2099594455,8.03099054e-05
5.24,-0.004994236017,-0.001250491788,-0.21,-0.005058129763,-0.001277727677,-0.2099593545,8.047520354e-05
5.241,-0.004934031845,-0.001235371444,-0.21,-0.004998061318,-0.001262626643,-0.2099592652,8.063461247e-05
5.242,-0.004874239258,-0.001220356138,-0.21,-0.004938398812,-0.001247628844,-0.2099591776,8.078812497e-05
5.243,-0.004814858778,-0.001205445946,-0.21,-0.004879142761,-0.001232734359,-0.2099590915,8.093573469e-05
5.244,-0.004755890892,-0.001190640937,-0.21,-0.004820293649,-0.001217943256,-0.2099590071,8.107743611e-05
5.245,-0.004697336056,-0.001175941172,-0.21,-0.004761851929,-0.001203255597,-0.2099589243,8.121322459e-05
5.246,-0.004639194694,-0.001161346706,-0.21,-0.004703818023,-0.001188671437,-0.2099588432,8.134309631e-05
5.247,-0.004581467196,-0.001146857587,-0.21,-0.00464619232,-0.001174190826,-0.2099587637,8.146704833e-05
5.248,-0.004524153922,-0.001132473854,-0.21,-0.004588975177,-0.001159813805,-0.2099586859,8.158507851e-05
5.249,-0.004467255197,-0.00111819554,-0.21,-0.004532166921,-0.001145540407,-0.2099586097,8.169718555e-05
5.25,-0.004410771315,-0.001104022672,-0.21,-0.004475767846,-0.001131370661,-0.2099585352,8.1803369e-05
5.251,-0.004354702538,-0.001089955269,-0.21,-0.004419778215,-0.001117304588,-0.2099584624,8.190362922e-05
5.252,-0.004299049095,-0.001075993342,-0.21,-0.004364198259,-0.001103342201,-0.2099583912,8.199796738e-05
5.253,-0.004243811184,-0.001062136897,-0.21,-0.004309028178,-0.001089483506,-0.2099583217,8.208638548e-05
5.254,-0.00418898897,-0.00104838593,-0.21,-0.004254268141,-0.001075728504,-0.2099582539,8.216888631e-05
5.255,-0.004134582587,-0.001034740432,-0.21,-0.004199918285,-0.001062077188,-0.2099581877,8.224547348e-05
5.256,-0.004080592136,-0.001021200388,-0.21,-0.004145978716,-0.001048529543,-0.2099581233,8.231615138e-05
5.257,-0.004027017686,-0.001007765772,-0.21,-0.004092449508,-0.001035085549,-0.2099580605,8.238092521e-05
5.258,-0.003973859275,-0.0009944365552,-0.21,-0.004039330706,-0.001021745178,-0.2099579994,8.243980094e-05
5.259,-0.00392111691,-0.000981212699,-0.21,-0.00398662232,-0.001008508395,-0.20995794,8.249278532e-05
5.26,-0.003868790565,-0.0009680941589,-0.21,-0.003934324334,-0.0009953751588,-0.2099578823,8.25398859e-05
5.261,-0.003816880182,-0.000955080883,-0.21,-0.003882436698,-0.0009823454203,-0.2099578262,8.258111098e-05
5.262,-0.003765385674,-0.0009421728125,-0.21,-0.003830959331,-0.0009694191245,-0.2099577719,8.261646965e-05
5.263,-0.00371430692,-0.0009293698814,-0.21,-0.003779892122,-0.0009565962089,-0.2099577192,8.264597175e-05
5.264,-0.003663643769,-0.0009166720169,-0.21,-0.00372923493,-0.0009438766046,-0.2099576682,8.266962789e-05
5.265,-0.00361339604,-0.0009040791391,-0.21,-0.003678987583,-0.0009312602356,-0.209957619,8.268744941e-05
5.266,-0.003563563518,-0.0008915911612,-0.21,-0.003629149877,-0.000918747019,-0.2099575714,8.269944843e-05
5.267,-0.003514145959,-0.0008792079892,-0.21,-0.003579721581,-0.0009063368653,-0.2099575255,8.27056378e-05
5.268,-0.003465143087,-0.0008669295224,-0.21,-0.00353070243,-0.0008940296781,-0.2099574813,8.270603109e-05
5.269,-0.003416554598,-0.000854755653,-0.21,-0.003482092131,-0.000881825354,-0.2099574388,8.270064263e-05
5.27,-0.003368380153,-0.0008426862665,-0.21,-0.00343389036,-0.0008697237831,-0.2099573979,8.268948747e-05
5.271,-0.003320619386,-0.0008307212411,-0.21,-0.003386096763,-0.0008577248486,-0.2099573588,8.267258138e-05
5.272,-0.0032732719,-0.0008188604484,-0.21,-0.003338710958,-0.000845828427,-0.2099573213,8.264994088e-05
5.273,-0.003226337264,-0.0008071037531,-0.21,-0.003291732531,-0.000834034388,-0.2099572855,8.26215832e-05
5.274,-0.003179815023,-0.0007954510129,-0.21,-0.003245161038,-0.0008223425947,-0.2099572514,8.258752625e-05
5.275,-0.003133704686,-0.0007839020788,-0.21,-0.003198996008,-0.0008107529033,-0.209957219,8.254778869e-05
5.276,-0.003088005737,-0.0007724567949,-0.21,-0.003153236939,-0.0007992651635,-0.2099571883,8.250238985e-05
5.277,-0.003042717625,-0.0007611149985,-0.21,-0.003107883299,-0.0007878792183,-0.2099571592,8.245134979e-05
5.278,-0.002997839774,-0.0007498765201,-0.21,-0.003062934528,-0.000776594904,-0.2099571318,8.239468924e-05
5.279,-0.002953371576,-0.0007387411836,-0.21,-0.003018390037,-0.0007654120504,-0.209957106,8.233242963e-05
5.28,-0.002909312393,-0.0007277088059,-0.21,-0.002974249206,-0.0007543304804,-0.2099570819,8.22645931e-05
5.281,-0.00286566156,-0.0007167791973,-0.21,-0.00293051139,-0.0007433500107,-0.2099570595,8.219120246e-05
5.282,-0.002822418381,-0.0007059521616,-0.21,-0.002887175912,-0.0007324704513,-0.2099570387,8.21122812e-05
5.283,-0.002779582131,-0.0006952274955,-0.21,-0.002844242068,-0.0007216916054,-0.2099570196,8.202785349e-05
5.284,-0.002737152056,-0.0006846049895,-0.21,-0.002801709125,-0.0007110132702,-0.2099570022,8.193794417e-05
5.285,-0.002695127374,-0.0006740844272,-0.21,-0.002759576323,-0.0007004352359,-0.2099569863,8.184257875e-05
5.286,-0.002653507275,-0.0006636655856,-0.21,-0.002717842871,-0.0006899572866,-0.2099569721,8.174178342e-05
5.287,-0.002612290918,-0.0006533482354,-0.21,-0.002676507953,-0.0006795791999,-0.2099569596,8.163558501e-05
5.288,-0.002571477436,-0.0006431321404,-0.21,-0.002635570724,-0.0006693007467,-0.2099569486,8.152401104e-05
5.289,-0.002531065933,-0.000633017058,-0.21,-0.002595030311,-0.000659121692,-0.2099569393,8.140708967e-05
5.29,-0.002491055485,-0.0006230027394,-0.21,-0.002554885814,-0.0006490417939,-0.2099569316,8.128484971e-05
5.291,-0.00245144514,-0.0006130889289,-0.21,-0.002515136306,-0.0006390608047,-0.2099569256,8.115732065e-05
5.292,-0.002412233918,-0.0006032753647,-0.21,-0.002475780831,-0.00062917847,-0.2099569211,8.102453259e-05
5.293,-0.002373420812,-0.0005935617783,-0.21,-0.002436818408,-0.0006193945293,-0.2099569182,8.088651631e-05
5.294,-0.002335004788,-0.0005839478951,-0.21,-0.002398248029,-0.0006097087159,-0.2099569169,8.074330323e-05
5.295,-0.002296984783,-0.0005744334341,-0.21,-0.002360068657,-0.0006001207568,-0.2099569172,8.059492539e-05
5.296,-0.002259359709,-0.0005650181079,-0.21,-0.00232227923,-0.0005906303729,-0.2099569191,8.044141547e-05
5.297,-0.00222212845,-0.0005557016229,-0.21,-0.00228487866,-0.0005812372788,-0.2099569225,8.028280682e-05
5.298,-0.002185289864,-0.0005464836791,-0.21,-0.002247865832,-0.0005719411831,-0.2099569275,8.01191334e-05
5.299,-0.002148842781,-0.0005373639706,-0.21,-0.002211239606,-0.0005627417885,-0.2099569341,7.995042982e-05
5.3,-0.002112786006,-0.000528342185,-0.21,-0.002174998814,-0.0005536387912,-0.2099569422,7.977673129e-05
5.301,-0.002077118317,-0.000519418004,-0.21,-0.002139142263,-0.0005446318818,-0.2099569518,7.959807369e-05
5.302,-0.002041838467,-0.0005105911031,-0.21,-0.002103668736,-0.0005357207448,-0.209956963,7.94144935e-05
5.303,-0.002006945183,-0.0005018611517,-0.21,-0.00206857699,-0.0005269050586,-0.2099569757,7.922602784e-05
5.304,-0.001972437164,-0.0004932278132,-0.21,-0.002033865754,-0.000518184496,-0.20995699,7.903271445e-05
5.305,-0.001938313087,-0.000484690745,-0.21,-0.001999533736,-0.0005095587236,-0.2099570057,7.883459171e-05
5.306,-0.001904571601,-0.0004762495985,-0.21,-0.001965579617,-0.0005010274024,-0.209957023,7.86316986e-05
5.307,-0.001871211332,-0.0004679040194,-0.21,-0.001932002054,-0.0004925901876,-0.2099570417,7.842407475e-05
5.308,-0.001838230879,-0.0004596536471,-0.21,-0.001898799678,-0.0004842467284,-0.2099570619,7.821176039e-05
5.309,-0.001805628818,-0.0004514981155,-0.21,-0.001865971099,-0.0004759966687,-0.2099570836,7.799479638e-05
5.31,-0.0017734037,-0.0004434370527,-0.21,-0.001833514898,-0.0004678396464,-0.2099571067,7.777322422e-05
5.311,-0.001741554051,-0.0004354700809,-0.21,-0.001801429637,-0.0004597752938,-0.2099571313,7.754708601e-05
5.312,-0.001710078373,-0.0004275968165,-0.21,-0.001769713852,-0.0004518032378,-0.2099571574,7.731642447e-05
5.313,-0.001678975146,-0.0004198168706,-0.21,-0.001738366056,-0.0004439230995,-0.2099571849,7.708128295e-05
5.314,-0.001648242824,-0.0004121298481,-0.21,-0.001707384737,-0.0004361344947,-0.2099572138,7.684170543e-05
5.315,-0.001617879837,-0.0004045353489,-0.21,-0.001676768362,-0.0004284370336,-0.2099572441,7.659773651e-05
5.316,-0.001587884594,-0.000397032967,-0.21,-0.001646515375,-0.0004208303212,-0.2099572759,7.63494214e-05
5.317,-0.00155825548,-0.000389622291,-0.21,-0.001616624196,-0.0004133139568,-0.209957309,7.609680596e-05
5.318,-0.001528990856,-0.0003823029039,-0.21,-0.001587093223,-0.0004058875346,-0.2099573435,7.583993665e-05
5.319,-0.001500089062,-0.0003750743836,-0.21,-0.001557920833,-0.0003985506435,-0.2099573794,7.557886057e-05
5.32,-0.001471548415,-0.0003679363023,-0.21,-0.001529105379,-0.000391302867,-0.2099574166,7.531362545e-05
5.321,-0.001443367209,-0.0003608882271,-0.21,-0.001500645193,-0.0003841437836,-0.2099574553,7.504427965e-05
5.322,-0.001415543716,-0.0003539297198,-0.21,-0.001472538585,-0.0003770729667,-0.2099574952,7.477087215e-05
5.323,-0.001388076187,-0.0003470603369,-0.21,-0.001444783845,-0.0003700899843,-0.2099575365,7.449345256e-05
5.324,-0.001360962852,-0.0003402796298,-0.21,-0.00141737924,-0.0003631943998,-0.2099575791,7.421207115e-05
5.325,-0.001334201917,-0.0003335871447,-0.21,-0.001390323018,-0.0003563857711,-0.209957623,7.392677882e-05
5.326,-0.00130779157,-0.0003269824228,-0.21,-0.001363613403,-0.0003496636516,-0.2099576682,7.363762711e-05
5.327,-0.001281729976,-0.0003204650003,-0.21,-0.001337248601,-0.0003430275896,-0.2099577146,7.33446682e-05
5.328,-0.00125601528,-0.0003140344084,-0.21,-0.001311226798,-0.0003364771285,-0.2099577624,7.304795492e-05
5.329,-0.001230645606,-0.0003076901732,-0.21,-0.001285546159,-0.0003300118071,-0.2099578114,7.274754073e-05
5.33,-0.001205619059,-0.0003014318162,-0.21,-0.001260204828,-0.0003236311594,-0.2099578616,7.244347976e-05
5.331,-0.001180933723,-0.000295258854,-0.21,-0.001235200932,-0.0003173347146,-0.2099579131,7.21358268e-05
5.332,-0.001156587662,-0.0002891707985,-0.21,-0.001210532577,-0.0003111219973,-0.2099579659,7.182463729e-05
5.333,-0.001132578923,-0.0002831671566,-0.21,-0.00118619785,-0.0003049925277,-0.2099580198,7.150996735e-05
5.334,-0.001108905529,-0.000277247431,-0.21,-0.00116219482,-0.0002989458213,-0.2099580749,7.119187375e-05
5.335,-0.001085565489,-0.0002714111194,-0.21,-0.001138521535,-0.0002929813892,-0.2099581312,7.087041393e-05
5.336,-0.00106255679,-0.0002656577152,-0.21,-0.001115176027,-0.0002870987381,-0.2099581887,7.054564602e-05
5.337,-0.001039877401,-0.0002599867072,-0.21,-0.001092156309,-0.0002812973704,-0.2099582473,7.021762884e-05
5.338,-0.001017525274,-0.0002543975799,-0.21,-0.001069460376,-0.0002755767841,-0.2099583071,6.988642186e-05
5.339,-0.0009954983418,-0.0002488898133,-0.21,-0.001047086206,-0.0002699364731,-0.209958368,6.955208527e-05
5.34,-0.0009737945196,-0.0002434628832,-0.21,-0.001025031759,-0.0002643759269,-0.20995843,6.921467996e-05
5.341,-0.0009524117054,-0.0002381162611,-0.21,-0.001003294977,-0.0002588946312,-0.2099584932,6.887426749e-05
5.342,-0.0009313477797,-0.0002328494142,-0.21,-0.0009818737875,-0.0002534920675,-0.2099585574,6.853091016e-05
5.343,-0.000910600606,-0.0002276618058,-0.21,-0.0009607660986,-0.0002481677131,-0.2099586227,6.818467096e-05
5.344,-0.0008901680312,-0.000222552895,-0.21,-0.0009399698037,-0.0002429210418,-0.2099586891,6.783561363e-05
5.345,-0.0008700478855,-0.0002175221368,-0.21,-0.0009194827797,-0.0002377515231,-0.2099587565,6.74838026e-05
5.346,-0.0008502379832,-0.0002125689825,-0.21,-0.0008993028876,-0.000232658623,-0.2099588249,6.712930305e-05
5.347,-0.0008307361222,-0.0002076928793,-0.21,-0.0008794279728,-0.0002276418037,-0.2099588944,6.67721809e-05
5.348,-0.0008115400853,-0.0002028932706,-0.21,-0.0008598558655,-0.0002227005236,-0.2099589649,6.641250281e-05
5.349,-0.0007926476393,-0.0001981695962,-0.21,-0.0008405843808,-0.0002178342376,-0.2099590364,6.605033619e-05
5.35,-0.0007740565362,-0.0001935212922,-0.21,-0.000821611319,-0.0002130423969,-0.2099591088,6.568574921e-05
5.351,-0.0007557645132,-0.0001889477908,-0.21,-0.0008029344659,-0.0002083244495,-0.2099591823,6.53188108e-05
5.352,-0.0007377692927,-0.000184448521,-0.21,-0.0007845515932,-0.0002036798398,-0.2099592566,6.494959068e-05
5.353,-0.000720068583,-0.000180022908,-0.21,-0.0007664604584,-0.0001991080087,-0.2099593319,6.457815934e-05
5.354,-0.0007026600781,-0.0001756703739,-0.21,-0.0007486588056,-0.0001946083942,-0.2099594082,6.420458805e-05
5.355,-0.0006855414586,-0.0001713903371,-0.21,-0.0007311443656,-0.0001901804307,-0.2099594853,6.382894889e-05
5.356,-0.0006687103915,-0.000167182213,-0.21,-0.0007139148557,-0.0001858235498,-0.2099595633,6.345131473e-05
5.357,-0.0006521645305,-0.0001630454135,-0.21,-0.0006969679808,-0.0001815371798,-0.2099596422,6.307175928e-05
5.358,-0.0006359015167,-0.0001589793477,-0.21,-0.0006803014332,-0.0001773207461,-0.2099597219,6.269035702e-05
5.359,-0.0006199189785,-0.0001549834214,-0.21,-0.0006639128929,-0.0001731736711,-0.2099598025,6.230718331e-05
5.36,-0.0006042145319,-0.0001510570373,-0.21,-0.0006478000281,-0.0001690953743,-0.209959884,6.192231432e-05
5.361,-0.0005887857811,-0.0001471995954,-0.21,-0.0006319604952,-0.0001650852726,-0.2099599662,6.153582705e-05
5.362,-0.0005736303184,-0.0001434104927,-0.21,-0.0006163919395,-0.0001611427801,-0.2099600492,6.114779939e-05
5.363,-0.000558745725,-0.0001396891234,-0.21,-0.0006010919951,-0.0001572673081,-0.2099601331,6.075831004e-05
5.364,-0.0005441295708,-0.000136034879,-0.21,-0.0005860582856,-0.0001534582656,-0.2099602176,6.03674386e-05
5.365,-0.000529779415,-0.0001324471485,-0.21,-0.0005712884239,-0.0001497150588,-0.209960303,5.997526553e-05
5.366,-0.0005156928063,-0.0001289253181,-0.21,-0.0005567800129,-0.0001460370919,-0.209960389,5.95818722e-05
5.367,-0.0005018672832,-0.0001254687716,-0.21,-0.000542530646,-0.0001424237663,-0.2099604758,5.918734083e-05
5.368,-0.0004883003745,-0.0001220768904,-0.21,-0.0005285379068,-0.0001388744815,-0.2099605633,5.879175457e-05
5.369,-0.0004749895992,-0.0001187490537,-0.21,-0.0005147993697,-0.0001353886347,-0.2099606515,5.839519746e-05
5.37,-0.0004619324674,-0.000115484638,-0.21,-0.0005013126005,-0.0001319656207,-0.2099607403,5.799775446e-05
5.371,-0.0004491264801,-0.0001122830182,-0.21,-0.0004880751564,-0.0001286048328,-0.2099608298,5.759951143e-05
5.372,-0.0004365691298,-0.0001091435666,-0.21,-0.0004750845862,-0.000125305662,-0.20996092,5.720055518e-05
5.373,-0.0004242579007,-0.0001060656537,-0.21,-0.0004623384311,-0.0001220674975,-0.2099610107,5.680097342e-05
5.374,-0.0004121902691,-0.000103048648,-0.21,-0.0004498342247,-0.0001188897267,-0.2099611021,5.640085481e-05
5.375,-0.0004003637036,-0.0001000919163,-0.21,-0.0004375694931,-0.0001157717353,-0.209961194,5.600028897e-05
5.376,-0.0003887756657,-9.719482327e-05,-0.21,-0.0004255417559,-0.0001127129074,-0.2099612865,5.559936642e-05
5.377,-0.0003774236098,-9.435673216e-05,-0.21,-0.0004137485259,-0.0001097126255,-0.2099613796,5.519817868e-05
5.378,-0.0003663049839,-9.157700448e-05,-0.21,-0.0004021873098,-0.0001067702707,-0.2099614732,5.479681817e-05
5.379,-0.0003554172294,-8.885500023e-05,-0.21,-0.0003908556079,-0.0001038852227,-0.2099615673,5.439537786e-05
5.38,-0.0003447577822,-8.619007792e-05,-0.21,-0.0003797509137,-0.0001010568596,-0.2099616619,5.399395025e-05
5.381,-0.0003343240722,-8.358159474e-05,-0.21,-0.0003688707139,-9.828455747e-05,-0.2099617571,5.359262739e-05
5.382,-0.0003241135243,-8.102890653e-05,-0.21,-0.0003582124893,-9.556769093e-05,-0.2099618527,5.319150171e-05
5.383,-0.0003141235585,-7.853136798e-05,-0.21,-0.0003477737173,-9.290563364e-05,-0.2099619487,5.279066733e-05
5.384,-0.0003043515902,-7.608833262e-05,-0.21,-0.0003375518727,-9.029775895e-05,-0.2099620452,5.239022113e-05
5.385,-0.0002947950305,-7.369915299e-05,-0.21,-0.0003275444289,-8.774344021e-05,-0.2099621421,5.199026306e-05
5.386,-0.0002854512869,-7.136318066e-05,-0.21,-0.0003177488578,-8.524205078e-05,-0.2099622394,5.159089568e-05
5.387,-0.0002763177631,-6.907976635e-05,-0.21,-0.0003081626285,-8.279296373e-05,-0.2099623371,5.119222312e-05
5.388,-0.0002673918599,-6.684826002e-05,-0.21,-0.0002987832075,-8.039555154e-05,-0.2099624351,5.079435015e-05
5.389,-0.0002586709753,-6.466801094e-05,-0.21,-0.0002896080579,-7.804918579e-05,-0.2099625335,5.03973815e-05
5.39,-0.0002501525049,-6.25383678e-05,-0.21,-0.0002806346398,-7.575323706e-05,-0.2099626322,5.000142178e-05
5.391,-0.0002418338422,-6.04586788e-05,-0.21,-0.0002718604111,-7.350707514e-05,-0.2099627313,4.960657581e-05
5.392,-0.0002337123789,-5.842829173e-05,-0.21,-0.0002632828281,-7.131006935e-05,-0.2099628306,4.921294919e-05
5.393,-0.0002257855057,-5.644655406e-05,-0.21,-0.0002548993467,-6.916158896e-05,-0.2099629302,4.882064875e-05
5.394,-0.0002180506122,-5.451281304e-05,-0.21,-0.0002467074231,-6.706100353e-05,-0.2099630301,4.842978287e-05
5.395,-0.0002105050874,-5.262641579e-05,-0.21,-0.0002387045139,-6.500768312e-05,-0.2099631302,4.804046133e-05
5.396,-0.0002031463201,-5.078670941e-05,-0.21,-0.0002308880766,-6.300099831e-05,-0.2099632305,4.765279507e-05
5.397,-0.0001959716996,-4.899304104e-05,-0.21,-0.0002232555692,-6.104032009e-05,-0.209963331,4.726689572e-05
5.398,-0.0001889786153,-4.724475798e-05,-0.21,-0.0002158044505,-5.91250197e-05,-0.2099634317,4.688287532e-05
5.399,-0.000182164458,-4.554120779e-05,-0.21,-0.0002085321802,-5.725446858e-05,-0.2099635326,4.650084607e-05
5.4,-0.0001755266196,-4.388173837e-05,-0.21,-0.0002014362193,-5.542803836e-05,-0.2099636336,4.612092038e-05
5.401,-0.0001690624939,-4.226569805e-05,-0.21,-0.0001945140312,-5.364510103e-05,-0.2099637347,4.574321098e-05
5.402,-0.0001627694767,-4.069243572e-05,-0.21,-0.0001877630815,-5.190502918e-05,-0.209963836,4.536783107e-05
5.403,-0.0001566449663,-3.91613009e-05,-0.21,-0.000181180839,-5.02071963e-05,-0.2099639373,4.499489444e-05
5.404,-0.0001506863642,-3.767164385e-05,-0.21,-0.0001747647764,-4.855097695e-05,-0.2099640387,4.462451544e-05
5.405,-0.0001448910749,-3.622281567e-05,-0.21,-0.0001685123701,-4.693574696e-05,-0.2099641401,4.425680888e-05
5.406,-0.0001392565069,-3.481416839e-05,-0.21,-0.0001624211008,-4.536088346e-05,-0.2099642416,4.389188979e-05
5.407,-0.0001337800725,-3.344505508e-05,-0.21,-0.0001564884536,-4.382576486e-05,-0.209964343,4.352987325e-05
5.408,-0.000128459189,-3.211482996e-05,-0.21,-0.0001507119188,-4.232977083e-05,-0.2099644445,4.317087416e-05
5.409,-0.0001232912782,-3.082284847e-05,-0.21,-0.0001450889914,-4.087228232e-05,-0.2099645459,4.281500715e-05
5.41,-0.0001182737675,-2.956846742e-05,-0.21,-0.0001396171723,-3.945268163e-05,-0.2099646473,4.24623865e-05
5.411,-0.0001134040902,-2.835104505e-05,-0.21,-0.0001342939686,-3.807035254e-05,-0.2099647486,4.211312612e-05
5.412,-0.0001086796854,-2.716994115e-05,-0.21,-0.0001291168941,-3.672468052e-05,-0.2099648498,4.176733951e-05
5.413,-0.0001040979991,-2.602451718e-05,-0.21,-0.0001240834695,-3.541505288e-05,-0.2099649509,4.142513965e-05
5.414,-9.965648432e-05,-2.491413635e-05,-0.21,-0.0001191912231,-3.414085898e-05,-0.2099650518,4.108663893e-05
5.415,-9.535260149e-05,-2.383816375e-05,-0.21,-0.0001144376914,-3.290149036e-05,-0.2099651527,4.075194895e-05
5.416,-9.118381893e-05,-2.279596643e-05,-0.21,-0.0001098204189,-3.169634077e-05,-0.2099652533,4.042118033e-05
5.417,-8.714761326e-05,-2.178691353e-05,-0.21,-0.0001053369589,-3.052480626e-05,-0.2099653538,4.009444252e-05
5.418,-8.324146988e-05,-2.081037637e-05,-0.21,-0.0001009848737,-2.938628519e-05,-0.209965454,3.977184362e-05
5.419,-7.946288335e-05,-1.986572858e-05,-0.21,-9.676173528e-05,-2.828017834e-05,-0.209965554,3.945349022e-05
5.42,-7.580935787e-05,-1.895234619e-05,-0.21,-9.266512555e-05,-2.720588896e-05,-0.2099656538,3.913948721e-05
5.421,-7.227840767e-05,-1.806960774e-05,-0.21,-8.869263684e-05,-2.616282291e-05,-0.2099657533,3.882993769e-05
5.422,-6.886755752e-05,-1.721689442e-05,-0.21,-8.484187248e-05,-2.515038884e-05,-0.2099658525,3.852494277e-05
5.423,-6.557434311e-05,-1.639359013e-05,-0.21,-8.111044714e-05,-2.41679983e-05,-0.2099659514,3.822460139e-05
5.424,-6.239631154e-05,-1.559908163e-05,-0.21,-7.749598735e-05,-2.321506594e-05,-0.2099660499,3.792901014e-05
5.425,-5.933102174e-05,-1.483275866e-05,-0.21,-7.399613187e-05,-2.229100959e-05,-0.2099661481,3.763826307e-05
5.426,-5.637604496e-05,-1.409401401e-05,-0.21,-7.060853216e-05,-2.139525036e-05,-0.209966246,3.73524514e-05
5.427,-5.352896519e-05,-1.338224366e-05,-0.21,-6.733085283e-05,-2.052721274e-05,-0.2099663434,3.707166337e-05
5.428,-5.078737963e-05,-1.269684693e-05,-0.21,-6.416077204e-05,-1.968632467e-05,-0.2099664404,3.679598397e-05
5.429,-4.814889914e-05,-1.203722651e-05,-0.21,-6.1095982e-05,-1.887201762e-05,-0.209966537,3.652549475e-05
5.43,-4.561114873e-05,-1.140278865e-05,-0.21,-5.813418947e-05,-1.808372673e-05,-0.2099666332,3.626027359e-05
5.431,-4.317176802e-05,-1.079294325e-05,-0.21,-5.527311619e-05,-1.732089091e-05,-0.2099667288,3.600039452e-05
5.432,-4.082841167e-05,-1.020710397e-05,-0.21,-5.251049935e-05,-1.658295297e-05,-0.209966824,3.574592749e-05
5.433,-3.857874989e-05,-9.644688359e-06,-0.21,-4.984409212e-05,-1.586935981e-05,-0.2099669186,3.549693816e-05
5.434,-3.642046891e-05,-9.105117973e-06,-0.21,-4.727166407e-05,-1.51795625e-05,-0.2099670127,3.525348767e-05
5.435,-3.435127143e-05,-8.587818484e-06,-0.21,-4.479100163e-05,-1.451301644e-05,-0.2099671063,3.501563246e-05
5.436,-3.236887714e-05,-8.092219807e-06,-0.21,-4.239990861e-05,-1.386918144e-05,-0.2099671992,3.478342401e-05
5.437,-3.047102314e-05,-7.617756221e-06,-0.21,-4.009620663e-05,-1.324752185e-05,-0.2099672916,3.455690866e-05
5.438,-2.865546449e-05,-7.163866486e-06,-0.21,-3.78777356e-05,-1.264750665e-05,-0.2099673833,3.433612741e-05
5.439,-2.691997467e-05,-6.729993968e-06,-0.21,-3.574235426e-05,-1.206860957e-05,-0.2099674744,3.412111574e-05
5.44,-2.526234603e-05,-6.315586756e-06,-0.21,-3.368794062e-05,-1.151030917e-05,-0.2099675648,3.39119034e-05
5.441,-2.368039035e-05,-5.920097793e-06,-0.21,-3.171239247e-05,-1.097208904e-05,-0.2099676545,3.370851428e-05
5.442,-2.217193929e-05,-5.542984992e-06,-0.21,-2.981362791e-05,-1.045343786e-05,-0.2099677436,3.351096624e-05
5.443,-2.07348449e-05,-5.183711362e-06,-0.21,-2.798958578e-05,-9.953849583e-06,-0.2099678319,3.3319271e-05
5.444,-1.936698009e-05,-4.841745135e-06,-0.21,-2.623822621e-05,-9.472823564e-06,-0.2099679194,3.313343394e-05
5.445,-1.80662392e-05,-4.516559891e-06,-0.21,-2.455753111e-05,-9.009864665e-06,-0.2099680062,3.295345407e-05
5.446,-1.683053843e-05,-4.207634681e-06,-0.21,-2.294550465e-05,-8.564483391e-06,-0.2099680922,3.277932387e-05
5.447,-1.565781639e-05,-3.914454156e-06,-0.21,-2.140017377e-05,-8.136196007e-06,-0.2099681773,3.261102924e-05
5.448,-1.454603459e-05,-3.636508695e-06,-0.21,-1.991958873e-05,-7.724524653e-06,-0.2099682617,3.244854945e-05
5.449,-1.349317797e-05,-3.373294532e-06,-0.21,-1.850182356e-05,-7.328997467e-06,-0.2099683451,3.229185706e-05
5.45,-1.249725542e-05,-3.124313884e-06,-0.21,-1.714497661e-05,-6.949148712e-06,-0.2099684277,3.214091796e-05
5.451,-1.155630023e-05,-2.889075082e-06,-0.21,-1.58471711e-05,-6.584518908e-06,-0.2099685094,3.19956913e-05
5.452,-1.066837073e-05,-2.6670927e-06,-0.21,-1.460655556e-05,-6.234654971e-06,-0.2099685902,3.185612961e-05
5.453,-9.831550684e-06,-2.457887686e-06,-0.21,-1.342130445e-05,-5.899110345e-06,-0.20996867,3.172217874e-05
5.454,-9.043949915e-06,-2.26098749e-06,-0.21,-1.228961859e-05,-5.577445139e-06,-0.2099687489,3.159377802e-05
5.455,-8.303704779e-06,-2.075926203e-06,-0.21,-1.120972576e-05,-5.269226261e-06,-0.2099688267,3.147086031e-05
5.456,-7.608978709e-06,-1.902244684e-06,-0.21,-1.017988119e-05,-4.974027548e-06,-0.2099689036,3.135335209e-05
5.457,-6.957962753e-06,-1.739490693e-06,-0.21,-9.198368107e-06,-4.691429892e-06,-0.2099689794,3.124117364e-05
5.458,-6.348876101e-06,-1.587219029e-06,-0.21,-8.263498269e-06,-4.42102137e-06,-0.2099690542,3.113423918e-05
5.459,-5.779966629e-06,-1.44499166e-06,-0.21,-7.373612502e-06,-4.162397377e-06,-0.2099691279,3.103245702e-05
5.46,-5.249511438e-06,-1.312377862e-06,-0.21,-6.527081248e-06,-3.915160761e-06,-0.2099692004,3.093572982e-05
5.461,-4.755817396e-06,-1.188954351e-06,-0.21,-5.722305102e-06,-3.678921956e-06,-0.2099692719,3.084395475e-05
5.462,-4.297221688e-06,-1.074305423e-06,-0.21,-4.957715365e-06,-3.453299126e-06,-0.2099693422,3.075702374e-05
5.463,-3.872092358e-06,-9.680230903e-07,-0.21,-4.231774591e-06,-3.237918306e-06,-0.2099694114,3.067482376e-05
5.464,-3.478828865e-06,-8.697072169e-07,-0.21,-3.54297714e-06,-3.032413537e-06,-0.2099694794,3.059723707e-05
5.465,-3.115862637e-06,-7.789656596e-07,-0.21,-2.889849729e-06,-2.836427012e-06,-0.2099695461,3.052414153e-05
5.466,-2.781657623e-06,-6.954144062e-07,-0.21,-2.270951993e-06,-2.649609206e-06,-0.2099696116,3.045541085e-05
5.467,-2.474710858e-06,-6.186777148e-07,-0.21,-1.684877044e-06,-2.47161902e-06,-0.2099696759,3.039091497e-05
5.468,-2.193553019e-06,-5.483882549e-07,-0.21,-1.130252033e-06,-2.302123915e-06,-0.2099697389,3.033052036e-05
5.469,-1.936748992e-06,-4.84187248e-07,-0.21,-6.057387164e-07,-2.140800057e-06,-0.2099698006,3.027409034e-05
5.47,-1.702898438e-06,-4.257246095e-07,-0.21,-1.100340239e-07,-1.987332449e-06,-0.2099698609,3.022148545e-05
5.471,-1.490636363e-06,-3.726590907e-07,-0.21,3.581293688e-07,-1.841415085e-06,-0.20996992,3.01725638e-05
5.472,-1.298633689e-06,-3.246584222e-07,-0.21,7.999824675e-07,-1.702751088e-06,-0.2099699776,3.012718145e-05
5.473,-1.12559783e-06,-2.813994575e-07,-0.21,1.216719383e-06,-1.57105286e-06,-0.2099700339,3.008519273e-05
5.474,-9.702732671e-07,-2.425683168e-07,-0.21,1.609496754e-06,-1.446042224e-06,-0.2099700887,3.004645066e-05
5.475,-8.314421307e-07,-2.078605327e-07,-0.21,1.979433162e-06,-1.327450572e-06,-0.2099701421,3.001080732e-05
5.476,-7.079247806e-07,-1.769811952e-07,-0.21,2.327608551e-06,-1.21501901e-06,-0.209970194,2.997811421e-05
5.477,-5.985803925e-07,-1.496450981e-07,-0.21,2.655063639e-06,-1.108498502e-06,-0.2099702445,2.994822265e-05
5.478,-5.023075453e-07,-1.255768863e-07,-0.21,2.962799329e-06,-1.007650019e-06,-0.2099702934,2.992098414e-05
5.479,-4.180448105e-07,-1.045112026e-07,-0.21,3.251776114e-06,-9.122446821e-07,-0.2099703408,2.989625078e-05
5.48,-3.447713463e-07,-8.619283657e-08,-0.21,3.522913486e-06,-8.220639147e-07,-0.2099703867,2.98738756e-05
5.481,-2.815074921e-07,-7.037687303e-08,-0.21,3.777089338e-06,-7.368995907e-07,-0.209970431,2.9853713e-05
5.482,-2.27315367e-07,-5.682884174e-08,-0.21,4.015139359e-06,-6.565541861e-07,-0.2099704736,2.983561907e-05
5.483,-1.812994699e-07,-4.532486746e-08,-0.21,4.237856436e-06,-5.8084093e-07,-0.2099705147,2.981945202e-05
5.484,-1.42607283e-07,-3.565182076e-08,-0.21,4.445990049e-06,-5.095839572e-07,-0.2099705541,2.980507253e-05
5.485,-1.104298784e-07,-2.76074696e-08,-0.21,4.64024566e-06,-4.426184601e-07,-0.2099705918,2.979234413e-05
5.486,-8.400252496e-08,-2.100063124e-08,-0.21,4.821284103e-06,-3.797908415e-07,-0.2099706278,2.978113357e-05
5.487,-6.260530089e-08,-1.565132522e-08,-0.21,4.989720972e-06,-3.209588668e-07,-0.2099706621,2.97713112e-05
5.488,-4.556370627e-08,-1.139092657e-08,-0.21,5.146126005e-06,-2.65991818e-07,-0.2099706947,2.976275132e-05
5.489,-3.224928023e-08,-8.062320057e-09,-0.21,5.291022463e-06,-2.14770648e-07,-0.2099707254,2.975533257e-05
5.49,-2.208021904e-08,-5.520054759e-09,-0.21,5.424886513e-06,-1.671881361e-07,-0.2099707544,2.974893831e-05
5.491,-1.452199803e-08,-3.630499507e-09,-0.21,5.548146599e-06,-1.231490441e-07,-0.2099707816,2.974345695e-05
5.492,-9.087995818e-09,-2.271998954e-09,-0.21,5.661182821e-06,-8.257027411e-08,-0.2099708069,2.973878233e-05
5.493,-5.340120128e-09,-1.335030032e-09,-0.21,5.764326302e-06,-4.538102628e-08,-0.2099708304,2.97348141e-05
5.494,-2.889438471e-09,-7.223596176e-10,-0.21,5.857858558e-06,-1.152295713e-08,-0.2099708519,2.973145809e-05
5.495,-1.396808691e-09,-3.492021727e-10,-0.21,5.942010864e-06,1.904966137e-08,-0.2099708715,2.972862666e-05
5.496,-5.735142182e-10,-1.433785545e-10,-0.21,6.016963619e-06,4.636978249e-08,-0.2099708892,2.972623909e-05
5.497,-1.819012361e-10,-4.547530903e-11,-0.21,6.082845701e-06,7.045742487e-08,-0.209970905,2.972422194e-05
5.498,-3.601769089e-11,-9.004422723e-12,-0.21,6.139733834e-06,9.131951196e-08,-0.2099709187,2.972250947e-05
5.499,-2.256537019e-12,-5.641342546e-13,-0.21,6.187651936e-06,1.089497109e-07,-0.2099709304,2.972104395e-05
5.5,-2.204364238e-17,-5.510910596e-18,-0.21,6.226570475e-06,1.233282703e-07,-0.2099709401,2.971977613e-05
5.501,-2.204364238e-17,-5.510910596e-18,-0.21,6.25640582e-06,1.344218569e-07,-0.2099709477,2.971866508e-05
5.502,-2.204364238e-17,-5.510910596e-18,-0.21,6.277161386e-06,1.422327473e-07,-0.2099709532,2.971767327e-05
5.503,-2.204364238e-17,-5.510910596e-18,-0.21,6.289542788e-06,1.470146132e-07,-0.2099709568,2.971675751e-05
5.504,-2.204364238e-17,-5.510910596e-18,-0.21,6.29519941e-06,1.493658838e-07,-0.209970959,2.971585274e-05
5.505,-2.204364238e-17,-5.510910596e-18,-0.21,6.296417207e-06,1.501354906e-07,-0.2099709603,2.971487879e-05
5.506,-2.204364238e-17,-5.510910596e-18,-0.21,6.295510812e-06,1.502096738e-07,-0.2099709612,2.971377949e-05
5.507,-2.204364238e-17,-5.510910596e-18,-0.21,6.29423125e-06,1.502805711e-07,-0.2099709622,2.971256178e-05
5.508,-2.204364238e-17,-5.510910596e-18,-0.21,6.293435137e-06,1.50691122e-07,-0.2099709633,2.971130138e-05
5.509,-2.204364238e-17,-5.510910596e-18,-0.21,6.29310891e-06,1.514105537e-07,-0.2099709644,2.971010979e-05
5.51,-2.204364238e-17,-5.510910596e-18,-0.21,6.292682997e-06,1.521387715e-07,-0.2099709654,2.970908397e-05
5.511,-2.204364238e-17,-5.510910596e-18,-0.21,6.291468346e-06,1.524889921e-07,-0.209970966,2.970826766e-05
5.512,-2.204364238e-17,-5.510910596e-18,-0.21,6.289030311e-06,1.521736074e-07,-0.2099709661,2.970764141e-05
5.513,-2.204364238e-17,-5.510910596e-18,-0.21,6.285372849e-06,1.511250326e-07,-0.2099709658,2.970714072e-05
5.514,-2.204364238e-17,-5.510910596e-18,-0.21,6.280902276e-06,1.495150931e-07,-0.2099709653,2.970668881e-05
5.515,-2.204364238e-17,-5.510910596e-18,-0.21,6.276230051e-06,1.47678449e-07,-0.2099709647,2.970622732e-05
5.516,-2.204364238e-17,-5.510910596e-18,-0.21,6.271924195e-06,1.459806462e-07,-0.2099709643,2.970573334e-05
5.517,-2.204364238e-17,-5.510910596e-18,-0.21,6.268317441e-06,1.44687197e-07,-0.209970964,2.970521922e-05
5.518,-2.204364238e-17,-5.510910596e-18,-0.21,6.265437259e-06,1.438829691e-07,-0.2099709639,2.970471885e-05
5.519,-2.204364238e-17,-5.510910596e-18,-0.21,6.263063064e-06,1.434664766e-07,-0.2099709639,2.970426853e-05
5.52,-2.204364238e-17,-5.510910596e-18,-0.21,6.260865405e-06,1.432127561e-07,-0.2099709638,2.970389094e-05
5.521,-2.204364238e-17,-5.510910596e-18,-0.21,6.258558554e-06,1.428736535e-07,-0.2099709636,2.970358774e-05
5.522,-2.204364238e-17,-5.510910596e-18,-0.21,6.256005523e-06,1.422740879e-07,-0.2099709633,2.970334204e-05
5.523,-2.204364238e-17,-5.510910596e-18,-0.21,6.253244277e-06,1.413692484e-07,-0.2099709629,2.970312761e-05
5.524,-2.204364238e-17,-5.510910596e-18,-0.21,6.250440204e-06,1.402463319e-07,-0.2099709625,2.97029201e-05
5.525,-2.204364238e-17,-5.510910596e-18,-0.21,6.247797363e-06,1.39076918e-07,-0.2099709622,2.970270525e-05
5.526,-2.204364238e-17,-5.510910596e-18,-0.21,6.245470832e-06,1.380436019e-07,-0.2099709619,2.970248173e-05
5.527,-2.204364238e-17,-5.510910596e-18,-0.21,6.243514023e-06,1.372711551e-07,-0.2099709617,2.970225845e-05
5.528,-2.204364238e-17,-5.510910596e-18,-0.21,6.241874945e-06,1.367871385e-07,-0.2099709615,2.97020484e-05
5.529,-2.204364238e-17,-5.510910596e-18,-0.21,6.240433825e-06,1.365229844e-07,-0.2099709614,2.970186231e-05
5.53,-2.204364238e-17,-5.510910596e-18,-0.21,6.239059876e-06,1.36350282e-07,-0.2099709613,2.970170435e-05
5.531,-2.204364238e-17,-5.510910596e-18,-0.21,6.237661758e-06,1.361346601e-07,-0.2099709611,2.970157143e-05
5.532,-2.204364238e-17,-5.510910596e-18,-0.21,6.23621342e-06,1.357853116e-07,-0.2099709609,2.970145547e-05
5.533,-2.204364238e-17,-5.510910596e-18,-0.21,6.234749933e-06,1.352824882e-07,-0.2099709607,2.970134725e-05
5.534,-2.204364238e-17,-5.510910596e-18,-0.21,6.233340507e-06,1.346755517e-07,-0.2099709605,2.970124e-05
5.535,-2.204364238e-17,-5.510910596e-18,-0.21,6.232053351e-06,1.340558976e-07,-0.2099709604,2.970113128e-05
5.536,-2.204364238e-17,-5.510910596e-18,-0.21,6.230927473e-06,1.335177682e-07,-0.2099709602,2.970102287e-05
5.537,-2.204364238e-17,-5.510910596e-18,-0.21,6.22996104e-06,1.33122819e-07,-0.2099709601,2.970091897e-05
5.538,-2.204364238e-17,-5.510910596e-18,-0.21,6.229117744e-06,1.328809773e-07,-0.20997096,2.970082384e-05
5.539,-2.204364238e-17,-5.510910596e-18,-0.21,6.22834542e-06,1.327526129e-07,-0.20997096,2.970073991e-05
5.54,-2.204364238e-17,-5.510910596e-18,-0.21,6.227597476e-06,1.326686146e-07,-0.2099709599,2.970066694e-05
5.541,-2.204364238e-17,-5.510910596e-18,-0.21,6.226848363e-06,1.32558821e-07,-0.2099709598,2.970060251e-05
5.542,-2.204364238e-17,-5.510910596e-18,-0.21,6.226098198e-06,1.323773768e-07,-0.2099709597,2.970054324e-05
5.543,-2.204364238e-17,-5.510910596e-18,-0.21,6.225366742e-06,1.321161149e-07,-0.2099709596,2.970048622e-05
5.544,-2.204364238e-17,-5.510910596e-18,-0.21,6.224680975e-06,1.318025443e-07,-0.2099709595,2.970042993e-05
5.545,-2.204364238e-17,-5.510910596e-18,-0.21,6.224062222e-06,1.314850731e-07,-0.2099709594,2.970037452e-05
5.546,-2.204364238e-17,-5.510910596e-18,-0.21,6.223517844e-06,1.312124347e-07,-0.2099709593,2.970032127e-05
5.547,-2.204364238e-17,-5.510910596e-18,-0.21,6.223039871e-06,1.310155457e-07,-0.2099709593,2.970027177e-05
5.548,-2.204364238e-17,-5.510910596e-18,-0.21,6.222609837e-06,1.308981146e-07,-0.2099709592,2.970022715e-05
5.549,-2.204364238e-17,-5.510910596e-18,-0.21,6.222206846e-06,1.30838351e-07,-0.2099709592,2.970018754e-05
5.55,-2.204364238e-17,-5.510910596e-18,-0.21,6.221815183e-06,1.307997824e-07,-0.2099709592,2.970015217e-05
5.551,-2.204364238e-17,-5.510910596e-18,-0.21,6.221428637e-06,1.307461081e-07,-0.2099709591,2.970011975e-05
5.552,-2.204364238e-17,-5.510910596e-18,-0.21,6.221050458e-06,1.306541798e-07,-0.2099709591,2.970008901e-05
5.553,-2.204364238e-17,-5.510910596e-18,-0.21,6.22068976e-06,1.305206056e-07,-0.209970959,2.970005916e-05
5.554,-2.204364238e-17,-5.510910596e-18,-0.21,6.220356352e-06,1.303603594e-07,-0.209970959,2.970003007e-05
5.555,-2.204364238e-17,-5.510910596e-18,-0.21,6.220056266e-06,1.301988853e-07,-0.2099709589,2.970000214e-05
5.556,-2.204364238e-17,-5.510910596e-18,-0.21,6.219789562e-06,1.300613748e-07,-0.2099709589,2.969997601e-05
5.557,-2.204364238e-17,-5.510910596e-18,-0.21,6.219550825e-06,1.299634679e-07,-0.2099709589,2.969995219e-05
5.558,-2.204364238e-17,-5.510910596e-18,-0.21,6.219331705e-06,1.299065846e-07,-0.2099709588,2.969993082e-05
5.559,-2.204364238e-17,-5.510910596e-18,-0.21,6.219124148e-06,1.298790152e-07,-0.2099709588,2.969991164e-05
5.56,-2.204364238e-17,-5.510910596e-18,-0.21,6.21892299e-06,1.298616618e-07,-0.2099709588,2.96998941e-05
5.561,-2.204364238e-17,-5.510910596e-18,-0.21,6.218727018e-06,1.298357683e-07,-0.2099709588,2.969987761e-05
5.562,-2.204364238e-17,-5.510910596e-18,-0.21,6.218538381e-06,1.297895832e-07,-0.2099709587,2.969986173e-05
5.563,-2.204364238e-17,-5.510910596e-18,-0.21,6.218360848e-06,1.297216635e-07,-0.2099709587,2.969984633e-05
5.564,-2.204364238e-17,-5.510910596e-18,-0.21,6.218197788e-06,1.296400331e-07,-0.2099709587,2.969983151e-05
5.565,-2.204364238e-17,-5.510910596e-18,-0.21,6.218050668e-06,1.2955801e-07,-0.2099709587,2.969981757e-05
5.566,-2.204364238e-17,-5.510910596e-18,-0.21,6.217918549e-06,1.294886303e-07,-0.2099709587,2.969980475e-05
5.567,-2.204364238e-17,-5.510910596e-18,-0.21,6.217798594e-06,1.294398657e-07,-0.2099709587,2.969979319e-05
5.568,-2.204364238e-17,-5.510910596e-18,-0.21,6.217687225e-06,1.294122739e-07,-0.2099709586,2.96997828e-05
5.569,-2.204364238e-17,-5.510910596e-18,-0.21,6.217581363e-06,1.293996358e-07,-0.2099709586,2.969977336e-05
5.57,-2.204364238e-17,-5.510910596e-18,-0.21,6.217479293e-06,1.2939198e-07,-0.2099709586,2.969976457e-05
5.571,-2.204364238e-17,-5.510910596e-18,-0.21,6.217380877e-06,1.293796029e-07,-0.2099709586,2.969975617e-05
5.572,-2.204364238e-17,-5.510910596e-18,-0.21,6.217287159e-06,1.293565018e-07,-0.2099709586,2.969974804e-05
5.573,-2.204364238e-17,-5.510910596e-18,-0.21,6.217199601e-06,1.293220462e-07,-0.2099709586,2.969974018e-05
5.574,-2.204364238e-17,-5.510910596e-18,-0.21,6.217119317e-06,1.292804984e-07,-0.2099709586,2.969973272e-05
5.575,-2.204364238e-17,-5.510910596e-18,-0.21,6.217046564e-06,1.292388195e-07,-0.2099709586,2.969972579e-05
5.576,-2.204364238e-17,-5.510910596e-18,-0.21,6.216980662e-06,1.292037686e-07,-0.2099709586,2.969971949e-05
5.577,-2.204364238e-17,-5.510910596e-18,-0.21,6.216920271e-06,1.291794343e-07,-0.2099709585,2.969971383e-05
5.578,-2.204364238e-17,-5.510910596e-18,-0.21,6.216863884e-06,1.291660403e-07,-0.2099709585,2.969970873e-05
5.579,-2.204364238e-17,-5.510910596e-18,-0.21,6.216810297e-06,1.291603024e-07,-0.2099709585,2.969970404e-05
5.58,-2.204364238e-17,-5.510910596e-18,-0.21,6.216758905e-06,1.291570173e-07,-0.2099709585,2.969969961e-05
5.581,-2.204364238e-17,-5.510910596e-18,-0.21,6.216709724e-06,1.291511547e-07,-0.2099709585,2.969969535e-05
5.582,-2.204364238e-17,-5.510910596e-18,-0.21,6.216663196e-06,1.291396322e-07,-0.2099709585,2.969969121e-05
5.583,-2.204364238e-17,-5.510910596e-18,-0.21,6.216619871e-06,1.291221691e-07,-0.2099709585,2.969968724e-05
5.584,-2.204364238e-17,-5.510910596e-18,-0.21,6.216580113e-06,1.291010199e-07,-0.2099709585,2.96996835e-05
5.585,-2.204364238e-17,-5.510910596e-18,-0.21,6.216543924e-06,1.290798232e-07,-0.2099709585,2.969968006e-05
5.586,-2.204364238e-17,-5.510910596e-18,-0.21,6.216510935e-06,1.290620911e-07,-0.2099709585,2.969967696e-05
5.587,-2.204364238e-17,-5.510910596e-18,-0.21,6.216480544e-06,1.290499304e-07,-0.2099709585,2.969967417e-05
5.588,-2.204364238e-17,-5.510910596e-18,-0.21,6.216452107e-06,1.290434312e-07,-0.2099709585,2.969967165e-05
5.589,-2.204364238e-17,-5.510910596e-18,-0.21,6.216425131e-06,1.290408637e-07,-0.2099709585,2.96996693e-05
5.59,-2.204364238e-17,-5.510910596e-18,-0.21,6.216399376e-06,1.290395111e-07,-0.2099709585,2.969966707e-05
5.591,-2.204364238e-17,-5.510910596e-18,-0.21,6.216374851e-06,1.290367605e-07,-0.2099709585,2.969966492e-05
5.592,-2.204364238e-17,-5.510910596e-18,-0.21,6.21635173e-06,1.290310234e-07,-0.2099709585,2.969966283e-05
5.593,-2.204364238e-17,-5.510910596e-18,-0.21,6.216330221e-06,1.290221736e-07,-0.2099709585,2.969966083e-05
5.594,-2.204364238e-17,-5.510910596e-18,-0.21,6.216310446e-06,1.290114018e-07,-0.2099709585,2.969965896e-05
5.595,-2.204364238e-17,-5.510910596e-18,-0.21,6.21629238e-06,1.290006112e-07,-0.2099709585,2.969965725e-05
5.596,-2.204364238e-17,-5.510910596e-18,-0.21,6.216275845e-06,1.2899163e-07,-0.2099709585,2.969965572e-05
5.597,-2.204364238e-17,-5.510910596e-18,-0.21,6.216260572e-06,1.289855472e-07,-0.2099709585,2.969965434e-05
5.598,-2.204364238e-17,-5.510910596e-18,-0.21,6.21624628e-06,1.289823984e-07,-0.2099709585,2.969965308e-05
5.599,-2.204364238e-17,-5.510910596e-18,-0.21,6.216232751e-06,1.28981273e-07,-0.2099709585,2.969965191e-05
5.6,-2.204364238e-17,-5.510910596e-18,-0.21,6.216219877e-06,1.289807512e-07,-0.2099709585,2.969965079e-05
5.601,-2.204364238e-17,-5.510910596e-18,-0.21,6.216207653e-06,1.289794738e-07,-0.2099709585,2.96996497e-05
5.602,-2.204364238e-17,-5.510910596e-18,-0.21,6.216196146e-06,1.289766202e-07,-0.2099709585,2.969964865e-05
5.603,-2.204364238e-17,-5.510910596e-18,-0.21,6.216185436e-06,1.289721337e-07,-0.2099709585,2.969964765e-05
5.604,-2.204364238e-17,-5.510910596e-18,-0.21,6.216175571e-06,1.28966643e-07,-0.2099709585,2.969964672e-05
5.605,-2.204364238e-17,-5.510910596e-18,-0.21,6.216166535e-06,1.289611446e-07,-0.2099709585,2.969964587e-05
5.606,-2.204364238e-17,-5.510910596e-18,-0.21,6.216158246e-06,1.289565913e-07,-0.2099709584,2.969964511e-05
5.607,-2.204364238e-17,-5.510910596e-18,-0.21,6.216150584e-06,1.289535471e-07,-0.2099709584,2.969964442e-05
5.608,-2.204364238e-17,-5.510910596e-18,-0.21,6.216143419e-06,1.289520252e-07,-0.2099709584,2.969964379e-05
5.609,-2.204364238e-17,-5.510910596e-18,-0.21,6.21613665e-06,1.28951546e-07,-0.2099709584,2.969964321e-05
5.61,-2.204364238e-17,-5.510910596e-18,-0.21,6.216130222e-06,1.289513671e-07,-0.2099709584,2.969964264e-05
5.611,-2.204364238e-17,-5.510910596e-18,-0.21,6.216124126e-06,1.289507804e-07,-0.2099709584,2.96996421e-05
5.612,-2.204364238e-17,-5.510910596e-18,-0.21,6.216118389e-06,1.289493615e-07,-0.2099709584,2.969964157e-05
5.613,-2.204364238e-17,-5.510910596e-18,-0.21,6.216113045e-06,1.289470854e-07,-0.2099709584,2.969964107e-05
5.614,-2.204364238e-17,-5.510910596e-18,-0.21,6.216108114e-06,1.289442842e-07,-0.2099709584,2.96996406e-05
5.615,-2.204364238e-17,-5.510910596e-18,-0.21,6.21610359e-06,1.289414798e-07,-0.2099709584,2.969964018e-05
5.616,-2.204364238e-17,-5.510910596e-18,-0.21,6.216099436e-06,1.289391695e-07,-0.2099709584,2.96996398e-05
5.617,-2.204364238e-17,-5.510910596e-18,-0.21,6.216095597e-06,1.289376456e-07,-0.2099709584,2.969963946e-05
5.618,-2.204364238e-17,-5.510910596e-18,-0.21,6.216092012e-06,1.289369121e-07,-0.2099709584,2.969963915e-05
5.619,-2.204364238e-17,-5.510910596e-18,-0.21,6.216088629e-06,1.289367166e-07,-0.2099709584,2.969963886e-05
5.62,-2.204364238e-17,-5.510910596e-18,-0.21,6.21608542e-06,1.289366703e-07,-0.2099709584,2.969963857e-05
5.621,-2.204364238e-17,-5.510910596e-18,-0.21,6.216082378e-06,1.289364042e-07,-0.2099709584,2.96996383e-05
5.622,-2.204364238e-17,-5.510910596e-18,-0.21,6.216079513e-06,1.289356987e-07,-0.2099709584,2.969963804e-05
5.623,-2.204364238e-17,-5.510910596e-18,-0.21,6.216076841e-06,1.28934543e-07,-0.2099709584,2.969963778e-05
5.624,-2.204364238e-17,-5.510910596e-18,-0.21,6.216074374e-06,1.289331126e-07,-0.2099709584,2.969963755e-05
5.625,-2.204364238e-17,-5.510910596e-18,-0.21,6.216072108e-06,1.289316811e-07,-0.2099709584,2.969963734e-05
5.626,-2.204364238e-17,-5.510910596e-18,-0.21,6.216070027e-06,1.289305081e-07,-0.2099709584,2.969963715e-05
5.627,-2.204364238e-17,-5.510910596e-18,-0.21,6.216068106e-06,1.28929745e-07,-0.2099709584,2.969963698e-05
5.628,-2.204364238e-17,-5.510910596e-18,-0.21,6.216066313e-06,1.289293927e-07,-0.2099709584,2.969963683e-05
5.629,-2.204364238e-17,-5.510910596e-18,-0.21,6.216064623e-06,1.28929318e-07,-0.2099709584,2.969963668e-05
5.63,-2.204364238e-17,-5.510910596e-18,-0.21,6.21606302e-06,1.289293173e-07,-0.2099709584,2.969963654e-05
5.631,-2.204364238e-17,-5.510910596e-18,-0.21,6.2160615e-06,1.289291984e-07,-0.2099709584,2.96996364e-05
5.632,-2.204364238e-17,-5.510910596e-18,-0.21,6.216060067e-06,1.289288473e-07,-0.2099709584,2.969963627e-05
5.633,-2.204364238e-17,-5.510910596e-18,-0.21,6.216058729e-06,1.289282599e-07,-0.2099709584,2.969963615e-05
5.634,-2.204364238e-17,-5.510910596e-18,-0.21,6.216057493e-06,1.289275287e-07,-0.2099709584,2.969963603e-05
5.635,-2.204364238e-17,-5.510910596e-18,-0.21,6.216056357e-06,1.289267974e-07,-0.2099709584,2.969963593e-05
5.636,-2.204364238e-17,-5.510910596e-18,-0.21,6.216055315e-06,1.289262013e-07,-0.2099709584,2.969963583e-05
5.637,-2.204364238e-17,-5.510910596e-18,-0.21,6.216054354e-06,1.289258192e-07,-0.2099709584,2.969963575e-05
5.638,-2.204364238e-17,-5.510910596e-18,-0.21,6.216053457e-06,1.289256505e-07,-0.2099709584,2.969963567e-05
5.639,-2.204364238e-17,-5.510910596e-18,-0.21,6.216052613e-06,1.289256252e-07,-0.2099709584,2.96996356e-05
5.64,-2.204364238e-17,-5.510910596e-18,-0.21,6.216051811e-06,1.289256365e-07,-0.2099709584,2.969963553e-05
5.641,-2.204364238e-17,-5.510910596e-18,-0.21,6.21605105e-06,1.289255842e-07,-0.2099709584,2.969963546e-05
5.642,-2.204364238e-17,-5.510910596e-18,-0.21,6.216050332e-06,1.289254093e-07,-0.2099709584,2.969963539e-05
5.643,-2.204364238e-17,-5.510910596e-18,-0.21,6.216049662e-06,1.289251103e-07,-0.2099709584,2.969963533e-05
5.644,-2.204364238e-17,-5.510910596e-18,-0.21,6.216049041e-06,1.289247362e-07,-0.2099709584,2.969963527e-05
5.645,-2.204364238e-17,-5.510910596e-18,-0.21,6.216048472e-06,1.289243622e-07,-0.2099709584,2.969963522e-05
5.646,-2.204364238e-17,-5.510910596e-18,-0.21,6.21604795e-06,1.289240591e-07,-0.2099709584,2.969963518e-05
5.647,-2.204364238e-17,-5.510910596e-18,-0.21,6.216047468e-06,1.289238676e-07,-0.2099709584,2.969963513e-05
5.648,-2.204364238e-17,-5.510910596e-18,-0.21,6.216047019e-06,1.289237871e-07,-0.2099709584,2.96996351e-05
5.649,-2.204364238e-17,-5.510910596e-18,-0.21,6.216046596e-06,1.289237807e-07,-0.2099709584,2.969963506e-05
5.65,-2.204364238e-17,-5.510910596e-18,-0.21,6.216046195e-06,1.289237923e-07,-0.2099709584,2.969963502e-05
5.651,-2.204364238e-17,-5.510910596e-18,-0.21,6.216045813e-06,1.289237697e-07,-0.2099709584,2.969963499e-05
5.652,-2.204364238e-17,-5.510910596e-18,-0.21,6.216045453e-06,1.289236824e-07,-0.2099709584,2.969963496e-05
5.653,-2.204364238e-17,-5.510910596e-18,-0.21,6.216045116e-06,1.289235299e-07,-0.2099709584,2.969963493e-05
5.654,-2.204364238e-17,-5.510910596e-18,-0.21,6.216044804e-06,1.289233382e-07,-0.2099709584,2.96996349e-05
5.655,-2.204364238e-17,-5.510910596e-18,-0.21,6.216044518e-06,1.289231466e-07,-0.2099709584,2.969963487e-05
5.656,-2.204364238e-17,-5.510910596e-18,-0.21,6.216044255e-06,1.289229923e-07,-0.2099709584,2.969963485e-05
5.657,-2.204364238e-17,-5.510910596e-18,-0.21,6.216044013e-06,1.289228962e-07,-0.2099709584,2.969963483e-05
5.658,-2.204364238e-17,-5.510910596e-18,-0.21,6.216043788e-06,1.289228578e-07,-0.2099709584,2.969963481e-05
5.659,-2.204364238e-17,-5.510910596e-18,-0.21,6.216043575e-06,1.289228577e-07,-0.2099709584,2.969963479e-05
5.66,-2.204364238e-17,-5.510910596e-18,-0.21,6.216043373e-06,1.289228665e-07,-0.2099709584,2.969963478e-05
5.661,-2.204364238e-17,-5.510910596e-18,-0.21,6.216043181e-06,1.289228569e-07,-0.2099709584,2.969963476e-05
5.662,-2.204364238e-17,-5.510910596e-18,-0.21,6.216042999e-06,1.289228131e-07,-0.2099709584,2.969963474e-05
5.663,-2.204364238e-17,-5.510910596e-18,-0.21,6.216042829e-06,1.289227351e-07,-0.2099709584,2.969963473e-05
5.664,-2.204364238e-17,-5.510910596e-18,-0.21,6.216042671e-06,1.289226365e-07,-0.2099709584,2.969963471e-05
5.665,-2.204364238e-17,-5.510910596e-18,-0.21,6.216042527e-06,1.289225382e-07,-0.2099709584,2.96996347e-05
5.666,-2.204364238e-17,-5.510910596e-18,-0.21,6.216042394e-06,1.289224593e-07,-0.2099709584,2.969963469e-05
5.667,-2.204364238e-17,-5.510910596e-18,-0.21,6.216042272e-06,1.28922411e-07,-0.2099709584,2.969963468e-05
5.668,-2.204364238e-17,-5.510910596e-18,-0.21,6.216042158e-06,1.289223927e-07,-0.2099709584,2.969963467e-05
5.669,-2.204364238e-17,-5.510910596e-18,-0.21,6.216042051e-06,1.289223941e-07,-0.2099709584,2.969963466e-05
5.67,-2.204364238e-17,-5.510910596e-18,-0.21,6.216041948e-06,1.289223999e-07,-0.2099709584,2.969963465e-05
5.671,-2.204364238e-17,-5.510910596e-18,-0.21,6.216041851e-06,1.289223959e-07,-0.2099709584,2.969963465e-05
5.672,-2.204364238e-17,-5.510910596e-18,-0.21,6.216041758e-06,1.289223738e-07,-0.2099709584,2.969963464e-05
5.673,-2.204364238e-17,-5.510910596e-18,-0.21,6.216041672e-06,1.289223337e-07,-0.2099709584,2.969963463e-05
5.674,-2.204364238e-17,-5.510910596e-18,-0.21,6.216041592e-06,1.289222829e-07,-0.2099709584,2.969963462e-05
5.675,-2.204364238e-17,-5.510910596e-18,-0.21,6.216041518e-06,1.289222322e-07,-0.2099709584,2.969963462e-05
5.676,-2.204364238e-17,-5.510910596e-18,-0.21,6.21604145e-06,1.289221918e-07,-0.2099709584,2.969963461e-05
5.677,-2.204364238e-17,-5.510910596e-18,-0.21,6.216041388e-06,1.289221673e-07,-0.2099709584,2.969963461e-05
5.678,-2.204364238e-17,-5.510910596e-18,-0.21,6.21604133e-06,1.289221584e-07,-0.2099709584,2.96996346e-05
5.679,-2.204364238e-17,-5.510910596e-18,-0.21,6.216041275e-06,1.289221598e-07,-0.2099709584,2.96996346e-05
5.68,-2.204364238e-17,-5.510910596e-18,-0.21,6.216041222e-06,1.289221634e-07,-0.2099709584,2.96996346e-05
5.681,-2.204364238e-17,-5.510910596e-18,-0.21,6.216041172e-06,1.289221616e-07,-0.2099709584,2.969963459e-05
5.682,-2.204364238e-17,-5.510910596e-18,-0.21,6.216041124e-06,1.289221503e-07,-0.2099709584,2.969963459e-05
5.683,-2.204364238e-17,-5.510910596e-18,-0.21,6.216041079e-06,1.289221296e-07,-0.2099709584,2.969963459e-05
5.684,-2.204364238e-17,-5.510910596e-18,-0.21,6.216041038e-06,1.289221032e-07,-0.2099709584,2.969963458e-05
5.685,-2.204364238e-17,-5.510910596e-18,-0.21,6.216041e-06,1.289220769e-07,-0.2099709584,2.969963458e-05
5.686,-2.204364238e-17,-5.510910596e-18,-0.21,6.216040965e-06,1.289220559e-07,-0.2099709584,2.969963458e-05
5.687,-2.204364238e-17,-5.510910596e-18,-0.21,6.216040932e-06,1.289220432e-07,-0.2099709584,2.969963458e-05
5.688,-2.204364238e-17,-5.510910596e-18,-0.21,6.216040901e-06,1.289220387e-07,-0.2099709584,2.969963457e-05
5.689,-2.204364238e-17,-5.510910596e-18,-0.21,6.216040873e-06,1.289220394e-07,-0.2099709584,2.969963457e-05
5.69,-2.204364238e-17,-5.510910596e-18,-0.21,6.216040845e-06,1.289220413e-07,-0.2099709584,2.969963457e-05
5.691,-2.204364238e-17,-5.510910596e-18,-0.21,6.216040818e-06,1.289220404e-07,-0.2099709584,2.969963457e-05
5.692,-2.204364238e-17,-5.510910596e-18,-0.21,6.216040793e-06,1.289220346e-07,-0.2099709584,2.969963457e-05
5.693,-2.204364238e-17,-5.510910596e-18,-0.21,6.216040769e-06,1.289220237e-07,-0.2099709584,2.969963457e-05
5.694,-2.204364238e-17,-5.510910596e-18,-0.21,6.216040747e-06,1.289220099e-07,-0.2099709584,2.969963456e-05
5.695,-2.204364238e-17,-5.510910596e-18,-0.21,6.216040726e-06,1.289219962e-07,-0.2099709584,2.969963456e-05
5.696,-2.204364238e-17,-5.510910596e-18,-0.21,6.216040707e-06,1.289219853e-07,-0.2099709584,2.969963456e-05
5.697,-2.204364238e-17,-5.510910596e-18,-0.21,6.21604069e-06,1.289219787e-07,-0.2099709584,2.969963456e-05
5.698,-2.204364238e-17,-5.510910596e-18,-0.21,6.216040673e-06,1.289219762e-07,-0.2099709584,2.969963456e-05
5.699,-2.204364238e-17,-5.510910596e-18,-0.21,6.216040657e-06,1.289219765e-07,-0.2099709584,2.969963456e-05
5.7,-2.204364238e-17,-5.510910596e-18,-0.21,6.216040642e-06,1.289219772e-07,-0.2099709584,2.969963456e-05
5.701,-2.204364238e-17,-5.510910596e-18,-0.21,6.216040628e-06,1.289219764e-07,-0.2099709584,2.969963456e-05
5.702,-2.204364238e-17,-5.510910596e-18,-0.21,6.216040613e-06,1.28921973e-07,-0.2099709584,2.969963456e-05
5.703,-2.204364238e-17,-5.510910596e-18,-0.21,6.2160406e-06,1.289219671e-07,-0.2099709584,2.969963456e-05
5.704,-2.204364238e-17,-5.510910596e-18,-0.21,6.216040588e-06,1.289219598e-07,-0.2099709584,2.969963456e-05
5.705,-2.204364238e-17,-5.510910596e-18,-0.21,6.216040576e-06,1.289219525e-07,-0.2099709584,2.969963456e-05
5.706,-2.204364238e-17,-5.510910596e-18,-0.21,6.216040565e-06,1.289219467e-07,-0.2099709584,2.969963456e-05
5.707,-2.204364238e-17,-5.510910596e-18,-0.21,6.216040555e-06,1.289219431e-07,-0.2099709584,2.969963456e-05
5.708,-2.204364238e-17,-5.510910596e-18,-0.21,6.216040545e-06,1.289219417e-07,-0.2099709584,2.969963456e-05
5.709,-2.204364238e-17,-5.510910596e-18,-0.21,6.216040536e-06,1.289219418e-07,-0.2099709584,2.969963456e-05
5.71,-2.204364238e-17,-5.510910596e-18,-0.21,6.216040527e-06,1.28921942e-07,-0.2099709584,2.969963456e-05
5.711,-2.204364238e-17,-5.510910596e-18,-0.21,6.216040518e-06,1.289219414e-07,-0.2099709584,2.969963456e-05
5.712,-2.204364238e-17,-5.510910596e-18,-0.21,6.216040509e-06,1.289219394e-07,-0.2099709584,2.969963456e-05
5.713,-2.204364238e-17,-5.510910596e-18,-0.21,6.216040501e-06,1.289219361e-07,-0.2099709584,2.969963456e-05
5.714,-2.204364238e-17,-5.510910596e-18,-0.21,6.216040494e-06,1.289219319e-07,-0.2099709584,2.969963456e-05
5.715,-2.204364238e-17,-5.510910596e-18,-0.21,6.216040486e-06,1.289219279e-07,-0.2099709584,2.969963456e-05
5.716,-2.204364238e-17,-5.510910596e-18,-0.21,6.216040479e-06,1.289219245e-07,-0.2099709584,2.969963456e-05
5.717,-2.204364238e-17,-5.510910596e-18,-0.21,6.216040473e-06,1.289219224e-07,-0.2099709584,2.969963456e-05
5.718,-2.204364238e-17,-5.510910596e-18,-0.21,6.216040466e-06,1.289219214e-07,-0.2099709584,2.969963456e-05
5.719,-2.204364238e-17,-5.510910596e-18,-0.21,6.21604046e-06,1.289219212e-07,-0.2099709584,2.969963456e-05
5.72,-2.204364238e-17,-5.510910596e-18,-0.21,6.216040454e-06,1.289219211e-07,-0.2099709584,2.969963456e-05
5.721,-2.204364238e-17,-5.510910596e-18,-0.21,6.216040449e-06,1.289219205e-07,-0.2099709584,2.969963456e-05
5.722,-2.204364238e-17,-5.510910596e-18,-0.21,6.216040443e-06,1.289219193e-07,-0.2099709584,2.969963456e-05
5.723,-2.204364238e-17,-5.510910596e-18,-0.21,6.216040438e-06,1.289219173e-07,-0.2099709584,2.969963456e-05
5.724,-2.204364238e-17,-5.510910596e-18,-0.21,6.216040432e-06,1.28921915e-07,-0.2099709584,2.969963456e-05
5.725,-2.204364238e-17,-5.510910596e-18,-0.21,6.216040427e-06,1.289219126e-07,-0.2099709584,2.969963456e-05
5.726,-2.204364238e-17,-5.510910596e-18,-0.21,6.216040422e-06,1.289219106e-07,-0.2099709584,2.969963456e-05
5.727,-2.204364238e-17,-5.510910596e-18,-0.21,6.216040418e-06,1.289219092e-07,-0.2099709584,2.969963456e-05
5.728,-2.204364238e-17,-5.510910596e-18,-0.21,6.216040413e-06,1.289219083e-07,-0.2099709584,2.969963456e-05
5.729,-2.204364238e-17,-5.510910596e-18,-0.21,6.216040409e-06,1.289219078e-07,-0.2099709584,2.969963456e-05
5.73,-2.204364238e-17,-5.510910596e-18,-0.21,6.216040404e-06,1.289219073e-07,-0.2099709584,2.969963456e-05
5.731,-2.204364238e-17,-5.510910596e-18,-0.21,6.2160404e-06,1.289219067e-07,-0.2099709584,2.969963456e-05
5.732,-2.204364238e-17,-5.510910596e-18,-0.21,6.216040396e-06,1.289219057e-07,-0.2099709584,2.969963457e-05
5.733,-2.204364238e-17,-5.510910596e-18,-0.21,6.216040392e-06,1.289219044e-07,-0.2099709584,2.969963457e-05
5.734,-2.204364238e-17,-5.510910596e-18,-0.21,6.216040388e-06,1.289219029e-07,-0.2099709584,2.969963457e-05
5.735,-2.204364238e-17,-5.510910596e-18,-0.21,6.216040384e-06,1.289219014e-07,-0.2099709584,2.969963457e-05
5.736,-2.204364238e-17,-5.510910596e-18,-0.21,6.21604038e-06,1.289219001e-07,-0.2099709584,2.969963457e-05
5.737,-2.204364238e-17,-5.510910596e-18,-0.21,6.216040376e-06,1.28921899e-07,-0.2099709584,2.969963457e-05
5.738,-2.204364238e-17,-5.510910596e-18,-0.21,6.216040372e-06,1.289218983e-07,-0.2099709584,2.969963457e-05
5.739,-2.204364238e-17,-5.510910596e-18,-0.21,6.216040369e-06,1.289218977e-07,-0.2099709584,2.969963457e-05
5.74,-2.204364238e-17,-5.510910596e-18,-0.21,6.216040365e-06,1.289218972e-07,-0.2099709584,2.969963457e-05
5.741,-2.204364238e-17,-5.510910596e-18,-0.21,6.216040361e-06,1.289218965e-07,-0.2099709584,2.969963457e-05
5.742,-2.204364238e-17,-5.510910596e-18,-0.21,6.216040358e-06,1.289218957e-07,-0.2099709584,2.969963457e-05
5.743,-2.204364238e-17,-5.510910596e-18,-0.21,6.216040354e-06,1.289218947e-07,-0.2099709584,2.969963457e-05
5.744,-2.204364238e-17,-5.510910596e-18,-0.21,6.216040351e-06,1.289218937e-07,-0.2099709584,2.969963457e-05
5.745,-2.204364238e-17,-5.510910596e-18,-0.21,6.216040347e-06,1.289218927e-07,-0.2099709584,2.969963457e-05
5.746,-2.204364238e-17,-5.510910596e-18,-0.21,6.216040344e-06,1.289218918e-07,-0.2099709584,2.969963457e-05
5.747,-2.204364238e-17,-5.510910596e-18,-0.21,6.216040341e-06,1.289218911e-07,-0.2099709584,2.969963457e-05
5.748,-2.204364238e-17,-5.510910596e-18,-0.21,6.216040337e-06,1.289218906e-07,-0.2099709584,2.969963457e-05
5.749,-2.204364238e-17,-5.510910596e-18,-0.21,6.216040334e-06,1.2892189e-07,-0.2099709584,2.969963457e-05
5.75,-2.204364238e-17,-5.510910596e-18,-0.21,6.216040331e-06,1.289218894e-07,-0.2099709584,2.969963457e-05
5.751,-2.204364238e-17,-5.510910596e-18,-0.21,6.216040328e-06,1.289218887e-07,-0.2099709584,2.969963458e-05
5.752,-2.204364238e-17,-5.510910596e-18,-0.21,6.216040325e-06,1.289218879e-07,-0.2099709584,2.969963458e-05
5.753,-2.204364238e-17,-5.510910596e-18,-0.21,6.216040322e-06,1.289218869e-07,-0.2099709584,2.969963458e-05
5.754,-2.204364238e-17,-5.510910596e-18,-0.21,6.216040318e-06,1.28921886e-07,-0.2099709584,2.969963458e-05
5.755,-2.204364238e-17,-5.510910596e-18,-0.21,6.216040315e-06,1.289218852e-07,-0.2099709584,2.969963458e-05
5.756,-2.204364238e-17,-5.510910596e-18,-0.21,6.216040312e-06,1.289218844e-07,-0.2099709584,2.969963458e-05
5.757,-2.204364238e-17,-5.510910596e-18,-0.21,6.216040309e-06,1.289218838e-07,-0.2099709584,2.969963458e-05
5.758,-2.204364238e-17,-5.510910596e-18,-0.21,6.216040306e-06,1.289218832e-07,-0.2099709584,2.969963458e-05
5.759,-2.204364238e-17,-5.510910596e-18,-0.21,6.216040303e-06,1.289218827e-07,-0.2099709584,2.969963458e-05
5.76,-2.204364238e-17,-5.510910596e-18,-0.21,6.2160403e-06,1.289218821e-07,-0.2099709584,2.969963458e-05
5.761,-2.204364238e-17,-5.510910596e-18,-0.21,6.216040297e-06,1.289218814e-07,-0.2099709584,2.969963458e-05
5.762,-2.204364238e-17,-5.510910596e-18,-0.21,6.216040294e-06,1.289218806e-07,-0.2099709584,2.969963458e-05
5.763,-2.204364238e-17,-5.510910596e-18,-0.21,6.216040291e-06,1.289218798e-07,-0.2099709584,2.969963458e-05
5.764,-2.204364238e-17,-5.510910596e-18,-0.21,6.216040288e-06,1.289218791e-07,-0.2099709584,2.969963458e-05
5.765,-2.204364238e-17,-5.510910596e-18,-0.21,6.216040285e-06,1.289218784e-07,-0.2099709584,2.969963458e-05
5.766,-2.204364238e-17,-5.510910596e-18,-0.21,6.216040282e-06,1.289218778e-07,-0.2099709584,2.969963458e-05
5.767,-2.204364238e-17,-5.510910596e-18,-0.21,6.216040279e-06,1.289218771e-07,-0.2099709584,2.969963458e-05
5.768,-2.204364238e-17,-5.510910596e-18,-0.21,6.216040276e-06,1.289218765e-07,-0.2099709584,2.969963458e-05
5.769,-2.204364238e-17,-5.510910596e-18,-0.21,6.216040273e-06,1.289218759e-07,-0.2099709584,2.969963459e-05
5.77,-2.204364238e-17,-5.510910596e-18,-0.21,6.21604027e-06,1.289218751e-07,-0.2099709584,2.969963459e-05
5.771,-2.204364238e-17,-5.510910596e-18,-0.21,6.216040267e-06,1.289218745e-07,-0.2099709584,2.969963459e-05
5.772,-2.204364238e-17,-5.510910596e-18,-0.21,6.216040264e-06,1.289218737e-07,-0.2099709584,2.969963459e-05
5.773,-2.204364238e-17,-5.510910596e-18,-0.21,6.216040261e-06,1.28921873e-07,-0.2099709584,2.969963459e-05
5.774,-2.204364238e-17,-5.510910596e-18,-0.21,6.216040258e-06,1.289218723e-07,-0.2099709584,2.969963459e-05
5.775,-2.204364238e-17,-5.510910596e-18,-0.21,6.216040256e-06,1.289218717e-07,-0.2099709584,2.969963459e-05
5.776,-2.204364238e-17,-5.510910596e-18,-0.21,6.216040253e-06,1.28921871e-07,-0.2099709584,2.969963459e-05
5.777,-2.204364238e-17,-5.510910596e-18,-0.21,6.21604025e-06,1.289218703e-07,-0.2099709584,2.969963459e-05
5.778,-2.204364238e-17,-5.510910596e-18,-0.21,6.216040247e-06,1.289218697e-07,-0.2099709584,2.969963459e-05
5.779,-2.204364238e-17,-5.510910596e-18,-0.21,6.216040244e-06,1.289218691e-07,-0.2099709584,2.969963459e-05
5.78,-2.204364238e-17,-5.510910596e-18,-0.21,6.216040241e-06,1.289218684e-07,-0.2099709584,2.969963459e-05
5.781,-2.204364238e-17,-5.510910596e-18,-0.21,6.216040238e-06,1.289218677e-07,-0.2099709584,2.969963459e-05
5.782,-2.204364238e-17,-5.510910596e-18,-0.21,6.216040235e-06,1.28921867e-07,-0.2099709584,2.969963459e-05
5.783,-2.204364238e-17,-5.510910596e-18,-0.21,6.216040232e-06,1.289218662e-07,-0.2099709584,2.969963459e-05
5.784,-2.204364238e-17,-5.510910596e-18,-0.21,6.21604023e-06,1.289218655e-07,-0.2099709584,2.969963459e-05
5.785,-2.204364238e-17,-5.510910596e-18,-0.21,6.216040227e-06,1.289218648e-07,-0.2099709584,2.969963459e-05
5.786,-2.204364238e-17,-5.510910596e-18,-0.21,6.216040224e-06,1.289218642e-07,-0.2099709584,2.96996346e-05
5.787,-2.204364238e-17,-5.510910596e-18,-0.21,6.216040221e-06,1.289218636e-07,-0.2099709584,2.96996346e-05
5.788,-2.204364238e-17,-5.510910596e-18,-0.21,6.216040218e-06,1.28921863e-07,-0.2099709584,2.96996346e-05
5.789,-2.204364238e-17,-5.510910596e-18,-0.21,6.216040215e-06,1.289218624e-07,-0.2099709584,2.96996346e-05
5.79,-2.204364238e-17,-5.510910596e-18,-0.21,6.216040212e-06,1.289218618e-07,-0.2099709584,2.96996346e-05
5.791,-2.204364238e-17,-5.510910596e-18,-0.21,6.216040209e-06,1.289218611e-07,-0.2099709584,2.96996346e-05
5.792,-2.204364238e-17,-5.510910596e-18,-0.21,6.216040206e-06,1.289218604e-07,-0.2099709584,2.96996346e-05
5.793,-2.204364238e-17,-5.510910596e-18,-0.21,6.216040204e-06,1.289218597e-07,-0.2099709584,2.96996346e-05
5.794,-2.204364238e-17,-5.510910596e-18,-0.21,6.216040201e-06,1.289218591e-07,-0.2099709584,2.96996346e-05
5.795,-2.204364238e-17,-5.510910596e-18,-0.21,6.216040198e-06,1.289218584e-07,-0.2099709584,2.96996346e-05
5.796,-2.204364238e-17,-5.510910596e-18,-0.21,6.216040195e-06,1.289218578e-07,-0.2099709584,2.96996346e-05
5.797,-2.204364238e-17,-5.510910596e-18,-0.21,6.216040192e-06,1.289218573e-07,-0.2099709584,2.96996346e-05
5.798,-2.204364238e-17,-5.510910596e-18,-0.21,6.216040189e-06,1.289218567e-07,-0.2099709584,2.96996346e-05
5.799,-2.204364238e-17,-5.510910596e-18,-0.21,6.216040187e-06,1.28921856e-07,-0.2099709584,2.96996346e-05
5.8,-2.204364238e-17,-5.510910596e-18,-0.21,6.216040184e-06,1.289218554e-07,-0.2099709584,2.96996346e-05
5.801,-2.204364238e-17,-5.510910596e-18,-0.21,6.216040181e-06,1.289218547e-07,-0.2099709584,2.96996346e-05
5.802,-2.204364238e-17,-5.510910596e-18,-0.21,6.216040178e-06,1.289218539e-07,-0.2099709584,2.96996346e-05
5.803,-2.204364238e-17,-5.510910596e-18,-0.21,6.216040175e-06,1.289218533e-07,-0.2099709584,2.969963461e-05
5.804,-2.204364238e-17,-5.510910596e-18,-0.21,6.216040172e-06,1.289218526e-07,-0.2099709584,2.969963461e-05
5.805,-2.204364238e-17,-5.510910596e-18,-0.21,6.216040169e-06,1.28921852e-07,-0.2099709584,2.969963461e-05
5.806,-2.204364238e-17,-5.510910596e-18,-0.21,6.216040166e-06,1.289218514e-07,-0.2099709584,2.969963461e-05
5.807,-2.204364238e-17,-5.510910596e-18,-0.21,6.216040164e-06,1.289218508e-07,-0.2099709584,2.969963461e-05
5.808,-2.204364238e-17,-5.510910596e-18,-0.21,6.216040161e-06,1.289218502e-07,-0.2099709584,2.969963461e-05
5.809,-2.204364238e-17,-5.510910596e-18,-0.21,6.216040158e-06,1.289218496e-07,-0.2099709584,2.969963461e-05
5.81,-2.204364238e-17,-5.510910596e-18,-0.21,6.216040155e-06,1.28921849e-07,-0.2099709584,2.969963461e-05
5.811,-2.204364238e-17,-5.510910596e-18,-0.21,6.216040152e-06,1.289218483e-07,-0.2099709584,2.969963461e-05
5.812,-2.204364238e-17,-5.510910596e-18,-0.21,6.216040149e-06,1.289218476e-07,-0.2099709584,2.969963461e-05
5.813,-2.204364238e-17,-5.510910596e-18,-0.21,6.216040146e-06,1.28921847e-07,-0.2099709584,2.969963461e-05
5.814,-2.204364238e-17,-5.510910596e-18,-0.21,6.216040144e-06,1.289218463e-07,-0.2099709584,2.969963461e-05
5.815,-2.204364238e-17,-5.510910596e-18,-0.21,6.216040141e-06,1.289218456e-07,-0.2099709584,2.969963461e-05
5.816,-2.204364238e-17,-5.510910596e-18,-0.21,6.216040138e-06,1.28921845e-07,-0.2099709584,2.969963461e-05
5.817,-2.204364238e-17,-5.510910596e-18,-0.21,6.216040135e-06,1.289218445e-07,-0.2099709584,2.969963461e-05
5.818,-2.204364238e-17,-5.510910596e-18,-0.21,6.216040132e-06,1.289218438e-07,-0.2099709584,2.969963461e-05
5.819,-2.204364238e-17,-5.510910596e-18,-0.21,6.216040129e-06,1.289218432e-07,-0.2099709584,2.969963461e-05
5.82,-2.204364238e-17,-5.510910596e-18,-0.21,6.216040126e-06,1.289218425e-07,-0.2099709584,2.969963462e-05
5.821,-2.204364238e-17,-5.510910596e-18,-0.21,6.216040123e-06,1.289218418e-07,-0.2099709584,2.969963462e-05
5.822,-2.204364238e-17,-5.510910596e-18,-0.21,6.21604012e-06,1.289218411e-07,-0.2099709584,2.969963462e-05
5.823,-2.204364238e-17,-5.510910596e-18,-0.21,6.216040118e-06,1.289218405e-07,-0.2099709584,2.969963462e-05
5.824,-2.204364238e-17,-5.510910596e-18,-0.21,6.216040115e-06,1.289218399e-07,-0.2099709584,2.969963462e-05
5.825,-2.204364238e-17,-5.510910596e-18,-0.21,6.216040112e-06,1.289218393e-07,-0.2099709584,2.969963462e-05
5.826,-2.204364238e-17,-5.510910596e-18,-0.21,6.216040109e-06,1.289218387e-07,-0.2099709584,2.969963462e-05
5.827,-2.204364238e-17,-5.510910596e-18,-0.21,6.216040106e-06,1.289218381e-07,-0.2099709584,2.969963462e-05
5.828,-2.204364238e-17,-5.510910596e-18,-0.21,6.216040104e-06,1.289218375e-07,-0.2099709584,2.969963462e-05
5.829,-2.204364238e-17,-5.510910596e-18,-0.21,6.216040101e-06,1.28921837e-07,-0.2099709584,2.969963462e-05
5.83,-2.204364238e-17,-5.510910596e-18,-0.21,6.216040098e-06,1.289218363e-07,-0.2099709584,2.969963462e-05
5.831,-2.204364238e-17,-5.510910596e-18,-0.21,6.216040095e-06,1.289218357e-07,-0.2099709584,2.969963462e-05
5.832,-2.204364238e-17,-5.510910596e-18,-0.21,6.216040092e-06,1.28921835e-07,-0.2099709584,2.969963462e-05
5.833,-2.204364238e-17,-5.510910596e-18,-0.21,6.216040089e-06,1.289218343e-07,-0.2099709584,2.969963462e-05
5.834,-2.204364238e-17,-5.510910596e-18,-0.21,6.216040086e-06,1.289218337e-07,-0.2099709584,2.969963462e-05
5.835,-2.204364238e-17,-5.510910596e-18,-0.21,6.216040083e-06,1.28921833e-07,-0.2099709584,2.969963462e-05
5.836,-2.204364238e-17,-5.510910596e-18,-0.21,6.216040081e-06,1.289218323e-07,-0.2099709584,2.969963462e-05
5.837,-2.204364238e-17,-5.510910596e-18,-0.21,6.216040078e-06,1.289218318e-07,-0.2099709584,2.969963463e-05
5.838,-2.204364238e-17,-5.510910596e-18,-0.21,6.216040075e-06,1.289218311e-07,-0.2099709584,2.969963463e-05
5.839,-2.204364238e-17,-5.510910596e-18,-0.21,6.216040072e-06,1.289218305e-07,-0.2099709584,2.969963463e-05
5.84,-2.204364238e-17,-5.510910596e-18,-0.21,6.216040069e-06,1.289218298e-07,-0.2099709584,2.969963463e-05
5.841,-2.204364238e-17,-5.510910596e-18,-0.21,6.216040066e-06,1.289218292e-07,-0.2099709584,2.969963463e-05
5.842,-2.204364238e-17,-5.510910596e-18,-0.21,6.216040063e-06,1.289218285e-07,-0.2099709584,2.969963463e-05
5.843,-2.204364238e-17,-5.510910596e-18,-0.21,6.216040061e-06,1.289218278e-07,-0.2099709584,2.969963463e-05
5.844,-2.204364238e-17,-5.510910596e-18,-0.21,6.216040058e-06,1.289218272e-07,-0.2099709584,2.969963463e-05
5.845,-2.204364238e-17,-5.510910596e-18,-0.21,6.216040055e-06,1.289218267e-07,-0.2099709584,2.969963463e-05
5.846,-2.204364238e-17,-5.510910596e-18,-0.21,6.216040052e-06,1.289218261e-07,-0.2099709584,2.969963463e-05
5.847,-2.204364238e-17,-5.510910596e-18,-0.21,6.216040049e-06,1.289218255e-07,-0.2099709584,2.969963463e-05
5.848,-2.204364238e-17,-5.510910596e-18,-0.21,6.216040046e-06,1.289218249e-07,-0.2099709584,2.969963463e-05
5.849,-2.204364238e-17,-5.510910596e-18,-0.21,6.216040044e-06,1.289218242e-07,-0.2099709584,2.969963463e-05
5.85,-2.204364238e-17,-5.510910596e-18,-0.21,6.216040041e-06,1.289218235e-07,-0.2099709584,2.969963463e-05
5.851,-2.204364238e-17,-5.510910596e-18,-0.21,6.216040038e-06,1.289218228e-07,-0.2099709584,2.969963463e-05
5.852,-2.204364238e-17,-5.510910596e-18,-0.21,6.216040035e-06,1.289218222e-07,-0.2099709584,2.969963463e-05
5.853,-2.204364238e-17,-5.510910596e-18,-0.21,6.216040032e-06,1.289218217e-07,-0.2099709584,2.969963463e-05
5.854,-2.204364238e-17,-5.510910596e-18,-0.21,6.216040029e-06,1.289218212e-07,-0.2099709584,2.969963464e-05
5.855,-2.204364238e-17,-5.510910596e-18,-0.21,6.216040027e-06,1.289218206e-07,-0.2099709584,2.969963464e-05
5.856,-2.204364238e-17,-5.510910596e-18,-0.21,6.216040024e-06,1.289218201e-07,-0.2099709584,2.969963464e-05
5.857,-2.204364238e-17,-5.510910596e-18,-0.21,6.216040021e-06,1.289218194e-07,-0.2099709584,2.969963464e-05
5.858,-2.204364238e-17,-5.510910596e-18,-0.21,6.216040018e-06,1.289218187e-07,-0.2099709584,2.969963464e-05
5.859,-2.204364238e-17,-5.510910596e-18,-0.21,6.216040015e-06,1.28921818e-07,-0.2099709584,2.969963464e-05
5.86,-2.204364238e-17,-5.510910596e-18,-0.21,6.216040012e-06,1.289218173e-07,-0.2099709584,2.969963464e-05
5.861,-2.204364238e-17,-5.510910596e-18,-0.21,6.216040009e-06,1.289218166e-07,-0.2099709584,2.969963464e-05
5.862,-2.204364238e-17,-5.510910596e-18,-0.21,6.216040006e-06,1.289218159e-07,-0.2099709584,2.969963464e-05
5.863,-2.204364238e-17,-5.510910596e-18,-0.21,6.216040004e-06,1.289218154e-07,-0.2099709584,2.969963464e-05
5.864,-2.204364238e-17,-5.510910596e-18,-0.21,6.216040001e-06,1.289218148e-07,-0.2099709584,2.969963464e-05
5.865,-2.204364238e-17,-5.510910596e-18,-0.21,6.216039998e-06,1.289218143e-07,-0.2099709584,2.969963464e-05
5.866,-2.204364238e-17,-5.510910596e-18,-0.21,6.216039995e-06,1.289218138e-07,-0.2099709584,2.969963464e-05
5.867,-2.204364238e-17,-5.510910596e-18,-0.21,6.216039992e-06,1.289218132e-07,-0.2099709584,2.969963464e-05
5.868,-2.204364238e-17,-5.510910596e-18,-0.21,6.216039989e-06,1.289218124e-07,-0.2099709584,2.969963464e-05
5.869,-2.204364238e-17,-5.510910596e-18,-0.21,6.216039986e-06,1.289218116e-07,-0.2099709584,2.969963464e-05
5.87,-2.204364238e-17,-5.510910596e-18,-0.21,6.216039983e-06,1.289218108e-07,-0.2099709584,2.969963464e-05
5.871,-2.204364238e-17,-5.510910596e-18,-0.21,6.216039981e-06,1.2892181e-07,-0.2099709584,2.969963465e-05
5.872,-2.204364238e-17,-5.510910596e-18,-0.21,6.216039978e-06,1.289218093e-07,-0.2099709584,2.969963465e-05
5.873,-2.204364238e-17,-5.510910596e-18,-0.21,6.216039975e-06,1.289218086e-07,-0.2099709584,2.969963465e-05
5.874,-2.204364238e-17,-5.510910596e-18,-0.21,6.216039972e-06,1.28921808e-07,-0.2099709584,2.969963465e-05
5.875,-2.204364238e-17,-5.510910596e-18,-0.21,6.21603997e-06,1.289218075e-07,-0.2099709584,2.969963465e-05
5.876,-2.204364238e-17,-5.510910596e-18,-0.21,6.216039967e-06,1.28921807e-07,-0.2099709584,2.969963465e-05
5.877,-2.204364238e-17,-5.510910596e-18,-0.21,6.216039963e-06,1.289218064e-07,-0.2099709584,2.969963465e-05
5.878,-2.204364238e-17,-5.510910596e-18,-0.21,6.216039961e-06,1.289218057e-07,-0.2099709584,2.969963465e-05
5.879,-2.204364238e-17,-5.510910596e-18,-0.21,6.216039958e-06,1.28921805e-07,-0.2099709584,2.969963465e-05
5.88,-2.204364238e-17,-5.510910596e-18,-0.21,6.216039955e-06,1.289218042e-07,-0.2099709584,2.969963465e-05
5.881,-2.204364238e-17,-5.510910596e-18,-0.21,6.216039952e-06,1.289218035e-07,-0.2099709584,2.969963465e-05
5.882,-2.204364238e-17,-5.510910596e-18,-0.21,6.21603995e-06,1.289218029e-07,-0.2099709584,2.969963465e-05
5.883,-2.204364238e-17,-5.510910596e-18,-0.21,6.216039947e-06,1.289218023e-07,-0.2099709584,2.969963465e-05
5.884,-2.204364238e-17,-5.510910596e-18,-0.21,6.216039944e-06,1.289218018e-07,-0.2099709584,2.969963465e-05
5.885,-2.204364238e-17,-5.510910596e-18,-0.21,6.216039941e-06,1.289218013e-07,-0.2099709584,2.969963465e-05
5.886,-2.204364238e-17,-5.510910596e-18,-0.21,6.216039938e-06,1.289218008e-07,-0.2099709584,2.969963465e-05
5.887,-2.204364238e-17,-5.510910596e-18,-0.21,6.216039935e-06,1.289218001e-07,-0.2099709584,2.969963465e-05
5.888,-2.204364238e-17,-5.510910596e-18,-0.21,6.216039932e-06,1.289217994e-07,-0.2099709584,2.969963466e-05
5.889,-2.204364238e-17,-5.510910596e-18,-0.21,6.216039929e-06,1.289217987e-07,-0.2099709584,2.969963466e-05
5.89,-2.204364238e-17,-5.510910596e-18,-0.21,6.216039927e-06,1.289217979e-07,-0.2099709584,2.969963466e-05
5.891,-2.204364238e-17,-5.510910596e-18,-0.21,6.216039924e-06,1.289217972e-07,-0.2099709584,2.969963466e-05
5.892,-2.204364238e-17,-5.510910596e-18,-0.21,6.216039921e-06,1.289217965e-07,-0.2099709584,2.969963466e-05
5.893,-2.204364238e-17,-5.510910596e-18,-0.21,6.216039918e-06,1.289217959e-07,-0.2099709584,2.969963466e-05
5.894,-2.204364238e-17,-5.510910596e-18,-0.21,6.216039916e-06,1.289217953e-07,-0.2099709584,2.969963466e-05
5.895,-2.204364238e-17,-5.510910596e-18,-0.21,6.216039913e-06,1.289217947e-07,-0.2099709584,2.969963466e-05
5.896,-2.204364238e-17,-5.510910596e-18,-0.21,6.21603991e-06,1.289217941e-07,-0.2099709584,2.969963466e-05
5.897,-2.204364238e-17,-5.510910596e-18,-0.21,6.216039907e-06,1.289217935e-07,-0.2099709584,2.969963466e-05
5.898,-2.204364238e-17,-5.510910596e-18,-0.21,6.216039904e-06,1.289217928e-07,-0.2099709584,2.969963466e-05
5.899,-2.204364238e-17,-5.510910596e-18,-0.21,6.216039901e-06,1.289217922e-07,-0.2099709584,2.969963466e-05
5.9,-2.204364238e-17,-5.510910596e-18,-0.21,6.216039898e-06,1.289217915e-07,-0.2099709584,2.969963466e-05
5.901,-2.204364238e-17,-5.510910596e-18,-0.21,6.216039895e-06,1.289217909e-07,-0.2099709584,2.969963466e-05
5.902,-2.204364238e-17,-5.510910596e-18,-0.21,6.216039893e-06,1.289217903e-07,-0.2099709584,2.969963466e-05
5.903,-2.204364238e-17,-5.510910596e-18,-0.21,6.21603989e-06,1.289217897e-07,-0.2099709584,2.969963466e-05
5.904,-2.204364238e-17,-5.510910596e-18,-0.21,6.216039887e-06,1.289217891e-07,-0.2099709584,2.969963466e-05
5.905,-2.204364238e-17,-5.510910596e-18,-0.21,6.216039884e-06,1.289217885e-07,-0.2099709584,2.969963467e-05
5.906,-2.204364238e-17,-5.510910596e-18,-0.21,6.216039881e-06,1.289217879e-07,-0.2099709584,2.969963467e-05
5.907,-2.204364238e-17,-5.510910596e-18,-0.21,6.216039878e-06,1.289217872e-07,-0.2099709584,2.969963467e-05
5.908,-2.204364238e-17,-5.510910596e-18,-0.21,6.216039875e-06,1.289217865e-07,-0.2099709584,2.969963467e-05
5.909,-2.204364238e-17,-5.510910596e-18,-0.21,6.216039872e-06,1.289217858e-07,-0.2099709584,2.969963467e-05
5.91,-2.204364238e-17,-5.510910596e-18,-0.21,6.21603987e-06,1.289217851e-07,-0.2099709584,2.969963467e-05
5.911,-2.204364238e-17,-5.510910596e-18,-0.21,6.216039867e-06,1.289217844e-07,-0.2099709584,2.969963467e-05
5.912,-2.204364238e-17,-5.510910596e-18,-0.21,6.216039864e-06,1.289217837e-07,-0.2099709584,2.969963467e-05
5.913,-2.204364238e-17,-5.510910596e-18,-0.21,6.216039861e-06,1.289217831e-07,-0.2099709584,2.969963467e-05
5.914,-2.204364238e-17,-5.510910596e-18,-0.21,6.216039858e-06,1.289217824e-07,-0.2099709584,2.969963467e-05
5.915,-2.204364238e-17,-5.510910596e-18,-0.21,6.216039855e-06,1.289217817e-07,-0.2099709584,2.969963467e-05
5.916,-2.204364238e-17,-5.510910596e-18,-0.21,6.216039853e-06,1.28921781e-07,-0.2099709584,2.969963467e-05
5.917,-2.204364238e-17,-5.510910596e-18,-0.21,6.21603985e-06,1.289217803e-07,-0.2099709584,2.969963467e-05
5.918,-2.204364238e-17,-5.510910596e-18,-0.21,6.216039847e-06,1.289217797e-07,-0.2099709584,2.969963467e-05
5.919,-2.204364238e-17,-5.510910596e-18,-0.21,6.216039844e-06,1.289217791e-07,-0.2099709584,2.969963467e-05
5.92,-2.204364238e-17,-5.510910596e-18,-0.21,6.216039842e-06,1.289217785e-07,-0.2099709584,2.969963467e-05
5.921,-2.204364238e-17,-5.510910596e-18,-0.21,6.216039839e-06,1.289217779e-07,-0.2099709584,2.969963467e-05
5.922,-2.204364238e-17,-5.510910596e-18,-0.21,6.216039836e-06,1.289217773e-07,-0.2099709584,2.969963468e-05
5.923,-2.204364238e-17,-5.510910596e-18,-0.21,6.216039833e-06,1.289217766e-07,-0.2099709584,2.969963468e-05
5.924,-2.204364238e-17,-5.510910596e-18,-0.21,6.21603983e-06,1.289217759e-07,-0.2099709584,2.969963468e-05
5.925,-2.204364238e-17,-5.510910596e-18,-0.21,6.216039827e-06,1.289217753e-07,-0.2099709584,2.969963468e-05
5.926,-2.204364238e-17,-5.510910596e-18,-0.21,6.216039824e-06,1.289217746e-07,-0.2099709584,2.969963468e-05
5.927,-2.204364238e-17,-5.510910596e-18,-0.21,6.216039822e-06,1.28921774e-07,-0.2099709584,2.969963468e-05
5.928,-2.204364238e-17,-5.510910596e-18,-0.21,6.216039819e-06,1.289217734e-07,-0.2099709584,2.969963468e-05
5.929,-2.204364238e-17,-5.510910596e-18,-0.21,6.216039816e-06,1.289217728e-07,-0.2099709584,2.969963468e-05
5.93,-2.204364238e-17,-5.510910596e-18,-0.21,6.216039813e-06,1.289217722e-07,-0.2099709584,2.969963468e-05
5.931,-2.204364238e-17,-5.510910596e-18,-0.21,6.21603981e-06,1.289217716e-07,-0.2099709584,2.969963468e-05
5.932,-2.204364238e-17,-5.510910596e-18,-0.21,6.216039807e-06,1.28921771e-07,-0.2099709584,2.969963468e-05
5.933,-2.204364238e-17,-5.510910596e-18,-0.21,6.216039804e-06,1.289217702e-07,-0.2099709584,2.969963468e-05
5.934,-2.204364238e-17,-5.510910596e-18,-0.21,6.216039801e-06,1.289217696e-07,-0.2099709584,2.969963468e-05
5.935,-2.204364238e-17,-5.510910596e-18,-0.21,6.216039798e-06,1.289217689e-07,-0.2099709584,2.969963468e-05
5.936,-2.204364238e-17,-5.510910596e-18,-0.21,6.216039795e-06,1.289217682e-07,-0.2099709584,2.969963468e-05
5.937,-2.204364238e-17,-5.510910596e-18,-0.21,6.216039793e-06,1.289217676e-07,-0.2099709584,2.969963468e-05
5.938,-2.204364238e-17,-5.510910596e-18,-0.21,6.21603979e-06,1.28921767e-07,-0.2099709584,2.969963468e-05
5.939,-2.204364238e-17,-5.510910596e-18,-0.21,6.216039787e-06,1.289217664e-07,-0.2099709584,2.969963469e-05
5.94,-2.204364238e-17,-5.510910596e-18,-0.21,6.216039784e-06,1.289217657e-07,-0.2099709584,2.969963469e-05
5.941,-2.204364238e-17,-5.510910596e-18,-0.21,6.216039781e-06,1.28921765e-07,-0.2099709584,2.969963469e-05
5.942,-2.204364238e-17,-5.510910596e-18,-0.21,6.216039778e-06,1.289217643e-07,-0.2099709584,2.969963469e-05
5.943,-2.204364238e-17,-5.510910596e-18,-0.21,6.216039776e-06,1.289217636e-07,-0.2099709584,2.969963469e-05
5.944,-2.204364238e-17,-5.510910596e-18,-0.21,6.216039773e-06,1.28921763e-07,-0.2099709584,2.969963469e-05
5.945,-2.204364238e-17,-5.510910596e-18,-0.21,6.21603977e-06,1.289217624e-07,-0.2099709584,2.969963469e-05
5.946,-2.204364238e-17,-5.510910596e-18,-0.21,6.216039767e-06,1.289217619e-07,-0.2099709584,2.969963469e-05
5.947,-2.204364238e-17,-5.510910596e-18,-0.21,6.216039764e-06,1.289217614e-07,-0.2099709584,2.969963469e-05
5.948,-2.204364238e-17,-5.510910596e-18,-0.21,6.216039761e-06,1.289217607e-07,-0.2099709584,2.969963469e-05
5.949,-2.204364238e-17,-5.510910596e-18,-0.21,6.216039758e-06,1.2892176e-07,-0.2099709584,2.969963469e-05
5.95,-2.204364238e-17,-5.510910596e-18,-0.21,6.216039756e-06,1.289217593e-07,-0.2099709584,2.969963469e-05
5.951,-2.204364238e-17,-5.510910596e-18,-0.21,6.216039753e-06,1.289217585e-07,-0.2099709584,2.969963469e-05
5.952,-2.204364238e-17,-5.510910596e-18,-0.21,6.21603975e-06,1.289217577e-07,-0.2099709584,2.969963469e-05
5.953,-2.204364238e-17,-5.510910596e-18,-0.21,6.216039747e-06,1.28921757e-07,-0.2099709584,2.969963469e-05
5.954,-2.204364238e-17,-5.510910596e-18,-0.21,6.216039744e-06,1.289217564e-07,-0.2099709584,2.969963469e-05
5.955,-2.204364238e-17,-5.510910596e-18,-0.21,6.216039741e-06,1.289217559e-07,-0.2099709584,2.969963469e-05
5.956,-2.204364238e-17,-5.510910596e-18,-0.21,6.216039739e-06,1.289217554e-07,-0.2099709584,2.96996347e-05
5.957,-2.204364238e-17,-5.510910596e-18,-0.21,6.216039736e-06,1.289217548e-07,-0.2099709584,2.96996347e-05
5.958,-2.204364238e-17,-5.510910596e-18,-0.21,6.216039733e-06,1.289217542e-07,-0.2099709584,2.96996347e-05
5.959,-2.204364238e-17,-5.510910596e-18,-0.21,6.21603973e-06,1.289217536e-07,-0.2099709584,2.96996347e-05
5.96,-2.204364238e-17,-5.510910596e-18,-0.21,6.216039727e-06,1.289217528e-07,-0.2099709584,2.96996347e-05
5.961,-2.204364238e-17,-5.510910596e-18,-0.21,6.216039725e-06,1.289217521e-07,-0.2099709584,2.96996347e-05
5.962,-2.204364238e-17,-5.510910596e-18,-0.21,6.216039722e-06,1.289217514e-07,-0.2099709584,2.96996347e-05
5.963,-2.204364238e-17,-5.510910596e-18,-0.21,6.216039719e-06,1.289217507e-07,-0.2099709584,2.96996347e-05
5.964,-2.204364238e-17,-5.510910596e-18,-0.21,6.216039716e-06,1.289217501e-07,-0.2099709584,2.96996347e-05
5.965,-2.204364238e-17,-5.510910596e-18,-0.21,6.216039713e-06,1.289217495e-07,-0.2099709584,2.96996347e-05
5.966,-2.204364238e-17,-5.510910596e-18,-0.21,6.216039711e-06,1.289217489e-07,-0.2099709584,2.96996347e-05
5.967,-2.204364238e-17,-5.510910596e-18,-0.21,6.216039708e-06,1.289217483e-07,-0.2099709584,2.96996347e-05
5.968,-2.204364238e-17,-5.510910596e-18,-0.21,6.216039705e-06,1.289217477e-07,-0.2099709584,2.96996347e-05
5.969,-2.204364238e-17,-5.510910596e-18,-0.21,6.216039702e-06,1.28921747e-07,-0.2099709584,2.96996347e-05
5.97,-2.204364238e-17,-5.510910596e-18,-0.21,6.216039699e-06,1.289217464e-07,-0.2099709584,2.96996347e-05
5.971,-2.204364238e-17,-5.510910596e-18,-0.21,6.216039696e-06,1.289217457e-07,-0.2099709584,2.96996347e-05
5.972,-2.204364238e-17,-5.510910596e-18,-0.21,6.216039693e-06,1.28921745e-07,-0.2099709584,2.96996347e-05
5.973,-2.204364238e-17,-5.510910596e-18,-0.21,6.21603969e-06,1.289217444e-07,-0.2099709584,2.969963471e-05
5.974,-2.204364238e-17,-5.510910596e-18,-0.21,6.216039688e-06,1.289217437e-07,-0.2099709584,2.969963471e-05
5.975,-2.204364238e-17,-5.510910596e-18,-0.21,6.216039685e-06,1.28921743e-07,-0.2099709584,2.969963471e-05
5.976,-2.204364238e-17,-5.510910596e-18,-0.21,6.216039682e-06,1.289217425e-07,-0.2099709584,2.969963471e-05
5.977,-2.204364238e-17,-5.510910596e-18,-0.21,6.216039679e-06,1.289217419e-07,-0.2099709584,2.969963471e-05
5.978,-2.204364238e-17,-5.510910596e-18,-0.21,6.216039676e-06,1.289217413e-07,-0.2099709584,2.969963471e-05
5.979,-2.204364238e-17,-5.510910596e-18,-0.21,6.216039674e-06,1.289217408e-07,-0.2099709584,2.969963471e-05
5.98,-2.204364238e-17,-5.510910596e-18,-0.21,6.216039671e-06,1.289217401e-07,-0.2099709584,2.969963471e-05
5.981,-2.204364238e-17,-5.510910596e-18,-0.21,6.216039668e-06,1.289217395e-07,-0.2099709584,2.969963471e-05
5.982,-2.204364238e-17,-5.510910596e-18,-0.21,6.216039665e-06,1.289217388e-07,-0.2099709584,2.969963471e-05
5.983,-2.204364238e-17,-5.510910596e-18,-0.21,6.216039662e-06,1.28921738e-07,-0.2099709584,2.969963471e-05
5.984,-2.204364238e-17,-5.510910596e-18,-0.21,6.216039659e-06,1.289217374e-07,-0.2099709584,2.969963471e-05
5.985,-2.204364238e-17,-5.510910596e-18,-0.21,6.216039656e-06,1.289217367e-07,-0.2099709584,2.969963471e-05
5.986,-2.204364238e-17,-5.510910596e-18,-0.21,6.216039653e-06,1.289217361e-07,-0.2099709584,2.969963471e-05
5.987,-2.204364238e-17,-5.510910596e-18,-0.21,6.216039651e-06,1.289217355e-07,-0.2099709584,2.969963471e-05
5.988,-2.204364238e-17,-5.510910596e-18,-0.21,6.216039648e-06,1.28921735e-07,-0.2099709584,2.969963471e-05
5.989,-2.204364238e-17,-5.510910596e-18,-0.21,6.216039645e-06,1.289217344e-07,-0.2099709584,2.969963472e-05
5.99,-2.204364238e-17,-5.510910596e-18,-0.21,6.216039642e-06,1.289217337e-07,-0.2099709584,2.969963472e-05
5.991,-2.204364238e-17,-5.510910596e-18,-0.21,6.216039639e-06,1.289217329e-07,-0.2099709584,2.969963472e-05
5.992,-2.204364238e-17,-5.510910596e-18,-0.21,6.216039636e-06,1.289217322e-07,-0.2099709584,2.969963472e-05
5.993,-2.204364238e-17,-5.510910596e-18,-0.21,6.216039633e-06,1.289217315e-07,-0.2099709584,2.969963472e-05
5.994,-2.204364238e-17,-5.510910596e-18,-0.21,6.21603963e-06,1.289217308e-07,-0.2099709584,2.969963472e-05
5.995,-2.204364238e-17,-5.510910596e-18,-0.21,6.216039627e-06,1.289217303e-07,-0.2099709584,2.969963472e-05
5.996,-2.204364238e-17,-5.510910596e-18,-0.21,6.216039625e-06,1.289217298e-07,-0.2099709584,2.969963472e-05
5.997,-2.204364238e-17,-5.510910596e-18,-0.21,6.216039622e-06,1.289217292e-07,-0.2099709584,2.969963472e-05
5.998,-2.204364238e-17,-5.510910596e-18,-0.21,6.216039619e-06,1.289217287e-07,-0.2099709584,2.969963472e-05
5.999,-2.204364238e-17,-5.510910596e-18,-0.21,6.216039616e-06,1.28921728e-07,-0.2099709584,2.969963472e-05
6,-2.204364238e-17,-5.510910596e-18,-0.21,6.216039613e-06,1.289217272e-07,-0.2099709584,2.969963472e-05
