time_s,des_x_m,des_y_m,des_z_m,act_x_m,act_y_m,act_z_m,error_m
0,3.061616998e-18,-0.05,-0.21,5.144135795e-06,-0.0499894712,-0.2099728486,2.957223736e-05
0.001,3.061616998e-18,-0.05,-0.21,5.144135792e-06,-0.0499894712,-0.2099728486,2.957223736e-05
0.002,3.061616998e-18,-0.05,-0.21,5.14413579e-06,-0.0499894712,-0.2099728486,2.957223736e-05
0.003,3.061617e-18,-0.05,-0.21,5.144135788e-06,-0.0499894712,-0.2099728486,2.957223736e-05
0.004,3.061617072e-18,-0.05,-0.21,5.144135785e-06,-0.0499894712,-0.2099728486,2.957223736e-05
0.005,3.061618074e-18,-0.05,-0.21,5.144135783e-06,-0.0499894712,-0.2099728486,2.957223737e-05
0.006,3.061626527e-18,-0.05,-0.21,5.14413578e-06,-0.0499894712,-0.2099728486,2.957223737e-05
0.007,3.061677154e-18,-0.05,-0.21,5.144135777e-06,-0.0499894712,-0.2099728486,2.957223737e-05
0.008,3.061913502e-18,-0.05,-0.21,5.144135775e-06,-0.0499894712,-0.2099728486,2.957223737e-05
0.009,3.062826777e-18,-0.05,-0.21,5.144135772e-06,-0.0499894712,-0.2099728486,2.957223737e-05
0.01,3.065869426e-18,-0.05,-0.21,5.144135769e-06,-0.0499894712,-0.2099728486,2.957223737e-05
0.011,3.074866113e-18,-0.05,-0.21,5.144135767e-06,-0.0499894712,-0.2099728486,2.957223737e-05
0.012,3.098983617e-18,-0.05,-0.21,5.144135764e-06,-0.0499894712,-0.2099728486,2.957223737e-05
0.013,3.158547358e-18,-0.05,-0.21,5.144135762e-06,-0.0499894712,-0.2099728486,2.957223737e-05
0.014,3.295771937e-18,-0.05,-0.21,5.144135759e-06,-0.0499894712,-0.2099728486,2.957223737e-05
0.015,3.593585391e-18,-0.05,-0.21,5.144135757e-06,-0.0499894712,-0.2099728486,2.957223737e-05
0.016,4.207264088e-18,-0.05,-0.21,5.144135754e-06,-0.0499894712,-0.2099728486,2.957223737e-05
0.017,5.415663132e-18,-0.05,-0.21,5.144135752e-06,-0.0499894712,-0.2099728486,2.957223737e-05
0.018,7.70154577e-18,-0.05,-0.21,5.144135749e-06,-0.0499894712,-0.2099728486,2.957223737e-05
0.019,1.187401857e-17,-0.05,-0.21,5.144135747e-06,-0.0499894712,-0.2099728486,2.957223737e-05
0.02,1.925051523e-17,-0.05,-0.21,5.144135744e-06,-0.0499894712,-0.2099728486,2.957223737e-05
0.021,3.192130322e-17,-0.05,-0.21,5.144135742e-06,-0.0499894712,-0.2099728486,2.957223738e-05
0.022,5.31262909e-17,-0.05,-0.21,5.144135739e-06,-0.0499894712,-0.2099728486,2.957223738e-05
0.023,8.77821779e-17,-0.05,-0.21,5.144135737e-06,-0.0499894712,-0.2099728486,2.957223738e-05
0.024,1.432079237e-16,-0.05,-0.21,5.144135735e-06,-0.0499894712,-0.2099728486,2.957223738e-05
0.025,2.301083245e-16,-0.05,-0.21,5.144135733e-06,-0.0499894712,-0.2099728486,2.957223738e-05
0.026,3.63889418e-16,-0.05,-0.21,5.144135732e-06,-0.0499894712,-0.2099728486,2.957223738e-05
0.027,5.66395721e-16,-0.05,-0.21,5.144135731e-06,-0.0499894712,-0.2099728486,2.957223738e-05
0.028,8.681781998e-16,-0.05,-0.21,5.14413573e-06,-0.0499894712,-0.2099728486,2.957223739e-05
0.029,1.311423647e-15,-0.05,-0.21,5.14413573e-06,-0.0499894712,-0.2099728486,2.957223739e-05
0.03,1.953701061e-15,-0.05,-0.21,5.144135732e-06,-0.0499894712,-0.2099728486,2.95722374e-05
0.031,2.872708979e-15,-0.05,-0.21,5.144135735e-06,-0.0499894712,-0.2099728486,2.95722374e-05
0.032,4.172239819e-15,-0.05,-0.21,5.14413574e-06,-0.0499894712,-0.2099728486,2.957223741e-05
0.033,5.989613396e-15,-0.05,-0.21,5.144135748e-06,-0.0499894712,-0.2099728486,2.957223742e-05
0.034,8.504872264e-15,-0.05,-0.21,5.14413576e-06,-0.0499894712,-0.2099728486,2.957223744e-05
0.035,1.195207664e-14,-0.05,-0.21,5.144135776e-06,-0.0499894712,-0.2099728486,2.957223746e-05
0.036,1.663308681e-14,-0.05,-0.21,5.144135798e-06,-0.0499894712,-0.2099728486,2.957223749e-05
0.037,2.293427629e-14,-0.05,-0.21,5.144135829e-06,-0.0499894712,-0.2099728486,2.957223753e-05
0.038,3.134668014e-14,-0.05,-0.21,5.144135869e-06,-0.0499894712,-0.2099728486,2.957223757e-05
0.039,4.249014973e-14,-0.05,-0.21,5.144135921e-06,-0.0499894712,-0.2099728486,2.957223763e-05
0.04,5.714215873e-14,-0.05,-0.21,5.144135989e-06,-0.0499894712,-0.2099728486,2.957223771e-05
0.041,7.627198494e-14,-0.05,-0.21,5.144136076e-06,-0.04998947119,-0.2099728486,2.957223781e-05
0.042,1.010810795e-13,-0.05,-0.21,5.144136186e-06,-0.04998947119,-0.2099728486,2.957223793e-05
0.043,1.330505294e-13,-0.05,-0.21,5.144136326e-06,-0.04998947119,-0.2099728486,2.957223808e-05
0.044,1.739966209e-13,-0.05,-0.21,5.144136502e-06,-0.04998947119,-0.2099728486,2.957223827e-05
0.045,2.261356208e-13,-0.05,-0.21,5.144136721e-06,-0.04998947119,-0.2099728486,2.95722385e-05
0.046,2.921590125e-13,-0.05,-0.21,5.144136992e-06,-0.04998947119,-0.2099728486,2.957223878e-05
0.047,3.753205474e-13,-0.05,-0.21,5.144137327e-06,-0.04998947119,-0.2099728486,2.957223913e-05
0.048,4.795366096e-13,-0.05,-0.21,5.144137737e-06,-0.04998947119,-0.2099728486,2.957223955e-05
0.049,6.095015383e-13,-0.05,-0.21,5.144138239e-06,-0.04998947119,-0.2099728486,2.957224006e-05
0.05,7.708197015e-13,-0.05,-0.21,5.144138849e-06,-0.04998947118,-0.2099728486,2.957224068e-05
0.051,9.701562839e-13,-0.05,-0.21,5.144139587e-06,-0.04998947118,-0.2099728486,2.957224141e-05
0.052,1.215408923e-12,-0.05,-0.21,5.144140478e-06,-0.04998947118,-0.2099728486,2.95722423e-05
0.053,1.515902511e-12,-0.05,-0.21,5.144141547e-06,-0.04998947117,-0.2099728486,2.957224335e-05
0.054,1.882609678e-12,-0.04999999999,-0.21,5.144142827e-06,-0.04998947117,-0.2099728486,2.95722446e-05
0.055,2.328399677e-12,-0.04999999999,-0.21,5.144144354e-06,-0.04998947116,-0.2099728486,2.957224607e-05
0.056,2.868318598e-12,-0.04999999999,-0.21,5.144146167e-06,-0.04998947115,-0.2099728486,2.957224781e-05
0.057,3.519904085e-12,-0.04999999999,-0.21,5.144148316e-06,-0.04998947114,-0.2099728486,2.957224985e-05
0.058,4.303537953e-12,-0.04999999999,-0.21,5.144150852e-06,-0.04998947113,-0.2099728486,2.957225224e-05
0.059,5.242840356e-12,-0.04999999999,-0.21,5.144153838e-06,-0.04998947112,-0.2099728486,2.957225503e-05
0.06,6.365109423e-12,-0.04999999998,-0.21,5.144157342e-06,-0.04998947111,-0.2099728486,2.957225828e-05
0.061,7.701810545e-12,-0.04999999998,-0.21,5.144161444e-06,-0.04998947109,-0.2099728486,2.957226205e-05
0.062,9.289119798e-12,-0.04999999998,-0.21,5.144166232e-06,-0.04998947107,-0.2099728486,2.957226641e-05
0.063,1.116852626e-11,-0.04999999997,-0.21,5.144171805e-06,-0.04998947105,-0.2099728486,2.957227144e-05
0.064,1.338749831e-11,-0.04999999996,-0.21,5.144178278e-06,-0.04998947102,-0.2099728486,2.957227723e-05
0.065,1.60002193e-11,-0.04999999996,-0.21,5.144185776e-06,-0.04998947099,-0.2099728486,2.957228389e-05
0.066,1.906839838e-11,-0.04999999995,-0.21,5.144194441e-06,-0.04998947096,-0.2099728486,2.957229151e-05
0.067,2.266216244e-11,-0.04999999994,-0.21,5.144204432e-06,-0.04998947092,-0.2099728486,2.957230022e-05
0.068,2.686103582e-11,-0.04999999993,-0.21,5.144215927e-06,-0.04998947087,-0.2099728486,2.957231015e-05
0.069,3.175501429e-11,-0.04999999992,-0.21,5.144229122e-06,-0.04998947082,-0.2099728486,2.957232145e-05
0.07,3.744574082e-11,-0.0499999999,-0.21,5.144244238e-06,-0.04998947076,-0.2099728486,2.957233428e-05
0.071,4.404779047e-11,-0.04999999988,-0.21,5.144261521e-06,-0.04998947069,-0.2099728486,2.957234881e-05
0.072,5.169007249e-11,-0.04999999986,-0.21,5.14428124e-06,-0.04998947061,-0.2099728486,2.957236525e-05
0.073,6.051735805e-11,-0.04999999984,-0.21,5.144303697e-06,-0.04998947053,-0.2099728486,2.957238379e-05
0.074,7.069194229e-11,-0.04999999981,-0.21,5.144329224e-06,-0.04998947043,-0.2099728487,2.957240468e-05
0.075,8.239545021e-11,-0.04999999978,-0.21,5.144358189e-06,-0.04998947031,-0.2099728487,2.957242817e-05
0.076,9.583079579e-11,-0.04999999974,-0.21,5.144390998e-06,-0.04998947019,-0.2099728487,2.957245452e-05
0.077,1.112243048e-10,-0.0499999997,-0.21,5.144428095e-06,-0.04998947004,-0.2099728487,2.957248405e-05
0.078,1.288280116e-10,-0.04999999966,-0.21,5.144469973e-06,-0.04998946988,-0.2099728487,2.957251707e-05
0.079,1.489221418e-10,-0.0499999996,-0.21,5.144517171e-06,-0.0499894697,-0.2099728487,2.957255394e-05
0.08,1.718177907e-10,-0.04999999954,-0.21,5.144570281e-06,-0.04998946949,-0.2099728487,2.957259504e-05
0.081,1.978598124e-10,-0.04999999947,-0.21,5.144629951e-06,-0.04998946926,-0.2099728487,2.957264078e-05
0.082,2.274299288e-10,-0.04999999939,-0.21,5.144696892e-06,-0.04998946901,-0.2099728488,2.957269161e-05
0.083,2.609500745e-10,-0.0499999993,-0.21,5.144771878e-06,-0.04998946872,-0.2099728488,2.957274801e-05
0.084,2.988859895e-10,-0.0499999992,-0.21,5.144855758e-06,-0.0499894684,-0.2099728488,2.957281049e-05
0.085,3.417510746e-10,-0.04999999909,-0.21,5.144949456e-06,-0.04998946805,-0.2099728488,2.957287963e-05
0.086,3.90110524e-10,-0.04999999896,-0.21,5.145053979e-06,-0.04998946765,-0.2099728489,2.957295601e-05
0.087,4.445857503e-10,-0.04999999881,-0.21,5.145170421e-06,-0.04998946721,-0.2099728489,2.957304029e-05
0.088,5.058591174e-10,-0.04999999865,-0.21,5.145299975e-06,-0.04998946672,-0.2099728489,2.957313315e-05
0.089,5.746789984e-10,-0.04999999846,-0.21,5.145443934e-06,-0.04998946618,-0.209972849,2.957323534e-05
0.09,6.518651746e-10,-0.04999999826,-0.21,5.145603702e-06,-0.04998946558,-0.209972849,2.957334765e-05
0.091,7.383145933e-10,-0.04999999803,-0.21,5.145780799e-06,-0.04998946492,-0.2099728491,2.957347094e-05
0.092,8.350075021e-10,-0.04999999777,-0.21,5.145976874e-06,-0.04998946419,-0.2099728491,2.957360611e-05
0.093,9.430139792e-10,-0.04999999748,-0.21,5.146193708e-06,-0.04998946339,-0.2099728492,2.957375412e-05
0.094,1.063500878e-09,-0.04999999716,-0.21,5.146433227e-06,-0.0499894625,-0.2099728493,2.957391602e-05
0.095,1.197739203e-09,-0.0499999968,-0.21,5.14669751e-06,-0.04998946153,-0.2099728493,2.95740929e-05
0.096,1.347111946e-09,-0.0499999964,-0.21,5.1469888e-06,-0.04998946045,-0.2099728494,2.957428595e-05
0.097,1.513122393e-09,-0.04999999595,-0.21,5.147309517e-06,-0.04998945927,-0.2099728495,2.957449639e-05
0.098,1.697402923e-09,-0.04999999546,-0.21,5.147662263e-06,-0.04998945798,-0.2099728496,2.957472557e-05
0.099,1.901724337e-09,-0.04999999491,-0.21,5.148049842e-06,-0.04998945657,-0.2099728497,2.957497489e-05
0.1,2.128005717e-09,-0.04999999431,-0.21,5.148475267e-06,-0.04998945502,-0.2099728498,2.957524584e-05
0.101,2.378324852e-09,-0.04999999364,-0.21,5.148941773e-06,-0.04998945332,-0.2099728499,2.957554001e-05
0.102,2.654929253e-09,-0.0499999929,-0.21,5.149452837e-06,-0.04998945147,-0.20997285,2.957585907e-05
0.103,2.960247773e-09,-0.04999999208,-0.21,5.150012185e-06,-0.04998944945,-0.2099728502,2.957620479e-05
0.104,3.296902873e-09,-0.04999999118,-0.21,5.150623811e-06,-0.04998944724,-0.2099728503,2.957657906e-05
0.105,3.667723537e-09,-0.04999999019,-0.21,5.151291993e-06,-0.04998944484,-0.2099728505,2.957698387e-05
0.106,4.075758878e-09,-0.0499999891,-0.21,5.152021309e-06,-0.04998944222,-0.2099728507,2.957742129e-05
0.107,4.524292461e-09,-0.0499999879,-0.21,5.152816657e-06,-0.04998943937,-0.2099728509,2.957789356e-05
0.108,5.016857355e-09,-0.04999998658,-0.21,5.153683268e-06,-0.04998943628,-0.2099728511,2.9578403e-05
0.109,5.557251957e-09,-0.04999998514,-0.21,5.154626729e-06,-0.04998943292,-0.2099728513,2.957895206e-05
0.11,6.149556606e-09,-0.04999998355,-0.21,5.155653004e-06,-0.04998942928,-0.2099728515,2.957954335e-05
0.111,6.798151019e-09,-0.04999998182,-0.21,5.156768452e-06,-0.04998942533,-0.2099728518,2.958017958e-05
0.112,7.507732575e-09,-0.04999997992,-0.21,5.15797985e-06,-0.04998942105,-0.2099728521,2.958086362e-05
0.113,8.283335477e-09,-0.04999997785,-0.21,5.159294416e-06,-0.04998941641,-0.2099728524,2.958159849e-05
0.114,9.130350819e-09,-0.04999997558,-0.21,5.160719832e-06,-0.0499894114,-0.2099728527,2.958238736e-05
0.115,1.005454759e-08,-0.04999997311,-0.21,5.16226427e-06,-0.04998940598,-0.209972853,2.958323355e-05
0.116,1.106209464e-08,-0.04999997042,-0.21,5.163936416e-06,-0.04998940013,-0.2099728534,2.958414057e-05
0.117,1.215958365e-08,-0.04999996748,-0.21,5.165745499e-06,-0.04998939382,-0.2099728538,2.958511206e-05
0.118,1.335405312e-08,-0.04999996429,-0.21,5.167701315e-06,-0.04998938701,-0.2099728542,2.958615187e-05
0.119,1.465301339e-08,-0.04999996081,-0.21,5.169814261e-06,-0.04998937967,-0.2099728547,2.958726403e-05
0.12,1.606447283e-08,-0.04999995704,-0.21,5.17209536e-06,-0.04998937176,-0.2099728551,2.958845275e-05
0.121,1.759696501e-08,-0.04999995294,-0.21,5.174556295e-06,-0.04998936325,-0.2099728556,2.958972245e-05
0.122,1.925957717e-08,-0.04999994849,-0.21,5.177209444e-06,-0.0499893541,-0.2099728562,2.959107775e-05
0.123,2.106197975e-08,-0.04999994367,-0.21,5.180067905e-06,-0.04998934426,-0.2099728568,2.959252348e-05
0.124,2.301445719e-08,-0.04999993845,-0.21,5.183145541e-06,-0.0499893337,-0.2099728574,2.959406469e-05
0.125,2.512793998e-08,-0.0499999328,-0.21,5.186457009e-06,-0.04998932235,-0.2099728581,2.959570666e-05
0.126,2.741403792e-08,-0.04999992669,-0.21,5.190017801e-06,-0.04998931018,-0.2099728588,2.959745492e-05
0.127,2.988507479e-08,-0.04999992008,-0.21,5.193844281e-06,-0.04998929713,-0.2099728595,2.959931521e-05
0.128,3.255412424e-08,-0.04999991294,-0.21,5.197953724e-06,-0.04998928315,-0.2099728603,2.960129356e-05
0.129,3.543504713e-08,-0.04999990523,-0.21,5.202364362e-06,-0.04998926818,-0.2099728612,2.960339625e-05
0.13,3.854253024e-08,-0.04999989692,-0.21,5.20709542e-06,-0.04998925216,-0.2099728621,2.960562982e-05
0.131,4.189212641e-08,-0.04999988797,-0.21,5.212167167e-06,-0.04998923501,-0.209972863,2.96080011e-05
0.132,4.550029616e-08,-0.04999987832,-0.21,5.217600958e-06,-0.04998921669,-0.209972864,2.961051723e-05
0.133,4.938445076e-08,-0.04999986793,-0.21,5.22341928e-06,-0.04998919711,-0.2099728651,2.961318561e-05
0.134,5.356299688e-08,-0.04999985675,-0.21,5.229645804e-06,-0.04998917621,-0.2099728662,2.9616014e-05
0.135,5.805538272e-08,-0.04999984474,-0.21,5.236305433e-06,-0.04998915389,-0.2099728674,2.961901045e-05
0.136,6.288214582e-08,-0.04999983183,-0.21,5.243424356e-06,-0.04998913009,-0.2099728687,2.962218335e-05
0.137,6.806496237e-08,-0.04999981797,-0.21,5.251030096e-06,-0.04998910472,-0.20997287,2.962554146e-05
0.138,7.362669828e-08,-0.0499998031,-0.21,5.259151573e-06,-0.04998907768,-0.2099728714,2.962909387e-05
0.139,7.959146179e-08,-0.04999978715,-0.21,5.267819153e-06,-0.04998904888,-0.2099728729,2.963285006e-05
0.14,8.598465788e-08,-0.04999977005,-0.21,5.277064711e-06,-0.04998901822,-0.2099728745,2.96368199e-05
0.141,9.283304438e-08,-0.04999975173,-0.21,5.286921689e-06,-0.04998898561,-0.2099728762,2.964101366e-05
0.142,1.001647898e-07,-0.04999973213,-0.21,5.297425156e-06,-0.04998895093,-0.2099728779,2.964544201e-05
0.143,1.080095329e-07,-0.04999971115,-0.21,5.308611876e-06,-0.04998891406,-0.2099728798,2.965011607e-05
0.144,1.163984444e-07,-0.04999968871,-0.21,5.320520368e-06,-0.0499888749,-0.2099728817,2.96550474e-05
0.145,1.253642898e-07,-0.04999966473,-0.21,5.333190974e-06,-0.04998883331,-0.2099728838,2.966024803e-05
0.146,1.349414947e-07,-0.04999963912,-0.21,5.346665932e-06,-0.04998878917,-0.2099728859,2.966573046e-05
0.147,1.451662121e-07,-0.04999961178,-0.21,5.360989437e-06,-0.04998874234,-0.2099728882,2.96715077e-05
0.148,1.560763906e-07,-0.0499995826,-0.21,5.376207723e-06,-0.04998869269,-0.2099728906,2.967759329e-05
0.149,1.67711846e-07,-0.04999955148,-0.21,5.392369131e-06,-0.04998864005,-0.2099728931,2.968400129e-05
0.15,1.801143332e-07,-0.04999951831,-0.21,5.409524184e-06,-0.04998858429,-0.2099728957,2.969074633e-05
0.151,1.933276217e-07,-0.04999948298,-0.21,5.427725671e-06,-0.04998852524,-0.2099728985,2.969784362e-05
0.152,2.073975717e-07,-0.04999944535,-0.21,5.447028718e-06,-0.04998846274,-0.2099729014,2.970530899e-05
0.153,2.223722131e-07,-0.0499994053,-0.21,5.467490875e-06,-0.0499883966,-0.2099729044,2.971315888e-05
0.154,2.383018258e-07,-0.0499993627,-0.21,5.489172198e-06,-0.04998832666,-0.2099729076,2.972141039e-05
0.155,2.552390229e-07,-0.04999931741,-0.21,5.512135331e-06,-0.04998825271,-0.209972911,2.973008132e-05
0.156,2.73238835e-07,-0.04999926927,-0.21,5.536445599e-06,-0.04998817457,-0.2099729145,2.973919016e-05
0.157,2.923587972e-07,-0.04999921813,-0.21,5.562171089e-06,-0.04998809203,-0.2099729181,2.974875613e-05
0.158,3.126590378e-07,-0.04999916384,-0.21,5.589382746e-06,-0.04998800488,-0.209972922,2.975879925e-05
0.159,3.342023693e-07,-0.04999910623,-0.21,5.618154465e-06,-0.0499879129,-0.209972926,2.97693403e-05
0.16,3.570543813e-07,-0.04999904512,-0.21,5.648563184e-06,-0.04998781585,-0.2099729302,2.978040091e-05
0.161,3.812835356e-07,-0.04999898032,-0.21,5.68068898e-06,-0.04998771351,-0.2099729345,2.979200359e-05
0.162,4.069612633e-07,-0.04999891165,-0.21,5.714615169e-06,-0.04998760562,-0.2099729391,2.980417171e-05
0.163,4.341620639e-07,-0.0499988389,-0.21,5.750428404e-06,-0.04998749192,-0.2099729439,2.981692962e-05
0.164,4.629636069e-07,-0.04999876188,-0.21,5.788218778e-06,-0.04998737215,-0.2099729489,2.983030262e-05
0.165,4.934468347e-07,-0.04999868036,-0.21,5.82807993e-06,-0.04998724603,-0.2099729541,2.984431702e-05
0.166,5.256960686e-07,-0.04999859411,-0.21,5.870109146e-06,-0.04998711328,-0.2099729595,2.985900021e-05
0.167,5.597991159e-07,-0.04999850291,-0.21,5.914407469e-06,-0.0499869736,-0.2099729652,2.987438066e-05
0.168,5.958473797e-07,-0.0499984065,-0.21,5.961079809e-06,-0.04998682667,-0.2099729711,2.989048798e-05
0.169,6.339359705e-07,-0.04999830464,-0.21,6.010235055e-06,-0.04998667218,-0.2099729772,2.990735298e-05
0.17,6.741638201e-07,-0.04999819706,-0.21,6.061986183e-06,-0.0499865098,-0.2099729836,2.992500771e-05
0.171,7.16633797e-07,-0.04999808348,-0.21,6.116450378e-06,-0.04998633918,-0.2099729903,2.99434855e-05
0.172,7.614528244e-07,-0.04999796362,-0.21,6.173749144e-06,-0.04998615996,-0.2099729972,2.9962821e-05
0.173,8.087319999e-07,-0.04999783718,-0.21,6.234008425e-06,-0.04998597179,-0.2099730044,2.998305029e-05
0.174,8.585867174e-07,-0.04999770385,-0.21,6.297358727e-06,-0.04998577428,-0.2099730119,3.000421084e-05
0.175,9.111367906e-07,-0.04999756331,-0.21,6.363935237e-06,-0.04998556703,-0.2099730197,3.002634167e-05
0.176,9.665065786e-07,-0.04999741524,-0.21,6.433877945e-06,-0.04998534965,-0.2099730278,3.004948332e-05
0.177,1.024825114e-06,-0.04999725927,-0.21,6.507331773e-06,-0.0499851217,-0.2099730362,3.007367795e-05
0.178,1.086226232e-06,-0.04999709507,-0.21,6.584446699e-06,-0.04998488275,-0.2099730449,3.009896941e-05
0.179,1.150848701e-06,-0.04999692224,-0.21,6.665377885e-06,-0.04998463236,-0.209973054,3.012540326e-05
0.18,1.218836357e-06,-0.04999674042,-0.21,6.750285807e-06,-0.04998437006,-0.2099730634,3.015302688e-05
0.181,1.290338238e-06,-0.0499965492,-0.21,6.839336389e-06,-0.04998409537,-0.2099730731,3.018188949e-05
0.182,1.36550872e-06,-0.04999634817,-0.21,6.932701128e-06,-0.0499838078,-0.2099730832,3.021204223e-05
0.183,1.444507658e-06,-0.0499961369,-0.21,7.030557238e-06,-0.04998350683,-0.2099730937,3.024353826e-05
0.184,1.527500522e-06,-0.04999591495,-0.21,7.133087776e-06,-0.04998319195,-0.2099731046,3.027643276e-05
0.185,1.614658541e-06,-0.04999568186,-0.21,7.240481786e-06,-0.0499828626,-0.2099731158,3.031078306e-05
0.186,1.706158847e-06,-0.04999543716,-0.21,7.352934432e-06,-0.04998251824,-0.2099731274,3.034664864e-05
0.187,1.802184618e-06,-0.04999518035,-0.21,7.470647138e-06,-0.04998215827,-0.2099731395,3.038409127e-05
0.188,1.902925226e-06,-0.04999491094,-0.21,7.593827731e-06,-0.04998178211,-0.209973152,3.042317502e-05
0.189,2.008576382e-06,-0.04999462839,-0.21,7.722690578e-06,-0.04998138915,-0.2099731649,3.046396636e-05
0.19,2.119340287e-06,-0.04999433217,-0.21,7.857456733e-06,-0.04998097875,-0.2099731782,3.05065342e-05
0.191,2.235425785e-06,-0.04999402172,-0.21,7.998354076e-06,-0.04998055027,-0.209973192,3.055094998e-05
0.192,2.357048508e-06,-0.04999369646,-0.21,8.145617458e-06,-0.04998010303,-0.2099732062,3.059728771e-05
0.193,2.484431034e-06,-0.0499933558,-0.21,8.299488852e-06,-0.04997963636,-0.209973221,3.064562405e-05
0.194,2.617803039e-06,-0.04999299911,-0.21,8.460217488e-06,-0.04997914954,-0.2099732362,3.069603835e-05
0.195,2.757401452e-06,-0.04999262578,-0.21,8.628060008e-06,-0.04997864184,-0.2099732519,3.074861275e-05
0.196,2.90347061e-06,-0.04999223514,-0.21,8.803280612e-06,-0.04997811252,-0.2099732681,3.080343219e-05
0.197,3.056262418e-06,-0.04999182653,-0.21,8.986151202e-06,-0.04997756081,-0.2099732848,3.086058447e-05
0.198,3.216036501e-06,-0.04999139924,-0.21,9.176951533e-06,-0.04997698591,-0.2099733021,3.092016032e-05
0.199,3.383060368e-06,-0.04999095256,-0.21,9.37596936e-06,-0.04997638702,-0.2099733199,3.098225344e-05
0.2,3.557609566e-06,-0.04999048576,-0.21,9.583500589e-06,-0.04997576331,-0.2099733382,3.104696052e-05
0.201,3.739967844e-06,-0.04998999807,-0.21,9.799849424e-06,-0.04997511391,-0.2099733571,3.111438131e-05
0.202,3.930427308e-06,-0.04998948872,-0.21,1.002532852e-05,-0.04997443795,-0.2099733766,3.11846186e-05
0.203,4.129288586e-06,-0.04998895689,-0.21,1.026025911e-05,-0.04997373452,-0.2099733966,3.125777831e-05
0.204,4.336860986e-06,-0.04998840178,-0.21,1.050497122e-05,-0.04997300271,-0.2099734173,3.133396946e-05
0.205,4.553462656e-06,-0.04998782251,-0.21,1.075980371e-05,-0.04997224155,-0.2099734385,3.14133042e-05
0.206,4.779420747e-06,-0.04998721822,-0.21,1.102510453e-05,-0.04997145008,-0.2099734604,3.14958978e-05
0.207,5.015071574e-06,-0.04998658801,-0.21,1.13012308e-05,-0.0499706273,-0.2099734829,3.158186868e-05
0.208,5.260760773e-06,-0.04998593096,-0.21,1.158854899e-05,-0.04996977218,-0.2099735061,3.167133835e-05
0.209,5.516843466e-06,-0.04998524611,-0.21,1.188743506e-05,-0.04996888368,-0.2099735299,3.176443144e-05
0.21,5.78368442e-06,-0.04998453248,-0.21,1.21982746e-05,-0.04996796071,-0.2099735544,3.186127563e-05
0.211,6.061658203e-06,-0.04998378909,-0.21,1.252146298e-05,-0.04996700219,-0.2099735795,3.196200163e-05
0.212,6.351149351e-06,-0.04998301489,-0.21,1.285740549e-05,-0.04996600699,-0.2099736054,3.206674313e-05
0.213,6.652552517e-06,-0.04998220884,-0.21,1.320651752e-05,-0.04996497394,-0.2099736319,3.217563672e-05
0.214,6.966272637e-06,-0.04998136984,-0.21,1.356922463e-05,-0.04996390186,-0.2099736592,3.228882186e-05
0.215,7.292725083e-06,-0.0499804968,-0.21,1.394596278e-05,-0.04996278956,-0.2099736872,3.240644073e-05
0.216,7.632335819e-06,-0.04997958857,-0.21,1.433717839e-05,-0.04996163579,-0.2099737159,3.252863822e-05
0.217,7.985541556e-06,-0.04997864398,-0.21,1.474332855e-05,-0.04996043929,-0.2099737453,3.265556175e-05
0.218,8.352789907e-06,-0.04997766183,-0.21,1.516488109e-05,-0.04995919877,-0.2099737756,3.278736117e-05
0.219,8.734539536e-06,-0.0499766409,-0.21,1.560231479e-05,-0.04995791289,-0.2099738065,3.292418866e-05
0.22,9.131260312e-06,-0.04997557994,-0.21,1.605611945e-05,-0.04995658032,-0.2099738383,3.306619855e-05
0.221,9.543433458e-06,-0.04997447765,-0.21,1.652679604e-05,-0.04995519967,-0.2099738709,3.321354717e-05
0.222,9.971551692e-06,-0.04997333272,-0.21,1.701485687e-05,-0.04995376953,-0.2099739042,3.33663927e-05
0.223,1.041611938e-05,-0.04997214379,-0.21,1.752082566e-05,-0.04995228846,-0.2099739384,3.352489496e-05
0.224,1.087765269e-05,-0.0499709095,-0.21,1.804523771e-05,-0.04995075498,-0.2099739734,3.368921522e-05
0.225,1.135667968e-05,-0.04996962842,-0.21,1.858864001e-05,-0.04994916761,-0.2099740092,3.385951605e-05
0.226,1.185374053e-05,-0.04996829911,-0.21,1.915159134e-05,-0.04994752479,-0.2099740459,3.4035961e-05
0.227,1.236938759e-05,-0.0499669201,-0.21,1.973466242e-05,-0.04994582498,-0.2099740834,3.421871447e-05
0.228,1.290418555e-05,-0.04996548987,-0.21,2.033843603e-05,-0.04994406656,-0.2099741218,3.440794141e-05
0.229,1.345871158e-05,-0.04996400688,-0.21,2.09635071e-05,-0.04994224793,-0.2099741611,3.46038071e-05
0.23,1.403355545e-05,-0.04996246955,-0.21,2.161048281e-05,-0.0499403674,-0.2099742012,3.480647689e-05
0.231,1.462931965e-05,-0.04996087628,-0.21,2.227998275e-05,-0.0499384233,-0.2099742423,3.501611592e-05
0.232,1.524661952e-05,-0.04995922541,-0.21,2.297263896e-05,-0.0499364139,-0.2099742842,3.523288886e-05
0.233,1.588608336e-05,-0.04995751527,-0.21,2.368909608e-05,-0.04993433745,-0.2099743271,3.545695961e-05
0.234,1.654835256e-05,-0.04995574414,-0.21,2.443001143e-05,-0.04993219214,-0.2099743709,3.568849105e-05
0.235,1.723408168e-05,-0.04995391027,-0.21,2.51960551e-05,-0.04992997616,-0.2099744156,3.592764471e-05
0.236,1.794393861e-05,-0.04995201188,-0.21,2.598791003e-05,-0.04992768764,-0.2099744613,3.617458051e-05
0.237,1.867860464e-05,-0.04995004713,-0.21,2.680627212e-05,-0.04992532471,-0.2099745079,3.642945642e-05
0.238,1.943877455e-05,-0.04994801418,-0.21,2.765185031e-05,-0.04992288543,-0.2099745554,3.669242821e-05
0.239,2.022515674e-05,-0.04994591113,-0.21,2.852536665e-05,-0.04992036785,-0.209974604,3.696364913e-05
0.24,2.10384733e-05,-0.04994373605,-0.21,2.942755635e-05,-0.04991776997,-0.2099746535,3.724326959e-05
0.241,2.187946012e-05,-0.04994148697,-0.21,3.035916789e-05,-0.04991508976,-0.2099747039,3.75314369e-05
0.242,2.274886692e-05,-0.04993916188,-0.21,3.132096307e-05,-0.04991232517,-0.2099747554,3.782829496e-05
0.243,2.364745741e-05,-0.04993675875,-0.21,3.231371708e-05,-0.0499094741,-0.2099748078,3.813398398e-05
0.244,2.457600929e-05,-0.04993427549,-0.21,3.333821851e-05,-0.04990653442,-0.2099748613,3.844864018e-05
0.245,2.553531437e-05,-0.04993170998,-0.21,3.439526946e-05,-0.04990350396,-0.2099749157,3.877239553e-05
0.246,2.652617859e-05,-0.04992906008,-0.21,3.548568557e-05,-0.04990038052,-0.2099749712,3.910537749e-05
0.247,2.754942211e-05,-0.04992632358,-0.21,3.661029604e-05,-0.04989716186,-0.2099750277,3.944770872e-05
0.248,2.860587939e-05,-0.04992349826,-0.21,3.776994367e-05,-0.04989384573,-0.2099750852,3.979950684e-05
0.249,2.969639915e-05,-0.04992058184,-0.21,3.896548491e-05,-0.04989042981,-0.2099751437,4.016088422e-05
0.25,3.08218445e-05,-0.04991757203,-0.21,4.019778988e-05,-0.04988691176,-0.2099752033,4.053194768e-05
0.251,3.198309294e-05,-0.04991446646,-0.21,4.146774238e-05,-0.0498832892,-0.2099752638,4.091279835e-05
0.252,3.318103639e-05,-0.04991126275,-0.21,4.27762399e-05,-0.04987955974,-0.2099753255,4.130353142e-05
0.253,3.441658122e-05,-0.04990795849,-0.21,4.412419363e-05,-0.04987572091,-0.2099753881,4.170423593e-05
0.254,3.569064827e-05,-0.04990455121,-0.21,4.55125285e-05,-0.04987177025,-0.2099754518,4.211499462e-05
0.255,3.700417285e-05,-0.0499010384,-0.21,4.694218312e-05,-0.04986770524,-0.2099755166,4.253588375e-05
0.256,3.835810477e-05,-0.04989741753,-0.21,4.841410979e-05,-0.04986352332,-0.2099755824,4.296697295e-05
0.257,3.975340833e-05,-0.04989368602,-0.21,4.992927451e-05,-0.04985922192,-0.2099756492,4.340832505e-05
0.258,4.119106229e-05,-0.04988984125,-0.21,5.148865693e-05,-0.04985479841,-0.2099757171,4.385999598e-05
0.259,4.26720599e-05,-0.04988588056,-0.21,5.309325033e-05,-0.04985025014,-0.2099757861,4.432203462e-05
0.26,4.419740885e-05,-0.04988180127,-0.21,5.474406158e-05,-0.04984557443,-0.2099758561,4.479448276e-05
0.261,4.576813124e-05,-0.04987760063,-0.21,5.644211111e-05,-0.04984076854,-0.2099759271,4.527737492e-05
0.262,4.738526357e-05,-0.04987327587,-0.21,5.818843286e-05,-0.04983582973,-0.2099759992,4.577073835e-05
0.263,4.904985667e-05,-0.04986882419,-0.21,5.998407421e-05,-0.0498307552,-0.2099760724,4.62745929e-05
0.264,5.076297568e-05,-0.04986424274,-0.21,6.183009595e-05,-0.04982554212,-0.2099761465,4.678895103e-05
0.265,5.252569997e-05,-0.04985952862,-0.21,6.372757217e-05,-0.04982018765,-0.2099762218,4.73138177e-05
0.266,5.433912309e-05,-0.04985467892,-0.21,6.567759025e-05,-0.04981468889,-0.2099762981,4.784919039e-05
0.267,5.620435271e-05,-0.04984969066,-0.21,6.768125068e-05,-0.04980904291,-0.2099763754,4.839505905e-05
0.268,5.812251051e-05,-0.04984456087,-0.21,6.973966708e-05,-0.04980324675,-0.2099764537,4.89514061e-05
0.269,6.009473213e-05,-0.04983928648,-0.21,7.185396603e-05,-0.04979729744,-0.2099765331,4.951820642e-05
0.27,6.212216705e-05,-0.04983386444,-0.21,7.402528699e-05,-0.04979119194,-0.2099766136,5.009542735e-05
0.271,6.42059785e-05,-0.04982829163,-0.21,7.625478221e-05,-0.04978492721,-0.209976695,5.068302872e-05
0.272,6.634734335e-05,-0.0498225649,-0.21,7.854361656e-05,-0.04977850015,-0.2099767775,5.128096288e-05
0.273,6.854745202e-05,-0.04981668107,-0.21,8.089296746e-05,-0.04977190765,-0.2099768609,5.188917469e-05
0.274,7.080750828e-05,-0.04981063692,-0.21,8.330402475e-05,-0.04976514657,-0.2099769454,5.25076016e-05
0.275,7.312872921e-05,-0.04980442919,-0.21,8.577799048e-05,-0.04975821372,-0.2099770309,5.313617366e-05
0.276,7.5512345e-05,-0.0497980546,-0.21,8.831607885e-05,-0.04975110589,-0.2099771174,5.377481358e-05
0.277,7.795959881e-05,-0.04979150982,-0.21,9.091951602e-05,-0.04974381986,-0.2099772048,5.442343682e-05
0.278,8.047174662e-05,-0.04978479149,-0.21,9.358953991e-05,-0.04973635236,-0.2099772933,5.508195158e-05
0.279,8.305005709e-05,-0.04977789622,-0.21,9.632740011e-05,-0.04972870008,-0.2099773827,5.575025891e-05
0.28,8.569581133e-05,-0.04977082059,-0.21,9.913435765e-05,-0.0497208597,-0.2099774731,5.642825278e-05
0.281,8.841030277e-05,-0.04976356113,-0.21,0.0001020116848,-0.04971282788,-0.2099775644,5.711582011e-05
0.282,9.119483693e-05,-0.04975611435,-0.21,0.000104960665,-0.04970460124,-0.2099776566,5.781284091e-05
0.283,9.405073128e-05,-0.04974847672,-0.21,0.0001079825925,-0.04969617637,-0.2099777498,5.851918829e-05
0.284,9.697931495e-05,-0.04974064471,-0.21,0.0001110787721,-0.04968754983,-0.2099778439,5.92347286e-05
0.285,9.998192859e-05,-0.04973261471,-0.21,0.0001142505194,-0.04967871818,-0.2099779389,5.995932146e-05
0.286,0.0001030599241,-0.04972438311,-0.21,0.0001174991599,-0.04966967793,-0.2099780348,6.069281989e-05
0.287,0.0001062146645,-0.04971594628,-0.21,0.0001208260293,-0.04966042557,-0.2099781316,6.14350704e-05
0.288,0.0001094475234,-0.04970730052,-0.21,0.000124232473,-0.04965095759,-0.2099782292,6.218591303e-05
0.289,0.0001127598852,-0.04969844216,-0.21,0.0001277198459,-0.04964127041,-0.2099783277,6.29451815e-05
0.29,0.0001161531445,-0.04968936744,-0.21,0.0001312895124,-0.04963136047,-0.2099784271,6.371270328e-05
0.291,0.0001196287059,-0.04968007262,-0.21,0.0001349428456,-0.04962122418,-0.2099785272,6.44882997e-05
0.292,0.0001231879837,-0.04967055391,-0.21,0.0001386812277,-0.04961085791,-0.2099786282,6.527178601e-05
0.293,0.0001268324019,-0.04966080751,-0.21,0.0001425060491,-0.04960025803,-0.20997873,6.606297155e-05
0.294,0.0001305633934,-0.04965082959,-0.21,0.0001464187085,-0.04958942088,-0.2099788326,6.686165978e-05
0.295,0.0001343824003,-0.04964061628,-0.21,0.0001504206126,-0.04957834278,-0.2099789359,6.766764843e-05
0.296,0.0001382908731,-0.04963016371,-0.21,0.0001545131757,-0.04956702004,-0.2099790399,6.848072961e-05
0.297,0.0001422902705,-0.04961946798,-0.21,0.0001586978194,-0.04955544895,-0.2099791447,6.930068988e-05
0.298,0.0001463820594,-0.04960852516,-0.21,0.0001629759723,-0.04954362578,-0.2099792503,7.012731037e-05
0.299,0.0001505677141,-0.04959733131,-0.21,0.0001673490698,-0.04953154678,-0.2099793565,7.096036694e-05
0.3,0.0001548487163,-0.04958588247,-0.21,0.0001718185535,-0.04951920821,-0.2099794633,7.179963023e-05
0.301,0.0001592265548,-0.04957417466,-0.21,0.0001763858713,-0.04950660628,-0.2099795709,7.264486579e-05
0.302,0.0001637027247,-0.04956220388,-0.21,0.0001810524766,-0.04949373721,-0.2099796791,7.349583422e-05
0.303,0.0001682787275,-0.04954996611,-0.21,0.0001858198283,-0.04948059722,-0.2099797879,7.435229128e-05
0.304,0.0001729560706,-0.04953745732,-0.21,0.0001906893917,-0.04946718247,-0.2099798973,7.521399343e-05
0.305,0.0001777362668,-0.04952467346,-0.21,0.0001956626419,-0.04945348913,-0.2099800072,7.608071005e-05
0.306,0.0001826208343,-0.04951161049,-0.21,0.0002007410641,-0.04943951334,-0.2099801178,7.695222417e-05
0.307,0.0001876112957,-0.04949826432,-0.21,0.0002059261492,-0.0494252512,-0.2099802288,7.782832339e-05
0.308,0.0001927091781,-0.04948463087,-0.21,0.0002112193891,-0.04941069883,-0.2099803404,7.870878899e-05
0.309,0.0001979160126,-0.04947070604,-0.21,0.0002166222818,-0.04939585232,-0.2099804525,7.959339124e-05
0.31,0.0002032333337,-0.04945648574,-0.21,0.0002221363396,-0.04938070779,-0.2099805651,8.048188818e-05
0.311,0.0002086626793,-0.04944196584,-0.21,0.0002277630895,-0.04936526137,-0.2099806782,8.137402513e-05
0.312,0.0002142055896,-0.04942714223,-0.21,0.0002335040673,-0.04934950917,-0.2099807918,8.22695353e-05
0.313,0.0002198636074,-0.04941201079,-0.21,0.0002393608083,-0.04933344734,-0.2099809059,8.316814187e-05
0.314,0.0002256382774,-0.04939656738,-0.21,0.0002453348395,-0.04931707201,-0.2099810205,8.406956159e-05
0.315,0.0002315311454,-0.04938080787,-0.21,0.0002514276751,-0.04930037931,-0.2099811355,8.497350912e-05
0.316,0.0002375437585,-0.04936472812,-0.21,0.0002576408165,-0.04928336535,-0.2099812509,8.587970068e-05
0.317,0.0002436776642,-0.049348324,-0.21,0.0002639757566,-0.04926602626,-0.2099813666,8.678785564e-05
0.318,0.00024993441,-0.04933159136,-0.21,0.0002704339845,-0.04924835815,-0.2099814828,8.769769538e-05
0.319,0.0002563155431,-0.04931452606,-0.21,0.0002770169912,-0.04923035713,-0.2099815993,8.860893997e-05
0.32,0.0002628226099,-0.04929712398,-0.21,0.0002837262717,-0.04921201932,-0.2099817162,8.952130388e-05
0.321,0.0002694571554,-0.04927938097,-0.21,0.000290563326,-0.04919334087,-0.2099818333,9.043449255e-05
0.322,0.0002762207229,-0.04926129292,-0.21,0.0002975296562,-0.04917431792,-0.2099819508,9.134820102e-05
0.323,0.0002831148534,-0.04924285569,-0.21,0.0003046267636,-0.04915494666,-0.2099820686,9.226211529e-05
0.324,0.0002901410851,-0.04922406519,-0.21,0.0003118561451,-0.04913522326,-0.2099821866,9.31759158e-05
0.325,0.0002973009532,-0.04920491729,-0.21,0.00031921929,-0.04911514392,-0.2099823048,9.408928183e-05
0.326,0.0003045959888,-0.04918540792,-0.21,0.000326717677,-0.04909470485,-0.2099824232,9.500189527e-05
0.327,0.0003120277193,-0.04916553297,-0.21,0.0003343527707,-0.04907390224,-0.2099825418,9.591344243e-05
0.328,0.0003195976669,-0.04914528839,-0.21,0.0003421260225,-0.04905273231,-0.2099826605,9.682361363e-05
0.329,0.0003273073489,-0.0491246701,-0.21,0.0003500388738,-0.04903119127,-0.2099827794,9.773210101e-05
0.33,0.000335158277,-0.04910367408,-0.21,0.0003580927614,-0.04900927538,-0.2099828983,9.863859512e-05
0.331,0.0003431519564,-0.0490822963,-0.21,0.0003662891214,-0.04898698089,-0.2099830174,9.954278145e-05
0.332,0.0003512898859,-0.04906053274,-0.21,0.0003746293906,-0.04896430409,-0.2099831364,0.0001004443382
0.333,0.0003595735569,-0.04903837941,-0.21,0.0003831150049,-0.0489412413,-0.2099832555,0.0001013429357
0.334,0.0003680044531,-0.04901583236,-0.21,0.0003917473969,-0.04891778887,-0.2099833746,0.0001022382385
0.335,0.0003765840502,-0.04899288764,-0.21,0.0004005279907,-0.04889394317,-0.2099834937,0.0001031299081
0.336,0.0003853138148,-0.04896954131,-0.21,0.0004094581986,-0.0488697006,-0.2099836127,0.0001040176068
0.337,0.0003941952046,-0.04894578949,-0.21,0.0004185394184,-0.04884505758,-0.2099837316,0.0001049010008
0.338,0.0004032296674,-0.0489216283,-0.21,0.0004277730329,-0.04882001053,-0.2099838504,0.0001057797613
0.339,0.0004124186406,-0.04889705389,-0.21,0.0004371604108,-0.04879455591,-0.209983969,0.0001066535637
0.34,0.0004217635512,-0.04887206246,-0.21,0.0004467029083,-0.04876869022,-0.2099840875,0.0001075220854
0.341,0.0004312658145,-0.04884665021,-0.21,0.0004564018717,-0.04874240995,-0.2099842058,0.0001083850029
0.342,0.0004409268342,-0.0488208134,-0.21,0.000466258638,-0.04871571167,-0.2099843239,0.0001092419888
0.343,0.0004507480016,-0.0487945483,-0.21,0.0004762745352,-0.04868859197,-0.2099844418,0.0001100927109
0.344,0.0004607306953,-0.04876785122,-0.21,0.0004864508813,-0.04866104747,-0.2099845594,0.0001109368352
0.345,0.0004708762805,-0.04874071851,-0.21,0.0004967889811,-0.04863307483,-0.2099846767,0.0001117740314
0.346,0.0004811861085,-0.04871314656,-0.21,0.0005072901233,-0.04860467074,-0.2099847937,0.0001126039778
0.347,0.0004916615162,-0.0486851318,-0.21,0.0005179555781,-0.04857583191,-0.2099849104,0.0001134263599
0.348,0.0005023038259,-0.04865667069,-0.21,0.0005287865966,-0.04854655511,-0.2099850268,0.0001142408676
0.349,0.0005131143443,-0.04862775973,-0.21,0.0005397844121,-0.04851683711,-0.2099851428,0.0001150471888
0.35,0.0005240943622,-0.04859839547,-0.21,0.0005509502424,-0.04848667477,-0.2099852585,0.0001158450061
0.351,0.0005352451544,-0.0485685745,-0.21,0.000562285292,-0.04845606498,-0.2099853737,0.0001166339951
0.352,0.0005465679784,-0.04853829346,-0.21,0.0005737907535,-0.04842500469,-0.2099854886,0.0001174138253
0.353,0.0005580640747,-0.04850754903,-0.21,0.0005854678069,-0.0483934909,-0.209985603,0.0001181841639
0.354,0.0005697346658,-0.04847633795,-0.21,0.0005973176173,-0.04836152066,-0.2099857169,0.0001189446797
0.355,0.000581580956,-0.04844465699,-0.21,0.0006093413321,-0.04832909106,-0.2099858303,0.0001196950467
0.356,0.0005936041307,-0.04841250298,-0.21,0.0006215400776,-0.04829619922,-0.2099859431,0.0001204349459
0.357,0.0006058053562,-0.0483798728,-0.21,0.0006339149572,-0.04826284233,-0.2099860554,0.0001211640657
0.358,0.0006181857788,-0.04834676338,-0.21,0.0006464670508,-0.04822901761,-0.2099861671,0.0001218821
0.359,0.000630746525,-0.04831317173,-0.21,0.0006591974157,-0.04819472233,-0.2099862782,0.0001225887462
0.36,0.0006434887003,-0.04827909487,-0.21,0.0006721070885,-0.04815995381,-0.2099863887,0.0001232837024
0.361,0.0006564133892,-0.0482445299,-0.21,0.0006851970867,-0.04812470945,-0.2099864984,0.0001239666659
0.362,0.0006695216547,-0.04820947399,-0.21,0.0006984684103,-0.04808898668,-0.2099866075,0.0001246373327
0.363,0.0006828145379,-0.04817392435,-0.21,0.0007119220409,-0.04805278302,-0.2099867159,0.000125295399
0.364,0.0006962930573,-0.04813787826,-0.21,0.0007255589407,-0.04801609602,-0.2099868235,0.0001259405628
0.365,0.0007099582085,-0.04810133305,-0.21,0.0007393800502,-0.04797892331,-0.2099869304,0.0001265725261
0.366,0.000723810964,-0.04806428613,-0.21,0.0007533862861,-0.04794126257,-0.2099870364,0.0001271909972
0.367,0.0007378522726,-0.04802673495,-0.21,0.0007675785395,-0.04790311153,-0.2099871416,0.0001277956914
0.368,0.0007520830589,-0.04798867704,-0.21,0.0007819576749,-0.04786446798,-0.2099872459,0.0001283863311
0.369,0.000766504223,-0.04795011,-0.21,0.0007965245313,-0.04782532976,-0.2099873494,0.000128962645
0.37,0.0007811166402,-0.04791103148,-0.21,0.0008112799222,-0.0477856948,-0.2099874519,0.0001295243661
0.371,0.0007959211605,-0.04787143922,-0.21,0.0008262246376,-0.04774556106,-0.2099875535,0.0001300712311
0.372,0.0008109186082,-0.047831331,-0.21,0.0008413594444,-0.04770492659,-0.2099876542,0.0001306029787
0.373,0.0008261097817,-0.04779070469,-0.21,0.0008566850863,-0.0476637895,-0.2099877539,0.0001311193503
0.374,0.000841495453,-0.04774955824,-0.21,0.0008722022836,-0.04762214797,-0.2099878525,0.0001316200906
0.375,0.0008570763672,-0.04770788963,-0.21,0.0008879117314,-0.04758000024,-0.2099879501,0.0001321049487
0.376,0.0008728532426,-0.04766569696,-0.21,0.0009038140989,-0.04753734462,-0.2099880466,0.0001325736802
0.377,0.0008888267701,-0.04762297838,-0.21,0.000919910027,-0.04749417951,-0.2099881421,0.000133026048
0.378,0.0009049976127,-0.04757973211,-0.21,0.0009362001287,-0.04745050333,-0.2099882364,0.0001334618229
0.379,0.0009213664055,-0.04753595645,-0.21,0.0009526849882,-0.0474063146,-0.2099883296,0.0001338807838
0.38,0.0009379337553,-0.04749164979,-0.21,0.0009693651617,-0.04736161189,-0.2099884216,0.0001342827164
0.381,0.0009547002404,-0.04744681057,-0.21,0.0009862411776,-0.04731639387,-0.2099885124,0.0001346674129
0.382,0.00097166641,-0.04740143733,-0.21,0.001003313537,-0.04727065925,-0.209988602,0.0001350346704
0.383,0.0009888327844,-0.04735552867,-0.21,0.001020582716,-0.04722440682,-0.2099886904,0.0001353842905
0.384,0.001006199854,-0.04730908329,-0.21,0.001038049161,-0.04717763546,-0.2099887775,0.0001357160787
0.385,0.001023768081,-0.04726209995,-0.21,0.001055713291,-0.04713034412,-0.2099888633,0.0001360298457
0.386,0.001041537895,-0.04721457749,-0.21,0.001073575499,-0.04708253182,-0.2099889479,0.0001363254094
0.387,0.001059509698,-0.04716651484,-0.21,0.001091636148,-0.04703419764,-0.2099890311,0.0001366025969
0.388,0.001077683861,-0.04711791102,-0.21,0.001109895569,-0.04698534075,-0.2099891129,0.0001368612457
0.389,0.001096060725,-0.04706876511,-0.21,0.001128354069,-0.04693596038,-0.2099891934,0.0001371012035
0.39,0.001114640598,-0.04701907628,-0.21,0.001147011919,-0.04688605583,-0.2099892725,0.0001373223278
0.391,0.001133423759,-0.04696884379,-0.21,0.001165869363,-0.0468356265,-0.2099893502,0.0001375244842
0.392,0.001152410457,-0.04691806698,-0.21,0.001184926615,-0.04678467183,-0.2099894264,0.0001377075453
0.393,0.001171600907,-0.04686674527,-0.21,0.001204183859,-0.04673319135,-0.2099895013,0.0001378713895
0.394,0.001190995295,-0.04681487815,-0.21,0.001223641249,-0.04668118469,-0.2099895746,0.0001380159006
0.395,0.001210593774,-0.04676246523,-0.21,0.001243298911,-0.04662865153,-0.2099896465,0.0001381409687
0.396,0.001230396467,-0.04670950617,-0.21,0.001263156941,-0.04657559165,-0.2099897168,0.000138246491
0.397,0.001250403464,-0.04665600073,-0.21,0.001283215404,-0.04652200488,-0.2099897856,0.0001383323735
0.398,0.001270614823,-0.04660194876,-0.21,0.001303474337,-0.04646789115,-0.2099898529,0.000138398532
0.399,0.001291030572,-0.04654735019,-0.21,0.001323933746,-0.04641325046,-0.2099899187,0.0001384448928
0.4,0.001311650706,-0.04649220502,-0.21,0.001344593606,-0.04635808288,-0.2099899828,0.0001384713918
0.401,0.001332475187,-0.04643651335,-0.21,0.001365453863,-0.04630238855,-0.2099900454,0.0001384779746
0.402,0.001353503946,-0.04638027538,-0.21,0.00138651443,-0.0462461677,-0.2099901064,0.0001384645943
0.403,0.001374736883,-0.04632349137,-0.21,0.001407775191,-0.04618942065,-0.2099901658,0.0001384312118
0.404,0.001396173864,-0.04626616167,-0.21,0.001429235998,-0.04613214776,-0.2099902235,0.0001383777945
0.405,0.001417814725,-0.04620828674,-0.21,0.001450896675,-0.0460743495,-0.2099902796,0.0001383043174
0.406,0.001439659268,-0.04614986708,-0.21,0.001472757015,-0.04601602641,-0.2099903341,0.0001382107631
0.407,0.001461707264,-0.04609090333,-0.21,0.001494816781,-0.04595717912,-0.2099903869,0.0001380971229
0.408,0.001483958453,-0.04603139617,-0.21,0.001517075706,-0.04589780831,-0.2099904381,0.0001379633975
0.409,0.001506412541,-0.04597134639,-0.21,0.001539533493,-0.04583791476,-0.2099904875,0.0001378095972
0.41,0.001529069203,-0.04591075485,-0.21,0.001562189814,-0.0457774993,-0.2099905353,0.0001376357431
0.411,0.001551928085,-0.04584962252,-0.21,0.001585044311,-0.04571656287,-0.2099905813,0.0001374418675
0.412,0.001574988797,-0.04578795042,-0.21,0.001608096596,-0.04565510644,-0.2099906257,0.000137228013
0.413,0.00159825092,-0.04572573968,-0.21,0.001631346252,-0.04559313109,-0.2099906683,0.0001369942315
0.414,0.001621714004,-0.04566299151,-0.21,0.001654792829,-0.04553063797,-0.2099907093,0.0001367405825
0.415,0.001645377565,-0.04559970719,-0.21,0.001678435852,-0.04546762829,-0.2099907485,0.0001364671326
0.416,0.001669241092,-0.0455358881,-0.21,0.001702274813,-0.04540410335,-0.2099907859,0.0001361739554
0.417,0.001693304039,-0.04547153569,-0.21,0.001726309177,-0.04534006453,-0.2099908216,0.0001358611319
0.418,0.001717565832,-0.04540665149,-0.21,0.001750538381,-0.04527551327,-0.2099908556,0.0001355287521
0.419,0.001742025865,-0.04534123714,-0.21,0.001774961835,-0.0452104511,-0.2099908878,0.0001351769155
0.42,0.001766683503,-0.04527529433,-0.21,0.001799578921,-0.04514487961,-0.2099909183,0.0001348057314
0.421,0.001791538079,-0.04520882483,-0.21,0.00182438899,-0.04507880045,-0.209990947,0.000134415319
0.422,0.001816588898,-0.04514183052,-0.21,0.001849391367,-0.04501221538,-0.209990974,0.0001340058066
0.423,0.001841835233,-0.04507431333,-0.21,0.001874585345,-0.04494512618,-0.2099909992,0.0001335773309
0.424,0.00186727633,-0.04500627529,-0.21,0.001899970192,-0.04487753475,-0.2099910227,0.0001331300364
0.425,0.001892911404,-0.04493771848,-0.21,0.001925545145,-0.04480944302,-0.2099910444,0.0001326640751
0.426,0.001918739642,-0.04486864509,-0.21,0.001951309416,-0.04474085302,-0.2099910644,0.0001321796063
0.427,0.001944760203,-0.04479905736,-0.21,0.00197726219,-0.04467176683,-0.2099910826,0.0001316767967
0.428,0.001970972215,-0.04472895763,-0.21,0.002003402628,-0.04460218661,-0.2099910991,0.0001311558209
0.429,0.001997374782,-0.04465834829,-0.21,0.002029729862,-0.04453211458,-0.2099911138,0.0001306168616
0.43,0.002023966977,-0.04458723182,-0.21,0.002056243002,-0.04446155303,-0.2099911268,0.0001300601098
0.431,0.002050747846,-0.04451561077,-0.21,0.002082941128,-0.04439050433,-0.2099911381,0.0001294857643
0.432,0.002077716411,-0.04444348776,-0.21,0.002109823298,-0.04431897087,-0.2099911476,0.0001288940323
0.433,0.002104871664,-0.04437086548,-0.21,0.002136888542,-0.04424695516,-0.2099911554,0.0001282851284
0.434,0.002132212572,-0.0442977467,-0.21,0.002164135864,-0.04417445974,-0.2099911615,0.0001276592746
0.435,0.002159738076,-0.04422413425,-0.21,0.002191564246,-0.04410148721,-0.2099911659,0.0001270166999
0.436,0.002187447092,-0.04415003102,-0.21,0.002219172646,-0.04402804025,-0.2099911686,0.0001263576399
0.437,0.002215338511,-0.04407543999,-0.21,0.002246959996,-0.04395412159,-0.2099911696,0.0001256823371
0.438,0.002243411197,-0.04400036419,-0.21,0.00227492521,-0.04387973402,-0.2099911689,0.0001249910402
0.439,0.002271663994,-0.04392480671,-0.21,0.002303067175,-0.04380488039,-0.2099911665,0.0001242840047
0.44,0.002300095718,-0.04384877072,-0.21,0.00233138476,-0.0437295636,-0.2099911625,0.0001235614924
0.441,0.002328705165,-0.04377225945,-0.21,0.002359876807,-0.04365378664,-0.2099911569,0.000122823772
0.442,0.002357491105,-0.04369527616,-0.21,0.00238854214,-0.0435775525,-0.2099911496,0.0001220711186
0.443,0.002386452288,-0.04361782422,-0.21,0.002417379561,-0.04350086427,-0.2099911407,0.0001213038136
0.444,0.00241558744,-0.04353990703,-0.21,0.002446387849,-0.04342372507,-0.2099911301,0.0001205221448
0.445,0.002444895269,-0.04346152804,-0.21,0.002475565764,-0.04334613808,-0.209991118,0.0001197264056
0.446,0.002474374457,-0.04338269078,-0.21,0.002504912048,-0.04326810653,-0.2099911043,0.0001189168951
0.447,0.00250402367,-0.04330339882,-0.21,0.002534425421,-0.0431896337,-0.209991089,0.0001180939176
0.448,0.002533841551,-0.04322365578,-0.21,0.002564104587,-0.04311072292,-0.2099910722,0.0001172577826
0.449,0.002563826724,-0.04314346534,-0.21,0.002593948229,-0.04303137756,-0.2099910539,0.0001164088047
0.45,0.002593977797,-0.04306283124,-0.21,0.002623955016,-0.04295160104,-0.209991034,0.0001155473034
0.451,0.002624293355,-0.04298175724,-0.21,0.002654123597,-0.04287139684,-0.2099910126,0.0001146736031
0.452,0.002654771968,-0.04290024719,-0.21,0.002684452604,-0.04279076845,-0.2099909898,0.0001137880335
0.453,0.002685412188,-0.04281830494,-0.21,0.002714940653,-0.04270971944,-0.2099909655,0.0001128909288
0.454,0.00271621255,-0.04273593441,-0.21,0.002745586344,-0.0426282534,-0.2099909397,0.0001119826281
0.455,0.002747171573,-0.04265313958,-0.21,0.002776388262,-0.04254637395,-0.2099909125,0.0001110634746
0.456,0.00277828776,-0.04256992443,-0.21,0.002807344977,-0.04246408477,-0.209990884,0.0001101338161
0.457,0.002809559599,-0.04248629302,-0.21,0.002838455045,-0.04238138957,-0.209990854,0.0001091940039
0.458,0.002840985564,-0.04240224942,-0.21,0.002869717008,-0.04229829208,-0.2099908227,0.0001082443931
0.459,0.002872564114,-0.04231779776,-0.21,0.002901129395,-0.04221479609,-0.20999079,0.0001072853425
0.46,0.002904293695,-0.04223294219,-0.21,0.002932690723,-0.0421309054,-0.209990756,0.0001063172142
0.461,0.002936172742,-0.0421476869,-0.21,0.002964399497,-0.04204662386,-0.2099907207,0.0001053403738
0.462,0.002968199674,-0.04206203612,-0.21,0.002996254209,-0.04196195533,-0.2099906842,0.0001043551901
0.463,0.003000372902,-0.04197599409,-0.21,0.003028253342,-0.04187690373,-0.2099906464,0.0001033620353
0.464,0.003032690823,-0.0418895651,-0.21,0.003060395369,-0.04179147296,-0.2099906073,0.0001023612848
0.465,0.003065151827,-0.04180275347,-0.21,0.003092678758,-0.04170566699,-0.2099905671,0.000101353317
0.466,0.003097754292,-0.04171556351,-0.21,0.003125101976,-0.04161948979,-0.2099905257,0.0001003385132
0.467,0.003130496587,-0.04162799961,-0.21,0.003157663484,-0.04153294537,-0.2099904832,9.931725667e-05
0.468,0.003163377072,-0.04154006614,-0.21,0.003190361733,-0.04144603775,-0.2099904396,9.828993177e-05
0.469,0.0031963941,-0.0414517675,-0.21,0.003223195161,-0.04135877098,-0.2099903948,9.725692404e-05
0.47,0.003229546017,-0.04136310813,-0.21,0.00325616219,-0.04127114911,-0.2099903491,9.621862098e-05
0.471,0.003262831161,-0.04127409246,-0.21,0.003289261229,-0.04118317621,-0.2099903022,9.51754131e-05
0.472,0.003296247866,-0.04118472496,-0.21,0.003322490676,-0.04109485638,-0.2099902544,9.41276946e-05
0.473,0.003329794457,-0.0410950101,-0.21,0.003355848926,-0.04100619371,-0.2099902056,9.307586336e-05
0.474,0.003363469258,-0.04100495236,-0.21,0.003389334369,-0.0409171923,-0.2099901559,9.202031989e-05
0.475,0.003397270586,-0.04091455624,-0.21,0.003422945396,-0.04082785627,-0.2099901052,9.096146575e-05
0.476,0.003431196757,-0.04082382625,-0.21,0.003456680398,-0.04073818976,-0.2099900536,8.989970208e-05
0.477,0.003465246081,-0.04073276691,-0.21,0.003490537763,-0.0406481969,-0.2099900011,8.883542863e-05
0.478,0.003499416867,-0.04064138274,-0.21,0.00352451588,-0.04055788185,-0.2099899479,8.776904382e-05
0.479,0.003533707425,-0.04054967826,-0.21,0.003558613129,-0.04046724876,-0.2099898938,8.670094266e-05
0.48,0.003568116059,-0.04045765801,-0.21,0.003592827886,-0.0403763018,-0.2099898389,8.563150485e-05
0.481,0.003602641075,-0.0403653265,-0.21,0.003627158516,-0.04028504517,-0.2099897833,8.45610925e-05
0.482,0.003637280781,-0.04027268828,-0.21,0.003661603383,-0.04019348307,-0.2099897269,8.349006147e-05
0.483,0.003672033483,-0.04017974788,-0.21,0.003696160855,-0.04010161969,-0.2099896699,8.24187757e-05
0.484,0.003706897488,-0.0400865098,-0.21,0.003730829308,-0.04000945919,-0.2099896122,8.134761811e-05
0.485,0.003741871108,-0.03999297859,-0.21,0.003765607129,-0.03991700573,-0.2099895539,8.02769928e-05
0.486,0.003776952655,-0.03989915873,-0.21,0.003800492713,-0.03982426342,-0.2099894949,7.920731763e-05
0.487,0.003812140446,-0.03980505475,-0.21,0.00383548446,-0.03973123639,-0.2099894353,7.813901375e-05
0.488,0.0038474328,-0.03971067113,-0.21,0.003870580773,-0.03963792874,-0.2099893752,7.707249754e-05
0.489,0.003882828042,-0.03961601235,-0.21,0.003905780056,-0.03954434459,-0.2099893145,7.600817704e-05
0.49,0.003918324501,-0.03952108289,-0.21,0.003941080715,-0.03945048802,-0.2099892534,7.494645325e-05
0.491,0.003953920512,-0.03942588719,-0.21,0.003976481157,-0.03935636314,-0.2099891917,7.388772436e-05
0.492,0.003989614416,-0.03933042968,-0.21,0.004011979798,-0.03926197401,-0.2099891295,7.283239078e-05
0.493,0.004025404562,-0.0392347148,-0.21,0.004047575058,-0.03916732468,-0.2099890669,7.178085857e-05
0.494,0.004061289305,-0.03913874693,-0.21,0.00408326537,-0.03907241917,-0.2099890039,7.073354009e-05
0.495,0.004097267009,-0.03904253046,-0.21,0.004119049171,-0.03897726148,-0.2099889405,6.969085208e-05
0.496,0.004133336044,-0.03894606973,-0.21,0.00415492491,-0.03888185557,-0.2099888768,6.865321179e-05
0.497,0.004169494793,-0.03884936908,-0.21,0.004190891041,-0.03878620541,-0.2099888127,6.762103285e-05
0.498,0.004205741645,-0.03875243281,-0.21,0.004226946028,-0.03869031492,-0.2099887484,6.659472198e-05
0.499,0.004242075001,-0.0386552652,-0.21,0.004263088332,-0.03859418802,-0.2099886838,6.557467156e-05
0.5,0.004278493273,-0.0385578705,-0.21,0.004299316408,-0.03849782862,-0.209988619,6.456125877e-05
0.501,0.004314994884,-0.03846025292,-0.21,0.004335628715,-0.03840124061,-0.209988554,6.355485284e-05
0.502,0.004351578257,-0.03836241668,-0.21,0.004372023672,-0.03830442798,-0.2099884887,6.25556826e-05
0.503,0.004388241812,-0.038264366,-0.21,0.004408499472,-0.03820739555,-0.2099884234,6.156316488e-05
0.504,0.004424983966,-0.03816610513,-0.21,0.004445054027,-0.03811014924,-0.2099883577,6.05756689e-05
0.505,0.004461803126,-0.03806763832,-0.21,0.00448168511,-0.03801269571,-0.2099882915,5.959086368e-05
0.506,0.004498697696,-0.03796896983,-0.21,0.00451839059,-0.03791504185,-0.2099882243,5.860635741e-05
0.507,0.004535666076,-0.03787010396,-0.21,0.004555168602,-0.03781719401,-0.2099881555,5.762032744e-05
0.508,0.004572706659,-0.03777104498,-0.21,0.004592017576,-0.03771915763,-0.2099880851,5.663191393e-05
0.509,0.004609817834,-0.03767179722,-0.21,0.004628936126,-0.03762093707,-0.2099880131,5.564126978e-05
0.51,0.004646997985,-0.037572365,-0.21,0.004665922859,-0.03752253586,-0.2099879397,5.464929109e-05
0.511,0.004684245492,-0.03747275264,-0.21,0.004702976216,-0.03742395715,-0.2099878653,5.365715975e-05
0.512,0.004721558729,-0.0373729645,-0.21,0.004740094411,-0.03732520424,-0.2099877901,5.266587875e-05
0.513,0.004758936066,-0.03727300494,-0.21,0.004777275492,-0.03722628096,-0.2099877142,5.16759608e-05
0.514,0.00479637587,-0.03717287831,-0.21,0.004814517485,-0.03712719181,-0.2099876374,5.068735511e-05
0.515,0.004833876503,-0.03707258901,-0.21,0.004851818546,-0.03702794183,-0.2099875596,4.96996005e-05
0.516,0.004871436321,-0.03697214143,-0.21,0.004889177049,-0.03692853637,-0.2099874806,4.87121155e-05
0.517,0.004909053679,-0.03687153997,-0.21,0.004926591572,-0.03682898066,-0.2099874002,4.772450114e-05
0.518,0.004946726927,-0.03677078904,-0.21,0.004964060802,-0.03672927958,-0.2099873183,4.673674744e-05
0.519,0.00498445441,-0.03666989306,-0.21,0.005001583392,-0.03662943751,-0.2099872351,4.574928332e-05
0.52,0.005022234471,-0.03656885648,-0.21,0.005039157831,-0.03652945841,-0.2099871506,4.47628901e-05
0.521,0.005060065449,-0.03646768372,-0.21,0.005076782408,-0.03642934597,-0.2099870649,4.377850177e-05
0.522,0.005097945678,-0.03636637925,-0.21,0.00511445524,-0.03632910395,-0.2099869781,4.279700466e-05
0.523,0.005135873492,-0.03626494753,-0.21,0.005152174374,-0.03622873628,-0.2099868903,4.18190964e-05
0.524,0.005173847218,-0.03616339302,-0.21,0.005189937911,-0.03612824729,-0.2099868015,4.084524244e-05
0.525,0.005211865183,-0.0360617202,-0.21,0.005227744089,-0.03602764161,-0.2099867115,3.987573087e-05
0.526,0.00524992571,-0.03595993355,-0.21,0.005265591317,-0.0359269241,-0.2099866204,3.891079382e-05
0.527,0.005288027118,-0.03585803758,-0.21,0.00530347813,-0.03582609965,-0.209986528,3.795074604e-05
0.528,0.005326167724,-0.03575603677,-0.21,0.005341403106,-0.03572517306,-0.2099864344,3.699609343e-05
0.529,0.005364345844,-0.03565393564,-0.21,0.005379364769,-0.03562414886,-0.2099863396,3.604758143e-05
0.53,0.005402559789,-0.0355517387,-0.21,0.005417361523,-0.03552303138,-0.2099862435,3.510617808e-05
0.531,0.005440807869,-0.03544945048,-0.21,0.005455391632,-0.03542182473,-0.2099861462,3.41730097e-05
0.532,0.005479088391,-0.03534707549,-0.21,0.005493453259,-0.03532053301,-0.2099860479,3.324928026e-05
0.533,0.005517399661,-0.03524461828,-0.21,0.005531544534,-0.03521916037,-0.2099859484,3.233620717e-05
0.534,0.005555739981,-0.03514208337,-0.21,0.005569663622,-0.03511771111,-0.2099858478,3.143499583e-05
0.535,0.005594107653,-0.03503947531,-0.21,0.005607808784,-0.03501618973,-0.2099857462,3.054685982e-05
0.536,0.005632500977,-0.03493679866,-0.21,0.005645978376,-0.03491460091,-0.2099856434,2.967307681e-05
0.537,0.005670918249,-0.03483405796,-0.21,0.005684170836,-0.03481294938,-0.2099855396,2.881506036e-05
0.538,0.005709357766,-0.03473125777,-0.21,0.00572238462,-0.03471123985,-0.2099854345,2.797442508e-05
0.539,0.005747817822,-0.03462840264,-0.21,0.005760618157,-0.03460947694,-0.2099853284,2.71530276e-05
0.54,0.005786296711,-0.03452549716,-0.21,0.005798869808,-0.03450766514,-0.2099852211,2.635297678e-05
0.541,0.005824792725,-0.03442254587,-0.21,0.005837137853,-0.03440580881,-0.2099851127,2.557661761e-05
0.542,0.005863304154,-0.03431955337,-0.21,0.005875420516,-0.03430391225,-0.2099850032,2.482650137e-05
0.543,0.005901829288,-0.0342165242,-0.21,0.005913715994,-0.03420197974,-0.2099848926,2.41053572e-05
0.544,0.005940366416,-0.03411346297,-0.21,0.005952022507,-0.03410001567,-0.209984781,2.341607566e-05
0.545,0.005978913826,-0.03401037423,-0.21,0.005990338317,-0.03399802448,-0.2099846683,2.276170754e-05
0.546,0.006017469806,-0.03390726258,-0.21,0.006028661744,-0.03389601076,-0.2099845546,2.214547098e-05
0.547,0.006056032642,-0.03380413259,-0.21,0.006066991152,-0.03379397913,-0.2099844399,2.157075374e-05
0.548,0.006094600621,-0.03370098885,-0.21,0.006105324924,-0.03369193426,-0.2099843242,2.104109556e-05
0.549,0.006133172028,-0.03359783594,-0.21,0.006143661431,-0.03358988076,-0.2099842074,2.056013902e-05
0.55,0.006171745149,-0.03349467844,-0.21,0.006181999015,-0.03348782317,-0.2099840895,2.01315456e-05
0.551,0.006210318271,-0.03339152095,-0.21,0.006220335974,-0.03338576597,-0.2099839707,1.975888184e-05
0.552,0.006248889678,-0.03328836803,-0.21,0.006258670575,-0.03328371355,-0.2099838508,1.944548835e-05
0.553,0.006287457656,-0.03318522429,-0.21,0.006297001068,-0.03318167031,-0.2099837299,1.919434677e-05
0.554,0.006326020492,-0.0330820943,-0.21,0.006335325706,-0.03307964065,-0.2099836081,1.900795846e-05
0.555,0.006364576472,-0.03297898265,-0.21,0.006373642764,-0.03297762902,-0.2099834853,1.888824388e-05
0.556,0.006403123882,-0.03287589392,-0.21,0.006411950548,-0.03287563995,-0.2099833616,1.883646642e-05
0.557,0.00644166101,-0.03277283268,-0.21,0.006450247388,-0.03277367799,-0.2099832369,1.885318125e-05
0.558,0.006480186145,-0.03266980352,-0.21,0.006488531632,-0.03267174774,-0.2099831113,1.893820934e-05
0.559,0.006518697574,-0.03256681101,-0.21,0.006526801626,-0.03256985377,-0.2099829848,1.909063857e-05
0.56,0.006557193587,-0.03246385972,-0.21,0.006565055706,-0.03246800062,-0.2099828573,1.930885535e-05
0.561,0.006595672476,-0.03236095424,-0.21,0.006603292188,-0.03236619279,-0.2099827289,1.959060956e-05
0.562,0.006634132533,-0.03225809912,-0.21,0.006641509372,-0.0322644347,-0.2099825997,1.993311175e-05
0.563,0.00667257205,-0.03215529892,-0.21,0.006679705543,-0.03216273079,-0.2099824695,2.033315571e-05
0.564,0.006710989322,-0.03205255822,-0.21,0.00671787899,-0.03206108546,-0.2099823385,2.078725415e-05
0.565,0.006749382645,-0.03194988157,-0.21,0.006756028006,-0.03195950317,-0.2099822066,2.129177204e-05
0.566,0.006787750317,-0.03184727351,-0.21,0.006794150906,-0.03185798836,-0.209982074,2.184304343e-05
0.567,0.006826090637,-0.03174473861,-0.21,0.006832246015,-0.03175654554,-0.2099819405,2.243746221e-05
0.568,0.006864401907,-0.03164228139,-0.21,0.006870311676,-0.03165517923,-0.2099818061,2.307154373e-05
0.569,0.006902682429,-0.0315399064,-0.21,0.006908346233,-0.03155389393,-0.209981671,2.374196077e-05
0.57,0.006940930509,-0.03143761818,-0.21,0.006946348031,-0.03145269413,-0.2099815351,2.444556116e-05
0.571,0.006979144454,-0.03133542124,-0.21,0.006984315407,-0.03135158428,-0.2099813984,2.517937593e-05
0.572,0.007017322574,-0.03123332011,-0.21,0.007022246688,-0.03125056883,-0.209981261,2.594062443e-05
0.573,0.00705546318,-0.03113131931,-0.21,0.007060140197,-0.03114965216,-0.2099811228,2.672672016e-05
0.574,0.007093564588,-0.03102942333,-0.21,0.007097994256,-0.03104883867,-0.2099809838,2.75352767e-05
0.575,0.007131625115,-0.03092763669,-0.21,0.007135807189,-0.03094813274,-0.2099808442,2.836411135e-05
0.576,0.00716964308,-0.03082596387,-0.21,0.007173577333,-0.03084753879,-0.2099807039,2.921124319e-05
0.577,0.007207616807,-0.03072440935,-0.21,0.007211303032,-0.03074706122,-0.2099805628,3.007488355e-05
0.578,0.00724554462,-0.03062297763,-0.21,0.007248982644,-0.03064670446,-0.2099804211,3.095341893e-05
0.579,0.00728342485,-0.03052167316,-0.21,0.00728661453,-0.03054647294,-0.2099802788,3.184538902e-05
0.58,0.007321255827,-0.03042050041,-0.21,0.007324197057,-0.03044637106,-0.2099801358,3.274946364e-05
0.581,0.007359035888,-0.03031946382,-0.21,0.007361728589,-0.03034640321,-0.2099799922,3.36644223e-05
0.582,0.007396763371,-0.03021856785,-0.21,0.00739920749,-0.03024657375,-0.209979848,3.45891394e-05
0.583,0.007434436619,-0.03011781692,-0.21,0.007436632119,-0.03014688701,-0.2099797031,3.552257563e-05
0.584,0.007472053977,-0.03001721545,-0.21,0.007474000838,-0.03004734733,-0.2099795577,3.646377438e-05
0.585,0.007509613795,-0.02991676787,-0.21,0.007511312012,-0.02994795902,-0.2099794118,3.74118606e-05
0.586,0.007547114428,-0.02981647857,-0.21,0.007548564012,-0.02984872639,-0.2099792652,3.836603912e-05
0.587,0.007584554232,-0.02971635195,-0.21,0.007585755219,-0.02974965376,-0.2099791182,3.932559045e-05
0.588,0.007621931569,-0.02961639238,-0.21,0.007622884019,-0.02965074544,-0.2099789707,4.028986307e-05
0.589,0.007659244806,-0.02951660424,-0.21,0.007659948808,-0.02955200576,-0.2099788226,4.125826308e-05
0.59,0.007696492313,-0.02941699188,-0.21,0.007696947987,-0.029453439,-0.2099786741,4.223024299e-05
0.591,0.007733672464,-0.02931755966,-0.21,0.00773387996,-0.02935504944,-0.2099785251,4.320529177e-05
0.592,0.007770783639,-0.0292183119,-0.21,0.007770743131,-0.02925684135,-0.2099783757,4.418292793e-05
0.593,0.007807824222,-0.02911925293,-0.21,0.007807535906,-0.02915881896,-0.2099782258,4.516269623e-05
0.594,0.007844792602,-0.02902038705,-0.21,0.007844256696,-0.0290609865,-0.2099780756,4.614416741e-05
0.595,0.007881687172,-0.02892171856,-0.21,0.007880903912,-0.02896334817,-0.2099779249,4.712693976e-05
0.596,0.007918506332,-0.02882325175,-0.21,0.007917475974,-0.02886590817,-0.2099777738,4.811064072e-05
0.597,0.007955248486,-0.02872499088,-0.21,0.007953971308,-0.02876867069,-0.2099776225,4.909492688e-05
0.598,0.007991912042,-0.0286269402,-0.21,0.007990388349,-0.02867163992,-0.2099774707,5.007948196e-05
0.599,0.008028495415,-0.02852910396,-0.21,0.008026725537,-0.02857482002,-0.2099773187,5.106401281e-05
0.6,0.008064997025,-0.02843148639,-0.21,0.008062981321,-0.02847821517,-0.2099771663,5.204824426e-05
0.601,0.008101415298,-0.02833409168,-0.21,0.008099154154,-0.0283818295,-0.2099770137,5.303191556e-05
0.602,0.008137748665,-0.02823692404,-0.21,0.00813524249,-0.02828566715,-0.2099768608,5.401478292e-05
0.603,0.008173995564,-0.02813998765,-0.21,0.008171244785,-0.02818973225,-0.2099767076,5.499662216e-05
0.604,0.008210154437,-0.02804328666,-0.21,0.008207159494,-0.02809402892,-0.2099765542,5.597722606e-05
0.605,0.008246223734,-0.02794682523,-0.21,0.008242985082,-0.02799856124,-0.2099764007,5.695639856e-05
0.606,0.008282201911,-0.02785060749,-0.21,0.008278720022,-0.0279033333,-0.2099762469,5.793394832e-05
0.607,0.008318087428,-0.02775463756,-0.21,0.008314362797,-0.02780834914,-0.209976093,5.890968436e-05
0.608,0.008353878754,-0.02765891952,-0.21,0.008349911902,-0.02771361278,-0.209975939,5.988341522e-05
0.609,0.008389574364,-0.02756345745,-0.21,0.00838536584,-0.02761912824,-0.2099757848,6.085495102e-05
0.61,0.008425172738,-0.02746825543,-0.21,0.00842072312,-0.02752489948,-0.2099756305,6.182410732e-05
0.611,0.008460672365,-0.0273733175,-0.21,0.008455982257,-0.02743093048,-0.2099754761,6.279070861e-05
0.612,0.008496071739,-0.02727864767,-0.21,0.008491141767,-0.02733722519,-0.2099753217,6.37545903e-05
0.613,0.008531369363,-0.02718424995,-0.21,0.008526200176,-0.02724378753,-0.2099751673,6.471559832e-05
0.614,0.008566563745,-0.02709012834,-0.21,0.008561156012,-0.02715062145,-0.2099750128,6.567358688e-05
0.615,0.008601653401,-0.02699628681,-0.21,0.008596007815,-0.02705773083,-0.2099748583,6.66284152e-05
0.616,0.008636636854,-0.02690272929,-0.21,0.008630754134,-0.02696511956,-0.2099747038,6.75799445e-05
0.617,0.008671512636,-0.02680945972,-0.21,0.008665393523,-0.0268727915,-0.2099745494,6.852803747e-05
0.618,0.008706279284,-0.02671648202,-0.21,0.008699924541,-0.02678075048,-0.209974395,6.947256008e-05
0.619,0.008740935346,-0.02662380006,-0.21,0.008734345743,-0.02668900033,-0.2099742406,7.041338263e-05
0.62,0.008775479373,-0.02653141771,-0.21,0.008768655689,-0.02659754484,-0.2099740864,7.13503797e-05
0.621,0.008809909929,-0.02643933883,-0.21,0.008802852947,-0.02650638778,-0.2099739322,7.228342932e-05
0.622,0.008844225583,-0.02634756723,-0.21,0.008836936096,-0.0264155329,-0.2099737781,7.321241193e-05
0.623,0.008878424913,-0.02625610673,-0.21,0.008870903732,-0.02632498395,-0.2099736241,7.413720981e-05
0.624,0.008912506504,-0.02616496109,-0.21,0.008904754463,-0.02623474462,-0.2099734703,7.505770689e-05
0.625,0.008946468951,-0.02607413409,-0.21,0.00893848691,-0.02614481862,-0.2099733167,7.597378904e-05
0.626,0.008980310857,-0.02598362946,-0.21,0.008972099702,-0.02605520961,-0.2099731632,7.688534426e-05
0.627,0.009014030833,-0.0258934509,-0.21,0.009005591476,-0.02596592122,-0.2099730099,7.779226272e-05
0.628,0.009047627499,-0.02580360212,-0.21,0.009038960872,-0.02587695709,-0.2099728568,7.869443645e-05
0.629,0.009081099485,-0.02571408678,-0.21,0.009072206537,-0.02578832079,-0.2099727039,7.959175892e-05
0.63,0.009114445427,-0.02562490852,-0.21,0.009105327128,-0.02570001592,-0.2099725513,8.048412492e-05
0.631,0.009147663973,-0.02553607096,-0.21,0.009138321317,-0.02561204601,-0.209972399,8.137143005e-05
0.632,0.009180753779,-0.02544757769,-0.21,0.009171187791,-0.02552441459,-0.2099722469,8.225357086e-05
0.633,0.00921371351,-0.02535943229,-0.21,0.009203925251,-0.02543712516,-0.2099720952,8.31304457e-05
0.634,0.009246541841,-0.0252716383,-0.21,0.009236532406,-0.02535018119,-0.2099719437,8.400195534e-05
0.635,0.009279237455,-0.02518419923,-0.21,0.009269007969,-0.02526358614,-0.2099717927,8.486800281e-05
0.636,0.009311799046,-0.02509711859,-0.21,0.00930135066,-0.02517734344,-0.2099716419,8.572849264e-05
0.637,0.009344225318,-0.02501039984,-0.21,0.009333559202,-0.02509145647,-0.2099714916,8.658332984e-05
0.638,0.009376514984,-0.02492404641,-0.21,0.009365632326,-0.02500592861,-0.2099713416,8.7432419e-05
0.639,0.009408666766,-0.02483806174,-0.21,0.009397568774,-0.0249207632,-0.2099711921,8.827566402e-05
0.64,0.009440679399,-0.02475244919,-0.21,0.009429367297,-0.02483596355,-0.209971043,8.911296859e-05
0.641,0.009472551626,-0.02466721214,-0.21,0.009461026664,-0.02475153296,-0.2099708943,8.994423706e-05
0.642,0.0095042822,-0.02458235392,-0.21,0.009492545652,-0.02466747467,-0.2099707461,9.076937546e-05
0.643,0.009535869886,-0.02449787783,-0.21,0.009523923052,-0.02458379193,-0.2099705984,9.158829213e-05
0.644,0.009567313457,-0.02441378715,-0.21,0.009555157664,-0.02450048795,-0.2099704512,9.240089765e-05
0.645,0.0095986117,-0.02433008512,-0.21,0.009586248299,-0.02441756589,-0.2099703045,9.320710425e-05
0.646,0.00962976341,-0.02424677498,-0.21,0.009617193775,-0.02433502893,-0.2099701583,9.400682479e-05
0.647,0.009660767394,-0.0241638599,-0.21,0.009647992921,-0.02425288017,-0.2099700127,9.479997183e-05
0.648,0.00969162247,-0.02408134305,-0.21,0.009678644575,-0.0241711227,-0.2099698676,9.558645713e-05
0.649,0.009722327466,-0.02399922757,-0.21,0.009709147589,-0.02408975959,-0.2099697232,9.636619162e-05
0.65,0.009752881223,-0.02391751655,-0.21,0.009739500826,-0.02400879387,-0.2099695793,9.71390861e-05
0.651,0.009783282593,-0.02383621307,-0.21,0.009769703161,-0.02392822853,-0.2099694361,9.790505226e-05
0.652,0.009813530437,-0.02375532016,-0.21,0.009799753481,-0.02384806654,-0.2099692935,9.866400337e-05
0.653,0.009843623631,-0.02367484084,-0.21,0.009829650686,-0.02376831084,-0.2099691515,9.941585483e-05
0.654,0.00987356106,-0.02359477809,-0.21,0.009859393687,-0.02368896435,-0.2099690103,0.0001001605243
0.655,0.009903341623,-0.02351513485,-0.21,0.009888981405,-0.02361002995,-0.2099688697,0.0001008979309
0.656,0.009932964228,-0.02343591405,-0.21,0.009918412776,-0.02353151048,-0.2099687298,0.0001016279948
0.657,0.009962427798,-0.02335711856,-0.21,0.009947686745,-0.02345340876,-0.2099685906,0.0001023506355
0.658,0.009991731266,-0.02327875123,-0.21,0.009976802271,-0.02337572758,-0.2099684522,0.0001030657722
0.659,0.01002087358,-0.02320081489,-0.21,0.01000575833,-0.02329846968,-0.2099683145,0.0001037733233
0.66,0.01004985369,-0.02312331231,-0.21,0.01003455389,-0.02322163779,-0.2099681776,0.0001044732064
0.661,0.01007867058,-0.02304624626,-0.21,0.01006318796,-0.02314523457,-0.2099680414,0.0001051653395
0.662,0.01010732323,-0.02296961945,-0.21,0.01009165955,-0.02306926269,-0.2099679061,0.0001058496412
0.663,0.01013581063,-0.02289343457,-0.21,0.01011996768,-0.02299372476,-0.2099677715,0.0001065260314
0.664,0.01016413179,-0.02281769426,-0.21,0.01014811137,-0.02291862335,-0.2099676378,0.0001071944309
0.665,0.01019228574,-0.02274240115,-0.21,0.01017608969,-0.02284396103,-0.2099675049,0.0001078547615
0.666,0.0102202715,-0.02266755781,-0.21,0.01020390169,-0.0227697403,-0.2099673729,0.0001085069453
0.667,0.01024808813,-0.02259316678,-0.21,0.01023154643,-0.02269596364,-0.2099672418,0.0001091509043
0.668,0.01027573469,-0.02251923059,-0.21,0.01025902302,-0.02262263349,-0.2099671116,0.0001097865601
0.669,0.01030321025,-0.02244575171,-0.21,0.01028633055,-0.02254975226,-0.2099669822,0.0001104138339
0.67,0.0103305139,-0.02237273256,-0.21,0.01031346813,-0.02247732233,-0.2099668538,0.0001110326463
0.671,0.01035764474,-0.02230017556,-0.21,0.01034043489,-0.02240534601,-0.2099667263,0.0001116429184
0.672,0.0103846019,-0.02222808308,-0.21,0.01036722997,-0.02233382562,-0.2099665998,0.0001122445713
0.673,0.01041138448,-0.02215645743,-0.21,0.01039385253,-0.0222627634,-0.2099664742,0.0001128375267
0.674,0.01043799165,-0.02208530092,-0.21,0.01042030174,-0.02219216159,-0.2099663496,0.0001134217073
0.675,0.01046442256,-0.02201461579,-0.21,0.01044657678,-0.02212202236,-0.209966226,0.000113997036
0.676,0.01049067637,-0.02194440426,-0.21,0.01047267684,-0.02205234787,-0.2099661034,0.000114563436
0.677,0.01051675228,-0.02187466851,-0.21,0.01049860115,-0.02198314022,-0.2099659819,0.0001151208308
0.678,0.01054264948,-0.02180541069,-0.21,0.01052434892,-0.02191440149,-0.2099658614,0.0001156691433
0.679,0.0105683672,-0.02173663287,-0.21,0.01054991939,-0.0218461337,-0.2099657419,0.0001162082965
0.68,0.01059390465,-0.02166833714,-0.21,0.01057531183,-0.02177833886,-0.2099656236,0.000116738213
0.681,0.01061926108,-0.02160052552,-0.21,0.0106005255,-0.02171101891,-0.2099655063,0.0001172588154
0.682,0.01064443576,-0.02153319997,-0.21,0.01062555968,-0.02164417576,-0.2099653901,0.0001177700267
0.683,0.01066942795,-0.02146636245,-0.21,0.01065041368,-0.0215778113,-0.209965275,0.0001182717702
0.684,0.01069423694,-0.02140001486,-0.21,0.01067508681,-0.02151192734,-0.2099651611,0.0001187639694
0.685,0.01071886204,-0.02133415906,-0.21,0.01069957841,-0.02144652569,-0.2099650483,0.0001192465485
0.686,0.01074330257,-0.02126879686,-0.21,0.01072388781,-0.02138160809,-0.2099649367,0.0001197194316
0.687,0.01076755787,-0.02120393006,-0.21,0.01074801438,-0.02131717625,-0.2099648262,0.0001201825432
0.688,0.01079162727,-0.02113956038,-0.21,0.01077195749,-0.02125323186,-0.209964717,0.0001206358074
0.689,0.01081551015,-0.02107568952,-0.21,0.01079571654,-0.02118977652,-0.2099646089,0.0001210791485
0.69,0.0108392059,-0.02101231913,-0.21,0.01081929094,-0.02112681183,-0.2099645021,0.0001215124905
0.691,0.0108627139,-0.02094945083,-0.21,0.01084268011,-0.02106433932,-0.2099643965,0.0001219357576
0.692,0.01088603358,-0.02088708618,-0.21,0.01086588348,-0.0210023605,-0.2099642921,0.0001223488741
0.693,0.01090916435,-0.0208252267,-0.21,0.01088890052,-0.02094087682,-0.2099641891,0.0001227517645
0.694,0.01093210568,-0.02076387389,-0.21,0.0109117307,-0.02087988969,-0.2099640872,0.0001231443536
0.695,0.01095485701,-0.02070302917,-0.21,0.0109343735,-0.02081940048,-0.2099639867,0.0001235265665
0.696,0.01097741784,-0.02064269394,-0.21,0.01095682844,-0.02075941052,-0.2099638875,0.0001238983284
0.697,0.01099978765,-0.02058286955,-0.21,0.01097909502,-0.02069992109,-0.2099637896,0.0001242595648
0.698,0.01102196595,-0.0205235573,-0.21,0.0110011728,-0.02064093342,-0.2099636931,0.0001246102012
0.699,0.01104395228,-0.02046475846,-0.21,0.01102306132,-0.02058244871,-0.2099635979,0.0001249501629
0.7,0.01106574619,-0.02040647424,-0.21,0.01104476016,-0.0205244681,-0.209963504,0.0001252793755
0.701,0.01108734722,-0.0203487058,-0.21,0.0110662689,-0.02046699268,-0.2099634115,0.0001255977645
0.702,0.01110875497,-0.02029145427,-0.21,0.01108758716,-0.02041002352,-0.2099633204,0.0001259052556
0.703,0.01112996904,-0.02023472074,-0.21,0.01110871454,-0.02035356162,-0.2099632307,0.0001262017747
0.704,0.01115098903,-0.02017850622,-0.21,0.01112965071,-0.02029760795,-0.2099631425,0.0001264872478
0.705,0.01117181458,-0.0201228117,-0.21,0.0111503953,-0.02024216341,-0.2099630556,0.0001267616013
0.706,0.01119244533,-0.02006763812,-0.21,0.011170948,-0.02018722888,-0.2099629702,0.0001270247618
0.707,0.01121288096,-0.02001298637,-0.21,0.0111913085,-0.02013280517,-0.2099628862,0.000127276656
0.708,0.01123312116,-0.01995885729,-0.21,0.01121147652,-0.02007889307,-0.2099628037,0.0001275172108
0.709,0.01125316561,-0.01990525167,-0.21,0.01123145177,-0.02002549328,-0.2099627227,0.000127746353
0.71,0.01127301406,-0.01985217027,-0.21,0.01125123401,-0.0199726065,-0.2099626432,0.0001279640098
0.711,0.01129266622,-0.01979961376,-0.21,0.01127082299,-0.01992023335,-0.2099625652,0.0001281701081
0.712,0.01131212187,-0.01974758282,-0.21,0.01129021852,-0.0198683744,-0.2099624887,0.0001283645754
0.713,0.01133138078,-0.01969607802,-0.21,0.01130942037,-0.01981703019,-0.2099624137,0.0001285473391
0.714,0.01135044274,-0.01964509993,-0.21,0.01132842838,-0.01976620119,-0.2099623402,0.0001287183269
0.715,0.01136930757,-0.01959464903,-0.21,0.01134724238,-0.01971588784,-0.2099622683,0.0001288774669
0.716,0.0113879751,-0.01954472579,-0.21,0.01136586223,-0.01966609052,-0.209962198,0.0001290246873
0.717,0.01140644517,-0.0194953306,-0.21,0.0113842878,-0.01961680956,-0.2099621292,0.0001291599164
0.718,0.01142471767,-0.0194464638,-0.21,0.01140251899,-0.01956804523,-0.209962062,0.0001292830829
0.719,0.01144279247,-0.0193981257,-0.21,0.01142055571,-0.01951979776,-0.2099619964,0.0001293941155
0.72,0.01146066949,-0.01935031654,-0.21,0.01143839789,-0.01947206734,-0.2099619324,0.0001294929432
0.721,0.01147834865,-0.01930303651,-0.21,0.01145604549,-0.01942485408,-0.2099618701,0.000129579495
0.722,0.01149582991,-0.01925628576,-0.21,0.01147349847,-0.01937815807,-0.2099618093,0.0001296537003
0.723,0.01151311322,-0.01921006437,-0.21,0.01149075683,-0.01933197931,-0.2099617502,0.0001297154887
0.724,0.01153019858,-0.01916437239,-0.21,0.01150782058,-0.01928631778,-0.2099616927,0.0001297647899
0.725,0.01154708598,-0.01911920979,-0.21,0.01152468974,-0.0192411734,-0.2099616369,0.000129801534
0.726,0.01156377546,-0.01907457651,-0.21,0.01154136436,-0.01919654602,-0.2099615828,0.0001298256516
0.727,0.01158026706,-0.01903047243,-0.21,0.01155784451,-0.01915243545,-0.2099615303,0.000129837073
0.728,0.01159656084,-0.01898689737,-0.21,0.01157413029,-0.01910884146,-0.2099614795,0.0001298357293
0.729,0.0116126569,-0.0189438511,-0.21,0.0115902218,-0.01906576374,-0.2099614305,0.0001298215516
0.73,0.01162855534,-0.01890133333,-0.21,0.01160611917,-0.01902320193,-0.2099613831,0.0001297944712
0.731,0.01164425628,-0.01885934373,-0.21,0.01162182254,-0.01898115564,-0.2099613374,0.0001297544198
0.732,0.01165975988,-0.0188178819,-0.21,0.0116373321,-0.01893962439,-0.2099612935,0.0001297013292
0.733,0.0116750663,-0.01877694739,-0.21,0.01165264803,-0.01889860767,-0.2099612513,0.0001296351317
0.734,0.01169017573,-0.0187365397,-0.21,0.01166777053,-0.0188581049,-0.2099612108,0.0001295557598
0.735,0.01170508838,-0.01869665826,-0.21,0.01168269985,-0.01881811546,-0.2099611721,0.0001294631463
0.736,0.01171980448,-0.01865730246,-0.21,0.01169743624,-0.01877863866,-0.2099611351,0.0001293572245
0.737,0.01173432428,-0.01861847163,-0.21,0.01171197996,-0.01873967375,-0.2099610999,0.0001292379279
0.738,0.01174864806,-0.01858016502,-0.21,0.01172633132,-0.01870121994,-0.2099610664,0.0001291051904
0.739,0.01176277611,-0.01854238186,-0.21,0.01174049063,-0.01866327636,-0.2099610348,0.0001289589461
0.74,0.01177670875,-0.0185051213,-0.21,0.01175445822,-0.01862584211,-0.2099610049,0.0001287991296
0.741,0.01179044631,-0.01846838244,-0.21,0.01176823447,-0.01858891622,-0.2099609768,0.0001286256758
0.742,0.01180398916,-0.01843216431,-0.21,0.01178181973,-0.01855249765,-0.2099609506,0.0001284385199
0.743,0.01181733768,-0.0183964659,-0.21,0.01179521443,-0.01851658531,-0.2099609261,0.0001282375977
0.744,0.01183049226,-0.01836128612,-0.21,0.01180841898,-0.01848117806,-0.2099609034,0.0001280228452
0.745,0.01184345334,-0.01832662384,-0.21,0.01182143382,-0.01844627469,-0.2099608826,0.0001277941988
0.746,0.01185622136,-0.01829247786,-0.21,0.01183425943,-0.01841187394,-0.2099608636,0.0001275515956
0.747,0.01186879679,-0.01825884693,-0.21,0.0118468963,-0.01837797449,-0.2099608464,0.0001272949729
0.748,0.01188118012,-0.01822572973,-0.21,0.01185934493,-0.01834457493,-0.2099608311,0.0001270242685
0.749,0.01189337188,-0.01819312488,-0.21,0.01187160586,-0.01831167385,-0.2099608176,0.0001267394208
0.75,0.01190537259,-0.01816103094,-0.21,0.01188367965,-0.01827926971,-0.2099608059,0.0001264403684
0.751,0.01191718281,-0.01812944643,-0.21,0.01189556688,-0.01824736097,-0.2099607961,0.0001261270507
0.752,0.01192880314,-0.01809836977,-0.21,0.01190726815,-0.01821594599,-0.2099607882,0.0001257994073
0.753,0.01194023417,-0.01806779936,-0.21,0.01191878408,-0.01818502309,-0.2099607821,0.0001254573787
0.754,0.01195147653,-0.0180377335,-0.21,0.01193011532,-0.01815459051,-0.2099607779,0.0001251009056
0.755,0.01196253088,-0.01800817045,-0.21,0.01194126255,-0.01812464644,-0.2099607755,0.0001247299295
0.756,0.01197339789,-0.01797910841,-0.21,0.01195222645,-0.018095189,-0.2099607751,0.0001243443925
0.757,0.01198407826,-0.01795054551,-0.21,0.01196300774,-0.01806621627,-0.2099607765,0.000123944237
0.758,0.01199457271,-0.01792247981,-0.21,0.01197360717,-0.01803772622,-0.2099607798,0.0001235294065
0.759,0.012004882,-0.01789490933,-0.21,0.0119840255,-0.01800971682,-0.209960785,0.000123099845
0.76,0.01201500688,-0.01786783199,-0.21,0.01199426351,-0.01798218591,-0.209960792,0.0001226554969
0.761,0.01202494815,-0.01784124568,-0.21,0.01200432202,-0.01795513133,-0.209960801,0.0001221963077
0.762,0.01203470664,-0.01781514821,-0.21,0.01201420186,-0.01792855079,-0.2099608119,0.0001217222234
0.763,0.01204428317,-0.01778953734,-0.21,0.01202390389,-0.017902442,-0.2099608246,0.000121233191
0.764,0.01205367863,-0.01776441073,-0.21,0.012033429,-0.01787680256,-0.2099608393,0.000120729158
0.765,0.01206289389,-0.01773976602,-0.21,0.01204277809,-0.01785163001,-0.2099608559,0.000120210073
0.766,0.01207192988,-0.01771560075,-0.21,0.01205195209,-0.01782692186,-0.2099608744,0.0001196758855
0.767,0.01208078753,-0.01769191241,-0.21,0.01206095197,-0.01780267551,-0.2099608947,0.0001191265457
0.768,0.01208946781,-0.01766869843,-0.21,0.01206977869,-0.01777888831,-0.209960917,0.000118562005
0.769,0.0120979717,-0.01764595616,-0.21,0.01207843327,-0.01775555755,-0.2099609412,0.0001179822158
0.77,0.01210630023,-0.01762368288,-0.21,0.01208691674,-0.01773268046,-0.2099609674,0.0001173871314
0.771,0.01211445442,-0.01760187582,-0.21,0.01209523014,-0.01771025417,-0.2099609954,0.0001167767064
0.772,0.01212243535,-0.01758053214,-0.21,0.01210337457,-0.01768827579,-0.2099610254,0.0001161508965
0.773,0.0121302441,-0.01755964891,-0.21,0.01211135113,-0.01766674232,-0.2099610572,0.0001155096587
0.774,0.01213788179,-0.01753922317,-0.21,0.01211916094,-0.0176456507,-0.209961091,0.0001148529512
0.775,0.01214534955,-0.01751925185,-0.21,0.01212680517,-0.01762499784,-0.2099611267,0.0001141807338
0.776,0.01215264856,-0.01749973184,-0.21,0.01213428499,-0.01760478052,-0.2099611644,0.0001134929675
0.777,0.01215978001,-0.01748065996,-0.21,0.01214160162,-0.01758499551,-0.2099612039,0.0001127896151
0.778,0.0121667451,-0.01746203295,-0.21,0.01214875628,-0.01756563947,-0.2099612454,0.0001120706409
0.779,0.0121735451,-0.01744384749,-0.21,0.01215575023,-0.017546709,-0.2099612888,0.000111336011
0.78,0.01218018125,-0.01742610017,-0.21,0.01216258476,-0.01752820064,-0.2099613341,0.0001105856935
0.781,0.01218665487,-0.01740878754,-0.21,0.01216926118,-0.01751011086,-0.2099613813,0.0001098196581
0.782,0.01219296727,-0.01739190606,-0.21,0.01217578083,-0.01749243604,-0.2099614305,0.000109037877
0.783,0.0121991198,-0.01737545212,-0.21,0.01218214507,-0.01747517251,-0.2099614816,0.0001082403244
0.784,0.01220511384,-0.01735942206,-0.21,0.01218835528,-0.01745831652,-0.2099615346,0.000107426977
0.785,0.01221095078,-0.01734381211,-0.21,0.01219441289,-0.01744186426,-0.2099615895,0.0001065978139
0.786,0.01221663206,-0.01732861846,-0.21,0.01220031935,-0.01742581182,-0.2099616463,0.0001057528172
0.787,0.01222215913,-0.01731383723,-0.21,0.01220607611,-0.01741015525,-0.2099617051,0.0001048919718
0.788,0.01222753347,-0.01729946444,-0.21,0.01221168467,-0.01739489051,-0.2099617658,0.0001040152656
0.789,0.01223275658,-0.01728549606,-0.21,0.01221714657,-0.01738001349,-0.2099618284,0.0001031226899
0.79,0.01223783002,-0.01727192799,-0.21,0.01222246335,-0.01736552,-0.2099618929,0.0001022142399
0.791,0.01224275534,-0.01725875603,-0.21,0.01222763659,-0.01735140579,-0.2099619593,0.0001012899141
0.792,0.01224753413,-0.01724597595,-0.21,0.01223266787,-0.01733766653,-0.2099620277,0.0001003497156
0.793,0.012252168,-0.0172335834,-0.21,0.01223755882,-0.01732429781,-0.2099620979,9.939365229e-05
0.794,0.01225665862,-0.01722157399,-0.21,0.01224231108,-0.01731129515,-0.2099621701,9.84217365e-05
0.795,0.01226100764,-0.01720994324,-0.21,0.01224692632,-0.01729865398,-0.2099622442,9.743398461e-05
0.796,0.01226521678,-0.01719868659,-0.21,0.01225140625,-0.01728636967,-0.2099623201,9.643041808e-05
0.797,0.01226928775,-0.01718779943,-0.21,0.01225575261,-0.01727443753,-0.209962398,9.541106468e-05
0.798,0.01227322233,-0.01717727705,-0.21,0.01225996718,-0.01726285276,-0.2099624777,9.437595992e-05
0.799,0.01227702229,-0.01716711467,-0.21,0.01226405175,-0.01725161053,-0.2099625594,9.332514812e-05
0.8,0.01228068946,-0.01715730744,-0.21,0.01226800818,-0.01724070589,-0.209962643,9.22586828e-05
0.801,0.01228422566,-0.01714785044,-0.21,0.0122718383,-0.01723013384,-0.2099627284,9.117662665e-05
0.802,0.01228763279,-0.01713873865,-0.21,0.01227554402,-0.0172198893,-0.2099628157,9.007905124e-05
0.803,0.01229091272,-0.017129967,-0.21,0.01227912723,-0.0172099671,-0.209962905,8.896603723e-05
0.804,0.0122940674,-0.01712153032,-0.21,0.01228258989,-0.01720036201,-0.2099629961,8.7837675e-05
0.805,0.01229709878,-0.01711342339,-0.21,0.01228593395,-0.01719106869,-0.2099630891,8.669406625e-05
0.806,0.01230000886,-0.01710564088,-0.21,0.01228916143,-0.01718208175,-0.209963184,8.553532603e-05
0.807,0.01230279963,-0.0170981774,-0.21,0.01229227436,-0.01717339572,-0.2099632808,8.436158502e-05
0.808,0.01230547316,-0.01709102749,-0.21,0.0122952748,-0.01716500504,-0.2099633795,8.317299121e-05
0.809,0.01230803151,-0.0170841856,-0.21,0.01229816484,-0.01715690406,-0.20996348,8.196970441e-05
0.81,0.0123104768,-0.01707764609,-0.21,0.01230094664,-0.01714908703,-0.2099635825,8.075188891e-05
0.811,0.01231281114,-0.01707140326,-0.21,0.01230362234,-0.01714154813,-0.2099636868,7.951971502e-05
0.812,0.01231503671,-0.01706545133,-0.21,0.01230619414,-0.01713428141,-0.209963793,7.82733708e-05
0.813,0.01231715571,-0.01705978443,-0.21,0.01230866427,-0.01712728089,-0.209963901,7.701307846e-05
0.814,0.01231917034,-0.01705439662,-0.21,0.01231103497,-0.01712054049,-0.2099640109,7.573910897e-05
0.815,0.01232108288,-0.01704928186,-0.21,0.01231330852,-0.0171140541,-0.2099641226,7.445179032e-05
0.816,0.01232289559,-0.01704443405,-0.21,0.01231548723,-0.01710781554,-0.2099642363,7.315150821e-05
0.817,0.0123246108,-0.017039847,-0.21,0.01231757341,-0.01710181856,-0.2099643517,7.183870137e-05
0.818,0.01232623085,-0.01703551445,-0.21,0.01231956946,-0.01709605683,-0.209964469,7.051385564e-05
0.819,0.01232775811,-0.01703143004,-0.21,0.01232147776,-0.01709052393,-0.2099645882,6.917750094e-05
0.82,0.01232919499,-0.01702758733,-0.21,0.01232330077,-0.01708521333,-0.2099647092,6.783021405e-05
0.821,0.01233054393,-0.01702397982,-0.21,0.01232504095,-0.01708011842,-0.209964832,6.647262726e-05
0.822,0.01233180739,-0.01702060091,-0.21,0.01232670081,-0.0170752325,-0.2099649567,6.510543683e-05
0.823,0.01233298787,-0.01701744391,-0.21,0.01232828291,-0.01707054878,-0.2099650833,6.372941863e-05
0.824,0.01233408789,-0.01701450207,-0.21,0.01232978984,-0.01706606038,-0.2099652117,6.234544884e-05
0.825,0.01233511003,-0.01701176853,-0.21,0.01233122424,-0.01706176035,-0.2099653421,6.09545255e-05
0.826,0.01233605687,-0.01700923637,-0.21,0.01233258874,-0.01705764169,-0.2099654743,5.955778738e-05
0.827,0.01233693103,-0.01700689856,-0.21,0.012333886,-0.01705369732,-0.2099656084,5.815652857e-05
0.828,0.01233773517,-0.01700474802,-0.21,0.0123351187,-0.01704992008,-0.2099657443,5.675221028e-05
0.829,0.01233847198,-0.01700277755,-0.21,0.01233628953,-0.01704630272,-0.2099658821,5.534647339e-05
0.83,0.01233914417,-0.01700097989,-0.21,0.01233740122,-0.01704283791,-0.2099660218,5.394115562e-05
0.831,0.01233975449,-0.01699934768,-0.21,0.01233845653,-0.01703951822,-0.2099661634,5.253831628e-05
0.832,0.01234030573,-0.01699787349,-0.21,0.01233945826,-0.01703633613,-0.2099663068,5.114026949e-05
0.833,0.0123408007,-0.01699654978,-0.21,0.01234040926,-0.01703328403,-0.209966452,4.974962478e-05
0.834,0.01234124224,-0.01699536896,-0.21,0.01234131239,-0.01703035421,-0.2099665991,4.836933294e-05
0.835,0.01234163323,-0.01699432331,-0.21,0.01234217055,-0.01702753892,-0.2099667481,4.70027349e-05
0.836,0.01234197659,-0.01699340505,-0.21,0.01234298668,-0.0170248303,-0.2099668989,4.565361207e-05
0.837,0.01234227526,-0.01699260632,-0.21,0.01234376372,-0.01702222041,-0.2099670515,4.432623763e-05
0.838,0.01234253221,-0.01699191914,-0.21,0.01234450467,-0.01701970126,-0.2099672059,4.302542921e-05
0.839,0.01234275045,-0.01699133548,-0.21,0.01234521255,-0.01701726473,-0.2099673622,4.175660278e-05
0.84,0.01234293303,-0.0169908472,-0.21,0.0123458904,-0.01701490265,-0.2099675203,4.052582685e-05
0.841,0.01234308302,-0.01699044607,-0.21,0.01234654131,-0.01701260672,-0.2099676802,3.933987338e-05
0.842,0.01234320353,-0.01699012379,-0.21,0.0123471684,-0.01701036857,-0.2099678418,3.820625928e-05
0.843,0.0123432977,-0.01698987195,-0.21,0.01234777482,-0.01700817975,-0.2099680053,3.713326941e-05
0.844,0.01234336871,-0.01698968206,-0.21,0.01234836376,-0.01700603169,-0.2099681706,3.612994905e-05
0.845,0.01234341976,-0.01698954554,-0.21,0.01234893843,-0.01700391576,-0.2099683376,3.520605228e-05
0.846,0.01234345409,-0.01698945372,-0.21,0.01234950209,-0.01700182325,-0.2099685064,3.437193197e-05
0.847,0.01234347498,-0.01698939784,-0.21,0.01235005801,-0.01699974535,-0.209968677,3.363835866e-05
0.848,0.01234348575,-0.01698936905,-0.21,0.0123506095,-0.01699767317,-0.2099688493,3.301625978e-05
0.849,0.01234348973,-0.01698935841,-0.21,0.01235115992,-0.01699559774,-0.2099690233,3.25163791e-05
0.85,0.0123434903,-0.01698935688,-0.21,0.01235171264,-0.01699350998,-0.2099691991,3.214886798e-05
0.851,0.01234349192,-0.01698935681,-0.21,0.01235227107,-0.01699140074,-0.2099693766,3.192245206e-05
0.852,0.01234350327,-0.01698935631,-0.21,0.01235289224,-0.01698934192,-0.2099695753,3.184047459e-05
0.853,0.01234353398,-0.01698935497,-0.21,0.01235369927,-0.01698751736,-0.2099698265,3.189277542e-05
0.854,0.01234359358,-0.01698935237,-0.21,0.0123548039,-0.01698611771,-0.2099701368,3.206161688e-05
0.855,0.01234369152,-0.01698934809,-0.21,0.01235625383,-0.0169852522,-0.2099704847,3.233788454e-05
0.856,0.01234383713,-0.01698934173,-0.21,0.01235801822,-0.01698490232,-0.2099708386,3.272916656e-05
0.857,0.01234403967,-0.01698933288,-0.21,0.01236000758,-0.01698492701,-0.2099711748,3.324574497e-05
0.858,0.01234430829,-0.01698932114,-0.21,0.01236211281,-0.0169851118,-0.209971487,3.387788297e-05
0.859,0.01234465204,-0.01698930612,-0.21,0.01236424489,-0.01698524037,-0.2099717847,3.459068222e-05
0.86,0.01234507988,-0.01698928742,-0.21,0.0123663606,-0.01698516182,-0.2099720845,3.534351943e-05
0.861,0.01234560068,-0.01698926467,-0.21,0.01236846784,-0.0169848305,-0.2099724013,3.611447558e-05
0.862,0.01234622322,-0.01698923746,-0.21,0.01237061276,-0.01698430697,-0.2099727417,3.690767862e-05
0.863,0.01234695616,-0.01698920544,-0.21,0.01237285681,-0.01698372316,-0.2099731019,3.774133493e-05
0.864,0.0123478081,-0.01698916821,-0.21,0.01237525382,-0.01698322685,-0.2099734707,3.863124754e-05
0.865,0.01234878752,-0.01698912541,-0.21,0.01237783471,-0.01698292665,-0.209973834,3.958310341e-05
0.866,0.01234990281,-0.01698907668,-0.21,0.01238060357,-0.01698285634,-0.2099741808,4.059382955e-05
0.867,0.01235116229,-0.01698902165,-0.21,0.01238354377,-0.01698296907,-0.2099745066,4.165465419e-05
0.868,0.01235257416,-0.01698895995,-0.21,0.01238662984,-0.01698316047,-0.2099748142,4.275214375e-05
0.869,0.01235414654,-0.01698889125,-0.21,0.01238983985,-0.01698330969,-0.2099751124,4.386978198e-05
0.87,0.01235588746,-0.01698881518,-0.21,0.01239316415,-0.01698332231,-0.2099754112,4.499259897e-05
0.871,0.01235780486,-0.01698873139,-0.21,0.01239660831,-0.01698315986,-0.209975718,4.611251352e-05
0.872,0.01235990657,-0.01698863956,-0.21,0.0124001907,-0.01698284707,-0.2099760354,4.722990869e-05
0.873,0.01236220035,-0.01698853933,-0.21,0.01240393655,-0.01698245645,-0.2099763602,4.835028496e-05
0.874,0.01236469387,-0.01698843037,-0.21,0.01240787112,-0.01698207783,-0.2099766855,4.947925559e-05
0.875,0.01236739469,-0.01698831236,-0.21,0.01241201428,-0.01698178506,-0.2099770035,5.061968246e-05
0.876,0.0123703103,-0.01698818496,-0.21,0.01241637768,-0.01698161165,-0.2099773088,5.177163808e-05
0.877,0.01237344808,-0.01698804785,-0.21,0.01242096494,-0.01698154304,-0.2099775999,5.293326074e-05
0.878,0.01237681535,-0.01698790071,-0.21,0.0124257741,-0.01698152643,-0.2099778793,5.410098931e-05
0.879,0.01238041932,-0.01698774323,-0.21,0.01243080125,-0.01698149293,-0.2099781522,5.526960652e-05
0.88,0.01238426711,-0.0169875751,-0.21,0.01243604412,-0.01698138307,-0.2099784245,5.643317539e-05
0.881,0.01238836576,-0.016987396,-0.21,0.01244150463,-0.01698116647,-0.2099786999,5.758681141e-05
0.882,0.01239272221,-0.01698720564,-0.21,0.01244718989,-0.01698084924,-0.2099789796,5.872809551e-05
0.883,0.01239734334,-0.01698700372,-0.21,0.01245311153,-0.016980468,-0.2099792616,5.98572202e-05
0.884,0.01240223591,-0.01698678993,-0.21,0.01245928375,-0.01698007384,-0.2099795421,6.097611513e-05
0.885,0.01240740661,-0.01698656399,-0.21,0.01246572088,-0.01697971292,-0.209979817,6.208739166e-05
0.886,0.01241286204,-0.01698632561,-0.21,0.01247243501,-0.01697941079,-0.2099800834,6.319354419e-05
0.887,0.01241860872,-0.01698607451,-0.21,0.01247943456,-0.01697916554,-0.2099803406,6.429626075e-05
0.888,0.01242465306,-0.01698581039,-0.21,0.01248672405,-0.01697895128,-0.20998059,6.539572532e-05
0.889,0.01243100142,-0.016985533,-0.21,0.01249430506,-0.01697872948,-0.2099808346,6.649024078e-05
0.89,0.01243766006,-0.01698524204,-0.21,0.0125021781,-0.01697846373,-0.2099810772,6.75765894e-05
0.891,0.01244463513,-0.01698493726,-0.21,0.01251034458,-0.01697813201,-0.2099813202,6.865112919e-05
0.892,0.01245193273,-0.01698461838,-0.21,0.01251880835,-0.01697773285,-0.2099815642,6.971108792e-05
0.893,0.01245955887,-0.01698428515,-0.21,0.01252757629,-0.01697728359,-0.2099818083,7.075541141e-05
0.894,0.01246751945,-0.0169839373,-0.21,0.01253665787,-0.01697681227,-0.2099820506,7.178487858e-05
0.895,0.01247582032,-0.01698357459,-0.21,0.01254606377,-0.0169763467,-0.2099822888,7.280160166e-05
0.896,0.01248446723,-0.01698319675,-0.21,0.01255580423,-0.01697590467,-0.2099825213,7.380818462e-05
0.897,0.01249346583,-0.01698280355,-0.21,0.01256588757,-0.01697548876,-0.2099827477,7.480678825e-05
0.898,0.01250282172,-0.01698239474,-0.21,0.01257631947,-0.01697508693,-0.2099829687,7.579834351e-05
0.899,0.01251254041,-0.01698197007,-0.21,0.01258710318,-0.01697467817,-0.2099831856,7.678218403e-05
0.9,0.0125226273,-0.01698152931,-0.21,0.01259824052,-0.01697424068,-0.2099834001,7.775628573e-05
0.901,0.01253308774,-0.01698107223,-0.21,0.01260973326,-0.01697375945,-0.2099836135,7.871804656e-05
0.902,0.01254392699,-0.0169805986,-0.21,0.01262158443,-0.01697323074,-0.2099838262,7.966526522e-05
0.903,0.01255515022,-0.01698010819,-0.21,0.01263379898,-0.0169726621,-0.2099840379,8.059689238e-05
0.904,0.01256676253,-0.01697960078,-0.21,0.01264638379,-0.01697206851,-0.2099842477,8.151327834e-05
0.905,0.01257876893,-0.01697907615,-0.21,0.01265934687,-0.01697146632,-0.2099844544,8.241589373e-05
0.906,0.01259117436,-0.01697853408,-0.21,0.01267269625,-0.01697086733,-0.209984657,8.330669343e-05
0.907,0.01260398366,-0.01697797436,-0.21,0.01268643893,-0.0169702751,-0.2099848552,8.41873746e-05
0.908,0.01261720162,-0.01697739679,-0.21,0.01270058023,-0.01696968449,-0.2099850493,8.505877872e-05
0.909,0.01263083293,-0.01697680116,-0.21,0.01271512376,-0.01696908426,-0.2099852399,8.592063349e-05
0.91,0.01264488221,-0.01697618726,-0.21,0.012730072,-0.01696846158,-0.2099854279,8.677171801e-05
0.911,0.01265935399,-0.0169755549,-0.21,0.01274542715,-0.01696780661,-0.2099856141,8.761037476e-05
0.912,0.01267425274,-0.01697490389,-0.21,0.01276119207,-0.01696711548,-0.2099857989,8.84351511e-05
0.913,0.01268958284,-0.01697423402,-0.21,0.01277737073,-0.01696639104,-0.2099859822,8.92453094e-05
0.914,0.01270534859,-0.01697354512,-0.21,0.01279396836,-0.01696564106,-0.2099861635,9.004102279e-05
0.915,0.01272155421,-0.016972837,-0.21,0.01281099095,-0.01696487497,-0.2099863423,9.082322036e-05
0.916,0.01273820387,-0.01697210948,-0.21,0.01282844465,-0.01696410034,-0.2099865179,9.159318073e-05
0.917,0.01275530163,-0.01697136237,-0.21,0.012846335,-0.01696332037,-0.2099866901,9.235204547e-05
0.918,0.01277285149,-0.01697059551,-0.21,0.01286466654,-0.01696253319,-0.209986859,9.31004283e-05
0.919,0.01279085737,-0.01696980873,-0.21,0.01288344271,-0.01696173292,-0.2099870249,9.383824682e-05
0.92,0.01280932312,-0.01696900185,-0.21,0.01290266614,-0.01696091213,-0.2099871882,9.456481934e-05
0.921,0.01282825251,-0.01696817471,-0.21,0.01292233922,-0.01696006448,-0.2099873495,9.527917235e-05
0.922,0.01284764922,-0.01696732715,-0.21,0.01294246459,-0.0169591868,-0.2099875091,9.598042841e-05
0.923,0.0128675169,-0.01696645902,-0.21,0.01296304554,-0.01695827978,-0.2099876669,9.666812234e-05
0.924,0.01288785907,-0.01696557014,-0.21,0.01298408605,-0.01695734733,-0.2099878228,9.734233527e-05
0.925,0.01290867922,-0.01696466039,-0.21,0.01300559064,-0.01695639478,-0.2099879765,9.800361758e-05
0.926,0.01292998073,-0.0169637296,-0.21,0.0130275639,-0.01695542688,-0.2099881275,9.865275321e-05
0.927,0.01295176695,-0.01696277762,-0.21,0.01305001015,-0.01695444611,-0.2099882758,9.929046751e-05
0.928,0.01297404111,-0.01696180433,-0.21,0.01307293306,-0.01695345202,-0.2099884213,9.991718673e-05
0.929,0.01299680641,-0.01696080958,-0.21,0.01309633564,-0.01695244164,-0.2099885641,0.0001005329281
0.93,0.01302006593,-0.01695979323,-0.21,0.01312022037,-0.01695141069,-0.2099887046,0.000101137346
0.931,0.01304382274,-0.01695875515,-0.21,0.01314458948,-0.01695035519,-0.2099888431,0.0001017299037
0.932,0.01306807977,-0.01695769522,-0.21,0.01316944529,-0.01694927274,-0.2099889796,0.0001023100972
0.933,0.01309283993,-0.0169566133,-0.21,0.01319479046,-0.01694816317,-0.2099891144,0.0001028776456
0.934,0.01311810605,-0.01695550927,-0.21,0.01322062801,-0.01694702832,-0.2099892474,0.0001034325811
0.935,0.01314388086,-0.01695438302,-0.21,0.01324696128,-0.01694587115,-0.2099893783,0.000103975218
0.936,0.01317016704,-0.01695323441,-0.21,0.01327379367,-0.01694469458,-0.209989507,0.0001045060251
0.937,0.01319696722,-0.01695206335,-0.21,0.01330112841,-0.01694350039,-0.2099896333,0.0001050254581
0.938,0.01322428393,-0.01695086972,-0.21,0.0133289684,-0.0169422887,-0.2099897573,0.0001055338143
0.939,0.01325211963,-0.01694965341,-0.21,0.01335731607,-0.01694105807,-0.2099898789,0.0001060311597
0.94,0.01328047673,-0.01694841432,-0.21,0.01338617352,-0.01693980609,-0.2099899984,0.0001065173443
0.941,0.01330935757,-0.01694715234,-0.21,0.01341554266,-0.0169385303,-0.2099901158,0.0001069920938
0.942,0.01333876441,-0.01694586738,-0.21,0.01344542537,-0.01693722901,-0.2099902315,0.0001074551348
0.943,0.01336869944,-0.01694455934,-0.21,0.01347582369,-0.01693590178,-0.2099903454,0.0001079063082
0.944,0.01339916479,-0.01694322813,-0.21,0.01350673985,-0.01693454943,-0.2099904574,0.0001083456294
0.945,0.01343016252,-0.01694187365,-0.21,0.01353817625,-0.01693317357,-0.2099905676,0.0001087732804
0.946,0.01346169463,-0.01694049582,-0.21,0.01357013531,-0.01693177596,-0.2099906759,0.000109189544
0.947,0.01349376304,-0.01693909456,-0.21,0.01360261936,-0.01693035781,-0.209990782,0.0001095947104
0.948,0.01352636962,-0.01693766979,-0.21,0.01363563051,-0.01692891943,-0.209990886,0.0001099889907
0.949,0.01355951615,-0.01693622141,-0.21,0.01366917062,-0.01692746014,-0.2099909879,0.0001103724675
0.95,0.01359320437,-0.01693474937,-0.21,0.01370324129,-0.01692597862,-0.2099910878,0.0001107450966
0.951,0.01362743593,-0.01693325359,-0.21,0.01373784395,-0.01692447337,-0.2099911859,0.0001111067507
0.952,0.01366221245,-0.016931734,-0.21,0.01377297999,-0.01692294325,-0.2099912821,0.0001114572881
0.953,0.01369753544,-0.01693019052,-0.21,0.01380865085,-0.01692138781,-0.2099913767,0.0001117966198
0.954,0.01373340638,-0.01692862311,-0.21,0.01384485804,-0.01691980736,-0.2099914694,0.000112124752
0.955,0.01376982667,-0.01692703169,-0.21,0.01388160314,-0.01691820275,-0.2099915605,0.0001124417905
0.956,0.01380679765,-0.0169254162,-0.21,0.01391888778,-0.01691657503,-0.2099916496,0.0001127479104
0.957,0.0138443206,-0.0169237766,-0.21,0.01395671348,-0.01691492501,-0.2099917369,0.0001130433045
0.958,0.01388239672,-0.01692211282,-0.21,0.01399508166,-0.016913253,-0.2099918223,0.0001133281306
0.959,0.01392102718,-0.01692042483,-0.21,0.01403399354,-0.01691155873,-0.2099919057,0.0001136024777
0.96,0.01396021306,-0.01691871256,-0.21,0.01407345019,-0.01690984147,-0.2099919873,0.0001138663591
0.961,0.01399995538,-0.01691697598,-0.21,0.01411345255,-0.01690810034,-0.2099920671,0.0001141197337
0.962,0.01404025511,-0.01691521504,-0.21,0.01415400146,-0.01690633459,-0.2099921452,0.0001143625436
0.963,0.01408111314,-0.01691342971,-0.21,0.01419509778,-0.01690454385,-0.2099922217,0.0001145947546
0.964,0.01412253033,-0.01691161995,-0.21,0.01423674238,-0.01690272819,-0.2099922964,0.0001148163836
0.965,0.01416450744,-0.01690978571,-0.21,0.01427893617,-0.01690088807,-0.2099923695,0.0001150275055
0.966,0.01420704521,-0.01690792698,-0.21,0.01432168004,-0.01689902409,-0.2099924408,0.0001152282389
0.967,0.01425014428,-0.01690604373,-0.21,0.01436497482,-0.01689713679,-0.2099925105,0.000115418718
0.968,0.01429380525,-0.01690413592,-0.21,0.01440882126,-0.01689522642,-0.2099925783,0.0001155990618
0.969,0.01433802867,-0.01690220353,-0.21,0.01445321998,-0.01689329293,-0.2099926444,0.0001157693524
0.97,0.01438281501,-0.01690024655,-0.21,0.01449817149,-0.01689133593,-0.2099927088,0.0001159296275
0.971,0.0144281647,-0.01689826495,-0.21,0.01454367617,-0.01688935492,-0.2099927714,0.00011607989
0.972,0.01447407809,-0.01689625872,-0.21,0.01458973434,-0.01688734943,-0.2099928324,0.0001162201284
0.973,0.01452055549,-0.01689422784,-0.21,0.0146363463,-0.01688531918,-0.2099928918,0.0001163503402
0.974,0.01456759715,-0.01689217231,-0.21,0.01468351232,-0.01688326418,-0.2099929496,0.0001164705495
0.975,0.01461520326,-0.01689009211,-0.21,0.01473123267,-0.01688118464,-0.2099930058,0.000116580814
0.976,0.01466337393,-0.01688798724,-0.21,0.01477950759,-0.01687908094,-0.2099930604,0.0001166812185
0.977,0.01471210926,-0.01688585771,-0.21,0.01482833729,-0.01687695341,-0.2099931134,0.0001167718609
0.978,0.01476140924,-0.01688370349,-0.21,0.01487772189,-0.01687480229,-0.2099931647,0.0001168528337
0.979,0.01481127386,-0.01688152461,-0.21,0.01492766143,-0.01687262758,-0.2099932143,0.0001169242103
0.98,0.014861703,-0.01687932106,-0.21,0.01497815586,-0.01687042913,-0.2099932623,0.0001169860385
0.981,0.01491269652,-0.01687709284,-0.21,0.01502920504,-0.01686820665,-0.2099933087,0.0001170383444
0.982,0.0149642542,-0.01687483998,-0.21,0.01508080875,-0.01686595987,-0.2099933535,0.0001170811428
0.983,0.0150163758,-0.01687256247,-0.21,0.01513296674,-0.01686368862,-0.2099933967,0.0001171144507
0.984,0.01506906099,-0.01687026034,-0.21,0.01518567872,-0.01686139286,-0.2099934384,0.0001171382983
0.985,0.0151223094,-0.0168679336,-0.21,0.01523894438,-0.01685907272,-0.2099934786,0.000117152735
0.986,0.0151761206,-0.01686558227,-0.21,0.01529276338,-0.01685672843,-0.2099935172,0.0001171578266
0.987,0.01523049412,-0.01686320636,-0.21,0.01534713534,-0.01685436023,-0.2099935542,0.0001171536487
0.988,0.01528542942,-0.01686080591,-0.21,0.01540205981,-0.01685196828,-0.2099935897,0.0001171402759
0.989,0.01534092592,-0.01685838093,-0.21,0.01545753628,-0.01684955267,-0.2099936236,0.0001171177734
0.99,0.01539698297,-0.01685593146,-0.21,0.01551356414,-0.01684711333,-0.2099936559,0.000117086192
0.991,0.0154535999,-0.01685345753,-0.21,0.01557014275,-0.01684465013,-0.2099936867,0.000117045569
0.992,0.01551077595,-0.01685095916,-0.21,0.01562727138,-0.01684216295,-0.209993716,0.0001169959331
0.993,0.01556851032,-0.0168484364,-0.21,0.01568494924,-0.01683965166,-0.2099937437,0.0001169373127
0.994,0.01562680218,-0.01684588928,-0.21,0.01574317554,-0.01683711627,-0.2099937699,0.0001168697419
0.995,0.01568565063,-0.01684331784,-0.21,0.01580194941,-0.01683455686,-0.2099937946,0.0001167932658
0.996,0.01574505471,-0.01684072212,-0.21,0.01586126997,-0.01683197357,-0.2099938178,0.0001167079392
0.997,0.01580501343,-0.01683810216,-0.21,0.01592113631,-0.01682936658,-0.2099938395,0.0001166138244
0.998,0.01586552574,-0.01683545802,-0.21,0.01598154743,-0.01682673604,-0.2099938597,0.0001165109842
0.999,0.01592659053,-0.01683278973,-0.21,0.01604250231,-0.01682408204,-0.2099938783,0.0001163994777
1,0.01598820667,-0.01683009735,-0.21,0.01610399984,-0.01682140459,-0.2099938955,0.0001162793555
1.001,0.01605037295,-0.01682738093,-0.21,0.01616603887,-0.01681870367,-0.2099939111,0.0001161506604
1.002,0.01611308812,-0.01682464053,-0.21,0.01622861818,-0.01681597921,-0.2099939252,0.000116013429
1.003,0.01617635089,-0.0168218762,-0.21,0.01629173649,-0.01681323119,-0.2099939379,0.0001158676963
1.004,0.01624015992,-0.016819088,-0.21,0.01635539251,-0.01681045962,-0.209993949,0.0001157134997
1.005,0.01630451381,-0.01681627599,-0.21,0.01641958488,-0.01680766456,-0.2099939587,0.0001155508824
1.006,0.01636941112,-0.01681344024,-0.21,0.01648431223,-0.01680484614,-0.2099939669,0.0001153798936
1.007,0.01643485038,-0.01681058081,-0.21,0.01654957311,-0.0168020045,-0.2099939736,0.0001152005875
1.008,0.01650083004,-0.01680769776,-0.21,0.01661536606,-0.01679913977,-0.2099939788,0.0001150130197
1.009,0.01656734852,-0.01680479117,-0.21,0.01668168956,-0.01679625204,-0.2099939826,0.0001148172441
1.01,0.0166344042,-0.0168018611,-0.21,0.01674854203,-0.0167933414,-0.2099939848,0.0001146133106
1.011,0.01670199541,-0.01679890764,-0.21,0.01681592183,-0.01679040785,-0.2099939856,0.0001144012639
1.012,0.01677012042,-0.01679593085,-0.21,0.01688382729,-0.01678745142,-0.2099939849,0.0001141811449
1.013,0.01683877748,-0.01679293081,-0.21,0.01695225668,-0.01678447211,-0.2099939827,0.0001139529925
1.014,0.01690796478,-0.0167899076,-0.21,0.01702120822,-0.01678146997,-0.209993979,0.0001137168467
1.015,0.01697768046,-0.0167868613,-0.21,0.0170906801,-0.01677844507,-0.2099939739,0.00011347275
1.016,0.01704792262,-0.016783792,-0.21,0.01716067048,-0.01677539752,-0.2099939674,0.0001132207489
1.017,0.01711868933,-0.01678069978,-0.21,0.01723117746,-0.01677232745,-0.2099939593,0.0001129608929
1.018,0.0171899786,-0.01677758472,-0.21,0.01730219911,-0.01676923499,-0.2099939498,0.0001126932331
1.019,0.0172617884,-0.01677444692,-0.21,0.01737373346,-0.01676612025,-0.2099939388,0.0001124178201
1.02,0.01733411666,-0.01677128647,-0.21,0.01744577847,-0.01676298331,-0.2099939263,0.0001121347025
1.021,0.01740696127,-0.01676810345,-0.21,0.01751833209,-0.01675982425,-0.2099939124,0.0001118439258
1.022,0.01748032007,-0.01676489796,-0.21,0.01759139219,-0.01675664313,-0.209993897,0.0001115455339
1.023,0.01755419085,-0.0167616701,-0.21,0.01766495662,-0.01675343999,-0.2099938801,0.0001112395709
1.024,0.01762857139,-0.01675841997,-0.21,0.01773902317,-0.0167502149,-0.2099938618,0.0001109260837
1.025,0.01770345939,-0.01675514767,-0.21,0.01781358961,-0.01674696795,-0.209993842,0.0001106051217
1.026,0.01777885254,-0.01675185329,-0.21,0.01788865367,-0.01674369926,-0.2099938208,0.0001102767363
1.027,0.01785474848,-0.01674853694,-0.21,0.01796421304,-0.01674040893,-0.2099937981,0.0001099409792
1.028,0.01793114479,-0.01674519873,-0.21,0.01804026536,-0.0167370971,-0.2099937739,0.0001095979013
1.029,0.01800803904,-0.01674183875,-0.21,0.01811680824,-0.0167337639,-0.2099937483,0.0001092475517
1.03,0.01808542873,-0.01673845713,-0.21,0.01819383924,-0.01673040943,-0.2099937212,0.000108889978
1.031,0.01816331136,-0.01673505397,-0.21,0.01827135588,-0.01672703379,-0.2099936926,0.000108525226
1.032,0.01824168435,-0.01673162939,-0.21,0.01834935563,-0.01672363707,-0.2099936626,0.000108153341
1.033,0.0183205451,-0.01672818349,-0.21,0.01842783594,-0.01672021935,-0.2099936312,0.0001077743681
1.034,0.01839989098,-0.01672471639,-0.21,0.01850679421,-0.01671678073,-0.2099935982,0.0001073883527
1.035,0.0184797193,-0.01672122821,-0.21,0.0185862278,-0.01671332132,-0.2099935639,0.0001069953415
1.036,0.01856002736,-0.01671771907,-0.21,0.01866613404,-0.01670984122,-0.209993528,0.0001065953817
1.037,0.01864081239,-0.01671418909,-0.21,0.01874651023,-0.01670634058,-0.2099934907,0.0001061885218
1.038,0.01872207161,-0.01671063839,-0.21,0.01882735361,-0.01670281951,-0.209993452,0.0001057748104
1.039,0.01880380219,-0.01670706709,-0.21,0.01890866141,-0.01669927817,-0.2099934118,0.0001053542965
1.04,0.01888600127,-0.01670347532,-0.21,0.01899043081,-0.01669571667,-0.2099933701,0.0001049270285
1.041,0.01896866595,-0.0166998632,-0.21,0.01907265895,-0.01669213513,-0.2099933269,0.0001044930546
1.042,0.01905179328,-0.01669623087,-0.21,0.01915534294,-0.01668853368,-0.2099932823,0.0001040524222
1.043,0.01913538031,-0.01669257845,-0.21,0.01923847985,-0.01668491241,-0.2099932362,0.0001036051785
1.044,0.01921942402,-0.01668890607,-0.21,0.01932206672,-0.01668127145,-0.2099931887,0.0001031513707
1.045,0.01930392137,-0.01668521388,-0.21,0.01940610054,-0.01667761092,-0.2099931397,0.0001026910461
1.046,0.01938886929,-0.01668150199,-0.21,0.01949057828,-0.01667393094,-0.2099930892,0.0001022242526
1.047,0.01947426467,-0.01667777056,-0.21,0.01957549687,-0.01667023166,-0.2099930373,0.0001017510388
1.048,0.01956010435,-0.01667401971,-0.21,0.01966085322,-0.01666651322,-0.2099929839,0.0001012714543
1.049,0.01964638518,-0.01667024958,-0.21,0.01974664419,-0.01666277576,-0.209992929,0.0001007855487
1.05,0.01973310393,-0.01666646032,-0.21,0.01983286662,-0.01665901943,-0.2099928726,0.0001002933721
1.051,0.01982025735,-0.01666265206,-0.21,0.01991951729,-0.01665524436,-0.2099928148,9.979497441e-05
1.052,0.01990784218,-0.01665882495,-0.21,0.02000659299,-0.01665145069,-0.2099927555,9.929040539e-05
1.053,0.01999585511,-0.01665497914,-0.21,0.02009409045,-0.01664763855,-0.2099926947,9.877971451e-05
1.054,0.02008429279,-0.01665111477,-0.21,0.02018200635,-0.01664380807,-0.2099926325,9.826295119e-05
1.055,0.02017315186,-0.01664723198,-0.21,0.02027033738,-0.0166399594,-0.2099925688,9.774016507e-05
1.056,0.0202624289,-0.01664333093,-0.21,0.02035908018,-0.01663609267,-0.2099925036,9.721140626e-05
1.057,0.02035212049,-0.01663941177,-0.21,0.02044823134,-0.01663220803,-0.2099924369,9.667672554e-05
1.058,0.02044222316,-0.01663547464,-0.21,0.02053778745,-0.01662830565,-0.2099923687,9.61361744e-05
1.059,0.02053273341,-0.01663151971,-0.21,0.02062774505,-0.01662438566,-0.2099922991,9.558980496e-05
1.06,0.02062364773,-0.01662754711,-0.21,0.02071810068,-0.01662044824,-0.2099922279,9.503766978e-05
1.061,0.02071496254,-0.01662355702,-0.21,0.0208088508,-0.01661649353,-0.2099921553,9.447982162e-05
1.062,0.02080667428,-0.01661954959,-0.21,0.02089999188,-0.01661252168,-0.2099920812,9.391631338e-05
1.063,0.02089877932,-0.01661552496,-0.21,0.02099152035,-0.01660853284,-0.2099920056,9.334719801e-05
1.064,0.02099127402,-0.01661148331,-0.21,0.02108343261,-0.01660452716,-0.2099919286,9.277252866e-05
1.065,0.02108415472,-0.0166074248,-0.21,0.02117572503,-0.0166005048,-0.20999185,9.219235878e-05
1.066,0.02117741771,-0.01660334958,-0.21,0.02126839395,-0.01659646592,-0.20999177,9.160674239e-05
1.067,0.02127105927,-0.01659925782,-0.21,0.0213614357,-0.01659241066,-0.2099916884,9.101573421e-05
1.068,0.02136507565,-0.01659514968,-0.21,0.02145484654,-0.01658833921,-0.2099916054,9.041938973e-05
1.069,0.02145946306,-0.01659102533,-0.21,0.02154862276,-0.01658425171,-0.2099915208,8.981776522e-05
1.07,0.02155421769,-0.01658688493,-0.21,0.02164276059,-0.01658014835,-0.2099914348,8.921091761e-05
1.071,0.02164933572,-0.01658272865,-0.21,0.02173725623,-0.01657602928,-0.2099913473,8.859890441e-05
1.072,0.02174481329,-0.01657855666,-0.21,0.02183210587,-0.01657189467,-0.2099912583,8.798178373e-05
1.073,0.0218406465,-0.01657436913,-0.21,0.02192730566,-0.01656774469,-0.2099911678,8.735961467e-05
1.074,0.02193683144,-0.01657016624,-0.21,0.02202285174,-0.01656357951,-0.2099910758,8.673245774e-05
1.075,0.02203336419,-0.01656594814,-0.21,0.02211874022,-0.01655939932,-0.2099909822,8.610037479e-05
1.076,0.02213024078,-0.01656171502,-0.21,0.02221496718,-0.01655520428,-0.2099908872,8.546342869e-05
1.077,0.02222745721,-0.01655746705,-0.21,0.02231152869,-0.01655099459,-0.2099907906,8.48216829e-05
1.078,0.0223250095,-0.01655320441,-0.21,0.02240842076,-0.01654677042,-0.2099906925,8.417520108e-05
1.079,0.02242289359,-0.01654892726,-0.21,0.02250563943,-0.01654253195,-0.2099905929,8.352404706e-05
1.08,0.02252110544,-0.0165446358,-0.21,0.02260318066,-0.01653827935,-0.2099904918,8.286828501e-05
1.081,0.02261964096,-0.01654033019,-0.21,0.02270104043,-0.0165340128,-0.2099903891,8.220797977e-05
1.082,0.02271849606,-0.01653601062,-0.21,0.02279921468,-0.01652973247,-0.209990285,8.154319721e-05
1.083,0.0228176666,-0.01653167726,-0.21,0.02289769931,-0.01652543853,-0.2099901792,8.08740045e-05
1.084,0.02291714843,-0.0165273303,-0.21,0.02299649023,-0.01652113116,-0.209990072,8.020047026e-05
1.085,0.0230169374,-0.01652296993,-0.21,0.02309558332,-0.01651681055,-0.2099899633,7.95226646e-05
1.086,0.02311702931,-0.01651859631,-0.21,0.02319497442,-0.01651247689,-0.209989853,7.884065905e-05
1.087,0.02321741994,-0.01651420964,-0.21,0.02329465936,-0.01650813036,-0.2099897411,7.815452646e-05
1.088,0.02331810507,-0.0165098101,-0.21,0.02339463397,-0.01650377114,-0.2099896278,7.746434096e-05
1.089,0.02341908043,-0.01650539788,-0.21,0.02349489402,-0.01649939943,-0.2099895129,7.677017795e-05
1.09,0.02352034176,-0.01650097317,-0.21,0.02359543529,-0.01649501541,-0.2099893965,7.607211422e-05
1.091,0.02362188477,-0.01649653614,-0.21,0.02369625353,-0.01649061926,-0.2099892786,7.537022804e-05
1.092,0.02372370514,-0.016492087,-0.21,0.02379734447,-0.01648621117,-0.2099891591,7.46645993e-05
1.093,0.02382579853,-0.01648762593,-0.21,0.02389870382,-0.01648179133,-0.2099890381,7.39553097e-05
1.094,0.0239281606,-0.01648315312,-0.21,0.02400032728,-0.01647735992,-0.2099889156,7.324244289e-05
1.095,0.02403078698,-0.01647866875,-0.21,0.02410221051,-0.01647291713,-0.2099887915,7.252608463e-05
1.096,0.02413367327,-0.01647417303,-0.21,0.02420434918,-0.01646846315,-0.2099886659,7.180632289e-05
1.097,0.02423681508,-0.01646966615,-0.21,0.02430673892,-0.01646399819,-0.2099885388,7.108324795e-05
1.098,0.02434020798,-0.01646514829,-0.21,0.02440937535,-0.01645952244,-0.2099884102,7.035695247e-05
1.099,0.02444384752,-0.01646061966,-0.21,0.02451225409,-0.01645503608,-0.20998828,6.962753159e-05
1.1,0.02454772926,-0.01645608044,-0.21,0.02461537071,-0.01645053932,-0.2099881483,6.8895083e-05
1.101,0.02465184871,-0.01645153084,-0.21,0.02471872078,-0.01644603235,-0.2099880151,6.815970708e-05
1.102,0.02475620138,-0.01644697104,-0.21,0.02482229986,-0.01644151536,-0.2099878803,6.742150705e-05
1.103,0.02486078278,-0.01644240126,-0.21,0.0249261035,-0.01643698854,-0.2099877441,6.66805892e-05
1.104,0.02496558837,-0.01643782167,-0.21,0.0250301272,-0.0164324521,-0.2099876063,6.593706309e-05
1.105,0.02507061362,-0.01643323249,-0.21,0.02513436648,-0.01642790624,-0.209987467,6.51910418e-05
1.106,0.02517585398,-0.0164286339,-0.21,0.02523881683,-0.01642335114,-0.2099873262,6.444263788e-05
1.107,0.02528130487,-0.01642402612,-0.21,0.0253434737,-0.01641878702,-0.2099871839,6.369195778e-05
1.108,0.02538696172,-0.01641940934,-0.21,0.02544833255,-0.01641421409,-0.20998704,6.293910376e-05
1.109,0.02549281993,-0.01641478376,-0.21,0.02555338879,-0.01640963255,-0.2099868946,6.218418097e-05
1.11,0.0255988749,-0.01641014958,-0.21,0.02565863784,-0.01640504261,-0.2099867477,6.142730533e-05
1.111,0.02570512199,-0.01640550701,-0.21,0.02576407512,-0.01640044449,-0.2099865993,6.066860845e-05
1.112,0.02581155658,-0.01640085624,-0.21,0.02586969605,-0.01639583837,-0.2099864494,5.990823826e-05
1.113,0.02591817401,-0.01639619749,-0.21,0.02597549602,-0.01639122445,-0.2099862979,5.914635587e-05
1.114,0.02602496962,-0.01639153095,-0.21,0.02608147044,-0.01638660294,-0.209986145,5.838313073e-05
1.115,0.02613193874,-0.01638685682,-0.21,0.0261876147,-0.01638197403,-0.2099859905,5.761873647e-05
1.116,0.0262390767,-0.01638217532,-0.21,0.02629392416,-0.01637733793,-0.2099858346,5.685334914e-05
1.117,0.02634637878,-0.01637748665,-0.21,0.02640039417,-0.01637269484,-0.2099856772,5.608714797e-05
1.118,0.02645384028,-0.01637279101,-0.21,0.02650702008,-0.01636804496,-0.2099855183,5.532031814e-05
1.119,0.02656145649,-0.01636808862,-0.21,0.02661379722,-0.0163633885,-0.2099853579,5.4553054e-05
1.12,0.02666922267,-0.01636337966,-0.21,0.0267207209,-0.01635872568,-0.209985196,5.378556163e-05
1.121,0.02677713409,-0.01635866437,-0.21,0.02682778646,-0.0163540567,-0.2099850326,5.301806001e-05
1.122,0.026885186,-0.01635394293,-0.21,0.02693498919,-0.01634938175,-0.2099848678,5.225078079e-05
1.123,0.02699337364,-0.01634921556,-0.21,0.0270423244,-0.01634470105,-0.2099847016,5.148396744e-05
1.124,0.02710169225,-0.01634448247,-0.21,0.02714978738,-0.0163400148,-0.2099845339,5.071787441e-05
1.125,0.02721013705,-0.01633974387,-0.21,0.02725737342,-0.01633532319,-0.2099843647,4.995276705e-05
1.126,0.02731870325,-0.01633499996,-0.21,0.02736507779,-0.01633062645,-0.2099841942,4.918892241e-05
1.127,0.02742738606,-0.01633025096,-0.21,0.02747289574,-0.01632592476,-0.2099840222,4.842663084e-05
1.128,0.02753618069,-0.01632549707,-0.21,0.02758082254,-0.01632121835,-0.2099838487,4.766619793e-05
1.129,0.02764508232,-0.0163207385,-0.21,0.02768885344,-0.01631650742,-0.2099836739,4.690794621e-05
1.13,0.02775408614,-0.01631597547,-0.21,0.02779698369,-0.01631179217,-0.2099834976,4.615221672e-05
1.131,0.02786318733,-0.01631120818,-0.21,0.02790520851,-0.01630707283,-0.20998332,4.539936989e-05
1.132,0.02797238106,-0.01630643685,-0.21,0.02801352315,-0.01630234959,-0.209983141,4.46497864e-05
1.133,0.0280816625,-0.01630166169,-0.21,0.02812192283,-0.01629762266,-0.2099829606,4.390386796e-05
1.134,0.0281910268,-0.01629688291,-0.21,0.02823040277,-0.01629289225,-0.2099827788,4.316203839e-05
1.135,0.02830046912,-0.01629210072,-0.21,0.02833895819,-0.01628815857,-0.2099825957,4.242474507e-05
1.136,0.02840998461,-0.01628731533,-0.21,0.0284475843,-0.01628342181,-0.2099824112,4.169246073e-05
1.137,0.02851956842,-0.01628252695,-0.21,0.0285562763,-0.0162786822,-0.2099822254,4.096568538e-05
1.138,0.02862921567,-0.01627773581,-0.21,0.02866502939,-0.01627393995,-0.2099820382,4.024494838e-05
1.139,0.02873892152,-0.0162729421,-0.21,0.02877383878,-0.01626919525,-0.2099818498,3.953081043e-05
1.14,0.02884868108,-0.01626814605,-0.21,0.02888269966,-0.01626444832,-0.20998166,3.882386536e-05
1.141,0.02895848949,-0.01626334786,-0.21,0.02899160722,-0.01625969938,-0.2099814689,3.812474197e-05
1.142,0.02906834188,-0.01625854775,-0.21,0.02910055664,-0.01625494862,-0.2099812766,3.743410572e-05
1.143,0.02917823335,-0.01625374593,-0.21,0.02920954312,-0.01625019626,-0.2099810829,3.675266048e-05
1.144,0.02928815904,-0.01624894262,-0.21,0.02931856184,-0.01624544251,-0.209980888,3.608115037e-05
1.145,0.02939811406,-0.01624413802,-0.21,0.02942760798,-0.01624068757,-0.2099806918,3.542036155e-05
1.146,0.02950809352,-0.01623933236,-0.21,0.02953667672,-0.01623593166,-0.2099804944,3.477112399e-05
1.147,0.02961809254,-0.01623452584,-0.21,0.02964576324,-0.01623117498,-0.2099802958,3.413431296e-05
1.148,0.02972810623,-0.01622971869,-0.21,0.02975486272,-0.01622641774,-0.209980096,3.351085031e-05
1.149,0.0298381297,-0.0162249111,-0.21,0.02986397033,-0.01622166015,-0.2099798949,3.290170524e-05
1.15,0.02994815806,-0.0162201033,-0.21,0.02997308125,-0.01621690243,-0.2099796926,3.230789458e-05
1.151,0.03005818641,-0.0162152955,-0.21,0.03008219066,-0.01621214478,-0.2099794892,3.173048243e-05
1.152,0.03016820988,-0.01621048792,-0.21,0.03019129374,-0.0162073874,-0.2099792846,3.11705791e-05
1.153,0.03027822357,-0.01620568076,-0.21,0.03030038566,-0.01620263052,-0.2099790789,3.062933914e-05
1.154,0.03038822259,-0.01620087424,-0.21,0.03040946161,-0.01619787433,-0.209978872,3.010795843e-05
1.155,0.03049820205,-0.01619606858,-0.21,0.03051851676,-0.01619311905,-0.2099786639,2.960767011e-05
1.156,0.03060815707,-0.01619126398,-0.21,0.03062754629,-0.01618836489,-0.2099784548,2.912973918e-05
1.157,0.03071808276,-0.01618646067,-0.21,0.03073654539,-0.01618361204,-0.2099782446,2.867545557e-05
1.158,0.03082797424,-0.01618165885,-0.21,0.03084550926,-0.01617886073,-0.2099780333,2.824612571e-05
1.159,0.03093782662,-0.01617685874,-0.21,0.03095443306,-0.01617411116,-0.2099778209,2.784306236e-05
1.16,0.03104763503,-0.01617206055,-0.21,0.031063312,-0.01616936353,-0.2099776075,2.746757275e-05
1.161,0.0311573946,-0.0161672645,-0.21,0.03117214127,-0.01616461806,-0.209977393,2.712094509e-05
1.162,0.03126710044,-0.01616247079,-0.21,0.03128091608,-0.01615987496,-0.2099771775,2.680443357e-05
1.163,0.0313767477,-0.01615767965,-0.21,0.03138963161,-0.01615513442,-0.209976961,2.651924208e-05
1.164,0.0314863315,-0.01615289127,-0.21,0.03149828309,-0.01615039667,-0.2099767435,2.626650707e-05
1.165,0.03159584699,-0.01614810588,-0.21,0.03160686571,-0.0161456619,-0.209976525,2.604727984e-05
1.166,0.03170528931,-0.01614332369,-0.21,0.0317153747,-0.01614093032,-0.2099763056,2.586250892e-05
1.167,0.03181465362,-0.01613854491,-0.21,0.03182380528,-0.01613620214,-0.2099760852,2.57130231e-05
1.168,0.03192393505,-0.01613376975,-0.21,0.03193215267,-0.01613147756,-0.2099758639,2.559951575e-05
1.169,0.03203312878,-0.01612899842,-0.21,0.03204041211,-0.01612675679,-0.2099756417,2.552253118e-05
1.17,0.03214222997,-0.01612423113,-0.21,0.03214857884,-0.01612204004,-0.2099754186,2.548245346e-05
1.171,0.03225123379,-0.0161194681,-0.21,0.03225664809,-0.01611732751,-0.2099751946,2.547949843e-05
1.172,0.03236013543,-0.01611470953,-0.21,0.03236461512,-0.01611261941,-0.2099749698,2.551370916e-05
1.173,0.03246893005,-0.01610995564,-0.21,0.0324724752,-0.01610791594,-0.2099747441,2.558495517e-05
1.174,0.03257761287,-0.01610520664,-0.21,0.03258022358,-0.0161032173,-0.2099745176,2.569293543e-05
1.175,0.03268617907,-0.01610046273,-0.21,0.03268785554,-0.01609852371,-0.2099742903,2.583718496e-05
1.176,0.03279462386,-0.01609572413,-0.21,0.03279536637,-0.01609383535,-0.2099740622,2.601708465e-05
1.177,0.03290294247,-0.01609099104,-0.21,0.03290275134,-0.01608915245,-0.2099738333,2.623187389e-05
1.178,0.03301113011,-0.01608626367,-0.21,0.03301000577,-0.01608447519,-0.2099736037,2.648066553e-05
1.179,0.03311918202,-0.01608154223,-0.21,0.03311712496,-0.01607980379,-0.2099733734,2.676246226e-05
1.18,0.03322709344,-0.01607682694,-0.21,0.03322410423,-0.01607513843,-0.2099731424,2.707617401e-05
1.181,0.03333485963,-0.01607211798,-0.21,0.0333309389,-0.01607047934,-0.2099729106,2.742063551e-05
1.182,0.03344247583,-0.01606741559,-0.21,0.03343762432,-0.01606582669,-0.2099726782,2.779462371e-05
1.183,0.03354993734,-0.01606271995,-0.21,0.03354415582,-0.01606118071,-0.2099724452,2.819687423e-05
1.184,0.03365723942,-0.01605803128,-0.21,0.03365052876,-0.01605654158,-0.2099722115,2.862610371e-05
1.185,0.03376437737,-0.01605334978,-0.21,0.03375673853,-0.01605190951,-0.2099719772,2.908100052e-05
1.186,0.03387134649,-0.01604867565,-0.21,0.03386278049,-0.0160472847,-0.2099717423,2.9560261e-05
1.187,0.03397814211,-0.01604400911,-0.21,0.03396865003,-0.01604266735,-0.2099715068,3.006259764e-05
1.188,0.03408475954,-0.01603935036,-0.21,0.03407434257,-0.01603805764,-0.2099712708,3.058674396e-05
1.189,0.03419119412,-0.01603469959,-0.21,0.03417985352,-0.01603345579,-0.2099710343,3.113145978e-05
1.19,0.03429744121,-0.01603005702,-0.21,0.0342851783,-0.01602886198,-0.2099707973,3.169553739e-05
1.191,0.03440349618,-0.01602542284,-0.21,0.03439031235,-0.01602427642,-0.2099705597,3.227780712e-05
1.192,0.03450935439,-0.01602079726,-0.21,0.03449525113,-0.0160196993,-0.2099703217,3.287714155e-05
1.193,0.03461501124,-0.01601618048,-0.21,0.03459999011,-0.01601513082,-0.2099700833,3.349245797e-05
1.194,0.03472046214,-0.0160115727,-0.21,0.03470452477,-0.01601057116,-0.2099698444,3.412271957e-05
1.195,0.03482570249,-0.01600697411,-0.21,0.03480885061,-0.01600602054,-0.2099696052,3.476693578e-05
1.196,0.03493072774,-0.01600238493,-0.21,0.03491296313,-0.01600147913,-0.2099693656,3.542416222e-05
1.197,0.03503553333,-0.01599780534,-0.21,0.03501685785,-0.01599694713,-0.2099691256,3.609350015e-05
1.198,0.03514011473,-0.01599323556,-0.21,0.03512053033,-0.01599242474,-0.2099688852,3.67740955e-05
1.199,0.03524446741,-0.01598867576,-0.21,0.03522397612,-0.01598791215,-0.2099686446,3.746513763e-05
1.2,0.03534858686,-0.01598412616,-0.21,0.03532719077,-0.01598340954,-0.2099684037,3.816585768e-05
1.201,0.03545246859,-0.01597958694,-0.21,0.03543016989,-0.01597891711,-0.2099681625,3.887552696e-05
1.202,0.03555610814,-0.01597505831,-0.21,0.03553290908,-0.01597443505,-0.2099679211,3.959345507e-05
1.203,0.03565950103,-0.01597054045,-0.21,0.03563540395,-0.01596996354,-0.2099676794,4.031898811e-05
1.204,0.03576264284,-0.01596603357,-0.21,0.03573765015,-0.01596550279,-0.2099674376,4.105150676e-05
1.205,0.03586552914,-0.01596153785,-0.21,0.03583964332,-0.01596105296,-0.2099671956,4.17904245e-05
1.206,0.03596815551,-0.01595705348,-0.21,0.03594137915,-0.01595661425,-0.2099669534,4.253518569e-05
1.207,0.03607051758,-0.01595258067,-0.21,0.03604285331,-0.01595218685,-0.2099667112,4.328526378e-05
1.208,0.03617261098,-0.0159481196,-0.21,0.03614406153,-0.01594777094,-0.2099664688,4.404015951e-05
1.209,0.03627443134,-0.01594367046,-0.21,0.03624499951,-0.01594336671,-0.2099662263,4.479939931e-05
1.21,0.03637597435,-0.01593923343,-0.21,0.03634566302,-0.01593897433,-0.2099659838,4.55625336e-05
1.211,0.03647723568,-0.01593480872,-0.21,0.03644604782,-0.015934594,-0.2099657413,4.632913534e-05
1.212,0.03657821105,-0.0159303965,-0.21,0.03654614968,-0.0159302259,-0.2099654987,4.709879859e-05
1.213,0.03667889617,-0.01592599696,-0.21,0.03664596442,-0.0159258702,-0.2099652562,4.787113804e-05
1.214,0.0367792868,-0.01592161029,-0.21,0.03674548784,-0.01592152709,-0.2099650138,4.864579787e-05
1.215,0.03687937871,-0.01591723668,-0.21,0.03684471577,-0.01591719676,-0.2099647714,4.942245438e-05
1.216,0.03697916768,-0.0159128763,-0.21,0.036943644,-0.01591287941,-0.209964529,5.020081032e-05
1.217,0.03707864952,-0.01590852934,-0.21,0.0370422684,-0.01590857522,-0.2099642868,5.098058415e-05
1.218,0.03717782006,-0.01590419598,-0.21,0.03714058482,-0.01590428439,-0.2099640447,5.176149979e-05
1.219,0.03727667515,-0.01589987641,-0.21,0.03723858918,-0.0159000071,-0.2099638028,5.254328121e-05
1.22,0.03737521067,-0.0158955708,-0.21,0.03733627743,-0.01589574353,-0.209963561,5.332565283e-05
1.221,0.03747342252,-0.01589127934,-0.21,0.03743364555,-0.01589149385,-0.2099633195,5.410834414e-05
1.222,0.03757130661,-0.01588700219,-0.21,0.03753068955,-0.01588725823,-0.2099630782,5.489109537e-05
1.223,0.0376688589,-0.01588273955,-0.21,0.03762740544,-0.01588303683,-0.2099628371,5.567366145e-05
1.224,0.03776607534,-0.01587849158,-0.21,0.03772378926,-0.01587882984,-0.2099625964,5.645581273e-05
1.225,0.03786295192,-0.01587425846,-0.21,0.03781983707,-0.01587463742,-0.2099623559,5.723733273e-05
1.226,0.03795948467,-0.01587004036,-0.21,0.03791554494,-0.01587045975,-0.2099621158,5.801801407e-05
1.227,0.03805566962,-0.01586583747,-0.21,0.03801090897,-0.015866297,-0.209961876,5.879765475e-05
1.228,0.03815150283,-0.01586164994,-0.21,0.03810592532,-0.01586214935,-0.2099616366,5.95760558e-05
1.229,0.03824698039,-0.01585747795,-0.21,0.03820059012,-0.01585801696,-0.2099613977,6.035302088e-05
1.23,0.03834209842,-0.01585332167,-0.21,0.03829489959,-0.01585390001,-0.2099611591,6.11283575e-05
1.231,0.03843685306,-0.01584918127,-0.21,0.03838884993,-0.01584979865,-0.2099609211,6.190187873e-05
1.232,0.03853124046,-0.01584505692,-0.21,0.0384824374,-0.01584571306,-0.2099606835,6.267340455e-05
1.233,0.03862525684,-0.01584094878,-0.21,0.03857565826,-0.01584164338,-0.2099604465,6.34427622e-05
1.234,0.0387188984,-0.01583685702,-0.21,0.0386685088,-0.01583758978,-0.20996021,6.420978542e-05
1.235,0.03881216139,-0.0158327818,-0.21,0.03876098534,-0.01583355242,-0.209959974,6.49743131e-05
1.236,0.03890504209,-0.01582872329,-0.21,0.03885308422,-0.01582953145,-0.2099597387,6.573618772e-05
1.237,0.0389975368,-0.01582468164,-0.21,0.03894480183,-0.01582552705,-0.209959504,6.649525446e-05
1.238,0.03908964184,-0.01582065702,-0.21,0.03903613457,-0.01582153936,-0.2099592699,6.725136079e-05
1.239,0.03918135357,-0.01581664958,-0.21,0.03912707886,-0.01581756856,-0.2099590366,6.800435669e-05
1.24,0.03927266839,-0.01581265949,-0.21,0.03921763119,-0.01581361478,-0.2099588039,6.875409517e-05
1.241,0.0393635827,-0.01580868689,-0.21,0.03930778804,-0.01580967819,-0.209958572,6.950043274e-05
1.242,0.03945409295,-0.01580473196,-0.21,0.03939754593,-0.01580575894,-0.2099583408,7.024322949e-05
1.243,0.03954419562,-0.01580079483,-0.21,0.03948690141,-0.01580185717,-0.2099581104,7.09823489e-05
1.244,0.03963388721,-0.01579687567,-0.21,0.03957585106,-0.01579797303,-0.2099578808,7.17176573e-05
1.245,0.03972316425,-0.01579297462,-0.21,0.0396643915,-0.01579410668,-0.2099576521,7.244902334e-05
1.246,0.03981202332,-0.01578909183,-0.21,0.03975251937,-0.01579025825,-0.2099574243,7.317631753e-05
1.247,0.039900461,-0.01578522746,-0.21,0.03984023134,-0.01578642789,-0.2099571973,7.389941205e-05
1.248,0.03998847393,-0.01578138165,-0.21,0.03992752411,-0.01578261575,-0.2099569713,7.461818072e-05
1.249,0.04007605876,-0.01577755454,-0.21,0.04001439443,-0.01577882198,-0.2099567462,7.533249913e-05
1.25,0.04016321219,-0.01577374628,-0.21,0.04010083906,-0.0157750467,-0.2099565221,7.604224479e-05
1.251,0.04024993094,-0.01576995702,-0.21,0.04018685481,-0.01577129008,-0.209956299,7.67472971e-05
1.252,0.04033621176,-0.01576618689,-0.21,0.04027243851,-0.01576755223,-0.209956077,7.744753731e-05
1.253,0.04042205145,-0.01576243604,-0.21,0.04035758703,-0.01576383331,-0.209955856,7.814284833e-05
1.254,0.04050744682,-0.01575870461,-0.21,0.04044229726,-0.01576013344,-0.2099556361,7.883311452e-05
1.255,0.04059239474,-0.01575499272,-0.21,0.04052656615,-0.01575645276,-0.2099554173,7.95182215e-05
1.256,0.04067689209,-0.01575130053,-0.21,0.04061039066,-0.01575279139,-0.2099551997,8.019805608e-05
1.257,0.0407609358,-0.01574762815,-0.21,0.0406937678,-0.01574914947,-0.2099549833,8.087250615e-05
1.258,0.04084452283,-0.01574397573,-0.21,0.04077669459,-0.01574552714,-0.209954768,8.154146073e-05
1.259,0.04092765017,-0.0157403434,-0.21,0.04085916812,-0.01574192451,-0.209954554,8.220480993e-05
1.26,0.04101031484,-0.01573673129,-0.21,0.0409411855,-0.01573834171,-0.2099543412,8.286244502e-05
1.261,0.04109251392,-0.01573313951,-0.21,0.04102274386,-0.01573477888,-0.2099541297,8.351425832e-05
1.262,0.0411742445,-0.01572956821,-0.21,0.04110384039,-0.01573123614,-0.2099539195,8.416014319e-05
1.263,0.04125550372,-0.01572601751,-0.21,0.04118447231,-0.0157277136,-0.2099537107,8.479999392e-05
1.264,0.04133628875,-0.01572248753,-0.21,0.04126463686,-0.01572421139,-0.2099535032,8.543370567e-05
1.265,0.04141659681,-0.01571897839,-0.21,0.04134433133,-0.01572072962,-0.2099532971,8.606117442e-05
1.266,0.04149642513,-0.01571549021,-0.21,0.04142355306,-0.01571726841,-0.2099530924,8.668229691e-05
1.267,0.04157577101,-0.01571202311,-0.21,0.04150229941,-0.01571382788,-0.2099528892,8.729697034e-05
1.268,0.04165463176,-0.01570857721,-0.21,0.04158056778,-0.01571040813,-0.2099526874,8.790509257e-05
1.269,0.04173300475,-0.01570515263,-0.21,0.0416583556,-0.01570700928,-0.2099524872,8.850656255e-05
1.27,0.04181088738,-0.01570174947,-0.21,0.04173566037,-0.01570363144,-0.2099522884,8.910128032e-05
1.271,0.04188827708,-0.01569836785,-0.21,0.04181247959,-0.01570027472,-0.2099520913,8.968914677e-05
1.272,0.04196517132,-0.01569500788,-0.21,0.04188881082,-0.01569693921,-0.2099518957,9.02700632e-05
1.273,0.04204156763,-0.01569166966,-0.21,0.04196465166,-0.01569362503,-0.2099517017,9.084393126e-05
1.274,0.04211746357,-0.01568835331,-0.21,0.04203999975,-0.01569033228,-0.2099515093,9.141065297e-05
1.275,0.04219285672,-0.01568505893,-0.21,0.04211485277,-0.01568706107,-0.2099513186,9.19701309e-05
1.276,0.04226774472,-0.01568178663,-0.21,0.04218920843,-0.0156838115,-0.2099511296,9.252226834e-05
1.277,0.04234212526,-0.0156785365,-0.21,0.04226306449,-0.01568058368,-0.2099509422,9.306696932e-05
1.278,0.04241599605,-0.01567530864,-0.21,0.04233641875,-0.01567737768,-0.2099507566,9.360413861e-05
1.279,0.04248935484,-0.01567210315,-0.21,0.04240926906,-0.01567419363,-0.2099505728,9.413368195e-05
1.28,0.04256219945,-0.01566892013,-0.21,0.04248161328,-0.01567103159,-0.2099503908,9.465550902e-05
1.281,0.04263452771,-0.01566575968,-0.21,0.04255344934,-0.01566789167,-0.2099502105,9.516953455e-05
1.282,0.04270633751,-0.01566262188,-0.21,0.04262477519,-0.01566477395,-0.2099500321,9.567567603e-05
1.283,0.04277762678,-0.01565950682,-0.21,0.04269558883,-0.01566167851,-0.2099498555,9.617385035e-05
1.284,0.04284839349,-0.0156564146,-0.21,0.0427658883,-0.01565860543,-0.2099496809,9.666397121e-05
1.285,0.04291863565,-0.0156533453,-0.21,0.04283567169,-0.01565555481,-0.2099495081,9.71459484e-05
1.286,0.04298835133,-0.015650299,-0.21,0.04290493716,-0.01565252672,-0.2099493372,9.76196886e-05
1.287,0.04305753863,-0.01564727579,-0.21,0.04297368288,-0.01564952123,-0.2099491683,9.808509745e-05
1.288,0.04312619569,-0.01564427575,-0.21,0.04304190709,-0.01564653845,-0.2099490014,9.854208133e-05
1.289,0.0431943207,-0.01564129896,-0.21,0.04310960807,-0.01564357843,-0.2099488365,9.899054594e-05
1.29,0.04326191191,-0.0156383455,-0.21,0.04317678414,-0.01564064127,-0.2099486736,9.943039521e-05
1.291,0.04332896759,-0.01563541543,-0.21,0.04324343367,-0.01563772701,-0.2099485128,9.986153206e-05
1.292,0.04339548608,-0.01563250884,-0.21,0.04330955509,-0.01563483573,-0.2099483541,0.0001002838603
1.293,0.04346146573,-0.01562962579,-0.21,0.04337514684,-0.0156319675,-0.2099481974,0.0001006972865
1.294,0.04352690499,-0.01562676636,-0.21,0.04344020744,-0.01562912237,-0.2099480429,0.0001011017205
1.295,0.0435918023,-0.01562393061,-0.21,0.04350473544,-0.01562630041,-0.2099478905,0.0001014970752
1.296,0.04365615619,-0.0156211186,-0.21,0.04356872942,-0.01562350168,-0.2099477403,0.0001018832654
1.297,0.04371996522,-0.0156183304,-0.21,0.04363218802,-0.01562072625,-0.2099475922,0.0001022602063
1.298,0.04378322799,-0.01561556607,-0.21,0.04369510994,-0.01561797418,-0.2099474464,0.0001026278127
1.299,0.04384594317,-0.01561282567,-0.21,0.04375749391,-0.01561524552,-0.2099473029,0.0001029859985
1.3,0.04390810944,-0.01561010925,-0.21,0.04381933872,-0.01561254034,-0.2099471615,0.0001033346775
1.301,0.04396972558,-0.01560741687,-0.21,0.0438806432,-0.01560985868,-0.2099470225,0.0001036737636
1.302,0.04403079037,-0.01560474858,-0.21,0.04394140624,-0.01560720059,-0.2099468858,0.000104003172
1.303,0.04409130268,-0.01560210444,-0.21,0.04400162676,-0.01560456612,-0.2099467513,0.0001043228189
1.304,0.0441512614,-0.01559948448,-0.21,0.04406130376,-0.01560195531,-0.2099466193,0.0001046326218
1.305,0.04421066548,-0.01559688876,-0.21,0.04412043625,-0.01559936821,-0.2099464896,0.0001049324993
1.306,0.04426951393,-0.01559431732,-0.21,0.04417902332,-0.01559680484,-0.2099463622,0.0001052223702
1.307,0.04432780579,-0.0155917702,-0.21,0.0442370641,-0.01559426526,-0.2099462373,0.0001055021538
1.308,0.04438554017,-0.01558924744,-0.21,0.04429455776,-0.01559174951,-0.2099461149,0.0001057717693
1.309,0.04444271622,-0.01558674907,-0.21,0.04435150355,-0.01558925761,-0.2099459948,0.0001060311359
1.31,0.04449933314,-0.01558427514,-0.21,0.04440790075,-0.0155867896,-0.2099458773,0.0001062801735
1.311,0.0445553902,-0.01558182567,-0.21,0.04446374869,-0.01558434551,-0.2099457622,0.0001065188024
1.312,0.0446108867,-0.01557940069,-0.21,0.04451904676,-0.01558192538,-0.2099456496,0.0001067469438
1.313,0.044665822,-0.01557700024,-0.21,0.0445737944,-0.01557952922,-0.2099455396,0.0001069645197
1.314,0.04472019551,-0.01557462434,-0.21,0.04462799111,-0.01557715705,-0.2099454321,0.0001071714527
1.315,0.04477400672,-0.015572273,-0.21,0.04468163642,-0.0155748089,-0.2099453272,0.0001073676663
1.316,0.04482725513,-0.01556994626,-0.21,0.04473472994,-0.01557248478,-0.2099452249,0.000107553084
1.317,0.04487994031,-0.01556764413,-0.21,0.04478727132,-0.0155701847,-0.2099451252,0.00010772763
1.318,0.04493206191,-0.01556536662,-0.21,0.04483926027,-0.01556790868,-0.2099450281,0.0001078912291
1.319,0.0449836196,-0.01556311376,-0.21,0.04489069654,-0.01556565673,-0.2099449337,0.0001080438063
1.32,0.04503461312,-0.01556088554,-0.21,0.04494157995,-0.01556342887,-0.2099448419,0.0001081852875
1.321,0.04508504226,-0.01555868199,-0.21,0.04499191038,-0.01556122509,-0.2099447528,0.0001083155992
1.322,0.04513490687,-0.01555650311,-0.21,0.04504168774,-0.01555904541,-0.2099446664,0.0001084346686
1.323,0.04518420686,-0.0155543489,-0.21,0.04509091202,-0.01555688982,-0.2099445827,0.0001085424236
1.324,0.04523294218,-0.01555221936,-0.21,0.04513958326,-0.01555475832,-0.2099445018,0.0001086387928
1.325,0.04528111286,-0.01555011449,-0.21,0.04518770154,-0.0155526509,-0.2099444236,0.0001087237054
1.326,0.04532871896,-0.01554803429,-0.21,0.04523526702,-0.01555056757,-0.2099443482,0.0001087970915
1.327,0.04537576062,-0.01554597876,-0.21,0.0452822799,-0.0155485083,-0.2099442756,0.0001088588815
1.328,0.04542223802,-0.01554394789,-0.21,0.04532874045,-0.01554647309,-0.2099442057,0.0001089090067
1.329,0.04546815141,-0.01554194165,-0.21,0.04537464899,-0.01554446192,-0.2099441387,0.0001089473993
1.33,0.0455135011,-0.01553996005,-0.21,0.04542000589,-0.01554247477,-0.2099440746,0.000108973992
1.331,0.04555828744,-0.01553800307,-0.21,0.04546481159,-0.01554051164,-0.2099440133,0.0001089887184
1.332,0.04560251086,-0.01553607068,-0.21,0.04550906659,-0.01553857249,-0.2099439548,0.0001089915129
1.333,0.04564617184,-0.01553416287,-0.21,0.04555277145,-0.01553665731,-0.2099438993,0.0001089823108
1.334,0.04568927091,-0.01553227962,-0.21,0.04559592677,-0.01553476606,-0.2099438466,0.0001089610481
1.335,0.04573180867,-0.01553042089,-0.21,0.04563853322,-0.01553289872,-0.2099437969,0.0001089276617
1.336,0.04577378578,-0.01552858665,-0.21,0.04568059155,-0.01553105525,-0.2099437501,0.0001088820895
1.337,0.04581520297,-0.01552677689,-0.21,0.04572210253,-0.01552923561,-0.2099437063,0.00010882427
1.338,0.04585606101,-0.01552499156,-0.21,0.04576306703,-0.01552743977,-0.2099436654,0.0001087541431
1.339,0.04589636073,-0.01552323062,-0.21,0.04580348596,-0.01552566769,-0.2099436275,0.0001086716492
1.34,0.04593610305,-0.01552149404,-0.21,0.04584336028,-0.01552391933,-0.2099435925,0.0001085767299
1.341,0.04597528893,-0.01551978177,-0.21,0.04588269105,-0.01552219463,-0.2099435606,0.0001084693278
1.342,0.04601391939,-0.01551809378,-0.21,0.04592147935,-0.01552049356,-0.2099435317,0.0001083493864
1.343,0.04605199552,-0.01551643,-0.21,0.04595972634,-0.01551881606,-0.2099435058,0.0001082168503
1.344,0.04608951846,-0.0155147904,-0.21,0.04599743325,-0.01551716208,-0.209943483,0.0001080716647
1.345,0.04612648944,-0.01551317491,-0.21,0.04603460136,-0.01551553156,-0.2099434632,0.000107913776
1.346,0.04616290973,-0.01551158349,-0.21,0.04607123203,-0.01551392445,-0.2099434465,0.0001077431318
1.347,0.04619878067,-0.01551001608,-0.21,0.04610732665,-0.01551234067,-0.2099434328,0.0001075596811
1.348,0.04623410366,-0.0155084726,-0.21,0.04614288671,-0.01551078018,-0.2099434223,0.0001073633744
1.349,0.04626888018,-0.01550695301,-0.21,0.04617791375,-0.01550924289,-0.2099434148,0.0001071541637
1.35,0.04630311175,-0.01550545723,-0.21,0.04621240937,-0.01550772875,-0.2099434105,0.000106932002
1.351,0.04633679996,-0.01550398519,-0.21,0.04624637522,-0.01550623766,-0.2099434093,0.0001066968439
1.352,0.0463699465,-0.01550253681,-0.21,0.04627981306,-0.01550476957,-0.2099434112,0.0001064486451
1.353,0.04640255307,-0.01550111204,-0.21,0.04631272467,-0.01550332438,-0.2099434163,0.0001061873629
1.354,0.04643462149,-0.01549971078,-0.21,0.04634511192,-0.01550190203,-0.2099434245,0.0001059129558
1.355,0.04646615359,-0.01549833295,-0.21,0.04637697673,-0.01550050242,-0.2099434359,0.0001056253842
1.356,0.04649715133,-0.01549697847,-0.21,0.04640832111,-0.01549912547,-0.2099434504,0.00010532461
1.357,0.04652761668,-0.01549564726,-0.21,0.04643914711,-0.01549777108,-0.2099434681,0.000105010597
1.358,0.04655755171,-0.01549433922,-0.21,0.04646945687,-0.01549643917,-0.2099434891,0.0001046833108
1.359,0.04658695854,-0.01549305426,-0.21,0.04649925257,-0.01549512963,-0.2099435132,0.0001043427187
1.36,0.04661583938,-0.01549179228,-0.21,0.04652853648,-0.01549384237,-0.2099435405,0.0001039887901
1.361,0.04664419648,-0.01549055319,-0.21,0.04655731094,-0.01549257729,-0.2099435711,0.0001036214963
1.362,0.04667203219,-0.01548933688,-0.21,0.04658557835,-0.01549133427,-0.2099436049,0.0001032408106
1.363,0.04669934889,-0.01548814325,-0.21,0.04661334116,-0.01549011322,-0.2099436419,0.0001028467085
1.364,0.04672614907,-0.01548697219,-0.21,0.04664060192,-0.01548891401,-0.2099436822,0.0001024391677
1.365,0.04675243526,-0.01548582359,-0.21,0.04666736324,-0.01548773654,-0.2099437257,0.0001020181685
1.366,0.04677821007,-0.01548469733,-0.21,0.04669362778,-0.01548658068,-0.2099437725,0.0001015836934
1.367,0.04680347618,-0.0154835933,-0.21,0.0467193983,-0.01548544632,-0.2099438225,0.0001011357278
1.368,0.04682823634,-0.01548251138,-0.21,0.04674467761,-0.01548433334,-0.2099438758,0.0001006742596
1.369,0.04685249338,-0.01548145145,-0.21,0.0467694686,-0.0154832416,-0.2099439324,0.0001001992798
1.37,0.04687625018,-0.01548041337,-0.21,0.04679377422,-0.01548217098,-0.2099439923,9.971078206e-05
1.371,0.04689950971,-0.01547939702,-0.21,0.04681759751,-0.01548112135,-0.2099440554,9.920876392e-05
1.372,0.046922275,-0.01547840227,-0.21,0.04684094154,-0.01548009256,-0.2099441219,9.869323087e-05
1.373,0.04694454916,-0.01547742898,-0.21,0.0468638095,-0.01547908448,-0.2099441916,9.816419806e-05
1.374,0.04696633538,-0.01547647701,-0.21,0.04688620459,-0.01547809698,-0.2099442647,9.762168828e-05
1.375,0.0469876369,-0.01547554621,-0.21,0.04690813011,-0.01547712991,-0.2099443411,9.706572799e-05
1.376,0.04700845704,-0.01547463646,-0.21,0.04692958945,-0.01547618313,-0.2099444207,9.649634404e-05
1.377,0.04702879922,-0.01547374759,-0.21,0.04695058605,-0.0154752565,-0.2099445037,9.591356238e-05
1.378,0.04704866689,-0.01547287945,-0.21,0.04697112344,-0.01547434986,-0.2099445901,9.531740912e-05
1.379,0.04706806361,-0.01547203189,-0.21,0.04699120524,-0.01547346304,-0.2099446797,9.470791297e-05
1.38,0.04708699299,-0.01547120475,-0.21,0.04701083512,-0.0154725959,-0.2099447727,9.408510804e-05
1.381,0.04710545874,-0.01547039787,-0.21,0.04703001685,-0.01547174825,-0.2099448691,9.344903567e-05
1.382,0.04712346462,-0.01546961109,-0.21,0.04704875424,-0.01547091994,-0.2099449688,9.279974514e-05
1.383,0.04714101448,-0.01546884423,-0.21,0.0470670512,-0.01547011078,-0.2099450718,9.213729318e-05
1.384,0.04715811224,-0.01546809712,-0.21,0.04708491171,-0.01546932062,-0.2099451781,9.146174305e-05
1.385,0.0471747619,-0.0154673696,-0.21,0.04710233981,-0.01546854926,-0.2099452879,9.077316379e-05
1.386,0.04719096753,-0.01546666148,-0.21,0.04711933963,-0.01546779654,-0.209945401,9.007163004e-05
1.387,0.04720673327,-0.01546597258,-0.21,0.04713591539,-0.01546706226,-0.2099455174,8.935722274e-05
1.388,0.04722206337,-0.01546530271,-0.21,0.04715207137,-0.01546634624,-0.2099456372,8.863003019e-05
1.389,0.04723696212,-0.0154646517,-0.21,0.04716781194,-0.01546564829,-0.2099457604,8.789014939e-05
1.39,0.0472514339,-0.01546401934,-0.21,0.04718314152,-0.01546496822,-0.2099458869,8.713768716e-05
1.391,0.04726548318,-0.01546340544,-0.21,0.04719806465,-0.01546430581,-0.2099460168,8.637276087e-05
1.392,0.04727911449,-0.01546280981,-0.21,0.04721258591,-0.01546366087,-0.2099461501,8.559549898e-05
1.393,0.04729233245,-0.01546223224,-0.21,0.04722670997,-0.01546303319,-0.2099462867,8.480604131e-05
1.394,0.04730514176,-0.01546167252,-0.21,0.0472404416,-0.01546242256,-0.2099464268,8.400453953e-05
1.395,0.04731754718,-0.01546113045,-0.21,0.04725378562,-0.01546182876,-0.2099465702,8.319115619e-05
1.396,0.04732955358,-0.01546060582,-0.21,0.04726674696,-0.01546125159,-0.209946717,8.236606124e-05
1.397,0.04734116589,-0.01546009841,-0.21,0.04727933063,-0.01546069082,-0.2099468672,8.152943312e-05
1.398,0.04735238912,-0.015459608,-0.21,0.04729154172,-0.01546014624,-0.2099470207,8.068146428e-05
1.399,0.04736322837,-0.01545913437,-0.21,0.0473033854,-0.01545961763,-0.2099471777,7.982236732e-05
1.4,0.04737368881,-0.01545867729,-0.21,0.04731486694,-0.01545910475,-0.209947338,7.895237931e-05
1.401,0.04738377571,-0.01545823653,-0.21,0.04732599164,-0.01545860738,-0.2099475018,7.807176359e-05
1.402,0.04739349439,-0.01545781186,-0.21,0.04733676491,-0.01545812527,-0.2099476689,7.718080946e-05
1.403,0.04740285028,-0.01545740305,-0.21,0.04734719222,-0.01545765818,-0.2099478394,7.627983155e-05
1.404,0.04741184889,-0.01545700985,-0.21,0.04735727914,-0.01545720586,-0.2099480133,7.536916945e-05
1.405,0.04742049579,-0.01545663201,-0.21,0.04736703131,-0.01545676806,-0.2099481906,7.444918837e-05
1.406,0.04742879666,-0.0154562693,-0.21,0.04737645447,-0.01545634452,-0.2099483713,7.352028161e-05
1.407,0.04743675724,-0.01545592145,-0.21,0.04738555444,-0.01545593498,-0.2099485554,7.258287449e-05
1.408,0.04744438338,-0.01545558822,-0.21,0.04739433712,-0.0154555392,-0.2099487429,7.163742878e-05
1.409,0.04745168098,-0.01545526934,-0.21,0.04740280851,-0.01545515692,-0.2099489338,7.068444693e-05
1.41,0.04745865606,-0.01545496456,-0.21,0.04741097467,-0.01545478787,-0.209949128,6.972447564e-05
1.411,0.04746531469,-0.01545467361,-0.21,0.04741884175,-0.01545443179,-0.2099493257,6.875810892e-05
1.412,0.04747166305,-0.01545439621,-0.21,0.04742641599,-0.0154540884,-0.2099495267,6.778599123e-05
1.413,0.0474777074,-0.01545413209,-0.21,0.04743370373,-0.01545375742,-0.2099497312,6.680882106e-05
1.414,0.04748345407,-0.01545388099,-0.21,0.04744071135,-0.01545343857,-0.209949939,6.582735551e-05
1.415,0.0474889095,-0.01545364261,-0.21,0.04744744537,-0.01545313155,-0.2099501502,6.484241559e-05
1.416,0.0474940802,-0.01545341667,-0.21,0.04745391238,-0.01545283608,-0.2099503648,6.385489248e-05
1.417,0.04749897277,-0.01545320288,-0.21,0.04746011903,-0.01545255185,-0.2099505827,6.286575409e-05
1.418,0.0475035939,-0.01545300096,-0.21,0.0474660721,-0.01545227857,-0.2099508041,6.187605215e-05
1.419,0.04750795035,-0.0154528106,-0.21,0.04747177843,-0.01545201595,-0.2099510288,6.088692942e-05
1.42,0.047512049,-0.0154526315,-0.21,0.04747724495,-0.01545176368,-0.2099512569,5.989962726e-05
1.421,0.04751589679,-0.01545246337,-0.21,0.04748247869,-0.01545152146,-0.2099514884,5.891549367e-05
1.422,0.04751950076,-0.01545230589,-0.21,0.04748748677,-0.01545128897,-0.2099517232,5.793599192e-05
1.423,0.04752286803,-0.01545215875,-0.21,0.04749227639,-0.01545106591,-0.2099519614,5.696270967e-05
1.424,0.04752600582,-0.01545202165,-0.21,0.04749685483,-0.01545085193,-0.209952203,5.599736878e-05
1.425,0.04752892142,-0.01545189424,-0.21,0.04750122949,-0.01545064673,-0.2099524479,5.50418347e-05
1.426,0.04753162225,-0.01545177623,-0.21,0.04750540786,-0.01545044995,-0.2099526962,5.409810818e-05
1.427,0.04753411576,-0.01545166727,-0.21,0.0475093976,-0.01545026124,-0.2099529478,5.31683333e-05
1.428,0.04753640954,-0.01545156704,-0.21,0.04751320648,-0.01545008022,-0.2099532028,5.225482422e-05
1.429,0.04753851126,-0.01545147521,-0.21,0.04751684236,-0.01544990653,-0.2099534612,5.136009562e-05
1.43,0.04754042865,-0.01545139143,-0.21,0.04752031316,-0.01544973978,-0.209953723,5.048688466e-05
1.431,0.04754216957,-0.01545131535,-0.21,0.04752362683,-0.01544957961,-0.209953988,4.963815831e-05
1.432,0.04754374195,-0.01545124665,-0.21,0.04752679138,-0.01544942568,-0.2099542565,4.881710767e-05
1.433,0.04754515382,-0.01545118495,-0.21,0.04752981487,-0.01544927764,-0.2099545282,4.802713556e-05
1.434,0.0475464133,-0.01545112992,-0.21,0.04753270548,-0.01544913516,-0.2099548033,4.727184344e-05
1.435,0.0475475286,-0.01545108119,-0.21,0.04753547145,-0.01544899788,-0.2099550817,4.655502015e-05
1.436,0.04754850802,-0.01545103839,-0.21,0.04753812118,-0.01544886546,-0.2099553634,4.58806307e-05
1.437,0.04754935995,-0.01545100116,-0.21,0.04754066315,-0.01544873752,-0.2099556485,4.525280097e-05
1.438,0.04755009289,-0.01545096914,-0.21,0.04754310594,-0.01544861369,-0.2099559369,4.467579351e-05
1.439,0.04755071543,-0.01545094193,-0.21,0.04754545823,-0.01544849358,-0.2099562285,4.415397152e-05
1.44,0.04755123623,-0.01545091918,-0.21,0.04754772875,-0.0154483768,-0.2099565235,4.369175049e-05
1.441,0.04755166408,-0.01545090048,-0.21,0.04754992634,-0.01544826297,-0.2099568218,4.329353936e-05
1.442,0.04755200783,-0.01545088546,-0.21,0.04755205992,-0.01544815169,-0.2099571234,4.296367382e-05
1.443,0.04755227644,-0.01545087372,-0.21,0.04755413847,-0.01544804258,-0.2099574283,4.27063448e-05
1.444,0.04755247898,-0.01545086487,-0.21,0.04755617113,-0.01544793528,-0.2099577365,4.252552445e-05
1.445,0.0475526246,-0.01545085851,-0.21,0.04755816707,-0.01544782939,-0.2099580479,4.242489169e-05
1.446,0.04755272253,-0.01545085423,-0.21,0.04756013563,-0.01544772453,-0.2099583626,4.240775961e-05
1.447,0.04755278213,-0.01545085163,-0.21,0.04756208619,-0.01544762031,-0.2099586806,4.247700774e-05
1.448,0.04755281284,-0.01545085029,-0.21,0.04756402825,-0.01544751633,-0.2099590019,4.263502306e-05
1.449,0.04755282419,-0.01545084979,-0.21,0.04756597141,-0.01544741216,-0.2099593264,4.288365368e-05
1.45,0.04755282581,-0.01545084972,-0.21,0.04756792534,-0.01544730741,-0.2099596542,4.322417905e-05
1.451,0.04755282454,-0.01545084871,-0.21,0.04756989981,-0.01544720164,-0.2099599852,4.365835727e-05
1.452,0.04755281565,-0.01545084163,-0.21,0.04757171527,-0.01544704986,-0.2099602516,4.417584064e-05
1.453,0.0475527916,-0.0154508225,-0.21,0.04757298333,-0.01544674478,-0.2099603549,4.467737362e-05
1.454,0.04755274491,-0.01545078536,-0.21,0.0475734006,-0.015446169,-0.2099602941,4.499478239e-05
1.455,0.04755266819,-0.01545072433,-0.21,0.04757290043,-0.01544523744,-0.2099601516,4.502602872e-05
1.456,0.04755255413,-0.01545063359,-0.21,0.04757165279,-0.01544392624,-0.2099600182,4.481400379e-05
1.457,0.04755239547,-0.01545050738,-0.21,0.04756996232,-0.01544228446,-0.2099599365,4.451176381e-05
1.458,0.04755218506,-0.01545034,-0.21,0.04756813535,-0.01544042522,-0.2099598938,4.428572963e-05
1.459,0.04755191579,-0.0154501258,-0.21,0.04756637629,-0.01543849624,-0.2099598474,4.423326816e-05
1.46,0.04755158064,-0.01544985919,-0.21,0.0475647456,-0.01543663755,-0.2099597567,4.435824965e-05
1.461,0.04755117268,-0.01544953466,-0.21,0.04756318078,-0.01543493945,-0.2099596018,4.460080925e-05
1.462,0.04755068503,-0.01544914674,-0.21,0.04756155743,-0.01543341544,-0.2099593876,4.488933915e-05
1.463,0.04755011089,-0.01544869001,-0.21,0.04755975751,-0.01543199979,-0.209959136,4.518283028e-05
1.464,0.04754944354,-0.01544815914,-0.21,0.04755771687,-0.01543057074,-0.2099588749,4.548707216e-05
1.465,0.04754867633,-0.01544754883,-0.21,0.04755543832,-0.01542899116,-0.2099586282,4.584468834e-05
1.466,0.04754780268,-0.01544685385,-0.21,0.04755297393,-0.01542715285,-0.2099584099,4.630991859e-05
1.467,0.04754681609,-0.01544606902,-0.21,0.04755039136,-0.01542500945,-0.2099582221,4.692207872e-05
1.468,0.04754571013,-0.01544518924,-0.21,0.04754774208,-0.0154225878,-0.2099580572,4.768803056e-05
1.469,0.04754447843,-0.01544420943,-0.21,0.047545044,-0.01541997474,-0.2099579023,4.857838799e-05
1.47,0.04754311471,-0.0154431246,-0.21,0.04754228213,-0.01541728516,-0.2099577435,4.953768952e-05
1.471,0.04754161275,-0.0154419298,-0.21,0.04753942225,-0.0154146225,-0.2099575708,5.050465277e-05
1.472,0.04753996641,-0.01544062015,-0.21,0.04753642868,-0.01541204498,-0.2099573802,5.143448297e-05
1.473,0.04753816961,-0.01543919081,-0.21,0.04753327757,-0.0154095482,-0.2099571734,5.231377583e-05
1.474,0.04753621636,-0.01543763701,-0.21,0.04752996129,-0.01540706876,-0.2099569573,5.31621413e-05
1.475,0.04753410071,-0.01543595403,-0.21,0.04752648445,-0.01540450641,-0.2099567409,5.402137454e-05
1.476,0.04753181682,-0.01543413721,-0.21,0.04752285551,-0.0154017566,-0.2099565327,5.493824874e-05
1.477,0.04752935889,-0.01543218194,-0.21,0.04751907888,-0.01539874242,-0.2099563389,5.594794403e-05
1.478,0.04752672119,-0.01543008367,-0.21,0.04751515108,-0.01539543575,-0.2099561615,5.7062766e-05
1.479,0.04752389809,-0.01542783791,-0.21,0.0475110617,-0.01539186169,-0.2099559987,5.826815763e-05
1.48,0.04752088399,-0.01542544022,-0.21,0.0475067977,-0.01538808596,-0.2099558452,5.952656282e-05
1.481,0.04751767338,-0.0154228862,-0.21,0.04750234819,-0.01538419031,-0.2099556942,6.078844807e-05
1.482,0.04751426082,-0.01542017154,-0.21,0.0474977073,-0.01538024444,-0.2099555393,6.200760561e-05
1.483,0.04751064094,-0.01541729195,-0.21,0.04749287396,-0.01537628356,-0.2099553762,6.315564238e-05
1.484,0.04750680843,-0.01541424321,-0.21,0.04748784931,-0.01537229814,-0.2099552039,6.423028569e-05
1.485,0.04750275805,-0.01541102116,-0.21,0.04748263309,-0.01536823833,-0.2099550248,6.525452729e-05
1.486,0.04749848463,-0.01540762168,-0.21,0.04747722102,-0.01536403076,-0.2099548441,6.626738163e-05
1.487,0.04749398307,-0.01540404072,-0.21,0.04747160434,-0.01535960161,-0.2099546679,6.731006472e-05
1.488,0.04748924833,-0.01540027427,-0.21,0.04746577134,-0.0153548984,-0.2099545014,6.841244952e-05
1.489,0.04748427545,-0.01539631838,-0.21,0.04745971031,-0.01534990379,-0.2099543475,6.958387268e-05
1.49,0.04747905952,-0.01539216915,-0.21,0.04745341227,-0.01534463762,-0.2099542056,7.081068107e-05
1.491,0.04747359572,-0.01538782273,-0.21,0.0474468725,-0.01533914714,-0.2099540725,7.206094084e-05
1.492,0.04746787926,-0.01538327533,-0.21,0.04744009024,-0.01533348941,-0.2099539429,7.329480315e-05
1.493,0.04746190546,-0.01537852321,-0.21,0.04743306694,-0.01532771167,-0.2099538114,7.447724886e-05
1.494,0.04745566967,-0.01537356268,-0.21,0.04742580368,-0.01532183596,-0.2099536744,7.558898619e-05
1.495,0.04744916732,-0.01536839011,-0.21,0.04741829903,-0.01531585257,-0.2099535307,7.663182341e-05
1.496,0.04744239392,-0.01536300191,-0.21,0.04741054797,-0.01530972377,-0.2099533823,7.762686666e-05
1.497,0.04743534501,-0.01535739456,-0.21,0.04740254228,-0.0153033961,-0.2099532332,7.86065349e-05
1.498,0.04742801623,-0.01535156456,-0.21,0.04739427203,-0.01529681688,-0.2099530881,7.960344465e-05
1.499,0.04742040326,-0.0153455085,-0.21,0.04738572762,-0.01528994949,-0.2099529511,8.063996349e-05
1.5,0.04741250187,-0.01533922299,-0.21,0.04737690153,-0.01528278281,-0.2099528243,8.172162655e-05
1.501,0.04740430785,-0.01533270471,-0.21,0.04736778924,-0.01527533216,-0.2099527072,8.283615013e-05
1.502,0.04739581711,-0.01532595039,-0.21,0.04735838907,-0.01526763185,-0.209952597,8.395803004e-05
1.503,0.04738702558,-0.01531895679,-0.21,0.04734870108,-0.01525972235,-0.2099524898,8.50570856e-05
1.504,0.04737792928,-0.01531172074,-0.21,0.04733872556,-0.01525163618,-0.2099523814,8.610814522e-05
1.505,0.04736852427,-0.01530423912,-0.21,0.04732846158,-0.01524338717,-0.2099522694,8.709873271e-05
1.506,0.04735880669,-0.01529650885,-0.21,0.04731790607,-0.01523496618,-0.2099521531,8.8032322e-05
1.507,0.04734877273,-0.01528852691,-0.21,0.04730705377,-0.01522634427,-0.209952034,8.892629683e-05
1.508,0.04733841867,-0.01528029032,-0.21,0.04729589783,-0.01521748197,-0.2099519154,8.980558128e-05
1.509,0.04732774081,-0.01527179616,-0.21,0.04728443088,-0.01520834127,-0.2099518006,9.069427596e-05
1.51,0.04731673555,-0.01526304155,-0.21,0.04727264627,-0.01519889655,-0.2099516927,9.160808575e-05
1.511,0.04730539932,-0.01525402366,-0.21,0.04726053888,-0.01518914097,-0.2099515929,9.254983513e-05
1.512,0.04729372863,-0.01524473971,-0.21,0.0472481055,-0.01517908671,-0.2099515006,9.350924491e-05
1.513,0.04728172006,-0.01523518698,-0.21,0.04723534455,-0.01516875909,-0.2099514138,9.446679672e-05
1.514,0.04726937023,-0.01522536277,-0.21,0.04722225538,-0.01515818706,-0.2099513293,9.540029787e-05
1.515,0.04725667582,-0.01521526446,-0.21,0.04720883735,-0.015147393,-0.2099512446,9.629198188e-05
1.516,0.0472436336,-0.01520488946,-0.21,0.04719508897,-0.01513638518,-0.2099511577,9.713387132e-05
1.517,0.04723024036,-0.01519423523,-0.21,0.04718100741,-0.01512515519,-0.2099510684,9.792975958e-05
1.518,0.04721649297,-0.01518329928,-0.21,0.04716658846,-0.01511368062,-0.209950978,9.869334067e-05
1.519,0.04720238837,-0.01517207916,-0.21,0.04715182694,-0.01510193219,-0.2099508887,9.944330399e-05
1.52,0.04718792353,-0.01516057249,-0.21,0.04713671739,-0.01508988248,-0.2099508032,0.000100197144
1.521,0.04717309552,-0.01514877691,-0.21,0.04712125481,-0.01507751375,-0.2099507234,0.0001009657182
1.522,0.04715790143,-0.01513669011,-0.21,0.04710543528,-0.01506482217,-0.2099506502,0.0001017502009
1.523,0.04714233842,-0.01512430985,-0.21,0.04708925615,-0.01505181755,-0.2099505829,0.0001025422317
1.524,0.04712640372,-0.01511163391,-0.21,0.04707271594,-0.01503851872,-0.20995052,0.0001033270346
1.525,0.04711009461,-0.01509866012,-0.21,0.04705581382,-0.01502494639,-0.2099504594,0.0001040883935
1.526,0.04709340843,-0.01508538638,-0.21,0.04703854899,-0.01501111582,-0.2099503989,0.0001048138351
1.527,0.04707634256,-0.0150718106,-0.21,0.04702092007,-0.01499703162,-0.2099503376,0.0001054983696
1.528,0.04705889447,-0.01505793077,-0.21,0.04700292476,-0.01498268624,-0.2099502752,0.0001061456642
1.529,0.04704106166,-0.01504374489,-0.21,0.04698455978,-0.0149680624,-0.2099502128,0.0001067664044
1.53,0.0470228417,-0.01502925104,-0.21,0.04696582114,-0.01495313839,-0.2099501521,0.0001073745248
1.531,0.04700423222,-0.01501444732,-0.21,0.04694670468,-0.0149378946,-0.209950095,0.0001079826309
1.532,0.04698523088,-0.01499933189,-0.21,0.0469272066,-0.01492231892,-0.2099500427,0.0001085981064
1.533,0.04696583542,-0.01498390294,-0.21,0.04690732391,-0.01490640958,-0.2099499957,0.0001092210827
1.534,0.04694604364,-0.01496815871,-0.21,0.04688705455,-0.01489017452,-0.2099499537,0.0001098447966
1.535,0.04692585338,-0.0149520975,-0.21,0.04686639734,-0.01487362779,-0.2099499153,0.0001104580939
1.536,0.04690526253,-0.01493571763,-0.21,0.04684535158,-0.01485678418,-0.209949879,0.0001110491853
1.537,0.04688426907,-0.01491901747,-0.21,0.04682391656,-0.01483965401,-0.2099498435,0.0001116094109
1.538,0.04686287099,-0.01490199545,-0.21,0.04680209115,-0.01482223956,-0.2099498079,0.0001121358183
1.539,0.04684106636,-0.01488465002,-0.21,0.04677987353,-0.01480453431,-0.2099497722,0.0001126317934
1.54,0.0468188533,-0.01486697968,-0.21,0.04675726117,-0.01478652499,-0.2099497373,0.0001131056462
1.541,0.04679622998,-0.01484898299,-0.21,0.04673425106,-0.01476819567,-0.2099497044,0.0001135677155
1.542,0.04677319463,-0.01483065853,-0.21,0.04671084009,-0.01474953244,-0.2099496748,0.0001140269981
1.543,0.04674974553,-0.01481200494,-0.21,0.0466870255,-0.01473052727,-0.2099496494,0.0001144883947
1.544,0.04672588102,-0.01479302088,-0.21,0.04666280509,-0.01471117974,-0.2099496286,0.0001149514027
1.545,0.04670159946,-0.01477370507,-0.21,0.04663817745,-0.01469149633,-0.2099496118,0.0001154105826
1.546,0.04667689932,-0.01475405628,-0.21,0.04661314174,-0.01467148753,-0.2099495982,0.0001158575558
1.547,0.04665177907,-0.01473407329,-0.21,0.04658769748,-0.01465116394,-0.2099495865,0.0001162838236
1.548,0.04662623726,-0.01471375496,-0.21,0.04656184416,-0.01463053247,-0.209949576,0.0001166834755
1.549,0.04660027248,-0.01469310016,-0.21,0.04653558094,-0.01460959403,-0.209949566,0.0001170549325
1.55,0.04657388338,-0.01467210782,-0.21,0.04650890648,-0.01458834316,-0.2099495567,0.0001174012222
1.551,0.04654706866,-0.01465077689,-0.21,0.04648181891,-0.01456676981,-0.2099495486,0.0001177287765
1.552,0.04651982707,-0.01462910639,-0.21,0.0464543161,-0.01454486243,-0.2099495427,0.0001180452175
1.553,0.0464921574,-0.01460709536,-0.21,0.04642639585,-0.01452261134,-0.2099495399,0.0001183568942
1.554,0.0464640585,-0.01458474289,-0.21,0.04639805627,-0.01450001143,-0.2099495408,0.0001186669609
1.555,0.04643552928,-0.01456204809,-0.21,0.04636929593,-0.01447706318,-0.2099495455,0.0001189745746
1.556,0.04640656869,-0.01453901014,-0.21,0.04634011395,-0.01445377189,-0.2099495537,0.0001192753992
1.557,0.04637717572,-0.01451562824,-0.21,0.04631050988,-0.0144301455,-0.2099495647,0.0001195631858
1.558,0.04634734943,-0.01449190163,-0.21,0.04628048351,-0.01440619159,-0.2099495776,0.0001198318737
1.559,0.04631708891,-0.0144678296,-0.21,0.04625003458,-0.01438191483,-0.2099495919,0.0001200775175
1.56,0.04628639331,-0.01444341147,-0.21,0.04621916261,-0.01435731535,-0.2099496071,0.0001202994383
1.561,0.04625526184,-0.01441864659,-0.21,0.04618786671,-0.01433238877,-0.2099496234,0.0001205002747
1.562,0.04622369373,-0.01439353438,-0.21,0.04615614568,-0.01430712761,-0.2099496413,0.0001206849769
1.563,0.04619168827,-0.01436807427,-0.21,0.04612399812,-0.01428152367,-0.2099496615,0.0001208591245
1.564,0.04615924482,-0.01434226572,-0.21,0.04609142266,-0.01425557043,-0.2099496845,0.0001210271409
1.565,0.04612636276,-0.01431610827,-0.21,0.04605841815,-0.01422926485,-0.2099497108,0.0001211909755
1.566,0.04609304152,-0.01428960146,-0.21,0.04602498383,-0.01420260802,-0.2099497404,0.0001213496446
1.567,0.04605928059,-0.01426274487,-0.21,0.04599111931,-0.01417560435,-0.209949773,0.0001214997263
1.568,0.0460250795,-0.01423553814,-0.21,0.04595682455,-0.0141482599,-0.209949808,0.0001216366015
1.569,0.04599043783,-0.01420798094,-0.21,0.04592209964,-0.01412058017,-0.209949845,0.0001217560055
1.57,0.04595535521,-0.01418007295,-0.21,0.04588694464,-0.01409256834,-0.2099498834,0.000121855383
1.571,0.04591983129,-0.01415181393,-0.21,0.0458513594,-0.01406422422,-0.2099499231,0.0001219346234
1.572,0.04588386581,-0.01412320364,-0.21,0.04581534354,-0.01403554444,-0.2099499642,0.0001219959795
1.573,0.04584745852,-0.01409424189,-0.21,0.04577889646,-0.01400652363,-0.209950007,0.000122043238
1.574,0.04581060923,-0.01406492854,-0.21,0.04574201741,-0.01397715612,-0.209950052,0.0001220804506
1.575,0.04577331779,-0.01403526346,-0.21,0.04570470575,-0.01394743774,-0.2099500997,0.0001221106529
1.576,0.04573558411,-0.01400524657,-0.21,0.04566696098,-0.013917367,-0.2099501502,0.0001221349799
1.577,0.04569740811,-0.01397487783,-0.21,0.04562878291,-0.01388694535,-0.2099502036,0.000122152435
1.578,0.0456587898,-0.01394415723,-0.21,0.04559017166,-0.01385617654,-0.2099502597,0.0001221603487
1.579,0.0456197292,-0.0139130848,-0.21,0.04555112755,-0.01382506527,-0.209950318,0.0001221553441
1.58,0.04558022638,-0.01388166058,-0.21,0.045511651,-0.01379361566,-0.209950378,0.0001221344722
1.581,0.04554028147,-0.01384988468,-0.21,0.04547174241,-0.01376182993,-0.2099504397,0.0001220961492
1.582,0.04549989462,-0.01381775723,-0.21,0.04543140203,-0.01372970787,-0.2099505027,0.0001220406053
1.583,0.04545906605,-0.01378527838,-0.21,0.04539062993,-0.01369724706,-0.2099505672,0.0001219697308
1.584,0.045417796,-0.01375244834,-0.21,0.04534942605,-0.01366444378,-0.2099506336,0.0001218864024
1.585,0.04537608476,-0.01371926734,-0.21,0.04530779029,-0.01363129437,-0.209950702,0.0001217935335
1.586,0.04533393266,-0.01368573563,-0.21,0.04526572258,-0.01359779642,-0.2099507729,0.0001216931688
1.587,0.04529134008,-0.01365185353,-0.21,0.04522322303,-0.01356394951,-0.2099508463,0.0001215859059
1.588,0.04524830744,-0.01361762137,-0.21,0.04518029199,-0.01352975538,-0.2099509222,0.0001214708123
1.589,0.04520483519,-0.0135830395,-0.21,0.04513693,-0.01349521728,-0.2099510005,0.0001213458336
1.59,0.04516092384,-0.01354810832,-0.21,0.04509313777,-0.01346033898,-0.2099510807,0.0001212085359
1.591,0.04511657393,-0.01351282828,-0.21,0.04504891605,-0.01342512365,-0.2099511626,0.0001210569277
1.592,0.04507178604,-0.01347719982,-0.21,0.0450042656,-0.01338957299,-0.2099512461,0.000120890094
1.593,0.04502656079,-0.01344122345,-0.21,0.04495918705,-0.01335368693,-0.209951331,0.0001207084504
1.594,0.04498089884,-0.01340489969,-0.21,0.04491368093,-0.01331746392,-0.2099514175,0.0001205135589
1.595,0.0449348009,-0.0133682291,-0.21,0.04486774769,-0.01328090159,-0.2099515058,0.0001203075874
1.596,0.04488826772,-0.01333121227,-0.21,0.04482138776,-0.01324399783,-0.209951596,0.000120092608
1.597,0.04484130007,-0.01329384983,-0.21,0.04477460163,-0.01320675151,-0.2099516884,0.0001198699662
1.598,0.04479389877,-0.01325614243,-0.21,0.04472738995,-0.01316916307,-0.209951783,0.000119639919
1.599,0.04474606469,-0.01321809076,-0.21,0.04467975351,-0.0131312344,-0.2099518798,0.000119401641
1.6,0.04469779873,-0.01317969552,-0.21,0.04463169328,-0.01309296841,-0.2099519786,0.0001191535767
1.601,0.04464910183,-0.01314095747,-0.21,0.04458321032,-0.01305436824,-0.2099520792,0.0001188940045
1.602,0.04459997496,-0.01310187739,-0.21,0.04453430576,-0.01301543647,-0.2099521814,0.0001186216227
1.603,0.04455041913,-0.01306245607,-0.21,0.04448498068,-0.01297617455,-0.2099522851,0.0001183359668
1.604,0.04450043541,-0.01302269437,-0.21,0.04443523611,-0.01293658268,-0.2099523902,0.0001180375351
1.605,0.04445002487,-0.01298259314,-0.21,0.044385073,-0.01289666005,-0.2099524969,0.0001177275992
1.606,0.04439918866,-0.01294215328,-0.21,0.04433449227,-0.01285640542,-0.2099526052,0.0001174077781
1.607,0.04434792792,-0.01290137572,-0.21,0.04428349484,-0.01281581786,-0.2099527153,0.0001170795259
1.608,0.04429624387,-0.01286026141,-0.21,0.0442320817,-0.01277489724,-0.2099528273,0.0001167437031
1.609,0.04424413774,-0.01281881135,-0.21,0.04418025395,-0.01273364459,-0.2099529412,0.0001164003625
1.61,0.0441916108,-0.01277702654,-0.21,0.04412801283,-0.01269206195,-0.209953057,0.0001160488066
1.611,0.04413866437,-0.01273490802,-0.21,0.04407535968,-0.01265015199,-0.2099531746,0.0001156878815
1.612,0.04408529979,-0.01269245686,-0.21,0.04402229593,-0.01260791745,-0.2099532937,0.0001153164007
1.613,0.04403151844,-0.01264967417,-0.21,0.04396882301,-0.01256536057,-0.2099534144,0.0001149335535
1.614,0.04397732173,-0.01260656107,-0.21,0.04391494238,-0.01252248275,-0.2099535363,0.0001145391701
1.615,0.04392271113,-0.01256311872,-0.21,0.04386065543,-0.01247928448,-0.2099536597,0.0001141337653
1.616,0.04386768812,-0.0125193483,-0.21,0.04380596351,-0.01243576565,-0.2099537844,0.0001137183596
1.617,0.04381225421,-0.01247525101,-0.21,0.04375086797,-0.01239192593,-0.2099539107,0.0001132941498
1.618,0.04375641096,-0.01243082809,-0.21,0.04369537018,-0.01234776529,-0.2099540385,0.0001128621419
1.619,0.04370015997,-0.01238608082,-0.21,0.04363947157,-0.01230328437,-0.209954168,0.0001124228674
1.62,0.04364350285,-0.01234101047,-0.21,0.04358317365,-0.01225848465,-0.2099542992,0.0001119762692
1.621,0.04358644125,-0.01229561837,-0.21,0.04352647805,-0.01221336827,-0.209954432,0.0001115217826
1.622,0.04352897688,-0.01224990586,-0.21,0.04346938647,-0.01216793778,-0.2099545663,0.0001110585754
1.623,0.04347111144,-0.01220387431,-0.21,0.04341190067,-0.01212219568,-0.2099547019,0.0001105858588
1.624,0.04341284671,-0.01215752511,-0.21,0.04335402242,-0.01207614404,-0.2099548388,0.0001101031666
1.625,0.04335418445,-0.0121108597,-0.21,0.04329575349,-0.01202978431,-0.209954977,0.0001096105139
1.626,0.0432951265,-0.01206387951,-0.21,0.04323709564,-0.01198311737,-0.2099551164,0.0001091083916
1.627,0.0432356747,-0.01201658601,-0.21,0.04317805059,-0.01193614365,-0.2099552571,0.0001085976083
1.628,0.04317583094,-0.01196898072,-0.21,0.04311862009,-0.01188886359,-0.2099553991,0.00010807904
1.629,0.04311559712,-0.01192106514,-0.21,0.0430588059,-0.01184127786,-0.2099555424,0.0001075533728
1.63,0.04305497521,-0.01187284083,-0.21,0.04299860983,-0.0117933877,-0.2099556872,0.0001070209232
1.631,0.04299396717,-0.01182430935,-0.21,0.0429380338,-0.0117451949,-0.2099558334,0.0001064815874
1.632,0.04293257501,-0.01177547232,-0.21,0.04287707977,-0.01169670174,-0.2099559809,0.00010593493
1.633,0.04287080077,-0.01172633134,-0.21,0.04281574976,-0.01164791067,-0.2099561296,0.0001053803734
1.634,0.04280864652,-0.01167688806,-0.21,0.04275404586,-0.01159882408,-0.2099562796,0.0001048174222
1.635,0.04274611434,-0.01162714415,-0.21,0.04269197015,-0.01154944402,-0.2099564306,0.0001042458471
1.636,0.04268320638,-0.01157710131,-0.21,0.04262952471,-0.01149977207,-0.2099565827,0.0001036657727
1.637,0.04261992479,-0.01152676124,-0.21,0.04256671164,-0.01144980945,-0.2099567359,0.0001030776448
1.638,0.04255627175,-0.01147612569,-0.21,0.04250353299,-0.01139955712,-0.2099568902,0.0001024820976
1.639,0.04249224948,-0.01142519642,-0.21,0.04243999087,-0.0113490161,-0.2099570456,0.0001018797679
1.64,0.04242786022,-0.01137397521,-0.21,0.04237608741,-0.01129818764,-0.2099572021,0.0001012711197
1.641,0.04236310624,-0.01132246387,-0.21,0.04231182477,-0.0112470734,-0.2099573598,0.0001006563366
1.642,0.04229798984,-0.01127066423,-0.21,0.04224720518,-0.01119567545,-0.2099575187,0.0001000353105
1.643,0.04223251336,-0.01121857814,-0.21,0.04218223094,-0.01114399616,-0.2099576786,9.940772588e-05
1.644,0.04216667914,-0.01116620747,-0.21,0.04211690438,-0.01109203797,-0.2099578395,9.877320596e-05
1.645,0.04210048956,-0.01111355413,-0.21,0.04205122786,-0.01103980325,-0.2099580014,9.813146952e-05
1.646,0.04203394704,-0.01106062001,-0.21,0.04198520377,-0.01098729409,-0.2099581643,9.74824475e-05
1.647,0.04196705401,-0.01100740708,-0.21,0.04191883447,-0.01093451225,-0.209958328,9.682632397e-05
1.648,0.04189981294,-0.01095391727,-0.21,0.04185212237,-0.01088145928,-0.2099584926,9.616349285e-05
1.649,0.04183222632,-0.01090015258,-0.21,0.04178506985,-0.01082813659,-0.2099586581,9.549444999e-05
1.65,0.04176429665,-0.010846115,-0.21,0.04171767931,-0.01077454567,-0.2099588245,9.481965921e-05
1.651,0.04169602648,-0.01079180656,-0.21,0.04164995322,-0.01072068822,-0.2099589918,9.413943755e-05
1.652,0.04162741838,-0.01073722929,-0.21,0.04158189405,-0.01066656624,-0.2099591601,9.345389554e-05
1.653,0.04155847494,-0.01068238526,-0.21,0.04151350433,-0.01061218201,-0.2099593292,9.276294839e-05
1.654,0.04148919877,-0.01062727655,-0.21,0.04144478663,-0.01055753798,-0.2099594992,9.206638997e-05
1.655,0.04141959252,-0.01057190526,-0.21,0.04137574357,-0.01050263664,-0.20995967,9.136400166e-05
1.656,0.04134965886,-0.01051627352,-0.21,0.04130637778,-0.01044748038,-0.2099598415,9.065565871e-05
1.657,0.04127940046,-0.01046038346,-0.21,0.04123669191,-0.01039207139,-0.2099600138,8.994139973e-05
1.658,0.04120882006,-0.01040423723,-0.21,0.0411666886,-0.01033641163,-0.2099601868,8.922143924e-05
1.659,0.04113792038,-0.01034783703,-0.21,0.04109637053,-0.01028050296,-0.2099603604,8.849612284e-05
1.66,0.04106670419,-0.01029118505,-0.21,0.04102574036,-0.01022434715,-0.2099605348,8.776584332e-05
1.661,0.04099517427,-0.01023428349,-0.21,0.04095480079,-0.01016794609,-0.2099607098,8.70309473e-05
1.662,0.04092333343,-0.0101771346,-0.21,0.04088355455,-0.01011130183,-0.2099608856,8.629166356e-05
1.663,0.0408511845,-0.01011974063,-0.21,0.04081200439,-0.01005441662,-0.209961062,8.554807465e-05
1.664,0.04077873033,-0.01006210384,-0.21,0.04074015313,-0.009997292922,-0.2099612391,8.480013844e-05
1.665,0.0407059738,-0.01000422653,-0.21,0.04066800357,-0.009939933272,-0.2099614168,8.404774897e-05
1.666,0.04063291781,-0.009946110998,-0.21,0.04059555858,-0.00988234022,-0.2099615951,8.329081311e-05
1.667,0.04055956527,-0.009887759565,-0.21,0.04052282104,-0.009824516227,-0.209961774,8.252931923e-05
1.668,0.04048591913,-0.009829174571,-0.21,0.04044979383,-0.009766463617,-0.2099619533,8.176337628e-05
1.669,0.04041198235,-0.009770358372,-0.21,0.04037647984,-0.009708184579,-0.2099621332,8.099321195e-05
1.67,0.0403377579,-0.009711313341,-0.21,0.040302882,-0.009649681222,-0.2099623136,8.021913334e-05
1.671,0.0402632488,-0.009652041867,-0.21,0.04022900321,-0.00959095565,-0.2099624945,7.944146546e-05
1.672,0.04018845806,-0.009592546355,-0.21,0.04015484644,-0.009532010046,-0.2099626759,7.866048946e-05
1.673,0.04011338873,-0.009532829226,-0.21,0.04008041464,-0.009472846723,-0.2099628578,7.787640033e-05
1.674,0.04003804387,-0.009472892917,-0.21,0.04000571084,-0.009413468143,-0.2099630401,7.708929674e-05
1.675,0.03996242658,-0.009412739882,-0.21,0.03993073805,-0.009353876878,-0.2099632229,7.629920392e-05
1.676,0.03988653994,-0.009352372588,-0.21,0.03985549933,-0.009294075559,-0.2099634061,7.550612005e-05
1.677,0.03981038708,-0.009291793519,-0.21,0.03977999776,-0.0092340668,-0.2099635897,7.471006945e-05
1.678,0.03973397114,-0.009231005174,-0.21,0.03970423644,-0.009173853149,-0.2099637736,7.391114508e-05
1.679,0.03965729529,-0.009170010065,-0.21,0.03962821845,-0.009113437057,-0.2099639579,7.310952714e-05
1.68,0.0395803627,-0.009108810721,-0.21,0.03955194693,-0.009052820897,-0.2099641424,7.230547356e-05
1.681,0.03950317656,-0.009047409684,-0.21,0.039475425,-0.008992007005,-0.2099643273,7.149928747e-05
1.682,0.03942574009,-0.00898580951,-0.21,0.0393986558,-0.008930997734,-0.2099645124,7.069127374e-05
1.683,0.03934805652,-0.008924012771,-0.21,0.03932164251,-0.008869795508,-0.2099646979,6.988169983e-05
1.684,0.0392701291,-0.00886202205,-0.21,0.03924438831,-0.008808402849,-0.2099648836,6.907077318e-05
1.685,0.03919196109,-0.008799839946,-0.21,0.0391668964,-0.00874682238,-0.2099650695,6.825864067e-05
1.686,0.03911355579,-0.00873746907,-0.21,0.03908917003,-0.008685056793,-0.2099652556,6.744540533e-05
1.687,0.03903491648,-0.008674912047,-0.21,0.03901121248,-0.008623108811,-0.209965442,6.663116149e-05
1.688,0.03895604649,-0.008612171515,-0.21,0.03893302703,-0.008560981136,-0.2099656285,6.5816034e-05
1.689,0.03887694914,-0.008549250123,-0.21,0.038854617,-0.008498676421,-0.2099658152,6.500020767e-05
1.69,0.03879762778,-0.008486150535,-0.21,0.03877598569,-0.008436197256,-0.2099660019,6.41839376e-05
1.691,0.03871808578,-0.008422875427,-0.21,0.03869713641,-0.008373546185,-0.2099661888,6.336753848e-05
1.692,0.03863832651,-0.008359427486,-0.21,0.03861807245,-0.008310725734,-0.2099663758,6.25513582e-05
1.693,0.03855835338,-0.008295809411,-0.21,0.03853879715,-0.008247738457,-0.2099665629,6.173574624e-05
1.694,0.03847816978,-0.008232023914,-0.21,0.03845931383,-0.008184586958,-0.20996675,6.092102765e-05
1.695,0.03839777914,-0.008168073718,-0.21,0.03837962585,-0.008121273917,-0.2099669372,6.01074911e-05
1.696,0.03831718489,-0.008103961558,-0.21,0.03829973659,-0.008057802073,-0.2099671244,5.929539367e-05
1.697,0.0382363905,-0.008039690178,-0.21,0.03821964944,-0.007994174214,-0.2099673117,5.848497974e-05
1.698,0.03815539941,-0.007975262335,-0.21,0.03813936782,-0.007930393136,-0.2099674989,5.767650668e-05
1.699,0.03807421513,-0.007910680798,-0.21,0.03805889516,-0.007866461618,-0.2099676861,5.687026862e-05
1.7,0.03799284112,-0.007845948342,-0.21,0.03797823489,-0.007802382404,-0.2099678732,5.606661099e-05
1.701,0.0379112809,-0.007781067758,-0.21,0.03789739045,-0.0077381582,-0.2099680602,5.526593195e-05
1.702,0.037829538,-0.007716041842,-0.21,0.03781636529,-0.007673791689,-0.2099682472,5.446867166e-05
1.703,0.03774761592,-0.007650873403,-0.21,0.03773516288,-0.007609285554,-0.209968434,5.367529425e-05
1.704,0.03766551823,-0.00758556526,-0.21,0.03765378668,-0.007544642502,-0.2099686208,5.288626905e-05
1.705,0.03758324847,-0.007520120239,-0.21,0.03757224018,-0.007479865285,-0.2099688074,5.210205771e-05
1.706,0.03750081022,-0.007454541179,-0.21,0.03749052689,-0.007414956703,-0.2099689938,5.132311127e-05
1.707,0.03741820704,-0.007388830924,-0.21,0.03740865032,-0.007349919598,-0.2099691801,5.054987765e-05
1.708,0.03733544253,-0.00732299233,-0.21,0.03732661401,-0.007284756836,-0.2099693661,4.978281651e-05
1.709,0.03725252028,-0.007257028261,-0.21,0.03724442149,-0.007219471283,-0.209969552,4.902241652e-05
1.71,0.03716944392,-0.007190941588,-0.21,0.03716207632,-0.007154065793,-0.2099697376,4.826920952e-05
1.711,0.03708621705,-0.007124735194,-0.21,0.03707958205,-0.007088543193,-0.209969923,4.752377736e-05
1.712,0.03700284331,-0.007058411965,-0.21,0.03699694226,-0.00702290629,-0.2099701081,4.678675034e-05
1.713,0.03691932635,-0.0069919748,-0.21,0.03691416052,-0.006957157881,-0.2099702929,4.605879854e-05
1.714,0.0368356698,-0.006925426602,-0.21,0.03683124041,-0.006891300771,-0.2099704775,4.534061995e-05
1.715,0.03675187734,-0.006858770283,-0.21,0.03674818554,-0.006825337787,-0.2099706617,4.463292967e-05
1.716,0.03666795264,-0.006792008763,-0.21,0.0366649995,-0.006759271789,-0.2099708456,4.393645417e-05
1.717,0.03658389936,-0.006725144968,-0.21,0.03658168592,-0.006693105667,-0.2099710291,4.325193198e-05
1.718,0.03649972121,-0.00665818183,-0.21,0.03649824842,-0.00662684234,-0.2099712123,4.258012057e-05
1.719,0.03641542187,-0.006591122291,-0.21,0.03641469063,-0.006560484735,-0.209971395,4.192180704e-05
1.72,0.03633100505,-0.006523969296,-0.21,0.03633101621,-0.006494035777,-0.2099715774,4.127781552e-05
1.721,0.03624647446,-0.006456725798,-0.21,0.03624722879,-0.00642749838,-0.2099717594,4.064901587e-05
1.722,0.03616183381,-0.006389394756,-0.21,0.03616333205,-0.006360875442,-0.2099719409,4.003632391e-05
1.723,0.03607708685,-0.006321979135,-0.21,0.03607932963,-0.006294169849,-0.209972122,3.944069578e-05
1.724,0.0359922373,-0.006254481905,-0.21,0.03599522523,-0.006227384486,-0.2099723026,3.886311864e-05
1.725,0.03590728889,-0.006186906042,-0.21,0.03591102251,-0.006160522247,-0.2099724828,3.830460035e-05
1.726,0.03582224539,-0.006119254527,-0.21,0.03582672516,-0.006093586045,-0.2099726624,3.776616065e-05
1.727,0.03573711054,-0.006051530347,-0.21,0.03574233687,-0.006026578814,-0.2099728415,3.724882552e-05
1.728,0.03565188811,-0.005983736492,-0.21,0.03565786134,-0.005959503509,-0.2099730202,3.675362487e-05
1.729,0.03556658185,-0.005915875959,-0.21,0.03557330228,-0.005892363099,-0.2099731982,3.628159252e-05
1.73,0.03548119555,-0.005847951747,-0.21,0.0354886634,-0.005825160555,-0.2099733757,3.58337663e-05
1.731,0.03539573297,-0.005779966862,-0.21,0.03540394841,-0.005757898846,-0.2099735527,3.541118621e-05
1.732,0.03531019791,-0.005711924311,-0.21,0.03531916104,-0.005690580929,-0.209973729,3.501488888e-05
1.733,0.03522459414,-0.005643827107,-0.21,0.03523430502,-0.005623209753,-0.2099739048,3.464589811e-05
1.734,0.03513892546,-0.005575678267,-0.21,0.03514938408,-0.005555788263,-0.2099740799,3.430521206e-05
1.735,0.03505319566,-0.00550748081,-0.21,0.03506440196,-0.005488319402,-0.2099742544,3.399378898e-05
1.736,0.03496740855,-0.005439237758,-0.21,0.03497936239,-0.005420806124,-0.2099744282,3.37125331e-05
1.737,0.03488156792,-0.005370952138,-0.21,0.03489426911,-0.005353251397,-0.2099746014,3.346228238e-05
1.738,0.03479567759,-0.005302626979,-0.21,0.03480912588,-0.005285658199,-0.2099747739,3.324379879e-05
1.739,0.03470974137,-0.005234265311,-0.21,0.03472393645,-0.005218029523,-0.2099749458,3.305776076e-05
1.74,0.03462376307,-0.005165870169,-0.21,0.03463870457,-0.005150368366,-0.2099751169,3.290475727e-05
1.741,0.0345377465,-0.005097444588,-0.21,0.034553434,-0.005082677724,-0.2099752873,3.278528222e-05
1.742,0.03445169549,-0.005028991607,-0.21,0.03446812851,-0.005014960591,-0.209975457,3.269972871e-05
1.743,0.03436561386,-0.004960514265,-0.21,0.03438279186,-0.004947219951,-0.2099756259,3.264838288e-05
1.744,0.03427950542,-0.004892015604,-0.21,0.03429742781,-0.004879458781,-0.2099757941,3.263141788e-05
1.745,0.03419337401,-0.004823498667,-0.21,0.03421204013,-0.004811680057,-0.2099759616,3.264888901e-05
1.746,0.03410722346,-0.004754966499,-0.21,0.03412663259,-0.004743886759,-0.2099761282,3.270073087e-05
1.747,0.03402105758,-0.004686422143,-0.21,0.03404120896,-0.004676081868,-0.2099762941,3.278675742e-05
1.748,0.03393488021,-0.004617868647,-0.21,0.03395577302,-0.004608268377,-0.2099764591,3.290666497e-05
1.749,0.03384869519,-0.004549309056,-0.21,0.03387032853,-0.004540449285,-0.2099766233,3.306003797e-05
1.75,0.03376250633,-0.004480746418,-0.21,0.03378487928,-0.004472627595,-0.2099767867,3.324635665e-05
1.751,0.03367631747,-0.004412183781,-0.21,0.03369942903,-0.004404806312,-0.2099769493,3.346500578e-05
1.752,0.03359013244,-0.00434362419,-0.21,0.03361398156,-0.004336988437,-0.209977111,3.371528402e-05
1.753,0.03350395508,-0.004275070694,-0.21,0.03352854065,-0.004269176966,-0.2099772718,3.399641314e-05
1.754,0.0334177892,-0.004206526338,-0.21,0.03344311008,-0.004201374889,-0.2099774318,3.430754728e-05
1.755,0.03333163864,-0.004137994169,-0.21,0.03335769361,-0.004133585191,-0.2099775909,3.464778229e-05
1.756,0.03324550723,-0.004069477233,-0.21,0.03327229501,-0.004065810854,-0.2099777491,3.501616531e-05
1.757,0.0331593988,-0.004000978572,-0.21,0.03318691808,-0.003998054862,-0.2099779063,3.541170455e-05
1.758,0.03307331717,-0.00393250123,-0.21,0.03310156656,-0.003930320202,-0.2099780627,3.583337923e-05
1.759,0.03298726615,-0.003864048249,-0.21,0.03301624424,-0.003862609863,-0.2099782181,3.62801492e-05
1.76,0.03290124959,-0.003795622668,-0.21,0.03293095488,-0.003794926838,-0.2099783726,3.675096394e-05
1.761,0.03281527129,-0.003727227526,-0.21,0.03284570225,-0.003727274117,-0.2099785261,3.724477053e-05
1.762,0.03272933506,-0.003658865858,-0.21,0.03276049011,-0.003659654691,-0.2099786787,3.77605205e-05
1.763,0.03264344473,-0.003590540698,-0.21,0.03267532222,-0.003592071543,-0.2099788303,3.829717548e-05
1.764,0.03255760411,-0.003522255079,-0.21,0.03259020234,-0.003524527652,-0.2099789809,3.885371187e-05
1.765,0.032471817,-0.003454012027,-0.21,0.03250513424,-0.003457025989,-0.2099791306,3.942912484e-05
1.766,0.0323860872,-0.00338581457,-0.21,0.03242012165,-0.003389569522,-0.2099792792,4.002243172e-05
1.767,0.03230041852,-0.00331766573,-0.21,0.03233516833,-0.003322161215,-0.2099794268,4.063267506e-05
1.768,0.03221481475,-0.003249568526,-0.21,0.03225027803,-0.003254804032,-0.2099795734,4.125892521e-05
1.769,0.03212927968,-0.003181525975,-0.21,0.03216545448,-0.003187500936,-0.209979719,4.190028248e-05
1.77,0.03204381711,-0.00311354109,-0.21,0.03208070142,-0.003120254887,-0.2099798636,4.255587854e-05
1.771,0.0319584308,-0.003045616878,-0.21,0.03199602259,-0.003053068847,-0.2099800071,4.322487728e-05
1.772,0.03187312455,-0.002977756345,-0.21,0.0319114217,-0.002985945771,-0.2099801496,4.390647492e-05
1.773,0.03178790211,-0.00290996249,-0.21,0.03182690249,-0.00291888861,-0.209980291,4.459989968e-05
1.774,0.03170276726,-0.002842238309,-0.21,0.03174246868,-0.002851900309,-0.2099804313,4.530441117e-05
1.775,0.03161772376,-0.002774586795,-0.21,0.03165812396,-0.002784983806,-0.2099805706,4.601929962e-05
1.776,0.03153277536,-0.002707010932,-0.21,0.03157387205,-0.00271814203,-0.2099807088,4.674388526e-05
1.777,0.03144792581,-0.002639513702,-0.21,0.03148971666,-0.002651377908,-0.2099808459,4.747751766e-05
1.778,0.03136317884,-0.002572098081,-0.21,0.03140566146,-0.00258469436,-0.2099809819,4.821957521e-05
1.779,0.0312785382,-0.002504767039,-0.21,0.03132171015,-0.002518094302,-0.2099811168,4.896946445e-05
1.78,0.03119400761,-0.002437523541,-0.21,0.03123786641,-0.002451580648,-0.2099812506,4.972661932e-05
1.781,0.03110959079,-0.002370370546,-0.21,0.03115413391,-0.002385156307,-0.2099813833,5.049050005e-05
1.782,0.03102529145,-0.002303311007,-0.21,0.03107051632,-0.002318824181,-0.2099815148,5.126059194e-05
1.783,0.03094111329,-0.002236347869,-0.21,0.03098701729,-0.002252587169,-0.2099816453,5.203640392e-05
1.784,0.03085706002,-0.002169484074,-0.21,0.03090364048,-0.00218644816,-0.2099817746,5.281746714e-05
1.785,0.03077313531,-0.002102722553,-0.21,0.03082038952,-0.002120410034,-0.2099819028,5.360333365e-05
1.786,0.03068934285,-0.002036066235,-0.21,0.03073726806,-0.002054475666,-0.2099820298,5.43935753e-05
1.787,0.03060568631,-0.001969518037,-0.21,0.03065427971,-0.00198864792,-0.2099821557,5.518778286e-05
1.788,0.03052216935,-0.001903080871,-0.21,0.0305714281,-0.001922929655,-0.2099822804,5.598556525e-05
1.789,0.03043879561,-0.001836757643,-0.21,0.03048871682,-0.001857323721,-0.2099824039,5.678654895e-05
1.79,0.03035556874,-0.001770551248,-0.21,0.03040614948,-0.001791832964,-0.2099825263,5.759037723e-05
1.791,0.03027249238,-0.001704464576,-0.21,0.03032372967,-0.001726460222,-0.2099826476,5.839670939e-05
1.792,0.03018957013,-0.001638500507,-0.21,0.03024146096,-0.001661208326,-0.2099827676,5.92052198e-05
1.793,0.03010680562,-0.001572661913,-0.21,0.03015934692,-0.001596080099,-0.2099828865,6.001559687e-05
1.794,0.03002420244,-0.001506951658,-0.21,0.03007739111,-0.001531078354,-0.2099830042,6.082754203e-05
1.795,0.02994176418,-0.001441372598,-0.21,0.02999559708,-0.001466205896,-0.2099831207,6.164076882e-05
1.796,0.02985949442,-0.001375927577,-0.21,0.02991396836,-0.001401465518,-0.209983236,6.24550021e-05
1.797,0.02977739673,-0.001310619434,-0.21,0.02983250848,-0.001336860007,-0.2099833501,6.326997748e-05
1.798,0.02969547466,-0.001245450995,-0.21,0.02975122095,-0.001272392136,-0.2099834631,6.408544087e-05
1.799,0.02961373175,-0.001180425079,-0.21,0.02967010927,-0.001208064673,-0.2099835748,6.490114818e-05
1.8,0.02953217154,-0.001115544495,-0.21,0.02958917694,-0.001143880373,-0.2099836853,6.571686489e-05
1.801,0.02945079753,-0.001050812039,-0.21,0.02950842742,-0.001079841984,-0.2099837946,6.65323657e-05
1.802,0.02936961324,-0.0009862305014,-0.21,0.02942786419,-0.001015952245,-0.2099839028,6.734743395e-05
1.803,0.02928862216,-0.000921802659,-0.21,0.0293474907,-0.0009522138847,-0.2099840096,6.816186103e-05
1.804,0.02920782777,-0.0008575312793,-0.21,0.02926731039,-0.0008886296199,-0.2099841153,6.897544581e-05
1.805,0.02912723352,-0.0007934191187,-0.21,0.02918732668,-0.0008252021572,-0.2099842198,6.978799401e-05
1.806,0.02904684288,-0.0007294689229,-0.21,0.02910754299,-0.0007619341917,-0.209984323,7.059931779e-05
1.807,0.02896665928,-0.0006656834261,-0.21,0.02902796271,-0.0006988284066,-0.2099844251,7.140923534e-05
1.808,0.02888668614,-0.0006020653512,-0.21,0.02894858923,-0.0006358874737,-0.2099845259,7.221757071e-05
1.809,0.02880692688,-0.0005386174098,-0.21,0.02886942593,-0.000573114053,-0.2099846254,7.30241536e-05
1.81,0.02872738488,-0.0004753423014,-0.21,0.02879047616,-0.000510510796,-0.2099847238,7.382882583e-05
1.811,0.02864806352,-0.0004122427137,-0.21,0.02871174328,-0.0004480803462,-0.2099848209,7.463144766e-05
1.812,0.02856896617,-0.000349321322,-0.21,0.02863323067,-0.0003858253373,-0.2099849168,7.543189502e-05
1.813,0.02849009618,-0.0002865807894,-0.21,0.02855494165,-0.0003237483923,-0.2099850115,7.623005173e-05
1.814,0.02841145687,-0.0002240237664,-0.21,0.02847687956,-0.0002618521207,-0.209985105,7.702580058e-05
1.815,0.02833305156,-0.0001616528906,-0.21,0.02839904769,-0.0002001391171,-0.2099851972,7.781901729e-05
1.816,0.02825488356,-9.947078666e-05,-0.21,0.0283214493,-0.0001386119596,-0.2099852883,7.860956902e-05
1.817,0.02817695614,-3.748006603e-05,-0.21,0.02824408765,-7.727320949e-05,-0.2099853781,7.939731736e-05
1.818,0.02809927257,2.431667326e-05,-0.21,0.02816696596,-1.612541186e-05,-0.2099854667,8.018212359e-05
1.819,0.0280218361,8.591684679e-05,-0.21,0.02809008742,4.482890279e-05,-0.2099855541,8.096385377e-05
1.82,0.02794464996,0.0001473178839,-0.21,0.02801345524,0.0001055872171,-0.2099856403,8.174238185e-05
1.821,0.02786771737,0.0002085172281,-0.21,0.02793707261,0.0001661470255,-0.2099857252,8.251759001e-05
1.822,0.02779104151,0.000269512337,-0.21,0.02786094268,0.0002265058302,-0.209985809,8.328936762e-05
1.823,0.02771462558,0.0003303006825,-0.21,0.02778506862,0.0002866611392,-0.2099858915,8.405760892e-05
1.824,0.02763847272,0.0003908797515,-0.21,0.02770945353,0.000346610468,-0.2099859728,8.482221046e-05
1.825,0.02756258608,0.0004512470453,-0.21,0.02763410054,0.0004063513455,-0.2099860529,8.558306898e-05
1.826,0.02748696878,0.0005114000806,-0.21,0.02755901271,0.0004658813199,-0.2099861319,8.634008023e-05
1.827,0.02741162393,0.0005713363891,-0.21,0.02748419311,0.0005251979635,-0.2099862096,8.709313873e-05
1.828,0.0273365546,0.000631053518,-0.21,0.02740964479,0.0005842988742,-0.2099862862,8.784213808e-05
1.829,0.02726176386,0.0006905490303,-0.21,0.02733537077,0.0006431816738,-0.2099863615,8.858697197e-05
1.83,0.02718725476,0.0007498205045,-0.21,0.02726137408,0.0007018440044,-0.2099864357,8.932753531e-05
1.831,0.02711303031,0.0008088655355,-0.21,0.0271876577,0.0007602835229,-0.2099865087,9.00637255e-05
1.832,0.02703909353,0.0008676817342,-0.21,0.02711422461,0.0008184978975,-0.2099865805,9.07954434e-05
1.833,0.02696544738,0.0009262667282,-0.21,0.02704107775,0.0008764848054,-0.2099866511,9.152259376e-05
1.834,0.02689209485,0.0009846181615,-0.21,0.02696822005,0.0009342419343,-0.2099867205,9.224508503e-05
1.835,0.02681903886,0.001042733695,-0.21,0.02689565442,0.0009917669851,-0.2099867887,9.296282839e-05
1.836,0.02674628233,0.001100611007,-0.21,0.02682338373,0.001049057677,-0.2099868558,9.367573638e-05
1.837,0.02667382816,0.001158247793,-0.21,0.02675141087,0.001106111749,-0.2099869216,9.43837215e-05
1.838,0.02660167923,0.001215641765,-0.21,0.02667973865,0.001162926965,-0.2099869863,9.508669523e-05
1.839,0.02652983839,0.001272790654,-0.21,0.02660836991,0.001219501112,-0.2099870498,9.578456776e-05
1.84,0.02645830847,0.001329692208,-0.21,0.02653730745,0.001275831998,-0.2099871121,9.647724864e-05
1.841,0.02638709228,0.001386344194,-0.21,0.02646655404,0.001331917449,-0.2099871732,9.716464793e-05
1.842,0.0263161926,0.001442744397,-0.21,0.02639611243,0.001387755307,-0.2099872331,9.784667757e-05
1.843,0.02624561219,0.001498890618,-0.21,0.02632598536,0.001443343429,-0.2099872919,9.852325237e-05
1.844,0.0261753538,0.001554780682,-0.21,0.02625617552,0.001498679685,-0.2099873495,9.919429032e-05
1.845,0.02610542013,0.001610412427,-0.21,0.02618668559,0.001553761961,-0.2099874059,9.985971207e-05
1.846,0.02603581389,0.001665783715,-0.21,0.02611751824,0.001608588161,-0.2099874611,0.0001005194399
1.847,0.02596653772,0.001720892424,-0.21,0.0260486761,0.00166315621,-0.2099875151,0.0001011733962
1.848,0.02589759428,0.001775736453,-0.21,0.02598016177,0.001717464058,-0.209987568,0.0001018215027
1.849,0.02582898618,0.00183031372,-0.21,0.02591197785,0.001771509677,-0.2099876197,0.0001024636801
1.85,0.02576071601,0.001884622163,-0.21,0.02584412688,0.00182529106,-0.2099876702,0.0001030998478
1.851,0.02569278634,0.001938659742,-0.21,0.02577661141,0.001878806223,-0.2099877195,0.0001037299255
1.852,0.02562519971,0.001992424434,-0.21,0.02570943395,0.001932053202,-0.2099877676,0.0001043538337
1.853,0.02555795864,0.002045914239,-0.21,0.02564259697,0.001985030048,-0.2099878146,0.0001049714947
1.854,0.02549106562,0.002099127177,-0.21,0.02557610293,0.002037734833,-0.2099878604,0.0001055828335
1.855,0.0254245231,0.002152061288,-0.21,0.02550995427,0.002090165645,-0.209987905,0.0001061877765
1.856,0.02535833352,0.002204714636,-0.21,0.02544415338,0.002142320593,-0.2099879485,0.000106786252
1.857,0.0252924993,0.002257085302,-0.21,0.02537870265,0.002194197808,-0.2099879908,0.0001073781883
1.858,0.02522702281,0.002309171392,-0.21,0.02531360442,0.002245795446,-0.2099880319,0.0001079635136
1.859,0.02516190642,0.002360971033,-0.21,0.02524886101,0.002297111683,-0.2099880718,0.0001085421551
1.86,0.02509715244,0.002412482373,-0.21,0.02518447473,0.002348144723,-0.2099881106,0.0001091140394
1.861,0.02503276318,0.002463703582,-0.21,0.02512044784,0.002398892791,-0.2099881482,0.0001096790927
1.862,0.0249687409,0.002514632854,-0.21,0.02505678258,0.002449354135,-0.2099881847,0.000110237242
1.863,0.02490508787,0.002565268405,-0.21,0.02499348115,0.002499527022,-0.2099882199,0.000110788415
1.864,0.02484180627,0.002615608472,-0.21,0.02493054575,0.002549409743,-0.209988254,0.0001113325414
1.865,0.02477889831,0.002665651317,-0.21,0.02486797853,0.002599000609,-0.209988287,0.0001118695518
1.866,0.02471636614,0.002715395224,-0.21,0.0248057816,0.002648297952,-0.2099883187,0.0001123993784
1.867,0.02465421189,0.002764838502,-0.21,0.02474395707,0.002697300129,-0.2099883493,0.0001129219533
1.868,0.02459243765,0.002813979482,-0.21,0.024682507,0.002746005521,-0.2099883788,0.000113437209
1.869,0.02453104549,0.002862816518,-0.21,0.02462143342,0.002794412533,-0.2099884071,0.0001139450771
1.87,0.02447003745,0.002911347989,-0.21,0.02456073835,0.002842519596,-0.2099884342,0.0001144454889
1.871,0.02440941553,0.0029595723,-0.21,0.02450042375,0.002890325167,-0.2099884601,0.0001149383757
1.872,0.02434918172,0.003007487878,-0.21,0.02444049158,0.002937827727,-0.2099884849,0.0001154236687
1.873,0.02428933796,0.003055093175,-0.21,0.02438094373,0.00298502578,-0.2099885085,0.0001159012998
1.874,0.02422988616,0.003102386668,-0.21,0.02432178211,0.003031917853,-0.209988531,0.000116371202
1.875,0.02417082821,0.003149366859,-0.21,0.02426300855,0.0030785025,-0.2099885523,0.0001168333091
1.876,0.02411216595,0.003196032276,-0.21,0.02420462487,0.003124778296,-0.2099885724,0.0001172875558
1.877,0.02405390121,0.00324238147,-0.21,0.02414663287,0.003170743843,-0.2099885914,0.0001177338773
1.878,0.02399603578,0.003288413021,-0.21,0.0240890343,0.003216397768,-0.2099886092,0.0001181722085
1.879,0.0239385714,0.003334125531,-0.21,0.02403183088,0.003261738725,-0.2099886259,0.0001186024845
1.88,0.02388150981,0.003379517632,-0.21,0.02397502429,0.003306765395,-0.2099886414,0.00011902464
1.881,0.02382485269,0.003424587979,-0.21,0.02391861621,0.003351476485,-0.2099886557,0.0001194386094
1.882,0.02376860169,0.003469335255,-0.21,0.02386260824,0.00339587073,-0.2099886689,0.0001198443273
1.883,0.02371275845,0.00351375817,-0.21,0.02380700199,0.00343994689,-0.2099886809,0.0001202417286
1.884,0.02365732454,0.003557855458,-0.21,0.023751799,0.003483703752,-0.2099886917,0.0001206307488
1.885,0.02360230152,0.003601625884,-0.21,0.0236970008,0.003527140128,-0.2099887014,0.0001210113241
1.886,0.02354769092,0.003645068238,-0.21,0.02364260888,0.003570254858,-0.2099887099,0.0001213833913
1.887,0.02349349422,0.003688181337,-0.21,0.02358862469,0.003613046809,-0.2099887172,0.0001217468873
1.888,0.02343971287,0.003730964027,-0.21,0.02353504965,0.003655514873,-0.2099887234,0.0001221017496
1.889,0.02338634829,0.00377341518,-0.21,0.02348188514,0.003697657975,-0.2099887284,0.0001224479152
1.89,0.02333340186,0.003815533699,-0.21,0.02342913251,0.003739475064,-0.2099887323,0.0001227853213
1.891,0.02328087492,0.003857318512,-0.21,0.02337679307,0.003780965121,-0.2099887349,0.0001231139047
1.892,0.02322876879,0.003898768578,-0.21,0.02332486811,0.003822127152,-0.2099887364,0.0001234336023
1.893,0.02317708474,0.003939882882,-0.21,0.02327335885,0.003862960196,-0.2099887368,0.0001237443514
1.894,0.023125824,0.003980660441,-0.21,0.02322226651,0.003903463317,-0.2099887359,0.0001240460895
1.895,0.02307498778,0.004021100299,-0.21,0.02317159225,0.003943635609,-0.2099887339,0.0001243387546
1.896,0.02302457725,0.004061201529,-0.21,0.02312133721,0.003983476193,-0.2099887308,0.0001246222849
1.897,0.02297459352,0.004100963235,-0.21,0.02307150248,0.004022984222,-0.2099887264,0.0001248966192
1.898,0.0229250377,0.004140384549,-0.21,0.02302208911,0.004062158877,-0.2099887209,0.0001251616962
1.899,0.02287591083,0.004179464634,-0.21,0.02297309812,0.004100999368,-0.2099887142,0.0001254174549
1.9,0.02282721392,0.004218202683,-0.21,0.0229245305,0.004139504937,-0.2099887063,0.0001256638341
1.901,0.02277894796,0.004256597919,-0.21,0.02287638718,0.004177674856,-0.2099886972,0.0001259007724
1.902,0.02273111389,0.004294649595,-0.21,0.02282866907,0.004215508428,-0.2099886869,0.0001261282087
1.903,0.02268371259,0.004332356996,-0.21,0.02278137705,0.004253004985,-0.2099886755,0.0001263460818
1.904,0.02263674494,0.004369719436,-0.21,0.02273451192,0.004290163891,-0.2099886628,0.0001265543308
1.905,0.02259021175,0.004406736261,-0.21,0.02268807449,0.004326984541,-0.209988649,0.0001267528952
1.906,0.02254411382,0.00444340685,-0.21,0.02264206549,0.00436346636,-0.209988634,0.0001269417145
1.907,0.02249845187,0.00447973061,-0.21,0.02259648564,0.004399608805,-0.2099886178,0.0001271207289
1.908,0.02245322662,0.004515706983,-0.21,0.02255133561,0.004435411364,-0.2099886003,0.0001272898784
1.909,0.02240843873,0.004551335441,-0.21,0.02250661602,0.004470873556,-0.2099885817,0.000127449103
1.91,0.02236408881,0.004586615488,-0.21,0.02246232747,0.004505994934,-0.2099885619,0.0001275983431
1.911,0.02232017746,0.004621546662,-0.21,0.02241847049,0.004540775084,-0.2099885408,0.0001277375388
1.912,0.02227670522,0.004656128531,-0.21,0.0223750456,0.004575213621,-0.2099885186,0.0001278666302
1.913,0.02223367258,0.004690360698,-0.21,0.02233205325,0.004609310196,-0.2099884951,0.0001279855577
1.914,0.02219108,0.004724242798,-0.21,0.02228949388,0.004643064492,-0.2099884704,0.0001280942617
1.915,0.0221489279,0.004757774499,-0.21,0.02224736786,0.004676476224,-0.2099884445,0.0001281926828
1.916,0.02210721666,0.004790955502,-0.21,0.02220567554,0.00470954514,-0.2099884174,0.0001282807619
1.917,0.02206594661,0.004823785542,-0.21,0.0221644172,0.004742271023,-0.209988389,0.0001283584401
1.918,0.02202511803,0.004856264388,-0.21,0.02212359311,0.004774653688,-0.2099883594,0.0001284256586
1.919,0.02198473119,0.004888391843,-0.21,0.02208320348,0.004806692984,-0.2099883286,0.0001284823587
1.92,0.02194478628,0.004920167743,-0.21,0.02204324847,0.004838388795,-0.2099882965,0.0001285284817
1.921,0.02190528346,0.004951591959,-0.21,0.02200372821,0.004869741038,-0.2099882632,0.0001285639692
1.922,0.02186622286,0.004982664397,-0.21,0.02196464278,0.004900749666,-0.2099882286,0.0001285887625
1.923,0.02182760454,0.005013384997,-0.21,0.02192599222,0.004931414666,-0.2099881928,0.0001286028033
1.924,0.02178942855,0.005043753735,-0.21,0.02188777653,0.00496173606,-0.2099881557,0.0001286060331
1.925,0.02175169486,0.00507377062,-0.21,0.02184999565,0.004991713904,-0.2099881173,0.0001285983939
1.926,0.02171440343,0.005103435699,-0.21,0.02181264948,0.005021348291,-0.2099880777,0.0001285798277
1.927,0.02167755414,0.005132749053,-0.21,0.0217757379,0.005050639348,-0.2099880368,0.0001285502769
1.928,0.02164114685,0.005161710799,-0.21,0.0217392607,0.005079587238,-0.2099879946,0.0001285096837
1.929,0.02160518136,0.00519032109,-0.21,0.02170321767,0.00510819216,-0.2099879511,0.0001284579907
1.93,0.02156965745,0.005218580116,-0.21,0.02166760852,0.005136454348,-0.2099879063,0.0001283951404
1.931,0.02153457483,0.005246488101,-0.21,0.02163243294,0.005164374075,-0.2099878602,0.0001283210754
1.932,0.02149993316,0.005274045307,-0.21,0.02159769055,0.005191951647,-0.2099878128,0.0001282357385
1.933,0.02146573207,0.005301252035,-0.21,0.02156338094,0.005219187409,-0.2099877641,0.0001281390726
1.934,0.02143197114,0.005328108619,-0.21,0.02152950365,0.005246081744,-0.2099877141,0.0001280310206
1.935,0.0213986499,0.005354615433,-0.21,0.02149605817,0.005272635069,-0.2099876627,0.000127911526
1.936,0.02136576784,0.005380772887,-0.21,0.02146304394,0.005298847839,-0.20998761,0.000127780532
1.937,0.02133332438,0.005406581428,-0.21,0.02143046036,0.005324720549,-0.209987556,0.0001276379824
1.938,0.02130131893,0.005432041544,-0.21,0.02139830678,0.005350253729,-0.2099875006,0.000127483821
1.939,0.02126975082,0.005457153757,-0.21,0.02136658251,0.005375447948,-0.2099874439,0.0001273179917
1.94,0.02123861934,0.00548191863,-0.21,0.02133528678,0.005400303812,-0.2099873858,0.0001271404388
1.941,0.02120792375,0.005506336763,-0.21,0.02130441882,0.005424821967,-0.2099873263,0.0001269511066
1.942,0.02117766323,0.005530408795,-0.21,0.02127397777,0.005449003096,-0.2099872655,0.0001267499397
1.943,0.02114783694,0.005554135403,-0.21,0.02124396274,0.005472847922,-0.2099872032,0.0001265368828
1.944,0.02111844397,0.005577517305,-0.21,0.0212143728,0.005496357207,-0.2099871396,0.0001263118808
1.945,0.02108948338,0.005600555256,-0.21,0.02118520693,0.005519531751,-0.2099870746,0.000126074879
1.946,0.02106095416,0.005623250052,-0.21,0.02115646412,0.005542372393,-0.2099870081,0.0001258258226
1.947,0.02103285526,0.005645602527,-0.21,0.02112814325,0.005564880014,-0.2099869402,0.0001255646574
1.948,0.02100518559,0.005667613557,-0.21,0.0211002432,0.005587055531,-0.2099868709,0.0001252913291
1.949,0.020977944,0.005689284057,-0.21,0.02107276276,0.005608899904,-0.2099868002,0.0001250057841
1.95,0.02095112927,0.005710614981,-0.21,0.0210457007,0.005630414132,-0.209986728,0.0001247079687
1.951,0.02092474018,0.005731607325,-0.21,0.02101905572,0.005651599254,-0.2099866543,0.0001243978298
1.952,0.0208987754,0.005752262125,-0.21,0.02099282647,0.005672456351,-0.2099865792,0.0001240753144
1.953,0.02087323359,0.005772580458,-0.21,0.02096701156,0.005692986543,-0.2099865026,0.00012374037
1.954,0.02084811334,0.005792563442,-0.21,0.02094160954,0.005713190992,-0.2099864245,0.0001233929444
1.955,0.02082341319,0.005812212236,-0.21,0.0209166189,0.005733070901,-0.2099863449,0.0001230329856
1.956,0.02079913164,0.005831528041,-0.21,0.02089203809,0.005752627514,-0.2099862638,0.0001226604422
1.957,0.02077526712,0.0058505121,-0.21,0.02086786551,0.005771862117,-0.2099861812,0.000122275263
1.958,0.02075181802,0.005869165696,-0.21,0.02084409949,0.005790776037,-0.209986097,0.0001218773974
1.959,0.02072878268,0.005887490155,-0.21,0.02082073833,0.005809370645,-0.2099860113,0.0001214667953
1.96,0.02070615936,0.005905486846,-0.21,0.02079778025,0.005827647352,-0.2099859241,0.0001210434069
1.961,0.0206839463,0.005923157181,-0.21,0.02077522344,0.005845607611,-0.2099858353,0.0001206071832
1.962,0.02066214167,0.005940502612,-0.21,0.02075306603,0.005863252921,-0.2099857449,0.0001201580754
1.963,0.02064074359,0.005957524636,-0.21,0.02073130609,0.005880584819,-0.2099856529,0.0001196960355
1.964,0.02061975012,0.005974224792,-0.21,0.02070994163,0.00589760489,-0.2099855593,0.000119221016
1.965,0.02059915928,0.005990604664,-0.21,0.02068897062,0.005914314758,-0.2099854641,0.0001187329699
1.966,0.02057896902,0.006006665877,-0.21,0.02066839096,0.005930716093,-0.2099853673,0.0001182318512
1.967,0.02055917724,0.006022410102,-0.21,0.02064820052,0.005946810609,-0.2099852688,0.0001177176143
1.968,0.02053978178,0.006037839053,-0.21,0.02062839709,0.00596260006,-0.2099851687,0.0001171902145
1.969,0.02052078044,0.006052954487,-0.21,0.0206089784,0.005978086249,-0.2099850669,0.000116649608
1.97,0.02050217095,0.006067758206,-0.21,0.02058994216,0.005993271019,-0.2099849634,0.0001160957517
1.971,0.02048395099,0.006082252057,-0.21,0.02057128598,0.006008156261,-0.2099848583,0.0001155286036
1.972,0.02046611818,0.006096437932,-0.21,0.02055300744,0.006022743909,-0.2099847514,0.0001149481223
1.973,0.02044867009,0.006110317767,-0.21,0.02053510406,0.00603703594,-0.2099846429,0.0001143542678
1.974,0.02043160423,0.006123893542,-0.21,0.0205175733,0.00605103438,-0.2099845326,0.0001137470009
1.975,0.02041491805,0.006137167286,-0.21,0.02050041256,0.006064741297,-0.2099844205,0.0001131262838
1.976,0.02039860894,0.00615014107,-0.21,0.02048361918,0.006078158806,-0.2099843067,0.0001124920797
1.977,0.02038267424,0.006162817012,-0.21,0.02046719046,0.006091289068,-0.2099841911,0.0001118443531
1.978,0.02036711123,0.006175197275,-0.21,0.02045112362,0.006104134288,-0.2099840737,0.0001111830702
1.979,0.02035191714,0.00618728407,-0.21,0.02043541583,0.006116696719,-0.2099839545,0.0001105081983
1.98,0.02033708912,0.006199079653,-0.21,0.02042006421,0.00612897866,-0.2099838335,0.0001098197066
1.981,0.02032262429,0.006210586327,-0.21,0.0204050658,0.006140982456,-0.2099837107,0.0001091175657
1.982,0.02030851969,0.006221806441,-0.21,0.02039041762,0.006152710498,-0.209983586,0.0001084017482
1.983,0.0202947723,0.006232742391,-0.21,0.02037611658,0.006164165226,-0.2099834595,0.0001076722286
1.984,0.02028137906,0.006243396621,-0.21,0.02036215957,0.006175349125,-0.209983331,0.0001069289832
1.985,0.02026833683,0.006253771623,-0.21,0.0203485434,0.006186264729,-0.2099832007,0.0001061719908
1.986,0.02025564243,0.006263869933,-0.21,0.02033526483,0.006196914619,-0.2099830684,0.0001054012324
1.987,0.0202432926,0.00627369414,-0.21,0.02032232056,0.006207301422,-0.2099829342,0.0001046166914
1.988,0.02023128402,0.006283246876,-0.21,0.02030970722,0.006217427816,-0.2099827981,0.0001038183541
1.989,0.02021961334,0.006292530823,-0.21,0.02029742138,0.006227296525,-0.20998266,0.0001030062095
1.99,0.02020827711,0.006301548713,-0.21,0.02028545955,0.006236910323,-0.2099825199,0.0001021802498
1.991,0.02019727185,0.006310303325,-0.21,0.0202738182,0.006246272031,-0.2099823779,0.0001013404704
1.992,0.02018659399,0.006318797486,-0.21,0.02026249371,0.006255384523,-0.2099822338,0.000100486869
1.993,0.02017623992,0.006327034074,-0.21,0.02025148241,0.006264250731,-0.2099820876,9.961944389e-05
1.994,0.02016620597,0.006335016014,-0.21,0.02024078058,0.006272873648,-0.2099819394,9.873819376e-05
1.995,0.02015648839,0.006342746281,-0.21,0.02023038442,0.006281256318,-0.2099817891,9.784311949e-05
1.996,0.02014708338,0.006350227902,-0.21,0.02022029009,0.006289401839,-0.2099816367,9.693422679e-05
1.997,0.02013798707,0.00635746395,-0.21,0.02021049366,0.006297313345,-0.2099814821,9.601152926e-05
1.998,0.02012919555,0.006364457549,-0.21,0.02020099116,0.006304994015,-0.2099813253,9.507505047e-05
1.999,0.0201207048,0.006371211876,-0.21,0.02019177853,0.006312447065,-0.2099811664,9.412482474e-05
2,0.02011251079,0.006377730156,-0.21,0.02018285167,0.006319675755,-0.2099810053,9.316089635e-05
2.001,0.02010460939,0.006384015663,-0.21,0.0201742064,0.006326683394,-0.2099808419,9.21833178e-05
2.002,0.02009699643,0.006390071725,-0.21,0.02016583846,0.006333473345,-0.2099806763,9.11921479e-05
2.003,0.02008966765,0.006395901719,-0.21,0.02015774358,0.006340049031,-0.2099805084,9.018745063e-05
2.004,0.02008261874,0.006401509075,-0.21,0.02014991736,0.006346413932,-0.2099803383,8.916929532e-05
2.005,0.02007584533,0.006406897272,-0.21,0.0201423554,0.006352571585,-0.2099801658,8.813775823e-05
2.006,0.02006934299,0.006412069842,-0.21,0.02013505318,0.00635852558,-0.209979991,8.709292529e-05
2.007,0.0200631072,0.00641703037,-0.21,0.02012800615,0.006364279557,-0.2099798138,8.603489509e-05
2.008,0.0200571334,0.006421782489,-0.21,0.02012120968,0.006369837201,-0.2099796343,8.496378152e-05
2.009,0.02005141694,0.006426329889,-0.21,0.02011465906,0.006375202245,-0.2099794524,8.387971554e-05
2.01,0.02004595313,0.00643067631,-0.21,0.02010834955,0.006380378466,-0.209979268,8.278284581e-05
2.011,0.02004073721,0.006434825543,-0.21,0.0201022763,0.006385369697,-0.2099790813,8.167333865e-05
2.012,0.02003576432,0.006438781436,-0.21,0.02009643442,0.006390179822,-0.209978892,8.055137784e-05
2.013,0.02003102959,0.006442547887,-0.21,0.02009081896,0.006394812783,-0.2099787003,7.941716504e-05
2.014,0.02002652803,0.006446128848,-0.21,0.02008542486,0.006399272586,-0.2099785061,7.827091091e-05
2.015,0.02002225461,0.006449528323,-0.21,0.02008024701,0.006403563299,-0.2099783093,7.711282827e-05
2.016,0.02001820423,0.006452750373,-0.21,0.02007528018,0.006407689049,-0.20997811,7.594314037e-05
2.017,0.02001437171,0.006455799109,-0.21,0.02007051908,0.006411654017,-0.209977908,7.476209578e-05
2.018,0.02001075183,0.006458678699,-0.21,0.02006595837,0.006415462433,-0.2099777035,7.356998532e-05
2.019,0.02000733928,0.006461393365,-0.21,0.02006159264,0.006419118575,-0.2099774962,7.236715464e-05
2.02,0.02000412867,0.00646394738,-0.21,0.02005741646,0.006422626764,-0.2099772863,7.115400958e-05
2.021,0.02000111457,0.006466345076,-0.21,0.02005342432,0.006425991369,-0.2099770737,6.993101478e-05
2.022,0.01999829146,0.006468590838,-0.21,0.02004961067,0.006429216815,-0.2099768584,6.86986891e-05
2.023,0.01999565377,0.006470689105,-0.21,0.02004596988,0.006432307579,-0.2099766403,6.745760198e-05
2.024,0.01999319584,0.006472644374,-0.21,0.02004249624,0.0064352682,-0.2099764195,6.620837417e-05
2.025,0.01999091194,0.006474461195,-0.21,0.02003918395,0.006438103277,-0.2099761959,6.495168403e-05
2.026,0.0199887963,0.006476144174,-0.21,0.02003602715,0.006440817468,-0.2099759694,6.368827859e-05
2.027,0.01998684305,0.006477697973,-0.21,0.02003301991,0.006443415489,-0.2099757402,6.241898741e-05
2.028,0.01998504625,0.006479127312,-0.21,0.02003015623,0.006445902111,-0.2099755081,6.114473673e-05
2.029,0.01998339991,0.006480436965,-0.21,0.02002743005,0.006448282157,-0.2099752731,5.986656266e-05
2.03,0.01998189795,0.006481631762,-0.21,0.02002483524,0.006450560503,-0.2099750352,5.858562301e-05
2.031,0.01998053423,0.006482716593,-0.21,0.02002236561,0.006452742076,-0.2099747944,5.730320865e-05
2.032,0.01997930253,0.006483696401,-0.21,0.02002001488,0.00645483186,-0.2099745507,5.602075588e-05
2.033,0.01997819657,0.006484576188,-0.21,0.02001777672,0.006456834895,-0.209974304,5.473986128e-05
2.034,0.01997720998,0.006485361014,-0.21,0.0200156447,0.006458756281,-0.2099740543,5.346229996e-05
2.035,0.01997633633,0.006486055995,-0.21,0.02001361235,0.006460601176,-0.2099738017,5.21900476e-05
2.036,0.01997556912,0.006486666305,-0.21,0.02001167309,0.006462374801,-0.209973546,5.092530575e-05
2.037,0.01997490177,0.006487197177,-0.21,0.0200098203,0.006464082433,-0.2099732873,4.967052997e-05
2.038,0.01997432763,0.006487653901,-0.21,0.02000804727,0.00646572941,-0.2099730256,4.842845993e-05
2.039,0.01997383998,0.006488041825,-0.21,0.02000634722,0.006467321123,-0.2099727608,4.720215097e-05
2.04,0.01997343201,0.006488366356,-0.21,0.02000471331,0.006468863022,-0.2099724929,4.599500676e-05
2.041,0.01997309687,0.006488632961,-0.21,0.02000313863,0.006470360611,-0.2099722219,4.48108127e-05
2.042,0.0199728276,0.006488847164,-0.21,0.02000161618,0.006471819452,-0.2099719478,4.365376932e-05
2.043,0.01997261718,0.006489014548,-0.21,0.02000013889,0.006473245164,-0.2099716706,4.252852451e-05
2.044,0.01997245853,0.006489140758,-0.21,0.01999869962,0.006474643429,-0.2099713902,4.144020265e-05
2.045,0.01997234446,0.006489231495,-0.21,0.01999729116,0.006476019986,-0.2099711066,4.039442739e-05
2.046,0.01997226775,0.006489292522,-0.21,0.01999590622,0.006477380636,-0.2099708199,3.939733412e-05
2.047,0.01997222106,0.006489329662,-0.21,0.01999453744,0.006478731242,-0.20997053,3.845556691e-05
2.048,0.01997219701,0.006489348796,-0.21,0.01999317738,0.006480077725,-0.2099702368,3.757625391e-05
2.049,0.01997218812,0.006489355869,-0.21,0.01999181853,0.006481426065,-0.2099699405,3.676695469e-05
2.05,0.01997218684,0.006489356882,-0.21,0.01999045331,0.006482782304,-0.2099696409,3.603557324e-05
2.051,0.01997218728,0.00648935845,-0.21,0.01998907405,0.006484152538,-0.2099693381,3.538949383e-05
2.052,0.01997219031,0.006489369397,-0.21,0.01998776538,0.006485575023,-0.209969059,3.484719673e-05
2.053,0.01997219853,0.006489399016,-0.21,0.01998672444,0.00648713063,-0.2099688537,3.444179851e-05
2.054,0.01997221447,0.006489456505,-0.21,0.01998612374,0.006488899729,-0.2099687492,3.421092921e-05
2.055,0.01997224066,0.00648955097,-0.21,0.01998602115,0.006490926444,-0.2099687353,3.419468078e-05
2.056,0.01997227961,0.006489691423,-0.21,0.01998634107,0.0064932004,-0.2099687764,3.442312995e-05
2.057,0.01997233378,0.006489886784,-0.21,0.01998691733,0.006495660677,-0.2099688329,3.489136208e-05
2.058,0.01997240562,0.006490145881,-0.21,0.01998756634,0.006498218612,-0.2099688776,3.554740311e-05
2.059,0.01997249756,0.006490477447,-0.21,0.01998815421,0.006500789703,-0.2099689023,3.631166768e-05
2.06,0.01997261199,0.006490890128,-0.21,0.01998863215,0.006503322431,-0.2099689144,3.711497989e-05
2.061,0.01997275129,0.006491392474,-0.21,0.01998903255,0.006505813866,-0.2099689286,3.792740212e-05
2.062,0.01997291779,0.006491992946,-0.21,0.01998943525,0.006508307426,-0.2099689584,3.876302093e-05
2.063,0.01997311382,0.006492699913,-0.21,0.01998992338,0.006510874945,-0.20996901,3.966452119e-05
2.064,0.01997334168,0.006493521656,-0.21,0.01999054797,0.006513590587,-0.2099690811,4.067919922e-05
2.065,0.01997360363,0.006494466362,-0.21,0.01999131327,0.006516506455,-0.2099691631,4.18367383e-05
2.066,0.01997390193,0.006495542131,-0.21,0.01999218406,0.006519638293,-0.2099692455,4.313581095e-05
2.067,0.01997423879,0.006496756972,-0.21,0.01999310718,0.006522965391,-0.2099693206,4.454349634e-05
2.068,0.01997461641,0.006498118804,-0.21,0.01999403601,0.006526443417,-0.2099693855,4.600710937e-05
2.069,0.01997503696,0.00649963546,-0.21,0.01999494733,0.006530024472,-0.2099694424,4.747296241e-05
2.07,0.01997550258,0.006501314682,-0.21,0.01999584578,0.006533676625,-0.2099694966,4.89039485e-05
2.071,0.01997601541,0.006503164122,-0.21,0.01999675665,0.006537396094,-0.2099695536,5.0289264e-05
2.072,0.01997657753,0.006505191348,-0.21,0.01999771218,0.006541208467,-0.2099696164,5.164365486e-05
2.073,0.01997719103,0.006507403838,-0.21,0.01999873823,0.006545159529,-0.2099696851,5.299782257e-05
2.074,0.01997785794,0.006509808982,-0.21,0.01999984619,0.006549299889,-0.2099697567,5.438446877e-05
2.075,0.0199785803,0.006512414084,-0.21,0.02000103229,0.006553669362,-0.2099698275,5.582533889e-05
2.076,0.01997936011,0.006515226361,-0.21,0.02000228294,0.006558286595,-0.2099698942,5.732361824e-05
2.077,0.01998019934,0.006518252943,-0.21,0.0200035827,0.006563147054,-0.2099699555,5.886368816e-05
2.078,0.01998109995,0.006521500875,-0.21,0.0200049213,0.006568229296,-0.2099700121,6.041750466e-05
2.079,0.01998206386,0.006524977115,-0.21,0.0200062972,0.006573506516,-0.2099700663,6.195470354e-05
2.08,0.01998309299,0.006528688536,-0.21,0.02000771704,0.006578958846,-0.2099701205,6.345259939e-05
2.081,0.01998418922,0.006532641925,-0.21,0.02000919211,0.006584582038,-0.2099701766,6.490267301e-05
2.082,0.01998535439,0.006536843986,-0.21,0.02001073381,0.006590389842,-0.2099702349,6.631165152e-05
2.083,0.01998659036,0.006541301336,-0.21,0.02001235005,0.006596409858,-0.2099702945,6.769730601e-05
2.084,0.01998789892,0.00654602051,-0.21,0.02001404378,0.006602674929,-0.2099703538,6.908090249e-05
2.085,0.01998928188,0.006551007956,-0.21,0.02001581363,0.006609213507,-0.2099704111,7.04792172e-05
2.086,0.01999074098,0.006556270043,-0.21,0.02001765609,0.006616042434,-0.2099704655,7.189888969e-05
2.087,0.01999227799,0.006561813052,-0.21,0.02001956795,0.006623164438,-0.2099705168,7.333480695e-05
2.088,0.01999389461,0.006567643183,-0.21,0.02002154806,0.006630570745,-0.209970566,7.47726787e-05
2.089,0.01999559254,0.006573766555,-0.21,0.02002359792,0.006638247423,-0.2099706142,7.619454171e-05
2.09,0.01999737345,0.0065801892,-0.21,0.02002572121,0.006646182887,-0.2099706627,7.75850597e-05
2.091,0.019999239,0.006586917074,-0.21,0.02002792254,0.006654373848,-0.2099707119,7.89363968e-05
2.092,0.02000119082,0.006593956045,-0.21,0.02003020626,0.006662827787,-0.2099707619,8.025011903e-05
2.093,0.0200032305,0.006601311905,-0.21,0.02003257561,0.006671561413,-0.209970812,8.153570043e-05
2.094,0.02000535963,0.00660899036,-0.21,0.02003503245,0.006680596031,-0.2099708614,8.28064415e-05
2.095,0.02000757978,0.00661699704,-0.21,0.02003757752,0.006689951715,-0.2099709094,8.407443772e-05
2.096,0.02000989248,0.006625337491,-0.21,0.02004021104,0.006699642454,-0.2099709557,8.534642784e-05
2.097,0.02001229924,0.00663401718,-0.21,0.02004293329,0.006709673836,-0.2099710005,8.662186851e-05
2.098,0.02001480157,0.006643041494,-0.21,0.02004574501,0.006720043844,-0.2099710441,8.789369899e-05
2.099,0.02001740092,0.006652415741,-0.21,0.02004864754,0.00673074619,-0.2099710873,8.915129909e-05
2.1,0.02002009876,0.006662145148,-0.21,0.02005164272,0.006741774803,-0.2099711306,9.038443131e-05
2.101,0.0200228965,0.006672234866,-0.21,0.02005473265,0.00675312778,-0.2099711743,9.158671848e-05
2.102,0.02002579557,0.006682689965,-0.21,0.02005791944,0.006764809499,-0.2099712182,9.275748726e-05
2.103,0.02002879733,0.006693515437,-0.21,0.02006120503,0.006776830308,-0.2099712622,9.390147297e-05
2.104,0.02003190315,0.006704716197,-0.21,0.02006459108,0.006789204141,-0.2099713058,9.50266701e-05
2.105,0.02003511438,0.006716297081,-0.21,0.02006807899,0.006801945068,-0.2099713487,9.614123663e-05
2.106,0.02003843233,0.00672826285,-0.21,0.02007166991,0.006815064092,-0.2099713907,9.725061312e-05
2.107,0.0200418583,0.006740618184,-0.21,0.02007536487,0.006828567285,-0.2099714319,9.835584178e-05
2.108,0.02004539357,0.006753367691,-0.21,0.02007916487,0.006842455783,-0.2099714724,9.94535673e-05
2.109,0.0200490394,0.006766515899,-0.21,0.02008307092,0.006856727475,-0.2099715126,0.0001005375742
2.11,0.02005279701,0.006780067261,-0.21,0.02008708414,0.006871379651,-0.2099715528,0.0001016011924
2.111,0.02005666763,0.006794026154,-0.21,0.02009120577,0.006886411578,-0.2099715931,0.0001026396565
2.112,0.02006065244,0.006808396881,-0.21,0.02009543718,0.006901826131,-0.2099716336,0.000103651598
2.113,0.02006475262,0.006823183669,-0.21,0.02009977981,0.006917629987,-0.2099716741,0.0001046392218
2.114,0.02006896933,0.006838390668,-0.21,0.02010423515,0.006933832446,-0.2099717144,0.0001056072204
2.115,0.02007330368,0.006854021957,-0.21,0.02010880456,0.006950443416,-0.2099717543,0.0001065609125
2.116,0.02007775679,0.006870081538,-0.21,0.02011348931,0.006967471349,-0.2099717938,0.0001075043274
2.117,0.02008232975,0.006886573342,-0.21,0.02011829045,0.006984921837,-0.2099718327,0.0001084389087
2.118,0.02008702363,0.006903501222,-0.21,0.0201232089,0.007002797315,-0.2099718712,0.0001093632381
2.119,0.02009183947,0.006920868963,-0.21,0.02012824546,0.007021097869,-0.2099719095,0.0001102737853
2.12,0.02009677832,0.006938680272,-0.21,0.02013340097,0.00703982276,-0.2099719477,0.0001111663342
2.121,0.02010184116,0.006956938788,-0.21,0.02013867631,0.007058972078,-0.209971986,0.0001120375254
2.122,0.020107029,0.006975648074,-0.21,0.02014407252,0.00707854793,-0.2099720243,0.0001128859647
2.123,0.0201123428,0.006994811624,-0.21,0.02014959073,0.007098554788,-0.2099720627,0.0001137125478
2.124,0.02011778351,0.007014432857,-0.21,0.02015523214,0.007118998956,-0.2099721011,0.000114519954
2.125,0.02012335206,0.007034515123,-0.21,0.02016099792,0.007139887419,-0.2099721392,0.0001153115609
2.126,0.02012904936,0.0070550617,-0.21,0.02016688915,0.007161226529,-0.2099721771,0.0001160902105
2.127,0.02013487629,0.007076075796,-0.21,0.02017290675,0.007183021011,-0.2099722146,0.0001168572711
2.128,0.02014083373,0.007097560549,-0.21,0.02017905151,0.007205273596,-0.209972252,0.0001176123005
2.129,0.02014692253,0.007119519024,-0.21,0.02018532409,0.007227985366,-0.2099722891,0.0001183533733
2.13,0.02015314351,0.00714195422,-0.21,0.02019172517,0.007251156619,-0.2099723262,0.0001190778993
2.131,0.0201594975,0.007164869063,-0.21,0.02019825543,0.007274787901,-0.2099723634,0.0001197836046
2.132,0.02016598527,0.007188266413,-0.21,0.02020491568,0.007298880843,-0.2099724006,0.0001204693154
2.133,0.02017260762,0.007212149059,-0.21,0.02021170678,0.007323438511,-0.2099724379,0.0001211352875
2.134,0.02017936528,0.007236519723,-0.21,0.02021862967,0.007348465205,-0.2099724751,0.0001217830067
2.135,0.020186259,0.007261381056,-0.21,0.02022568526,0.007373965814,-0.2099725123,0.0001224145753
2.136,0.0201932895,0.007286735644,-0.21,0.0202328744,0.007399945003,-0.2099725494,0.0001230319375
2.137,0.02020045746,0.007312586004,-0.21,0.02024019784,0.007426406523,-0.2099725863,0.0001236362285
2.138,0.02020776358,0.007338934587,-0.21,0.02024765621,0.007453352883,-0.2099726231,0.0001242274653
2.139,0.0202152085,0.007365783775,-0.21,0.02025525008,0.007480785459,-0.2099726598,0.0001248046568
2.14,0.02022279289,0.007393135884,-0.21,0.02026297996,0.007508704971,-0.2099726964,0.0001253662583
2.141,0.02023051734,0.007420993165,-0.21,0.0202708464,0.007537112116,-0.2099727332,0.0001259107799
2.142,0.02023838248,0.007449357802,-0.21,0.02027884998,0.007566008141,-0.2099727699,0.0001264373225
2.143,0.0202463889,0.007478231913,-0.21,0.02028699136,0.007595395135,-0.2099728068,0.00012694586
2.144,0.02025453715,0.007507617551,-0.21,0.02029527121,0.007625275993,-0.2099728437,0.0001274371904
2.145,0.02026282779,0.007537516703,-0.21,0.0203036902,0.007655654063,-0.2099728806,0.0001279126028
2.146,0.02027126136,0.007567931293,-0.21,0.02031224897,0.007686532652,-0.2099729175,0.0001283734021
2.147,0.02027983836,0.007598863179,-0.21,0.02032094809,0.007717914568,-0.2099729543,0.00012882047
2.148,0.0202885593,0.007630314156,-0.21,0.02032978802,0.007749801846,-0.209972991,0.0001292540137
2.149,0.02029742466,0.007662285953,-0.21,0.02033876921,0.007782195758,-0.2099730277,0.0001296735732
2.15,0.0203064349,0.007694780239,-0.21,0.02034789204,0.00781509706,-0.2099730645,0.0001300782619
2.151,0.02031559046,0.007727798616,-0.21,0.0203571569,0.007848506376,-0.2099731013,0.0001304671358
2.152,0.02032489178,0.007761342626,-0.21,0.0203665642,0.007882424574,-0.2099731381,0.0001308395506
2.153,0.02033433925,0.007795413748,-0.21,0.02037611438,0.007916853001,-0.2099731751,0.0001311953819
2.154,0.02034393328,0.007830013396,-0.21,0.02038580791,0.007951793508,-0.2099732122,0.0001315350451
2.155,0.02035367424,0.007865142926,-0.21,0.02039564524,0.007987248268,-0.2099732493,0.0001318593233
2.156,0.02036356248,0.00790080363,-0.21,0.02040562681,0.008023219489,-0.2099732864,0.0001321690828
2.157,0.02037359836,0.007936996739,-0.21,0.020415753,0.008059709104,-0.2099733235,0.0001324649842
2.158,0.02038378218,0.007973723423,-0.21,0.02042602414,0.008096718572,-0.2099733607,0.0001327472913
2.159,0.02039411427,0.008010984792,-0.21,0.02043644052,0.008134248841,-0.2099733978,0.000133015836
2.16,0.02040459491,0.008048781895,-0.21,0.02044700239,0.008172300468,-0.209973435,0.000133270138
2.161,0.02041522438,0.00808711572,-0.21,0.02045770999,0.008210873848,-0.2099734723,0.0001335096229
2.162,0.02042600293,0.008125987198,-0.21,0.02046856356,0.008249969456,-0.2099735097,0.000133733855
2.163,0.0204369308,0.008165397198,-0.21,0.02047956337,0.00828958802,-0.2099735472,0.0001339427004
2.164,0.02044800823,0.00820534653,-0.21,0.02049070967,0.00832973057,-0.2099735848,0.0001341363707
2.165,0.02045923541,0.008245835948,-0.21,0.02050200273,0.008370398352,-0.2099736225,0.0001343153417
2.166,0.02047061254,0.008286866143,-0.21,0.02051344281,0.008411592662,-0.2099736602,0.000134480187
2.167,0.02048213981,0.008328437752,-0.21,0.02052503011,0.008453314646,-0.209973698,0.0001346313924
2.168,0.02049381735,0.008370551352,-0.21,0.02053676481,0.008495565158,-0.2099737358,0.000134769217
2.169,0.02050564533,0.008413207463,-0.21,0.02054864706,0.008538344711,-0.2099737737,0.0001348936465
2.17,0.02051762387,0.008456406547,-0.21,0.02056067695,0.008581653528,-0.2099738117,0.0001350044464
2.171,0.02052975308,0.00850014901,-0.21,0.0205728546,0.008625491674,-0.2099738498,0.0001351012875
2.172,0.02054203306,0.008544435202,-0.21,0.02058518007,0.00866985921,-0.209973888,0.0001351838937
2.173,0.02055446389,0.008589265415,-0.21,0.02059765346,0.008714756315,-0.2099739262,0.0001352521588
2.174,0.02056704563,0.008634639885,-0.21,0.02061027488,0.008760183338,-0.2099739646,0.0001353061926
2.175,0.02057977834,0.008680558795,-0.21,0.02062304439,0.008806140763,-0.2099740031,0.0001353462888
2.176,0.02059266206,0.00872702227,-0.21,0.02063596209,0.008852629114,-0.2099740417,0.0001353728307
2.177,0.02060569679,0.008774030381,-0.21,0.02064902802,0.008899648833,-0.2099740804,0.0001353861737
2.178,0.02061888254,0.008821583144,-0.21,0.02066224221,0.008947200179,-0.2099741192,0.000135386549
2.179,0.02063221931,0.008869680521,-0.21,0.02067560466,0.00899528318,-0.209974158,0.0001353740185
2.18,0.02064570707,0.008918322419,-0.21,0.02068911532,0.009043897654,-0.2099741969,0.0001353484933
2.181,0.02065934578,0.008967508692,-0.21,0.02070277416,0.009093043276,-0.2099742359,0.0001353098035
2.182,0.02067313538,0.009017239141,-0.21,0.02071658111,0.009142719681,-0.2099742751,0.0001352577902
2.183,0.0206870758,0.009067513513,-0.21,0.02073053611,0.009192926541,-0.2099743143,0.0001351923857
2.184,0.02070116696,0.009118331502,-0.21,0.0207446391,0.009243663615,-0.2099743537,0.0001351136548
2.185,0.02071540876,0.00916969275,-0.21,0.02075889,0.009294930737,-0.2099743931,0.0001350217865
2.186,0.02072980109,0.009221596847,-0.21,0.02077328873,0.009346727765,-0.2099744327,0.0001349170425
2.187,0.02074434381,0.009274043331,-0.21,0.02078783519,0.00939905451,-0.2099744724,0.0001347996858
2.188,0.02075903678,0.009327031688,-0.21,0.02080252926,0.009451910663,-0.2099745121,0.0001346699145
2.189,0.02077387986,0.009380561353,-0.21,0.02081737079,0.009505295756,-0.209974552,0.0001345278245
2.19,0.02078887286,0.00943463171,-0.21,0.02083235961,0.009559209169,-0.2099745919,0.0001343734114
2.191,0.0208040156,0.009489242092,-0.21,0.02084749555,0.009613650161,-0.2099746319,0.0001342066069
2.192,0.02081930788,0.009544391783,-0.21,0.02086277839,0.009668617934,-0.209974672,0.0001340273353
2.193,0.0208347495,0.009600080016,-0.21,0.02087820793,0.009724111685,-0.2099747123,0.0001338355667
2.194,0.02085034022,0.009656305973,-0.21,0.02089378397,0.009780130644,-0.2099747526,0.0001336313504
2.195,0.0208660798,0.00971306879,-0.21,0.02090950628,0.009836674076,-0.2099747931,0.0001334148174
2.196,0.02088196799,0.009770367551,-0.21,0.02092537463,0.009893741255,-0.2099748337,0.0001331861543
2.197,0.02089800453,0.009828201293,-0.21,0.02094138878,0.00995133142,-0.2099748743,0.0001329455604
2.198,0.02091418913,0.009886569003,-0.21,0.02095754847,0.01000944373,-0.209974915,0.0001326932037
2.199,0.0209305215,0.009945469621,-0.21,0.02097385342,0.01006807723,-0.2099749559,0.0001324291925
2.2,0.02094700133,0.01000490204,-0.21,0.02099030334,0.01012723086,-0.2099749968,0.00013215357
2.201,0.0209636283,0.0100648651,-0.21,0.02100689789,0.01018690345,-0.2099750378,0.0001318663321
2.202,0.02098040207,0.01012535761,-0.21,0.02102363677,0.01024709377,-0.2099750789,0.0001315674605
2.203,0.02099732231,0.0101863783,-0.21,0.02104051962,0.01030780058,-0.20997512,0.0001312569576
2.204,0.02101438865,0.01024792589,-0.21,0.02105754611,0.01036902261,-0.2099751613,0.0001309348719
2.205,0.02103160072,0.01030999904,-0.21,0.02107471587,0.01043075863,-0.2099752027,0.0001306013042
2.206,0.02104895813,0.01037259635,-0.21,0.02109202855,0.01049300738,-0.2099752442,0.0001302563959
2.207,0.02106646049,0.01043571639,-0.21,0.02110948376,0.0105557676,-0.2099752857,0.000129900304
2.208,0.02108410738,0.01049935769,-0.21,0.02112708111,0.01061903793,-0.2099753273,0.0001295331727
2.209,0.02110189839,0.01056351871,-0.21,0.02114482019,0.01068281698,-0.209975369,0.0001291551123
2.21,0.02111983308,0.01062819789,-0.21,0.02116270059,0.01074710323,-0.2099754108,0.000128766192
2.211,0.021137911,0.01069339362,-0.21,0.02118072186,0.01081189511,-0.2099754526,0.0001283664476
2.212,0.02115613169,0.01075910424,-0.21,0.02119888354,0.01087719097,-0.2099754946,0.0001279559002
2.213,0.02117449468,0.01082532805,-0.21,0.02121718518,0.01094298913,-0.2099755365,0.0001275345786
2.214,0.02119299949,0.0108920633,-0.21,0.0212356263,0.0110092879,-0.2099755786,0.0001271025375
2.215,0.02121164562,0.01095930821,-0.21,0.02125420642,0.01107608557,-0.2099756207,0.0001266598645
2.216,0.02123043256,0.01102706094,-0.21,0.02127292505,0.01114338042,-0.2099756629,0.0001262066759
2.217,0.0212493598,0.01109531963,-0.21,0.02129178169,0.01121117072,-0.2099757052,0.0001257431024
2.218,0.0212684268,0.01116408236,-0.21,0.02131077582,0.01127945466,-0.2099757475,0.0001252692714
2.219,0.02128763302,0.01123334717,-0.21,0.02132990692,0.0113482304,-0.2099757898,0.0001247852922
2.22,0.02130697791,0.01130311207,-0.21,0.02134917444,0.01141749602,-0.2099758322,0.0001242912489
2.221,0.0213264609,0.01137337502,-0.21,0.02136857783,0.01148724953,-0.2099758747,0.0001237872026
2.222,0.02134608142,0.01144413393,-0.21,0.02138811652,0.0115574889,-0.2099759172,0.0001232732016
2.223,0.02136583887,0.01151538668,-0.21,0.02140778992,0.01162821205,-0.2099759597,0.0001227492957
2.224,0.02138573266,0.01158713112,-0.21,0.02142759746,0.01169941687,-0.2099760023,0.0001222155482
2.225,0.02140576218,0.01165936505,-0.21,0.02144753854,0.01177110123,-0.2099760449,0.0001216720428
2.226,0.02142592681,0.01173208621,-0.21,0.02146761254,0.01184326299,-0.2099760875,0.0001211188823
2.227,0.0214462259,0.01180529234,-0.21,0.02148781884,0.01191589999,-0.2099761302,0.000120556182
2.228,0.02146665883,0.01187898112,-0.21,0.02150815684,0.01198901001,-0.2099761728,0.0001199840581
2.229,0.02148722494,0.01195315018,-0.21,0.02152862587,0.01206259079,-0.2099762155,0.0001194026181
2.23,0.02150792356,0.01202779713,-0.21,0.02154922529,0.01213664003,-0.2099762582,0.0001188119543
2.231,0.02152875402,0.01210291955,-0.21,0.02156995444,0.01221115535,-0.2099763009,0.0001182121443
2.232,0.02154971563,0.01217851494,-0.21,0.02159081263,0.01228613436,-0.2099763436,0.0001176032556
2.233,0.0215708077,0.01225458082,-0.21,0.02161179918,0.01236157458,-0.2099763863,0.0001169853541
2.234,0.02159202951,0.01233111462,-0.21,0.02163291341,0.01243747354,-0.209976429,0.0001163585126
2.235,0.02161338037,0.01240811378,-0.21,0.02165415459,0.01251382873,-0.2099764717,0.0001157228161
2.236,0.02163485953,0.01248557566,-0.21,0.02167552202,0.01259063762,-0.2099765143,0.0001150783624
2.237,0.02165646627,0.01256349762,-0.21,0.02169701497,0.01266789766,-0.209976557,0.0001144252587
2.238,0.02167819983,0.01264187696,-0.21,0.02171863271,0.01274560623,-0.2099765996,0.0001137636154
2.239,0.02170005946,0.01272071095,-0.21,0.0217403745,0.01282376073,-0.2099766422,0.0001130935389
2.24,0.02172204439,0.01279999684,-0.21,0.02176223958,0.01290235847,-0.2099766847,0.0001124151278
2.241,0.02174415386,0.01287973182,-0.21,0.0217842272,0.01298139673,-0.2099767272,0.0001117284707
2.242,0.02176638706,0.01295991307,-0.21,0.02180633656,0.01306087275,-0.2099767696,0.0001110336495
2.243,0.02178874322,0.01304053771,-0.21,0.02182856689,0.01314078373,-0.209976812,0.0001103307437
2.244,0.02181122152,0.01312160286,-0.21,0.02185091739,0.01322112684,-0.2099768543,0.0001096198358
2.245,0.02183382115,0.01320310557,-0.21,0.02187338725,0.01330189922,-0.2099768966,0.0001089010155
2.246,0.02185654129,0.01328504287,-0.21,0.02189597568,0.01338309798,-0.2099769387,0.0001081743812
2.247,0.0218793811,0.01336741178,-0.21,0.02191868184,0.01346472021,-0.2099769808,0.0001074400381
2.248,0.02190233975,0.01345020925,-0.21,0.02194150491,0.01354676299,-0.2099770228,0.0001066980952
2.249,0.02192541639,0.01353343222,-0.21,0.02196444405,0.01362922332,-0.2099770647,0.0001059486607
2.25,0.02194861015,0.0136170776,-0.21,0.02198749841,0.01371209821,-0.2099771066,0.0001051918385
2.251,0.02197192018,0.01370114225,-0.21,0.02201066713,0.01379538461,-0.2099771483,0.0001044277272
2.252,0.02199534558,0.01378562302,-0.21,0.02203394935,0.01387907943,-0.2099771899,0.0001036564209
2.253,0.02201888549,0.01387051671,-0.21,0.02205734419,0.01396317954,-0.2099772313,0.0001028780114
2.254,0.022042539,0.0139558201,-0.21,0.02208085077,0.01404768181,-0.2099772727,0.000102092592
2.255,0.02206630521,0.01404152994,-0.21,0.02210446819,0.01413258306,-0.2099773139,0.0001013002604
2.256,0.02209018321,0.01412764294,-0.21,0.02212819555,0.01421788008,-0.209977355,0.0001005011201
2.257,0.02211417209,0.0142141558,-0.21,0.02215203195,0.01430356964,-0.2099773959,9.969527986e-05
2.258,0.02213827092,0.01430106517,-0.21,0.02217597647,0.0143896485,-0.2099774367,9.888285202e-05
2.259,0.02216247876,0.01438836768,-0.21,0.02220002818,0.01447611338,-0.2099774773,9.806394996e-05
2.26,0.02218679467,0.01447605993,-0.21,0.02222418615,0.01456296095,-0.2099775177,9.723868567e-05
2.261,0.02221121769,0.01456413848,-0.21,0.02224844944,0.01465018787,-0.209977558,9.640716853e-05
2.262,0.02223574688,0.01465259989,-0.21,0.0222728171,0.01473779076,-0.2099775981,9.556950542e-05
2.263,0.02226038126,0.01474144067,-0.21,0.02229728818,0.01482576621,-0.209977638,9.472580212e-05
2.264,0.02228511986,0.0148306573,-0.21,0.0223218617,0.0149141108,-0.2099776777,9.387616542e-05
2.265,0.02230996169,0.01492024624,-0.21,0.0223465367,0.01500282104,-0.2099777172,9.302070513e-05
2.266,0.02233490578,0.01501020393,-0.21,0.02237131219,0.01509189346,-0.2099777565,9.215953534e-05
2.267,0.02235995112,0.01510052677,-0.21,0.02239618718,0.01518132455,-0.2099777956,9.129277465e-05
2.268,0.0223850967,0.01519121114,-0.21,0.02242116069,0.01527111076,-0.2099778344,9.042054528e-05
2.269,0.02241034152,0.0152822534,-0.21,0.02244623171,0.01536124855,-0.209977873,8.954297166e-05
2.27,0.02243568456,0.01537364987,-0.21,0.02247139922,0.01545173432,-0.2099779113,8.866017893e-05
2.271,0.0224611248,0.01546539685,-0.21,0.02249666223,0.01554256446,-0.2099779495,8.777229197e-05
2.272,0.02248666119,0.01555749062,-0.21,0.02252201969,0.01563373532,-0.2099779873,8.687943525e-05
2.273,0.0225122927,0.01564992744,-0.21,0.02254747058,0.01572524324,-0.2099780249,8.598173355e-05
2.274,0.02253801829,0.01574270352,-0.21,0.02257301387,0.01581708451,-0.2099780622,8.507931328e-05
2.275,0.02256383691,0.01583581509,-0.21,0.0225986485,0.01590925544,-0.2099780992,8.417230383e-05
2.276,0.02258974748,0.0159292583,-0.21,0.02262437343,0.01600175226,-0.2099781359,8.32608387e-05
2.277,0.02261574895,0.01602302932,-0.21,0.0226501876,0.01609457122,-0.2099781724,8.234505591e-05
2.278,0.02264184025,0.01611712429,-0.21,0.02267608994,0.01618770854,-0.2099782085,8.142509786e-05
2.279,0.0226680203,0.0162115393,-0.21,0.02270207939,0.0162811604,-0.2099782443,8.050111059e-05
2.28,0.022694288,0.01630627046,-0.21,0.02272815487,0.01637492299,-0.2099782798,7.957324298e-05
2.281,0.02272064227,0.01640131381,-0.21,0.02275431529,0.01646899244,-0.209978315,7.864164615e-05
2.282,0.02274708202,0.01649666542,-0.21,0.02278055957,0.01656336488,-0.2099783498,7.770647335e-05
2.283,0.02277360614,0.01659232128,-0.21,0.02280688661,0.01665803641,-0.2099783843,7.676788038e-05
2.284,0.02280021351,0.01668827742,-0.21,0.02283329531,0.01675300311,-0.2099784184,7.58260265e-05
2.285,0.02282690303,0.0167845298,-0.21,0.02285978457,0.01684826103,-0.2099784521,7.488107549e-05
2.286,0.02285367358,0.01688107438,-0.21,0.02288635326,0.01694380622,-0.2099784855,7.393319665e-05
2.287,0.02288052402,0.0169779071,-0.21,0.02291300028,0.01703963468,-0.2099785185,7.29825654e-05
2.288,0.02290745322,0.01707502387,-0.21,0.02293972449,0.01713574242,-0.2099785512,7.202936359e-05
2.289,0.02293446006,0.01717242061,-0.21,0.02296652477,0.01723212542,-0.2099785834,7.107377939e-05
2.29,0.02296154338,0.01727009317,-0.21,0.02299339999,0.01732877963,-0.2099786152,7.011600709e-05
2.291,0.02298870203,0.01736803742,-0.21,0.023020349,0.017425701,-0.2099786466,6.915624698e-05
2.292,0.02301593487,0.0174662492,-0.21,0.02304737066,0.01752288545,-0.2099786776,6.819470553e-05
2.293,0.02304324073,0.01756472434,-0.21,0.02307446381,0.01762032887,-0.2099787082,6.723159587e-05
2.294,0.02307061845,0.01766345863,-0.21,0.02310162731,0.01771802715,-0.2099787383,6.626713866e-05
2.295,0.02309806686,0.01776244785,-0.21,0.02312885998,0.01781597615,-0.209978768,6.530156321e-05
2.296,0.02312558479,0.01786168779,-0.21,0.02315616068,0.01791417172,-0.2099787972,6.433510852e-05
2.297,0.02315317106,0.01796117418,-0.21,0.02318352821,0.01801260968,-0.209978826,6.336802415e-05
2.298,0.02318082449,0.01806090277,-0.21,0.02321096141,0.01811128585,-0.2099788543,6.240056598e-05
2.299,0.02320854388,0.01816086925,-0.21,0.02323845906,0.01821019601,-0.2099788821,6.143299502e-05
2.3,0.02323632805,0.01826106935,-0.21,0.02326601997,0.01830933594,-0.2099789094,6.046557973e-05
2.301,0.0232641758,0.01836149874,-0.21,0.02329364291,0.0184087014,-0.2099789362,5.949860057e-05
2.302,0.02329208593,0.01846215309,-0.21,0.02332132668,0.01850828812,-0.2099789626,5.853235497e-05
2.303,0.02332005723,0.01856302805,-0.21,0.02334907006,0.01860809181,-0.2099789883,5.756715762e-05
2.304,0.02334808849,0.01866411926,-0.21,0.02337687188,0.01870810818,-0.2099790136,5.660334014e-05
2.305,0.02337617851,0.01876542234,-0.21,0.02340473093,0.01880833287,-0.2099790383,5.564125246e-05
2.306,0.02340432606,0.01886693291,-0.21,0.02343264605,0.01890876155,-0.2099790624,5.468126616e-05
2.307,0.02343252991,0.01896864655,-0.21,0.02346061603,0.01900938986,-0.2099790859,5.372377903e-05
2.308,0.02346078885,0.01907055885,-0.21,0.02348863965,0.01911021344,-0.2099791089,5.276921933e-05
2.309,0.02348910165,0.01917266538,-0.21,0.02351671571,0.01921122795,-0.2099791313,5.181804855e-05
2.31,0.02351746707,0.01927496168,-0.21,0.02354484297,0.01931242903,-0.2099791531,5.087076231e-05
2.311,0.02354588388,0.0193774433,-0.21,0.0235730202,0.01941381232,-0.2099791743,4.992788951e-05
2.312,0.02357435084,0.01948010578,-0.21,0.02360124617,0.01951537343,-0.2099791949,4.898999092e-05
2.313,0.02360286669,0.01958294461,-0.21,0.02362951966,0.01961710798,-0.2099792149,4.805765854e-05
2.314,0.02363143021,0.01968595532,-0.21,0.02365783943,0.01971901154,-0.2099792342,4.713151659e-05
2.315,0.02366004013,0.01978913338,-0.21,0.02368620427,0.01982107968,-0.2099792529,4.621222493e-05
2.316,0.02368869521,0.01989247429,-0.21,0.02371461293,0.01992330794,-0.209979271,4.530048425e-05
2.317,0.02371739418,0.01999597351,-0.21,0.02374306417,0.02002569187,-0.2099792884,4.439704251e-05
2.318,0.0237461358,0.02009962651,-0.21,0.02377155675,0.020128227,-0.2099793053,4.350270123e-05
2.319,0.02377491879,0.02020342873,-0.21,0.02380008942,0.02023090886,-0.2099793214,4.261832079e-05
2.32,0.02380374189,0.0203073756,-0.21,0.02382866092,0.02033373297,-0.209979337,4.174482403e-05
2.321,0.02383260384,0.02041146257,-0.21,0.02385727002,0.02043669487,-0.2099793518,4.088319828e-05
2.322,0.02386150336,0.02051568505,-0.21,0.02388591545,0.02053979007,-0.2099793661,4.003449663e-05
2.323,0.02389043919,0.02062003845,-0.21,0.02391459595,0.02064301406,-0.2099793796,3.91998391e-05
2.324,0.02391941004,0.02072451817,-0.21,0.02394331029,0.02074636233,-0.2099793925,3.83804148e-05
2.325,0.02394841465,0.02082911961,-0.21,0.02397205719,0.02084983035,-0.2099794048,3.75774852e-05
2.326,0.02397745172,0.02093383815,-0.21,0.02400083539,0.02095341358,-0.2099794164,3.679238837e-05
2.327,0.02400651999,0.02103866917,-0.21,0.02402964363,0.02105710748,-0.2099794273,3.60265434e-05
2.328,0.02403561816,0.02114360804,-0.21,0.02405848065,0.0211609075,-0.2099794375,3.528145389e-05
2.329,0.02406474495,0.02124865013,-0.21,0.02408734516,0.02126480907,-0.2099794471,3.455870958e-05
2.33,0.02409389907,0.02135379078,-0.21,0.02411623591,0.02136880764,-0.2099794559,3.385998545e-05
2.331,0.02412307923,0.02145902535,-0.21,0.02414515161,0.02147289865,-0.2099794642,3.318703788e-05
2.332,0.02415228415,0.02156434918,-0.21,0.02417409101,0.02157707753,-0.2099794717,3.254169819e-05
2.333,0.02418151252,0.02166975761,-0.21,0.02420305282,0.0216813397,-0.2099794785,3.192586361e-05
2.334,0.02421076306,0.02177524596,-0.21,0.02423203578,0.02178568059,-0.2099794847,3.134148583e-05
2.335,0.02424003446,0.02188080958,-0.21,0.0242610386,0.0218900956,-0.2099794901,3.079055728e-05
2.336,0.02426932543,0.02198644376,-0.21,0.02429006001,0.02199458013,-0.2099794949,3.027509449e-05
2.337,0.02429863467,0.02209214384,-0.21,0.02431909873,0.02209912958,-0.209979499,2.979711815e-05
2.338,0.02432796089,0.02219790513,-0.21,0.02434815347,0.02220373933,-0.2099795024,2.935862935e-05
2.339,0.02435730277,0.02230372292,-0.21,0.02437722295,0.02230840479,-0.2099795051,2.896158189e-05
2.34,0.02438665903,0.02240959253,-0.21,0.0244063059,0.02241312132,-0.2099795071,2.860785078e-05
2.341,0.02441602834,0.02251550926,-0.21,0.02443540103,0.02251788433,-0.2099795085,2.8299198e-05
2.342,0.02444540942,0.0226214684,-0.21,0.02446450706,0.0226226892,-0.2099795091,2.803723685e-05
2.343,0.02447480095,0.02272746525,-0.21,0.0244936227,0.02272753131,-0.2099795091,2.782339638e-05
2.344,0.02450420164,0.0228334951,-0.21,0.02452274667,0.02283240603,-0.2099795083,2.765888805e-05
2.345,0.02453361017,0.02293955323,-0.21,0.02455187769,0.02293730875,-0.2099795069,2.754467599e-05
2.346,0.02456302523,0.02304563495,-0.21,0.02458101446,0.02304223482,-0.2099795047,2.748145264e-05
2.347,0.02459244553,0.02315173553,-0.21,0.02461015572,0.02314717963,-0.2099795019,2.746962078e-05
2.348,0.02462186975,0.02325785026,-0.21,0.02463930015,0.02325213852,-0.2099794983,2.750928311e-05
2.349,0.02465129658,0.02336397442,-0.21,0.02466844649,0.02335710688,-0.2099794941,2.760023957e-05
2.35,0.02468072473,0.0234701033,-0.21,0.02469759345,0.02346208007,-0.2099794892,2.7741993e-05
2.351,0.02471015287,0.02357623218,-0.21,0.02472673973,0.02356705345,-0.2099794836,2.793376266e-05
2.352,0.02473957971,0.02368235634,-0.21,0.02475588406,0.02367202239,-0.2099794773,2.817450502e-05
2.353,0.02476900393,0.02378847107,-0.21,0.02478502515,0.02377698227,-0.2099794703,2.846294062e-05
2.354,0.02479842423,0.02389457165,-0.21,0.02481416172,0.02388192845,-0.2099794627,2.879758544e-05
2.355,0.02482783929,0.02400065337,-0.21,0.02484329247,0.0239868563,-0.2099794543,2.917678526e-05
2.356,0.02485724782,0.0241067115,-0.21,0.02487241613,0.02409176119,-0.2099794453,2.959875079e-05
2.357,0.0248866485,0.02421274135,-0.21,0.02490153142,0.0241966385,-0.2099794356,3.006159235e-05
2.358,0.02491604004,0.0243187382,-0.21,0.02493063704,0.02430148359,-0.2099794252,3.056335269e-05
2.359,0.02494542111,0.02442469734,-0.21,0.02495973172,0.02440629184,-0.2099794141,3.11020368e-05
2.36,0.02497479043,0.02453061407,-0.21,0.02498881417,0.02451105862,-0.2099794023,3.167563858e-05
2.361,0.02500414668,0.02463648368,-0.21,0.02501788313,0.02461577931,-0.2099793899,3.228216382e-05
2.362,0.02503348857,0.02474230147,-0.21,0.02504693729,0.02472044931,-0.2099793768,3.29196496e-05
2.363,0.02506281478,0.02484806276,-0.21,0.0250759754,0.02482506399,-0.209979363,3.358618019e-05
2.364,0.02509212403,0.02495376284,-0.21,0.02510499616,0.02492961875,-0.2099793485,3.427989979e-05
2.365,0.025121415,0.02505939703,-0.21,0.02513399831,0.02503410899,-0.2099793334,3.499902206e-05
2.366,0.0251506864,0.02516496064,-0.21,0.02516298057,0.02513853011,-0.2099793177,3.574183677e-05
2.367,0.02517993694,0.02527044899,-0.21,0.02519194167,0.02524287751,-0.2099793012,3.650671402e-05
2.368,0.02520916531,0.02537585742,-0.21,0.02522088034,0.02534714659,-0.2099792841,3.72921063e-05
2.369,0.02523837022,0.02548118125,-0.21,0.0252497953,0.02545133277,-0.2099792664,3.809654863e-05
2.37,0.02526755039,0.02558641582,-0.21,0.02527868528,0.02555543147,-0.209979248,3.891865751e-05
2.371,0.02529670451,0.02569155648,-0.21,0.02530754903,0.02565943811,-0.209979229,3.97571289e-05
2.372,0.0253258313,0.02579659856,-0.21,0.02533638527,0.02576334813,-0.2099792093,4.061073555e-05
2.373,0.02535492947,0.02590153743,-0.21,0.02536519275,0.02586715696,-0.209979189,4.1478324e-05
2.374,0.02538399773,0.02600636845,-0.21,0.0253939702,0.02597086005,-0.209979168,4.23588114e-05
2.375,0.02541303481,0.02611108699,-0.21,0.02542271636,0.02607445285,-0.2099791464,4.325118205e-05
2.376,0.02544203941,0.02621568843,-0.21,0.02545142997,0.02617793083,-0.2099791242,4.415448387e-05
2.377,0.02547101027,0.02632016815,-0.21,0.02548010979,0.02628128944,-0.2099791014,4.506782467e-05
2.378,0.02549994609,0.02642452155,-0.21,0.02550875457,0.02638452417,-0.2099790779,4.599036833e-05
2.379,0.02552884562,0.02652874403,-0.21,0.02553736304,0.02648763049,-0.2099790538,4.692133103e-05
2.38,0.02555770757,0.026632831,-0.21,0.02556593396,0.0265906039,-0.2099790292,4.785997753e-05
2.381,0.02558653067,0.02673677788,-0.21,0.0255944661,0.02669343991,-0.2099790039,4.880561758e-05
2.382,0.02561531366,0.02684058009,-0.21,0.0256229582,0.02679613401,-0.209978978,4.975760264e-05
2.383,0.02564405527,0.02694423309,-0.21,0.02565140903,0.02689868173,-0.2099789515,5.071532291e-05
2.384,0.02567275425,0.02704773231,-0.21,0.02567981735,0.02700107859,-0.2099789244,5.167820777e-05
2.385,0.02570140933,0.02715107322,-0.21,0.02570818193,0.02710332015,-0.2099788967,5.26457124e-05
2.386,0.02573001925,0.02725425128,-0.21,0.02573650154,0.02720540195,-0.2099788685,5.36173272e-05
2.387,0.02575858276,0.02735726199,-0.21,0.02576477495,0.02730731956,-0.2099788397,5.459257392e-05
2.388,0.02578709862,0.02746010082,-0.21,0.02579300095,0.02740906854,-0.2099788103,5.557100126e-05
2.389,0.02581556558,0.0275627633,-0.21,0.0258211783,0.02751064448,-0.2099787803,5.655218185e-05
2.39,0.02584398238,0.02766524492,-0.21,0.02584930578,0.02761204297,-0.2099787498,5.753571055e-05
2.391,0.0258723478,0.02776754122,-0.21,0.0258773822,0.02771325962,-0.2099787187,5.852120329e-05
2.392,0.0259006606,0.02786964775,-0.21,0.02590540632,0.02781429006,-0.2099786871,5.950829577e-05
2.393,0.02592891954,0.02797156005,-0.21,0.02593337696,0.0279151299,-0.2099786549,6.049664206e-05
2.394,0.0259571234,0.02807327369,-0.21,0.0259612929,0.02801577481,-0.2099786222,6.148591317e-05
2.395,0.02598527095,0.02817478426,-0.21,0.02598915294,0.02811622044,-0.2099785889,6.247579577e-05
2.396,0.02601336096,0.02827608734,-0.21,0.0260169559,0.02821646247,-0.2099785551,6.346599111e-05
2.397,0.02604139223,0.02837717855,-0.21,0.02604470058,0.02831649657,-0.2099785208,6.445621413e-05
2.398,0.02606936353,0.02847805351,-0.21,0.02607238579,0.02841631845,-0.209978486,6.544619261e-05
2.399,0.02609727366,0.02857870786,-0.21,0.02610001034,0.02851592383,-0.2099784507,6.643566625e-05
2.4,0.02612512141,0.02867913725,-0.21,0.02612757307,0.02861530843,-0.2099784148,6.742438588e-05
2.401,0.02615290558,0.02877933735,-0.21,0.02615507278,0.02871446801,-0.2099783785,6.841211255e-05
2.402,0.02618062497,0.02887930384,-0.21,0.02618250833,0.02881339832,-0.2099783417,6.939861674e-05
2.403,0.0262082784,0.02897903242,-0.21,0.02620987852,0.02891209513,-0.2099783043,7.038367771e-05
2.404,0.02623586467,0.02907851881,-0.21,0.02623718221,0.02901055425,-0.2099782665,7.13670829e-05
2.405,0.0262633826,0.02917775875,-0.21,0.02626441825,0.02910877148,-0.2099782283,7.23486274e-05
2.406,0.02629083101,0.02927674797,-0.21,0.02629158546,0.02920674264,-0.2099781895,7.332811361e-05
2.407,0.02631820873,0.02937548226,-0.21,0.02631868272,0.02930446359,-0.2099781503,7.430535076e-05
2.408,0.02634551459,0.0294739574,-0.21,0.02634570887,0.02940193017,-0.2099781107,7.528015464e-05
2.409,0.02637274743,0.02957216918,-0.21,0.02637266278,0.02949913827,-0.2099780706,7.625234711e-05
2.41,0.02639990608,0.02967011343,-0.21,0.02639954331,0.02959608379,-0.20997803,7.722175583e-05
2.411,0.0264269894,0.02976778599,-0.21,0.02642634934,0.02969276264,-0.209977989,7.81882137e-05
2.412,0.02645399623,0.02986518273,-0.21,0.02645307975,0.02978917074,-0.2099779476,7.915155858e-05
2.413,0.02648092544,0.0299622995,-0.21,0.02647973342,0.02988530406,-0.2099779058,8.011163294e-05
2.414,0.02650777588,0.03005913222,-0.21,0.02650630923,0.02998115856,-0.2099778635,8.106828351e-05
2.415,0.02653454642,0.0301556768,-0.21,0.02653280608,0.03007673024,-0.2099778209,8.202136115e-05
2.416,0.02656123594,0.03025192918,-0.21,0.02655922287,0.03017201509,-0.2099777778,8.297072082e-05
2.417,0.02658784332,0.03034788532,-0.21,0.0265855585,0.03026700916,-0.2099777343,8.391622434e-05
2.418,0.02661436744,0.03044354119,-0.21,0.02661181183,0.03036170849,-0.2099776905,8.485774198e-05
2.419,0.02664080718,0.03053889279,-0.21,0.02663798176,0.03045610914,-0.2099776462,8.579515224e-05
2.42,0.02666716146,0.03063393614,-0.21,0.02666406716,0.03055020718,-0.2099776016,8.672833969e-05
2.421,0.02669342916,0.0307286673,-0.21,0.02669006692,0.03064399871,-0.2099775565,8.765719152e-05
2.422,0.0267196092,0.03082308231,-0.21,0.02671597996,0.03073747987,-0.2099775111,8.858159399e-05
2.423,0.0267457005,0.03091717728,-0.21,0.02674180522,0.03083064681,-0.2099774654,8.950143006e-05
2.424,0.02677170197,0.0310109483,-0.21,0.02676754165,0.0309234957,-0.2099774192,9.041657906e-05
2.425,0.02679761255,0.03110439152,-0.21,0.0267931882,0.03101602275,-0.2099773727,9.132692544e-05
2.426,0.02682343116,0.03119750308,-0.21,0.02681874386,0.03110822417,-0.2099773259,9.223236684e-05
2.427,0.02684915675,0.03129027916,-0.21,0.02684420759,0.03120009619,-0.2099772787,9.313281554e-05
2.428,0.02687478827,0.03138271598,-0.21,0.02686957836,0.03129163504,-0.2099772311,9.402819492e-05
2.429,0.02690032466,0.03147480975,-0.21,0.02689485515,0.03138283699,-0.2099771832,9.491843322e-05
2.43,0.02692576489,0.03156655673,-0.21,0.02692003693,0.03147369832,-0.209977135,9.580345659e-05
2.431,0.02695110793,0.0316579532,-0.21,0.0269451227,0.03156421536,-0.2099770864,9.668318298e-05
2.432,0.02697635275,0.03174899546,-0.21,0.02697011145,0.03165438446,-0.2099770375,9.755751915e-05
2.433,0.02700149834,0.03183967983,-0.21,0.02699500218,0.03174420203,-0.2099769883,9.842636143e-05
2.434,0.02702654368,0.03193000267,-0.21,0.02701979392,0.03183366449,-0.2099769388,9.928959999e-05
2.435,0.02705148776,0.03201996036,-0.21,0.02704448569,0.0319227683,-0.2099768889,0.0001001471251
2.436,0.0270763296,0.0321095493,-0.21,0.02706907653,0.03201150995,-0.2099768388,0.0001009988332
2.437,0.0271010682,0.03219876593,-0.21,0.02709356548,0.03209988592,-0.2099767883,0.0001018446307
2.438,0.02712570258,0.03228760671,-0.21,0.02711795157,0.03218789275,-0.2099767376,0.0001026844344
2.439,0.02715023176,0.03237606812,-0.21,0.02714223386,0.03227552695,-0.2099766865,0.0001035181688
2.44,0.02717465479,0.03246414667,-0.21,0.0271664114,0.03236278509,-0.2099766352,0.0001043457612
2.441,0.0271989707,0.03255183892,-0.21,0.02719048326,0.03244966376,-0.2099765836,0.0001051671363
2.442,0.02722317854,0.03263914143,-0.21,0.0272144485,0.03253615959,-0.2099765318,0.0001059822126
2.443,0.02724727736,0.0327260508,-0.21,0.02723830622,0.03262226925,-0.2099764797,0.000106790901
2.444,0.02727126624,0.03281256366,-0.21,0.0272620555,0.03270798943,-0.2099764274,0.0001075931062
2.445,0.02729514425,0.03289867666,-0.21,0.02728569545,0.03279331687,-0.2099763748,0.0001083887304
2.446,0.02731891046,0.0329843865,-0.21,0.02730922519,0.03287824833,-0.209976322,0.0001091776778
2.447,0.02734256397,0.03306968989,-0.21,0.02733264382,0.0329627806,-0.2099762689,0.0001099598582
2.448,0.02736610387,0.03315458358,-0.21,0.02735595048,0.03304691049,-0.2099762157,0.0001107351887
2.449,0.02738952928,0.03323906435,-0.21,0.0273791443,0.03313063483,-0.2099761622,0.000111503593
2.45,0.0274128393,0.033323129,-0.21,0.02740222441,0.03321395048,-0.2099761085,0.0001122649988
2.451,0.02743603307,0.03340677438,-0.21,0.02742518997,0.03329685433,-0.2099760546,0.0001130193344
2.452,0.02745910971,0.03348999735,-0.21,0.02744804013,0.03337934332,-0.2099760006,0.0001137665248
2.453,0.02748206836,0.03357279482,-0.21,0.02747077406,0.03346141441,-0.2099759463,0.00011450649
2.454,0.02750490817,0.03365516373,-0.21,0.02749339094,0.03354306459,-0.2099758919,0.0001152391447
2.455,0.02752762831,0.03373710103,-0.21,0.02751588996,0.03362429092,-0.2099758374,0.0001159644005
2.456,0.02755022794,0.03381860374,-0.21,0.02753827032,0.03370509046,-0.2099757827,0.0001166821679
2.457,0.02757270624,0.03389966889,-0.21,0.02756053123,0.03378546032,-0.2099757278,0.0001173923602
2.458,0.0275950624,0.03398029353,-0.21,0.02758267189,0.03386539764,-0.2099756728,0.000118094895
2.459,0.0276172956,0.03406047478,-0.21,0.02760469153,0.03394489956,-0.2099756177,0.0001187896952
2.46,0.02763940506,0.03414020976,-0.21,0.02762658939,0.03402396329,-0.2099755624,0.0001194766873
2.461,0.02766139,0.03421949565,-0.21,0.02764836471,0.03410258606,-0.209975507,0.0001201557998
2.462,0.02768324963,0.03429832964,-0.21,0.02767001674,0.03418076511,-0.2099754516,0.0001208269603
2.463,0.02770498319,0.03437670898,-0.21,0.02769154473,0.03425849776,-0.209975396,0.0001214900935
2.464,0.02772658993,0.03445463094,-0.21,0.02771294797,0.03433578133,-0.2099753403,0.00012214512
2.465,0.02774806909,0.03453209282,-0.21,0.02773422573,0.03441261322,-0.2099752846,0.0001227919573
2.466,0.02776941994,0.03460909198,-0.21,0.02775537731,0.03448899083,-0.2099752288,0.0001234305213
2.467,0.02779064176,0.03468562578,-0.21,0.02777640202,0.03456491162,-0.2099751729,0.000124060728
2.468,0.02781173383,0.03476169166,-0.21,0.02779729916,0.03464037306,-0.209975117,0.0001246824958
2.469,0.02783269544,0.03483728706,-0.21,0.02781806806,0.0347153727,-0.209975061,0.0001252957466
2.47,0.0278535259,0.03491240947,-0.21,0.02783870805,0.03478990806,-0.209975005,0.0001259004055
2.471,0.02787422452,0.03498705642,-0.21,0.02785921848,0.03486397676,-0.209974949,0.0001264963998
2.472,0.02789479062,0.03506122548,-0.21,0.0278795987,0.03493757641,-0.2099748929,0.0001270836574
2.473,0.02791522355,0.03513491426,-0.21,0.02789984806,0.03501070467,-0.2099748368,0.0001276621046
2.474,0.02793552265,0.03520812039,-0.21,0.02791996596,0.03508335927,-0.2099747807,0.0001282316655
2.475,0.02795568728,0.03528084156,-0.21,0.02793995176,0.03515553794,-0.2099747246,0.0001287922615
2.476,0.02797571679,0.03535307548,-0.21,0.02795980488,0.03522723847,-0.2099746686,0.0001293438117
2.477,0.02799561058,0.03542481992,-0.21,0.02797952472,0.03529845871,-0.2099746125,0.0001298862349
2.478,0.02801536804,0.03549607267,-0.21,0.0279991107,0.03536919651,-0.2099745565,0.0001304194504
2.479,0.02803498855,0.03556683158,-0.21,0.02801856225,0.03543944979,-0.2099745005,0.0001309433797
2.48,0.02805447154,0.03563709453,-0.21,0.02803787881,0.03550921649,-0.2099744446,0.0001314579465
2.481,0.02807381643,0.03570685943,-0.21,0.02805705984,0.03557849459,-0.2099743887,0.0001319630769
2.482,0.02809302266,0.03577612424,-0.21,0.02807610479,0.03564728213,-0.2099743328,0.0001324586979
2.483,0.02811208966,0.03584488697,-0.21,0.02809501315,0.03571557716,-0.2099742771,0.0001329447361
2.484,0.0281310169,0.03591314566,-0.21,0.02811378439,0.03578337779,-0.2099742214,0.0001334211172
2.485,0.02814980384,0.03598089839,-0.21,0.02813241802,0.03585068219,-0.2099741658,0.0001338877647
2.486,0.02816844997,0.0360481433,-0.21,0.02815091354,0.03591748854,-0.2099741103,0.0001343446006
2.487,0.02818695478,0.03611487855,-0.21,0.02816927049,0.03598379508,-0.2099740549,0.0001347915455
2.488,0.02820531777,0.03618110236,-0.21,0.02818748839,0.03604960011,-0.2099739996,0.00013522852
2.489,0.02822353846,0.03624681298,-0.21,0.02820556678,0.03611490194,-0.2099739444,0.0001356554459
2.49,0.02824161638,0.03631200871,-0.21,0.02822350524,0.03617969894,-0.2099738893,0.0001360722462
2.491,0.02825955107,0.03637668789,-0.21,0.02824130332,0.03624398953,-0.2099738344,0.0001364788458
2.492,0.02827734208,0.03644084891,-0.21,0.02825896062,0.03630777216,-0.2099737795,0.0001368751708
2.493,0.02829498897,0.03650449021,-0.21,0.02827647671,0.03637104532,-0.2099737249,0.0001372611477
2.494,0.02831249133,0.03656761025,-0.21,0.02829385122,0.03643380756,-0.2099736704,0.0001376367028
2.495,0.02832984874,0.03663020756,-0.21,0.02831108375,0.03649605747,-0.209973616,0.0001380017611
2.496,0.02834706081,0.03669228071,-0.21,0.02832817394,0.03655779368,-0.2099735619,0.0001383562462
2.497,0.02836412715,0.0367538283,-0.21,0.02834512144,0.03661901487,-0.2099735078,0.0001387000809
2.498,0.02838104738,0.036814849,-0.21,0.02836192589,0.03667971977,-0.209973454,0.0001390331872
2.499,0.02839782116,0.0368753415,-0.21,0.02837858698,0.03673990717,-0.2099734004,0.0001393554875
2.5,0.02841444813,0.03693530456,-0.21,0.02839510438,0.03679957587,-0.2099733469,0.000139666905
2.501,0.02843092796,0.03699473698,-0.21,0.02841147779,0.03685872475,-0.2099732937,0.0001399673643
2.502,0.02844726033,0.0370536376,-0.21,0.02842770692,0.03691735272,-0.2099732406,0.000140256791
2.503,0.02846344493,0.03711200531,-0.21,0.02844379148,0.03697545874,-0.2099731878,0.0001405351115
2.504,0.02847948146,0.03716983905,-0.21,0.02845973122,0.03703304181,-0.2099731352,0.0001408022525
2.505,0.02849536966,0.03722713781,-0.21,0.02847552588,0.03709010099,-0.2099730828,0.00014105814
2.506,0.02851110924,0.03728390063,-0.21,0.02849117522,0.0371466354,-0.2099730307,0.0001413026994
2.507,0.02852669996,0.03734012659,-0.21,0.02850667902,0.03720264418,-0.2099729788,0.0001415358552
2.508,0.02854214157,0.03739581482,-0.21,0.02852203706,0.03725812653,-0.2099729271,0.0001417575312
2.509,0.02855743386,0.03745096451,-0.21,0.02853724914,0.03731308173,-0.2099728757,0.0001419676512
2.51,0.0285725766,0.03750557489,-0.21,0.02855231509,0.03736750906,-0.2099728245,0.0001421661394
2.511,0.0285875696,0.03755964525,-0.21,0.02856723474,0.03742140788,-0.2099727736,0.0001423529209
2.512,0.02860241267,0.03761317491,-0.21,0.02858200791,0.0374747776,-0.209972723,0.0001425279216
2.513,0.02861710565,0.03766616327,-0.21,0.02859663448,0.03752761767,-0.2099726726,0.0001426910683
2.514,0.02863164837,0.03771860975,-0.21,0.02861111431,0.03757992759,-0.2099726225,0.0001428422883
2.515,0.02864604069,0.03777051385,-0.21,0.02862544729,0.03763170692,-0.2099725727,0.0001429815091
2.516,0.02866028249,0.0378218751,-0.21,0.02863963332,0.03768295526,-0.2099725231,0.0001431086576
2.517,0.02867437365,0.03787269309,-0.21,0.0286536723,0.03773367228,-0.2099724739,0.0001432236604
2.518,0.02868831408,0.03792296746,-0.21,0.02866756418,0.03778385769,-0.2099724249,0.0001433264435
2.519,0.02870210368,0.03797269791,-0.21,0.02868130888,0.03783351126,-0.2099723763,0.0001434169328
2.52,0.02871574238,0.03802188418,-0.21,0.02869490637,0.03788263279,-0.209972328,0.0001434950542
2.521,0.02872923014,0.03807052608,-0.21,0.02870835662,0.03793122218,-0.2099722799,0.0001435607344
2.522,0.02874256691,0.03811862346,-0.21,0.02872165962,0.03797927933,-0.2099722322,0.0001436139004
2.523,0.02875575267,0.03816617622,-0.21,0.02873481536,0.03802680423,-0.2099721848,0.0001436544805
2.524,0.0287687874,0.03821318433,-0.21,0.02874782387,0.03807379691,-0.2099721377,0.0001436824028
2.525,0.02878167111,0.03825964781,-0.21,0.02876068517,0.03812025746,-0.2099720909,0.0001436975962
2.526,0.02879440382,0.03830556672,-0.21,0.0287733993,0.03816618601,-0.2099720444,0.0001436999892
2.527,0.02880698557,0.03835094119,-0.21,0.02878596633,0.03821158276,-0.2099719983,0.0001436895107
2.528,0.0288194164,0.0383957714,-0.21,0.02879838634,0.03825644797,-0.2099719525,0.0001436660895
2.529,0.02883169638,0.03844005759,-0.21,0.02881065942,0.03830078194,-0.209971907,0.0001436296547
2.53,0.02884382559,0.03848380005,-0.21,0.02882278566,0.03834458503,-0.2099718619,0.0001435801356
2.531,0.02885580412,0.03852699914,-0.21,0.0288347652,0.03838785767,-0.209971817,0.0001435174622
2.532,0.0288676321,0.03856965525,-0.21,0.02884659818,0.03843060034,-0.2099717726,0.0001434415648
2.533,0.02887930965,0.03861176885,-0.21,0.02885828474,0.03847281355,-0.2099717284,0.0001433523744
2.534,0.02889083691,0.03865334046,-0.21,0.02886982506,0.0385144979,-0.2099716846,0.0001432498223
2.535,0.02890221405,0.03869437065,-0.21,0.02888121931,0.03855565405,-0.2099716412,0.0001431338401
2.536,0.02891344123,0.03873486007,-0.21,0.02889246771,0.03859628269,-0.2099715981,0.0001430043595
2.537,0.02892451866,0.0387748094,-0.21,0.02890357046,0.03863638459,-0.2099715553,0.0001428613124
2.538,0.02893544653,0.0388142194,-0.21,0.0289145278,0.03867596057,-0.2099715129,0.0001427046305
2.539,0.02894622508,0.03885309088,-0.21,0.02892533998,0.03871501152,-0.2099714708,0.0001425342459
2.54,0.02895685455,0.03889142471,-0.21,0.02893600726,0.03875353837,-0.2099714291,0.0001423500909
2.541,0.02896733519,0.03892922181,-0.21,0.02894652993,0.03879154212,-0.2099713877,0.000142152098
2.542,0.02897766727,0.03896648318,-0.21,0.02895690828,0.03882902383,-0.2099713467,0.0001419402005
2.543,0.0289878511,0.03900320986,-0.21,0.02896714262,0.03886598463,-0.209971306,0.000141714332
2.544,0.02899788698,0.03903940297,-0.21,0.02897723329,0.03890242569,-0.2099712656,0.0001414744266
2.545,0.02900777522,0.03907506367,-0.21,0.02898718063,0.03893834826,-0.2099712256,0.0001412204193
2.546,0.02901751618,0.0391101932,-0.21,0.028996985,0.03897375363,-0.209971186,0.0001409522458
2.547,0.0290271102,0.03914479285,-0.21,0.0290066468,0.03900864316,-0.2099711466,0.0001406698424
2.548,0.02903655768,0.03917886397,-0.21,0.02901616641,0.03904301829,-0.2099711077,0.0001403731463
2.549,0.02904585899,0.03921240798,-0.21,0.02902554425,0.0390768805,-0.209971069,0.0001400620948
2.55,0.02905501455,0.03924542636,-0.21,0.02903478075,0.03911023132,-0.2099710307,0.000139736626
2.551,0.02906402479,0.03927792065,-0.21,0.02904387636,0.03914307238,-0.2099709928,0.0001393966778
2.552,0.02907289015,0.03930989245,-0.21,0.02905283155,0.03917540535,-0.2099709551,0.0001390421888
2.553,0.0290816111,0.03934134342,-0.21,0.02906164679,0.03920723197,-0.2099709178,0.000138673098
2.554,0.0290901881,0.03937227531,-0.21,0.0290703226,0.03923855403,-0.2099708809,0.0001382893449
2.555,0.02909862167,0.0394026899,-0.21,0.02907885949,0.0392693734,-0.2099708442,0.0001378908697
2.556,0.02910691231,0.03943258905,-0.21,0.029087258,0.03929969201,-0.2099708079,0.0001374776135
2.557,0.02911506056,0.03946197469,-0.21,0.02909551867,0.03932951186,-0.2099707719,0.0001370495183
2.558,0.02912306697,0.0394908488,-0.21,0.02910364209,0.03935883499,-0.2099707362,0.0001366065269
2.559,0.02913093211,0.03951921344,-0.21,0.02911162883,0.03938766353,-0.2099707008,0.0001361485828
2.56,0.02913865657,0.03954707072,-0.21,0.02911947952,0.03941599967,-0.2099706657,0.0001356756305
2.561,0.02914624095,0.03957442283,-0.21,0.02912719476,0.03944384567,-0.209970631,0.0001351876147
2.562,0.02915368588,0.03960127201,-0.21,0.02913477522,0.03947120384,-0.2099705965,0.0001346844811
2.563,0.02916099199,0.0396276206,-0.21,0.02914222154,0.03949807656,-0.2099705623,0.0001341661759
2.564,0.02916815996,0.03965347096,-0.21,0.02914953441,0.0395244663,-0.2099705285,0.0001336326463
2.565,0.02917519045,0.03967882554,-0.21,0.02915671453,0.03955037557,-0.2099704949,0.0001330838402
2.566,0.02918208418,0.03970368688,-0.21,0.02916376261,0.03957580696,-0.2099704616,0.0001325197067
2.567,0.02918884184,0.03972805754,-0.21,0.02917067939,0.03960076312,-0.2099704285,0.000131940196
2.568,0.02919546418,0.03975194019,-0.21,0.02917746563,0.03962524678,-0.2099703958,0.0001313452595
2.569,0.02920195196,0.03977533754,-0.21,0.02918412209,0.03964926073,-0.2099703633,0.0001307348496
2.57,0.02920830595,0.03979825238,-0.21,0.02919064958,0.03967280782,-0.209970331,0.0001301089201
2.571,0.02921452693,0.03982068758,-0.21,0.0291970489,0.039695891,-0.2099702991,0.0001294674258
2.572,0.02922061573,0.03984264605,-0.21,0.02920332087,0.03971851324,-0.2099702673,0.0001288103227
2.573,0.02922657317,0.0398641308,-0.21,0.02920946636,0.03974067763,-0.2099702358,0.0001281375678
2.574,0.0292324001,0.0398851449,-0.21,0.02921548623,0.03976238729,-0.2099702046,0.0001274491196
2.575,0.0292380974,0.03990569148,-0.21,0.02922138136,0.03978364544,-0.2099701735,0.000126744938
2.576,0.02924366595,0.03992577374,-0.21,0.02922715266,0.03980445536,-0.2099701427,0.0001260249843
2.577,0.02924910666,0.03994539498,-0.21,0.02923280107,0.03982482039,-0.2099701121,0.0001252892216
2.578,0.02925442046,0.03996455853,-0.21,0.02923832753,0.03984474396,-0.2099700817,0.0001245376147
2.579,0.0292596083,0.03998326781,-0.21,0.029243733,0.03986422955,-0.2099700515,0.0001237701304
2.58,0.02926467114,0.04000152633,-0.21,0.02924901846,0.03988328073,-0.2099700215,0.0001229867372
2.581,0.02926960998,0.04001933764,-0.21,0.02925418494,0.03990190114,-0.2099699917,0.0001221874059
2.582,0.02927442583,0.04003670538,-0.21,0.02925923344,0.03992009448,-0.209969962,0.0001213721092
2.583,0.02927911971,0.04005363326,-0.21,0.02926416502,0.03993786454,-0.2099699325,0.0001205408219
2.584,0.02928369267,0.04007012506,-0.21,0.02926898075,0.03995521517,-0.2099699032,0.0001196935213
2.585,0.02928814578,0.04008618464,-0.21,0.02927368171,0.0399721503,-0.2099698741,0.0001188301869
2.586,0.02929248013,0.04010181593,-0.21,0.029278269,0.03998867393,-0.209969845,0.0001179508012
2.587,0.02929669683,0.04011702293,-0.21,0.02928274376,0.04000479014,-0.2099698161,0.0001170553493
2.588,0.02930079701,0.04013180972,-0.21,0.02928710713,0.04002050307,-0.2099697873,0.0001161438198
2.589,0.02930478183,0.04014618045,-0.21,0.02929136029,0.04003581696,-0.2099697587,0.0001152162043
2.59,0.02930865245,0.04016013934,-0.21,0.02929550441,0.0400507361,-0.2099697301,0.0001142724983
2.591,0.02931241006,0.0401736907,-0.21,0.02929954072,0.04006526487,-0.2099697017,0.0001133127007
2.592,0.02931605589,0.04018683891,-0.21,0.02930347044,0.04007940773,-0.2099696733,0.0001123368148
2.593,0.02931959116,0.04019958842,-0.21,0.02930729483,0.04009316919,-0.209969645,0.0001113448479
2.594,0.02932301713,0.04021194375,-0.21,0.02931101516,0.04010655387,-0.2099696168,0.0001103368122
2.595,0.02932633508,0.04022390952,-0.21,0.02931463273,0.04011956644,-0.2099695887,0.0001093127245
2.596,0.02932954631,0.0402354904,-0.21,0.02931814884,0.04013221168,-0.2099695606,0.0001082726073
2.597,0.02933265213,0.04024669116,-0.21,0.02932156485,0.0401444944,-0.2099695325,0.0001072164886
2.598,0.02933565389,0.04025751664,-0.21,0.02932488211,0.04015641953,-0.2099695045,0.0001061444031
2.599,0.02933855295,0.04026797173,-0.21,0.02932810199,0.04016799206,-0.2099694765,0.0001050563919
2.6,0.0293413507,0.04027806145,-0.21,0.02933122592,0.04017921706,-0.2099694485,0.0001039525039
2.601,0.02934404854,0.04028779086,-0.21,0.0293342553,0.04019009967,-0.2099694205,0.0001028327958
2.602,0.02934664789,0.04029716511,-0.21,0.02933719159,0.04020064514,-0.2099693925,0.0001016973329
2.603,0.02934915021,0.04030618942,-0.21,0.02934003625,0.04021085876,-0.2099693644,0.0001005461902
2.604,0.02935155698,0.04031486911,-0.21,0.02934279079,0.04022074593,-0.2099693364,9.937945243e-05
2.605,0.02935386968,0.04032320956,-0.21,0.02934545671,0.04023031212,-0.2099693083,9.819721579e-05
2.606,0.02935608982,0.04033121624,-0.21,0.02934803554,0.04023956287,-0.2099692802,9.699958836e-05
2.607,0.02935821896,0.0403388947,-0.21,0.02935052885,0.04024850381,-0.209969252,9.578669151e-05
2.608,0.02936025864,0.04034625056,-0.21,0.02935293823,0.04025714066,-0.2099692237,9.45586611e-05
2.609,0.02936221046,0.04035328953,-0.21,0.02935526526,0.04026547921,-0.2099691954,9.331564882e-05
2.61,0.02936407601,0.0403600174,-0.21,0.02935751159,0.04027352534,-0.209969167,9.205782377e-05
2.611,0.02936585692,0.04036644005,-0.21,0.02935967886,0.040281285,-0.2099691385,9.078537414e-05
2.612,0.02936755485,0.04037256342,-0.21,0.02936176875,0.04028876423,-0.2099691099,8.949850904e-05
2.613,0.02936917147,0.04037839355,-0.21,0.02936378295,0.04029596916,-0.2099690811,8.819746062e-05
2.614,0.02937070847,0.04038393656,-0.21,0.02936572318,0.040302906,-0.2099690523,8.688248634e-05
2.615,0.02937216758,0.04038919864,-0.21,0.02936759118,0.04030958103,-0.2099690233,8.555387165e-05
2.616,0.02937355054,0.04039418609,-0.21,0.02936938874,0.04031600063,-0.2099689942,8.421193285e-05
2.617,0.0293748591,0.04039890526,-0.21,0.02937111762,0.04032217125,-0.2099689649,8.285702039e-05
2.618,0.02937609506,0.04040336261,-0.21,0.02937277966,0.04032809945,-0.2099689354,8.148952262e-05
2.619,0.02937726024,0.04040756468,-0.21,0.02937437668,0.04033379185,-0.2099689058,8.010986991e-05
2.62,0.02937835646,0.04041151806,-0.21,0.02937591056,0.04033925517,-0.2099688761,7.87185393e-05
2.621,0.02937938559,0.04041522949,-0.21,0.02937738318,0.04034449621,-0.2099688461,7.731605851e-05
2.622,0.02938034951,0.04041870573,-0.21,0.02937879648,0.04034952185,-0.2099688159,7.590300414e-05
2.623,0.02938125012,0.04042195366,-0.21,0.02938015248,0.04035433912,-0.2099687856,7.447998778e-05
2.624,0.02938208935,0.04042498024,-0.21,0.02938145321,0.04035895514,-0.2099687551,7.304765779e-05
2.625,0.02938286916,0.04042779252,-0.21,0.02938270071,0.04036337718,-0.2099687245,7.160672511e-05
2.626,0.02938359152,0.04043039762,-0.21,0.02938389702,0.04036761256,-0.2099686936,7.015799799e-05
2.627,0.02938425843,0.04043280276,-0.21,0.02938504419,0.04037166872,-0.2099686626,6.870241524e-05
2.628,0.02938487193,0.04043501525,-0.21,0.02938614425,0.04037555308,-0.2099686313,6.724107284e-05
2.629,0.02938543405,0.04043704248,-0.21,0.02938719926,0.04037927314,-0.2099685998,6.577524127e-05
2.63,0.02938594687,0.04043889192,-0.21,0.02938821129,0.04038283643,-0.2099685681,6.430637322e-05
2.631,0.0293864125,0.04044057114,-0.21,0.02938918246,0.04038625052,-0.2099685362,6.283610474e-05
2.632,0.02938683305,0.0404420878,-0.21,0.02939011491,0.04038952308,-0.209968504,6.136625533e-05
2.633,0.02938721067,0.04044344963,-0.21,0.02939101081,0.0403926619,-0.2099684717,5.989883413e-05
2.634,0.02938754753,0.04044466447,-0.21,0.02939187236,0.0403956749,-0.2099684391,5.843605769e-05
2.635,0.02938784582,0.04044574024,-0.21,0.0293927018,0.04039857011,-0.2099684063,5.698038172e-05
2.636,0.02938810778,0.04044668494,-0.21,0.02939350138,0.04040135567,-0.2099683732,5.553454532e-05
2.637,0.02938833564,0.04044750669,-0.21,0.02939427336,0.04040403982,-0.2099683399,5.410162275e-05
2.638,0.02938853167,0.04044821365,-0.21,0.02939502005,0.04040663088,-0.2099683063,5.268507679e-05
2.639,0.02938869817,0.04044881413,-0.21,0.02939574377,0.04040913721,-0.2099682724,5.128880844e-05
2.64,0.02938883747,0.04044931647,-0.21,0.02939644683,0.04041156722,-0.2099682381,4.991720019e-05
2.641,0.0293889519,0.04044972915,-0.21,0.0293971316,0.04041392941,-0.2099682035,4.857515275e-05
2.642,0.02938904384,0.04045006072,-0.21,0.02939780046,0.04041623232,-0.2099681686,4.72681173e-05
2.643,0.02938911568,0.04045031982,-0.21,0.0293984558,0.04041848463,-0.2099681334,4.600212539e-05
2.644,0.02938916985,0.04045051518,-0.21,0.02939910005,0.04042069509,-0.2099680979,4.478381678e-05
2.645,0.0293892088,0.04045065563,-0.21,0.02939973568,0.04042287261,-0.209968062,4.36204623e-05
2.646,0.02938923499,0.0404507501,-0.21,0.02940036518,0.04042502617,-0.2099680258,4.251997435e-05
2.647,0.02938925093,0.04045080758,-0.21,0.02940099106,0.0404271649,-0.2099679893,4.149089411e-05
2.648,0.02938925914,0.0404508372,-0.21,0.02940161586,0.04042929798,-0.2099679523,4.054234279e-05
2.649,0.02938926218,0.04045084815,-0.21,0.02940224216,0.04043143469,-0.2099679149,3.968392408e-05
2.65,0.02938926261,0.04045084972,-0.21,0.02940287254,0.04043358436,-0.2099678772,3.892556854e-05
2.651,0.02938926126,0.04045084882,-0.21,0.0294035096,0.0404357564,-0.209967839,3.827700765e-05
2.652,0.02938925178,0.04045084255,-0.21,0.02940404736,0.04043782975,-0.2099677502,3.779274451e-05
2.653,0.02938922615,0.04045082559,-0.21,0.02940425479,0.04043950265,-0.2099675495,3.751135651e-05
2.654,0.0293891764,0.04045079266,-0.21,0.02940393463,0.04044045367,-0.2099672669,3.736521123e-05
2.655,0.02938909466,0.04045073856,-0.21,0.02940301162,0.04044047391,-0.2099669968,3.725931025e-05
2.656,0.02938897311,0.04045065812,-0.21,0.02940154914,0.0404395469,-0.2099668232,3.717950729e-05
2.657,0.02938880405,0.04045054623,-0.21,0.02939971183,0.04043786221,-0.2099667674,3.720577301e-05
2.658,0.02938857984,0.04045039783,-0.21,0.02939770119,0.04043576244,-0.2099667844,3.742553528e-05
2.659,0.02938829291,0.04045020793,-0.21,0.02939569082,0.04043364129,-0.209966793,3.784025277e-05
2.66,0.02938793579,0.04044997158,-0.21,0.02939378169,0.04043182624,-0.2099667158,3.835705063e-05
2.661,0.02938750107,0.04044968387,-0.21,0.02939198714,0.04043048446,-0.2099665093,3.886347077e-05
2.662,0.02938698144,0.04044933996,-0.21,0.02939024651,0.04042958275,-0.2099661769,3.930661646e-05
2.663,0.02938636965,0.04044893506,-0.21,0.02938845785,0.04042891303,-0.2099657641,3.97156933e-05
2.664,0.02938565854,0.04044846442,-0.21,0.02938651623,0.04042817223,-0.2099653403,4.017217812e-05
2.665,0.02938484102,0.04044792335,-0.21,0.02938434553,0.04042706807,-0.209964974,4.07677728e-05
2.666,0.02938391008,0.04044730723,-0.21,0.02938191579,0.04042541446,-0.2099647108,4.157643956e-05
2.667,0.0293828588,0.04044661145,-0.21,0.02937924426,0.04042318638,-0.2099645599,4.263566513e-05
2.668,0.02938168031,0.04044583148,-0.21,0.02937638293,0.04042051869,-0.2099644936,4.392611598e-05
2.669,0.02938036784,0.04044496284,-0.21,0.02937339805,0.04041765281,-0.2099644589,4.536059708e-05
2.67,0.02937891469,0.0404440011,-0.21,0.02937034854,0.04041485187,-0.2099643968,4.680431386e-05
2.671,0.02937731424,0.04044294186,-0.21,0.02936726869,0.04041231386,-0.209964262,4.812686545e-05
2.672,0.02937555994,0.04044178081,-0.21,0.02936415934,0.04041011102,-0.2099640368,4.925752864e-05
2.673,0.02937364532,0.04044051364,-0.21,0.02936098901,0.04040817359,-0.209963735,5.021169574e-05
2.674,0.02937156398,0.04043913614,-0.21,0.02935770371,0.04040632022,-0.2099633951,5.107746686e-05
2.675,0.0293693096,0.04043764411,-0.21,0.02935424259,0.04040432249,-0.2099630663,5.197540551e-05
2.676,0.02936687594,0.04043603343,-0.21,0.02935055448,0.04040198032,-0.2099627914,5.301399149e-05
2.677,0.02936425683,0.04043430001,-0.21,0.02934661079,0.04039918344,-0.2099625938,5.42565949e-05
2.678,0.02936144616,0.04043243981,-0.21,0.0293424111,0.04039593991,-0.2099624712,5.570444624e-05
2.679,0.02935843793,0.04043044885,-0.21,0.02933798007,0.04039236475,-0.2099623982,5.729590389e-05
2.68,0.02935522617,0.0404283232,-0.21,0.0293333568,0.04038863489,-0.2099623359,5.892383259e-05
2.681,0.02935180503,0.04042605897,-0.21,0.02932858019,0.04038492709,-0.2099622456,6.046999812e-05
2.682,0.02934816869,0.04042365231,-0.21,0.02932367491,0.04038135989,-0.2099621009,6.184606034e-05
2.683,0.02934431143,0.04042109944,-0.21,0.02931864234,0.0403779579,-0.2099618955,6.302420208e-05
2.684,0.0293402276,0.04041839662,-0.21,0.0293134593,0.04037464861,-0.2099616435,6.404414242e-05
2.685,0.02933591161,0.04041554015,-0.21,0.0293080847,0.04037129056,-0.209961374,6.499488376e-05
2.686,0.02933135796,0.04041252638,-0.21,0.02930247176,0.04036772198,-0.2099611203,6.598086989e-05
2.687,0.02932656121,0.04040935172,-0.21,0.02929658154,0.04036381285,-0.2099609097,6.708668726e-05
2.688,0.02932151599,0.04040601261,-0.21,0.02929039328,0.04035950353,-0.2099607543,6.835163457e-05
2.689,0.029316217,0.04040250556,-0.21,0.02928390842,0.04035481837,-0.2099606487,6.975983571e-05
2.69,0.02931065904,0.0403988271,-0.21,0.0292771472,0.04034985145,-0.2099605729,7.124714565e-05
2.691,0.02930483694,0.04039497383,-0.21,0.02927013934,0.04034473086,-0.209960499,7.272280523e-05
2.692,0.02929874562,0.04039094238,-0.21,0.02926291216,0.04033957422,-0.2099604014,7.409976469e-05
2.693,0.02929238008,0.04038672944,-0.21,0.02925548016,0.04033445029,-0.2099602642,7.532363626e-05
2.694,0.02928573537,0.04038233174,-0.21,0.02924783935,0.0403293587,-0.209960086,7.638965396e-05
2.695,0.02927880663,0.04037774606,-0.21,0.02923996795,0.04032423317,-0.2099598795,7.734159799e-05
2.696,0.02927158905,0.04037296921,-0.21,0.02923183289,0.04031896584,-0.2099596666,7.825408956e-05
2.697,0.02926407791,0.04036799807,-0.21,0.0292233996,0.0403134435,-0.2099594703,7.920592542e-05
2.698,0.02925626854,0.04036282955,-0.21,0.02921464175,0.04030758337,-0.2099593082,8.025431879e-05
2.699,0.02924815634,0.04035746062,-0.21,0.02920554774,0.0403013569,-0.2099591861,8.141804633e-05
2.7,0.0292397368,0.04035188827,-0.21,0.02919612209,0.04029479465,-0.2099590976,8.267365265e-05
2.701,0.02923100546,0.04034610956,-0.21,0.02918638151,0.04028797187,-0.2099590266,8.396493033e-05
2.702,0.02922195793,0.04034012158,-0.21,0.02917634727,0.04028098048,-0.209958953,8.522238599e-05
2.703,0.02921258989,0.04033392148,-0.21,0.02916603656,0.04027389742,-0.2099588598,8.638643101e-05
2.704,0.02920289709,0.04032750645,-0.21,0.0291554558,0.04026675975,-0.2099587379,8.742654448e-05
2.705,0.02919287534,0.0403208737,-0.21,0.02914459778,0.04025955416,-0.2099585887,8.834988137e-05
2.706,0.02918252052,0.04031402051,-0.21,0.02913344344,0.04025222336,-0.2099584234,8.919673611e-05
2.707,0.02917182858,0.04030694421,-0.21,0.02912196745,0.04024468634,-0.2099582583,9.002522169e-05
2.708,0.02916079554,0.04029964216,-0.21,0.02911014541,0.04023686509,-0.2099581095,9.08911831e-05
2.709,0.02914941747,0.04029211175,-0.21,0.02909796038,0.04022870877,-0.2099579876,9.183033746e-05
2.71,0.02913769053,0.04028435045,-0.21,0.02908540662,0.04022020764,-0.2099578947,9.284808331e-05
2.711,0.02912561092,0.04027635573,-0.21,0.02907248949,0.04021139285,-0.209957824,9.391951074e-05
2.712,0.02911317492,0.04026812515,-0.21,0.02905922176,0.04020232312,-0.2099577631,9.49989865e-05
2.713,0.02910037887,0.04025965628,-0.21,0.02904561786,0.04019306323,-0.2099576976,9.603592257e-05
2.714,0.02908721919,0.04025094674,-0.21,0.0290316879,0.0401836619,-0.2099576164,9.699148144e-05
2.715,0.02907369234,0.04024199419,-0.21,0.02901743346,0.04017413618,-0.2099575149,9.785067712e-05
2.716,0.02905979486,0.04023279635,-0.21,0.02900284651,0.0401644671,-0.2099573962,9.862597221e-05
2.717,0.02904552334,0.04022335095,-0.21,0.02898791139,0.04015460719,-0.2099572695,9.935157394e-05
2.718,0.02903087446,0.04021365581,-0.21,0.02897260928,0.04014449679,-0.2099571469,0.0001000709286
2.719,0.02901584493,0.04020370874,-0.21,0.02895692331,0.04013408342,-0.209957039,0.0001008220495
2.72,0.02900043156,0.04019350762,-0.21,0.02894084288,0.04012333759,-0.2099569521,0.0001016256021
2.721,0.02898463118,0.04018305038,-0.21,0.02892436557,0.04011226024,-0.2099568859,0.0001024793178
2.722,0.02896844073,0.04017233496,-0.21,0.02890749648,0.04010087996,-0.2099568343,0.0001033600523
2.723,0.02895185716,0.04016135938,-0.21,0.02889024503,0.04008924131,-0.2099567875,0.0001042323989
2.724,0.02893487753,0.04015012166,-0.21,0.02887262074,0.04007738883,-0.2099567357,0.0001050608162
2.725,0.02891749894,0.04013861989,-0.21,0.02885462911,0.04006535191,-0.209956672,0.0001058212014
2.726,0.02889971854,0.0401268522,-0.21,0.0288362692,0.04005313557,-0.2099565947,0.0001065081273
2.727,0.02888153357,0.04011481674,-0.21,0.02881753338,0.04004071965,-0.2099565073,0.0001071355386
2.728,0.02886294131,0.04010251173,-0.21,0.02879840927,0.04002806629,-0.2099564171,0.0001077310442
2.729,0.0288439391,0.0400899354,-0.21,0.02877888319,0.04001513268,-0.2099563328,0.0001083261026
2.73,0.02882452435,0.04007708603,-0.21,0.02875894375,0.0400018846,-0.2099562613,0.0001089455965
2.731,0.02880469453,0.04006396196,-0.21,0.02873858454,0.03998830648,-0.2099562059,0.0001096002063
2.732,0.02878444716,0.04005056154,-0.21,0.0287178051,0.03997440473,-0.2099561651,0.0001102838244
2.733,0.02876377983,0.04003688317,-0.21,0.02869660989,0.03996020381,-0.2099561336,0.0001109765077
2.734,0.02874269018,0.0400229253,-0.21,0.02867500575,0.03994573663,-0.2099561043,0.0001116517193
2.735,0.02872117593,0.04000868641,-0.21,0.02865299879,0.0399310329,-0.2099560705,0.0001122853172
2.736,0.02869923482,0.03999416501,-0.21,0.02863059167,0.03991610912,-0.2099560282,0.0001128632878
2.737,0.02867686469,0.03997935967,-0.21,0.02860778222,0.0399009636,-0.2099559773,0.0001133857474
2.738,0.02865406342,0.03996426898,-0.21,0.02858456373,0.03988557757,-0.2099559212,0.000113866087
2.739,0.02863082893,0.03994889158,-0.21,0.02856092666,0.03986992188,-0.2099558655,0.0001143258228
2.74,0.02860715923,0.03993322614,-0.21,0.02853686123,0.03985396662,-0.2099558163,0.0001147871184
2.741,0.02858305237,0.03991727137,-0.21,0.02851235994,0.03983769041,-0.2099557778,0.0001152655707
2.742,0.02855850646,0.03990102602,-0.21,0.02848741925,0.03982108642,-0.2099557514,0.0001157655743
2.743,0.02853351967,0.03988448888,-0.21,0.0284620398,0.03980416325,-0.2099557353,0.0001162795851
2.744,0.02850809021,0.03986765877,-0.21,0.02843622539,0.03978694083,-0.2099557251,0.0001167912782
2.745,0.02848221638,0.03985053455,-0.21,0.02840998097,0.03976944283,-0.2099557157,0.0001172813676
2.746,0.0284558965,0.03983311513,-0.21,0.02838331033,0.03975168837,-0.2099557028,0.000117734062
2.747,0.02842912897,0.03981539944,-0.21,0.02835621445,0.03973368574,-0.2099556843,0.0001181420226
2.748,0.02840191223,0.03979738644,-0.21,0.02832869077,0.03971542998,-0.2099556608,0.0001185082759
2.749,0.02837424479,0.03977907515,-0.21,0.02830073373,0.03969690497,-0.2099556353,0.0001188446248
2.75,0.02834612521,0.03976046462,-0.21,0.02827233627,0.03967808902,-0.209955612,0.0001191672883
2.751,0.02831755209,0.03974155392,-0.21,0.02824349169,0.0396589619,-0.209955595,0.0001194913743
2.752,0.0282885241,0.03972234218,-0.21,0.02821419538,0.03963951107,-0.2099555868,0.0001198260587
2.753,0.02825903997,0.03970282854,-0.21,0.02818444572,0.03961973491,-0.2099555877,0.0001201719878
2.754,0.02822909847,0.0396830122,-0.21,0.02815424401,0.03959964238,-0.2099555957,0.0001205215996
2.755,0.02819869842,0.03966289238,-0.21,0.02812359342,0.0395792491,-0.2099556076,0.0001208620853
2.756,0.02816783871,0.03964246833,-0.21,0.02809249749,0.03955857166,-0.2099556197,0.0001211798819
2.757,0.02813651827,0.03962173937,-0.21,0.02806095854,0.03953762186,-0.2099556294,0.0001214651518
2.758,0.0281047361,0.0396007048,-0.21,0.02802897665,0.03951640298,-0.2099556356,0.0001217147889
2.759,0.02807249122,0.03957936401,-0.21,0.02799654942,0.03949490896,-0.2099556395,0.0001219330485
2.76,0.02803978274,0.03955771638,-0.21,0.02796367256,0.03947312675,-0.2099556434,0.0001221297338
2.761,0.02800660979,0.03953576135,-0.21,0.02793034111,0.03945104077,-0.2099556504,0.0001223166819
2.762,0.02797297157,0.03951349839,-0.21,0.02789655079,0.03942863794,-0.2099556632,0.0001225038058
2.763,0.02793886733,0.03949092701,-0.21,0.02786229906,0.0394059116,-0.2099556831,0.0001226960082
2.764,0.02790429637,0.03946804673,-0.21,0.02782758561,0.03938286311,-0.2099557097,0.0001228919143
2.765,0.02786925804,0.03944485712,-0.21,0.02779241205,0.03935950074,-0.2099557413,0.0001230847194
2.766,0.02783375173,0.0394213578,-0.21,0.02775678104,0.03933583641,-0.2099557755,0.0001232647516
2.767,0.0277977769,0.03939754839,-0.21,0.02772069517,0.03931188142,-0.2099558098,0.000123422815
2.768,0.02776133305,0.03937342856,-0.21,0.0276841559,0.03928764272,-0.2099558427,0.0001235531826
2.769,0.02772441972,0.03934899802,-0.21,0.02764716298,0.03926312073,-0.2099558739,0.0001236552776
2.77,0.02768703652,0.0393242565,-0.21,0.02760971448,0.03923830957,-0.2099559044,0.0001237335714
2.771,0.0276491831,0.03929920377,-0.21,0.02757180737,0.0392131992,-0.2099559362,0.0001237958367
2.772,0.02761085915,0.03927383963,-0.21,0.02753343844,0.03918777893,-0.2099559714,0.0001238504308
2.773,0.02757206442,0.03924816392,-0.21,0.02749460525,0.0391620408,-0.2099560116,0.0001239035564
2.774,0.02753279871,0.03922217648,-0.21,0.02745530678,0.03913598199,-0.2099560575,0.0001239573958
2.775,0.02749306186,0.03919587723,-0.21,0.02741554356,0.03910960536,-0.2099561084,0.0001240096692
2.776,0.02745285375,0.03916926609,-0.21,0.02737531739,0.03908291807,-0.2099561629,0.0001240546729
2.777,0.02741217433,0.03914234302,-0.21,0.02733463056,0.03905592901,-0.2099562192,0.0001240853714
2.778,0.02737102359,0.03911510801,-0.21,0.02729348507,0.03902864571,-0.2099562757,0.0001240957986
2.779,0.02732940156,0.03908756108,-0.21,0.02725188196,0.03900107198,-0.2099563316,0.0001240829649
2.78,0.02728730831,0.03905970228,-0.21,0.02720982103,0.03897320688,-0.209956387,0.0001240476767
2.781,0.02724474398,0.03903153171,-0.21,0.02716730099,0.03894504535,-0.2099564429,0.0001239940622
2.782,0.02720170873,0.03900304947,-0.21,0.02712431995,0.03891658011,-0.2099565007,0.0001239280408
2.783,0.02715820279,0.0389742557,-0.21,0.02708087617,0.03888780421,-0.2099565619,0.0001238553006
2.784,0.02711422642,0.03894515059,-0.21,0.02703696859,0.03885871334,-0.2099566273,0.000123779479
2.785,0.02706977993,0.03891573433,-0.21,0.02699259729,0.03882930707,-0.2099566972,0.0001237011252
2.786,0.02702486367,0.03888600717,-0.21,0.0269477634,0.03879958884,-0.2099567708,0.0001236177367
2.787,0.02697947805,0.03885596937,-0.21,0.0269024688,0.03876956466,-0.2099568471,0.0001235247896
2.788,0.0269336235,0.03882562121,-0.21,0.02685671559,0.03873924102,-0.2099569247,0.0001234173669
2.789,0.02688730053,0.03879496304,-0.21,0.02681050546,0.03870862286,-0.2099570028,0.0001232918165
2.79,0.02684050965,0.03876399519,-0.21,0.02676383934,0.03867771212,-0.2099570809,0.0001231468936
2.791,0.02679325146,0.03873271805,-0.21,0.02671671732,0.03864650742,-0.2099571593,0.0001229840439
2.792,0.02674552656,0.03870113203,-0.21,0.02666913879,0.03861500481,-0.2099572388,0.0001228067881
2.793,0.02669733563,0.03866923757,-0.21,0.02662110291,0.03858319938,-0.2099573206,0.0001226194635
2.794,0.02664867936,0.03863703514,-0.21,0.02657260908,0.03855108702,-0.2099574054,0.0001224257778
2.795,0.02659955851,0.03860452523,-0.21,0.02652365734,0.03851866588,-0.2099574937,0.0001222276598
2.796,0.02654997387,0.03857170837,-0.21,0.02647424854,0.03848593701,-0.2099575855,0.000122024764
2.797,0.02649992628,0.03853858511,-0.21,0.02642438425,0.03845290392,-0.2099576801,0.000121814752
2.798,0.02644941661,0.03850515603,-0.21,0.02637406647,0.03841957152,-0.2099577768,0.0001215942085
2.799,0.02639844577,0.03847142173,-0.21,0.02632329717,0.03838594453,-0.2099578746,0.0001213598542
2.8,0.02634701473,0.03843738285,-0.21,0.02627207798,0.0383520262,-0.209957973,0.0001211096385
2.801,0.02629512448,0.03840304006,-0.21,0.02622040996,0.03831781749,-0.2099580718,0.000120843362
2.802,0.02624277607,0.03836839404,-0.21,0.02616829356,0.03828331709,-0.2099581715,0.0001205626517
2.803,0.02618997058,0.03833344551,-0.21,0.02611572888,0.03824852228,-0.2099582727,0.0001202703375
2.804,0.02613670913,0.0382981952,-0.21,0.02606271598,0.03821343006,-0.209958376,0.0001199694737
2.805,0.02608299289,0.03826264389,-0.21,0.02600925519,0.03817803842,-0.209958482,0.0001196623482
2.806,0.02602882304,0.03822679238,-0.21,0.02595534737,0.0381423472,-0.2099585909,0.000119349806
2.807,0.02597420084,0.03819064148,-0.21,0.02590099398,0.03810635821,-0.2099587025,0.0001190310897
2.808,0.02591912756,0.03815419205,-0.21,0.02584619691,0.03807007482,-0.2099588162,0.0001187042162
2.809,0.02586360453,0.03811744495,-0.21,0.02579095826,0.03803350101,-0.2099589315,0.0001183667326
2.81,0.02580763309,0.03808040108,-0.21,0.02573528005,0.03799664027,-0.2099590479,0.0001180165793
2.811,0.02575121465,0.03804306137,-0.21,0.02567916398,0.03795949481,-0.2099591649,0.0001176527691
2.812,0.02569435064,0.03800542676,-0.21,0.02562261133,0.03792206516,-0.2099592827,0.0001172756714
2.813,0.02563704254,0.03796749824,-0.21,0.02556562303,0.03788435046,-0.2099594016,0.000116886831
2.814,0.02557929184,0.03792927679,-0.21,0.02550819982,0.03784634908,-0.209959522,0.0001164884118
2.815,0.0255211001,0.03789076345,-0.21,0.02545034251,0.03780805958,-0.2099596444,0.0001160824721
2.816,0.02546246891,0.03785195926,-0.21,0.0253920522,0.03776948147,-0.2099597691,0.000115670321
2.817,0.02540339988,0.03781286529,-0.21,0.0253333304,0.03773061563,-0.2099598961,0.0001152521627
2.818,0.02534389466,0.03777348264,-0.21,0.025274179,0.0376914643,-0.2099600252,0.0001148271278
2.819,0.02528395496,0.03773381243,-0.21,0.02521460017,0.03765203059,-0.2099601559,0.0001143936556
2.82,0.0252235825,0.03769385581,-0.21,0.02515459617,0.03761231776,-0.2099602879,0.0001139500813
2.821,0.02516277904,0.03765361394,-0.21,0.02509416912,0.03757232848,-0.2099604208,0.0001134952189
2.822,0.02510154639,0.03761308802,-0.21,0.02503332089,0.0375320644,-0.2099605544,0.0001130287497
2.823,0.02503988638,0.03757227925,-0.21,0.02497205309,0.03749152603,-0.209960689,0.0001125512994
2.824,0.02497780089,0.03753118888,-0.21,0.02491036709,0.03745071303,-0.2099608247,0.000112064199
2.825,0.0249152918,0.03748981817,-0.21,0.02484826425,0.03740962479,-0.2099609618,0.0001115690275
2.826,0.02485236108,0.03744816839,-0.21,0.02478574601,0.03736826105,-0.2099611008,0.0001110671028
2.827,0.02478901068,0.03740624087,-0.21,0.02472281409,0.03732662237,-0.2099612415,0.0001105590921
2.828,0.02472524261,0.03736403691,-0.21,0.02465947047,0.03728471032,-0.2099613841,0.0001100448617
2.829,0.02466105891,0.03732155788,-0.21,0.02459571744,0.03724252729,-0.2099615282,0.0001095236023
2.83,0.02459646167,0.03727880515,-0.21,0.0245315574,0.03720007615,-0.2099616736,0.000108994169
2.831,0.02453145297,0.0372357801,-0.21,0.02446699277,0.03715735962,-0.2099618201,0.0001084555102
2.832,0.02446603497,0.03719248416,-0.21,0.02440202586,0.03711437991,-0.2099619673,0.0001079070383
2.833,0.02440020983,0.03714891877,-0.21,0.02433665877,0.03707113843,-0.2099621153,0.0001073488227
2.834,0.02433397976,0.03710508537,-0.21,0.02427089345,0.03702763586,-0.2099622642,0.0001067815532
2.835,0.02426734699,0.03706098545,-0.21,0.02420473175,0.03698387246,-0.2099624142,0.0001062062994
2.836,0.02420031379,0.03701662052,-0.21,0.02413817552,0.03693984844,-0.2099625654,0.0001056241612
2.837,0.02413288245,0.03697199208,-0.21,0.02407122675,0.03689556444,-0.2099627181,0.0001050359322
2.838,0.02406505531,0.03692710169,-0.21,0.02400388764,0.03685102175,-0.2099628723,0.0001044418859
2.839,0.02399683472,0.0368819509,-0.21,0.02393616059,0.03680622232,-0.2099630278,0.0001038417496
2.84,0.02392822308,0.0368365413,-0.21,0.02386804818,0.03676116862,-0.2099631846,0.0001032348605
2.841,0.02385922281,0.03679087449,-0.21,0.02379955305,0.03671586327,-0.2099633422,0.0001026204412
2.842,0.02378983635,0.03674495208,-0.21,0.0237306778,0.03667030868,-0.2099635007,0.0001019978952
2.843,0.02372006619,0.03669877573,-0.21,0.02366142496,0.03662450681,-0.2099636598,0.0001013670228
2.844,0.02364991483,0.03665234709,-0.21,0.0235917969,0.03657845906,-0.2099638197,0.0001007280915
2.845,0.02357938482,0.03660566784,-0.21,0.02352179591,0.03653216641,-0.2099639804,0.000100081748
2.846,0.02350847871,0.03655873969,-0.21,0.02345142425,0.03648562964,-0.209964142,9.942881332e-05
2.847,0.02343719912,0.03651156434,-0.21,0.02338068421,0.03643884965,-0.2099643046,9.877003195e-05
2.848,0.02336554866,0.03646414354,-0.21,0.02330957822,0.03639182773,-0.2099644684,9.810586278e-05
2.849,0.02329352998,0.03641647904,-0.21,0.02323810884,0.03634456562,-0.2099646333,9.743637819e-05
2.85,0.02322114577,0.03636857262,-0.21,0.0231662788,0.03629706553,-0.2099647991,9.67612985e-05
2.851,0.02314839873,0.03632042606,-0.21,0.02309409094,0.03624932991,-0.2099649658,9.60801417e-05
2.852,0.02307529159,0.03627204118,-0.21,0.02302154811,0.03620136122,-0.2099651332,9.53924304e-05
2.853,0.02300182713,0.03622341981,-0.21,0.02294865313,0.03615316169,-0.2099653011,9.469788332e-05
2.854,0.02292800812,0.03617456379,-0.21,0.02287540875,0.03610473322,-0.2099654696,9.399652849e-05
2.855,0.02285383738,0.03612547498,-0.21,0.02280181765,0.03605607734,-0.2099656387,9.328870541e-05
2.856,0.02277931776,0.03607615527,-0.21,0.02272788244,0.03600719534,-0.2099658085,9.257496318e-05
2.857,0.02270445211,0.03602660654,-0.21,0.02265360576,0.03595808851,-0.2099659789,9.18558958e-05
2.858,0.02262924333,0.03597683073,-0.21,0.0225789903,0.03590875826,-0.2099661502,9.113197383e-05
2.859,0.02255369435,0.03592682974,-0.21,0.02250403888,0.03585920635,-0.2099663223,9.040342901e-05
2.86,0.02247780809,0.03587660555,-0.21,0.0224287544,0.03580943484,-0.2099664951,8.967022672e-05
2.861,0.02240158754,0.0358261601,-0.21,0.02235313989,0.03575944606,-0.2099666685,8.893212954e-05
2.862,0.02232503568,0.03577549538,-0.21,0.0222771984,0.03570924247,-0.2099668426,8.818882424e-05
2.863,0.02224815552,0.03572461338,-0.21,0.02220093301,0.03565882642,-0.209967017,8.744006565e-05
2.864,0.02217095011,0.03567351612,-0.21,0.02212434674,0.0356082001,-0.2099671919,8.668578812e-05
2.865,0.02209342251,0.03562220562,-0.21,0.02204744258,0.03555736544,-0.2099673672,8.592614945e-05
2.866,0.02201557581,0.03557068393,-0.21,0.02197022348,0.03550632415,-0.2099675429,8.516149747e-05
2.867,0.02193741312,0.03551895311,-0.21,0.02189269235,0.03545507785,-0.209967719,8.439227577e-05
2.868,0.02185893757,0.03546701522,-0.21,0.02181485218,0.03540362822,-0.2099678957,8.361890434e-05
2.869,0.02178015232,0.03541487237,-0.21,0.02173670599,0.03535197708,-0.2099680729,8.284167695e-05
2.87,0.02170106054,0.03536252664,-0.21,0.02165825688,0.03530012649,-0.2099682506,8.206070826e-05
2.871,0.02162166544,0.03530998017,-0.21,0.02157950806,0.03524807873,-0.2099684287,8.127594519e-05
2.872,0.02154197024,0.03525723507,-0.21,0.02150046277,0.03519583622,-0.2099686072,8.048723386e-05
2.873,0.02146197817,0.03520429351,-0.21,0.02142112429,0.03514340139,-0.2099687861,7.969441626e-05
2.874,0.02138169252,0.03515115763,-0.21,0.02134149586,0.03509077659,-0.2099689651,7.889742188e-05
2.875,0.02130111655,0.03509782961,-0.21,0.02126158074,0.03503796402,-0.2099691444,7.809632405e-05
2.876,0.02122025358,0.03504431165,-0.21,0.02118138213,0.0349849657,-0.2099693239,7.729134491e-05
2.877,0.02113910693,0.03499060594,-0.21,0.02110090324,0.03493178356,-0.2099695037,7.648281058e-05
2.878,0.02105767996,0.0349367147,-0.21,0.02102014726,0.03487841951,-0.2099696837,7.567107558e-05
2.879,0.02097597602,0.03488264016,-0.21,0.02093911746,0.03482487552,-0.209969864,7.485644388e-05
2.88,0.02089399851,0.03482838455,-0.21,0.02085781712,0.03477115373,-0.2099700445,7.40391133e-05
2.881,0.02081175082,0.03477395013,-0.21,0.02077624962,0.0347172564,-0.2099702253,7.321916053e-05
2.882,0.02072923639,0.03471933917,-0.21,0.02069441836,0.03466318597,-0.2099704063,7.239656875e-05
2.883,0.02064645866,0.03466455395,-0.21,0.0206123268,0.03460894489,-0.2099705875,7.157128162e-05
2.884,0.02056342108,0.03460959676,-0.21,0.02052997838,0.03455453564,-0.2099707687,7.07432659e-05
2.885,0.02048012714,0.03455446989,-0.21,0.02044737655,0.03449996061,-0.20997095,6.991256563e-05
2.886,0.02039658034,0.03449917568,-0.21,0.02036452473,0.03444522208,-0.2099711313,6.907932828e-05
2.887,0.0203127842,0.03444371643,-0.21,0.02028142634,0.03439032225,-0.2099713127,6.82437949e-05
2.888,0.02022874224,0.0343880945,-0.21,0.0201980848,0.03433526325,-0.2099714941,6.740626128e-05
2.889,0.02014445801,0.03433231223,-0.21,0.02011450355,0.03428004723,-0.2099716756,6.656702596e-05
2.89,0.02005993509,0.03427637198,-0.21,0.02003068609,0.03422467642,-0.2099718572,6.572634372e-05
2.891,0.01997517706,0.03422027613,-0.21,0.01994663593,0.03416915312,-0.2099720388,6.488439945e-05
2.892,0.01989018751,0.03416402705,-0.21,0.01986235665,0.03411347974,-0.2099722205,6.404130954e-05
2.893,0.01980497007,0.03410762715,-0.21,0.01977785185,0.03405765878,-0.2099724021,6.319714807e-05
2.894,0.01971952836,0.03405107881,-0.21,0.01969312513,0.03400169273,-0.2099725837,6.235198726e-05
2.895,0.01963386603,0.03399438447,-0.21,0.01960818011,0.03394558408,-0.2099727652,6.150593787e-05
2.896,0.01954798676,0.03393754653,-0.21,0.01952302042,0.03388933526,-0.2099729465,6.065917608e-05
2.897,0.0194618942,0.03388056745,-0.21,0.01943764966,0.0338329486,-0.2099731278,5.981194897e-05
2.898,0.01937559206,0.03382344965,-0.21,0.01935207143,0.03377642643,-0.2099733089,5.89645587e-05
2.899,0.01928908404,0.03376619559,-0.21,0.01926628938,0.03371977104,-0.2099734898,5.811733233e-05
2.9,0.01920237387,0.03370880775,-0.21,0.01918030713,0.03366298475,-0.2099736707,5.72705888e-05
2.901,0.01911546527,0.03365128857,-0.21,0.01909412836,0.03360606995,-0.2099738514,5.642461455e-05
2.902,0.019028362,0.03359364056,-0.21,0.01900775677,0.0335490291,-0.2099740319,5.557965565e-05
2.903,0.01894106782,0.0335358662,-0.21,0.0189211961,0.03349186472,-0.2099742123,5.473592791e-05
2.904,0.01885358651,0.03347796798,-0.21,0.01883445008,0.03343457935,-0.2099743924,5.389364057e-05
2.905,0.01876592184,0.03341994841,-0.21,0.01874752247,0.03337717554,-0.2099745723,5.305302489e-05
2.906,0.01867807762,0.03336181001,-0.21,0.01866041705,0.03331965582,-0.2099747519,5.221435758e-05
2.907,0.01859005767,0.03330355531,-0.21,0.01857313756,0.03326202265,-0.2099749312,5.137797109e-05
2.908,0.01850186581,0.03324518682,-0.21,0.01848568779,0.03320427849,-0.2099751102,5.054424833e-05
2.909,0.01841350587,0.0331867071,-0.21,0.0183980715,0.03314642576,-0.2099752889,4.971360769e-05
2.91,0.0183249817,0.03312811869,-0.21,0.0183102925,0.03308846689,-0.2099754674,4.888648504e-05
2.911,0.01823629716,0.03306942413,-0.21,0.01822235458,0.03303040435,-0.2099756455,4.806331901e-05
2.912,0.01814745612,0.033010626,-0.21,0.01813426155,0.03297224067,-0.2099758232,4.724454425e-05
2.913,0.01805846246,0.03295172686,-0.21,0.01804601726,0.03291397838,-0.2099760006,4.643059445e-05
2.914,0.01796932007,0.03289272928,-0.21,0.01795762552,0.03285562007,-0.2099761777,4.562191383e-05
2.915,0.01788003285,0.03283363586,-0.21,0.01786909019,0.03279716834,-0.2099763543,4.481897316e-05
2.916,0.01779060471,0.03277444916,-0.21,0.01778041513,0.03273862574,-0.2099765305,4.402228519e-05
2.917,0.01770103957,0.0327151718,-0.21,0.01769160419,0.03267999485,-0.2099767063,4.323241475e-05
2.918,0.01761134136,0.03265580636,-0.21,0.01760266124,0.03262127818,-0.2099768816,4.244998104e-05
2.919,0.01752151402,0.03259635546,-0.21,0.01751359015,0.03256247827,-0.2099770564,4.167565814e-05
2.92,0.01743156149,0.03253682171,-0.21,0.01742439479,0.03250359762,-0.2099772308,4.091014563e-05
2.921,0.01734148774,0.03247720772,-0.21,0.01733507905,0.03244463878,-0.2099774046,4.01541799e-05
2.922,0.01725129671,0.03241751613,-0.21,0.01724564683,0.03238560431,-0.209977578,3.940852534e-05
2.923,0.0171609924,0.03235774955,-0.21,0.01715610204,0.03232649678,-0.2099777508,3.867397095e-05
2.924,0.01707057876,0.03229791062,-0.21,0.01706644858,0.03226731883,-0.2099779231,3.795133512e-05
2.925,0.0169800598,0.03223800198,-0.21,0.01697669041,0.03220807307,-0.2099780949,3.724147649e-05
2.926,0.0168894395,0.03217802627,-0.21,0.01688683145,0.03214876211,-0.209978266,3.654530576e-05
2.927,0.01679872186,0.03211798614,-0.21,0.01679687564,0.03208938858,-0.2099784365,3.586379425e-05
2.928,0.01670791089,0.03205788424,-0.21,0.01670682693,0.03202995506,-0.2099786065,3.519797673e-05
2.929,0.0166170106,0.03199772323,-0.21,0.01661668926,0.03197046415,-0.2099787757,3.454894847e-05
2.93,0.01652602502,0.03193750576,-0.21,0.01652646658,0.03191091841,-0.2099789444,3.391785806e-05
2.931,0.01643495816,0.03187723451,-0.21,0.01643616286,0.03185132044,-0.2099791124,3.330589883e-05
2.932,0.01634381406,0.03181691213,-0.21,0.01634578204,0.03179167285,-0.2099792797,3.271430123e-05
2.933,0.01625259676,0.0317565413,-0.21,0.01625532811,0.03173197824,-0.2099794463,3.214432773e-05
2.934,0.01616131028,0.03169612469,-0.21,0.01616480504,0.03167223927,-0.2099796122,3.159727034e-05
2.935,0.01606995868,0.03163566498,-0.21,0.01607421682,0.03161245856,-0.2099797774,3.107444945e-05
2.936,0.015978546,0.03157516485,-0.21,0.01598356744,0.03155263877,-0.2099799419,3.057721196e-05
2.937,0.01588707631,0.03151462698,-0.21,0.0158928609,0.03149278255,-0.2099801056,3.010692634e-05
2.938,0.01579555365,0.03145405406,-0.21,0.01580210119,0.03143289253,-0.2099802686,2.966497339e-05
2.939,0.01570398209,0.03139344878,-0.21,0.01571129231,0.03137297133,-0.2099804307,2.925273234e-05
2.94,0.01561236568,0.03133281381,-0.21,0.01562043826,0.03131302157,-0.2099805921,2.887156311e-05
2.941,0.01552070851,0.03127215186,-0.21,0.01552954304,0.03125304588,-0.2099807526,2.85227863e-05
2.942,0.01542901463,0.03121146562,-0.21,0.01543861065,0.03119304688,-0.2099809123,2.820766285e-05
2.943,0.01533728812,0.03115075779,-0.21,0.0153476451,0.03113302722,-0.2099810712,2.792737464e-05
2.944,0.01524553305,0.03109003105,-0.21,0.0152566504,0.03107298954,-0.2099812293,2.768300646e-05
2.945,0.0151537535,0.03102928811,-0.21,0.01516563058,0.03101293649,-0.2099813864,2.747552978e-05
2.946,0.01506195355,0.03096853167,-0.21,0.01507458965,0.03095287075,-0.2099815427,2.730578732e-05
2.947,0.01497013728,0.03090776442,-0.21,0.01498353164,0.03089279495,-0.2099816981,2.717447846e-05
2.948,0.01487830876,0.03084698907,-0.21,0.01489246056,0.03083271177,-0.2099818526,2.708214546e-05
2.949,0.01478647207,0.03078620831,-0.21,0.01480138045,0.03077262383,-0.2099820062,2.702916109e-05
2.95,0.01469463131,0.03072542486,-0.21,0.0147102953,0.03071253378,-0.2099821588,2.701571877e-05
2.951,0.01460279054,0.0306646414,-0.21,0.01461920915,0.03065244426,-0.2099823105,2.704182644e-05
2.952,0.01451095386,0.03060386065,-0.21,0.01452812602,0.0305923579,-0.2099824612,2.710730509e-05
2.953,0.01441912534,0.0305430853,-0.21,0.01443704992,0.03053227735,-0.2099826109,2.721179217e-05
2.954,0.01432730906,0.03048231805,-0.21,0.01434598487,0.03047220526,-0.2099827597,2.735474971e-05
2.955,0.01423550911,0.03042156161,-0.21,0.01425493491,0.03041214427,-0.2099829075,2.753547623e-05
2.956,0.01414372956,0.03036081867,-0.21,0.01416390405,0.03035209705,-0.2099830542,2.775312149e-05
2.957,0.01405197449,0.03030009193,-0.21,0.01407289631,0.03029206625,-0.2099832,2.800670306e-05
2.958,0.01396024798,0.0302393841,-0.21,0.01398191572,0.03023205451,-0.2099833447,2.829512388e-05
2.959,0.01386855411,0.03017869786,-0.21,0.01389096628,0.03017206448,-0.2099834883,2.861719033e-05
2.96,0.01377689693,0.03011803591,-0.21,0.01380005202,0.03011209879,-0.2099836309,2.89716306e-05
2.961,0.01368528053,0.03005740094,-0.21,0.01370917695,0.03005216008,-0.2099837724,2.935711283e-05
2.962,0.01359370897,0.02999679566,-0.21,0.01361834506,0.02999225098,-0.2099839129,2.977226303e-05
2.963,0.01350218631,0.02993622273,-0.21,0.01352756038,0.02993237412,-0.2099840522,3.021568202e-05
2.964,0.01341071661,0.02987568487,-0.21,0.01343682689,0.02987253214,-0.2099841905,3.068596098e-05
2.965,0.01331930394,0.02981518474,-0.21,0.01334614861,0.02981272767,-0.2099843276,3.118169521e-05
2.966,0.01322795234,0.02975472503,-0.21,0.01325552953,0.02975296334,-0.2099844636,3.170149559e-05
2.967,0.01313666586,0.02969430842,-0.21,0.01316497365,0.02969324178,-0.2099845985,3.2243998e-05
2.968,0.01304544855,0.02963393759,-0.21,0.01307448496,0.02963356563,-0.2099847322,3.280787062e-05
2.969,0.01295430445,0.02957361521,-0.21,0.01298406744,0.02957393749,-0.2099848648,3.339181961e-05
2.97,0.01286323759,0.02951334396,-0.21,0.01289372508,0.02951436,-0.2099849962,3.39945936e-05
2.971,0.01277225201,0.02945312649,-0.21,0.01280346185,0.02945483576,-0.2099851265,3.461498718e-05
2.972,0.01268135172,0.02939296548,-0.21,0.01271328171,0.02939536737,-0.2099852555,3.525184356e-05
2.973,0.01259054076,0.02933286358,-0.21,0.01262318865,0.02933595744,-0.2099853834,3.590405653e-05
2.974,0.01249982312,0.02927282345,-0.21,0.0125331866,0.02927660857,-0.2099855101,3.657057141e-05
2.975,0.01240920282,0.02921284774,-0.21,0.01244327954,0.02921732337,-0.2099856356,3.725038524e-05
2.976,0.01231868385,0.0291529391,-0.21,0.0123534714,0.02915810442,-0.2099857598,3.794254599e-05
2.977,0.01222827022,0.02909310017,-0.21,0.01226376613,0.02909895432,-0.2099858828,3.864615104e-05
2.978,0.0121379659,0.02903333359,-0.21,0.01217416766,0.02903987566,-0.2099860046,3.93603452e-05
2.979,0.01204777488,0.028973642,-0.21,0.01208467993,0.02898087103,-0.2099861252,4.008431852e-05
2.98,0.01195770112,0.02891402801,-0.21,0.01199530685,0.02892194299,-0.2099862445,4.081730406e-05
2.981,0.0118677486,0.02885449426,-0.21,0.01190605234,0.02886309411,-0.2099863625,4.155857605e-05
2.982,0.01177792125,0.02879504336,-0.21,0.0118169203,0.02880432697,-0.2099864793,4.230744814e-05
2.983,0.01168822305,0.02873567792,-0.21,0.01172791462,0.02874564411,-0.2099865948,4.306327177e-05
2.984,0.01159865791,0.02867640056,-0.21,0.0116390392,0.02868704809,-0.209986709,4.382543458e-05
2.985,0.01150922977,0.02861721386,-0.21,0.01155029792,0.02862854146,-0.209986822,4.45933586e-05
2.986,0.01141994255,0.02855812043,-0.21,0.01146169465,0.02857012676,-0.2099869336,4.536649827e-05
2.987,0.01133080016,0.02849912286,-0.21,0.01137323324,0.02851180653,-0.209987044,4.614433824e-05
2.988,0.0112418065,0.02844022372,-0.21,0.01128491756,0.0284535833,-0.2099871531,4.69263912e-05
2.989,0.01115296546,0.02838142559,-0.21,0.01119675145,0.0283954596,-0.2099872608,4.77121957e-05
2.99,0.01106428092,0.02832273103,-0.21,0.01110873874,0.02833743794,-0.2099873673,4.850131432e-05
2.991,0.01097575675,0.02826414262,-0.21,0.01102088326,0.02827952083,-0.2099874724,4.929333211e-05
2.992,0.01088739681,0.02820566289,-0.21,0.01093318881,0.02822171077,-0.2099875762,5.008785532e-05
2.993,0.01079920494,0.02814729441,-0.21,0.01084565919,0.02816401026,-0.2099876786,5.088451042e-05
2.994,0.01071118499,0.0280890397,-0.21,0.01075829821,0.02810642179,-0.2099877798,5.1682943e-05
2.995,0.01062334078,0.02803090131,-0.21,0.01067110964,0.02804894783,-0.2099878796,5.248281683e-05
2.996,0.01053567611,0.02797288174,-0.21,0.01058409724,0.02799159085,-0.209987978,5.328381272e-05
2.997,0.01044819479,0.02791498352,-0.21,0.01049726477,0.02793435332,-0.2099880751,5.408562728e-05
2.998,0.01036090061,0.02785720916,-0.21,0.01041061598,0.02787723771,-0.2099881709,5.488797167e-05
2.999,0.01027379734,0.02779956114,-0.21,0.0103241546,0.02782024645,-0.2099882653,5.56905704e-05
3,0.01018688875,0.02774204197,-0.21,0.01023788435,0.027763382,-0.2099883583,5.649316026e-05
3.001,0.01010017857,0.02768465412,-0.21,0.01015180894,0.02770664677,-0.20998845,5.729548951e-05
3.002,0.01001367055,0.02762740007,-0.21,0.01006593205,0.02765004319,-0.2099885403,5.809731726e-05
3.003,0.009927368415,0.02757028227,-0.21,0.00998025737,0.02759357367,-0.2099886293,5.889841583e-05
3.004,0.009841275859,0.02751330318,-0.21,0.009894788595,0.02753724063,-0.2099887169,5.969859322e-05
3.005,0.00975539658,0.02745646525,-0.21,0.009809529442,0.02748104647,-0.2099888032,6.049770081e-05
3.006,0.009669734256,0.02739977091,-0.21,0.00972448364,0.0274249936,-0.2099888881,6.129562335e-05
3.007,0.009584292548,0.02734322257,-0.21,0.009639654904,0.02736908444,-0.2099889718,6.20922577e-05
3.008,0.009499075105,0.02728682267,-0.21,0.009555046911,0.02731332136,-0.2099890541,6.288749051e-05
3.009,0.009414085558,0.02723057359,-0.21,0.009470663293,0.02725770675,-0.2099891352,6.368118401e-05
3.01,0.009329327524,0.02717447773,-0.21,0.009386507632,0.02720224295,-0.2099892149,6.447317386e-05
3.011,0.009244804603,0.02711853749,-0.21,0.009302583475,0.02714693229,-0.2099892933,6.526327807e-05
3.012,0.009160520378,0.02706275522,-0.21,0.009218894346,0.02709177709,-0.2099893705,6.605131187e-05
3.013,0.009076478417,0.02700713328,-0.21,0.009135443762,0.02703677963,-0.2099894463,6.683710229e-05
3.014,0.00899268227,0.02695167404,-0.21,0.00905223524,0.02698194223,-0.2099895209,6.762049856e-05
3.015,0.00890913547,0.02689637983,-0.21,0.008969272289,0.02692726718,-0.2099895941,6.840137437e-05
3.016,0.008825841534,0.02684125296,-0.21,0.008886558408,0.02687275681,-0.2099896661,6.917962231e-05
3.017,0.008742803958,0.02678629577,-0.21,0.008804097076,0.02681841342,-0.2099897368,6.995514387e-05
3.018,0.008660026223,0.02673151055,-0.21,0.008721891749,0.02676423932,-0.2099898063,7.072783863e-05
3.019,0.008577511792,0.02667689959,-0.21,0.008639945855,0.02671023678,-0.2099898745,7.149759643e-05
3.02,0.008495264106,0.02662246517,-0.21,0.0085582628,0.02665640803,-0.2099899414,7.226429479e-05
3.021,0.008413286592,0.02656820956,-0.21,0.008476845965,0.0266027553,-0.2099900071,7.302780161e-05
3.022,0.008331582655,0.02651413502,-0.21,0.008395698711,0.02654928075,-0.2099900715,7.378798185e-05
3.023,0.00825015568,0.02646024378,-0.21,0.008314824384,0.02649598656,-0.2099901347,7.454470527e-05
3.024,0.008169009034,0.02640653807,-0.21,0.008234226317,0.0264428749,-0.2099901966,7.529785257e-05
3.025,0.008088146065,0.0263530201,-0.21,0.008153907826,0.02638994793,-0.2099902573,7.604731811e-05
3.026,0.008007570099,0.02629969209,-0.21,0.008073872208,0.02633720782,-0.2099903167,7.679300838e-05
3.027,0.007927284441,0.02624655621,-0.21,0.007994122744,0.02628465674,-0.2099903749,7.753483732e-05
3.028,0.007847292378,0.02619361465,-0.21,0.00791466269,0.02623229683,-0.2099904319,7.82727202e-05
3.029,0.007767597175,0.02614086955,-0.21,0.00783549528,0.02618013022,-0.2099904876,7.90065682e-05
3.03,0.007688202074,0.02608832308,-0.21,0.007756623721,0.02612815902,-0.2099905422,7.973628562e-05
3.031,0.007609110297,0.02603597735,-0.21,0.007678051198,0.02607638531,-0.2099905954,8.046177016e-05
3.032,0.007530325045,0.02598383449,-0.21,0.007599780874,0.02602481113,-0.2099906475,8.118291607e-05
3.033,0.007451849495,0.02593189661,-0.21,0.007521815888,0.02597343853,-0.2099906984,8.189961868e-05
3.034,0.007373686804,0.02588016579,-0.21,0.007444159359,0.02592226953,-0.209990748,8.261177866e-05
3.035,0.007295840104,0.0258286441,-0.21,0.007366814387,0.02587130616,-0.2099907964,8.331930457e-05
3.036,0.007218312505,0.0257773336,-0.21,0.00728978405,0.02582055044,-0.2099908436,8.40221129e-05
3.037,0.007141107096,0.02572623634,-0.21,0.007213071404,0.02577000436,-0.2099908897,8.472012575e-05
3.038,0.00706422694,0.02567535434,-0.21,0.007136679482,0.02571966994,-0.2099909345,8.541326718e-05
3.039,0.006987675076,0.02562468962,-0.21,0.007060611292,0.02566954913,-0.2099909781,8.61014596e-05
3.04,0.006911454521,0.02557424417,-0.21,0.006984869817,0.02561964389,-0.2099910205,8.678462139e-05
3.041,0.006835568267,0.02552401997,-0.21,0.006909458012,0.02556995615,-0.2099910618,8.746266642e-05
3.042,0.006760019281,0.02547401899,-0.21,0.006834378809,0.02552048781,-0.2099911018,8.813550561e-05
3.043,0.006684810506,0.02542424318,-0.21,0.006759635112,0.02547124076,-0.2099911407,8.880304959e-05
3.044,0.006609944859,0.02537469445,-0.21,0.006685229803,0.02542221688,-0.2099911784,8.946521165e-05
3.045,0.006535425234,0.02532537474,-0.21,0.006611165738,0.02537341802,-0.2099912149,9.012190962e-05
3.046,0.006461254496,0.02527628593,-0.21,0.006537445751,0.02532484605,-0.2099912503,9.077306644e-05
3.047,0.006387435487,0.02522742991,-0.21,0.006464072649,0.02527650278,-0.2099912845,9.141860894e-05
3.048,0.006313971021,0.02517880853,-0.21,0.006391049214,0.02522839006,-0.2099913175,9.20584657e-05
3.049,0.006240863886,0.02513042366,-0.21,0.006318378202,0.02518050968,-0.2099913494,9.269256469e-05
3.05,0.006168116845,0.0250822771,-0.21,0.006246062339,0.02513286341,-0.2099913801,9.332083153e-05
3.051,0.006095732632,0.02503437068,-0.21,0.006174104325,0.02508545303,-0.2099914097,9.394318892e-05
3.052,0.006023713955,0.02498670618,-0.21,0.006102506832,0.02503828026,-0.2099914381,9.455955736e-05
3.053,0.005952063493,0.02493928538,-0.21,0.006031272501,0.02499134682,-0.2099914653,9.516985673e-05
3.054,0.0058807839,0.02489211003,-0.21,0.005960403949,0.02494465442,-0.2099914914,9.577400818e-05
3.055,0.005809877799,0.02484518188,-0.21,0.005889903764,0.02489820474,-0.2099915164,9.637193551e-05
3.056,0.005739347786,0.02479850263,-0.21,0.005819774505,0.02485199944,-0.2099915403,9.696356563e-05
3.057,0.005669196429,0.02475207399,-0.21,0.005750018707,0.02480604019,-0.209991563,9.754882809e-05
3.058,0.005599426267,0.02470589764,-0.21,0.005680638874,0.0247603286,-0.2099915846,9.812765378e-05
3.059,0.005530039808,0.02465997523,-0.21,0.005611637479,0.02471486631,-0.2099916051,9.869997346e-05
3.06,0.005461039533,0.02461430842,-0.21,0.005543016968,0.02466965489,-0.2099916244,9.926571653e-05
3.061,0.005392427892,0.02456889882,-0.21,0.005474779756,0.02462469593,-0.2099916427,9.982481059e-05
3.062,0.005324207306,0.02452374803,-0.21,0.005406928225,0.02457999097,-0.2099916598,0.0001003771817
3.063,0.005256380164,0.02447885764,-0.21,0.005339464729,0.02453554154,-0.2099916758,0.0001009227553
3.064,0.005188948828,0.0244342292,-0.21,0.005272391591,0.02449134915,-0.2099916907,0.0001014614576
3.065,0.005121915625,0.02438986426,-0.21,0.005205711103,0.02444741527,-0.2099917045,0.0001019932161
3.066,0.005055282854,0.02434576435,-0.21,0.005139425526,0.0244037414,-0.2099917172,0.0001025179603
3.067,0.004989052782,0.02430193095,-0.21,0.005073537087,0.02436032896,-0.2099917288,0.0001030356184
3.068,0.004923227643,0.02425836556,-0.21,0.005008047974,0.02431717941,-0.2099917393,0.0001035461103
3.069,0.004857809641,0.02421506962,-0.21,0.004942960331,0.02427429412,-0.2099917487,0.0001040493467
3.07,0.004792800947,0.02417204457,-0.21,0.004878276266,0.0242316745,-0.209991757,0.0001045452336
3.071,0.0047282037,0.02412929184,-0.21,0.004813997857,0.02418932189,-0.2099917641,0.0001050336781
3.072,0.004664020007,0.02408681281,-0.21,0.00475012716,0.02414723762,-0.2099917702,0.0001055145954
3.073,0.004600251939,0.02404460885,-0.21,0.004686666207,0.02410542303,-0.2099917752,0.0001059879109
3.074,0.004536901538,0.02400268133,-0.21,0.004623617009,0.02406387939,-0.209991779,0.0001064535603
3.075,0.00447397081,0.02396103155,-0.21,0.004560981545,0.024022608,-0.2099917818,0.0001069114854
3.076,0.004411461728,0.02391966084,-0.21,0.004498761761,0.02398161011,-0.2099917835,0.0001073616297
3.077,0.00434937623,0.02387857047,-0.21,0.004436959565,0.02394088696,-0.209991784,0.0001078039339
3.078,0.004287716222,0.0238377617,-0.21,0.004375576825,0.02390043978,-0.2099917835,0.0001082383335
3.079,0.004226483572,0.02379723578,-0.21,0.004314615372,0.02386026973,-0.2099917819,0.0001086647592
3.08,0.004165680117,0.02375699391,-0.21,0.004254076998,0.02382037799,-0.2099917793,0.0001090831387
3.081,0.004105307656,0.02371703728,-0.21,0.004193963465,0.02378076569,-0.2099917755,0.0001094933999
3.082,0.004045367954,0.02367736708,-0.21,0.004134276499,0.02374143394,-0.2099917706,0.000109895473
3.083,0.003985862739,0.02363798443,-0.21,0.004075017795,0.02370238384,-0.2099917647,0.0001102892925
3.084,0.003926793706,0.02359889046,-0.21,0.004016189016,0.02366361645,-0.2099917577,0.0001106747967
3.085,0.003868162511,0.02356008627,-0.21,0.003957791788,0.02362513283,-0.2099917496,0.0001110519264
3.086,0.003809970773,0.02352157293,-0.21,0.0038998277,0.02358693399,-0.2099917405,0.0001114206232
3.087,0.003752220078,0.02348335148,-0.21,0.003842298303,0.02354902095,-0.2099917303,0.0001117808277
3.088,0.003694911971,0.02344542296,-0.21,0.003785205109,0.02351139467,-0.209991719,0.0001121324781
3.089,0.003638047962,0.02340778835,-0.21,0.003728549589,0.02347405612,-0.2099917067,0.0001124755103
3.09,0.003581629523,0.02337044864,-0.21,0.003672333181,0.0234370062,-0.2099916933,0.0001128098587
3.091,0.003525658089,0.02333340477,-0.21,0.00361655728,0.02340024582,-0.2099916788,0.0001131354575
3.092,0.003470135053,0.02329665767,-0.21,0.003561223249,0.02336377585,-0.2099916633,0.0001134522415
3.093,0.003415061776,0.02326020823,-0.21,0.00350633241,0.02332759714,-0.2099916467,0.0001137601474
3.094,0.003360439574,0.02322405734,-0.21,0.003451886049,0.0232917105,-0.209991629,0.0001140591139
3.095,0.003306269729,0.02318820582,-0.21,0.003397885412,0.02325611674,-0.2099916104,0.000114349081
3.096,0.00325255348,0.02315265452,-0.21,0.003344331705,0.02322081663,-0.2099915906,0.0001146299893
3.097,0.003199292031,0.02311740421,-0.21,0.003291226097,0.02318581093,-0.2099915698,0.0001149017793
3.098,0.003146486541,0.02308245568,-0.21,0.003238569713,0.02315110034,-0.209991548,0.0001151643905
3.099,0.003094138133,0.02304780966,-0.21,0.003186363639,0.02311668557,-0.2099915251,0.0001154177612
3.1,0.003042247888,0.02301346687,-0.21,0.003134608921,0.02308256728,-0.2099915011,0.0001156618288
3.101,0.002990816847,0.02297942799,-0.21,0.003083306563,0.02304874611,-0.2099914761,0.0001158965303
3.102,0.002939846009,0.02294569369,-0.21,0.003032457529,0.02301522267,-0.2099914501,0.0001161218029
3.103,0.002889336335,0.02291226461,-0.21,0.002982062743,0.02298199754,-0.209991423,0.0001163375849
3.104,0.00283928874,0.02287914135,-0.21,0.002932123087,0.02294907129,-0.2099913949,0.0001165438152
3.105,0.002789704102,0.02284632449,-0.21,0.002882639401,0.02291644444,-0.2099913657,0.0001167404341
3.106,0.002740583254,0.02281381458,-0.21,0.002833612483,0.0228841175,-0.2099913355,0.0001169273822
3.107,0.002691926987,0.02278161215,-0.21,0.00278504309,0.02285209095,-0.2099913042,0.0001171046001
3.108,0.002643736052,0.02274971769,-0.21,0.002736931934,0.02282036523,-0.2099912719,0.0001172720282
3.109,0.002596011155,0.02271813167,-0.21,0.002689279686,0.02278894077,-0.2099912385,0.0001174296062
3.11,0.00254875296,0.02268685453,-0.21,0.002642086973,0.02275781796,-0.2099912041,0.0001175772729
3.111,0.002501962086,0.02265588668,-0.21,0.002595354377,0.02272699716,-0.2099911686,0.0001177149674
3.112,0.002455639111,0.0226252285,-0.21,0.002549082439,0.02269647869,-0.2099911321,0.0001178426283
3.113,0.002409784568,0.02259488035,-0.21,0.002503271654,0.02266626287,-0.2099910945,0.0001179601951
3.114,0.002364398946,0.02256484255,-0.21,0.002457922475,0.02263634997,-0.2099910559,0.0001180676077
3.115,0.002319482689,0.02253511539,-0.21,0.002413035307,0.02260674024,-0.2099910162,0.0001181648066
3.116,0.002275036197,0.02250569913,-0.21,0.002368610514,0.0225774339,-0.2099909754,0.000118251733
3.117,0.002231059826,0.02247659402,-0.21,0.002324648414,0.02254843113,-0.2099909336,0.0001183283278
3.118,0.002187553884,0.02244780025,-0.21,0.002281149278,0.02251973209,-0.2099908908,0.0001183945321
3.119,0.002144518638,0.02241931801,-0.21,0.002238113333,0.02249133692,-0.2099908469,0.0001184502865
3.12,0.002101954304,0.02239114743,-0.21,0.002195540759,0.02246324571,-0.2099908019,0.0001184955313
3.121,0.002059861057,0.02236328864,-0.21,0.00215343169,0.02243545852,-0.2099907558,0.0001185302067
3.122,0.002018239022,0.02233574171,-0.21,0.002111786214,0.0224079754,-0.2099907087,0.0001185542529
3.123,0.00197708828,0.0223085067,-0.21,0.002070604371,0.02238079634,-0.2099906605,0.0001185676103
3.124,0.001936408863,0.02228158363,-0.21,0.002029886156,0.02235392133,-0.2099906112,0.0001185702198
3.125,0.001896200758,0.02225497249,-0.21,0.001989631515,0.02232735031,-0.2099905609,0.0001185620229
3.126,0.001856463904,0.02222867324,-0.21,0.001949840348,0.0223010832,-0.2099905094,0.0001185429611
3.127,0.001817198191,0.0222026858,-0.21,0.001910512506,0.02227511987,-0.2099904569,0.0001185129762
3.128,0.001778403462,0.02217701008,-0.21,0.001871647793,0.02224946017,-0.2099904033,0.0001184720102
3.129,0.001740079513,0.02215164594,-0.21,0.001833245963,0.02222410394,-0.2099903486,0.0001184200047
3.13,0.001702226091,0.02212659322,-0.21,0.001795306722,0.02219905094,-0.2099902928,0.0001183569012
3.131,0.001664842892,0.0221018517,-0.21,0.001757829728,0.02217430094,-0.2099902359,0.0001182826412
3.132,0.001627929567,0.02207742116,-0.21,0.001720814589,0.02214985366,-0.2099901778,0.0001181971664
3.133,0.001591485714,0.02205330133,-0.21,0.001684260863,0.02212570879,-0.2099901187,0.0001181004184
3.134,0.001555510884,0.02202949192,-0.21,0.001648168058,0.02210186599,-0.2099900585,0.0001179923395
3.135,0.001520004577,0.0220059926,-0.21,0.001612535634,0.02207832488,-0.2099899971,0.0001178728722
3.136,0.001484966243,0.02198280299,-0.21,0.001577362999,0.02205508505,-0.2099899346,0.0001177419592
3.137,0.001450395283,0.02195992271,-0.21,0.001542649512,0.02203214606,-0.2099898709,0.0001175995435
3.138,0.001416291045,0.02193735133,-0.21,0.001508394478,0.02200950743,-0.2099898061,0.0001174455683
3.139,0.001382652828,0.02191508837,-0.21,0.001474597155,0.02198716867,-0.2099897402,0.0001172799765
3.14,0.001349479879,0.02189313334,-0.21,0.001441256746,0.02196512922,-0.2099896731,0.0001171027115
3.141,0.001316771394,0.02187148571,-0.21,0.001408372404,0.02194338852,-0.2099896049,0.0001169137163
3.142,0.001284526517,0.02185014492,-0.21,0.001375943231,0.02192194594,-0.2099895354,0.0001167129344
3.143,0.00125274434,0.02182911035,-0.21,0.001343968274,0.02190080084,-0.2099894648,0.0001165003095
3.144,0.001221423904,0.02180838138,-0.21,0.00131244653,0.02187995256,-0.2099893931,0.0001162757854
3.145,0.001190564195,0.02178795734,-0.21,0.001281376942,0.02185940036,-0.2099893201,0.0001160393066
3.146,0.001160164147,0.02176783752,-0.21,0.0012507584,0.02183914351,-0.2099892459,0.0001157908177
3.147,0.001130222644,0.02174802118,-0.21,0.001220589742,0.02181918123,-0.2099891706,0.0001155302636
3.148,0.001100738512,0.02172850754,-0.21,0.001190869751,0.02179951268,-0.209989094,0.0001152575895
3.149,0.001071710526,0.02170929579,-0.21,0.001161597156,0.02178013703,-0.2099890162,0.0001149727409
3.15,0.001043137408,0.0216903851,-0.21,0.001132770633,0.02176105338,-0.2099889371,0.0001146756633
3.151,0.001015017822,0.02167177457,-0.21,0.001104388803,0.0217422608,-0.2099888568,0.0001143663025
3.152,0.0009873503827,0.02165346328,-0.21,0.001076450232,0.02172375834,-0.2099887753,0.0001140446048
3.153,0.000960133646,0.02163545028,-0.21,0.001048953431,0.02170554499,-0.2099886925,0.0001137105166
3.154,0.0009333661147,0.02161773459,-0.21,0.001021896856,0.02168761974,-0.2099886085,0.0001133639849
3.155,0.0009070462361,0.02160031516,-0.21,0.0009952789077,0.02166998149,-0.2099885231,0.0001130049571
3.156,0.0008811724018,0.02158319095,-0.21,0.0009690979315,0.02165262916,-0.2099884365,0.0001126333811
3.157,0.0008557429476,0.02156636084,-0.21,0.0009433522157,0.0216355616,-0.2099883486,0.0001122492053
3.158,0.0008307561536,0.0215498237,-0.21,0.0009180399929,0.02161877762,-0.2099882594,0.0001118523785
3.159,0.0008062102431,0.02153357835,-0.21,0.0008931594389,0.02160227601,-0.2099881688,0.0001114428498
3.16,0.000782103383,0.02151762358,-0.21,0.0008687086727,0.02158605552,-0.2099880769,0.0001110205691
3.161,0.0007584336835,0.02150195814,-0.21,0.0008446857562,0.02157011486,-0.2099879837,0.0001105854866
3.162,0.0007351991974,0.02148658074,-0.21,0.0008210886937,0.02155445269,-0.2099878891,0.000110137553
3.163,0.0007123979202,0.02147149005,-0.21,0.000797915432,0.02153906764,-0.2099877932,0.0001096767197
3.164,0.0006900277897,0.02145668471,-0.21,0.0007751638599,0.02152395832,-0.2099876959,0.0001092029388
3.165,0.0006680866857,0.02144216331,-0.21,0.000752831808,0.02150912328,-0.2099875971,0.0001087161632
3.166,0.0006465724297,0.02142792442,-0.21,0.0007309170485,0.02149456104,-0.209987497,0.0001082163465
3.167,0.0006254827849,0.02141396655,-0.21,0.0007094172947,0.02148027007,-0.2099873955,0.0001077034431
3.168,0.0006048154556,0.02140028818,-0.21,0.000688330201,0.02146624881,-0.2099872926,0.0001071774082
3.169,0.000584568087,0.02138688776,-0.21,0.0006676533624,0.02145249568,-0.2099871882,0.0001066381978
3.17,0.0005647382651,0.02137376369,-0.21,0.0006473843143,0.02143900903,-0.2099870823,0.000106085769
3.171,0.0005453235162,0.02136091432,-0.21,0.0006275205325,0.02142578717,-0.209986975,0.0001055200798
3.172,0.0005263213067,0.02134833799,-0.21,0.0006080594323,0.02141282841,-0.2099868662,0.000104941089
3.173,0.000507729043,0.02133603297,-0.21,0.0005889983689,0.02140013098,-0.2099867559,0.0001043487569
3.174,0.000489544071,0.02132399752,-0.21,0.0005703346369,0.02138769308,-0.2099866441,0.0001037430448
3.175,0.000471763676,0.02131222983,-0.21,0.0005520654697,0.02137551288,-0.2099865308,0.0001031239153
3.176,0.0004543850822,0.02130072806,-0.21,0.0005341880398,0.0213635885,-0.2099864159,0.0001024913326
3.177,0.0004374054527,0.02128949034,-0.21,0.0005166994582,0.02135191803,-0.2099862995,0.0001018452621
3.178,0.0004208218889,0.02127851476,-0.21,0.0004995967741,0.0213404995,-0.2099861816,0.0001011856708
3.179,0.0004046314308,0.02126779934,-0.21,0.0004828769747,0.02132933092,-0.209986062,0.0001005125275
3.18,0.0003888310561,0.0212573421,-0.21,0.000466536985,0.02131841025,-0.2099859409,9.982580263e-05
3.181,0.0003734176801,0.02124714098,-0.21,0.0004505736675,0.02130773541,-0.2099858181,9.912546847e-05
3.182,0.0003583881557,0.02123719391,-0.21,0.0004349838219,0.02129730428,-0.2099856937,9.841149938e-05
3.183,0.0003437392728,0.02122749876,-0.21,0.000419764189,0.02128711469,-0.2099855676,9.768387572e-05
3.184,0.0003294677584,0.02121805337,-0.21,0.0004049114611,0.02127716445,-0.2099854399,9.694259328e-05
3.185,0.0003155702758,0.02120885553,-0.21,0.0003904222835,0.02126745131,-0.2099853106,9.618766485e-05
3.186,0.0003020434248,0.02119990298,-0.21,0.0003762932466,0.021257973,-0.2099851796,9.541911478e-05
3.187,0.0002888837412,0.02119119344,-0.21,0.000362520875,0.0212487272,-0.2099850469,9.463696968e-05
3.188,0.0002760876966,0.02118272457,-0.21,0.0003491016175,0.02123971155,-0.2099849125,9.384124971e-05
3.189,0.0002636516981,0.02117449399,-0.21,0.0003360318429,0.02123092364,-0.2099847765,9.303196404e-05
3.19,0.000251572088,0.02116649927,-0.21,0.000323307841,0.021222361,-0.2099846387,9.220911151e-05
3.191,0.0002398451436,0.02115873797,-0.21,0.0003109258288,0.02121402115,-0.2099844992,9.137268593e-05
3.192,0.0002284670769,0.02115120756,-0.21,0.0002988819574,0.02120590151,-0.209984358,9.052268336e-05
3.193,0.0002174340343,0.02114390551,-0.21,0.0002871723181,0.0211979995,-0.209984215,8.965910869e-05
3.194,0.0002067420963,0.02113682921,-0.21,0.0002757929438,0.02119031248,-0.2099840702,8.878197937e-05
3.195,0.0001963872774,0.02112997602,-0.21,0.0002647398077,0.02118283778,-0.2099839236,8.789132554e-05
3.196,0.0001863655256,0.02112334327,-0.21,0.0002540088189,0.02117557268,-0.2099837752,8.698718727e-05
3.197,0.0001766727222,0.02111692823,-0.21,0.0002435958184,0.02116851443,-0.209983625,8.606961047e-05
3.198,0.0001673046817,0.02111072813,-0.21,0.0002334965747,0.02116166023,-0.2099834729,8.513864343e-05
3.199,0.0001582571512,0.02110474016,-0.21,0.0002237067839,0.02115500721,-0.209983319,8.419433522e-05
3.2,0.0001495258105,0.02109896145,-0.21,0.0002142220696,0.02114855249,-0.2099831632,8.323673657e-05
3.201,0.0001411062714,0.0210933891,-0.21,0.0002050379856,0.02114229312,-0.2099830055,8.22659027e-05
3.202,0.0001329940781,0.02108802017,-0.21,0.0001961500184,0.0211362261,-0.2099828459,8.128189712e-05
3.203,0.0001251847059,0.02108285165,-0.21,0.0001875535883,0.02113034839,-0.2099826844,8.028479511e-05
3.204,0.000117673562,0.02107788051,-0.21,0.0001792440499,0.0211246569,-0.2099825209,7.927468613e-05
3.205,0.0001104559847,0.02107310366,-0.21,0.0001712166904,0.02111914852,-0.2099823554,7.825167458e-05
3.206,0.0001035272429,0.02106851798,-0.21,0.0001634667283,0.02111382008,-0.2099821879,7.721587949e-05
3.207,9.688253632e-05,0.02106412028,-0.21,0.0001559893112,0.02110866835,-0.2099820184,7.616743361e-05
3.208,9.051699504e-05,0.02105990734,-0.21,0.0001487795148,0.02110369008,-0.2099818469,7.510648288e-05
3.209,8.442567912e-05,0.02105587589,-0.21,0.0001418323423,0.02109888196,-0.2099816734,7.403318687e-05
3.21,7.860357843e-05,0.02105202262,-0.21,0.0001351427247,0.02109424063,-0.2099814977,7.294772044e-05
3.211,7.304561238e-05,0.02104834416,-0.21,0.0001287055215,0.02108976268,-0.20998132,7.185027655e-05
3.212,6.774662962e-05,0.02104483711,-0.21,0.0001225155212,0.02108544465,-0.2099811401,7.074106977e-05
3.213,6.270140776e-05,0.021041498,-0.21,0.000116567442,0.02108128303,-0.2099809581,6.962033989e-05
3.214,5.790465314e-05,0.02103832334,-0.21,0.0001108559309,0.02107727428,-0.2099807739,6.848835532e-05
3.215,5.335100051e-05,0.02103530957,-0.21,0.0001053755663,0.02107341478,-0.2099805876,6.734541307e-05
3.216,4.903501279e-05,0.0210324531,-0.21,0.0001001208599,0.02106970087,-0.209980399,6.619183747e-05
3.217,4.49511808e-05,0.02102975028,-0.21,9.508625451e-05,0.02106612878,-0.2099802081,6.502798245e-05
3.218,4.109392294e-05,0.02102719741,-0.21,9.026612107e-05,0.02106269472,-0.209980015,6.385423839e-05
3.219,3.745758498e-05,0.02102479075,-0.21,8.56547539e-05,0.02105939484,-0.2099798196,6.267104253e-05
3.22,3.403643977e-05,0.02102252652,-0.21,8.124636795e-05,0.02105622526,-0.2099796218,6.147889058e-05
3.221,3.082468692e-05,0.02102040086,-0.21,7.703509856e-05,0.02105318209,-0.2099794217,6.027834686e-05
3.222,2.781645261e-05,0.02101840991,-0.21,7.301500318e-05,0.02105026139,-0.2099792191,5.907005111e-05
3.223,2.500578926e-05,0.02101654971,-0.21,6.918006394e-05,0.02104745921,-0.2099790142,5.785472269e-05
3.224,2.238667525e-05,0.02101481629,-0.21,6.552418945e-05,0.02104477153,-0.2099788068,5.663316377e-05
3.225,1.99530147e-05,0.02101320561,-0.21,6.204121506e-05,0.02104219428,-0.2099785969,5.540626407e-05
3.226,1.769863715e-05,0.02101171358,-0.21,5.872490175e-05,0.02103972333,-0.2099783845,5.417500938e-05
3.227,1.561729733e-05,0.02101033608,-0.21,5.556893416e-05,0.02103735447,-0.2099781695,5.294049493e-05
3.228,1.370267483e-05,0.02100906891,-0.21,5.256689549e-05,0.02103508344,-0.209977952,5.170392623e-05
3.229,1.194837389e-05,0.02100790785,-0.21,4.971221957e-05,0.02103290592,-0.2099777319,5.046660819e-05
3.23,1.034792308e-05,0.02100684862,-0.21,4.699819161e-05,0.02103081751,-0.2099775091,4.922997244e-05
3.231,8.894775073e-06,0.02100588688,-0.21,4.441798952e-05,0.02102881377,-0.2099772835,4.799563107e-05
3.232,7.58230632e-06,0.02100501824,-0.21,4.196473929e-05,0.02102689022,-0.209977055,4.676544207e-05
3.233,6.40381682e-06,0.02100423827,-0.21,3.963155791e-05,0.02102504235,-0.2099768237,4.55415687e-05
3.234,5.352529831e-06,0.02100354249,-0.21,3.741156797e-05,0.02102326562,-0.2099765894,4.432652161e-05
3.235,4.4215916e-06,0.02100292637,-0.21,3.529788241e-05,0.02102155546,-0.2099763522,4.312318263e-05
3.236,3.604071092e-06,0.0210023853,-0.21,3.328356987e-05,0.02101990728,-0.209976112,4.193481748e-05
3.237,2.892959715e-06,0.02100191466,-0.21,3.136161691e-05,0.02101831642,-0.2099758689,4.076508924e-05
3.238,2.281171053e-06,0.02100150976,-0.21,2.952490149e-05,0.02101677816,-0.2099756228,3.961808268e-05
3.239,1.761540587e-06,0.02100116585,-0.21,2.776618513e-05,0.02101528774,-0.2099753737,3.849834439e-05
3.24,1.326825429e-06,0.02100087814,-0.21,2.607812303e-05,0.02101384028,-0.2099751216,3.741093567e-05
3.241,9.697040468e-07,0.02100064178,-0.21,2.445328436e-05,0.02101243089,-0.2099748664,3.636148943e-05
3.242,6.827759933e-07,0.02100045189,-0.21,2.288417301e-05,0.02101105458,-0.2099746082,3.535625852e-05
3.243,4.585616329e-07,0.02100030349,-0.21,2.136324056e-05,0.02100970637,-0.2099743468,3.440214306e-05
3.244,2.895018703e-07,0.0210001916,-0.21,1.98828879e-05,0.0210083812,-0.2099740823,3.350668604e-05
3.245,1.679578784e-07,0.02100011116,-0.21,1.843545689e-05,0.02100707399,-0.2099738147,3.267802932e-05
3.246,8.621082578e-08,0.02100005706,-0.21,1.701321688e-05,0.02100577964,-0.2099735439,3.192482414e-05
3.247,3.6461605e-08,0.02100002413,-0.21,1.560835207e-05,0.02100449297,-0.2099732701,3.125609137e-05
3.248,1.083056008e-08,0.02100000717,-0.21,1.421295402e-05,0.02100320876,-0.2099729931,3.068102763e-05
3.249,1.357214771e-09,0.0210000009,-0.21,1.281902115e-05,0.02100192172,-0.2099727129,3.020875556e-05
3.25,1.285879139e-18,0.021,-0.21,1.141846388e-05,0.02100062649,-0.2099724295,2.984802221e-05
3.251,-1.357214741e-09,0.0210000009,-0.21,1.000311246e-05,0.02099931765,-0.209972143,2.960689757e-05
3.252,-1.083056008e-08,0.02100000717,-0.21,8.568177228e-06,0.02099809419,-0.2099718578,2.948287938e-05
3.253,-3.646160498e-08,0.02100002413,-0.21,7.115634697e-06,0.02099719426,-0.2099715727,2.944945812e-05
3.254,-8.621082578e-08,0.02100005706,-0.21,5.65337066e-06,0.02099685402,-0.2099712692,2.94730869e-05
3.255,-1.679578784e-07,0.02100011116,-0.21,4.192010099e-06,0.02099719559,-0.2099709273,2.954200256e-05
3.256,-2.895018703e-07,0.0210001916,-0.21,2.737406994e-06,0.02099817555,-0.2099705442,2.96795089e-05
3.257,-4.585616329e-07,0.02100030349,-0.21,1.283141941e-06,0.02099960313,-0.2099701371,2.992186954e-05
3.258,-6.827759933e-07,0.02100045189,-0.21,-1.921696573e-07,0.02100121226,-0.2099697337,3.027987217e-05
3.259,-9.697040468e-07,0.02100064178,-0.21,-1.720524674e-06,0.02100275509,-0.209969357,3.072494706e-05
3.26,-1.326825429e-06,0.02100087814,-0.21,-3.334654721e-06,0.0210040805,-0.2099690162,3.121351888e-05
3.261,-1.761540587e-06,0.02100116585,-0.21,-5.057051842e-06,0.02100517118,-0.2099687049,3.172206438e-05
3.262,-2.281171053e-06,0.02100150976,-0.21,-6.892968599e-06,0.02100613025,-0.209968407,3.226040857e-05
3.263,-2.892959715e-06,0.02100191466,-0.21,-8.8306472e-06,0.02100712775,-0.2099681052,3.285899046e-05
3.264,-3.604071092e-06,0.0210023853,-0.21,-1.084874107e-05,0.0210083304,-0.2099677872,3.354838991e-05
3.265,-4.4215916e-06,0.02100292637,-0.21,-1.292771514e-05,0.02100984149,-0.2099674499,3.43464759e-05
3.266,-5.352529831e-06,0.02100354249,-0.21,-1.506036551e-05,0.02101167077,-0.2099670986,3.525359172e-05
3.267,-6.40381682e-06,0.02100423827,-0.21,-1.725712135e-05,0.02101374165,-0.2099667433,3.625072476e-05
3.268,-7.58230632e-06,0.02100501824,-0.21,-1.954413199e-05,0.02101592861,-0.209966395,3.730171303e-05
3.269,-8.894775073e-06,0.02100588688,-0.21,-2.195519777e-05,0.02101810804,-0.2099660611,3.836379626e-05
3.27,-1.034792308e-05,0.02100684862,-0.21,-2.452105183e-05,0.02102020274,-0.2099657438,3.940424606e-05
3.271,-1.194837389e-05,0.02100790785,-0.21,-2.726036992e-05,0.02102220509,-0.2099654404,4.041331949e-05
3.272,-1.370267483e-05,0.02100906891,-0.21,-3.01759338e-05,0.02102417293,-0.2099651446,4.140528033e-05
3.273,-1.561729733e-05,0.02101033608,-0.21,-3.325711727e-05,0.0210262028,-0.20996485,4.240797155e-05
3.274,-1.769863715e-05,0.02101171358,-0.21,-3.648730591e-05,0.02102839246,-0.2099645519,4.344841706e-05
3.275,-1.99530147e-05,0.02101320561,-0.21,-3.985304138e-05,0.02103080732,-0.2099642488,4.454190065e-05
3.276,-2.238667525e-05,0.02101481629,-0.21,-4.335125551e-05,0.02103346222,-0.2099639423,4.568743489e-05
3.277,-2.500578926e-05,0.02101654971,-0.21,-4.699198117e-05,0.02103632312,-0.2099636363,4.68689851e-05
3.278,-2.781645261e-05,0.02101840991,-0.21,-5.079587318e-05,0.02103932613,-0.2099633349,4.80611273e-05
3.279,-3.082468692e-05,0.02102040086,-0.21,-5.478791034e-05,0.02104240492,-0.2099630414,4.923771857e-05
3.28,-3.403643977e-05,0.02102252652,-0.21,-5.898998379e-05,0.02104551598,-0.209962757,5.03809115e-05
3.281,-3.745758498e-05,0.02102479075,-0.21,-6.34152595e-05,0.02104865292,-0.2099624809,5.148680015e-05
3.282,-4.109392294e-05,0.02102719741,-0.21,-6.806627188e-05,0.02105184603,-0.2099622107,5.256515455e-05
3.283,-4.49511808e-05,0.02102975028,-0.21,-7.293712097e-05,0.0210551488,-0.2099619437,5.363375117e-05
3.284,-4.903501279e-05,0.0210324531,-0.21,-7.801857132e-05,0.02105861771,-0.2099616777,5.47104123e-05
3.285,-5.335100051e-05,0.02103530957,-0.21,-8.330387948e-05,0.02106229318,-0.2099614118,5.580629382e-05
3.286,-5.790465314e-05,0.02103832334,-0.21,-8.879311488e-05,0.02106618828,-0.2099611461,5.692255247e-05
3.287,-6.270140776e-05,0.021041498,-0.21,-9.449451806e-05,0.02107028847,-0.2099608822,5.805080351e-05
3.288,-6.774662962e-05,0.02104483711,-0.21,-0.0001004226848,0.02107456108,-0.2099606218,5.917667121e-05
3.289,-7.304561238e-05,0.02104834416,-0.21,-0.0001065945628,0.02107897026,-0.2099603667,6.028508912e-05
3.29,-7.860357843e-05,0.02105202262,-0.21,-0.0001130249572,0.02108349134,-0.2099601175,6.136551891e-05
3.291,-8.442567912e-05,0.02105587589,-0.21,-0.00011972325,0.02108811966,-0.2099598742,6.241518536e-05
3.292,-9.051699504e-05,0.02105990734,-0.21,-0.0001266924146,0.02109287128,-0.2099596361,6.343917045e-05
3.293,-9.688253632e-05,0.02106412028,-0.21,-0.0001339304526,0.02109777623,-0.2099594017,6.444757839e-05
3.294,-0.0001035272429,0.02106851798,-0.21,-0.0001414334732,0.0211028675,-0.20995917,6.545119645e-05
3.295,-0.0001104559847,0.02107310366,-0.21,-0.0001491991194,0.02110817017,-0.2099589402,6.645747306e-05
3.296,-0.000117673562,0.02107788051,-0.21,-0.0001572290519,0.02111369452,-0.2099587123,6.746818783e-05
3.297,-0.0001251847059,0.02108285165,-0.21,-0.0001655296818,0.02111943511,-0.2099584867,6.847935477e-05
3.298,-0.0001329940781,0.02108802017,-0.21,-0.0001741110728,0.02112537562,-0.2099582643,6.948311292e-05
3.299,-0.0001411062714,0.0210933891,-0.21,-0.0001829846046,0.02113149694,-0.2099580461,7.047078439e-05
3.3,-0.0001495258105,0.02109896145,-0.21,-0.0001921603817,0.02113778539,-0.2099578326,7.143596256e-05
3.301,-0.0001582571512,0.02110474016,-0.21,-0.0002016453555,0.02114423814,-0.2099576239,7.23765261e-05
3.302,-0.0001673046817,0.02111072813,-0.21,-0.0002114427661,0.02115086407,-0.2099574197,7.329491794e-05
3.303,-0.0001766727222,0.02111692823,-0.21,-0.0002215529637,0.02115768043,-0.2099572194,7.41967402e-05
3.304,-0.0001863655256,0.02112334327,-0.21,-0.0002319751638,0.02116470681,-0.2099570223,7.508836356e-05
3.305,-0.0001963872774,0.02112997602,-0.21,-0.0002427093999,0.02117195895,-0.209956828,7.597453845e-05
3.306,-0.0002067420963,0.02113682921,-0.21,-0.0002537579457,0.02117944452,-0.2099566362,7.685685657e-05
3.307,-0.0002174340343,0.02114390551,-0.21,-0.000265125751,0.02118716225,-0.2099564472,7.773349341e-05
3.308,-0.0002284670769,0.02115120756,-0.21,-0.0002768198393,0.02119510435,-0.2099562613,7.860017545e-05
3.309,-0.0002398451436,0.02115873797,-0.21,-0.0002888479988,0.02120326094,-0.2099560793,7.945191492e-05
3.31,-0.000251572088,0.02116649927,-0.21,-0.0003012173156,0.02121162474,-0.2099559013,8.028483536e-05
3.311,-0.0002636516981,0.02117449399,-0.21,-0.0003139330942,0.02122019434,-0.2099557275,8.10974294e-05
3.312,-0.0002760876966,0.02118272457,-0.21,-0.0003269985141,0.02122897496,-0.2099555579,8.189084346e-05
3.313,-0.0002888837412,0.02119119344,-0.21,-0.0003404150643,0.02123797679,-0.2099553921,8.266817827e-05
3.314,-0.0003020434248,0.02119990298,-0.21,-0.0003541835161,0.02124721171,-0.2099552296,8.343316167e-05
3.315,-0.0003155702758,0.02120885553,-0.21,-0.0003683050257,0.02125668971,-0.2099550703,8.418874252e-05
3.316,-0.0003294677584,0.02121805337,-0.21,-0.0003827819559,0.02126641637,-0.2099549138,8.493611767e-05
3.317,-0.0003437392728,0.02122749876,-0.21,-0.0003976181533,0.0212763922,-0.2099547605,8.567448639e-05
3.318,-0.0003583881557,0.02123719391,-0.21,-0.0004128186383,0.02128661381,-0.2099546103,8.640153899e-05
3.319,-0.0003734176801,0.02124714098,-0.21,-0.0004283888847,0.02129707633,-0.2099544637,8.711443247e-05
3.32,-0.0003888310561,0.0212573421,-0.21,-0.0004443339911,0.02130777615,-0.2099543209,8.781086035e-05
3.321,-0.0004046314308,0.02126779934,-0.21,-0.000460658054,0.02131871277,-0.209954182,8.84898253e-05
3.322,-0.0004208218889,0.02127851476,-0.21,-0.0004773639454,0.02132988949,-0.2099540469,8.915186498e-05
3.323,-0.0004374054527,0.02128949034,-0.21,-0.0004944535316,0.02134131253,-0.2099539155,8.979870318e-05
3.324,-0.0004543850822,0.02130072806,-0.21,-0.0005119282051,0.02135298921,-0.2099537874,9.043251147e-05
3.325,-0.000471763676,0.02131222983,-0.21,-0.0005297895077,0.02136492597,-0.2099536627,9.105508918e-05
3.326,-0.000489544071,0.02132399752,-0.21,-0.0005480396114,0.02137712682,-0.209953541,9.166726563e-05
3.327,-0.000507729043,0.02133603297,-0.21,-0.0005666814986,0.02138959288,-0.2099534225,9.226871252e-05
3.328,-0.0005263213067,0.02134833799,-0.21,-0.0005857188119,0.02140232295,-0.2099533073,9.285818937e-05
3.329,-0.0005453235162,0.02136091432,-0.21,-0.0006051554601,0.02141531483,-0.2099531956,9.343408983e-05
3.33,-0.0005647382651,0.02137376369,-0.21,-0.0006249951508,0.02142856689,-0.2099530874,9.399506373e-05
3.331,-0.000584568087,0.02138688776,-0.21,-0.0006452410223,0.02144207919,-0.2099529829,9.454048463e-05
3.332,-0.0006048154556,0.02140028818,-0.21,-0.0006658954988,0.0214558539,-0.2099528821,9.507061013e-05
3.333,-0.0006254827849,0.02141396655,-0.21,-0.0006869603944,0.02146989492,-0.2099527847,9.55864084e-05
3.334,-0.0006465724297,0.02142792442,-0.21,-0.0007084372039,0.02148420685,-0.2099526908,9.608914805e-05
3.335,-0.0006680866857,0.02144216331,-0.21,-0.0007303274562,0.02149879387,-0.2099526001,9.657992396e-05
3.336,-0.0006900277897,0.02145668471,-0.21,-0.0007526329955,0.02151365882,-0.2099525127,9.705929609e-05
3.337,-0.0007123979202,0.02147149005,-0.21,-0.0007753561006,0.02152880289,-0.2099524285,9.7527159e-05
3.338,-0.0007351991974,0.02148658074,-0.21,-0.000798499415,0.02154422589,-0.2099523475,9.798286422e-05
3.339,-0.0007584336835,0.02150195814,-0.21,-0.0008220657316,0.02155992698,-0.2099522699,9.842552446e-05
3.34,-0.000782103383,0.02151762358,-0.21,-0.0008460577268,0.02157590555,-0.2099521958,9.885437207e-05
3.341,-0.0008062102431,0.02153357835,-0.21,-0.0008704777438,0.02159216189,-0.2099521252,9.926903747e-05
3.342,-0.0008307561536,0.0215498237,-0.21,-0.0008953276969,0.02160869747,-0.209952058,9.966965577e-05
3.343,-0.0008557429476,0.02156636084,-0.21,-0.00092060912,0.02162551478,-0.2099519943,0.0001000567813
3.344,-0.0008811724018,0.02158319095,-0.21,-0.0009463233252,0.02164261671,-0.2099519339,0.0001004311606
3.345,-0.0009070462361,0.02160031516,-0.21,-0.0009724716041,0.02166000597,-0.2099518767,0.0001007934607
3.346,-0.0009333661147,0.02161773459,-0.21,-0.0009990553948,0.02167768453,-0.2099518228,0.0001011440551
3.347,-0.000960133646,0.02163545028,-0.21,-0.001026076359,0.02169565339,-0.2099517721,0.0001014829372
3.348,-0.0009873503827,0.02165346328,-0.21,-0.00105353635,0.02171391273,-0.2099517246,0.0001018097798
3.349,-0.001015017822,0.02167177457,-0.21,-0.001081437297,0.02173246234,-0.2099516804,0.0001021241035
3.35,-0.001043137408,0.0216903851,-0.21,-0.001109781054,0.02175130204,-0.2099516396,0.0001024254823
3.351,-0.001071710526,0.02170929579,-0.21,-0.00113856927,0.02177043215,-0.2099516021,0.0001027137088
3.352,-0.001100738512,0.02172850754,-0.21,-0.001167803331,0.02178985366,-0.2099515679,0.0001029888639
3.353,-0.001130222644,0.02174802118,-0.21,-0.001197484378,0.02180956809,-0.209951537,0.0001032512756
3.354,-0.001160164147,0.02176783752,-0.21,-0.001227613397,0.02182957726,-0.2099515094,0.0001035013939
3.355,-0.001190564195,0.02178795734,-0.21,-0.001258191329,0.02184988286,-0.2099514849,0.0001037396349
3.356,-0.001221423904,0.02180838138,-0.21,-0.001289219173,0.02187048618,-0.2099514636,0.000103966254
3.357,-0.00125274434,0.02182911035,-0.21,-0.001320698033,0.02189138796,-0.2099514455,0.0001041812901
3.358,-0.001284526517,0.02185014492,-0.21,-0.001352629104,0.02191258842,-0.2099514306,0.0001043845942
3.359,-0.001316771394,0.02187148571,-0.21,-0.001385013613,0.02193408754,-0.2099514188,0.0001045759219
3.36,-0.001349479879,0.02189313334,-0.21,-0.001417852727,0.02195588528,-0.2099514102,0.0001047550513
3.361,-0.001382652828,0.02191508837,-0.21,-0.001451147485,0.02197798186,-0.2099514048,0.0001049218803
3.362,-0.001416291045,0.02193735133,-0.21,-0.001484898752,0.02200037785,-0.2099514026,0.0001050764711
3.363,-0.001450395283,0.02195992271,-0.21,-0.001519107232,0.02202307414,-0.2099514036,0.0001052190303
3.364,-0.001484966243,0.02198280299,-0.21,-0.001553773513,0.02204607177,-0.2099514077,0.0001053498404
3.365,-0.001520004577,0.0220059926,-0.21,-0.001588898134,0.02206937172,-0.2099514149,0.000105469171
3.366,-0.001555510884,0.02202949192,-0.21,-0.001624481642,0.02209297474,-0.2099514252,0.0001055772036
3.367,-0.001591485714,0.02205330133,-0.21,-0.001660524622,0.02211688124,-0.2099514385,0.0001056739974
3.368,-0.001627929567,0.02207742116,-0.21,-0.001697027695,0.02214109135,-0.2099514549,0.0001057595017
3.369,-0.001664842892,0.0221018517,-0.21,-0.001733991485,0.022165605,-0.2099514743,0.0001058336074
3.37,-0.001702226091,0.02212659322,-0.21,-0.001771416566,0.02219042211,-0.2099514968,0.0001058962138
3.371,-0.001740079513,0.02215164594,-0.21,-0.001809303422,0.02221554271,-0.2099515224,0.0001059472858
3.372,-0.001778403462,0.02217701008,-0.21,-0.001847652418,0.02224096703,-0.209951551,0.0001059868812
3.373,-0.001817198191,0.0222026858,-0.21,-0.001886463809,0.02226669546,-0.2099515826,0.0001060151421
3.374,-0.001856463904,0.02222867324,-0.21,-0.001925737759,0.02229272848,-0.2099516172,0.0001060322572
3.375,-0.001896200758,0.02225497249,-0.21,-0.00196547438,0.02231906652,-0.2099516547,0.0001060384112
3.376,-0.001936408863,0.02228158363,-0.21,-0.002005673771,0.02234570988,-0.2099516952,0.000106033741
3.377,-0.00197708828,0.0223085067,-0.21,-0.002046336032,0.02237265867,-0.2099517387,0.0001060183145
3.378,-0.002018239022,0.02233574171,-0.21,-0.002087461267,0.0223999128,-0.209951785,0.000105992136
3.379,-0.002059861057,0.02236328864,-0.21,-0.002129049564,0.02242747207,-0.2099518343,0.0001059551742
3.38,-0.002101954304,0.02239114743,-0.21,-0.002171100968,0.02245533623,-0.2099518864,0.0001059074003
3.381,-0.002144518638,0.02241931801,-0.21,-0.002213615455,0.0224835051,-0.2099519415,0.0001058488212
3.382,-0.002187553884,0.02244780025,-0.21,-0.002256592917,0.02251197858,-0.2099519994,0.0001057794963
3.383,-0.002231059826,0.02247659402,-0.21,-0.002300033161,0.02254075667,-0.2099520602,0.000105699534
3.384,-0.002275036197,0.02250569913,-0.21,-0.002343935923,0.02256983941,-0.2099521238,0.000105609071
3.385,-0.002319482689,0.02253511539,-0.21,-0.002388300893,0.02259922679,-0.2099521902,0.0001055082435
3.386,-0.002364398946,0.02256484255,-0.21,-0.002433127729,0.02262891873,-0.2099522595,0.0001053971623
3.387,-0.002409784568,0.02259488035,-0.21,-0.002478416077,0.02265891503,-0.2099523314,0.0001052758991
3.388,-0.002455639111,0.0226252285,-0.21,-0.002524165564,0.02268921536,-0.2099524062,0.0001051444892
3.389,-0.002501962086,0.02265588668,-0.21,-0.002570375795,0.02271981931,-0.2099524837,0.0001050029464
3.39,-0.00254875296,0.02268685453,-0.21,-0.002617046334,0.02275072644,-0.2099525639,0.0001048512846
3.391,-0.002596011155,0.02271813167,-0.21,-0.002664176688,0.02278193631,-0.2099526468,0.0001046895371
3.392,-0.002643736052,0.02274971769,-0.21,-0.0027117663,0.02281344856,-0.2099527324,0.0001045177669
3.393,-0.002691926987,0.02278161215,-0.21,-0.002759814547,0.02284526281,-0.2099528207,0.0001043360652
3.394,-0.002740583254,0.02281381458,-0.21,-0.00280832075,0.02287737875,-0.2099529116,0.0001041445404
3.395,-0.002789704102,0.02284632449,-0.21,-0.00285728418,0.02290979601,-0.2099530052,0.0001039433017
3.396,-0.00283928874,0.02287914135,-0.21,-0.002906704078,0.02294251417,-0.2099531014,0.0001037324448
3.397,-0.002889336335,0.02291226461,-0.21,-0.002956579658,0.02297553274,-0.2099532002,0.0001035120435
3.398,-0.002939846009,0.02294569369,-0.21,-0.00300691011,0.02300885113,-0.2099533015,0.0001032821509
3.399,-0.002990816847,0.02297942799,-0.21,-0.003057694594,0.02304246871,-0.2099534054,0.000103042807
3.4,-0.003042247888,0.02301346687,-0.21,-0.003108932231,0.02307638481,-0.2099535119,0.0001027940514
3.401,-0.003094138133,0.02304780966,-0.21,-0.003160622095,0.02311059876,-0.2099536208,0.0001025359343
3.402,-0.003146486541,0.02308245568,-0.21,-0.003212763209,0.02314510989,-0.2099537323,0.0001022685222
3.403,-0.003199292031,0.02311740421,-0.21,-0.00326535454,0.02317991756,-0.2099538462,0.0001019918984
3.404,-0.00325255348,0.02315265452,-0.21,-0.003318395006,0.02321502111,-0.2099539626,0.0001017061562
3.405,-0.003306269729,0.02318820582,-0.21,-0.003371883483,0.02325041986,-0.2099540814,0.0001014113901
3.406,-0.003360439574,0.02322405734,-0.21,-0.003425818812,0.02328611311,-0.2099542026,0.0001011076875
3.407,-0.003415061776,0.02326020823,-0.21,-0.003480199805,0.02332210008,-0.2099543262,0.0001007951238
3.408,-0.003470135053,0.02329665767,-0.21,-0.003535025242,0.02335837994,-0.2099544522,0.0001004737624
3.409,-0.003525658089,0.02333340477,-0.21,-0.003590293874,0.02339495182,-0.2099545805,0.0001001436591
3.41,-0.003581629523,0.02337044864,-0.21,-0.003646004416,0.02343181482,-0.2099547112,9.980486925e-05
3.411,-0.003638047962,0.02340778835,-0.21,-0.003702155538,0.02346896803,-0.2099548441,9.945745355e-05
3.412,-0.003694911971,0.02344542296,-0.21,-0.003758745869,0.02350641051,-0.2099549794,9.91014823e-05
3.413,-0.003752220078,0.02348335148,-0.21,-0.003815773991,0.02354414136,-0.2099551169,9.87370352e-05
3.414,-0.003809970773,0.02352157293,-0.21,-0.003873238443,0.02358215964,-0.2099552566,9.836419812e-05
3.415,-0.003868162511,0.02356008627,-0.21,-0.003931137724,0.0236204644,-0.2099553986,9.798305804e-05
3.416,-0.003926793706,0.02359889046,-0.21,-0.003989470299,0.02365905464,-0.2099555428,9.759369824e-05
3.417,-0.003985862739,0.02363798443,-0.21,-0.004048234603,0.02369792935,-0.2099556891,9.719619538e-05
3.418,-0.004045367954,0.02367736708,-0.21,-0.004107429039,0.02373708746,-0.2099558376,9.67906194e-05
3.419,-0.004105307656,0.02371703728,-0.21,-0.004167051978,0.02377652787,-0.2099559882,9.637703587e-05
3.42,-0.004165680117,0.02375699391,-0.21,-0.004227101757,0.02381624943,-0.2099561409,9.595550981e-05
3.421,-0.004226483572,0.02379723578,-0.21,-0.004287576677,0.02385625101,-0.2099562956,9.552610932e-05
3.422,-0.004287716222,0.0238377617,-0.21,-0.004348474998,0.02389653145,-0.2099564525,9.50889078e-05
3.423,-0.00434937623,0.02387857047,-0.21,-0.004409794941,0.02393708958,-0.2099566113,9.464398417e-05
3.424,-0.004411461728,0.02391966084,-0.21,-0.00447153469,0.02397792422,-0.2099567722,9.419142104e-05
3.425,-0.00447397081,0.02396103155,-0.21,-0.004533692392,0.02401903415,-0.2099569351,9.373130197e-05
3.426,-0.004536901538,0.02400268133,-0.21,-0.004596266161,0.02406041816,-0.2099570999,9.326370867e-05
3.427,-0.004600251939,0.02404460885,-0.21,-0.00465925408,0.02410207498,-0.2099572667,9.278871932e-05
3.428,-0.004664020007,0.02408681281,-0.21,-0.004722654202,0.0241440033,-0.2099574353,9.230640834e-05
3.429,-0.0047282037,0.02412929184,-0.21,-0.004786464549,0.02418620182,-0.2099576059,9.181684772e-05
3.43,-0.004792800947,0.02417204457,-0.21,-0.004850683111,0.02422866918,-0.2099577783,9.132010907e-05
3.431,-0.004857809641,0.02421506962,-0.21,-0.004915307845,0.02427140402,-0.2099579526,9.081626575e-05
3.432,-0.004923227643,0.02425836556,-0.21,-0.00498033667,0.02431440495,-0.2099581287,9.030539415e-05
3.433,-0.004989052782,0.02430193095,-0.21,-0.005045767475,0.02435767059,-0.2099583065,8.978757393e-05
3.434,-0.005055282854,0.02434576435,-0.21,-0.005111598112,0.02440119951,-0.2099584862,8.92628869e-05
3.435,-0.005121915625,0.02438986426,-0.21,-0.005177826399,0.02444499029,-0.2099586676,8.873141553e-05
3.436,-0.005188948828,0.0244342292,-0.21,-0.005244450125,0.02448904148,-0.2099588507,8.819324146e-05
3.437,-0.005256380164,0.02447885764,-0.21,-0.005311467049,0.02453335159,-0.2099590354,8.764844475e-05
3.438,-0.005324207306,0.02452374803,-0.21,-0.005378874902,0.02457791911,-0.2099592219,8.709710387e-05
3.439,-0.005392427892,0.02456889882,-0.21,-0.005446671384,0.02462274253,-0.20995941,8.653929645e-05
3.44,-0.005461039533,0.02461430842,-0.21,-0.005514854168,0.02466782029,-0.2099595997,8.597510036e-05
3.441,-0.005530039808,0.02465997523,-0.21,-0.005583420896,0.02471315082,-0.209959791,8.540459474e-05
3.442,-0.005599426267,0.02470589764,-0.21,-0.005652369179,0.02475873253,-0.2099599839,8.482786063e-05
3.443,-0.005669196429,0.02475207399,-0.21,-0.005721696595,0.02480456382,-0.2099601783,8.424498104e-05
3.444,-0.005739347786,0.02479850263,-0.21,-0.005791400695,0.02485064307,-0.2099603742,8.365604041e-05
3.445,-0.005809877799,0.02484518188,-0.21,-0.005861478996,0.02489696866,-0.2099605716,8.306112384e-05
3.446,-0.0058807839,0.02489211003,-0.21,-0.005931928989,0.02494353892,-0.2099607705,8.246031627e-05
3.447,-0.005952063493,0.02493928538,-0.21,-0.006002748138,0.02499035217,-0.2099609708,8.185370201e-05
3.448,-0.006023713955,0.02498670618,-0.21,-0.006073933877,0.02503740672,-0.2099611725,8.124136462e-05
3.449,-0.006095732632,0.02503437068,-0.21,-0.006145483617,0.02508470084,-0.2099613756,8.06233873e-05
3.45,-0.006168116845,0.0250822771,-0.21,-0.006217394737,0.0251322328,-0.20996158,7.999985314e-05
3.451,-0.006240863886,0.02513042366,-0.21,-0.006289664592,0.02518000084,-0.2099617858,7.937084515e-05
3.452,-0.006313971021,0.02517880853,-0.21,-0.006362290504,0.02522800319,-0.2099619929,7.873644667e-05
3.453,-0.006387435487,0.02522742991,-0.21,-0.006435269771,0.02527623804,-0.2099622012,7.809674189e-05
3.454,-0.006461254496,0.02527628593,-0.21,-0.006508599661,0.0253247036,-0.2099624108,7.745181637e-05
3.455,-0.006535425234,0.02532537474,-0.21,-0.006582277417,0.02537339804,-0.2099626216,7.680175728e-05
3.456,-0.006609944859,0.02537469445,-0.21,-0.006656300256,0.02542231953,-0.2099628336,7.614665328e-05
3.457,-0.006684810506,0.02542424318,-0.21,-0.006730665372,0.0254714662,-0.2099630467,7.548659407e-05
3.458,-0.006760019281,0.02547401899,-0.21,-0.006805369932,0.02552083619,-0.209963261,7.482166979e-05
3.459,-0.006835568267,0.02552401997,-0.21,-0.00688041108,0.02557042759,-0.2099634764,7.41519707e-05
3.46,-0.006911454521,0.02557424417,-0.21,-0.006955785935,0.0256202385,-0.2099636929,7.347758706e-05
3.461,-0.006987675076,0.02562468962,-0.21,-0.00703149159,0.02567026698,-0.2099639105,7.279860946e-05
3.462,-0.00706422694,0.02567535434,-0.21,-0.007107525114,0.02572051111,-0.209964129,7.211512978e-05
3.463,-0.007141107096,0.02572623634,-0.21,-0.007183883554,0.02577096891,-0.2099643486,7.142724243e-05
3.464,-0.007218312505,0.0257773336,-0.21,-0.007260563935,0.02582163841,-0.2099645691,7.07350445e-05
3.465,-0.007295840104,0.0258286441,-0.21,-0.007337563257,0.02587251762,-0.2099647906,7.003863478e-05
3.466,-0.007373686804,0.02588016579,-0.21,-0.007414878499,0.02592360455,-0.209965013,6.933811264e-05
3.467,-0.007451849495,0.02593189661,-0.21,-0.007492506612,0.02597489716,-0.2099652362,6.863357733e-05
3.468,-0.007530325045,0.02598383449,-0.21,-0.007570444526,0.02602639343,-0.2099654604,6.792512775e-05
3.469,-0.007609110297,0.02603597735,-0.21,-0.007648689147,0.0260780913,-0.2099656853,6.721286275e-05
3.47,-0.007688202074,0.02608832308,-0.21,-0.007727237355,0.02612998871,-0.209965911,6.649688187e-05
3.471,-0.007767597175,0.02614086955,-0.21,-0.007806086012,0.02618208357,-0.2099661376,6.577728605e-05
3.472,-0.007847292378,0.02619361465,-0.21,-0.007885231956,0.0262343738,-0.2099663648,6.505417817e-05
3.473,-0.007927284441,0.02624655621,-0.21,-0.007964672005,0.02628685728,-0.2099665928,6.432766326e-05
3.474,-0.008007570099,0.02629969209,-0.21,-0.008044402956,0.0263395319,-0.2099668214,6.359784828e-05
3.475,-0.008088146065,0.0263530201,-0.21,-0.008124421586,0.02639239551,-0.2099670508,6.286484193e-05
3.476,-0.008169009034,0.02640653807,-0.21,-0.00820472465,0.02644544598,-0.2099672807,6.212875426e-05
3.477,-0.00825015568,0.02646024378,-0.21,-0.008285308883,0.02649868112,-0.2099675113,6.138969665e-05
3.478,-0.008331582655,0.02651413502,-0.21,-0.008366170999,0.02655209878,-0.2099677424,6.064778185e-05
3.479,-0.008413286592,0.02656820956,-0.21,-0.008447307691,0.02660569675,-0.2099679741,5.990312434e-05
3.48,-0.008495264106,0.02662246517,-0.21,-0.008528715633,0.02665947284,-0.2099682063,5.915584066e-05
3.481,-0.008577511792,0.02667689959,-0.21,-0.008610391481,0.02671342483,-0.209968439,5.840604979e-05
3.482,-0.008660026223,0.02673151055,-0.21,-0.008692331869,0.02676755049,-0.2099686721,5.76538734e-05
3.483,-0.008742803958,0.02678629577,-0.21,-0.008774533416,0.02682184758,-0.2099689057,5.689943597e-05
3.484,-0.008825841534,0.02684125296,-0.21,-0.00885699272,0.02687631386,-0.2099691397,5.614286484e-05
3.485,-0.00890913547,0.02689637983,-0.21,-0.008939706362,0.02693094704,-0.2099693741,5.538429022e-05
3.486,-0.00899268227,0.02695167404,-0.21,-0.009022670904,0.02698574487,-0.2099696088,5.462384534e-05
3.487,-0.009076478417,0.02700713328,-0.21,-0.00910588289,0.02704070504,-0.2099698439,5.386166661e-05
3.488,-0.009160520378,0.02706275522,-0.21,-0.009189338847,0.02709582527,-0.2099700792,5.309789394e-05
3.489,-0.009244804603,0.02711853749,-0.21,-0.009273035284,0.02715110323,-0.2099703148,5.233267102e-05
3.49,-0.009329327524,0.02717447773,-0.21,-0.009356968694,0.02720653661,-0.2099705507,5.15661458e-05
3.491,-0.009414085558,0.02723057359,-0.21,-0.009441135553,0.02726212308,-0.2099707868,5.079847078e-05
3.492,-0.009499075105,0.02728682267,-0.21,-0.00952553232,0.02731786028,-0.2099710231,5.00298034e-05
3.493,-0.009584292548,0.02734322257,-0.21,-0.009610155439,0.02737374586,-0.2099712595,4.926030635e-05
3.494,-0.009669734256,0.02739977091,-0.21,-0.009695001336,0.02742977747,-0.209971496,4.849014796e-05
3.495,-0.00975539658,0.02745646525,-0.21,-0.009780066423,0.02748595272,-0.2099717327,4.771950254e-05
3.496,-0.009841275859,0.02751330318,-0.21,-0.009865347098,0.02754226923,-0.2099719695,4.694855088e-05
3.497,-0.009927368415,0.02757028227,-0.21,-0.00995083974,0.0275987246,-0.2099722063,4.617748076e-05
3.498,-0.01001367055,0.02762740007,-0.21,-0.01003654072,0.02765531643,-0.2099724431,4.540648758e-05
3.499,-0.01010017857,0.02768465412,-0.21,-0.01012244638,0.0277120423,-0.20997268,4.4635775e-05
3.5,-0.01018688875,0.02774204197,-0.21,-0.01020855306,0.02776889979,-0.2099729168,4.386555569e-05
3.501,-0.01027379734,0.02779956114,-0.21,-0.0102948571,0.02782588647,-0.2099731535,4.309605204e-05
3.502,-0.01036090061,0.02785720916,-0.21,-0.01038135479,0.02788299989,-0.2099733902,4.232749708e-05
3.503,-0.01044819479,0.02791498352,-0.21,-0.01046804243,0.0279402376,-0.2099736268,4.156013526e-05
3.504,-0.01053567611,0.02797288174,-0.21,-0.0105549163,0.02799759715,-0.2099738632,4.079422348e-05
3.505,-0.01062334078,0.02803090131,-0.21,-0.01064197268,0.02805507606,-0.2099740995,4.003003213e-05
3.506,-0.01071118499,0.0280890397,-0.21,-0.01072920782,0.02811267186,-0.2099743356,3.926784632e-05
3.507,-0.01079920494,0.02814729441,-0.21,-0.01081661797,0.02817038206,-0.2099745715,3.850796715e-05
3.508,-0.01088739681,0.02820566289,-0.21,-0.01090419936,0.02822820418,-0.2099748071,3.775071321e-05
3.509,-0.01097575675,0.02826414262,-0.21,-0.01099194821,0.0282861357,-0.2099750425,3.699642208e-05
3.51,-0.01106428092,0.02832273103,-0.21,-0.01107986073,0.02834417413,-0.2099752776,3.624545215e-05
3.511,-0.01115296546,0.02838142559,-0.21,-0.01116793311,0.02840231695,-0.2099755124,3.549818442e-05
3.512,-0.0112418065,0.02844022372,-0.21,-0.01125616154,0.02846056163,-0.2099757469,3.47550246e-05
3.513,-0.01133080016,0.02849912286,-0.21,-0.01134454221,0.02851890565,-0.209975981,3.401640528e-05
3.514,-0.01141994255,0.02855812043,-0.21,-0.01143307127,0.02857734647,-0.2099762147,3.328278842e-05
3.515,-0.01150922977,0.02861721386,-0.21,-0.01152174487,0.02863588154,-0.209976448,3.255466798e-05
3.516,-0.01159865791,0.02867640056,-0.21,-0.01161055917,0.02869450832,-0.2099766809,3.183257277e-05
3.517,-0.01168822305,0.02873567792,-0.21,-0.01169951029,0.02875322426,-0.2099769133,3.111706958e-05
3.518,-0.01177792125,0.02879504336,-0.21,-0.01178859437,0.02881202679,-0.2099771452,3.040876651e-05
3.519,-0.0118677486,0.02885449426,-0.21,-0.01187780752,0.02887091333,-0.2099773766,2.970831658e-05
3.52,-0.01195770112,0.02891402801,-0.21,-0.01196714584,0.02892988133,-0.2099776075,2.90164215e-05
3.521,-0.01204777488,0.028973642,-0.21,-0.01205660544,0.0289889282,-0.2099778379,2.833383566e-05
3.522,-0.0121379659,0.02903333359,-0.21,-0.0121461824,0.02904805135,-0.2099780676,2.766137026e-05
3.523,-0.01222827022,0.02909310017,-0.21,-0.01223587281,0.0291072482,-0.2099782968,2.699989768e-05
3.524,-0.01231868385,0.0291529391,-0.21,-0.01232567274,0.02916651615,-0.2099785254,2.635035573e-05
3.525,-0.01240920282,0.02921284774,-0.21,-0.01241557826,0.0292258526,-0.2099787532,2.571375188e-05
3.526,-0.01249982312,0.02927282345,-0.21,-0.01250558542,0.02928525494,-0.2099789805,2.509116736e-05
3.527,-0.01259054076,0.02933286358,-0.21,-0.01259569028,0.02934472058,-0.209979207,2.448376078e-05
3.528,-0.01268135172,0.02939296548,-0.21,-0.01268588889,0.02940424688,-0.2099794328,2.389277118e-05
3.529,-0.01277225201,0.02945312649,-0.21,-0.01277617727,0.02946383125,-0.2099796579,2.331952014e-05
3.53,-0.01286323759,0.02951334396,-0.21,-0.01286655147,0.02952347105,-0.2099798822,2.276541255e-05
3.531,-0.01295430445,0.02957361521,-0.21,-0.01295700751,0.02958316366,-0.2099801058,2.223193577e-05
3.532,-0.01304544855,0.02963393759,-0.21,-0.01304754141,0.02964290646,-0.2099803285,2.172065655e-05
3.533,-0.01313666586,0.02969430842,-0.21,-0.01313814919,0.02970269681,-0.2099805505,2.123321519e-05
3.534,-0.01322795234,0.02975472503,-0.21,-0.01322882685,0.02976253207,-0.2099807716,2.077131653e-05
3.535,-0.01331930394,0.02981518474,-0.21,-0.01331957041,0.0298224096,-0.2099809918,2.03367169e-05
3.536,-0.01341071661,0.02987568487,-0.21,-0.01341037585,0.02988232678,-0.2099812111,1.993120694e-05
3.537,-0.01350218631,0.02993622273,-0.21,-0.01350123918,0.02994228094,-0.2099814296,1.955658964e-05
3.538,-0.01359370897,0.02999679566,-0.21,-0.01359215638,0.03000226945,-0.2099816471,1.921465357e-05
3.539,-0.01368528053,0.03005740094,-0.21,-0.01368312346,0.03006228966,-0.2099818636,1.890714147e-05
3.54,-0.01377689693,0.03011803591,-0.21,-0.01377413638,0.03012233891,-0.2099820792,1.863571475e-05
3.541,-0.01386855411,0.03017869786,-0.21,-0.01386519113,0.03018241455,-0.2099822939,1.840191504e-05
3.542,-0.01396024798,0.0302393841,-0.21,-0.01395628369,0.03024251393,-0.2099825075,1.820712417e-05
3.543,-0.01405197449,0.03030009193,-0.21,-0.01404741004,0.03030263439,-0.2099827201,1.805252463e-05
3.544,-0.01414372956,0.03036081867,-0.21,-0.01413856614,0.03036277328,-0.2099829317,1.793906281e-05
3.545,-0.01423550911,0.03042156161,-0.21,-0.01422974797,0.03042292793,-0.2099831422,1.786741746e-05
3.546,-0.01432730906,0.03048231805,-0.21,-0.01432095149,0.03048309568,-0.2099833516,1.783797547e-05
3.547,-0.01441912534,0.0305430853,-0.21,-0.01441217267,0.03054327388,-0.2099835599,1.785081712e-05
3.548,-0.01451095386,0.03060386065,-0.21,-0.01450340748,0.03060345986,-0.2099837671,1.790571173e-05
3.549,-0.01460279054,0.0306646414,-0.21,-0.01459465188,0.03066365095,-0.2099839732,1.800212426e-05
3.55,-0.01469463131,0.03072542486,-0.21,-0.01468590183,0.03072384451,-0.2099841782,1.813923238e-05
3.551,-0.01478647207,0.03078620831,-0.21,-0.01477715329,0.03078403786,-0.2099843819,1.831595242e-05
3.552,-0.01487830876,0.03084698907,-0.21,-0.01486840224,0.03084422833,-0.2099845845,1.853097261e-05
3.553,-0.01497013728,0.03090776442,-0.21,-0.01495964462,0.03090441328,-0.209984786,1.878279109e-05
3.554,-0.01506195355,0.03096853167,-0.21,-0.0150508764,0.03096459004,-0.2099849861,1.906975615e-05
3.555,-0.0151537535,0.03102928811,-0.21,-0.01514209355,0.03102475594,-0.2099851851,1.93901067e-05
3.556,-0.01524553305,0.03109003105,-0.21,-0.01523329203,0.03108490832,-0.2099853828,1.974201086e-05
3.557,-0.01533728812,0.03115075779,-0.21,-0.0153244678,0.03114504452,-0.2099855793,2.012360118e-05
3.558,-0.01542901463,0.03121146562,-0.21,-0.01541561682,0.03120516189,-0.2099857745,2.053300566e-05
3.559,-0.01552070851,0.03127215186,-0.21,-0.01550673507,0.03126525777,-0.2099859684,2.096837395e-05
3.56,-0.01561236568,0.03133281381,-0.21,-0.01559781851,0.0313253295,-0.2099861609,2.142789858e-05
3.561,-0.01570398209,0.03139344878,-0.21,-0.01568886312,0.03138537443,-0.2099863522,2.190983152e-05
3.562,-0.01579555365,0.03145405406,-0.21,-0.01577986486,0.0314453899,-0.2099865421,2.241249637e-05
3.563,-0.01588707631,0.03151462698,-0.21,-0.01587081972,0.03150537326,-0.2099867307,2.29342967e-05
3.564,-0.015978546,0.03157516485,-0.21,-0.01596172366,0.03156532187,-0.2099869179,2.347372124e-05
3.565,-0.01606995868,0.03163566498,-0.21,-0.01605257269,0.03162523307,-0.2099871038,2.402934623e-05
3.566,-0.01616131028,0.03169612469,-0.21,-0.01614336277,0.03168510423,-0.2099872883,2.459983581e-05
3.567,-0.01625259676,0.0317565413,-0.21,-0.0162340899,0.0317449327,-0.2099874713,2.518394062e-05
3.568,-0.01634381406,0.03181691213,-0.21,-0.01632475007,0.03180471585,-0.209987653,2.578049528e-05
3.569,-0.01643495816,0.03187723451,-0.21,-0.01641533929,0.03186445104,-0.2099878332,2.638841497e-05
3.57,-0.01652602502,0.03193750576,-0.21,-0.01650585354,0.03192413564,-0.209988012,2.700669141e-05
3.571,-0.0166170106,0.03199772323,-0.21,-0.01659628884,0.03198376701,-0.2099881893,2.763438848e-05
3.572,-0.01670791089,0.03205788424,-0.21,-0.0166866412,0.03204334255,-0.2099883652,2.827063776e-05
3.573,-0.01679872186,0.03211798614,-0.21,-0.01677690664,0.03210285962,-0.2099885396,2.89146339e-05
3.574,-0.0168894395,0.03217802627,-0.21,-0.01686708117,0.0321623156,-0.2099887125,2.956563022e-05
3.575,-0.0169800598,0.03223800198,-0.21,-0.01695716084,0.03222170789,-0.209988884,3.022293435e-05
3.576,-0.01707057876,0.03229791062,-0.21,-0.01704714167,0.03228103388,-0.2099890539,3.088590403e-05
3.577,-0.0171609924,0.03235774955,-0.21,-0.0171370197,0.03234029096,-0.2099892223,3.155394325e-05
3.578,-0.01725129671,0.03241751613,-0.21,-0.01722679098,0.03239947654,-0.2099893892,3.222649857e-05
3.579,-0.01734148774,0.03247720772,-0.21,-0.01731645156,0.03245858802,-0.2099895545,3.290305567e-05
3.58,-0.01743156149,0.03253682171,-0.21,-0.01740599752,0.0325176228,-0.2099897184,3.358313612e-05
3.581,-0.01752151402,0.03259635546,-0.21,-0.01749542491,0.03257657831,-0.2099898806,3.426629453e-05
3.582,-0.01761134136,0.03265580636,-0.21,-0.01758472982,0.03263545197,-0.2099900413,3.495211575e-05
3.583,-0.01770103957,0.0327151718,-0.21,-0.01767390833,0.03269424121,-0.2099902004,3.56402124e-05
3.584,-0.01779060471,0.03277444916,-0.21,-0.01776295654,0.03275294345,-0.209990358,3.633022235e-05
3.585,-0.01788003285,0.03283363586,-0.21,-0.01785187054,0.03281155614,-0.209990514,3.702180766e-05
3.586,-0.01796932007,0.03289272928,-0.21,-0.01794064645,0.03287007672,-0.2099906683,3.771465124e-05
3.587,-0.01805846246,0.03295172686,-0.21,-0.01802928039,0.03292850265,-0.2099908211,3.840845552e-05
3.588,-0.01814745612,0.033010626,-0.21,-0.01811776849,0.03298683137,-0.2099909723,3.910294116e-05
3.589,-0.01823629716,0.03306942413,-0.21,-0.01820610688,0.03304506036,-0.2099911218,3.979784573e-05
3.59,-0.0183249817,0.03312811869,-0.21,-0.01829429172,0.03310318709,-0.2099912697,4.049292227e-05
3.591,-0.01841350587,0.0331867071,-0.21,-0.01838231917,0.03316120903,-0.209991416,4.11879379e-05
3.592,-0.01850186581,0.03324518682,-0.21,-0.0184701854,0.03321912367,-0.2099915607,4.188267264e-05
3.593,-0.01859005767,0.03330355531,-0.21,-0.01855788659,0.03327692851,-0.2099917037,4.257691843e-05
3.594,-0.01867807762,0.03336181001,-0.21,-0.01864541892,0.03333462103,-0.2099918451,4.327047822e-05
3.595,-0.01876592184,0.03341994841,-0.21,-0.01873277861,0.03339219876,-0.2099919848,4.396316523e-05
3.596,-0.01885358651,0.03347796798,-0.21,-0.01881996188,0.03344965921,-0.2099921229,4.465480219e-05
3.597,-0.01894106782,0.0335358662,-0.21,-0.01890696493,0.03350699991,-0.2099922592,4.534522061e-05
3.598,-0.019028362,0.03359364056,-0.21,-0.01899378403,0.03356421837,-0.209992394,4.603426017e-05
3.599,-0.01911546527,0.03365128857,-0.21,-0.01908041541,0.03362131216,-0.209992527,4.672176806e-05
3.6,-0.01920237387,0.03370880775,-0.21,-0.01916685534,0.03367827881,-0.2099926584,4.740759843e-05
3.601,-0.01928908404,0.03376619559,-0.21,-0.01925310011,0.03373511588,-0.2099927881,4.80916119e-05
3.602,-0.01937559206,0.03382344965,-0.21,-0.01933914599,0.03379182095,-0.2099929161,4.877367509e-05
3.603,-0.0194618942,0.03388056745,-0.21,-0.0194249893,0.03384839159,-0.2099930425,4.945366017e-05
3.604,-0.01954798676,0.03393754653,-0.21,-0.01951062635,0.03390482539,-0.2099931671,5.013144457e-05
3.605,-0.01963386603,0.03399438447,-0.21,-0.01959605347,0.03396111993,-0.2099932901,5.080691058e-05
3.606,-0.01971952836,0.03405107881,-0.21,-0.01968126702,0.03401727284,-0.2099934113,5.147994506e-05
3.607,-0.01980497007,0.03410762715,-0.21,-0.01976626335,0.03407328172,-0.2099935309,5.21504391e-05
3.608,-0.01989018751,0.03416402705,-0.21,-0.01985103883,0.03412914419,-0.2099936487,5.28182878e-05
3.609,-0.01997517706,0.03422027613,-0.21,-0.01993558987,0.03418485791,-0.2099937649,5.348338994e-05
3.61,-0.02005993509,0.03427637198,-0.21,-0.02001991286,0.0342404205,-0.2099938793,5.414564775e-05
3.611,-0.02014445801,0.03433231223,-0.21,-0.02010400423,0.03429582963,-0.209993992,5.480496676e-05
3.612,-0.02022874224,0.0343880945,-0.21,-0.02018786042,0.03435108297,-0.2099941031,5.546125549e-05
3.613,-0.0203127842,0.03444371643,-0.21,-0.02027147788,0.03440617819,-0.2099942124,5.611442536e-05
3.614,-0.02039658034,0.03449917568,-0.21,-0.02035485308,0.03446111298,-0.20999432,5.676439046e-05
3.615,-0.02048012714,0.03455446989,-0.21,-0.02043798251,0.03451588505,-0.2099944259,5.741106743e-05
3.616,-0.02056342108,0.03460959676,-0.21,-0.02052086268,0.03457049211,-0.20999453,5.805437531e-05
3.617,-0.02064645866,0.03466455395,-0.21,-0.02060349012,0.03462493189,-0.2099946325,5.869423535e-05
3.618,-0.02072923639,0.03471933917,-0.21,-0.02068586135,0.03467920211,-0.2099947333,5.933057098e-05
3.619,-0.02081175082,0.03477395013,-0.21,-0.02076797294,0.03473330053,-0.2099948323,5.996330758e-05
3.62,-0.02089399851,0.03482838455,-0.21,-0.02084982146,0.03478722492,-0.2099949296,6.05923724e-05
3.621,-0.02097597602,0.03488264016,-0.21,-0.02093140351,0.03484097303,-0.2099950252,6.121769452e-05
3.622,-0.02105767996,0.0349367147,-0.21,-0.02101271571,0.03489454266,-0.2099951191,6.183920465e-05
3.623,-0.02113910693,0.03499060594,-0.21,-0.02109375469,0.03494793161,-0.2099952113,6.245683509e-05
3.624,-0.02122025358,0.03504431165,-0.21,-0.02117451709,0.03500113769,-0.2099953018,6.307051968e-05
3.625,-0.02130111655,0.03509782961,-0.21,-0.0212549996,0.03505415872,-0.2099953906,6.368019366e-05
3.626,-0.02138169252,0.03515115763,-0.21,-0.0213351989,0.03510699254,-0.2099954776,6.428579363e-05
3.627,-0.02146197817,0.03520429351,-0.21,-0.0214151117,0.03515963701,-0.209995563,6.48872575e-05
3.628,-0.02154197024,0.03525723507,-0.21,-0.02149473475,0.03521208998,-0.2099956466,6.548452437e-05
3.629,-0.02162166544,0.03530998017,-0.21,-0.02157406478,0.03526434934,-0.2099957286,6.607753452e-05
3.63,-0.02170106054,0.03536252664,-0.21,-0.02165309857,0.03531641298,-0.2099958088,6.666622929e-05
3.631,-0.02178015232,0.03541487237,-0.21,-0.02173183293,0.03536827881,-0.2099958873,6.725055108e-05
3.632,-0.02185893757,0.03546701522,-0.21,-0.02181026466,0.03541994475,-0.2099959642,6.783044328e-05
3.633,-0.02193741312,0.03551895311,-0.21,-0.02188839061,0.03547140874,-0.2099960393,6.840585021e-05
3.634,-0.02201557581,0.03557068393,-0.21,-0.02196620764,0.03552266872,-0.2099961128,6.89767171e-05
3.635,-0.02209342251,0.03562220562,-0.21,-0.02204371262,0.03557372267,-0.2099961845,6.954299004e-05
3.636,-0.02217095011,0.03567351612,-0.21,-0.02212090247,0.03562456856,-0.2099962546,7.010461593e-05
3.637,-0.02224815552,0.03572461338,-0.21,-0.02219777412,0.03567520439,-0.209996323,7.066154244e-05
3.638,-0.02232503568,0.03577549538,-0.21,-0.02227432451,0.03572562818,-0.2099963897,7.121371798e-05
3.639,-0.02240158754,0.0358261601,-0.21,-0.02235055062,0.03577583795,-0.2099964548,7.176109169e-05
3.64,-0.02247780809,0.03587660555,-0.21,-0.02242644946,0.03582583174,-0.2099965181,7.230361335e-05
3.641,-0.02255369435,0.03592682974,-0.21,-0.02250201804,0.03587560762,-0.2099965798,7.28412334e-05
3.642,-0.02262924333,0.03597683073,-0.21,-0.02257725341,0.03592516365,-0.2099966399,7.337390286e-05
3.643,-0.02270445211,0.03602660654,-0.21,-0.02265215264,0.03597449794,-0.2099966982,7.390157335e-05
3.644,-0.02277931776,0.03607615527,-0.21,-0.02272671284,0.03602360859,-0.2099967549,7.442419706e-05
3.645,-0.02285383738,0.03612547498,-0.21,-0.02280093112,0.03607249372,-0.20999681,7.494172669e-05
3.646,-0.02292800812,0.03617456379,-0.21,-0.02287480463,0.03612115148,-0.2099968634,7.545411547e-05
3.647,-0.02300182713,0.03622341981,-0.21,-0.02294833055,0.03616958003,-0.2099969151,7.596131711e-05
3.648,-0.02307529159,0.03627204118,-0.21,-0.02302150607,0.03621777755,-0.2099969653,7.646328578e-05
3.649,-0.02314839873,0.03632042606,-0.21,-0.02309432843,0.03626574222,-0.2099970137,7.695997608e-05
3.65,-0.02322114577,0.03636857262,-0.21,-0.02316679486,0.03631347226,-0.2099970606,7.745134306e-05
3.651,-0.02329352998,0.03641647904,-0.21,-0.02323890266,0.03636096591,-0.2099971058,7.793734212e-05
3.652,-0.02336554866,0.03646414354,-0.21,-0.02331064912,0.0364082214,-0.2099971494,7.841792909e-05
3.653,-0.02343719912,0.03651156434,-0.21,-0.02338203159,0.036455237,-0.2099971913,7.889306014e-05
3.654,-0.02350847871,0.03655873969,-0.21,-0.02345304741,0.036502011,-0.2099972317,7.936269182e-05
3.655,-0.02357938482,0.03660566784,-0.21,-0.02352369399,0.0365485417,-0.2099972704,7.982678097e-05
3.656,-0.02364991483,0.03665234709,-0.21,-0.02359396874,0.03659482742,-0.2099973076,8.028528478e-05
3.657,-0.02372006619,0.03669877573,-0.21,-0.0236638691,0.0366408665,-0.2099973431,8.073816073e-05
3.658,-0.02378983635,0.03674495208,-0.21,-0.02373339255,0.0366866573,-0.2099973771,8.118536659e-05
3.659,-0.02385922281,0.03679087449,-0.21,-0.0238025366,0.0367321982,-0.2099974094,8.162686042e-05
3.66,-0.02392822308,0.0368365413,-0.21,-0.02387129876,0.0367774876,-0.2099974402,8.206260109e-05
3.661,-0.02399683472,0.0368819509,-0.21,-0.02393967661,0.03682252391,-0.2099974694,8.249254956e-05
3.662,-0.02406505531,0.03692710169,-0.21,-0.02400766773,0.03686730558,-0.209997497,8.291666887e-05
3.663,-0.02413288245,0.03697199208,-0.21,-0.02407526973,0.03691183107,-0.2099975231,8.3334923e-05
3.664,-0.02420031379,0.03701662052,-0.21,-0.02414248024,0.03695609885,-0.2099975476,8.374727531e-05
3.665,-0.02426734699,0.03706098545,-0.21,-0.02420929695,0.03700010743,-0.2099975706,8.41536875e-05
3.666,-0.02433397976,0.03710508537,-0.21,-0.02427571757,0.03704385533,-0.209997592,8.455411935e-05
3.667,-0.02440020983,0.03714891877,-0.21,-0.02434173985,0.03708734108,-0.2099976119,8.494852929e-05
3.668,-0.02446603497,0.03719248416,-0.21,-0.02440736158,0.03713056325,-0.2099976303,8.533687533e-05
3.669,-0.02453145297,0.0372357801,-0.21,-0.02447258055,0.03717352041,-0.2099976471,8.571911598e-05
3.67,-0.02459646167,0.03727880515,-0.21,-0.02453739464,0.03721621116,-0.2099976625,8.609521079e-05
3.671,-0.02466105891,0.03732155788,-0.21,-0.02460180169,0.03725863412,-0.2099976763,8.646512026e-05
3.672,-0.02472524261,0.03736403691,-0.21,-0.02466579964,0.03730078794,-0.2099976886,8.682880547e-05
3.673,-0.02478901068,0.03740624087,-0.21,-0.0247293864,0.03734267129,-0.2099976994,8.718622743e-05
3.674,-0.02485236108,0.03744816839,-0.21,-0.02479255995,0.03738428285,-0.2099977087,8.753734709e-05
3.675,-0.0249152918,0.03748981817,-0.21,-0.0248553183,0.03742562134,-0.2099977165,8.788212788e-05
3.676,-0.02497780089,0.03753118888,-0.21,-0.02491765948,0.03746668548,-0.2099977228,8.822053616e-05
3.677,-0.02503988638,0.03757227925,-0.21,-0.02497958155,0.03750747404,-0.2099977276,8.85525401e-05
3.678,-0.02510154639,0.03761308802,-0.21,-0.02504108263,0.03754798576,-0.209997731,8.887810776e-05
3.679,-0.02516277904,0.03765361394,-0.21,-0.02510216086,0.03758821946,-0.2099977328,8.919720531e-05
3.68,-0.0252235825,0.03769385581,-0.21,-0.02516281442,0.03762817395,-0.2099977332,8.950979597e-05
3.681,-0.02528395496,0.03773381243,-0.21,-0.02522304153,0.03766784808,-0.2099977322,8.981583999e-05
3.682,-0.02534389466,0.03777348264,-0.21,-0.02528284043,0.03770724072,-0.2099977296,9.011529555e-05
3.683,-0.02540339988,0.03781286529,-0.21,-0.02534220941,0.03774635077,-0.2099977256,9.040812018e-05
3.684,-0.02546246891,0.03785195926,-0.21,-0.02540114679,0.03778517714,-0.2099977202,9.0694272e-05
3.685,-0.0255211001,0.03789076345,-0.21,-0.02545965094,0.03782371879,-0.2099977133,9.097371052e-05
3.686,-0.02557929184,0.03792927679,-0.21,-0.02551772024,0.03786197467,-0.2099977049,9.124639668e-05
3.687,-0.02563704254,0.03796749824,-0.21,-0.02557535313,0.03789994379,-0.2099976951,9.151229229e-05
3.688,-0.02569435064,0.03800542676,-0.21,-0.02563254807,0.03793762514,-0.2099976838,9.17713592e-05
3.689,-0.02575121465,0.03804306137,-0.21,-0.02568930357,0.03797501778,-0.2099976712,9.202355856e-05
3.69,-0.02580763309,0.03808040108,-0.21,-0.02574561818,0.03801212076,-0.209997657,9.226885048e-05
3.691,-0.02586360453,0.03811744495,-0.21,-0.02580149049,0.03804893316,-0.2099976415,9.250719406e-05
3.692,-0.02591912756,0.03815419205,-0.21,-0.02585691911,0.03808545412,-0.2099976245,9.273854784e-05
3.693,-0.02597420084,0.03819064148,-0.21,-0.0259119027,0.03812168276,-0.2099976061,9.296287032e-05
3.694,-0.02602882304,0.03822679238,-0.21,-0.02596643996,0.03815761826,-0.2099975863,9.318012039e-05
3.695,-0.02608299289,0.03826264389,-0.21,-0.02602052962,0.0381932598,-0.209997565,9.339025757e-05
3.696,-0.02613670913,0.0382981952,-0.21,-0.02607417047,0.03822860662,-0.2099975424,9.359324189e-05
3.697,-0.02618997058,0.03833344551,-0.21,-0.02612736132,0.03826365794,-0.2099975183,9.378903367e-05
3.698,-0.02624277607,0.03836839404,-0.21,-0.02618010102,0.03829841304,-0.2099974928,9.397759313e-05
3.699,-0.02629512448,0.03840304006,-0.21,-0.02623238847,0.03833287122,-0.2099974659,9.415888021e-05
3.7,-0.02634701473,0.03843738285,-0.21,-0.02628422261,0.03836703179,-0.2099974376,9.433285441e-05
3.701,-0.02639844577,0.03847142173,-0.21,-0.02633560241,0.03840089411,-0.2099974079,9.449947489e-05
3.702,-0.02644941661,0.03850515603,-0.21,-0.02638652691,0.03843445755,-0.2099973768,9.465870058e-05
3.703,-0.02649992628,0.03853858511,-0.21,-0.02643699514,0.03846772152,-0.2099973443,9.481049044e-05
3.704,-0.02654997387,0.03857170837,-0.21,-0.02648700622,0.03850068545,-0.2099973103,9.495480357e-05
3.705,-0.02659955851,0.03860452523,-0.21,-0.02653655929,0.0385333488,-0.209997275,9.509159924e-05
3.706,-0.02664867936,0.03863703514,-0.21,-0.02658565353,0.03856571105,-0.2099972383,9.52208369e-05
3.707,-0.02669733563,0.03866923757,-0.21,-0.02663428817,0.03859777172,-0.2099972002,9.534247606e-05
3.708,-0.02674552656,0.03870113203,-0.21,-0.02668246249,0.03862953036,-0.2099971607,9.545647617e-05
3.709,-0.02679325146,0.03873271805,-0.21,-0.02673017578,0.03866098653,-0.2099971198,9.556279655e-05
3.71,-0.02684050965,0.03876399519,-0.21,-0.02677742742,0.03869213983,-0.2099970775,9.566139639e-05
3.711,-0.02688730053,0.03879496304,-0.21,-0.0268242168,0.03872298988,-0.2099970338,9.575223472e-05
3.712,-0.0269336235,0.03882562121,-0.21,-0.02687054336,0.03875353636,-0.2099969887,9.583527048e-05
3.713,-0.02697947805,0.03885596937,-0.21,-0.0269164066,0.03878377893,-0.2099969422,9.591046259e-05
3.714,-0.02702486367,0.03888600717,-0.21,-0.02696180604,0.03881371732,-0.2099968943,9.597776999e-05
3.715,-0.02706977993,0.03891573433,-0.21,-0.02700674126,0.03884335128,-0.209996845,9.603715165e-05
3.716,-0.02711422642,0.03894515059,-0.21,-0.02705121188,0.03887268056,-0.2099967943,9.608856658e-05
3.717,-0.02715820279,0.0389742557,-0.21,-0.02709521758,0.03890170499,-0.2099967422,9.613197381e-05
3.718,-0.02720170873,0.03900304947,-0.21,-0.02713875805,0.03893042438,-0.2099966887,9.616733235e-05
3.719,-0.02724474398,0.03903153171,-0.21,-0.02718183306,0.03895883861,-0.2099966338,9.619460118e-05
3.72,-0.02728730831,0.03905970228,-0.21,-0.02722444241,0.03898694757,-0.2099965775,9.621373924e-05
3.721,-0.02732940156,0.03908756108,-0.21,-0.02726658596,0.03901475117,-0.2099965198,9.622470541e-05
3.722,-0.02737102359,0.03911510801,-0.21,-0.02730826359,0.03904224938,-0.2099964607,9.622745857e-05
3.723,-0.02741217433,0.03914234302,-0.21,-0.02734947526,0.03906944218,-0.2099964001,9.622195754e-05
3.724,-0.02745285375,0.03916926609,-0.21,-0.02739022095,0.03909632959,-0.2099963382,9.620816114e-05
3.725,-0.02749306186,0.03919587723,-0.21,-0.0274305007,0.03912291164,-0.2099962748,9.618602823e-05
3.726,-0.02753279871,0.03922217648,-0.21,-0.0274703146,0.03914918843,-0.20999621,9.615551766e-05
3.727,-0.02757206442,0.03924816392,-0.21,-0.02750966277,0.03917516007,-0.2099961438,9.611658831e-05
3.728,-0.02761085915,0.03927383963,-0.21,-0.02754854541,0.03920082668,-0.2099960761,9.606919913e-05
3.729,-0.0276491831,0.03929920377,-0.21,-0.02758696273,0.03922618845,-0.209996007,9.601330905e-05
3.73,-0.02768703652,0.0393242565,-0.21,-0.02762491502,0.03925124559,-0.2099959365,9.594887708e-05
3.731,-0.02772441972,0.03934899802,-0.21,-0.02766240261,0.03927599832,-0.2099958645,9.587586223e-05
3.732,-0.02776133305,0.03937342856,-0.21,-0.02769942587,0.03930044692,-0.2099957911,9.579422353e-05
3.733,-0.0277977769,0.03939754839,-0.21,-0.02773598523,0.0393245917,-0.2099957162,9.570392007e-05
3.734,-0.02783375173,0.0394213578,-0.21,-0.02777208116,0.03934843298,-0.2099956398,9.560491093e-05
3.735,-0.02786925804,0.03944485712,-0.21,-0.0278077142,0.03937197114,-0.209995562,9.549715529e-05
3.736,-0.02790429637,0.03946804673,-0.21,-0.02784288491,0.03939520657,-0.2099954827,9.538061237e-05
3.737,-0.02793886733,0.03949092701,-0.21,-0.02787759393,0.03941813972,-0.2099954019,9.525524151e-05
3.738,-0.02797297157,0.03951349839,-0.21,-0.02791184194,0.03944077104,-0.2099953197,9.512100212e-05
3.739,-0.02800660979,0.03953576135,-0.21,-0.02794562965,0.03946310105,-0.2099952359,9.497785376e-05
3.74,-0.02803978274,0.03955771638,-0.21,-0.02797895786,0.03948513027,-0.2099951507,9.482575609e-05
3.741,-0.02807249122,0.03957936401,-0.21,-0.0280118274,0.03950685928,-0.2099950639,9.466466892e-05
3.742,-0.0281047361,0.0396007048,-0.21,-0.02804423914,0.03952828868,-0.2099949756,9.449455215e-05
3.743,-0.02813651827,0.03962173937,-0.21,-0.02807619403,0.03954941911,-0.2099948858,9.431536584e-05
3.744,-0.02816783871,0.03964246833,-0.21,-0.02810769306,0.03957025124,-0.2099947945,9.412707018e-05
3.745,-0.02819869842,0.03966289238,-0.21,-0.02813873727,0.03959078577,-0.2099947016,9.392962553e-05
3.746,-0.02822909847,0.0396830122,-0.21,-0.02816932776,0.03961102346,-0.2099946071,9.372299244e-05
3.747,-0.02825903997,0.03970282854,-0.21,-0.02819946567,0.03963096507,-0.2099945111,9.350713166e-05
3.748,-0.0282885241,0.03972234218,-0.21,-0.0282291522,0.03965061143,-0.2099944135,9.328200419e-05
3.749,-0.02831755209,0.03974155392,-0.21,-0.02825838861,0.03966996337,-0.2099943144,9.304757129e-05
3.75,-0.02834612521,0.03976046462,-0.21,-0.02828717622,0.03968902178,-0.2099942136,9.28037945e-05
3.751,-0.02837424479,0.03977907515,-0.21,-0.02831551639,0.03970778759,-0.2099941112,9.255063562e-05
3.752,-0.02840191223,0.03979738644,-0.21,-0.02834341053,0.03972626174,-0.2099940073,9.228805677e-05
3.753,-0.02842912897,0.03981539944,-0.21,-0.02837086013,0.03974444523,-0.2099939016,9.20160204e-05
3.754,-0.0284558965,0.03983311513,-0.21,-0.0283978667,0.03976233908,-0.2099937944,9.173448926e-05
3.755,-0.02848221638,0.03985053455,-0.21,-0.02842443185,0.03977994436,-0.2099936855,9.144342651e-05
3.756,-0.02850809021,0.03986765877,-0.21,-0.0284505572,0.03979726218,-0.2099935749,9.114279568e-05
3.757,-0.02853351967,0.03988448888,-0.21,-0.02847624446,0.03981429366,-0.2099934626,9.083256078e-05
3.758,-0.02855850646,0.03990102602,-0.21,-0.02850149539,0.03983103999,-0.2099933487,9.051268627e-05
3.759,-0.02858305237,0.03991727137,-0.21,-0.02852631178,0.03984750238,-0.2099932331,9.018313712e-05
3.76,-0.02860715923,0.03993322614,-0.21,-0.02855069551,0.03986368207,-0.2099931157,8.984387887e-05
3.761,-0.02863082893,0.03994889158,-0.21,-0.02857464851,0.03987958036,-0.2099929966,8.94948776e-05
3.762,-0.02865406342,0.03996426898,-0.21,-0.02859817275,0.03989519856,-0.2099928757,8.913610004e-05
3.763,-0.02867686469,0.03997935967,-0.21,-0.02862127028,0.03991053805,-0.2099927531,8.876751353e-05
3.764,-0.02869923482,0.03999416501,-0.21,-0.02864394319,0.03992560022,-0.2099926287,8.838908616e-05
3.765,-0.02872117593,0.04000868641,-0.21,-0.02866619364,0.03994038652,-0.2099925026,8.800078672e-05
3.766,-0.02874269018,0.0400229253,-0.21,-0.02868802385,0.03995489841,-0.2099923746,8.76025848e-05
3.767,-0.02876377983,0.04003688317,-0.21,-0.02870943608,0.03996913743,-0.2099922447,8.719445089e-05
3.768,-0.02878444716,0.04005056154,-0.21,-0.02873043268,0.03998310512,-0.2099921131,8.677635635e-05
3.769,-0.02880469453,0.04006396196,-0.21,-0.02875101603,0.03999680307,-0.2099919796,8.634827356e-05
3.77,-0.02882452435,0.04007708603,-0.21,-0.02877118858,0.04001023293,-0.2099918442,8.591017593e-05
3.771,-0.0288439391,0.0400899354,-0.21,-0.02879095285,0.04002339637,-0.2099917069,8.546203801e-05
3.772,-0.02886294131,0.04010251173,-0.21,-0.02881031141,0.04003629509,-0.2099915677,8.500383552e-05
3.773,-0.02888153357,0.04011481674,-0.21,-0.0288292669,0.04004893086,-0.2099914266,8.453554547e-05
3.774,-0.02889971854,0.0401268522,-0.21,-0.02884782199,0.04006130546,-0.2099912835,8.405714622e-05
3.775,-0.02891749894,0.04013861989,-0.21,-0.02886597946,0.04007342073,-0.2099911385,8.356861757e-05
3.776,-0.02893487753,0.04015012166,-0.21,-0.0288837421,0.04008527854,-0.2099909915,8.306994089e-05
3.777,-0.02895185716,0.04016135938,-0.21,-0.02890111281,0.04009688081,-0.2099908425,8.25610992e-05
3.778,-0.02896844073,0.04017233496,-0.21,-0.02891809452,0.04010822948,-0.2099906914,8.20420773e-05
3.779,-0.02898463118,0.04018305038,-0.21,-0.02893469023,0.04011932656,-0.2099905384,8.151286189e-05
3.78,-0.02900043156,0.04019350762,-0.21,-0.028950903,0.04013017408,-0.2099903832,8.097344171e-05
3.781,-0.02901584493,0.04020370874,-0.21,-0.02896673596,0.04014077412,-0.209990226,8.042380768e-05
3.782,-0.02903087446,0.04021365581,-0.21,-0.02898219229,0.0401511288,-0.2099900667,7.986395304e-05
3.783,-0.02904552334,0.04022335095,-0.21,-0.02899727526,0.04016124028,-0.2099899052,7.929387352e-05
3.784,-0.02905979486,0.04023279635,-0.21,-0.02901198816,0.04017111076,-0.2099897416,7.871356754e-05
3.785,-0.02907369234,0.04024199419,-0.21,-0.0290263344,0.04018074248,-0.2099895759,7.812303634e-05
3.786,-0.02908721919,0.04025094674,-0.21,-0.02904031739,0.04019013774,-0.2099894079,7.752228425e-05
3.787,-0.02910037887,0.04025965628,-0.21,-0.02905394066,0.04019929886,-0.2099892378,7.691131885e-05
3.788,-0.02911317492,0.04026812515,-0.21,-0.02906720778,0.04020822821,-0.2099890654,7.629014793e-05
3.789,-0.02912561092,0.04027635573,-0.21,-0.02908012239,0.04021692822,-0.2099888908,7.565877741e-05
3.79,-0.02913769053,0.04028435045,-0.21,-0.02909268819,0.04022540136,-0.2099887138,7.501721321e-05
3.791,-0.02914941747,0.04029211175,-0.21,-0.02910490898,0.04023365012,-0.2099885346,7.43654646e-05
3.792,-0.02916079554,0.04029964216,-0.21,-0.02911678858,0.04024167707,-0.2099883531,7.370354752e-05
3.793,-0.02917182858,0.04030694421,-0.21,-0.02912833091,0.04024948481,-0.2099881692,7.303148703e-05
3.794,-0.02918252052,0.04031402051,-0.21,-0.02913953993,0.04025707595,-0.209987983,7.234931805e-05
3.795,-0.02919287534,0.0403208737,-0.21,-0.02915041967,0.04026445318,-0.2099877943,7.165708472e-05
3.796,-0.02920289709,0.04032750645,-0.21,-0.02916097423,0.04027161921,-0.2099876032,7.095483778e-05
3.797,-0.02921258989,0.04033392148,-0.21,-0.02917120779,0.0402785768,-0.2099874097,7.024263232e-05
3.798,-0.02922195793,0.04034012158,-0.21,-0.0291811246,0.04028532876,-0.2099872137,6.952052777e-05
3.799,-0.02923100546,0.04034610956,-0.21,-0.02919072898,0.04029187792,-0.2099870152,6.878858972e-05
3.8,-0.0292397368,0.04035188827,-0.21,-0.02920002532,0.04029822719,-0.2099868142,6.804689256e-05
3.801,-0.02924815634,0.04035746062,-0.21,-0.02920901808,0.0403043795,-0.2099866105,6.729552185e-05
3.802,-0.02925626854,0.04036282955,-0.21,-0.02921771175,0.04031033783,-0.2099864043,6.653457594e-05
3.803,-0.02926407791,0.04036799807,-0.21,-0.02922611092,0.04031610523,-0.2099861954,6.576416655e-05
3.804,-0.02927158905,0.04037296921,-0.21,-0.02923422023,0.04032168476,-0.2099859839,6.498441876e-05
3.805,-0.02927880663,0.04037774606,-0.21,-0.02924204439,0.04032707956,-0.2099857697,6.419547097e-05
3.806,-0.02928573537,0.04038233174,-0.21,-0.02924958816,0.04033229279,-0.2099855528,6.339747543e-05
3.807,-0.02929238008,0.04038672944,-0.21,-0.02925685641,0.04033732767,-0.2099853331,6.259059939e-05
3.808,-0.02929874562,0.04039094238,-0.21,-0.02926385406,0.04034218746,-0.2099851107,6.177502702e-05
3.809,-0.02930483694,0.04039497383,-0.21,-0.0292705861,0.04034687546,-0.2099848855,6.095096149e-05
3.81,-0.02931065904,0.0403988271,-0.21,-0.02927705762,0.04035139501,-0.2099846575,6.011862718e-05
3.811,-0.029316217,0.04040250556,-0.21,-0.02928327375,0.04035574953,-0.2099844267,5.92782716e-05
3.812,-0.02932151599,0.04040601261,-0.21,-0.02928923969,0.04035994244,-0.2099841929,5.843016715e-05
3.813,-0.02932656121,0.04040935172,-0.21,-0.02929496072,0.04036397724,-0.2099839563,5.757461301e-05
3.814,-0.02933135796,0.04041252638,-0.21,-0.02930044219,0.04036785747,-0.2099837167,5.671193732e-05
3.815,-0.02933591161,0.04041554015,-0.21,-0.02930568951,0.04037158672,-0.2099834741,5.584249996e-05
3.816,-0.0293402276,0.04041839662,-0.21,-0.02931070816,0.04037516863,-0.2099832286,5.496669599e-05
3.817,-0.02934431143,0.04042109944,-0.21,-0.02931550371,0.04037860688,-0.20998298,5.408495961e-05
3.818,-0.02934816869,0.04042365231,-0.21,-0.0293200818,0.04038190521,-0.2099827284,5.31977685e-05
3.819,-0.02935180503,0.04042605897,-0.21,-0.02932444813,0.04038506739,-0.2099824737,5.230564839e-05
3.82,-0.02935522617,0.0404283232,-0.21,-0.02932860849,0.04038809724,-0.2099822159,5.140917772e-05
3.821,-0.02935843793,0.04043044885,-0.21,-0.02933256873,0.04039099863,-0.209981955,5.050899263e-05
3.822,-0.02936144616,0.04043243981,-0.21,-0.02933633479,0.04039377548,-0.2099816909,4.960579234e-05
3.823,-0.02936425683,0.04043430001,-0.21,-0.02933991267,0.04039643177,-0.2099814236,4.87003453e-05
3.824,-0.02936687594,0.04043603343,-0.21,-0.02934330844,0.04039897151,-0.2099811531,4.779349621e-05
3.825,-0.0293693096,0.04043764411,-0.21,-0.02934652824,0.04040139877,-0.2099808794,4.688617415e-05
3.826,-0.02937156398,0.04043913614,-0.21,-0.0293495783,0.04040371769,-0.2099806023,4.597940169e-05
3.827,-0.02937364532,0.04044051364,-0.21,-0.02935246492,0.04040593242,-0.209980322,4.507430488e-05
3.828,-0.02937555994,0.04044178081,-0.21,-0.02935519446,0.04040804719,-0.2099800384,4.417212416e-05
3.829,-0.02937731424,0.04044294186,-0.21,-0.02935777339,0.04041006626,-0.2099797513,4.32742258e-05
3.83,-0.02937891469,0.0404440011,-0.21,-0.02936020821,0.04041199394,-0.2099794609,4.238211414e-05
3.831,-0.02938036784,0.04044496284,-0.21,-0.02936250554,0.04041383461,-0.2099791671,4.149744443e-05
3.832,-0.02938168031,0.04044583148,-0.21,-0.02936467205,0.04041559267,-0.2099788699,4.062203656e-05
3.833,-0.0293828588,0.04044661145,-0.21,-0.02936671449,0.04041727259,-0.2099785691,3.975788933e-05
3.834,-0.02938391008,0.04044730723,-0.21,-0.02936863969,0.0404188789,-0.2099782649,3.890719551e-05
3.835,-0.02938484102,0.04044792335,-0.21,-0.02937045455,0.04042041616,-0.2099779571,3.807235699e-05
3.836,-0.02938565854,0.04044846442,-0.21,-0.02937216606,0.04042188899,-0.2099776458,3.725599967e-05
3.837,-0.02938636965,0.04044893506,-0.21,-0.02937378127,0.04042330207,-0.2099773309,3.646098715e-05
3.838,-0.02938698144,0.04044933996,-0.21,-0.02937530731,0.04042466012,-0.2099770125,3.569043224e-05
3.839,-0.02938750107,0.04044968387,-0.21,-0.0293767514,0.04042596791,-0.2099766903,3.494770503e-05
3.84,-0.02938793579,0.04044997158,-0.21,-0.02937812083,0.04042723027,-0.2099763646,3.423643597e-05
3.841,-0.02938829291,0.04045020793,-0.21,-0.02937942298,0.04042845208,-0.2099760351,3.356051241e-05
3.842,-0.02938857984,0.04045039783,-0.21,-0.02938066528,0.04042963825,-0.209975702,3.292406663e-05
3.843,-0.02938880405,0.04045054623,-0.21,-0.02938185527,0.04043079378,-0.2099753651,3.233145344e-05
3.844,-0.02938897311,0.04045065812,-0.21,-0.02938300056,0.0404319237,-0.2099750245,3.178721529e-05
3.845,-0.02938909466,0.04045073856,-0.21,-0.02938410882,0.04043303309,-0.2099746801,3.129603321e-05
3.846,-0.0293891764,0.04045079266,-0.21,-0.02938518781,0.04043412709,-0.2099743319,3.086266231e-05
3.847,-0.02938922615,0.04045082559,-0.21,-0.02938624539,0.0404352109,-0.2099739798,3.049185149e-05
3.848,-0.02938925178,0.04045084255,-0.21,-0.02938728948,0.04043628975,-0.209973624,3.018824862e-05
3.849,-0.02938926126,0.04045084882,-0.21,-0.02938832807,0.04043736896,-0.2099732642,2.995629377e-05
3.85,-0.02938926261,0.04045084972,-0.21,-0.02938936925,0.04043845387,-0.2099729006,2.980010538e-05
3.851,-0.02938926218,0.04045084815,-0.21,-0.02939042118,0.04043954989,-0.2099725331,2.972249637e-05
3.852,-0.02938925914,0.0404508372,-0.21,-0.02939143359,0.04044051039,-0.2099721545,2.97782781e-05
3.853,-0.02938925093,0.04045080758,-0.21,-0.0293922824,0.04044100568,-0.2099718022,3.000634346e-05
3.854,-0.02938923499,0.0404507501,-0.21,-0.02939285763,0.04044074292,-0.209971586,3.034178707e-05
3.855,-0.0293892088,0.04045065563,-0.21,-0.02939312264,0.04043960518,-0.209971598,3.072629879e-05
3.856,-0.02938916985,0.04045051518,-0.21,-0.02939312278,0.0404376909,-0.2099718356,3.119812138e-05
3.857,-0.02938911568,0.04045031982,-0.21,-0.02939295578,0.04043526431,-0.2099722001,3.1847267e-05
3.858,-0.02938904384,0.04045006072,-0.21,-0.029392726,0.04043265005,-0.2099725563,3.270848088e-05
3.859,-0.0293889519,0.04044972915,-0.21,-0.02939250486,0.04043011809,-0.2099728014,3.371916191e-05
3.86,-0.02938883747,0.04044931647,-0.21,-0.02939231239,0.04042780228,-0.2099729043,3.477226102e-05
3.861,-0.02938869817,0.04044881413,-0.21,-0.02939212388,0.04042567836,-0.2099729045,3.57933389e-05
3.862,-0.02938853167,0.04044821365,-0.21,-0.02939189415,0.04042360151,-0.20997288,3.677712109e-05
3.863,-0.02938833564,0.04044750669,-0.21,-0.02939158578,0.04042138115,-0.2099729068,3.777758468e-05
3.864,-0.02938810778,0.04044668494,-0.21,-0.02939118786,0.0404188599,-0.2099730279,3.887437515e-05
3.865,-0.02938784582,0.04044574024,-0.21,-0.02939071845,0.04041596716,-0.2099732414,4.013367913e-05
3.866,-0.02938754753,0.04044466447,-0.21,-0.02939021217,0.04041273179,-0.20997351,4.157541161e-05
3.867,-0.02938721067,0.04044344963,-0.21,-0.02938970087,0.04040925576,-0.2099737821,4.316015035e-05
3.868,-0.02938683305,0.0404420878,-0.21,-0.02938919745,0.04040566491,-0.2099740148,4.480454308e-05
3.869,-0.0293864125,0.04044057114,-0.21,-0.02938869004,0.04040205833,-0.2099741895,4.641774864e-05
3.87,-0.02938594687,0.04043889192,-0.21,-0.02938814824,0.04039847502,-0.2099743147,4.793859386e-05
3.871,-0.02938543405,0.04043704248,-0.21,-0.02938753743,0.0403948871,-0.2099744176,4.935543659e-05
3.872,-0.02938487193,0.04043501525,-0.21,-0.02938683412,0.04039121781,-0.2099745297,5.070307322e-05
3.873,-0.02938425843,0.04043280276,-0.21,-0.02938603528,0.04038737394,-0.2099746729,5.204226962e-05
3.874,-0.02938359152,0.04043039762,-0.21,-0.02938515816,0.04038327892,-0.2099748521,5.343261839e-05
3.875,-0.02938286916,0.04042779252,-0.21,-0.02938423125,0.04037889482,-0.2099750559,5.490945807e-05
3.876,-0.02938208935,0.04042498024,-0.21,-0.02938328101,0.04037422724,-0.209975264,5.647260484e-05
3.877,-0.02938125012,0.04042195366,-0.21,-0.0293823201,0.04036931437,-0.2099754568,5.808967238e-05
3.878,-0.02938034951,0.04041870573,-0.21,-0.0293813421,0.04036420633,-0.209975623,5.971103248e-05
3.879,-0.02937938559,0.04041522949,-0.21,-0.02938032424,0.04035894372,-0.2099757635,6.12892977e-05
3.88,-0.02937835646,0.04041151806,-0.21,-0.0293792366,0.04035354277,-0.2099758886,6.279545508e-05
3.881,-0.02937726024,0.04040756468,-0.21,-0.02937805355,0.04034799119,-0.2099760128,6.422628939e-05
3.882,-0.02937609506,0.04040336261,-0.21,-0.02937676273,0.04034225425,-0.2099761481,6.560175607e-05
3.883,-0.0293748591,0.04039890526,-0.21,-0.02937536821,0.0403362877,-0.2099762996,6.695467098e-05
3.884,-0.02937355054,0.04039418609,-0.21,-0.02937388709,0.04033005172,-0.2099764643,6.831736007e-05
3.885,-0.02937216758,0.04038919864,-0.21,-0.02937234133,0.0403235214,-0.2099766334,6.971031359e-05
3.886,-0.02937070847,0.04038393656,-0.21,-0.02937074839,0.0403166906,-0.2099767969,7.113650699e-05
3.887,-0.02936917147,0.04037839355,-0.21,-0.0293691143,0.04030956912,-0.2099769474,7.258254402e-05
3.888,-0.02936755485,0.04037256342,-0.21,-0.02936743165,0.04030217501,-0.209977083,7.402522208e-05
3.889,-0.02936585692,0.04036644005,-0.21,-0.02936568276,0.04029452538,-0.209977207,7.544049181e-05
3.89,-0.02936407601,0.0403600174,-0.21,-0.02936384639,0.04028662895,-0.2099773265,7.681148268e-05
3.891,-0.02936221046,0.04035328953,-0.21,-0.02936190529,0.04027848232,-0.2099774485,7.813309491e-05
3.892,-0.02936025864,0.04034625056,-0.21,-0.02935985147,0.04027007079,-0.2099775776,7.941212155e-05
3.893,-0.02935821896,0.0403388947,-0.21,-0.02935768776,0.04026137268,-0.2099777145,8.066343775e-05
3.894,-0.02935608982,0.04033121624,-0.21,-0.02935542516,0.04025236536,-0.2099778558,8.190400872e-05
3.895,-0.02935386968,0.04032320956,-0.21,-0.02935307756,0.04024303074,-0.2099779966,8.314697328e-05
3.896,-0.02935155698,0.04031486911,-0.21,-0.02935065584,0.04023335866,-0.2099781319,8.439775301e-05
3.897,-0.02934915021,0.04030618942,-0.21,-0.02934816369,0.04022334732,-0.2099782587,8.565319523e-05
3.898,-0.02934664789,0.04029716511,-0.21,-0.0293455964,0.04021300106,-0.2099783772,8.690360631e-05
3.899,-0.02934404854,0.04028779086,-0.21,-0.02934294276,0.04020232644,-0.20997849,8.813664815e-05
3.9,-0.0293413507,0.04027806145,-0.21,-0.02934018919,0.04019132817,-0.209978601,8.934163331e-05
3.901,-0.02933855295,0.04026797173,-0.21,-0.02933732425,0.0401800061,-0.2099787137,9.051280943e-05
3.902,-0.02933565389,0.04025751664,-0.21,-0.02933434195,0.04016835409,-0.20997883,9.165069593e-05
3.903,-0.02933265213,0.04024669116,-0.21,-0.02933124286,0.04015636096,-0.2099789497,9.276124662e-05
3.904,-0.02932954631,0.0402354904,-0.21,-0.02932803272,0.04014401295,-0.2099790708,9.38533323e-05
3.905,-0.02932633508,0.04022390952,-0.21,-0.02932471946,0.04013129682,-0.2099791905,9.49355344e-05
3.906,-0.02932301713,0.04021194375,-0.21,-0.02932130965,0.04011820246,-0.2099793065,9.601336418e-05
3.907,-0.02931959116,0.04019958842,-0.21,-0.02931780593,0.04010472429,-0.2099794174,9.708776552e-05
3.908,-0.02931605589,0.04018683891,-0.21,-0.02931420598,0.0400908611,-0.2099795234,9.815525363e-05
3.909,-0.02931241006,0.0401736907,-0.21,-0.02931050338,0.0400766145,-0.2099796261,9.920948334e-05
3.91,-0.02930865245,0.04016013934,-0.21,-0.02930668981,0.04006198665,-0.2099797274,0.0001002436061
3.911,-0.02930478183,0.04014618045,-0.21,-0.02930275774,0.04004697798,-0.2099798292,0.0001012525805
3.912,-0.02930079701,0.04013180972,-0.21,-0.02929870249,0.04003158577,-0.2099799325,0.0001022346859
3.913,-0.02929669683,0.04011702293,-0.21,-0.02929452317,0.04001580383,-0.2099800371,0.0001031918077
3.914,-0.02929248013,0.04010181593,-0.21,-0.02929022221,0.03999962345,-0.2099801419,0.0001041285016
3.915,-0.02928814578,0.04008618464,-0.21,-0.02928580374,0.03998303506,-0.2099802457,0.000105050251
3.916,-0.02928369267,0.04007012506,-0.21,-0.02928127164,0.03996603014,-0.209980347,0.0001059615653
3.917,-0.02927911971,0.04005363326,-0.21,-0.0292766278,0.0399486026,-0.2099804453,0.0001068645682
3.918,-0.02927442583,0.04003670538,-0.21,-0.02927187133,0.03993074926,-0.2099805405,0.0001077585028
3.919,-0.02926960998,0.04001933764,-0.21,-0.02926699876,0.03991246939,-0.2099806335,0.0001086402448
3.92,-0.02926467114,0.04000152633,-0.21,-0.02926200511,0.03989376343,-0.2099807252,0.0001095055664
3.921,-0.0292596083,0.03998326781,-0.21,-0.02925688544,0.03987463149,-0.2099808165,0.0001103506692
3.922,-0.02925442046,0.03996455853,-0.21,-0.02925163613,0.03985507206,-0.2099809082,0.0001111734476
3.923,-0.02924910666,0.03994539498,-0.21,-0.02924625571,0.03983508146,-0.2099810002,0.0001119740761
3.924,-0.02924366595,0.03992577374,-0.21,-0.02924074476,0.03981465402,-0.209981092,0.0001127547763
3.925,-0.0292380974,0.03990569148,-0.21,-0.02923510524,0.03979378299,-0.209981183,0.000113518907
3.926,-0.0292324001,0.0398851449,-0.21,-0.0292293393,0.03977246177,-0.2099812725,0.0001142697431
3.927,-0.02922657317,0.0398641308,-0.21,-0.02922344827,0.03975068502,-0.2099813601,0.0001150093844
3.928,-0.02922061573,0.03984264605,-0.21,-0.02921743194,0.03972844921,-0.2099814456,0.0001157381566
3.929,-0.02921452693,0.03982068758,-0.21,-0.0292112885,0.03970575264,-0.2099815294,0.0001164546671
3.93,-0.02920830595,0.03979825238,-0.21,-0.02920501505,0.03968259476,-0.209981612,0.0001171564431
3.931,-0.02920195196,0.03977533754,-0.21,-0.02919860834,0.03965897524,-0.209981694,0.0001178408864
3.932,-0.02919546418,0.03975194019,-0.21,-0.0291920657,0.03963489301,-0.2099817757,0.0001185061929
3.933,-0.02918884184,0.03972805754,-0.21,-0.0291853856,0.03961034571,-0.2099818572,0.000119151924
3.934,-0.02918208418,0.03970368688,-0.21,-0.02917856776,0.03958532962,-0.2099819385,0.0001197790606
3.935,-0.02917519045,0.03967882554,-0.21,-0.02917161293,0.0395598401,-0.2099820191,0.000120389566
3.936,-0.02916815996,0.03965347096,-0.21,-0.02916452222,0.0395338723,-0.2099820987,0.000120985647
3.937,-0.02916099199,0.0396276206,-0.21,-0.0291572965,0.03950742198,-0.2099821771,0.0001215689952
3.938,-0.02915368588,0.03960127201,-0.21,-0.02914993582,0.03948048598,-0.2099822541,0.0001221402701
3.939,-0.02914624095,0.03957442283,-0.21,-0.0291424393,0.03945306241,-0.2099823298,0.0001226989819
3.94,-0.02913865657,0.03954707072,-0.21,-0.02913480526,0.03942515029,-0.2099824044,0.0001232437801
3.941,-0.02913093211,0.03951921344,-0.21,-0.02912703164,0.03939674901,-0.2099824783,0.0001237730137
3.942,-0.02912306697,0.0394908488,-0.21,-0.02911911654,0.03936785775,-0.2099825517,0.0001242853468
3.943,-0.02911506056,0.03946197469,-0.21,-0.02911105864,0.03933847495,-0.2099826247,0.0001247802122
3.944,-0.02910691231,0.03943258905,-0.21,-0.02910285741,0.03930859818,-0.2099826974,0.0001252579611
3.945,-0.02909862167,0.0394026899,-0.21,-0.02909451299,0.03927822435,-0.2099827696,0.0001257196826
3.946,-0.0290901881,0.03937227531,-0.21,-0.02908602593,0.03924735011,-0.2099828411,0.0001261667847
3.947,-0.0290816111,0.03934134342,-0.21,-0.02907739676,0.03921597231,-0.2099829117,0.0001266005024
3.948,-0.02907289015,0.03930989245,-0.21,-0.02906862565,0.03918408848,-0.2099829812,0.0001270215085
3.949,-0.02906402479,0.03927792065,-0.21,-0.02905971219,0.03915169691,-0.2099830497,0.0001274297533
3.95,-0.02905501455,0.03924542636,-0.21,-0.02905065546,0.03911879661,-0.2099831173,0.0001278245676
3.951,-0.02904585899,0.03921240798,-0.21,-0.02904145418,0.03908538696,-0.2099831842,0.0001282049706
3.952,-0.02903655768,0.03917886397,-0.21,-0.02903210707,0.03905146732,-0.2099832505,0.0001285700576
3.953,-0.0290271102,0.03914479285,-0.21,-0.02902261314,0.03901703673,-0.2099833164,0.0001289193278
3.954,-0.02901751618,0.0391101932,-0.21,-0.02901297185,0.03898209369,-0.2099833819,0.000129252843
3.955,-0.02900777522,0.03907506367,-0.21,-0.0290031831,0.03894663627,-0.2099834469,0.0001295711783
3.956,-0.02899788698,0.03903940297,-0.21,-0.02899324715,0.03891066228,-0.2099835114,0.0001298752003
3.957,-0.0289878511,0.03900320986,-0.21,-0.02898316433,0.03887416962,-0.2099835752,0.0001301657638
3.958,-0.02897766727,0.03896648318,-0.21,-0.02897293484,0.03883715652,-0.2099836381,0.0001304434408
3.959,-0.02896733519,0.03892922181,-0.21,-0.02896255854,0.03879962173,-0.2099837003,0.0001307083713
3.96,-0.02895685455,0.03889142471,-0.21,-0.02895203496,0.03876156447,-0.2099837616,0.0001309602764
3.961,-0.02894622508,0.03885309088,-0.21,-0.02894136338,0.0387229843,-0.2099838223,0.0001311986154
3.962,-0.02893544653,0.0388142194,-0.21,-0.028930543,0.03868388086,-0.2099838824,0.0001314228187
3.963,-0.02892451866,0.0387748094,-0.21,-0.02891957315,0.03864425366,-0.2099839421,0.0001316325105
3.964,-0.02891344123,0.03873486007,-0.21,-0.02890845342,0.03860410193,-0.2099840013,0.0001318276435
3.965,-0.02890221405,0.03869437065,-0.21,-0.02889718369,0.03856342463,-0.2099840601,0.0001320085091
3.966,-0.02889083691,0.03865334046,-0.21,-0.02888576408,0.03852222052,-0.2099841184,0.0001321756288
3.967,-0.02887930965,0.03861176885,-0.21,-0.02887419486,0.03848048839,-0.2099841761,0.0001323295768
3.968,-0.0288676321,0.03856965525,-0.21,-0.02886247621,0.03843822718,-0.2099842332,0.0001324708003
3.969,-0.02885580412,0.03852699914,-0.21,-0.02885060818,0.03839543619,-0.2099842895,0.0001325994995
3.97,-0.02884382559,0.03848380005,-0.21,-0.0288385906,0.03835211499,-0.2099843452,0.0001327156049
3.971,-0.02883169638,0.03844005759,-0.21,-0.02882642314,0.03830826347,-0.2099844003,0.0001328188493
3.972,-0.0288194164,0.0383957714,-0.21,-0.02881410537,0.0382638816,-0.2099844549,0.0001329089012
3.973,-0.02880698557,0.03835094119,-0.21,-0.02880163691,0.03821896935,-0.2099845089,0.0001329855096
3.974,-0.02879440382,0.03830556672,-0.21,-0.02878901753,0.03817352655,-0.2099845626,0.0001330486063
3.975,-0.02878167111,0.03825964781,-0.21,-0.02877624717,0.03812755286,-0.2099846158,0.0001330983372
3.976,-0.0287687874,0.03821318433,-0.21,-0.02876332598,0.03808104785,-0.2099846685,0.0001331350159
3.977,-0.02875575267,0.03816617622,-0.21,-0.02875025417,0.03803401104,-0.2099847207,0.0001331590236
3.978,-0.02874256691,0.03811862346,-0.21,-0.028737032,0.03798644207,-0.2099847724,0.0001331706954
3.979,-0.02872923014,0.03807052608,-0.21,-0.02872365962,0.03793834079,-0.2099848234,0.0001331702324
3.98,-0.02871574238,0.03802188418,-0.21,-0.02871013709,0.03788970723,-0.2099848739,0.0001331576683
3.981,-0.02870210368,0.03797269791,-0.21,-0.02869646434,0.03784054166,-0.2099849238,0.0001331328975
3.982,-0.02868831408,0.03792296746,-0.21,-0.02868264124,0.03779084444,-0.2099849732,0.0001330957479
3.983,-0.02867437365,0.03787269309,-0.21,-0.02866866766,0.03774061599,-0.2099850221,0.0001330460714
3.984,-0.02866028249,0.0378218751,-0.21,-0.02865454356,0.03768985665,-0.2099850705,0.0001329838165
3.985,-0.02864604069,0.03777051385,-0.21,-0.02864026902,0.03763856671,-0.2099851185,0.000132909062
3.986,-0.02863164837,0.03771860975,-0.21,-0.02862584421,0.03758674638,-0.209985166,0.0001328220016
3.987,-0.02861710565,0.03766616327,-0.21,-0.02861126941,0.03753439586,-0.2099852131,0.000132722891
3.988,-0.02860241267,0.03761317491,-0.21,-0.02859654493,0.0374815154,-0.2099852596,0.0001326119778
3.989,-0.0285875696,0.03755964525,-0.21,-0.02858167104,0.03742810539,-0.2099853056,0.0001324894409
3.99,-0.0285725766,0.03750557489,-0.21,-0.02856664795,0.03737416636,-0.2099853511,0.0001323553591
3.991,-0.02855743386,0.03745096451,-0.21,-0.0285514758,0.037319699,-0.209985396,0.0001322097177
3.992,-0.02854214157,0.03739581482,-0.21,-0.0285361547,0.03726470409,-0.2099854404,0.0001320524466
3.993,-0.02852669996,0.03734012659,-0.21,-0.02852068474,0.03720918247,-0.2099854843,0.000131883474
3.994,-0.02851110924,0.03728390063,-0.21,-0.02850506605,0.03715313498,-0.2099855277,0.0001317027765
3.995,-0.02849536966,0.03722713781,-0.21,-0.02848929884,0.03709656244,-0.2099855707,0.000131510407
3.996,-0.02847948146,0.03716983905,-0.21,-0.02847338339,0.03703946563,-0.2099856132,0.0001313064939
3.997,-0.02846344493,0.03711200531,-0.21,-0.02845732006,0.03698184533,-0.2099856552,0.0001310912144
3.998,-0.02844726033,0.0370536376,-0.21,-0.02844110922,0.03692370237,-0.2099856967,0.0001308647531
3.999,-0.02843092796,0.03699473698,-0.21,-0.02842475125,0.03686503764,-0.2099857377,0.000130627262
4,-0.02841444813,0.03693530456,-0.21,-0.0284082465,0.03680585217,-0.2099857782,0.000130378835
4.001,-0.02839782116,0.0368753415,-0.21,-0.02839159529,0.03674614707,-0.2099858182,0.0001301195061
4.002,-0.02838104738,0.036814849,-0.21,-0.0283747979,0.03668592356,-0.2099858576,0.0001298492674
4.003,-0.02836412715,0.0367538283,-0.21,-0.0283578546,0.0366251829,-0.2099858965,0.0001295681006
4.004,-0.02834706081,0.03669228071,-0.21,-0.0283407657,0.03656392639,-0.2099859349,0.0001292760094
4.005,-0.02832984874,0.03663020756,-0.21,-0.02832353154,0.03650215532,-0.2099859729,0.0001289730408
4.006,-0.02831249133,0.03656761025,-0.21,-0.02830615251,0.03643987098,-0.2099860103,0.0001286592894
4.007,-0.02829498897,0.03650449021,-0.21,-0.02828862906,0.03637707468,-0.2099860473,0.0001283348853
4.008,-0.02827734208,0.03644084891,-0.21,-0.02827096166,0.03631376776,-0.2099860837,0.0001279999703
4.009,-0.02825955107,0.03637668789,-0.21,-0.02825315079,0.0362499516,-0.2099861196,0.0001276546721
4.01,-0.02824161638,0.03631200871,-0.21,-0.02823519692,0.03618562768,-0.209986155,0.0001272990864
4.011,-0.02822353846,0.03624681298,-0.21,-0.02821710051,0.03612079755,-0.2099861898,0.0001269332712
4.012,-0.02820531777,0.03618110236,-0.21,-0.028198862,0.03605546285,-0.2099862241,0.0001265572555
4.013,-0.02818695478,0.03611487855,-0.21,-0.02818048181,0.03598962525,-0.2099862579,0.0001261710562
4.014,-0.02816844997,0.0360481433,-0.21,-0.02816196041,0.03592328647,-0.2099862911,0.0001257746991
4.015,-0.02814980384,0.03598089839,-0.21,-0.02814329825,0.03585644826,-0.2099863239,0.0001253682334
4.016,-0.0281310169,0.03591314566,-0.21,-0.02812449586,0.03578911237,-0.2099863561,0.0001249517378
4.017,-0.02811208966,0.03584488697,-0.21,-0.02810555377,0.03572128057,-0.2099863877,0.0001245253148
4.018,-0.02809302266,0.03577612424,-0.21,-0.02808647256,0.03565295464,-0.2099864189,0.0001240890784
4.019,-0.02807381643,0.03570685943,-0.21,-0.02806725281,0.03558413646,-0.2099864495,0.0001236431376
4.02,-0.02805447154,0.03563709453,-0.21,-0.02804789511,0.0355148279,-0.2099864795,0.0001231875842
4.021,-0.02803498855,0.03556683158,-0.21,-0.02802840003,0.03544503096,-0.2099865089,0.0001227224874
4.022,-0.02801536804,0.03549607267,-0.21,-0.02800876813,0.03537474766,-0.2099865378,0.0001222478968
4.023,-0.02799561058,0.03542481992,-0.21,-0.027989,0.03530398007,-0.2099865662,0.000121763852
4.024,-0.02797571679,0.03535307548,-0.21,-0.02796909621,0.03523273033,-0.2099865939,0.0001212703948
4.025,-0.02795568728,0.03528084156,-0.21,-0.02794905735,0.03516100058,-0.2099866211,0.0001207675794
4.026,-0.02793552265,0.03520812039,-0.21,-0.02792888406,0.03508879299,-0.2099866478,0.0001202554775
4.027,-0.02791522355,0.03513491426,-0.21,-0.02790857697,0.03501610976,-0.2099866739,0.0001197341766
4.028,-0.02789479062,0.03506122548,-0.21,-0.02788813676,0.03494295309,-0.2099866994,0.000119203773
4.029,-0.02787422452,0.03498705642,-0.21,-0.0278675641,0.03486932527,-0.2099867243,0.0001186643624
4.03,-0.0278535259,0.03491240947,-0.21,-0.02784685969,0.03479522859,-0.2099867486,0.0001181160318
4.031,-0.02783269544,0.03483728706,-0.21,-0.0278260242,0.03472066542,-0.2099867723,0.0001175588546
4.032,-0.02781173383,0.03476169166,-0.21,-0.02780505834,0.03464563817,-0.2099867954,0.0001169928919
4.033,-0.02779064176,0.03468562578,-0.21,-0.02778396278,0.03457014929,-0.2099868179,0.000116418197
4.034,-0.02776941994,0.03460909198,-0.21,-0.02776273822,0.03449420129,-0.2099868398,0.0001158348231
4.035,-0.02774806909,0.03453209282,-0.21,-0.02774138537,0.03441779669,-0.2099868611,0.0001152428295
4.036,-0.02772658993,0.03445463094,-0.21,-0.02771990497,0.03434093803,-0.2099868818,0.0001146422857
4.037,-0.02770498319,0.03437670898,-0.21,-0.02769829775,0.03426362791,-0.2099869018,0.0001140332712
4.038,-0.02768324963,0.03429832964,-0.21,-0.02767656448,0.03418586891,-0.2099869213,0.0001134158718
4.039,-0.02766139,0.03421949565,-0.21,-0.02765470593,0.0341076637,-0.2099869401,0.0001127901746
4.04,-0.02763940506,0.03414020976,-0.21,-0.02763272289,0.03402901494,-0.2099869582,0.0001121562621
4.041,-0.0276172956,0.03406047478,-0.21,-0.02761061614,0.03394992536,-0.2099869758,0.0001115142093
4.042,-0.0275950624,0.03398029353,-0.21,-0.02758838647,0.03387039774,-0.2099869926,0.0001108640834
4.043,-0.02757270624,0.03389966889,-0.21,-0.02756603468,0.03379043486,-0.2099870089,0.0001102059464
4.044,-0.02755022794,0.03381860374,-0.21,-0.02754356157,0.03371003959,-0.2099870244,0.0001095398592
4.045,-0.02752762831,0.03373710103,-0.21,-0.02752096795,0.03362921478,-0.2099870394,0.0001088658857
4.046,-0.02750490817,0.03365516373,-0.21,-0.02749825464,0.03354796335,-0.2099870536,0.0001081840956
4.047,-0.02748206836,0.03357279482,-0.21,-0.02747542249,0.03346628822,-0.2099870672,0.0001074945647
4.048,-0.02745910971,0.03348999735,-0.21,-0.02745247234,0.03338419233,-0.2099870801,0.0001067973735
4.049,-0.02743603307,0.03340677438,-0.21,-0.02742940506,0.03330167869,-0.2099870924,0.0001060926036
4.05,-0.0274128393,0.033323129,-0.21,-0.02740622151,0.03321875031,-0.2099871039,0.0001053803348
4.051,-0.02738952928,0.03323906435,-0.21,-0.02738292259,0.03313541025,-0.2099871148,0.0001046606428
4.052,-0.02736610387,0.03315458358,-0.21,-0.02735950916,0.03305166159,-0.209987125,0.0001039335988
4.053,-0.02734256397,0.03306968989,-0.21,-0.02733598212,0.03296750748,-0.2099871344,0.0001031992705
4.054,-0.02731891046,0.0329843865,-0.21,-0.02731234235,0.03288295106,-0.2099871432,0.0001024577244
4.055,-0.02729514425,0.03289867666,-0.21,-0.02728859077,0.03279799554,-0.2099871513,0.0001017090286
4.056,-0.02727126624,0.03281256366,-0.21,-0.02726472828,0.03271264412,-0.2099871586,0.0001009532547
4.057,-0.02724727736,0.0327260508,-0.21,-0.02724075581,0.03262690005,-0.2099871653,0.0001001904778
4.058,-0.02722317854,0.03263914143,-0.21,-0.02721667429,0.0325407666,-0.2099871712,9.942077621e-05
4.059,-0.0271989707,0.03255183892,-0.21,-0.02719248467,0.03245424707,-0.2099871764,9.864422979e-05
4.06,-0.02717465479,0.03246414667,-0.21,-0.02716818791,0.03236734478,-0.2099871808,9.786091785e-05
4.061,-0.02715023176,0.03237606812,-0.21,-0.02714378495,0.03228006309,-0.2099871846,9.707091785e-05
4.062,-0.02712570258,0.03228760671,-0.21,-0.02711927677,0.03219240539,-0.2099871875,9.627430486e-05
4.063,-0.0271010682,0.03219876593,-0.21,-0.02709466433,0.0321043751,-0.2099871898,9.547115208e-05
4.064,-0.0270763296,0.0321095493,-0.21,-0.02706994863,0.03201597567,-0.2099871913,9.466153203e-05
4.065,-0.02705148776,0.03201996036,-0.21,-0.02704513064,0.03192721057,-0.209987192,9.384551803e-05
4.066,-0.02702654368,0.03193000267,-0.21,-0.02702021135,0.03183808331,-0.2099871919,9.302318534e-05
4.067,-0.02700149834,0.03183967983,-0.21,-0.02699519177,0.03174859741,-0.2099871911,9.219461168e-05
4.068,-0.02697635275,0.03174899546,-0.21,-0.02697007291,0.03165875643,-0.2099871896,9.135987693e-05
4.069,-0.02695110793,0.0316579532,-0.21,-0.02694485579,0.03156856392,-0.2099871872,9.051906232e-05
4.07,-0.02692576489,0.03156655673,-0.21,-0.02691954144,0.03147802351,-0.2099871841,8.967224656e-05
4.071,-0.02690032466,0.03147480975,-0.21,-0.02689413089,0.03138713882,-0.2099871801,8.881949924e-05
4.072,-0.02687478827,0.03138271598,-0.21,-0.02686862519,0.03129591354,-0.2099871754,8.796088018e-05
4.073,-0.02684915675,0.03129027916,-0.21,-0.02684302539,0.03120435137,-0.2099871699,8.709644521e-05
4.074,-0.02682343116,0.03119750308,-0.21,-0.02681733254,0.03111245603,-0.2099871636,8.622625346e-05
4.075,-0.02679761255,0.03110439152,-0.21,-0.02679154771,0.03102023126,-0.2099871565,8.535037326e-05
4.076,-0.02677170197,0.0310109483,-0.21,-0.02676567195,0.03092768083,-0.2099871485,8.446888482e-05
4.077,-0.0267457005,0.03091717728,-0.21,-0.02673970634,0.0308348085,-0.2099871398,8.358187899e-05
4.078,-0.0267196092,0.03082308231,-0.21,-0.02671365195,0.03074161805,-0.2099871302,8.268945317e-05
4.079,-0.02669342916,0.0307286673,-0.21,-0.02668750988,0.0306481133,-0.2099871198,8.17917059e-05
4.08,-0.02666716146,0.03063393614,-0.21,-0.02666128121,0.03055429808,-0.2099871086,8.088873264e-05
4.081,-0.02664080718,0.03053889279,-0.21,-0.02663496705,0.03046017624,-0.2099870966,7.998062295e-05
4.082,-0.02661436744,0.03044354119,-0.21,-0.02660856849,0.0303657517,-0.2099870837,7.906746084e-05
4.083,-0.02658784332,0.03034788532,-0.21,-0.02658208667,0.03027102836,-0.2099870699,7.814932833e-05
4.084,-0.02656123594,0.03025192918,-0.21,-0.0265555227,0.03017601016,-0.2099870553,7.722630965e-05
4.085,-0.02653454642,0.0301556768,-0.21,-0.02652887771,0.03008070107,-0.2099870398,7.629849472e-05
4.086,-0.02650777588,0.03005913222,-0.21,-0.02650215283,0.02998510505,-0.2099870235,7.536598076e-05
4.087,-0.02648092544,0.0299622995,-0.21,-0.02647534919,0.02988922609,-0.2099870062,7.442887159e-05
4.088,-0.02645399623,0.02986518273,-0.21,-0.02644846794,0.02979306818,-0.2099869881,7.34872752e-05
4.089,-0.0264269894,0.02976778599,-0.21,-0.02642151021,0.02969663536,-0.209986969,7.254130079e-05
4.09,-0.02639990608,0.02967011343,-0.21,-0.02639447715,0.02959993166,-0.2099869491,7.159105669e-05
4.091,-0.02637274743,0.02957216918,-0.21,-0.02636736992,0.02950296117,-0.2099869283,7.063664963e-05
4.092,-0.02634551459,0.0294739574,-0.21,-0.02634018967,0.02940572796,-0.2099869065,6.967818574e-05
4.093,-0.02631820873,0.02937548226,-0.21,-0.02631293756,0.02930823615,-0.2099868839,6.871577255e-05
4.094,-0.02629083101,0.02927674797,-0.21,-0.02628561477,0.02921048987,-0.2099868603,6.774952125e-05
4.095,-0.0262633826,0.02917775875,-0.21,-0.02625822247,0.02911249325,-0.2099868358,6.677954823e-05
4.096,-0.02623586467,0.02907851881,-0.21,-0.02623076184,0.02901425046,-0.2099868103,6.580597563e-05
4.097,-0.0262082784,0.02897903242,-0.21,-0.02620323407,0.02891576567,-0.209986784,6.482893083e-05
4.098,-0.02618062497,0.02887930384,-0.21,-0.02617564033,0.02881704307,-0.2099867566,6.384854534e-05
4.099,-0.02615290558,0.02877933735,-0.21,-0.02614798182,0.02871808685,-0.2099867284,6.286495366e-05
4.1,-0.02612512141,0.02867913725,-0.21,-0.02612025973,0.02861890125,-0.2099866992,6.187829273e-05
4.101,-0.02609727366,0.02857870786,-0.21,-0.02609247527,0.02851949051,-0.209986669,6.088870216e-05
4.102,-0.02606936353,0.02847805351,-0.21,-0.02606462964,0.02841985889,-0.2099866379,5.989632521e-05
4.103,-0.02604139223,0.02837717855,-0.21,-0.02603672404,0.02832001065,-0.2099866058,5.890131017e-05
4.104,-0.02601336096,0.02827608734,-0.21,-0.0260087597,0.0282199501,-0.2099865728,5.790381175e-05
4.105,-0.02598527095,0.02817478426,-0.21,-0.02598073782,0.02811968152,-0.2099865388,5.690399213e-05
4.106,-0.0259571234,0.02807327369,-0.21,-0.02595265963,0.02801920924,-0.2099865038,5.590202156e-05
4.107,-0.02592891954,0.02797156005,-0.21,-0.02592452634,0.02791853759,-0.2099864679,5.489807851e-05
4.108,-0.0259006606,0.02786964775,-0.21,-0.0258963392,0.0278176709,-0.209986431,5.389234961e-05
4.109,-0.0258723478,0.02776754122,-0.21,-0.02586809942,0.02771661353,-0.2099863931,5.288502991e-05
4.11,-0.02584398238,0.02766524492,-0.21,-0.02583980824,0.02761536986,-0.2099863542,5.187632326e-05
4.111,-0.02581556558,0.0275627633,-0.21,-0.02581146691,0.02751394425,-0.2099863144,5.08664434e-05
4.112,-0.02578709862,0.02746010082,-0.21,-0.02578307665,0.02741234112,-0.2099862735,4.985561529e-05
4.113,-0.02575858276,0.02735726199,-0.21,-0.02575463872,0.02731056487,-0.2099862317,4.884407682e-05
4.114,-0.02573001925,0.02725425128,-0.21,-0.02572615436,0.02720861991,-0.2099861888,4.783208053e-05
4.115,-0.02570140933,0.02715107322,-0.21,-0.02569762483,0.02710651069,-0.209986145,4.68198954e-05
4.116,-0.02567275425,0.02704773231,-0.21,-0.02566905137,0.02700424163,-0.2099861002,4.580780848e-05
4.117,-0.02564405527,0.02694423309,-0.21,-0.02564043524,0.0269018172,-0.2099860544,4.47961266e-05
4.118,-0.02561531366,0.02684058009,-0.21,-0.0256117777,0.02679924186,-0.2099860075,4.378517815e-05
4.119,-0.02558653067,0.02673677788,-0.21,-0.02558308002,0.02669652007,-0.2099859597,4.277531681e-05
4.12,-0.02555770757,0.026632831,-0.21,-0.02555434345,0.02659365633,-0.2099859109,4.176691875e-05
4.121,-0.02552884562,0.02652874403,-0.21,-0.02552556926,0.02649065513,-0.209985861,4.076039157e-05
4.122,-0.02549994609,0.02642452155,-0.21,-0.02549675872,0.02638752096,-0.2099858102,3.975617707e-05
4.123,-0.02547101027,0.02632016815,-0.21,-0.02546791311,0.02628425835,-0.2099857584,3.875475448e-05
4.124,-0.02544203941,0.02621568843,-0.21,-0.02543903369,0.02618087181,-0.2099857055,3.775664488e-05
4.125,-0.02541303481,0.02611108699,-0.21,-0.02541012174,0.02607736587,-0.2099856516,3.676241658e-05
4.126,-0.02538399773,0.02600636845,-0.21,-0.02538117853,0.02597374508,-0.2099855968,3.577269142e-05
4.127,-0.02535492947,0.02590153743,-0.21,-0.02535220536,0.02587001396,-0.2099855409,3.478815152e-05
4.128,-0.0253258313,0.02579659856,-0.21,-0.02532320349,0.02576617708,-0.209985484,3.380954683e-05
4.129,-0.02529670451,0.02569155648,-0.21,-0.02529417422,0.025662239,-0.2099854261,3.283770369e-05
4.13,-0.02526755039,0.02558641582,-0.21,-0.02526511882,0.02555820428,-0.2099853672,3.187353482e-05
4.131,-0.02523837022,0.02548118125,-0.21,-0.02523603858,0.02545407749,-0.2099853073,3.091805058e-05
4.132,-0.02520916531,0.02537585742,-0.21,-0.02520693479,0.02534986322,-0.2099852464,2.99723722e-05
4.133,-0.02517993694,0.02527044899,-0.21,-0.02517780874,0.02524556605,-0.2099851845,2.903774633e-05
4.134,-0.0251506864,0.02516496064,-0.21,-0.02514866172,0.02514119056,-0.2099851215,2.811556168e-05
4.135,-0.025121415,0.02505939703,-0.21,-0.02511949502,0.02503674137,-0.2099850576,2.720736724e-05
4.136,-0.02509212403,0.02495376284,-0.21,-0.02509030993,0.02493222306,-0.2099849927,2.631489244e-05
4.137,-0.02506281478,0.02484806276,-0.21,-0.02506110775,0.02482764024,-0.2099849267,2.544006897e-05
4.138,-0.02503348857,0.02474230147,-0.21,-0.02503188977,0.02472299753,-0.2099848598,2.458505419e-05
4.139,-0.02500414668,0.02463648368,-0.21,-0.02500265729,0.02461829953,-0.2099847918,2.375225538e-05
4.14,-0.02497479043,0.02453061407,-0.21,-0.0249734116,0.02451355086,-0.2099847229,2.29443541e-05
4.141,-0.02494542111,0.02442469734,-0.21,-0.024944154,0.02440875615,-0.209984653,2.216432902e-05
4.142,-0.02491604004,0.0243187382,-0.21,-0.02491488578,0.02430392003,-0.2099845821,2.14154751e-05
4.143,-0.0248866485,0.02421274135,-0.21,-0.02488560826,0.0241990471,-0.2099845102,2.070141588e-05
4.144,-0.02485724782,0.0241067115,-0.21,-0.02485632271,0.02409414202,-0.2099844373,2.002610497e-05
4.145,-0.02482783929,0.02400065337,-0.21,-0.02482703045,0.02398920941,-0.2099843635,1.939381144e-05
4.146,-0.02479842423,0.02389457165,-0.21,-0.02479773278,0.02388425389,-0.2099842886,1.880908314e-05
4.147,-0.02476900393,0.02378847107,-0.21,-0.02476843098,0.02377928012,-0.2099842128,1.827668183e-05
4.148,-0.02473957971,0.02368235634,-0.21,-0.02473912636,0.02367429272,-0.209984136,1.780148423e-05
4.149,-0.02471015287,0.02357623218,-0.21,-0.02470982023,0.02356929633,-0.2099840583,1.738834591e-05
4.15,-0.02468072473,0.0234701033,-0.21,-0.02468051387,0.02346429559,-0.2099839796,1.704192835e-05
4.151,-0.02465129658,0.02336397442,-0.21,-0.02465120859,0.02335929514,-0.2099838999,1.676649634e-05
4.152,-0.02462186975,0.02325785026,-0.21,-0.02462190569,0.02325429962,-0.2099838193,1.656569965e-05
4.153,-0.02459244553,0.02315173553,-0.21,-0.02459260647,0.02314931365,-0.2099837378,1.64423606e-05
4.154,-0.02456302523,0.02304563495,-0.21,-0.02456331221,0.0230443419,-0.2099836553,1.639829322e-05
4.155,-0.02453361017,0.02293955323,-0.21,-0.02453402423,0.02293938897,-0.2099835719,1.643417937e-05
4.156,-0.02450420164,0.0228334951,-0.21,-0.02450474381,0.02283445953,-0.2099834875,1.654952106e-05
4.157,-0.02447480095,0.02272746525,-0.21,-0.02447547226,0.02272955819,-0.2099834022,1.674267665e-05
4.158,-0.02444540942,0.0226214684,-0.21,-0.02444621087,0.02262468958,-0.209983316,1.701097484e-05
4.159,-0.02441602834,0.02251550926,-0.21,-0.02441696093,0.02251985835,-0.2099832289,1.735088901e-05
4.16,-0.02438665903,0.02240959253,-0.21,-0.02438772374,0.02241506911,-0.2099831409,1.775824667e-05
4.161,-0.02435730277,0.02230372292,-0.21,-0.02435850058,0.02231032649,-0.209983052,1.822844808e-05
4.162,-0.02432796089,0.02219790513,-0.21,-0.02432929276,0.0222056351,-0.2099829622,1.875667189e-05
4.163,-0.02429863467,0.02209214384,-0.21,-0.02430010155,0.02210099958,-0.2099828715,1.933805252e-05
4.164,-0.02426932543,0.02198644376,-0.21,-0.02427092825,0.02199642453,-0.20998278,1.996782131e-05
4.165,-0.02424003446,0.02188080958,-0.21,-0.02424177415,0.02189191456,-0.2099826876,2.064141037e-05
4.166,-0.02421076306,0.02177524596,-0.21,-0.02421264053,0.02178747427,-0.2099825943,2.135452178e-05
4.167,-0.02418151252,0.02166975761,-0.21,-0.02418352868,0.02168310827,-0.2099825001,2.210316776e-05
4.168,-0.02415228415,0.02156434918,-0.21,-0.02415443987,0.02157882116,-0.2099824052,2.288368803e-05
4.169,-0.02412307923,0.02145902535,-0.21,-0.0241253754,0.02147461751,-0.2099823094,2.369275043e-05
4.17,-0.02409389907,0.02135379078,-0.21,-0.02409633653,0.02137050193,-0.2099822127,2.452734001e-05
4.171,-0.02406474495,0.02124865013,-0.21,-0.02406732455,0.02126647897,-0.2099821153,2.538474075e-05
4.172,-0.02403561816,0.02114360804,-0.21,-0.02403834072,0.02116255323,-0.209982017,2.62625133e-05
4.173,-0.02400651999,0.02103866917,-0.21,-0.02400938633,0.02105872926,-0.209981918,2.715847077e-05
4.174,-0.02397745172,0.02093383815,-0.21,-0.02398046264,0.02095501163,-0.2099818181,2.807065449e-05
4.175,-0.02394841465,0.02082911961,-0.21,-0.02395157093,0.02085140488,-0.2099817175,2.89973104e-05
4.176,-0.02391941004,0.02072451817,-0.21,-0.02392271245,0.02074791355,-0.2099816161,2.993686699e-05
4.177,-0.02389043919,0.02062003845,-0.21,-0.02389388848,0.0206445422,-0.209981514,3.088791499e-05
4.178,-0.02386150336,0.02051568505,-0.21,-0.02386510027,0.02054129533,-0.2099814111,3.184918885e-05
4.179,-0.02383260384,0.02041146257,-0.21,-0.02383634908,0.02043817748,-0.2099813075,3.281955021e-05
4.18,-0.02380374189,0.0203073756,-0.21,-0.02380763617,0.02033519315,-0.2099812032,3.379797312e-05
4.181,-0.02377491879,0.02020342873,-0.21,-0.02377896279,0.02023234685,-0.2099810981,3.478353093e-05
4.182,-0.0237461358,0.02009962651,-0.21,-0.02375033019,0.02012964307,-0.2099809923,3.577538473e-05
4.183,-0.02371739418,0.01999597351,-0.21,-0.02372173962,0.02002708629,-0.2099808859,3.677277319e-05
4.184,-0.02368869521,0.01989247429,-0.21,-0.02369319232,0.01992468098,-0.2099807788,3.777500362e-05
4.185,-0.02366004013,0.01978913338,-0.21,-0.02366468954,0.01982243161,-0.209980671,3.878144406e-05
4.186,-0.02363143021,0.01968595532,-0.21,-0.02363623251,0.01972034262,-0.2099805625,3.979151645e-05
4.187,-0.02360286669,0.01958294461,-0.21,-0.02360782247,0.01961841846,-0.2099804534,4.080469057e-05
4.188,-0.02357435084,0.01948010578,-0.21,-0.02357946065,0.01951666357,-0.2099803437,4.182047874e-05
4.189,-0.02354588388,0.0193774433,-0.21,-0.02355114827,0.01941508234,-0.2099802334,4.283843113e-05
4.19,-0.02351746707,0.01927496168,-0.21,-0.02352288657,0.0193136792,-0.2099801224,4.385813175e-05
4.191,-0.02348910165,0.01917266538,-0.21,-0.02349467676,0.01921245854,-0.2099800109,4.487919477e-05
4.192,-0.02346078885,0.01907055885,-0.21,-0.02346652005,0.01911142473,-0.2099798988,4.590126136e-05
4.193,-0.02343252991,0.01896864655,-0.21,-0.02343841767,0.01901058214,-0.2099797861,4.692399691e-05
4.194,-0.02340432606,0.01886693291,-0.21,-0.02341037083,0.01890993514,-0.2099796729,4.794708854e-05
4.195,-0.02337617851,0.01876542234,-0.21,-0.02338238072,0.01880948806,-0.2099795591,4.89702429e-05
4.196,-0.02334808849,0.01866411926,-0.21,-0.02335444855,0.01870924523,-0.2099794448,4.999318427e-05
4.197,-0.02332005723,0.01856302805,-0.21,-0.02332657552,0.01860921096,-0.20997933,5.101565279e-05
4.198,-0.02329208593,0.01846215309,-0.21,-0.02329876282,0.01850938955,-0.2099792148,5.203740299e-05
4.199,-0.0232641758,0.01836149874,-0.21,-0.02327101164,0.0184097853,-0.209979099,5.305820239e-05
4.2,-0.02323632805,0.01826106935,-0.21,-0.02324332316,0.01831040246,-0.2099789828,5.407783028e-05
4.201,-0.02320854388,0.01816086925,-0.21,-0.02321569857,0.01821124529,-0.2099788661,5.509607667e-05
4.202,-0.02318082449,0.01806090277,-0.21,-0.02318813904,0.01811231804,-0.209978749,5.61127413e-05
4.203,-0.02315317106,0.01796117418,-0.21,-0.02316064574,0.01801362492,-0.2099786314,5.712763278e-05
4.204,-0.02312558479,0.01786168779,-0.21,-0.02313321984,0.01791517013,-0.2099785135,5.814056781e-05
4.205,-0.02309806686,0.01776244785,-0.21,-0.0231058625,0.01781695788,-0.2099783951,5.915137048e-05
4.206,-0.02307061845,0.01766345863,-0.21,-0.02307857487,0.01771899233,-0.2099782764,6.015987166e-05
4.207,-0.02304324073,0.01756472434,-0.21,-0.02305135811,0.01762127764,-0.2099781574,6.11659084e-05
4.208,-0.02301593487,0.0174662492,-0.21,-0.02302421337,0.01752381794,-0.209978038,6.216932344e-05
4.209,-0.02298870203,0.01736803742,-0.21,-0.02299714179,0.01742661736,-0.2099779182,6.316996474e-05
4.21,-0.02296154338,0.01727009317,-0.21,-0.0229701445,0.01732968,-0.2099777982,6.416768505e-05
4.211,-0.02293446006,0.01717242061,-0.21,-0.02294322263,0.01723300995,-0.2099776778,6.51623416e-05
4.212,-0.02290745322,0.01707502387,-0.21,-0.02291637731,0.01713661126,-0.2099775572,6.615379569e-05
4.213,-0.02288052402,0.0169779071,-0.21,-0.02288960967,0.01704048798,-0.2099774363,6.714191238e-05
4.214,-0.02285367358,0.01688107438,-0.21,-0.02286292081,0.01694464414,-0.2099773152,6.812656026e-05
4.215,-0.02282690303,0.0167845298,-0.21,-0.02283631185,0.01684908375,-0.2099771938,6.910761111e-05
4.216,-0.02280021351,0.01668827742,-0.21,-0.02280978389,0.01675381079,-0.2099770722,7.008493998e-05
4.217,-0.02277360614,0.01659232128,-0.21,-0.02278333802,0.01665882923,-0.2099769504,7.105842874e-05
4.218,-0.02274708202,0.01649666542,-0.21,-0.02275697535,0.01656414304,-0.2099768285,7.202796915e-05
4.219,-0.02272064227,0.01640131381,-0.21,-0.02273069696,0.01646975616,-0.2099767063,7.299346161e-05
4.22,-0.022694288,0.01630627046,-0.21,-0.02270450394,0.0163756725,-0.2099765841,7.395481043e-05
4.221,-0.0226680203,0.0162115393,-0.21,-0.02267839737,0.01628189597,-0.2099764617,7.491191825e-05
4.222,-0.02264184025,0.01611712429,-0.21,-0.02265237831,0.01618843044,-0.2099763392,7.58646821e-05
4.223,-0.02261574895,0.01602302932,-0.21,-0.02262644783,0.01609527974,-0.2099762167,7.681299259e-05
4.224,-0.02258974748,0.0159292583,-0.21,-0.02260060698,0.01600244768,-0.209976094,7.775673603e-05
4.225,-0.02256383691,0.01583581509,-0.21,-0.02257485681,0.01590993805,-0.2099759713,7.869579834e-05
4.226,-0.02253801829,0.01574270352,-0.21,-0.02254919837,0.0158177546,-0.2099758486,7.963006898e-05
4.227,-0.0225122927,0.01564992744,-0.21,-0.02252363268,0.01572590109,-0.2099757259,8.055944324e-05
4.228,-0.02248666119,0.01555749062,-0.21,-0.02249816078,0.01563438123,-0.2099756031,8.148382247e-05
4.229,-0.0224611248,0.01546539685,-0.21,-0.02247278369,0.01554319873,-0.2099754804,8.24031123e-05
4.23,-0.02243568456,0.01537364987,-0.21,-0.02244750243,0.01545235727,-0.2099753577,8.331721986e-05
4.231,-0.02241034152,0.0152822534,-0.21,-0.022422318,0.0153618605,-0.2099752351,8.422605121e-05
4.232,-0.0223850967,0.01519121114,-0.21,-0.02239723141,0.01527171205,-0.2099751125,8.512950986e-05
4.233,-0.02235995112,0.01510052677,-0.21,-0.02237224364,0.01518191551,-0.2099749901,8.602749709e-05
4.234,-0.02233490578,0.01501020393,-0.21,-0.02234735568,0.01509247445,-0.2099748677,8.691991273e-05
4.235,-0.02230996169,0.01492024624,-0.21,-0.02232256848,0.01500339242,-0.2099747455,8.780665694e-05
4.236,-0.02228511986,0.0148306573,-0.21,-0.02229788302,0.01491467293,-0.2099746234,8.868763251e-05
4.237,-0.02226038126,0.01474144067,-0.21,-0.02227330023,0.01482631948,-0.2099745015,8.956274581e-05
4.238,-0.02223574688,0.01465259989,-0.21,-0.02224882108,0.01473833554,-0.2099743798,9.043190642e-05
4.239,-0.02221121769,0.01456413848,-0.21,-0.0222244465,0.01465072456,-0.2099742584,9.129502574e-05
4.24,-0.02218679467,0.01447605993,-0.21,-0.02220017745,0.01456348993,-0.2099741371,9.215201522e-05
4.241,-0.02216247876,0.01438836768,-0.21,-0.02217601487,0.01447663506,-0.2099740161,9.300278521e-05
4.242,-0.02213827092,0.01430106517,-0.21,-0.02215195969,0.01439016328,-0.2099738954,9.384724458e-05
4.243,-0.02211417209,0.0142141558,-0.21,-0.02212801282,0.01430407791,-0.2099737749,9.468530126e-05
4.244,-0.02209018321,0.01412764294,-0.21,-0.02210417519,0.01421838227,-0.2099736548,9.551686344e-05
4.245,-0.02206630521,0.01404152994,-0.21,-0.02208044768,0.0141330796,-0.2099735349,9.634184059e-05
4.246,-0.022042539,0.0139558201,-0.21,-0.0220568312,0.01404817314,-0.2099734154,9.716014418e-05
4.247,-0.02201888549,0.01387051671,-0.21,-0.02203332662,0.01396366612,-0.2099732962,9.797168754e-05
4.248,-0.02199534558,0.01378562302,-0.21,-0.02200993483,0.0138795617,-0.2099731774,9.877638529e-05
4.249,-0.02197192018,0.01370114225,-0.21,-0.02198665669,0.01379586304,-0.209973059,9.957415246e-05
4.25,-0.02194861015,0.0136170776,-0.21,-0.02196349306,0.01371257325,-0.2099729409,0.0001003649036
4.251,-0.02192541639,0.01353343222,-0.21,-0.02194044481,0.01362969542,-0.2099728233,0.0001011485527
4.252,-0.02190233975,0.01345020925,-0.21,-0.02191751278,0.0135472326,-0.2099727061,0.0001019250131
4.253,-0.0218793811,0.01336741178,-0.21,-0.02189469781,0.01346518781,-0.2099725893,0.000102694198
4.254,-0.02185654129,0.01328504287,-0.21,-0.02187200072,0.01338356404,-0.209972473,0.0001034560218
4.255,-0.02183382115,0.01320310557,-0.21,-0.02184942234,0.01330236425,-0.2099723572,0.0001042104009
4.256,-0.02181122152,0.01312160286,-0.21,-0.02182696347,0.01322159136,-0.2099722418,0.0001049572535
4.257,-0.02178874322,0.01304053771,-0.21,-0.02180462493,0.01314124827,-0.209972127,0.0001056964997
4.258,-0.02176638706,0.01295991307,-0.21,-0.02178240749,0.01306133785,-0.2099720126,0.0001064280597
4.259,-0.02174415386,0.01287973182,-0.21,-0.02176031196,0.01298186291,-0.2099718988,0.0001071518537
4.26,-0.02172204439,0.01279999684,-0.21,-0.0217383391,0.01290282626,-0.2099717855,0.0001078678004
4.261,-0.02170005946,0.01272071095,-0.21,-0.02171648969,0.01282423064,-0.2099716728,0.0001085758178
4.262,-0.02167819983,0.01264187696,-0.21,-0.02169476447,0.01274607879,-0.2099715606,0.0001092758234
4.263,-0.02165646627,0.01256349762,-0.21,-0.0216731642,0.01266837338,-0.209971449,0.0001099677352
4.264,-0.02163485953,0.01248557566,-0.21,-0.0216516896,0.01259111708,-0.2099713381,0.0001106514716
4.265,-0.02161338037,0.01240811378,-0.21,-0.0216303414,0.01251431249,-0.2099712277,0.0001113269527
4.266,-0.02159202951,0.01233111462,-0.21,-0.02160912033,0.01243796221,-0.2099711179,0.0001119940992
4.267,-0.0215708077,0.01225458082,-0.21,-0.02158802707,0.01236206878,-0.2099710088,0.0001126528324
4.268,-0.02154971563,0.01217851494,-0.21,-0.02156706234,0.01228663471,-0.2099709003,0.000113303074
4.269,-0.02152875402,0.01210291955,-0.21,-0.02154622682,0.01221166248,-0.2099707925,0.0001139447451
4.27,-0.02150792356,0.01202779713,-0.21,-0.02152552118,0.01213715452,-0.2099706853,0.0001145777664
4.271,-0.02148722494,0.01195315018,-0.21,-0.02150494608,0.01206311323,-0.2099705789,0.0001152020587
4.272,-0.02146665883,0.01187898112,-0.21,-0.02148450219,0.01198954097,-0.2099704731,0.0001158175423
4.273,-0.0214462259,0.01180529234,-0.21,-0.02146419015,0.01191644006,-0.2099703681,0.0001164241383
4.274,-0.02142592681,0.01173208621,-0.21,-0.02144401058,0.01184381279,-0.2099702638,0.0001170217682
4.275,-0.02140576218,0.01165936505,-0.21,-0.02142396411,0.0117716614,-0.2099701602,0.0001176103543
4.276,-0.02138573266,0.01158713112,-0.21,-0.02140405136,0.0116999881,-0.2099700574,0.0001181898193
4.277,-0.02136583887,0.01151538668,-0.21,-0.02138427292,0.01162879506,-0.2099699553,0.0001187600861
4.278,-0.02134608142,0.01144413393,-0.21,-0.02136462938,0.01155808442,-0.2099698541,0.0001193210776
4.279,-0.0213264609,0.01137337502,-0.21,-0.02134512132,0.01148785825,-0.2099697536,0.0001198727168
4.28,-0.02130697791,0.01130311207,-0.21,-0.02132574932,0.01141811861,-0.2099696539,0.000120414927
4.281,-0.02128763302,0.01123334717,-0.21,-0.02130651391,0.01134886751,-0.2099695551,0.000120947633
4.282,-0.0212684268,0.01116408236,-0.21,-0.02128741566,0.01128010691,-0.209969457,0.0001214707616
4.283,-0.0212493598,0.01109531963,-0.21,-0.02126845509,0.01121183875,-0.2099693598,0.0001219842411
4.284,-0.02123043256,0.01102706094,-0.21,-0.02124963272,0.01114406493,-0.2099692635,0.0001224879994
4.285,-0.02121164562,0.01095930821,-0.21,-0.02123094906,0.01107678727,-0.209969168,0.0001229819637
4.286,-0.02119299949,0.0108920633,-0.21,-0.02121240462,0.01101000759,-0.2099690734,0.0001234660595
4.287,-0.02117449468,0.01082532805,-0.21,-0.02119399986,0.01094372765,-0.2099689797,0.0001239402107
4.288,-0.02115613169,0.01075910424,-0.21,-0.02117573528,0.01087794916,-0.2099688869,0.0001244043404
4.289,-0.021137911,0.01069339362,-0.21,-0.02115761134,0.01081267379,-0.209968795,0.0001248583718
4.29,-0.02111983308,0.01062819789,-0.21,-0.02113962848,0.01074790317,-0.209968704,0.0001253022286
4.291,-0.02110189839,0.01056351871,-0.21,-0.02112178715,0.01068363889,-0.209968614,0.0001257358359
4.292,-0.02108410738,0.01049935769,-0.21,-0.02110408777,0.01061988248,-0.2099685249,0.0001261591198
4.293,-0.02106646049,0.01043571639,-0.21,-0.02108653076,0.01055663545,-0.2099684368,0.000126572007
4.294,-0.02104895813,0.01037259635,-0.21,-0.02106911652,0.01049389926,-0.2099683496,0.0001269744243
4.295,-0.02103160072,0.01030999904,-0.21,-0.02105184543,0.01043167531,-0.2099682634,0.0001273662978
4.296,-0.02101438865,0.01024792589,-0.21,-0.02103471789,0.01036996496,-0.2099681782,0.0001277475531
4.297,-0.02099732231,0.0101863783,-0.21,-0.02101773424,0.01030876953,-0.209968094,0.0001281181149
4.298,-0.02098040207,0.01012535761,-0.21,-0.02100089484,0.01024809029,-0.2099680108,0.0001284779078
4.299,-0.0209636283,0.0100648651,-0.21,-0.02098420003,0.01018792847,-0.2099679287,0.0001288268565
4.3,-0.02094700133,0.01000490204,-0.21,-0.02096765015,0.01012828524,-0.2099678476,0.0001291648864
4.301,-0.0209305215,0.009945469621,-0.21,-0.02095124549,0.01006916174,-0.2099677675,0.0001294919235
4.302,-0.02091418913,0.009886569003,-0.21,-0.02093498637,0.01001055905,-0.2099676885,0.0001298078943
4.303,-0.02089800453,0.009828201293,-0.21,-0.02091887306,0.009952478201,-0.2099676106,0.0001301127256
4.304,-0.02088196799,0.009770367551,-0.21,-0.02090290586,0.009894920191,-0.2099675337,0.0001304063443
4.305,-0.0208660798,0.00971306879,-0.21,-0.020887085,0.00983788596,-0.2099674579,0.000130688677
4.306,-0.02085034022,0.009656305973,-0.21,-0.02087141075,0.009781376401,-0.2099673833,0.0001309596499
4.307,-0.0208347495,0.009600080016,-0.21,-0.02085588333,0.009725392355,-0.2099673097,0.0001312191891
4.308,-0.02081930788,0.009544391783,-0.21,-0.02084050297,0.009669934618,-0.2099672373,0.0001314672206
4.309,-0.0208040156,0.009489242092,-0.21,-0.02082526987,0.009615003934,-0.209967166,0.0001317036706
4.31,-0.02078887286,0.00943463171,-0.21,-0.02081018423,0.009560600999,-0.2099670958,0.0001319284657
4.311,-0.02077387986,0.009380561353,-0.21,-0.02079524623,0.009506726459,-0.2099670268,0.000132141533
4.312,-0.02075903678,0.009327031688,-0.21,-0.02078045603,0.009453380909,-0.209966959,0.0001323427999
4.313,-0.02074434381,0.009274043331,-0.21,-0.02076581378,0.009400564894,-0.2099668923,0.0001325321938
4.314,-0.02072980109,0.009221596847,-0.21,-0.02075131962,0.00934827891,-0.2099668269,0.0001327096425
4.315,-0.02071540876,0.00916969275,-0.21,-0.02073697368,0.009296523397,-0.2099667626,0.0001328750733
4.316,-0.02070116696,0.009118331502,-0.21,-0.02072277607,0.009245298748,-0.2099666995,0.0001330284137
4.317,-0.0206870758,0.009067513513,-0.21,-0.02070872687,0.0091946053,-0.2099666376,0.0001331695911
4.318,-0.02067313538,0.009017239141,-0.21,-0.02069482617,0.009144443341,-0.209966577,0.000133298533
4.319,-0.02065934578,0.008967508692,-0.21,-0.02068107404,0.009094813105,-0.2099665175,0.0001334151671
4.32,-0.02064570707,0.008918322419,-0.21,-0.02066747053,0.009045714773,-0.2099664593,0.0001335194215
4.321,-0.02063221931,0.008869680521,-0.21,-0.02065401567,0.008997148474,-0.2099664024,0.0001336112244
4.322,-0.02061888254,0.008821583144,-0.21,-0.02064070949,0.008949114282,-0.2099663467,0.0001336905044
4.323,-0.02060569679,0.008774030381,-0.21,-0.02062755199,0.00890161222,-0.2099662923,0.0001337571904
4.324,-0.02059266206,0.00872702227,-0.21,-0.02061454318,0.008854642254,-0.2099662391,0.000133811211
4.325,-0.02057977834,0.008680558795,-0.21,-0.02060168301,0.008808204297,-0.2099661873,0.0001338524951
4.326,-0.02056704563,0.008634639885,-0.21,-0.02058897147,0.008762298207,-0.2099661367,0.0001338809718
4.327,-0.02055446389,0.008589265415,-0.21,-0.02057640849,0.008716923788,-0.2099660874,0.0001338965699
4.328,-0.02054203306,0.008544435202,-0.21,-0.020563994,0.008672080785,-0.2099660394,0.0001338992189
4.329,-0.02052975308,0.00850014901,-0.21,-0.02055172793,0.008627768892,-0.2099659927,0.000133888848
4.33,-0.02051762387,0.008456406547,-0.21,-0.02053961018,0.008583987744,-0.2099659474,0.0001338653871
4.331,-0.02050564533,0.008413207463,-0.21,-0.02052764063,0.008540736921,-0.2099659033,0.0001338287661
4.332,-0.02049381735,0.008370551352,-0.21,-0.02051581915,0.008498015947,-0.2099658606,0.0001337789154
4.333,-0.02048213981,0.008328437752,-0.21,-0.0205041456,0.008455824286,-0.2099658193,0.0001337157652
4.334,-0.02047061254,0.008286866143,-0.21,-0.02049261981,0.00841416135,-0.2099657793,0.0001336392462
4.335,-0.02045923541,0.008245835948,-0.21,-0.02048124162,0.008373026488,-0.2099657406,0.0001335492892
4.336,-0.02044800823,0.00820534653,-0.21,-0.02047001082,0.008332418995,-0.2099657033,0.0001334458251
4.337,-0.0204369308,0.008165397198,-0.21,-0.0204589272,0.008292338106,-0.2099656674,0.000133328785
4.338,-0.02042600293,0.008125987198,-0.21,-0.02044799056,0.008252782998,-0.2099656328,0.0001331981002
4.339,-0.02041522438,0.00808711572,-0.21,-0.02043720063,0.008213752788,-0.2099655996,0.0001330537026
4.34,-0.02040459491,0.008048781895,-0.21,-0.02042655717,0.008175246537,-0.2099655678,0.0001328955239
4.341,-0.02039411427,0.008010984792,-0.21,-0.0204160599,0.008137263242,-0.2099655374,0.0001327234964
4.342,-0.02038378218,0.007973723423,-0.21,-0.02040570853,0.008099801846,-0.2099655084,0.0001325375527
4.343,-0.02037359836,0.007936996739,-0.21,-0.02039550276,0.008062861226,-0.2099654808,0.0001323376254
4.344,-0.02036356248,0.00790080363,-0.21,-0.02038544226,0.008026440203,-0.2099654546,0.0001321236478
4.345,-0.02035367424,0.007865142926,-0.21,-0.02037552669,0.007990537535,-0.2099654298,0.0001318955529
4.346,-0.02034393328,0.007830013396,-0.21,-0.02036575569,0.00795515192,-0.2099654064,0.0001316532745
4.347,-0.02033433925,0.007795413748,-0.21,-0.0203561289,0.007920281995,-0.2099653844,0.0001313967464
4.348,-0.02032489178,0.007761342626,-0.21,-0.02034664592,0.007885926333,-0.2099653639,0.0001311259027
4.349,-0.02031559046,0.007727798616,-0.21,-0.02033730635,0.007852083448,-0.2099653448,0.0001308406782
4.35,-0.0203064349,0.007694780239,-0.21,-0.02032810975,0.00781875179,-0.2099653271,0.0001305410075
4.351,-0.02029742466,0.007662285953,-0.21,-0.02031905569,0.007785929748,-0.2099653109,0.0001302268262
4.352,-0.0202885593,0.007630314156,-0.21,-0.02031014372,0.007753615645,-0.209965296,0.0001298980698
4.353,-0.02027983836,0.007598863179,-0.21,-0.02030137334,0.007721807745,-0.2099652827,0.0001295546743
4.354,-0.02027126136,0.007567931293,-0.21,-0.02029274407,0.007690504244,-0.2099652708,0.0001291965761
4.355,-0.02026282779,0.007537516703,-0.21,-0.0202842554,0.007659703279,-0.2099652603,0.0001288237121
4.356,-0.02025453715,0.007507617551,-0.21,-0.0202759068,0.007629402918,-0.2099652513,0.0001284360195
4.357,-0.0202463889,0.007478231913,-0.21,-0.02026769771,0.007599601167,-0.2099652437,0.0001280334359
4.358,-0.02023838248,0.007449357802,-0.21,-0.02025962759,0.007570295968,-0.2099652376,0.0001276158994
4.359,-0.02023051734,0.007420993165,-0.21,-0.02025169583,0.007541485196,-0.209965233,0.0001271833487
4.36,-0.02022279289,0.007393135884,-0.21,-0.02024390185,0.007513166661,-0.2099652298,0.0001267357228
4.361,-0.0202152085,0.007365783775,-0.21,-0.02023624502,0.007485338109,-0.2099652281,0.0001262729614
4.362,-0.02020776358,0.007338934587,-0.21,-0.02022872471,0.007457997217,-0.2099652278,0.0001257950046
4.363,-0.02020045746,0.007312586004,-0.21,-0.02022134026,0.007431141597,-0.209965229,0.0001253017932
4.364,-0.0201932895,0.007286735644,-0.21,-0.020214091,0.007404768795,-0.2099652317,0.0001247932685
4.365,-0.020186259,0.007261381056,-0.21,-0.02020697623,0.00737887629,-0.2099652359,0.0001242693723
4.366,-0.02017936528,0.007236519723,-0.21,-0.02019999525,0.007353461491,-0.2099652415,0.0001237300472
4.367,-0.02017260762,0.007212149059,-0.21,-0.02019314733,0.007328521744,-0.2099652486,0.0001231752364
4.368,-0.02016598527,0.007188266413,-0.21,-0.02018643171,0.007304054322,-0.2099652572,0.0001226048839
4.369,-0.0201594975,0.007164869063,-0.21,-0.02017984763,0.007280056432,-0.2099652673,0.0001220189342
4.37,-0.02015314351,0.00714195422,-0.21,-0.02017339431,0.007256525214,-0.2099652788,0.0001214173329
4.371,-0.02014692253,0.007119519024,-0.21,-0.02016707094,0.007233457736,-0.2099652918,0.0001208000261
4.372,-0.02014083373,0.007097560549,-0.21,-0.02016087669,0.007210850998,-0.2099653063,0.0001201669611
4.373,-0.02013487629,0.007076075796,-0.21,-0.02015481073,0.007188701931,-0.2099653223,0.0001195180858
4.374,-0.02012904936,0.0070550617,-0.21,-0.02014887219,0.007167007396,-0.2099653397,0.0001188533492
4.375,-0.02012335206,0.007034515123,-0.21,-0.02014306019,0.007145764183,-0.2099653586,0.0001181727013
4.376,-0.02011778351,0.007014432857,-0.21,-0.02013737382,0.007124969011,-0.209965379,0.000117476093
4.377,-0.0201123428,0.006994811624,-0.21,-0.02013181218,0.007104618529,-0.2099654009,0.0001167634767
4.378,-0.020107029,0.006975648074,-0.21,-0.02012637431,0.007084709316,-0.2099654243,0.0001160348056
4.379,-0.02010184116,0.006956938788,-0.21,-0.02012105926,0.007065237876,-0.2099654491,0.0001152900344
4.38,-0.02009677832,0.006938680272,-0.21,-0.02011586604,0.007046200645,-0.2099654754,0.0001145291191
4.381,-0.02009183947,0.006920868963,-0.21,-0.02011079367,0.007027593985,-0.2099655032,0.0001137520171
4.382,-0.02008702363,0.006903501222,-0.21,-0.02010584111,0.007009414184,-0.2099655324,0.0001129586874
4.383,-0.02008232975,0.006886573342,-0.21,-0.02010100733,0.00699165746,-0.2099655632,0.0001121490905
4.384,-0.02007775679,0.006870081538,-0.21,-0.02009629127,0.006974319956,-0.2099655954,0.0001113231887
4.385,-0.02007330368,0.006854021957,-0.21,-0.02009169184,0.006957397743,-0.2099656291,0.0001104809463
4.386,-0.02006896933,0.006838390668,-0.21,-0.02008720795,0.006940886817,-0.2099656642,0.0001096223293
4.387,-0.02006475262,0.006823183669,-0.21,-0.02008283848,0.006924783099,-0.2099657008,0.0001087473061
4.388,-0.02006065244,0.006808396881,-0.21,-0.02007858228,0.006909082438,-0.2099657389,0.0001078558471
4.389,-0.02005666763,0.006794026154,-0.21,-0.02007443819,0.006893780606,-0.2099657784,0.0001069479254
4.39,-0.02005279701,0.006780067261,-0.21,-0.02007040504,0.006878873301,-0.2099658195,0.0001060235166
4.391,-0.0200490394,0.006766515899,-0.21,-0.0200664816,0.006864356146,-0.2099658619,0.0001050825992
4.392,-0.02004539357,0.006753367691,-0.21,-0.02006266667,0.006850224688,-0.2099659059,0.0001041251546
4.393,-0.0200418583,0.006740618184,-0.21,-0.02005895899,0.006836474395,-0.2099659513,0.0001031511675
4.394,-0.02003843233,0.00672826285,-0.21,-0.0200553573,0.006823100658,-0.2099659981,0.0001021606263
4.395,-0.02003511438,0.006716297081,-0.21,-0.02005186035,0.006810098788,-0.2099660464,0.0001011535247
4.396,-0.02003190315,0.006704716197,-0.21,-0.02004846685,0.006797464018,-0.2099660961,0.0001001298607
4.397,-0.02002879733,0.006693515437,-0.21,-0.02004517549,0.006785191504,-0.2099661472,9.908963668e-05
4.398,-0.02002579557,0.006682689965,-0.21,-0.02004198495,0.006773276324,-0.2099661997,9.803285924e-05
4.399,-0.0200228965,0.006672234866,-0.21,-0.02003889384,0.006761713481,-0.2099662537,9.695953864e-05
4.4,-0.02002009876,0.006662145148,-0.21,-0.0200359008,0.006750497901,-0.209966309,9.586968783e-05
4.401,-0.02001740092,0.006652415741,-0.21,-0.02003300438,0.006739624427,-0.2099663657,9.476332363e-05
4.402,-0.02001480157,0.006643041494,-0.21,-0.02003020316,0.006729087824,-0.2099664239,9.364046933e-05
4.403,-0.02001229924,0.00663401718,-0.21,-0.02002749566,0.006718882777,-0.2099664834,9.250115691e-05
4.404,-0.02000989248,0.006625337491,-0.21,-0.02002488041,0.006709003885,-0.2099665443,9.134542296e-05
4.405,-0.02000757978,0.00661699704,-0.21,-0.0200223559,0.006699445652,-0.2099666066,9.017330439e-05
4.406,-0.02000535963,0.00660899036,-0.21,-0.02001992061,0.006690202497,-0.2099666703,8.898484032e-05
4.407,-0.0200032305,0.006601311905,-0.21,-0.02001757299,0.006681268754,-0.2099667353,8.778007913e-05
4.408,-0.02000119082,0.006593956045,-0.21,-0.02001531145,0.006672638687,-0.2099668017,8.655908734e-05
4.409,-0.019999239,0.006586917074,-0.21,-0.02001313441,0.006664306491,-0.2099668695,8.532195648e-05
4.41,-0.01999737345,0.0065801892,-0.21,-0.02001104025,0.006656266292,-0.2099669386,8.406880523e-05
4.411,-0.01999559254,0.006573766555,-0.21,-0.02000902731,0.006648512146,-0.209967009,8.279977695e-05
4.412,-0.01999389461,0.006567643183,-0.21,-0.02000709393,0.006641038027,-0.2099670808,8.151503578e-05
4.413,-0.01999227799,0.006561813052,-0.21,-0.02000523842,0.006633837826,-0.2099671539,8.02147636e-05
4.414,-0.01999074098,0.006556270043,-0.21,-0.02000345907,0.006626905342,-0.2099672283,7.889915967e-05
4.415,-0.01998928188,0.006551007956,-0.21,-0.02000175416,0.006620234285,-0.2099673041,7.756844365e-05
4.416,-0.01998789892,0.00654602051,-0.21,-0.02000012192,0.006613818281,-0.2099673812,7.622286113e-05
4.417,-0.01998659036,0.006541301336,-0.21,-0.01999856061,0.006607650868,-0.2099674596,7.486269053e-05
4.418,-0.01998535439,0.006536843986,-0.21,-0.01999706841,0.00660172551,-0.2099675394,7.348824977e-05
4.419,-0.01998418922,0.006532641925,-0.21,-0.01999564351,0.006596035591,-0.2099676204,7.209990176e-05
4.42,-0.01998309299,0.006528688536,-0.21,-0.01999428407,0.006590574417,-0.2099677027,7.069805845e-05
4.421,-0.01998206386,0.006524977115,-0.21,-0.01999298823,0.006585335212,-0.2099677864,6.928318423e-05
4.422,-0.01998109995,0.006521500875,-0.21,-0.01999175409,0.006580311116,-0.2099678713,6.785579953e-05
4.423,-0.01998019934,0.006518252943,-0.21,-0.01999057973,0.006575495182,-0.2099679575,6.64164861e-05
4.424,-0.01997936011,0.006515226361,-0.21,-0.01998946323,0.006570880373,-0.2099680449,6.496589447e-05
4.425,-0.0199785803,0.006512414084,-0.21,-0.01998840262,0.006566459564,-0.2099681337,6.350475414e-05
4.426,-0.01997785794,0.006509808982,-0.21,-0.01998739593,0.006562225541,-0.2099682237,6.203388614e-05
4.427,-0.01997719103,0.006507403838,-0.21,-0.01998644114,0.006558171007,-0.2099683149,6.055421758e-05
4.428,-0.01997657753,0.006505191348,-0.21,-0.01998553623,0.006554288579,-0.2099684074,5.906679764e-05
4.429,-0.01997601541,0.006503164122,-0.21,-0.01998467915,0.00655057079,-0.2099685012,5.757281514e-05
4.43,-0.01997550258,0.006501314682,-0.21,-0.01998386781,0.006547010093,-0.2099685961,5.607361785e-05
4.431,-0.01997503696,0.00649963546,-0.21,-0.01998310012,0.006543598849,-0.2099686923,5.457073453e-05
4.432,-0.01997461641,0.006498118804,-0.21,-0.01998237395,0.006540329336,-0.2099687897,5.306590069e-05
4.433,-0.01997423879,0.006496756972,-0.21,-0.01998168714,0.006537193741,-0.2099688883,5.156108908e-05
4.434,-0.01997390193,0.006495542131,-0.21,-0.01998103752,0.006534184161,-0.2099689881,5.005854592e-05
4.435,-0.01997360363,0.006494466362,-0.21,-0.0199804229,0.006531292603,-0.2099690892,4.856083361e-05
4.436,-0.01997334168,0.006493521656,-0.21,-0.01997984104,0.006528510985,-0.2099691913,4.707088026e-05
4.437,-0.01997311382,0.006492699913,-0.21,-0.0199792897,0.006525831138,-0.2099692947,4.559203655e-05
4.438,-0.01997291779,0.006491992946,-0.21,-0.01997876661,0.006523244803,-0.2099693993,4.412814033e-05
4.439,-0.01997275129,0.006491392474,-0.21,-0.01997826947,0.006520743636,-0.209969505,4.268358897e-05
4.44,-0.01997261199,0.006490890128,-0.21,-0.01997779596,0.006518319203,-0.2099696118,4.126341965e-05
4.441,-0.01997249756,0.006490477447,-0.21,-0.01997734373,0.00651596298,-0.2099697198,3.987339669e-05
4.442,-0.01997240562,0.006490145881,-0.21,-0.0199769104,0.006513666354,-0.2099698289,3.852010384e-05
4.443,-0.01997233378,0.006489886784,-0.21,-0.01997649358,0.00651142062,-0.2099699392,3.721103742e-05
4.444,-0.01997227961,0.006489691423,-0.21,-0.01997609084,0.006509216981,-0.2099700506,3.595469302e-05
4.445,-0.01997224066,0.00648955097,-0.21,-0.01997569974,0.006507046549,-0.2099701631,3.476063431e-05
4.446,-0.01997221447,0.006489456505,-0.21,-0.0199753178,0.006504900345,-0.2099702767,3.363952801e-05
4.447,-0.01997219853,0.006489399016,-0.21,-0.01997494252,0.006502769299,-0.2099703914,3.260312296e-05
4.448,-0.01997219031,0.006489369397,-0.21,-0.01997457138,0.006500644249,-0.2099705072,3.166414713e-05
4.449,-0.01997218728,0.00648935845,-0.21,-0.01997420183,0.006498515941,-0.209970624,3.083609397e-05
4.45,-0.01997218684,0.006489356882,-0.21,-0.01997383129,0.006496375033,-0.209970742,3.0132873e-05
4.451,-0.01997218812,0.006489355869,-0.21,-0.01997345715,0.006494212087,-0.209970861,2.95681463e-05
4.452,-0.01997219701,0.006489348796,-0.21,-0.01997314609,0.006492049525,-0.2099709725,2.916835184e-05
4.453,-0.01997222106,0.006489329662,-0.21,-0.01997305572,0.006489953071,-0.2099710417,2.897700479e-05
4.454,-0.01997226775,0.006489292522,-0.21,-0.01997333766,0.006487988261,-0.2099710149,2.9034101e-05
4.455,-0.01997234446,0.006489231495,-0.21,-0.01997406365,0.006486186251,-0.2099708558,2.935325572e-05
4.456,-0.01997245853,0.006489140758,-0.21,-0.01997519876,0.006484529721,-0.2099705733,2.991155196e-05
4.457,-0.01997261718,0.006489014548,-0.21,-0.01997662203,0.00648296054,-0.2099702196,3.065231766e-05
4.458,-0.0199728276,0.006488847164,-0.21,-0.0199781777,0.006481402466,-0.2099698634,3.15002083e-05
4.459,-0.01997309687,0.006488632961,-0.21,-0.01997973262,0.006479787678,-0.2099695592,3.238691897e-05
4.46,-0.01997343201,0.006488366356,-0.21,-0.01998121723,0.006478076373,-0.2099693279,3.327569459e-05
4.461,-0.01997383998,0.006488041825,-0.21,-0.01998263767,0.006476263074,-0.209969155,3.416950383e-05
4.462,-0.01997432763,0.006487653901,-0.21,-0.01998405888,0.006474369414,-0.2099690038,3.50989985e-05
4.463,-0.01997490177,0.006487197177,-0.21,-0.01998556989,0.006472428285,-0.2099688343,3.610026478e-05
4.464,-0.01997556912,0.006486666305,-0.21,-0.01998724677,0.00647046668,-0.2099686193,3.71960517e-05
4.465,-0.01997633633,0.006486055995,-0.21,-0.01998912732,0.006468493858,-0.2099683524,3.838759181e-05
4.466,-0.01997720998,0.006485361014,-0.21,-0.01999120472,0.006466498329,-0.2099680475,3.965624998e-05
4.467,-0.01997819657,0.006484576188,-0.21,-0.01999343908,0.006464453279,-0.2099677296,4.097125251e-05
4.468,-0.01997930253,0.006483696401,-0.21,-0.01999577951,0.006462326961,-0.2099674246,4.230014616e-05
4.469,-0.01998053423,0.006482716593,-0.21,-0.01999818653,0.006460093293,-0.2099671491,4.361876494e-05
4.47,-0.01998189795,0.006481631762,-0.21,-0.02000064663,0.006457738628,-0.2099669067,4.491723802e-05
4.471,-0.01998339991,0.006480436965,-0.21,-0.02000317472,0.006455262776,-0.2099666887,4.619987647e-05
4.472,-0.01998504625,0.006479127312,-0.21,-0.02000580571,0.006452674853,-0.2099664794,4.747968511e-05
4.473,-0.01998684305,0.006477697973,-0.21,-0.02000858019,0.006449986353,-0.2099662636,4.877068856e-05
4.474,-0.0199887963,0.006476144174,-0.21,-0.02001153053,0.006447204526,-0.2099660321,5.008159425e-05
4.475,-0.01999091194,0.006474461195,-0.21,-0.02001467241,0.006444328488,-0.2099657839,5.141285045e-05
4.476,-0.01999319584,0.006472644374,-0.21,-0.02001800399,0.006441349078,-0.2099655254,5.275731879e-05
4.477,-0.01999565377,0.006470689105,-0.21,-0.02002151173,0.006438251888,-0.2099652669,5.410354423e-05
4.478,-0.01999829146,0.006468590838,-0.21,-0.02002517957,0.006435021801,-0.2099650179,5.544004824e-05
4.479,-0.02000111457,0.006466345076,-0.21,-0.02002899739,0.006431647082,-0.2099647838,5.675899823e-05
4.48,-0.02000412867,0.00646394738,-0.21,-0.02003296585,0.00642812153,-0.2099645647,5.805800686e-05
4.481,-0.02000733928,0.006461393365,-0.21,-0.02003709638,0.006424444219,-0.2099643563,5.933965794e-05
4.482,-0.02001075183,0.006458678699,-0.21,-0.02004140718,0.006420617307,-0.2099641521,6.060931011e-05
4.483,-0.02001437171,0.006455799109,-0.21,-0.02004591729,0.006416643059,-0.2099639464,6.187232295e-05
4.484,-0.02001820423,0.006452750373,-0.21,-0.02005064145,0.006412521341,-0.2099637359,6.313184852e-05
4.485,-0.02002225461,0.006449528323,-0.21,-0.0200555873,0.006408248453,-0.2099635212,6.438787185e-05
4.486,-0.02002652803,0.006446128848,-0.21,-0.02006075576,0.006403817516,-0.2099633052,6.563759732e-05
4.487,-0.02003102959,0.006442547887,-0.21,-0.02006614376,0.006399220027,-0.2099630921,6.687678294e-05
4.488,-0.02003576432,0.006438781436,-0.21,-0.02007174802,0.006394447793,-0.2099628853,6.810137916e-05
4.489,-0.02004073721,0.006434825543,-0.21,-0.02007756816,0.006389494458,-0.2099626866,6.930883173e-05
4.49,-0.02004595313,0.00643067631,-0.21,-0.02008360829,0.006384356107,-0.2099624955,7.049862876e-05
4.491,-0.02005141694,0.006426329889,-0.21,-0.02008987654,0.006379030859,-0.20996231,7.167201774e-05
4.492,-0.0200571334,0.006421782489,-0.21,-0.02009638319,0.006373517782,-0.2099621272,7.283114192e-05
4.493,-0.0200631072,0.00641703037,-0.21,-0.02010313831,0.006367815636,-0.2099619452,7.397801915e-05
4.494,-0.02006934299,0.006412069842,-0.21,-0.02011014979,0.006361921956,-0.209961763,7.511376388e-05
4.495,-0.02007584533,0.006406897272,-0.21,-0.02011742255,0.006355832768,-0.2099615809,7.623828686e-05
4.496,-0.02008261874,0.006401509075,-0.21,-0.02012495893,0.006349542944,-0.2099614004,7.735049072e-05
4.497,-0.02008966765,0.006395901719,-0.21,-0.02013275996,0.006343046958,-0.2099612232,7.844880047e-05
4.498,-0.02009699643,0.006390071725,-0.21,-0.02014082688,0.006336339694,-0.2099610505,7.953177832e-05
4.499,-0.02010460939,0.006384015663,-0.21,-0.02014916229,0.00632941699,-0.2099608828,8.059858731e-05
4.5,-0.02011251079,0.006377730156,-0.21,-0.02015777059,0.006322275739,-0.2099607197,8.164916342e-05
4.501,-0.0201207048,0.006371211876,-0.21,-0.02016665764,0.006314913598,-0.2099605602,8.268407929e-05
4.502,-0.02012919555,0.006364457549,-0.21,-0.0201758299,0.006307328472,-0.2099604033,8.370420386e-05
4.503,-0.02013798707,0.00635746395,-0.21,-0.02018529349,0.006299518,-0.2099602482,8.47103198e-05
4.504,-0.02014708338,0.006350227902,-0.21,-0.02019505348,0.006291479246,-0.2099600946,8.570284418e-05
4.505,-0.02015648839,0.006342746281,-0.21,-0.02020511368,0.006283208682,-0.2099599428,8.66817335e-05
4.506,-0.02016620597,0.006335016014,-0.21,-0.02021547693,0.006274702411,-0.2099597935,8.764657328e-05
4.507,-0.02017623992,0.006327034074,-0.21,-0.02022614565,0.006265956525,-0.2099596473,8.859678674e-05
4.508,-0.02018659399,0.006318797486,-0.21,-0.02023712243,0.006256967426,-0.2099595046,8.953186658e-05
4.509,-0.02019727185,0.006310303325,-0.21,-0.02024841046,0.006247732003,-0.2099593656,9.045154221e-05
4.51,-0.02020827711,0.006301548713,-0.21,-0.02026001362,0.006238247605,-0.20995923,9.135583385e-05
4.511,-0.02021961334,0.006292530823,-0.21,-0.0202719363,0.006228511874,-0.2099590974,9.224499409e-05
4.512,-0.02023128402,0.006283246876,-0.21,-0.02028418297,0.006218522497,-0.2099589674,9.311937802e-05
4.513,-0.0202432926,0.00627369414,-0.21,-0.02029675786,0.006208277005,-0.2099588397,9.397930126e-05
4.514,-0.02025564243,0.006263869933,-0.21,-0.0203096647,0.006197772683,-0.2099587142,9.482493856e-05
4.515,-0.02026833683,0.006253771623,-0.21,-0.02032290666,0.006187006598,-0.2099585912,9.565629157e-05
4.516,-0.02028137906,0.006243396621,-0.21,-0.02033648654,0.006175975737,-0.2099584708,9.647322479e-05
4.517,-0.0202947723,0.006232742391,-0.21,-0.02035040699,0.006164677163,-0.2099583534,9.727554458e-05
4.518,-0.02030851969,0.006221806441,-0.21,-0.02036467076,0.006153108145,-0.2099582391,9.806308563e-05
4.519,-0.02032262429,0.006210586327,-0.21,-0.02037928081,0.006141266204,-0.2099581279,9.883577281e-05
4.52,-0.02033708912,0.006199079653,-0.21,-0.02039424037,0.00612914907,-0.2099580197,9.959364098e-05
4.521,-0.02035191714,0.00618728407,-0.21,-0.02040955277,0.006116754593,-0.2099579143,0.0001003368132
4.522,-0.02036711123,0.006175197275,-0.21,-0.02042522134,0.006104080627,-0.2099578116,0.0001010654524
4.523,-0.02038267424,0.006162817012,-0.21,-0.02044124922,0.006091124956,-0.2099577114,0.0001017797081
4.524,-0.02039860894,0.00615014107,-0.21,-0.02045763932,0.006077885275,-0.2099576137,0.0001024796779
4.525,-0.02041491805,0.006137167286,-0.21,-0.02047439427,0.006064359223,-0.2099575187,0.0001031653937
4.526,-0.02043160423,0.006123893542,-0.21,-0.02049151657,0.006050544452,-0.2099574264,0.0001038368344
4.527,-0.02044867009,0.006110317767,-0.21,-0.02050900863,0.006036438702,-0.209957337,0.0001044939546
4.528,-0.02046611818,0.006096437932,-0.21,-0.02052687287,0.006022039844,-0.2099572505,0.0001051367176
4.529,-0.02048395099,0.006082252057,-0.21,-0.02054511182,0.006007345886,-0.2099571668,0.0001057651201
4.53,-0.02050217095,0.006067758206,-0.21,-0.02056372803,0.005992354944,-0.209957086,0.0001063792013
4.531,-0.02052078044,0.006052954487,-0.21,-0.02058272408,0.00597706519,-0.209957008,0.000106979035
4.532,-0.02053978178,0.006037839053,-0.21,-0.02060210246,0.005961474807,-0.2099569326,0.0001075647101
4.533,-0.02055917724,0.006022410102,-0.21,-0.02062186558,0.005945581962,-0.2099568599,0.0001081363088
4.534,-0.02057896902,0.006006665877,-0.21,-0.02064201569,0.005929384807,-0.2099567899,0.0001086938931
4.535,-0.02059915928,0.005990604664,-0.21,-0.0206625549,0.0059128815,-0.2099567226,0.0001092375014
4.536,-0.02061975012,0.005974224792,-0.21,-0.02068348526,0.005896070238,-0.209956658,0.0001097671554
4.537,-0.02064074359,0.005957524636,-0.21,-0.02070480876,0.005878949286,-0.2099565963,0.0001102828732
4.538,-0.02066214167,0.005940502612,-0.21,-0.02072652739,0.005861516993,-0.2099565374,0.0001107846807
4.539,-0.0206839463,0.005923157181,-0.21,-0.02074864314,0.005843771792,-0.2099564813,0.0001112726185
4.54,-0.02070615936,0.005905486846,-0.21,-0.02077115797,0.005825712181,-0.209956428,0.0001117467423
4.541,-0.02072878268,0.005887490155,-0.21,-0.02079407383,0.005807336705,-0.2099563775,0.0001122071187
4.542,-0.02075181802,0.005869165696,-0.21,-0.02081739259,0.005788643931,-0.2099563296,0.0001126538177
4.543,-0.02077526712,0.0058505121,-0.21,-0.02084111604,0.005769632442,-0.2099562845,0.0001130869059
4.544,-0.02079913164,0.005831528041,-0.21,-0.02086524589,0.005750300838,-0.209956242,0.0001135064427
4.545,-0.02082341319,0.005812212236,-0.21,-0.02088978375,0.005730647749,-0.2099562023,0.0001139124785
4.546,-0.02084811334,0.005792563442,-0.21,-0.02091473119,0.005710671849,-0.2099561654,0.0001143050579
4.547,-0.02087323359,0.005772580458,-0.21,-0.02094008973,0.005690371867,-0.2099561312,0.0001146842233
4.548,-0.0208987754,0.005752262125,-0.21,-0.02096586086,0.005669746596,-0.2099560997,0.0001150500191
4.549,-0.02092474018,0.005731607325,-0.21,-0.02099204602,0.005648794884,-0.209956071,0.0001154024953
4.55,-0.02095112927,0.005710614981,-0.21,-0.02101864666,0.005627515631,-0.209956045,0.0001157417082
4.551,-0.020977944,0.005689284057,-0.21,-0.02104566413,0.005605907771,-0.2099560217,0.0001160677193
4.552,-0.02100518559,0.005667613557,-0.21,-0.02107309976,0.005583970268,-0.209956001,0.0001163805929
4.553,-0.02103285526,0.005645602527,-0.21,-0.02110095479,0.005561702115,-0.2099559831,0.0001166803932
4.554,-0.02106095416,0.005623250052,-0.21,-0.02112923043,0.005539102332,-0.2099559678,0.000116967182
4.555,-0.02108948338,0.005600555256,-0.21,-0.02115792779,0.005516169979,-0.2099559552,0.0001172410173
4.556,-0.02111844397,0.005577517305,-0.21,-0.02118704796,0.00549290416,-0.2099559453,0.000117501954
4.557,-0.02114783694,0.005554135403,-0.21,-0.02121659196,0.005469304025,-0.209955938,0.0001177500454
4.558,-0.02117766323,0.005530408795,-0.21,-0.02124656081,0.005445368775,-0.2099559335,0.0001179853455
4.559,-0.02120792375,0.005506336763,-0.21,-0.02127695543,0.005421097657,-0.2099559315,0.0001182079107
4.56,-0.02123861934,0.00548191863,-0.21,-0.02130777675,0.005396489954,-0.2099559322,0.0001184178006
4.561,-0.02126975082,0.005457153757,-0.21,-0.02133902563,0.005371544986,-0.2099559355,0.0001186150781
4.562,-0.02130131893,0.005432041544,-0.21,-0.02137070286,0.005346262104,-0.2099559415,0.0001187998078
4.563,-0.02133332438,0.005406581428,-0.21,-0.02140280921,0.005320640692,-0.20995595,0.0001189720552
4.564,-0.02136576784,0.005380772887,-0.21,-0.02143534536,0.005294680168,-0.2099559612,0.0001191318846
4.565,-0.0213986499,0.005354615433,-0.21,-0.02146831198,0.005268379988,-0.2099559749,0.0001192793589
4.566,-0.02143197114,0.005328108619,-0.21,-0.02150170967,0.005241739652,-0.2099559912,0.000119414539
4.567,-0.02146573207,0.005301252035,-0.21,-0.02153553898,0.005214758698,-0.2099560101,0.0001195374849
4.568,-0.02149993316,0.005274045307,-0.21,-0.02156980042,0.005187436709,-0.2099560316,0.0001196482567
4.569,-0.02153457483,0.005246488101,-0.21,-0.02160449447,0.005159773307,-0.2099560556,0.000119746916
4.57,-0.02156965745,0.005218580116,-0.21,-0.02163962156,0.005131768147,-0.2099560821,0.0001198335261
4.571,-0.02160518136,0.00519032109,-0.21,-0.02167518207,0.005103420922,-0.2099561112,0.000119908152
4.572,-0.02164114685,0.005161710799,-0.21,-0.02171117632,0.005074731355,-0.2099561428,0.0001199708602
4.573,-0.02167755414,0.005132749053,-0.21,-0.0217476046,0.005045699207,-0.2099561768,0.0001200217179
4.574,-0.02171440343,0.005103435699,-0.21,-0.02178446716,0.005016324268,-0.2099562134,0.0001200607915
4.575,-0.02175169486,0.00507377062,-0.21,-0.02182176417,0.004986606372,-0.2099562524,0.0001200881467
4.576,-0.02178942855,0.005043753735,-0.21,-0.02185949579,0.004956545384,-0.2099562939,0.0001201038484
4.577,-0.02182760454,0.005013384997,-0.21,-0.02189766213,0.004926141212,-0.2099563379,0.0001201079607
4.578,-0.02186622286,0.004982664397,-0.21,-0.02193626324,0.0048953938,-0.2099563843,0.0001201005484
4.579,-0.02190528346,0.004951591959,-0.21,-0.02197529913,0.004864303125,-0.2099564331,0.0001200816764
4.58,-0.02194478628,0.004920167743,-0.21,-0.0220147698,0.004832869202,-0.2099564843,0.0001200514114
4.581,-0.02198473119,0.004888391843,-0.21,-0.02205467515,0.004801092076,-0.209956538,0.0001200098208
4.582,-0.02202511803,0.004856264388,-0.21,-0.0220950151,0.004768971827,-0.209956594,0.0001199569731
4.583,-0.02206594661,0.004823785542,-0.21,-0.02213578946,0.004736508568,-0.2099566523,0.0001198929369
4.584,-0.02210721666,0.004790955502,-0.21,-0.02217699806,0.004703702444,-0.209956713,0.0001198177807
4.585,-0.0221489279,0.004757774499,-0.21,-0.02221864063,0.004670553638,-0.2099567761,0.0001197315726
4.586,-0.02219108,0.004724242798,-0.21,-0.0222607169,0.004637062366,-0.2099568415,0.0001196343803
4.587,-0.02223367258,0.004690360698,-0.21,-0.02230322654,0.004603228879,-0.2099569091,0.0001195262712
4.588,-0.02227670522,0.004656128531,-0.21,-0.02234616918,0.004569053461,-0.2099569791,0.000119407313
4.589,-0.02232017746,0.004621546662,-0.21,-0.02238954442,0.00453453643,-0.2099570514,0.000119277574
4.59,-0.02236408881,0.004586615488,-0.21,-0.02243335179,0.004499678138,-0.2099571259,0.000119137123
4.591,-0.02240843873,0.004551335441,-0.21,-0.02247759082,0.004464478967,-0.2099572026,0.0001189860298
4.592,-0.02245322662,0.004515706983,-0.21,-0.02252226097,0.00442893933,-0.2099572816,0.0001188243645
4.593,-0.02249845187,0.00447973061,-0.21,-0.02256736166,0.004393059674,-0.2099573628,0.0001186521975
4.594,-0.02254411382,0.00444340685,-0.21,-0.02261289228,0.004356840477,-0.2099574461,0.000118469599
4.595,-0.02259021175,0.004406736261,-0.21,-0.02265885218,0.00432028225,-0.2099575317,0.0001182766392
4.596,-0.02263674494,0.004369719436,-0.21,-0.02270524067,0.004283385536,-0.2099576194,0.0001180733879
4.597,-0.02268371259,0.004332356996,-0.21,-0.02275205701,0.00424615091,-0.2099577092,0.0001178599152
4.598,-0.02273111389,0.004294649595,-0.21,-0.02279930043,0.00420857898,-0.2099578012,0.0001176362911
4.599,-0.02277894796,0.004256597919,-0.21,-0.02284697012,0.004170670382,-0.2099578952,0.0001174025861
4.6,-0.02282721392,0.004218202683,-0.21,-0.02289506523,0.004132425785,-0.2099579914,0.0001171588714
4.601,-0.02287591083,0.004179464634,-0.21,-0.02294358488,0.004093845887,-0.2099580896,0.0001169052182
4.602,-0.0229250377,0.004140384549,-0.21,-0.02299252813,0.004054931418,-0.2099581898,0.0001166416985
4.603,-0.02297459352,0.004100963235,-0.21,-0.02304189403,0.004015683135,-0.2099582921,0.0001163683841
4.604,-0.02302457725,0.004061201529,-0.21,-0.02309168157,0.00397610183,-0.2099583964,0.0001160853468
4.605,-0.02307498778,0.004021100299,-0.21,-0.02314188972,0.00393618832,-0.2099585027,0.0001157926585
4.606,-0.023125824,0.003980660441,-0.21,-0.0231925174,0.003895943455,-0.2099586109,0.0001154903909
4.607,-0.02317708474,0.003939882882,-0.21,-0.02324356348,0.003855368114,-0.2099587211,0.000115178616
4.608,-0.02322876879,0.003898768578,-0.21,-0.02329502684,0.003814463206,-0.2099588333,0.0001148574058
4.609,-0.02328087492,0.003857318512,-0.21,-0.02334690627,0.003773229669,-0.2099589473,0.0001145268326
4.61,-0.02333340186,0.003815533699,-0.21,-0.02339920056,0.003731668468,-0.2099590633,0.0001141869692
4.611,-0.02338634829,0.00377341518,-0.21,-0.02345190845,0.003689780597,-0.2099591811,0.0001138378885
4.612,-0.02343971287,0.003730964027,-0.21,-0.02350502865,0.003647567081,-0.2099593007,0.0001134796637
4.613,-0.02349349422,0.003688181337,-0.21,-0.02355855982,0.00360502897,-0.2099594222,0.000113112368
4.614,-0.02354769092,0.003645068238,-0.21,-0.02361250061,0.003562167343,-0.2099595455,0.0001127360747
4.615,-0.02360230152,0.003601625884,-0.21,-0.0236668496,0.003518983309,-0.2099596705,0.000112350857
4.616,-0.02365732454,0.003557855458,-0.21,-0.02372160538,0.003475478002,-0.2099597974,0.0001119567884
4.617,-0.02371275845,0.00351375817,-0.21,-0.02377676647,0.003431652585,-0.209959926,0.0001115539423
4.618,-0.02376860169,0.003469335255,-0.21,-0.02383233136,0.003387508249,-0.2099600563,0.0001111423924
4.619,-0.02382485269,0.003424587979,-0.21,-0.02388829853,0.003343046211,-0.2099601883,0.0001107222124
4.62,-0.02388150981,0.003379517632,-0.21,-0.02394466639,0.003298267713,-0.209960322,0.0001102934765
4.621,-0.0239385714,0.003334125531,-0.21,-0.02400143336,0.003253174028,-0.2099604573,0.0001098562588
4.622,-0.02399603578,0.003288413021,-0.21,-0.02405859779,0.003207766451,-0.2099605943,0.0001094106339
4.623,-0.02405390121,0.00324238147,-0.21,-0.02411615802,0.003162046306,-0.2099607328,0.0001089566761
4.624,-0.02411216595,0.003196032276,-0.21,-0.02417411233,0.003116014942,-0.209960873,0.0001084944601
4.625,-0.02417082821,0.003149366859,-0.21,-0.024232459,0.003069673734,-0.2099610148,0.0001080240604
4.626,-0.02422988616,0.003102386668,-0.21,-0.02429119627,0.003023024084,-0.2099611581,0.0001075455517
4.627,-0.02428933796,0.003055093175,-0.21,-0.02435032232,0.002976067416,-0.2099613029,0.0001070590088
4.628,-0.02434918172,0.003007487878,-0.21,-0.02440983534,0.002928805184,-0.2099614492,0.0001065645068
4.629,-0.02440941553,0.0029595723,-0.21,-0.02446973346,0.002881238863,-0.209961597,0.0001060621207
4.63,-0.02447003745,0.002911347989,-0.21,-0.02453001479,0.002833369956,-0.2099617462,0.0001055519258
4.631,-0.02453104549,0.002862816518,-0.21,-0.02459067741,0.002785199987,-0.2099618969,0.0001050339976
4.632,-0.02459243765,0.002813979482,-0.21,-0.02465171936,0.002736730507,-0.2099620489,0.0001045084117
4.633,-0.02465421189,0.002764838502,-0.21,-0.02471313866,0.002687963091,-0.2099622024,0.0001039752438
4.634,-0.02471636614,0.002715395224,-0.21,-0.02477493329,0.002638899338,-0.2099623572,0.0001034345695
4.635,-0.02477889831,0.002665651317,-0.21,-0.02483710121,0.00258954087,-0.2099625134,0.0001028864649
4.636,-0.02484180627,0.002615608472,-0.21,-0.02489964035,0.002539889332,-0.2099626708,0.0001023310057
4.637,-0.02490508787,0.002565268405,-0.21,-0.0249625486,0.002489946395,-0.2099628296,0.0001017682683
4.638,-0.0249687409,0.002514632854,-0.21,-0.02502582384,0.00243971375,-0.2099629896,0.0001011983301
4.639,-0.02503276318,0.002463703582,-0.21,-0.02508946389,0.002389193109,-0.2099631509,0.0001006212708
4.64,-0.02509715244,0.002412482373,-0.21,-0.02515346658,0.002338386208,-0.2099633133,0.0001000371722
4.641,-0.02516190642,0.002360971033,-0.21,-0.02521782969,0.002287294804,-0.209963477,9.944611693e-05
4.642,-0.02522702281,0.002309171392,-0.21,-0.02528255097,0.002235920677,-0.2099636418,9.884818633e-05
4.643,-0.0252924993,0.002257085302,-0.21,-0.02534762817,0.002184265632,-0.2099638077,9.824345965e-05
4.644,-0.02535833352,0.002204714636,-0.21,-0.02541305896,0.002132331496,-0.2099639748,9.763201355e-05
4.645,-0.0254245231,0.002152061288,-0.21,-0.02547884103,0.002080120122,-0.2099641429,9.701392284e-05
4.646,-0.02549106562,0.002099127177,-0.21,-0.02554497202,0.00202763338,-0.2099643121,9.638926166e-05
4.647,-0.02555795864,0.002045914239,-0.21,-0.02561144953,0.001974873165,-0.2099644823,9.575810479e-05
4.648,-0.02562519971,0.001992424434,-0.21,-0.02567827116,0.001921841391,-0.2099646536,9.512052847e-05
4.649,-0.02569278634,0.001938659742,-0.21,-0.02574543447,0.00186853999,-0.2099648258,9.447661059e-05
4.65,-0.02576071601,0.001884622163,-0.21,-0.025812937,0.001814970916,-0.209964999,9.382643017e-05
4.651,-0.02582898618,0.00183031372,-0.21,-0.02588077627,0.001761136144,-0.2099651731,9.317006653e-05
4.652,-0.02589759428,0.001775736453,-0.21,-0.02594894975,0.001707037669,-0.2099653482,9.250759843e-05
4.653,-0.02596653772,0.001720892424,-0.21,-0.0260174549,0.001652677507,-0.2099655241,9.183910357e-05
4.654,-0.02603581389,0.001665783715,-0.21,-0.02608628918,0.001598057696,-0.2099657009,9.116465867e-05
4.655,-0.02610542013,0.001610412427,-0.21,-0.02615544997,0.001543180294,-0.2099658786,9.048433982e-05
4.656,-0.0261753538,0.001554780682,-0.21,-0.02622493467,0.001488047375,-0.209966057,8.979822314e-05
4.657,-0.02624561219,0.001498890618,-0.21,-0.02629474063,0.001432661037,-0.2099662363,8.910638536e-05
4.658,-0.0263161926,0.001442744397,-0.21,-0.0263648652,0.001377023394,-0.2099664163,8.840890417e-05
4.659,-0.02638709228,0.001386344194,-0.21,-0.02643530568,0.001321136578,-0.2099665971,8.770585809e-05
4.66,-0.02645830847,0.001329692208,-0.21,-0.02650605937,0.00126500274,-0.2099667786,8.69973263e-05
4.661,-0.02652983839,0.001272790654,-0.21,-0.02657712353,0.00120862405,-0.2099669608,8.62833881e-05
4.662,-0.02660167923,0.001215641765,-0.21,-0.0266484954,0.001152002698,-0.2099671437,8.556412263e-05
4.663,-0.02667382816,0.001158247793,-0.21,-0.02672017221,0.00109514089,-0.2099673273,8.483960865e-05
4.664,-0.02674628233,0.001100611007,-0.21,-0.02679215114,0.001038040852,-0.2099675114,8.410992468e-05
4.665,-0.02681903886,0.001042733695,-0.21,-0.02686442938,0.0009807048273,-0.2099676962,8.337514928e-05
4.666,-0.02689209485,0.0009846181615,-0.21,-0.02693700408,0.0009231350768,-0.2099678816,8.263536128e-05
4.667,-0.02696544738,0.0009262667282,-0.21,-0.02700987236,0.0008653338783,-0.2099680675,8.189064015e-05
4.668,-0.02703909353,0.0008676817342,-0.21,-0.02708303134,0.0008073035264,-0.2099682539,8.114106611e-05
4.669,-0.02711303031,0.0008088655355,-0.21,-0.0271564781,0.0007490463325,-0.2099684409,8.038672001e-05
4.67,-0.02718725476,0.0007498205045,-0.21,-0.02723020971,0.0006905646247,-0.2099686283,7.962768323e-05
4.671,-0.02726176386,0.0006905490303,-0.21,-0.02730422321,0.0006318607481,-0.2099688163,7.886403725e-05
4.672,-0.0273365546,0.000631053518,-0.21,-0.02737851564,0.0005729370673,-0.2099690046,7.809586159e-05
4.673,-0.02741162393,0.0005713363891,-0.21,-0.027453084,0.0005137959668,-0.2099691934,7.732323295e-05
4.674,-0.02748696878,0.0005114000806,-0.21,-0.02752792526,0.0004544398497,-0.2099693826,7.65462268e-05
4.675,-0.02756258608,0.0004512470453,-0.21,-0.02760303641,0.0003948711343,-0.2099695722,7.576491972e-05
4.676,-0.02763847272,0.0003908797515,-0.21,-0.02767841438,0.0003350922512,-0.2099697622,7.497939147e-05
4.677,-0.02771462558,0.0003303006825,-0.21,-0.02775405611,0.0002751056413,-0.2099699524,7.418972597e-05
4.678,-0.02779104151,0.000269512337,-0.21,-0.02782995849,0.0002149137564,-0.209970143,7.339601104e-05
4.679,-0.02786771737,0.0002085172281,-0.21,-0.02790611841,0.0001545190599,-0.2099703339,7.259833718e-05
4.68,-0.02794464996,0.0001473178839,-0.21,-0.02798253275,9.392402984e-05,-0.2099705251,7.179679598e-05
4.681,-0.0280218361,8.591684679e-05,-0.21,-0.02805919836,3.313115989e-05,-0.2099707165,7.099147869e-05
4.682,-0.02809927257,2.431667326e-05,-0.21,-0.02813611206,-2.785703928e-05,-0.2099709082,7.018247562e-05
4.683,-0.02817695614,-3.748006603e-05,-0.21,-0.02821327067,-8.903804056e-05,-0.2099711,6.936987651e-05
4.684,-0.02825488356,-9.947078666e-05,-0.21,-0.02829067098,-0.0001504093019,-0.209971292,6.855377139e-05
4.685,-0.02833305156,-0.0001616528906,-0.21,-0.02836830978,-0.0002119682678,-0.2099714842,6.773425198e-05
4.686,-0.02841145687,-0.0002240237664,-0.21,-0.02844618383,-0.0002737123714,-0.2099716766,6.691141257e-05
4.687,-0.02849009618,-0.0002865807894,-0.21,-0.02852428988,-0.0003356390344,-0.209971869,6.608535049e-05
4.688,-0.02856896617,-0.000349321322,-0.21,-0.02860262464,-0.0003977456674,-0.2099720615,6.525616592e-05
4.689,-0.02864806352,-0.0004122427137,-0.21,-0.02868118484,-0.0004600296692,-0.2099722542,6.442396123e-05
4.69,-0.02872738488,-0.0004753423014,-0.21,-0.02875996718,-0.0005224884256,-0.2099724468,6.358884032e-05
4.691,-0.02880692688,-0.0005386174098,-0.21,-0.02883896832,-0.0005851193089,-0.2099726395,6.27509081e-05
4.692,-0.02888668614,-0.0006020653512,-0.21,-0.02891818495,-0.0006479196779,-0.2099728322,6.191027056e-05
4.693,-0.02896665928,-0.0006656834261,-0.21,-0.0289976137,-0.0007108868782,-0.2099730249,6.10670351e-05
4.694,-0.02904684288,-0.0007294689229,-0.21,-0.02907725121,-0.0007740182412,-0.2099732176,6.022131007e-05
4.695,-0.02912723352,-0.0007934191187,-0.21,-0.0291570941,-0.0008373110836,-0.2099734102,5.937320422e-05
4.696,-0.02920782777,-0.0008575312793,-0.21,-0.02923713898,-0.0009007627089,-0.2099736027,5.852282759e-05
4.697,-0.02928862216,-0.000921802659,-0.21,-0.02931738243,-0.0009643704102,-0.2099737951,5.767029327e-05
4.698,-0.02936961324,-0.0009862305014,-0.21,-0.02939782102,-0.001028131472,-0.2099739874,5.681571938e-05
4.699,-0.02945079753,-0.001050812039,-0.21,-0.02947845133,-0.001092043172,-0.2099741795,5.595923038e-05
4.7,-0.02953217154,-0.001115544495,-0.21,-0.02955926991,-0.001156102779,-0.2099743715,5.510095729e-05
4.701,-0.02961373175,-0.001180425079,-0.21,-0.02964027328,-0.001220307555,-0.2099745633,5.424103708e-05
4.702,-0.02969547466,-0.001245450995,-0.21,-0.02972145797,-0.001284654751,-0.2099747549,5.337961151e-05
4.703,-0.02977739673,-0.001310619434,-0.21,-0.0298028205,-0.001349141608,-0.2099749462,5.251682879e-05
4.704,-0.02985949442,-0.001375927577,-0.21,-0.02988435738,-0.00141376536,-0.2099751373,5.165284938e-05
4.705,-0.02994176418,-0.001441372598,-0.21,-0.0299660651,-0.001478523228,-0.2099753281,5.078784513e-05
4.706,-0.03002420244,-0.001506951658,-0.21,-0.03004794018,-0.001543412426,-0.2099755186,4.992199815e-05
4.707,-0.03010680562,-0.001572661913,-0.21,-0.03012997909,-0.001608430158,-0.2099757087,4.905549858e-05
4.708,-0.03018957013,-0.001638500507,-0.21,-0.03021217831,-0.001673573621,-0.2099758985,4.818854246e-05
4.709,-0.03027249238,-0.001704464576,-0.21,-0.0302945343,-0.001738840004,-0.2099760878,4.732133035e-05
4.71,-0.03035556874,-0.001770551248,-0.21,-0.0303770435,-0.001804226484,-0.2099762767,4.645406761e-05
4.711,-0.03043879561,-0.001836757643,-0.21,-0.03045970234,-0.001869730235,-0.2099764652,4.558696611e-05
4.712,-0.03052216935,-0.001903080871,-0.21,-0.03054250722,-0.001935348417,-0.2099766531,4.472024699e-05
4.713,-0.03060568631,-0.001969518037,-0.21,-0.03062545456,-0.002001078185,-0.2099768406,4.385414391e-05
4.714,-0.03068934285,-0.002036066235,-0.21,-0.03070854076,-0.002066916686,-0.2099770275,4.298890569e-05
4.715,-0.03077313531,-0.002102722553,-0.21,-0.0307917622,-0.002132861058,-0.2099772139,4.212479814e-05
4.716,-0.03085706002,-0.002169484074,-0.21,-0.03087511527,-0.002198908433,-0.2099773996,4.126210485e-05
4.717,-0.03094111329,-0.002236347869,-0.21,-0.03095859635,-0.002265055936,-0.2099775848,4.040112745e-05
4.718,-0.03102529145,-0.002303311007,-0.21,-0.03104220181,-0.002331300687,-0.2099777693,3.954218587e-05
4.719,-0.03110959079,-0.002370370546,-0.21,-0.031125928,-0.002397639796,-0.2099779532,3.868561929e-05
4.72,-0.03119400761,-0.002437523541,-0.21,-0.03120977127,-0.002464070369,-0.2099781364,3.783178794e-05
4.721,-0.0312785382,-0.002504767039,-0.21,-0.03129372796,-0.002530589505,-0.2099783189,3.698107602e-05
4.722,-0.03136317884,-0.002572098081,-0.21,-0.0313777944,-0.002597194297,-0.2099785006,3.613389529e-05
4.723,-0.03144792581,-0.002639513702,-0.21,-0.0314619669,-0.002663881832,-0.2099786816,3.529068902e-05
4.724,-0.03153277536,-0.002707010932,-0.21,-0.03154624179,-0.002730649192,-0.2099788618,3.445193582e-05
4.725,-0.03161772376,-0.002774586795,-0.21,-0.03163061537,-0.002797493453,-0.2099790412,3.361815356e-05
4.726,-0.03170276726,-0.002842238309,-0.21,-0.03171508394,-0.002864411685,-0.2099792198,3.278990307e-05
4.727,-0.03178790211,-0.00290996249,-0.21,-0.03179964382,-0.002931400955,-0.2099793975,3.196779203e-05
4.728,-0.03187312455,-0.002977756345,-0.21,-0.03188429128,-0.002998458325,-0.2099795743,3.115247928e-05
4.729,-0.0319584308,-0.003045616878,-0.21,-0.03196902261,-0.00306558085,-0.2099797502,3.034468015e-05
4.73,-0.03204381711,-0.00311354109,-0.21,-0.0320538341,-0.003132765583,-0.2099799252,2.954517234e-05
4.731,-0.03212927968,-0.003181525975,-0.21,-0.03213872201,-0.003200009571,-0.2099800993,2.875480305e-05
4.732,-0.03221481475,-0.003249568526,-0.21,-0.0322236826,-0.00326730986,-0.2099802724,2.797449666e-05
4.733,-0.03230041852,-0.00331766573,-0.21,-0.03230871215,-0.003334663488,-0.2099804445,2.720526323e-05
4.734,-0.0323860872,-0.00338581457,-0.21,-0.03239380691,-0.003402067492,-0.2099806156,2.644820717e-05
4.735,-0.032471817,-0.003454012027,-0.21,-0.03247896312,-0.003469518907,-0.2099807856,2.57045363e-05
4.736,-0.03255760411,-0.003522255079,-0.21,-0.03256417705,-0.003537014761,-0.2099809546,2.49755711e-05
4.737,-0.03264344473,-0.003590540698,-0.21,-0.03264944494,-0.003604552082,-0.2099811225,2.426275383e-05
4.738,-0.03272933506,-0.003658865858,-0.21,-0.03273476302,-0.003672127894,-0.2099812893,2.356765774e-05
4.739,-0.03281527129,-0.003727227526,-0.21,-0.03282012754,-0.003739739219,-0.209981455,2.289199562e-05
4.74,-0.03290124959,-0.003795622668,-0.21,-0.03290553473,-0.003807383075,-0.2099816195,2.223762735e-05
4.741,-0.03298726615,-0.003864048249,-0.21,-0.03299098082,-0.003875056481,-0.2099817829,2.160656552e-05
4.742,-0.03307331717,-0.00393250123,-0.21,-0.03307646205,-0.00394275645,-0.209981945,2.100097803e-05
4.743,-0.0331593988,-0.004000978572,-0.21,-0.03316197463,-0.004010479996,-0.209982106,2.042318626e-05
4.744,-0.03324550723,-0.004069477233,-0.21,-0.03324751478,-0.004078224131,-0.2099822658,1.987565747e-05
4.745,-0.03333163864,-0.004137994169,-0.21,-0.03333307875,-0.004145985866,-0.2099824243,1.936098932e-05
4.746,-0.0334177892,-0.004206526338,-0.21,-0.03341866273,-0.004213762209,-0.2099825815,1.888188519e-05
4.747,-0.03350395508,-0.004275070694,-0.21,-0.03350426295,-0.004281550168,-0.2099827374,1.844111869e-05
4.748,-0.03359013244,-0.00434362419,-0.21,-0.03358987563,-0.004349346752,-0.2099828921,1.804148608e-05
4.749,-0.03367631747,-0.004412183781,-0.21,-0.03367549699,-0.004417148966,-0.2099830454,1.768574625e-05
4.75,-0.03376250633,-0.004480746418,-0.21,-0.03376112324,-0.004484953818,-0.2099831973,1.737654907e-05
4.751,-0.03384869519,-0.004549309056,-0.21,-0.03384675059,-0.004552758312,-0.209983348,1.711635437e-05
4.752,-0.03393488021,-0.004617868647,-0.21,-0.03393237526,-0.004620559456,-0.2099834972,1.690734529e-05
4.753,-0.03402105758,-0.004686422143,-0.21,-0.03401799347,-0.004688354257,-0.209983645,1.675134173e-05
4.754,-0.03410722346,-0.004754966499,-0.21,-0.03410360143,-0.00475613972,-0.2099837914,1.664972106e-05
4.755,-0.03419337401,-0.004823498667,-0.21,-0.03418919535,-0.004823912853,-0.2099839364,1.660335297e-05
4.756,-0.03427950542,-0.004892015604,-0.21,-0.03427477145,-0.004891670666,-0.20998408,1.661255533e-05
4.757,-0.03436561386,-0.004960514265,-0.21,-0.03436032595,-0.004959410167,-0.209984222,1.667707621e-05
4.758,-0.03445169549,-0.005028991607,-0.21,-0.03444585507,-0.005027128367,-0.2099843626,1.67961037e-05
4.759,-0.0345377465,-0.005097444588,-0.21,-0.03453135502,-0.005094822277,-0.2099845017,1.69683029e-05
4.76,-0.03462376307,-0.005165870169,-0.21,-0.03461682204,-0.005162488913,-0.2099846393,1.719187572e-05
4.761,-0.03470974137,-0.005234265311,-0.21,-0.03470225233,-0.005230125289,-0.2099847754,1.746463739e-05
4.762,-0.03479567759,-0.005302626979,-0.21,-0.03478764213,-0.005297728422,-0.2099849099,1.778410248e-05
4.763,-0.03488156792,-0.005370952138,-0.21,-0.03487298767,-0.005365295334,-0.2099850429,1.814757303e-05
4.764,-0.03496740855,-0.005439237758,-0.21,-0.03495828518,-0.005432823045,-0.2099851743,1.855222278e-05
4.765,-0.03505319566,-0.00550748081,-0.21,-0.03504353088,-0.005500308581,-0.2099853042,1.899517282e-05
4.766,-0.03513892546,-0.005575678267,-0.21,-0.03512872103,-0.00556774897,-0.2099854324,1.947355584e-05
4.767,-0.03522459414,-0.005643827107,-0.21,-0.03521385185,-0.005635141242,-0.209985559,1.998456789e-05
4.768,-0.03531019791,-0.005711924311,-0.21,-0.0352989196,-0.005702482431,-0.209985684,2.052550764e-05
4.769,-0.03539573297,-0.005779966862,-0.21,-0.03538392052,-0.005769769576,-0.2099858074,2.109380424e-05
4.77,-0.03548119555,-0.005847951747,-0.21,-0.03546885087,-0.005836999717,-0.2099859291,2.168703507e-05
4.771,-0.03556658185,-0.005915875959,-0.21,-0.0355537069,-0.005904169899,-0.2099860492,2.230293564e-05
4.772,-0.03565188811,-0.005983736492,-0.21,-0.03563848487,-0.005971277171,-0.2099861676,2.293940262e-05
4.773,-0.03573711054,-0.006051530347,-0.21,-0.03572318106,-0.006038318587,-0.2099862844,2.359449239e-05
4.774,-0.03582224539,-0.006119254527,-0.21,-0.03580779173,-0.006105291204,-0.2099863994,2.42664159e-05
4.775,-0.03590728889,-0.006186906042,-0.21,-0.03589231316,-0.006172192084,-0.2099865128,2.495353127e-05
4.776,-0.0359922373,-0.006254481905,-0.21,-0.03597674164,-0.006239018296,-0.2099866244,2.56543349e-05
4.777,-0.03607708685,-0.006321979135,-0.21,-0.03606107345,-0.006305766912,-0.2099867344,2.636745184e-05
4.778,-0.03616183381,-0.006389394756,-0.21,-0.0361453049,-0.006372435009,-0.2099868426,2.709162586e-05
4.779,-0.03624647446,-0.006456725798,-0.21,-0.03622943227,-0.00643901967,-0.2099869491,2.782570969e-05
4.78,-0.03633100505,-0.006523969296,-0.21,-0.0363134519,-0.006505517984,-0.2099870538,2.856865555e-05
4.781,-0.03641542187,-0.006591122291,-0.21,-0.03639736008,-0.006571927046,-0.2099871568,2.931950609e-05
4.782,-0.03649972121,-0.00665818183,-0.21,-0.03648115314,-0.006638243956,-0.2099872581,3.007738607e-05
4.783,-0.03658389936,-0.006725144968,-0.21,-0.03656482742,-0.006704465822,-0.2099873575,3.084149453e-05
4.784,-0.03666795264,-0.006792008763,-0.21,-0.03664837925,-0.006770589757,-0.2099874553,3.161109444e-05
4.785,-0.03675187734,-0.006858770283,-0.21,-0.03673180498,-0.006836612881,-0.2099875512,3.238551818e-05
4.786,-0.0368356698,-0.006925426602,-0.21,-0.03681510097,-0.006902532321,-0.2099876454,3.31641479e-05
4.787,-0.03691932635,-0.0069919748,-0.21,-0.03689826358,-0.006968345211,-0.2099877378,3.394641266e-05
4.788,-0.03700284331,-0.007058411965,-0.21,-0.03698128918,-0.007034048693,-0.2099878284,3.473178656e-05
4.789,-0.03708621705,-0.007124735194,-0.21,-0.03706417415,-0.007099639917,-0.2099879172,3.551978549e-05
4.79,-0.03716944392,-0.007190941588,-0.21,-0.03714691489,-0.007165116037,-0.2099880043,3.630996275e-05
4.791,-0.03725252028,-0.007257028261,-0.21,-0.0372295078,-0.007230474219,-0.2099880895,3.710190466e-05
4.792,-0.03733544253,-0.00732299233,-0.21,-0.03731194928,-0.007295711636,-0.2099881729,3.789522693e-05
4.793,-0.03741820704,-0.007388830924,-0.21,-0.03739423575,-0.007360825468,-0.2099882546,3.868957179e-05
4.794,-0.03750081022,-0.007454541179,-0.21,-0.03747636365,-0.007425812904,-0.2099883344,3.948460565e-05
4.795,-0.03758324847,-0.007520120239,-0.21,-0.03755832942,-0.007490671143,-0.2099884125,4.028001703e-05
4.796,-0.03766551823,-0.00758556526,-0.21,-0.03764012951,-0.007555397392,-0.2099884887,4.107551473e-05
4.797,-0.03774761592,-0.007650873403,-0.21,-0.03772176039,-0.007619988868,-0.2099885631,4.187082604e-05
4.798,-0.037829538,-0.007716041842,-0.21,-0.03780321853,-0.007684442794,-0.2099886357,4.266569517e-05
4.799,-0.0379112809,-0.007781067758,-0.21,-0.03788450041,-0.007748756407,-0.2099887065,4.345988169e-05
4.8,-0.03799284112,-0.007845948342,-0.21,-0.03796560254,-0.00781292695,-0.2099887755,4.425315912e-05
4.801,-0.03807421513,-0.007910680798,-0.21,-0.03804652142,-0.007876951678,-0.2099888427,4.504531364e-05
4.802,-0.03815539941,-0.007975262335,-0.21,-0.03812725359,-0.007940827856,-0.2099889081,4.583614295e-05
4.803,-0.0382363905,-0.008039690178,-0.21,-0.03820779555,-0.008004552756,-0.2099889717,4.662546091e-05
4.804,-0.03831718489,-0.008103961558,-0.21,-0.03828814384,-0.008068123649,-0.2099890335,4.741311198e-05
4.805,-0.03839777914,-0.008168073718,-0.21,-0.03836829493,-0.008131537809,-0.2099890936,4.819897217e-05
4.806,-0.03847816978,-0.008232023914,-0.21,-0.03844824533,-0.008194792515,-0.209989152,4.898294063e-05
4.807,-0.03855835338,-0.008295809411,-0.21,-0.03852799152,-0.008257885064,-0.2099892088,4.976492365e-05
4.808,-0.03863832651,-0.008359427486,-0.21,-0.03860753004,-0.00832081277,-0.2099892641,5.054481847e-05
4.809,-0.03871808578,-0.008422875427,-0.21,-0.03868685747,-0.008383572971,-0.2099893178,5.132250369e-05
4.81,-0.03879762778,-0.008486150535,-0.21,-0.03876597045,-0.008446163026,-0.20998937,5.209783927e-05
4.811,-0.03887694914,-0.008549250123,-0.21,-0.03884486565,-0.00850858031,-0.2099894206,5.287067495e-05
4.812,-0.03895604649,-0.008612171515,-0.21,-0.03892353975,-0.008570822207,-0.2099894696,5.364086254e-05
4.813,-0.03903491648,-0.008674912047,-0.21,-0.03900198948,-0.008632886105,-0.2099895171,5.440826697e-05
4.814,-0.03911355579,-0.00873746907,-0.21,-0.03908021152,-0.0086947694,-0.2099895629,5.517277193e-05
4.815,-0.03919196109,-0.008799839946,-0.21,-0.03915820256,-0.008756469496,-0.2099896072,5.593427865e-05
4.816,-0.0392701291,-0.00886202205,-0.21,-0.03923595932,-0.008817983809,-0.20998965,5.66926995e-05
4.817,-0.03934805652,-0.008924012771,-0.21,-0.03931347848,-0.008879309776,-0.2099896913,5.744794921e-05
4.818,-0.03942574009,-0.00898580951,-0.21,-0.0393907568,-0.008940444849,-0.2099897311,5.819993761e-05
4.819,-0.03950317656,-0.009047409684,-0.21,-0.03946779102,-0.009001386503,-0.2099897695,5.894856628e-05
4.82,-0.0395803627,-0.009108810721,-0.21,-0.03954457795,-0.009062132228,-0.2099898063,5.969372972e-05
4.821,-0.03965729529,-0.009170010065,-0.21,-0.0396211144,-0.009122679524,-0.2099898417,6.043531993e-05
4.822,-0.03973397114,-0.009231005174,-0.21,-0.03969739724,-0.009183025906,-0.2099898756,6.117323217e-05
4.823,-0.03981038708,-0.009291793519,-0.21,-0.03977342331,-0.009243168893,-0.209989908,6.190737024e-05
4.824,-0.03988653994,-0.009352372588,-0.21,-0.0398491895,-0.00930310601,-0.209989939,6.263765094e-05
4.825,-0.03996242658,-0.009412739882,-0.21,-0.03992469267,-0.00936283479,-0.2099899685,6.336400366e-05
4.826,-0.04003804387,-0.009472892917,-0.21,-0.03999992973,-0.009422352777,-0.2099899966,6.408636503e-05
4.827,-0.04011338873,-0.009532829226,-0.21,-0.04007489759,-0.009481657537,-0.2099900232,6.480467137e-05
4.828,-0.04018845806,-0.009592546355,-0.21,-0.04014959317,-0.00954074666,-0.2099900485,6.551885235e-05
4.829,-0.0402632488,-0.009652041867,-0.21,-0.04022401343,-0.009599617762,-0.2099900724,6.622882851e-05
4.83,-0.0403377579,-0.009711313341,-0.21,-0.04029815535,-0.009658268484,-0.2099900949,6.693451303e-05
4.831,-0.04041198235,-0.009770358372,-0.21,-0.04037201594,-0.009716696481,-0.2099901161,6.763581662e-05
4.832,-0.04048591913,-0.009829174571,-0.21,-0.04044559223,-0.009774899425,-0.2099901359,6.833265297e-05
4.833,-0.04055956527,-0.009887759565,-0.21,-0.04051888126,-0.009832874996,-0.2099901543,6.902494249e-05
4.834,-0.04063291781,-0.009946110998,-0.21,-0.0405918801,-0.009890620886,-0.2099901714,6.971261328e-05
4.835,-0.0407059738,-0.01000422653,-0.21,-0.04066458582,-0.009948134799,-0.2099901871,7.039559928e-05
4.836,-0.04077873033,-0.01006210384,-0.21,-0.04073699554,-0.01000541446,-0.2099902015,7.107383666e-05
4.837,-0.0408511845,-0.01011974063,-0.21,-0.04080910635,-0.01006245761,-0.2099902146,7.174726019e-05
4.838,-0.04092333343,-0.0101771346,-0.21,-0.04088091542,-0.01011926201,-0.2099902263,7.241580107e-05
4.839,-0.04099517427,-0.01023428349,-0.21,-0.04095241991,-0.01017582546,-0.2099902368,7.307938662e-05
4.84,-0.04106670419,-0.01029118505,-0.21,-0.041023617,-0.01023214575,-0.209990246,7.37379419e-05
4.841,-0.04113792038,-0.01034783703,-0.21,-0.04109450392,-0.01028822072,-0.2099902539,7.439139217e-05
4.842,-0.04120882006,-0.01040423723,-0.21,-0.04116507791,-0.0103440482,-0.2099902606,7.503966519e-05
4.843,-0.04127940046,-0.01046038346,-0.21,-0.04123533623,-0.01039962606,-0.2099902659,7.568269232e-05
4.844,-0.04134965886,-0.01051627352,-0.21,-0.04130527617,-0.01045495216,-0.20999027,7.632040842e-05
4.845,-0.04141959252,-0.01057190526,-0.21,-0.04137489503,-0.01051002438,-0.2099902729,7.695275047e-05
4.846,-0.04148919877,-0.01062727655,-0.21,-0.04144419015,-0.01056484065,-0.2099902745,7.757965592e-05
4.847,-0.04155847494,-0.01068238526,-0.21,-0.04151315888,-0.01061939889,-0.2099902749,7.820106114e-05
4.848,-0.04162741838,-0.01073722929,-0.21,-0.04158179859,-0.01067369705,-0.2099902741,7.881690083e-05
4.849,-0.04169602648,-0.01079180656,-0.21,-0.04165010669,-0.01072773312,-0.2099902721,7.942710835e-05
4.85,-0.04176429665,-0.010846115,-0.21,-0.04171808062,-0.01078150507,-0.2099902688,8.003161661e-05
4.851,-0.04183222632,-0.01090015258,-0.21,-0.04178571782,-0.01083501094,-0.2099902644,8.063035924e-05
4.852,-0.04189981294,-0.01095391727,-0.21,-0.04185301579,-0.01088824874,-0.2099902588,8.122327143e-05
4.853,-0.04196705401,-0.01100740708,-0.21,-0.04191997202,-0.01094121654,-0.209990252,8.181029019e-05
4.854,-0.04203394704,-0.01106062001,-0.21,-0.04198658407,-0.0109939124,-0.2099902441,8.239135394e-05
4.855,-0.04210048956,-0.01111355413,-0.21,-0.04205284947,-0.01104633441,-0.209990235,8.296640182e-05
4.856,-0.04216667914,-0.01116620747,-0.21,-0.04211876582,-0.01109848069,-0.2099902248,8.353537293e-05
4.857,-0.04223251336,-0.01121857814,-0.21,-0.04218433073,-0.01115034937,-0.2099902134,8.409820652e-05
4.858,-0.04229798984,-0.01127066423,-0.21,-0.04224954184,-0.01120193861,-0.2099902009,8.465484738e-05
4.859,-0.04236310624,-0.01132246387,-0.21,-0.04231439681,-0.01125324656,-0.2099901872,8.5205249e-05
4.86,-0.04242786022,-0.01137397521,-0.21,-0.04237889333,-0.01130427142,-0.2099901725,8.574937088e-05
4.861,-0.04249224948,-0.01142519642,-0.21,-0.04244302912,-0.01135501138,-0.2099901566,8.628717313e-05
4.862,-0.04255627175,-0.01147612569,-0.21,-0.04250680192,-0.01140546467,-0.2099901396,8.681861137e-05
4.863,-0.04261992479,-0.01152676124,-0.21,-0.04257020952,-0.01145562954,-0.2099901216,8.734363369e-05
4.864,-0.04268320638,-0.01157710131,-0.21,-0.04263324972,-0.0115055043,-0.2099901024,8.78621807e-05
4.865,-0.04274611434,-0.01162714415,-0.21,-0.04269592036,-0.01155508725,-0.2099900822,8.837418805e-05
4.866,-0.04280864652,-0.01167688806,-0.21,-0.0427582193,-0.01160437674,-0.2099900609,8.887959039e-05
4.867,-0.04287080077,-0.01172633134,-0.21,-0.04282014445,-0.01165337114,-0.2099900385,8.937832492e-05
4.868,-0.04293257501,-0.01177547232,-0.21,-0.04288169372,-0.01170206883,-0.2099900151,8.987033334e-05
4.869,-0.04299396717,-0.01182430935,-0.21,-0.04294286507,-0.01175046822,-0.2099899906,9.035556163e-05
4.87,-0.04305497521,-0.01187284083,-0.21,-0.04300365648,-0.01179856772,-0.209989965,9.083395806e-05
4.871,-0.04311559712,-0.01192106514,-0.21,-0.04306406597,-0.01184636578,-0.2099899385,9.130547052e-05
4.872,-0.04317583094,-0.01196898072,-0.21,-0.04312409158,-0.01189386088,-0.2099899109,9.177004266e-05
4.873,-0.0432356747,-0.01201658601,-0.21,-0.0431837314,-0.01194105154,-0.2099898822,9.222760962e-05
4.874,-0.0432951265,-0.01206387951,-0.21,-0.04324298356,-0.01198793628,-0.2099898526,9.267809848e-05
4.875,-0.04335418445,-0.0121108597,-0.21,-0.0433018462,-0.01203451367,-0.2099898219,9.312143189e-05
4.876,-0.04341284671,-0.01215752511,-0.21,-0.04336031752,-0.01208078232,-0.2099897902,9.355753405e-05
4.877,-0.04347111144,-0.01220387431,-0.21,-0.04341839574,-0.01212674082,-0.2099897574,9.398633606e-05
4.878,-0.04352897688,-0.01224990586,-0.21,-0.04347607907,-0.01217238782,-0.2099897236,9.44077784e-05
4.879,-0.04358644125,-0.01229561837,-0.21,-0.0435333658,-0.01221772196,-0.2099896888,9.482180973e-05
4.88,-0.04364350285,-0.01234101047,-0.21,-0.0435902542,-0.01226274192,-0.2099896529,9.522838295e-05
4.881,-0.04370015997,-0.01238608082,-0.21,-0.04364674261,-0.01230744641,-0.2099896161,9.562745041e-05
4.882,-0.04375641096,-0.01243082809,-0.21,-0.04370282938,-0.01235183416,-0.2099895783,9.601896009e-05
4.883,-0.04381225421,-0.01247525101,-0.21,-0.0437585129,-0.01239590393,-0.2099895395,9.640285429e-05
4.884,-0.04386768812,-0.0125193483,-0.21,-0.04381379162,-0.01243965451,-0.2099894997,9.677907079e-05
4.885,-0.04392271113,-0.01256311872,-0.21,-0.04386866401,-0.01248308473,-0.209989459,9.714754565e-05
4.886,-0.04397732173,-0.01260656107,-0.21,-0.04392312857,-0.01252619343,-0.2099894173,9.750821643e-05
4.887,-0.04403151844,-0.01264967417,-0.21,-0.04397718385,-0.01256897948,-0.2099893746,9.786102431e-05
4.888,-0.04408529979,-0.01269245686,-0.21,-0.04403082842,-0.01261144177,-0.209989331,9.820591457e-05
4.889,-0.04413866437,-0.01273490802,-0.21,-0.04408406088,-0.01265357924,-0.2099892865,9.854283548e-05
4.89,-0.0441916108,-0.01277702654,-0.21,-0.04413687986,-0.01269539083,-0.209989241,9.887173614e-05
4.891,-0.04424413774,-0.01281881135,-0.21,-0.04418928404,-0.01273687552,-0.2099891946,9.919256444e-05
4.892,-0.04429624387,-0.01286026141,-0.21,-0.04424127212,-0.01277803232,-0.2099891473,9.950526571e-05
4.893,-0.04434792792,-0.01290137572,-0.21,-0.04429284285,-0.01281886027,-0.2099890991,9.980978269e-05
4.894,-0.04439918866,-0.01294215328,-0.21,-0.04434399503,-0.01285935845,-0.20998905,0.0001001060565
4.895,-0.04445002487,-0.01298259314,-0.21,-0.04439472746,-0.01289952595,-0.209989,0.0001003940278
4.896,-0.04450043541,-0.01302269437,-0.21,-0.04444503902,-0.0129393619,-0.2099889492,0.0001006736389
4.897,-0.04455041913,-0.01306245607,-0.21,-0.04449492859,-0.01297886545,-0.2099888974,0.0001009448333
4.898,-0.04459997496,-0.01310187739,-0.21,-0.04454439513,-0.01301803578,-0.2099888448,0.0001012075566
4.899,-0.04464910183,-0.01314095747,-0.21,-0.04459343758,-0.01305687212,-0.2099887914,0.0001014617552
4.9,-0.04469779873,-0.01317969552,-0.21,-0.04464205497,-0.0130953737,-0.209988737,0.0001017073756
4.901,-0.04474606469,-0.01321809076,-0.21,-0.04469024633,-0.0131335398,-0.2099886819,0.0001019443633
4.902,-0.04479389877,-0.01325614243,-0.21,-0.04473801075,-0.01317136973,-0.2099886259,0.0001021726626
4.903,-0.04484130007,-0.01329384983,-0.21,-0.04478534734,-0.01320886282,-0.2099885691,0.000102392217
4.904,-0.04488826772,-0.01333121227,-0.21,-0.04483225528,-0.01324601844,-0.2099885114,0.0001026029693
4.905,-0.0449348009,-0.0133682291,-0.21,-0.04487873377,-0.013282836,-0.2099884529,0.0001028048627
4.906,-0.04498089884,-0.01340489969,-0.21,-0.04492478204,-0.01331931492,-0.2099883936,0.0001029978409
4.907,-0.04502656079,-0.01344122345,-0.21,-0.04497039939,-0.01335545466,-0.2099883335,0.0001031818487
4.908,-0.04507178604,-0.01347719982,-0.21,-0.04501558513,-0.01339125471,-0.2099882726,0.0001033568314
4.909,-0.04511657393,-0.01351282828,-0.21,-0.04506033863,-0.0134267146,-0.2099882109,0.0001035227346
4.91,-0.04516092384,-0.01354810832,-0.21,-0.04510465928,-0.01346183389,-0.2099881484,0.0001036795035
4.911,-0.04520483519,-0.0135830395,-0.21,-0.04514854653,-0.01349661215,-0.2099880852,0.0001038270833
4.912,-0.04524830744,-0.01361762137,-0.21,-0.04519199986,-0.01353104902,-0.2099880211,0.0001039654186
4.913,-0.04529134008,-0.01365185353,-0.21,-0.04523501879,-0.01356514416,-0.2099879562,0.0001040944535
4.914,-0.04533393266,-0.01368573563,-0.21,-0.0452776029,-0.01359889724,-0.2099878906,0.0001042141326
4.915,-0.04537608476,-0.01371926734,-0.21,-0.04531975179,-0.01363230799,-0.2099878242,0.0001043244003
4.916,-0.045417796,-0.01375244834,-0.21,-0.04536146511,-0.01366537616,-0.2099877571,0.0001044252018
4.917,-0.04545906605,-0.01378527838,-0.21,-0.04540274256,-0.01369810153,-0.2099876891,0.0001045164824
4.918,-0.04549989462,-0.01381775723,-0.21,-0.04544358387,-0.01373048394,-0.2099876205,0.0001045981878
4.919,-0.04554028147,-0.01384988468,-0.21,-0.04548398882,-0.01376252322,-0.209987551,0.0001046702639
4.92,-0.04558022638,-0.01388166058,-0.21,-0.04552395723,-0.01379421928,-0.2099874808,0.0001047326563
4.921,-0.0456197292,-0.0139130848,-0.21,-0.04556348896,-0.01382557202,-0.2099874098,0.0001047853109
4.922,-0.0456587898,-0.01394415723,-0.21,-0.04560258394,-0.01385658142,-0.2099873381,0.0001048281731
4.923,-0.04569740811,-0.01397487783,-0.21,-0.04564124209,-0.01388724745,-0.2099872657,0.0001048611888
4.924,-0.04573558411,-0.01400524657,-0.21,-0.04567946343,-0.01391757016,-0.2099871925,0.000104884304
4.925,-0.04577331779,-0.01403526346,-0.21,-0.04571724799,-0.01394754959,-0.2099871185,0.0001048974647
4.926,-0.04581060923,-0.01406492854,-0.21,-0.04575459586,-0.01397718585,-0.2099870438,0.0001049006176
4.927,-0.04584745852,-0.01409424189,-0.21,-0.04579150717,-0.01400647907,-0.2099869683,0.0001048937094
4.928,-0.04588386581,-0.01412320364,-0.21,-0.04582798209,-0.01403542942,-0.2099868922,0.0001048766872
4.929,-0.04591983129,-0.01415181393,-0.21,-0.04586402085,-0.01406403709,-0.2099868152,0.0001048494981
4.93,-0.04595535521,-0.01418007295,-0.21,-0.04589962371,-0.01409230233,-0.2099867375,0.0001048120894
4.931,-0.04599043783,-0.01420798094,-0.21,-0.04593479099,-0.01412022542,-0.2099866591,0.0001047644087
4.932,-0.0460250795,-0.01423553814,-0.21,-0.04596952304,-0.01414780667,-0.2099865799,0.0001047064034
4.933,-0.04605928059,-0.01426274487,-0.21,-0.04600382026,-0.01417504642,-0.2099865,0.0001046380216
4.934,-0.04609304152,-0.01428960146,-0.21,-0.04603768312,-0.01420194507,-0.2099864193,0.0001045592115
4.935,-0.04612636276,-0.01431610827,-0.21,-0.0460711121,-0.01422850304,-0.2099863379,0.0001044699218
4.936,-0.04615924482,-0.01434226572,-0.21,-0.04610410776,-0.01425472078,-0.2099862557,0.0001043701012
4.937,-0.04619168827,-0.01436807427,-0.21,-0.04613667068,-0.0142805988,-0.2099861727,0.0001042596991
4.938,-0.04622369373,-0.01439353438,-0.21,-0.04616880152,-0.01430613763,-0.2099860891,0.0001041386649
4.939,-0.04625526184,-0.01441864659,-0.21,-0.04620050095,-0.01433133784,-0.2099860046,0.0001040069487
4.94,-0.04628639331,-0.01444341147,-0.21,-0.04623176971,-0.01435620005,-0.2099859194,0.0001038645004
4.941,-0.04631708891,-0.0144678296,-0.21,-0.04626260859,-0.0143807249,-0.2099858334,0.0001037112706
4.942,-0.04634734943,-0.01449190163,-0.21,-0.04629301843,-0.01440491308,-0.2099857466,0.0001035472103
4.943,-0.04637717572,-0.01451562824,-0.21,-0.0463230001,-0.01442876532,-0.2099856591,0.0001033722707
4.944,-0.04640656869,-0.01453901014,-0.21,-0.04635255454,-0.01445228239,-0.2099855708,0.0001031864037
4.945,-0.04643552928,-0.01456204809,-0.21,-0.04638168274,-0.01447546509,-0.2099854816,0.0001029895616
4.946,-0.0464640585,-0.01458474289,-0.21,-0.04641038571,-0.01449831426,-0.2099853917,0.0001027816971
4.947,-0.0464921574,-0.01460709536,-0.21,-0.04643866456,-0.01452083079,-0.209985301,0.0001025627634
4.948,-0.04651982707,-0.01462910639,-0.21,-0.04646652039,-0.0145430156,-0.2099852096,0.0001023327143
4.949,-0.04654706866,-0.01465077689,-0.21,-0.04649395441,-0.01456486965,-0.2099851172,0.0001020915041
4.95,-0.04657388338,-0.01467210782,-0.21,-0.04652096784,-0.01458639394,-0.2099850241,0.0001018390874
4.951,-0.04660027248,-0.01469310016,-0.21,-0.04654756197,-0.01460758953,-0.2099849302,0.0001015754197
4.952,-0.04662623726,-0.01471375496,-0.21,-0.04657373813,-0.01462845749,-0.2099848354,0.000101300457
4.953,-0.04665177907,-0.01473407329,-0.21,-0.04659949771,-0.01464899895,-0.2099847398,0.0001010141559
4.954,-0.04667689932,-0.01475405628,-0.21,-0.04662484214,-0.01466921507,-0.2099846433,0.0001007164738
4.955,-0.04670159946,-0.01477370507,-0.21,-0.04664977293,-0.01468910706,-0.209984546,0.0001004073688
4.956,-0.04672588102,-0.01479302088,-0.21,-0.04667429161,-0.01470867616,-0.2099844478,0.0001000867997
4.957,-0.04674974553,-0.01481200494,-0.21,-0.04669839977,-0.01472792368,-0.2099843488,9.975472611e-05
4.958,-0.04677319463,-0.01483065853,-0.21,-0.04672209908,-0.01474685093,-0.2099842489,9.941110835e-05
4.959,-0.04679622998,-0.01484898299,-0.21,-0.04674539122,-0.01476545929,-0.2099841481,9.905590766e-05
4.96,-0.0468188533,-0.01486697968,-0.21,-0.04676827795,-0.01478375018,-0.2099840463,9.868908616e-05
4.961,-0.04684106636,-0.01488465002,-0.21,-0.04679076109,-0.01480172505,-0.2099839437,9.83106069e-05
4.962,-0.04686287099,-0.01490199545,-0.21,-0.04681284249,-0.0148193854,-0.2099838402,9.792043393e-05
4.963,-0.04688426907,-0.01491901747,-0.21,-0.04683452407,-0.01483673277,-0.2099837357,9.751853235e-05
4.964,-0.04690526253,-0.01493571763,-0.21,-0.0468558078,-0.01485376876,-0.2099836303,9.710486837e-05
4.965,-0.04692585338,-0.0149520975,-0.21,-0.04687669571,-0.01487049499,-0.2099835239,9.667940935e-05
4.966,-0.04694604364,-0.01496815871,-0.21,-0.04689718987,-0.01488691313,-0.2099834166,9.624212383e-05
4.967,-0.04696583542,-0.01498390294,-0.21,-0.04691729243,-0.01490302489,-0.2099833082,9.579298165e-05
4.968,-0.04698523088,-0.01499933189,-0.21,-0.04693700557,-0.01491883204,-0.2099831989,9.533195394e-05
4.969,-0.04700423222,-0.01501444732,-0.21,-0.04695633155,-0.01493433638,-0.2099830886,9.485901327e-05
4.97,-0.0470228417,-0.01502925104,-0.21,-0.04697527265,-0.01494953975,-0.2099829773,9.437413369e-05
4.971,-0.04704106166,-0.01504374489,-0.21,-0.04699383124,-0.01496444406,-0.2099828649,9.387729084e-05
4.972,-0.04705889447,-0.01505793077,-0.21,-0.04701200975,-0.01497905123,-0.2099827515,9.336846202e-05
4.973,-0.04707634256,-0.0150718106,-0.21,-0.04702981062,-0.01499336324,-0.2099826371,9.28476263e-05
4.974,-0.04709340843,-0.01508538638,-0.21,-0.04704723641,-0.01500738213,-0.2099825215,9.231476461e-05
4.975,-0.04711009461,-0.01509866012,-0.21,-0.04706428968,-0.01502110996,-0.2099824049,9.176985987e-05
4.976,-0.04712640372,-0.01511163391,-0.21,-0.04708097309,-0.01503454885,-0.2099822872,9.121289706e-05
4.977,-0.04714233842,-0.01512430985,-0.21,-0.04709728933,-0.01504770097,-0.2099821683,9.064386371e-05
4.978,-0.04715790143,-0.01513669011,-0.21,-0.04711324116,-0.01506056851,-0.2099820483,9.00627542e-05
4.979,-0.04717309552,-0.01514877691,-0.21,-0.04712883137,-0.01507315373,-0.2099819272,8.946957258e-05
4.98,-0.04718792353,-0.01516057249,-0.21,-0.04714406282,-0.01508545892,-0.209981805,8.886433167e-05
4.981,-0.04720238837,-0.01517207916,-0.21,-0.04715893839,-0.01509748641,-0.2099816816,8.824704899e-05
4.982,-0.04721649297,-0.01518329928,-0.21,-0.04717346106,-0.01510923859,-0.2099815572,8.761774201e-05
4.983,-0.04723024036,-0.01519423523,-0.21,-0.04718763384,-0.01512071789,-0.2099814316,8.697642474e-05
4.984,-0.0472436336,-0.01520488946,-0.21,-0.04720145984,-0.01513192682,-0.2099813049,8.632310717e-05
4.985,-0.04725667582,-0.01521526446,-0.21,-0.04721494224,-0.0151428679,-0.209981177,8.56577974e-05
4.986,-0.04726937023,-0.01522536277,-0.21,-0.04722808426,-0.01515354371,-0.209981048,8.498050551e-05
4.987,-0.04728172006,-0.01523518698,-0.21,-0.0472408892,-0.01516395689,-0.2099809178,8.429124726e-05
4.988,-0.04729372863,-0.01524473971,-0.21,-0.04725336042,-0.01517411011,-0.2099807864,8.359004655e-05
4.989,-0.04730539932,-0.01525402366,-0.21,-0.04726550133,-0.0151840061,-0.2099806537,8.287693585e-05
4.99,-0.04731673555,-0.01526304155,-0.21,-0.04727731539,-0.01519364761,-0.2099805199,8.215195501e-05
4.991,-0.04732774081,-0.01527179616,-0.21,-0.04728880611,-0.01520303747,-0.2099803848,8.14151492e-05
4.992,-0.04733841867,-0.01528029032,-0.21,-0.04729997708,-0.01521217855,-0.2099802484,8.066656719e-05
4.993,-0.04734877273,-0.01528852691,-0.21,-0.04731083195,-0.01522107377,-0.2099801108,7.990626126e-05
4.994,-0.04735880669,-0.01529650885,-0.21,-0.04732137443,-0.01522972609,-0.2099799719,7.913428916e-05
4.995,-0.04736852427,-0.01530423912,-0.21,-0.0473316083,-0.01523813853,-0.2099798318,7.835071561e-05
4.996,-0.04737792928,-0.01531172074,-0.21,-0.04734153744,-0.01524631414,-0.2099796903,7.755561322e-05
4.997,-0.04738702558,-0.01531895679,-0.21,-0.04735116574,-0.01525425605,-0.2099795475,7.674906301e-05
4.998,-0.04739581711,-0.01532595039,-0.21,-0.04736049718,-0.01526196741,-0.2099794034,7.593115478e-05
4.999,-0.04740430785,-0.01533270471,-0.21,-0.04736953581,-0.01526945144,-0.2099792579,7.510198771e-05
5,-0.04741250187,-0.01533922299,-0.21,-0.0473782857,-0.01527671141,-0.209979111,7.4261671e-05
5.001,-0.04742040326,-0.0153455085,-0.21,-0.04738675101,-0.01528375064,-0.2099789627,7.341032477e-05
5.002,-0.04742801623,-0.01535156456,-0.21,-0.04739493596,-0.01529057251,-0.209978813,7.254808114e-05
5.003,-0.04743534501,-0.01535739456,-0.21,-0.04740284482,-0.01529718043,-0.2099786619,7.167508533e-05
5.004,-0.04744239392,-0.01536300191,-0.21,-0.04741048194,-0.01530357789,-0.2099785094,7.0791497e-05
5.005,-0.04744916732,-0.01536839011,-0.21,-0.04741785174,-0.01530976841,-0.2099783554,6.989749111e-05
5.006,-0.04745566967,-0.01537356268,-0.21,-0.04742495871,-0.01531575558,-0.2099781999,6.899325432e-05
5.007,-0.04746190546,-0.01537852321,-0.21,-0.04743180739,-0.01532154305,-0.2099780429,6.807898286e-05
5.008,-0.04746787926,-0.01538327533,-0.21,-0.04743840239,-0.01532713453,-0.2099778843,6.715488541e-05
5.009,-0.04747359572,-0.01538782273,-0.21,-0.0474447484,-0.01533253381,-0.2099777241,6.622119098e-05
5.01,-0.04747905952,-0.01539216915,-0.21,-0.04745085015,-0.01533774469,-0.2099775624,6.527815833e-05
5.011,-0.04748427545,-0.01539631838,-0.21,-0.04745671243,-0.01534277104,-0.209977399,6.432608338e-05
5.012,-0.04748924833,-0.01540027427,-0.21,-0.04746234013,-0.01534761675,-0.2099772339,6.336530226e-05
5.013,-0.04749398307,-0.01540404072,-0.21,-0.04746773818,-0.01535228577,-0.2099770672,6.23961906e-05
5.014,-0.04749848463,-0.01540762168,-0.21,-0.04747291159,-0.0153567821,-0.2099768987,6.141915417e-05
5.015,-0.04750275805,-0.01541102116,-0.21,-0.04747786545,-0.0153611098,-0.2099767286,6.043461752e-05
5.016,-0.04750680843,-0.01541424321,-0.21,-0.04748260493,-0.01536527304,-0.2099765567,5.944302849e-05
5.017,-0.04751064094,-0.01541729195,-0.21,-0.04748713526,-0.01536927604,-0.2099763831,5.844487483e-05
5.018,-0.04751426082,-0.01542017154,-0.21,-0.04749146174,-0.01537312305,-0.2099762076,5.744070346e-05
5.019,-0.04751767338,-0.0154228862,-0.21,-0.04749558972,-0.0153768184,-0.2099760304,5.643113682e-05
5.02,-0.04752088399,-0.01542544022,-0.21,-0.04749952462,-0.01538036641,-0.2099758513,5.541688298e-05
5.021,-0.04752389809,-0.01542783791,-0.21,-0.04750327194,-0.01538377148,-0.2099756703,5.43987394e-05
5.022,-0.04752672119,-0.01543008367,-0.21,-0.04750683723,-0.01538703801,-0.2099754874,5.337759251e-05
5.023,-0.04752935889,-0.01543218194,-0.21,-0.04751022611,-0.01539017048,-0.2099753027,5.235441712e-05
5.024,-0.04753181682,-0.01543413721,-0.21,-0.04751344429,-0.01539317343,-0.2099751159,5.133027934e-05
5.025,-0.04753410071,-0.01543595403,-0.21,-0.04751649753,-0.01539605147,-0.2099749273,5.030634529e-05
5.026,-0.04753621636,-0.01543763701,-0.21,-0.04751939169,-0.01539880927,-0.2099747366,4.928389565e-05
5.027,-0.04753816961,-0.01543919081,-0.21,-0.04752213272,-0.01540145158,-0.2099745439,4.826433759e-05
5.028,-0.04753996641,-0.01544062015,-0.21,-0.04752472671,-0.01540398323,-0.2099743489,4.724922196e-05
5.029,-0.04754161275,-0.0154419298,-0.21,-0.0475271799,-0.01540640911,-0.2099741517,4.624027058e-05
5.03,-0.04754311471,-0.0154431246,-0.21,-0.04752949862,-0.01540873416,-0.2099739519,4.523940856e-05
5.031,-0.04754447843,-0.01544420943,-0.21,-0.04753168926,-0.01541096335,-0.2099737494,4.424879423e-05
5.032,-0.04754571013,-0.01544518924,-0.21,-0.04753375823,-0.0154131017,-0.2099735442,4.327083972e-05
5.033,-0.04754681609,-0.01544606902,-0.21,-0.04753571193,-0.01541515422,-0.2099733362,4.23082208e-05
5.034,-0.04754780268,-0.01544685385,-0.21,-0.04753755674,-0.01541712601,-0.2099731254,4.136388067e-05
5.035,-0.04754867633,-0.01544754883,-0.21,-0.04753929908,-0.01541902222,-0.2099729117,4.044103556e-05
5.036,-0.04754944354,-0.01544815914,-0.21,-0.04754094542,-0.01542084808,-0.2099726952,3.95431877e-05
5.037,-0.04755011089,-0.01544869001,-0.21,-0.04754250234,-0.01542260888,-0.2099724759,3.867414648e-05
5.038,-0.04755068503,-0.01544914674,-0.21,-0.04754397653,-0.01542431,-0.2099722538,3.783805239e-05
5.039,-0.04755117268,-0.01544953466,-0.21,-0.04754537479,-0.01542595685,-0.2099720288,3.703939493e-05
5.04,-0.04755158064,-0.01544985919,-0.21,-0.04754670404,-0.01542755492,-0.2099718008,3.628301484e-05
5.041,-0.04755191579,-0.0154501258,-0.21,-0.04754797129,-0.01542910969,-0.2099715697,3.557408441e-05
5.042,-0.04755218506,-0.01545034,-0.21,-0.04754918356,-0.01543062673,-0.2099713356,3.491806364e-05
5.043,-0.04755239547,-0.01545050738,-0.21,-0.04755034797,-0.01543211163,-0.2099710983,3.432063467e-05
5.044,-0.04755255413,-0.01545063359,-0.21,-0.04755147163,-0.01543357006,-0.2099708578,3.378761844e-05
5.045,-0.04755266819,-0.01545072433,-0.21,-0.04755256171,-0.01543500775,-0.2099706142,3.332487755e-05
5.046,-0.04755274491,-0.01545078536,-0.21,-0.04755362545,-0.01543643051,-0.2099703674,3.293820685e-05
5.047,-0.0475527916,-0.0154508225,-0.21,-0.04755467017,-0.01543784422,-0.2099701175,3.263321152e-05
5.048,-0.04755281565,-0.01545084163,-0.21,-0.04755570327,-0.01543925482,-0.2099698645,3.241517223e-05
5.049,-0.04755282454,-0.01545084871,-0.21,-0.04755673227,-0.01544066829,-0.2099696082,3.228889944e-05
5.05,-0.04755282581,-0.01545084972,-0.21,-0.04755776477,-0.01544209069,-0.2099693487,3.225858386e-05
5.051,-0.04755282419,-0.01545084979,-0.21,-0.04755880845,-0.0154435281,-0.2099690859,3.232797826e-05
5.052,-0.04755281284,-0.01545085029,-0.21,-0.04755976574,-0.01544491126,-0.2099688042,3.250833067e-05
5.053,-0.04755278213,-0.01545085163,-0.21,-0.04756040249,-0.01544608748,-0.209968527,3.273099553e-05
5.054,-0.04755272253,-0.01545085423,-0.21,-0.04756049073,-0.0154469369,-0.2099683658,3.280869809e-05
5.055,-0.0475526246,-0.01545085851,-0.21,-0.04755990916,-0.01544743443,-0.2099684394,3.257082957e-05
5.056,-0.04755247898,-0.01545086487,-0.21,-0.04755868284,-0.01544765492,-0.2099687821,3.198984468e-05
5.057,-0.04755227644,-0.01545087372,-0.21,-0.04755696718,-0.01544773534,-0.209969319,3.11957606e-05
5.058,-0.04755200783,-0.01545088546,-0.21,-0.04755499069,-0.01544781705,-0.2099699084,3.039440065e-05
5.059,-0.04755166408,-0.01545090048,-0.21,-0.04755297933,-0.01544799372,-0.2099704098,2.976167852e-05
5.06,-0.04755123623,-0.01545091918,-0.21,-0.04755108823,-0.01544828473,-0.2099707399,2.937881546e-05
5.061,-0.04755071543,-0.01545094193,-0.21,-0.04754936326,-0.0154486418,-0.2099708936,2.922841469e-05
5.062,-0.04755009289,-0.01545096914,-0.21,-0.04754774229,-0.01544898213,-0.2099709327,2.922981649e-05
5.063,-0.04754935995,-0.01545100116,-0.21,-0.04754609174,-0.01544923117,-0.2099709524,2.928446152e-05
5.064,-0.04754850802,-0.01545103839,-0.21,-0.04754426162,-0.01544935609,-0.2099710425,2.931549308e-05
5.065,-0.0475475286,-0.01545108119,-0.21,-0.04754213821,-0.01544937705,-0.2099712572,2.929353366e-05
5.066,-0.0475464133,-0.01545112992,-0.21,-0.04753967691,-0.01544935441,-0.2099716009,2.924107853e-05
5.067,-0.04754515382,-0.01545118495,-0.21,-0.0475369068,-0.01544936013,-0.2099720341,2.921356385e-05
5.068,-0.04754374195,-0.01545124665,-0.21,-0.0475339095,-0.01544944717,-0.2099724927,2.926714561e-05
5.069,-0.04754216957,-0.01545131535,-0.21,-0.04753078294,-0.01544963016,-0.2099729128,2.943143143e-05
5.07,-0.04754042865,-0.01545139143,-0.21,-0.04752760436,-0.01544988381,-0.2099732526,2.970115473e-05
5.071,-0.04753851126,-0.01545147521,-0.21,-0.04752440511,-0.01545015796,-0.2099735028,3.004696623e-05
5.072,-0.04753640954,-0.01545156704,-0.21,-0.04752116405,-0.01545040108,-0.2099736852,3.043437785e-05
5.073,-0.04753411576,-0.01545166727,-0.21,-0.04751781922,-0.01545058186,-0.2099738408,3.083927626e-05
5.074,-0.04753162225,-0.01545177623,-0.21,-0.04751429156,-0.01545070017,-0.2099740126,3.125466139e-05
5.075,-0.04752892142,-0.01545189424,-0.21,-0.04751051107,-0.01545078429,-0.2099742315,3.168893633e-05
5.076,-0.04752600582,-0.01545202165,-0.21,-0.04750643642,-0.01545087687,-0.209974507,3.215847236e-05
5.077,-0.04752286803,-0.01545215875,-0.21,-0.04750206247,-0.01545101671,-0.2099748273,3.26778392e-05
5.078,-0.04751950076,-0.01545230589,-0.21,-0.04749741481,-0.01545122386,-0.2099751665,3.325151087e-05
5.079,-0.04751589679,-0.01545246337,-0.21,-0.04749253485,-0.01545149379,-0.209975495,3.387057686e-05
5.08,-0.047512049,-0.0154526315,-0.21,-0.04748746167,-0.01545180183,-0.2099757899,3.451597211e-05
5.081,-0.04750795035,-0.0154528106,-0.21,-0.04748221708,-0.01545211507,-0.2099760418,3.516646721e-05
5.082,-0.0475035939,-0.01545300096,-0.21,-0.04747679824,-0.01545240612,-0.2099762556,3.58072232e-05
5.083,-0.04749897277,-0.01545320288,-0.21,-0.04747117946,-0.01545266337,-0.2099764472,3.643479934e-05
5.084,-0.0474940802,-0.01545341667,-0.21,-0.04746532128,-0.01545289378,-0.2099766364,3.705681038e-05
5.085,-0.0474889095,-0.01545364261,-0.21,-0.04745918294,-0.01545311842,-0.2099768401,3.768719061e-05
5.086,-0.04748345407,-0.01545388099,-0.21,-0.04745273374,-0.01545336284,-0.209977067,3.833964238e-05
5.087,-0.0474777074,-0.01545413209,-0.21,-0.04744595964,-0.01545364698,-0.2099773162,3.902194027e-05
5.088,-0.04747166305,-0.01545439621,-0.21,-0.04743886364,-0.01545397826,-0.2099775784,3.973292631e-05
5.089,-0.04746531469,-0.01545467361,-0.21,-0.04743146053,-0.01545435027,-0.2099778405,4.046294352e-05
5.09,-0.04745865606,-0.01545496456,-0.21,-0.04742376845,-0.01545474687,-0.2099780904,4.119735838e-05
5.091,-0.04745168098,-0.01545526934,-0.21,-0.0474158004,-0.01545514951,-0.2099783204,4.192178478e-05
5.092,-0.04744438338,-0.01545558822,-0.21,-0.04740755852,-0.01545554455,-0.2099785294,4.262696707e-05
5.093,-0.04743675724,-0.01545592145,-0.21,-0.04739903261,-0.01545592794,-0.2099787225,4.331144205e-05
5.094,-0.04742879666,-0.0154562693,-0.21,-0.04739020296,-0.01545630564,-0.2099789082,4.398111936e-05
5.095,-0.04742049579,-0.01545663201,-0.21,-0.04738104594,-0.0154566903,-0.2099790956,4.464624276e-05
5.096,-0.04741184889,-0.01545700985,-0.21,-0.04737154025,-0.01545709583,-0.2099792913,4.53171426e-05
5.097,-0.04740285028,-0.01545740305,-0.21,-0.04736167178,-0.01545753215,-0.2099794975,4.600042377e-05
5.098,-0.04739349439,-0.01545781186,-0.21,-0.04735143547,-0.01545800206,-0.2099797119,4.669682995e-05
5.099,-0.04738377571,-0.01545823653,-0.21,-0.0473408341,-0.01545850124,-0.2099799293,4.740131428e-05
5.1,-0.04737368881,-0.01545867729,-0.21,-0.0473298746,-0.01545902073,-0.2099801431,4.810509543e-05
5.101,-0.04736322837,-0.01545913437,-0.21,-0.04731856344,-0.01545955095,-0.2099803481,4.879885147e-05
5.102,-0.04735238912,-0.015459608,-0.21,-0.04730690276,-0.01546008536,-0.2099805417,4.947586063e-05
5.103,-0.04734116589,-0.01546009841,-0.21,-0.04729488837,-0.01546062254,-0.2099807248,5.013397978e-05
5.104,-0.04732955358,-0.01546060582,-0.21,-0.04728251008,-0.01546116614,-0.2099809007,5.07758514e-05
5.105,-0.04731754718,-0.01546113045,-0.21,-0.04726975404,-0.01546172294,-0.2099810741,5.140743281e-05
5.106,-0.04730514176,-0.01546167252,-0.21,-0.04725660605,-0.0154623001,-0.2099812493,5.203554056e-05
5.107,-0.04729233245,-0.01546223224,-0.21,-0.04724305465,-0.01546290252,-0.2099814288,5.266535597e-05
5.108,-0.04727911449,-0.01546280981,-0.21,-0.04722909301,-0.01546353151,-0.2099816129,5.329874156e-05
5.109,-0.04726548318,-0.01546340544,-0.21,-0.04721471907,-0.01546418483,-0.2099817995,5.393385321e-05
5.11,-0.0472514339,-0.01546401934,-0.21,-0.04719993413,-0.01546485807,-0.2099819855,5.456605313e-05
5.111,-0.04723696212,-0.0154646517,-0.21,-0.04718474048,-0.0154655466,-0.2099821674,5.518969663e-05
5.112,-0.04722206337,-0.01546530271,-0.21,-0.04716913898,-0.01546624735,-0.209982343,5.580010513e-05
5.113,-0.04720673327,-0.01546597258,-0.21,-0.04715312741,-0.01546695974,-0.2099825118,5.639502865e-05
5.114,-0.04719096753,-0.01546666148,-0.21,-0.04713670006,-0.01546768564,-0.2099826749,5.697513825e-05
5.115,-0.0471747619,-0.0154673696,-0.21,-0.04711984855,-0.01546842838,-0.2099828345,5.754347115e-05
5.116,-0.04715811224,-0.01546809712,-0.21,-0.04710256348,-0.0154691915,-0.2099829933,5.810412409e-05
5.117,-0.04714101448,-0.01546884423,-0.21,-0.04708483631,-0.01546997744,-0.2099831534,5.86607191e-05
5.118,-0.04712346462,-0.01546961109,-0.21,-0.04706666074,-0.01547078697,-0.2099833155,5.92151873e-05
5.119,-0.04710545874,-0.01547039787,-0.21,-0.04704803322,-0.01547161918,-0.209983479,5.976725155e-05
5.12,-0.04708699299,-0.01547120475,-0.21,-0.04702895255,-0.01547247209,-0.2099836426,6.031471413e-05
5.121,-0.04706806361,-0.01547203189,-0.21,-0.04700941869,-0.01547334363,-0.2099838041,6.085437374e-05
5.122,-0.04704866689,-0.01547287945,-0.21,-0.04698943135,-0.01547423234,-0.209983962,6.138319854e-05
5.123,-0.04702879922,-0.01547374759,-0.21,-0.04696898889,-0.01547513792,-0.2099841155,6.189932861e-05
5.124,-0.04700845704,-0.01547463646,-0.21,-0.04694808774,-0.01547606121,-0.2099842647,6.240258005e-05
5.125,-0.0469876369,-0.01547554621,-0.21,-0.04692672261,-0.01547700373,-0.2099844109,6.289432642e-05
5.126,-0.04696633538,-0.01547647701,-0.21,-0.04690488727,-0.01547796717,-0.2099845554,6.337686078e-05
5.127,-0.04694454916,-0.01547742898,-0.21,-0.04688257561,-0.01547895281,-0.2099846997,6.385250948e-05
5.128,-0.046922275,-0.01547840227,-0.21,-0.04685978255,-0.01547996116,-0.2099848445,6.432282611e-05
5.129,-0.04689950971,-0.01547939702,-0.21,-0.04683650452,-0.01548099201,-0.2099849898,6.478813269e-05
5.13,-0.04687625018,-0.01548041337,-0.21,-0.04681273945,-0.0154820446,-0.2099851351,6.524752932e-05
5.131,-0.04685249338,-0.01548145145,-0.21,-0.04678848621,-0.01548311806,-0.2099852791,6.569932164e-05
5.132,-0.04682823634,-0.01548251138,-0.21,-0.04676374388,-0.01548421171,-0.2099854208,6.614167783e-05
5.133,-0.04680347618,-0.0154835933,-0.21,-0.04673851099,-0.01548532538,-0.2099855597,6.657326693e-05
5.134,-0.04677821007,-0.01548469733,-0.21,-0.0467127851,-0.01548645935,-0.2099856955,6.699366133e-05
5.135,-0.04675243526,-0.01548582359,-0.21,-0.04668656275,-0.01548761429,-0.2099858288,6.740338935e-05
5.136,-0.04672614907,-0.01548697219,-0.21,-0.04665983981,-0.01548879099,-0.2099859604,6.780365578e-05
5.137,-0.04669934889,-0.01548814325,-0.21,-0.04663261204,-0.01548999013,-0.2099860911,6.819586044e-05
5.138,-0.04667203219,-0.01548933688,-0.21,-0.04660487561,-0.0154912121,-0.2099862216,6.8581101e-05
5.139,-0.04664419648,-0.01549055319,-0.21,-0.04657662753,-0.01549245694,-0.2099863519,6.895983167e-05
5.14,-0.04661583938,-0.01549179228,-0.21,-0.04654786569,-0.01549372447,-0.2099864819,6.933177849e-05
5.141,-0.04658695854,-0.01549305426,-0.21,-0.04651858869,-0.01549501435,-0.2099866109,6.969611328e-05
5.142,-0.04655755171,-0.01549433922,-0.21,-0.04648879537,-0.01549632628,-0.2099867383,7.005179969e-05
5.143,-0.04652761668,-0.01549564726,-0.21,-0.04645848447,-0.01549766013,-0.2099868638,7.039797474e-05
5.144,-0.04649715133,-0.01549697847,-0.21,-0.04642765425,-0.01549901597,-0.2099869871,7.073423132e-05
5.145,-0.04646615359,-0.01549833295,-0.21,-0.04639630245,-0.01550039407,-0.2099871084,7.106071505e-05
5.146,-0.04643462149,-0.01549971078,-0.21,-0.04636442635,-0.01550179479,-0.2099872281,7.137802192e-05
5.147,-0.04640255307,-0.01550111204,-0.21,-0.0463320231,-0.01550321849,-0.2099873468,7.168695291e-05
5.148,-0.0463699465,-0.01550253681,-0.21,-0.04629909002,-0.01550466547,-0.2099874647,7.1988225e-05
5.149,-0.04633679996,-0.01550398519,-0.21,-0.04626562486,-0.01550613586,-0.2099875822,7.228224218e-05
5.15,-0.04630311175,-0.01550545723,-0.21,-0.0462316259,-0.01550762965,-0.209987699,7.256899856e-05
5.151,-0.04626888018,-0.01550695301,-0.21,-0.04619709185,-0.01550914676,-0.209987815,7.284813247e-05
5.152,-0.04623410366,-0.0155084726,-0.21,-0.0461620217,-0.01551068705,-0.2099879298,7.311909696e-05
5.153,-0.04619878067,-0.01551001608,-0.21,-0.04612641447,-0.01551225044,-0.2099880432,7.338137558e-05
5.154,-0.04616290973,-0.01551158349,-0.21,-0.04609026898,-0.01551383691,-0.2099881549,7.36346647e-05
5.155,-0.04612648944,-0.01551317491,-0.21,-0.04605358382,-0.01551544655,-0.209988265,7.387896347e-05
5.156,-0.04608951846,-0.0155147904,-0.21,-0.0460163573,-0.01551707953,-0.2099883737,7.41145505e-05
5.157,-0.04605199552,-0.01551643,-0.21,-0.04597858764,-0.01551873605,-0.2099884814,7.434186759e-05
5.158,-0.04601391939,-0.01551809378,-0.21,-0.04594027313,-0.01552041629,-0.2099885881,7.456136041e-05
5.159,-0.04597528893,-0.01551978177,-0.21,-0.04590141227,-0.01552212039,-0.2099886942,7.477333548e-05
5.16,-0.04593610305,-0.01552149404,-0.21,-0.04586200388,-0.0155238484,-0.2099887995,7.497788057e-05
5.161,-0.04589636073,-0.01552323062,-0.21,-0.04582204706,-0.0155256003,-0.2099889039,7.517486884e-05
5.162,-0.04585606101,-0.01552499156,-0.21,-0.04578154112,-0.01552737605,-0.2099890073,7.536403617e-05
5.163,-0.04581520297,-0.01552677689,-0.21,-0.04574048546,-0.01552917558,-0.2099891095,7.55450971e-05
5.164,-0.04577378578,-0.01552858665,-0.21,-0.04569887944,-0.01553099886,-0.2099892105,7.571785551e-05
5.165,-0.04573180867,-0.01553042089,-0.21,-0.04565672229,-0.0155328459,-0.2099893101,7.588227253e-05
5.166,-0.04568927091,-0.01553227962,-0.21,-0.04561401315,-0.01553471676,-0.2099894085,7.603847337e-05
5.167,-0.04564617184,-0.01553416287,-0.21,-0.04557075109,-0.01553661156,-0.2099895058,7.618669726e-05
5.168,-0.04560251086,-0.01553607068,-0.21,-0.04552693521,-0.01553853039,-0.2099896022,7.632721397e-05
5.169,-0.04555828744,-0.01553800307,-0.21,-0.04548256473,-0.01554047336,-0.2099896977,7.64602393e-05
5.17,-0.0455135011,-0.01553996005,-0.21,-0.04543763906,-0.0155424405,-0.2099897924,7.658587842e-05
5.171,-0.04546815141,-0.01554194165,-0.21,-0.04539215778,-0.01554443184,-0.2099898863,7.670411347e-05
5.172,-0.04542223802,-0.01554394789,-0.21,-0.04534612065,-0.01554644733,-0.2099899792,7.681483473e-05
5.173,-0.04537576062,-0.01554597876,-0.21,-0.0452995275,-0.01554848693,-0.209990071,7.691789973e-05
5.174,-0.04532871896,-0.01554803429,-0.21,-0.04525237821,-0.01555055059,-0.2099901617,7.701319711e-05
5.175,-0.04528111286,-0.01555011449,-0.21,-0.04520467262,-0.0155526383,-0.2099902513,7.710069275e-05
5.176,-0.04523294218,-0.01555221936,-0.21,-0.04515641051,-0.01555475008,-0.2099903398,7.718044435e-05
5.177,-0.04518420686,-0.0155543489,-0.21,-0.04510759167,-0.01555688595,-0.2099904272,7.725258305e-05
5.178,-0.04513490687,-0.01555650311,-0.21,-0.04505821591,-0.01555904598,-0.2099905136,7.73172719e-05
5.179,-0.04508504226,-0.01555868199,-0.21,-0.04500828309,-0.0155612302,-0.2099905992,7.737465827e-05
5.18,-0.04503461312,-0.01556088554,-0.21,-0.04495779322,-0.01556343865,-0.2099906839,7.742483682e-05
5.181,-0.0449836196,-0.01556311376,-0.21,-0.04490674641,-0.01556567132,-0.2099907676,7.746783479e-05
5.182,-0.04493206191,-0.01556536662,-0.21,-0.04485514289,-0.01556792817,-0.2099908504,7.750362202e-05
5.183,-0.04487994031,-0.01556764413,-0.21,-0.04480298299,-0.01557020917,-0.2099909323,7.753213949e-05
5.184,-0.04482725513,-0.01556994626,-0.21,-0.04475026708,-0.01557251427,-0.2099910131,7.755333453e-05
5.185,-0.04477400672,-0.015572273,-0.21,-0.04469699553,-0.01557484342,-0.2099910928,7.756718994e-05
5.186,-0.04472019551,-0.01557462434,-0.21,-0.04464316874,-0.01557719662,-0.2099911714,7.75737377e-05
5.187,-0.044665822,-0.01557700024,-0.21,-0.04458878709,-0.01557957384,-0.2099912491,7.757305429e-05
5.188,-0.0446108867,-0.01557940069,-0.21,-0.04453385101,-0.01558197511,-0.2099913257,7.756524131e-05
5.189,-0.0445553902,-0.01558182567,-0.21,-0.04447836098,-0.01558440042,-0.2099914014,7.755039968e-05
5.19,-0.04449933314,-0.01558427514,-0.21,-0.04442231755,-0.01558684977,-0.2099914762,7.752860705e-05
5.191,-0.04444271622,-0.01558674907,-0.21,-0.04436572136,-0.01558932314,-0.20999155,7.749990562e-05
5.192,-0.04438554017,-0.01558924744,-0.21,-0.04430857315,-0.01559182049,-0.2099916229,7.746430355e-05
5.193,-0.04432780579,-0.0155917702,-0.21,-0.04425087372,-0.01559434175,-0.2099916947,7.742178784e-05
5.194,-0.04426951393,-0.01559431732,-0.21,-0.04419262394,-0.01559688689,-0.2099917656,7.737234299e-05
5.195,-0.04421066548,-0.01559688876,-0.21,-0.04413382469,-0.01559945583,-0.2099918354,7.731596837e-05
5.196,-0.0441512614,-0.01559948448,-0.21,-0.0440744769,-0.01560204855,-0.2099919041,7.725268858e-05
5.197,-0.04409130268,-0.01560210444,-0.21,-0.04401458151,-0.01560466499,-0.2099919718,7.718255392e-05
5.198,-0.04403079037,-0.01560474858,-0.21,-0.04395413949,-0.01560730514,-0.2099920385,7.710563202e-05
5.199,-0.04396972558,-0.01560741687,-0.21,-0.04389315188,-0.01560996896,-0.2099921042,7.702199445e-05
5.2,-0.04390810944,-0.01561010925,-0.21,-0.04383161975,-0.01561265642,-0.2099921689,7.693170353e-05
5.201,-0.04384594317,-0.01561282567,-0.21,-0.04376954425,-0.01561536747,-0.2099922326,7.683480375e-05
5.202,-0.04378322799,-0.01561556607,-0.21,-0.04370692661,-0.01561810205,-0.2099922953,7.673132028e-05
5.203,-0.04371996522,-0.0156183304,-0.21,-0.0436437681,-0.0156208601,-0.2099923569,7.662126429e-05
5.204,-0.04365615619,-0.0156211186,-0.21,-0.04358007005,-0.01562364156,-0.2099924175,7.650464237e-05
5.205,-0.0435918023,-0.01562393061,-0.21,-0.04351583386,-0.01562644635,-0.2099924771,7.638146654e-05
5.206,-0.04352690499,-0.01562676636,-0.21,-0.04345106092,-0.0156292744,-0.2099925355,7.625176116e-05
5.207,-0.04346146573,-0.01562962579,-0.21,-0.04338575269,-0.01563212566,-0.2099925929,7.611556482e-05
5.208,-0.04339548608,-0.01563250884,-0.21,-0.04331991065,-0.01563500006,-0.2099926492,7.597292711e-05
5.209,-0.04332896759,-0.01563541543,-0.21,-0.04325353631,-0.01563789755,-0.2099927045,7.582390198e-05
5.21,-0.04326191191,-0.0156383455,-0.21,-0.04318663125,-0.01564081807,-0.2099927587,7.566854032e-05
5.211,-0.0431943207,-0.01564129896,-0.21,-0.04311919711,-0.01564376154,-0.2099928118,7.55068844e-05
5.212,-0.04312619569,-0.01564427575,-0.21,-0.04305123555,-0.0156467279,-0.2099928638,7.533896597e-05
5.213,-0.04305753863,-0.01564727579,-0.21,-0.04298274833,-0.01564971706,-0.2099929148,7.516480809e-05
5.214,-0.04298835133,-0.015650299,-0.21,-0.04291373724,-0.01565272895,-0.2099929646,7.498442976e-05
5.215,-0.04291863565,-0.0156533453,-0.21,-0.04284420409,-0.01565576346,-0.2099930133,7.479785139e-05
5.216,-0.04284839349,-0.0156564146,-0.21,-0.04277415077,-0.01565882053,-0.2099930609,7.460509912e-05
5.217,-0.04277762678,-0.01565950682,-0.21,-0.04270357917,-0.01566190006,-0.2099931074,7.44062067e-05
5.218,-0.04270633751,-0.01566262188,-0.21,-0.04263249125,-0.01566500197,-0.2099931527,7.420121448e-05
5.219,-0.04263452771,-0.01566575968,-0.21,-0.04256088898,-0.01566812618,-0.2099931969,7.399016624e-05
5.22,-0.04256219945,-0.01566892013,-0.21,-0.0424887744,-0.01567127261,-0.2099932399,7.37731052e-05
5.221,-0.04248935484,-0.01567210315,-0.21,-0.04241614957,-0.01567444117,-0.2099932818,7.355007066e-05
5.222,-0.04241599605,-0.01567530864,-0.21,-0.04234301661,-0.01567763176,-0.2099933225,7.332109638e-05
5.223,-0.04234212526,-0.0156785365,-0.21,-0.04226937771,-0.01568084429,-0.2099933621,7.308621102e-05
5.224,-0.04226774472,-0.01568178663,-0.21,-0.04219523506,-0.01568407866,-0.2099934005,7.284544029e-05
5.225,-0.04219285672,-0.01568505893,-0.21,-0.04212059094,-0.01568733476,-0.2099934376,7.259880986e-05
5.226,-0.04211746357,-0.01568835331,-0.21,-0.04204544762,-0.0156906125,-0.2099934736,7.234634792e-05
5.227,-0.04204156763,-0.01569166966,-0.21,-0.04196980745,-0.01569391177,-0.2099935084,7.20880866e-05
5.228,-0.04196517132,-0.01569500788,-0.21,-0.04189367279,-0.01569723246,-0.2099935419,7.182406182e-05
5.229,-0.04188827708,-0.01569836785,-0.21,-0.04181704605,-0.01570057448,-0.2099935742,7.155431188e-05
5.23,-0.04181088738,-0.01570174947,-0.21,-0.04173992966,-0.01570393771,-0.2099936053,7.127887537e-05
5.231,-0.04173300475,-0.01570515263,-0.21,-0.04166232613,-0.01570732206,-0.2099936351,7.099778926e-05
5.232,-0.04165463176,-0.01570857721,-0.21,-0.04158423797,-0.01571072741,-0.2099936637,7.071108772e-05
5.233,-0.04157577101,-0.01571202311,-0.21,-0.04150566776,-0.01571415365,-0.2099936911,7.041880209e-05
5.234,-0.04149642513,-0.01571549021,-0.21,-0.04142661811,-0.01571760066,-0.2099937171,7.012096182e-05
5.235,-0.04141659681,-0.01571897839,-0.21,-0.04134709167,-0.01572106832,-0.2099937419,6.981759597e-05
5.236,-0.04133628875,-0.01572248753,-0.21,-0.04126709112,-0.01572455652,-0.2099937654,6.950873466e-05
5.237,-0.04125550372,-0.01572601751,-0.21,-0.04118661919,-0.01572806513,-0.2099937875,6.919441e-05
5.238,-0.0411742445,-0.01572956821,-0.21,-0.04110567863,-0.01573159403,-0.2099938084,6.88746563e-05
5.239,-0.04109251392,-0.01573313951,-0.21,-0.04102427224,-0.0157351431,-0.2099938279,6.85495094e-05
5.24,-0.04101031484,-0.01573673129,-0.21,-0.04094240285,-0.01573871223,-0.2099938461,6.821900565e-05
5.241,-0.04092765017,-0.0157403434,-0.21,-0.04086007332,-0.01574230127,-0.209993863,6.788318087e-05
5.242,-0.04084452283,-0.01574397573,-0.21,-0.04077728655,-0.01574591012,-0.2099938786,6.75420696e-05
5.243,-0.0407609358,-0.01574762815,-0.21,-0.04069404549,-0.01574953863,-0.2099938927,6.71957049e-05
5.244,-0.04067689209,-0.01575130053,-0.21,-0.04061035311,-0.01575318668,-0.2099939055,6.684411882e-05
5.245,-0.04059239474,-0.01575499272,-0.21,-0.04052621243,-0.01575685412,-0.209993917,6.648734305e-05
5.246,-0.04050744682,-0.01575870461,-0.21,-0.04044162649,-0.01576054084,-0.209993927,6.61254098e-05
5.247,-0.04042205145,-0.01576243604,-0.21,-0.04035659836,-0.01576424669,-0.2099939356,6.575835235e-05
5.248,-0.04033621176,-0.01576618689,-0.21,-0.04027113118,-0.01576797153,-0.2099939429,6.538620529e-05
5.249,-0.04024993094,-0.01576995702,-0.21,-0.04018522807,-0.01577171523,-0.2099939487,6.500900423e-05
5.25,-0.04016321219,-0.01577374628,-0.21,-0.04009889222,-0.01577547765,-0.2099939531,6.462678536e-05
5.251,-0.04007605876,-0.01577755454,-0.21,-0.04001212684,-0.01577925865,-0.209993956,6.423958484e-05
5.252,-0.03998847393,-0.01578138165,-0.21,-0.03992493517,-0.01578305809,-0.2099939576,6.384743844e-05
5.253,-0.039900461,-0.01578522746,-0.21,-0.0398373205,-0.01578687581,-0.2099939576,6.345038131e-05
5.254,-0.03981202332,-0.01578909183,-0.21,-0.03974928612,-0.01579071169,-0.2099939562,6.304844818e-05
5.255,-0.03972316425,-0.01579297462,-0.21,-0.0396608354,-0.01579456556,-0.2099939533,6.264167374e-05
5.256,-0.03963388721,-0.01579687567,-0.21,-0.03957197169,-0.01579843728,-0.209993949,6.223009302e-05
5.257,-0.03954419562,-0.01580079483,-0.21,-0.03948269841,-0.0158023267,-0.2099939431,6.181374181e-05
5.258,-0.03945409295,-0.01580473196,-0.21,-0.03939301899,-0.01580623367,-0.2099939358,6.139265679e-05
5.259,-0.0393635827,-0.01580868689,-0.21,-0.0393029369,-0.01581015803,-0.2099939269,6.096687549e-05
5.26,-0.03927266839,-0.01581265949,-0.21,-0.03921245562,-0.01581409964,-0.2099939165,6.053643604e-05
5.261,-0.03918135357,-0.01581664958,-0.21,-0.03912157868,-0.01581805834,-0.2099939046,6.010137697e-05
5.262,-0.03908964184,-0.01582065702,-0.21,-0.03903030964,-0.01582203398,-0.2099938912,5.966173691e-05
5.263,-0.0389975368,-0.01582468164,-0.21,-0.03893865208,-0.01582602639,-0.2099938762,5.921755452e-05
5.264,-0.03890504209,-0.01582872329,-0.21,-0.03884660962,-0.01583003541,-0.2099938596,5.876886842e-05
5.265,-0.03881216139,-0.0158327818,-0.21,-0.03875418588,-0.0158340609,-0.2099938415,5.831571574e-05
5.266,-0.0387188984,-0.01583685702,-0.21,-0.03866138455,-0.01583810267,-0.2099938219,5.785813251e-05
5.267,-0.03862525684,-0.01584094878,-0.21,-0.03856820934,-0.01584216057,-0.2099938006,5.739615451e-05
5.268,-0.03853124046,-0.01584505692,-0.21,-0.03847466395,-0.01584623442,-0.2099937778,5.692981853e-05
5.269,-0.03843685306,-0.01584918127,-0.21,-0.03838075216,-0.01585032406,-0.2099937534,5.645916337e-05
5.27,-0.03834209842,-0.01585332167,-0.21,-0.03828647773,-0.01585442932,-0.2099937273,5.598423044e-05
5.271,-0.03824698039,-0.01585747795,-0.21,-0.03819184447,-0.01585855004,-0.2099936997,5.550506396e-05
5.272,-0.03815150283,-0.01586164994,-0.21,-0.03809685622,-0.01586268604,-0.2099936705,5.502171047e-05
5.273,-0.03805566962,-0.01586583747,-0.21,-0.03800151681,-0.01586683717,-0.2099936396,5.453421813e-05
5.274,-0.03795948467,-0.01587004036,-0.21,-0.03790583013,-0.01587100326,-0.2099936071,5.404263588e-05
5.275,-0.03786295192,-0.01587425846,-0.21,-0.03780980008,-0.01587518414,-0.2099935729,5.354701279e-05
5.276,-0.03776607534,-0.01587849158,-0.21,-0.03771343059,-0.01587937963,-0.2099935371,5.304739789e-05
5.277,-0.0376688589,-0.01588273955,-0.21,-0.03761672562,-0.01588358956,-0.2099934997,5.254384036e-05
5.278,-0.03757130661,-0.01588700219,-0.21,-0.03751968914,-0.01588781377,-0.2099934606,5.203639009e-05
5.279,-0.03747342252,-0.01589127934,-0.21,-0.03742232516,-0.01589205206,-0.2099934198,5.152509843e-05
5.28,-0.03737521067,-0.0158955708,-0.21,-0.03732463771,-0.01589630427,-0.2099933774,5.101001867e-05
5.281,-0.03727667515,-0.01589987641,-0.21,-0.03722663082,-0.01590057023,-0.2099933332,5.049120641e-05
5.282,-0.03717782006,-0.01590419598,-0.21,-0.03712830858,-0.01590484975,-0.2099932874,4.996871952e-05
5.283,-0.03707864952,-0.01590852934,-0.21,-0.03702967506,-0.01590914266,-0.2099932399,4.944261783e-05
5.284,-0.03697916768,-0.0159128763,-0.21,-0.03693073439,-0.01591344879,-0.2099931907,4.89129628e-05
5.285,-0.03687937871,-0.01591723668,-0.21,-0.0368314907,-0.01591776795,-0.2099931397,4.83798172e-05
5.286,-0.0367792868,-0.01592161029,-0.21,-0.03673194815,-0.01592209997,-0.2099930871,4.784324507e-05
5.287,-0.03667889617,-0.01592599696,-0.21,-0.03663211092,-0.01592644466,-0.2099930327,4.730331186e-05
5.288,-0.03657821105,-0.0159303965,-0.21,-0.0365319832,-0.01593080184,-0.2099929766,4.67600848e-05
5.289,-0.03647723568,-0.01593480872,-0.21,-0.03643156923,-0.01593517133,-0.2099929188,4.621363338e-05
5.29,-0.03637597435,-0.01593923343,-0.21,-0.03633087323,-0.01593955295,-0.2099928592,4.566402976e-05
5.291,-0.03627443134,-0.01594367046,-0.21,-0.03622989947,-0.0159439465,-0.2099927979,4.511134915e-05
5.292,-0.03617261098,-0.0159481196,-0.21,-0.03612865223,-0.01594835181,-0.2099927349,4.455566986e-05
5.293,-0.03607051758,-0.01595258067,-0.21,-0.03602713581,-0.01595276869,-0.20999267,4.399707344e-05
5.294,-0.03596815551,-0.01595705348,-0.21,-0.03592535451,-0.01595719696,-0.2099926035,4.343564456e-05
5.295,-0.03586552914,-0.01596153785,-0.21,-0.03582331269,-0.01596163643,-0.2099925351,4.287147106e-05
5.296,-0.03576264284,-0.01596603357,-0.21,-0.03572101468,-0.01596608691,-0.209992465,4.230464407e-05
5.297,-0.03565950103,-0.01597054045,-0.21,-0.03561846487,-0.01597054822,-0.2099923931,4.173525821e-05
5.298,-0.03555610814,-0.01597505831,-0.21,-0.03551566764,-0.01597502015,-0.2099923195,4.116341016e-05
5.299,-0.03545246859,-0.01597958694,-0.21,-0.03541262741,-0.01597950254,-0.209992244,4.058919174e-05
5.3,-0.03534858686,-0.01598412616,-0.21,-0.03530934864,-0.0159839952,-0.2099921667,4.001268805e-05
5.301,-0.03524446741,-0.01598867576,-0.21,-0.03520583579,-0.01598849795,-0.2099920876,3.943398185e-05
5.302,-0.03514011473,-0.01599323556,-0.21,-0.03510209337,-0.0159930106,-0.2099920066,3.885316173e-05
5.303,-0.03503553333,-0.01599780534,-0.21,-0.03499812586,-0.01599753297,-0.2099919238,3.827033029e-05
5.304,-0.03493072774,-0.01600238493,-0.21,-0.03489393777,-0.01600206487,-0.2099918391,3.768560934e-05
5.305,-0.03482570249,-0.01600697411,-0.21,-0.0347895336,-0.01600660611,-0.2099917524,3.70991406e-05
5.306,-0.03472046214,-0.0160115727,-0.21,-0.03468491786,-0.01601115647,-0.2099916639,3.651108245e-05
5.307,-0.03461501124,-0.01601618048,-0.21,-0.03458009505,-0.01601571577,-0.2099915735,3.592160449e-05
5.308,-0.03450935439,-0.01602079726,-0.21,-0.03447506971,-0.01602028381,-0.2099914813,3.533088241e-05
5.309,-0.03440349618,-0.01602542284,-0.21,-0.0343698464,-0.01602486041,-0.2099913872,3.473909524e-05
5.31,-0.03429744121,-0.01603005702,-0.21,-0.0342644297,-0.01602944535,-0.2099912912,3.414642572e-05
5.311,-0.03419119412,-0.01603469959,-0.21,-0.03415882419,-0.01603403847,-0.2099911933,3.355306353e-05
5.312,-0.03408475954,-0.01603935036,-0.21,-0.03405303449,-0.01603863955,-0.2099910935,3.295921018e-05
5.313,-0.03397814211,-0.01604400911,-0.21,-0.03394706522,-0.0160432484,-0.2099909918,3.236508374e-05
5.314,-0.03387134649,-0.01604867565,-0.21,-0.03384092101,-0.01604786482,-0.2099908882,3.177092241e-05
5.315,-0.03376437737,-0.01605334978,-0.21,-0.03373460648,-0.0160524886,-0.2099907828,3.117698601e-05
5.316,-0.03365723942,-0.01605803128,-0.21,-0.03362812627,-0.01605711954,-0.2099906754,3.058355596e-05
5.317,-0.03354993734,-0.01606271995,-0.21,-0.03352148504,-0.01606175745,-0.2099905662,2.999093448e-05
5.318,-0.03344247583,-0.01606741559,-0.21,-0.03341468743,-0.01606640212,-0.2099904551,2.939944397e-05
5.319,-0.03333485963,-0.01607211798,-0.21,-0.03330773813,-0.01607105335,-0.2099903422,2.880942623e-05
5.32,-0.03322709344,-0.01607682694,-0.21,-0.03320064182,-0.01607571096,-0.2099902273,2.822124967e-05
5.321,-0.03311918202,-0.01608154223,-0.21,-0.03309340322,-0.01608037473,-0.2099901106,2.763530666e-05
5.322,-0.03301113011,-0.01608626367,-0.21,-0.03298602701,-0.01608504446,-0.209989992,2.705201869e-05
5.323,-0.03290294247,-0.01609099104,-0.21,-0.03287851794,-0.01608971995,-0.2099898716,2.647184251e-05
5.324,-0.03279462386,-0.01609572413,-0.21,-0.03277088072,-0.016094401,-0.2099897493,2.589527495e-05
5.325,-0.03268617907,-0.01610046273,-0.21,-0.03266312008,-0.0160990874,-0.2099896251,2.53228562e-05
5.326,-0.03257761287,-0.01610520664,-0.21,-0.03255524077,-0.01610377894,-0.2099894991,2.475517235e-05
5.327,-0.03246893005,-0.01610995564,-0.21,-0.03244724752,-0.01610847542,-0.2099893712,2.419285814e-05
5.328,-0.03236013543,-0.01611470953,-0.21,-0.03233914509,-0.01611317664,-0.2099892415,2.36366003e-05
5.329,-0.03225123379,-0.0161194681,-0.21,-0.03223093824,-0.01611788239,-0.20998911,2.308714182e-05
5.33,-0.03214222997,-0.01612423113,-0.21,-0.03212263174,-0.01612259247,-0.2099889767,2.254528695e-05
5.331,-0.03203312878,-0.01612899842,-0.21,-0.03201423038,-0.01612730669,-0.2099888415,2.201190678e-05
5.332,-0.03192393505,-0.01613376975,-0.21,-0.03190573893,-0.01613202482,-0.2099887045,2.148794494e-05
5.333,-0.03181465362,-0.01613854491,-0.21,-0.03179716219,-0.01613674666,-0.2099885657,2.097442321e-05
5.334,-0.03170528931,-0.01614332369,-0.21,-0.03168850495,-0.01614147201,-0.2099884251,2.04724466e-05
5.335,-0.03159584699,-0.01614810588,-0.21,-0.03157977201,-0.01614620066,-0.2099882828,1.998320766e-05
5.336,-0.0314863315,-0.01615289127,-0.21,-0.03147096817,-0.01615093239,-0.2099881386,1.950798976e-05
5.337,-0.0313767477,-0.01615767965,-0.21,-0.03136209824,-0.01615566702,-0.2099879927,1.904816916e-05
5.338,-0.03126710044,-0.01616247079,-0.21,-0.03125316703,-0.01616040432,-0.209987845,1.860521552e-05
5.339,-0.0311573946,-0.0161672645,-0.21,-0.03114417936,-0.01616514409,-0.2099876956,1.818069035e-05
5.34,-0.03104763503,-0.01617206055,-0.21,-0.03103514005,-0.01616988612,-0.2099875444,1.777624298e-05
5.341,-0.03093782662,-0.01617685874,-0.21,-0.03092605392,-0.01617463022,-0.2099873915,1.739360298e-05
5.342,-0.03082797424,-0.01618165885,-0.21,-0.0308169258,-0.01617937616,-0.2099872369,1.703456843e-05
5.343,-0.03071808276,-0.01618646067,-0.21,-0.03070776052,-0.01618412375,-0.2099870805,1.670098931e-05
5.344,-0.03060815707,-0.01619126398,-0.21,-0.03059856291,-0.01618887277,-0.2099869225,1.639474526e-05
5.345,-0.03049820205,-0.01619606858,-0.21,-0.0304893378,-0.01619362301,-0.2099867627,1.611771766e-05
5.346,-0.03038822259,-0.01620087424,-0.21,-0.03038009004,-0.01619837427,-0.2099866013,1.587175595e-05
5.347,-0.03027822357,-0.01620568076,-0.21,-0.03027082444,-0.01620312633,-0.2099864383,1.565863897e-05
5.348,-0.03016820988,-0.01621048792,-0.21,-0.03016154586,-0.01620787899,-0.2099862735,1.548003245e-05
5.349,-0.03005818641,-0.0162152955,-0.21,-0.03005225913,-0.01621263205,-0.2099861072,1.533744459e-05
5.35,-0.02994815806,-0.0162201033,-0.21,-0.02994296908,-0.01621738528,-0.2099859392,1.523218176e-05
5.351,-0.0298381297,-0.0162249111,-0.21,-0.02983368056,-0.01622213849,-0.2099857696,1.516530755e-05
5.352,-0.02972810623,-0.01622971869,-0.21,-0.02972439841,-0.01622689147,-0.2099855984,1.513760758e-05
5.353,-0.02961809254,-0.01623452584,-0.21,-0.02961512745,-0.016231644,-0.2099854256,1.514956313e-05
5.354,-0.02950809352,-0.01623933236,-0.21,-0.02950587253,-0.01623639588,-0.2099852513,1.520133582e-05
5.355,-0.02939811406,-0.01624413802,-0.21,-0.02939663848,-0.0162411469,-0.2099850754,1.529276439e-05
5.356,-0.02928815904,-0.01624894262,-0.21,-0.02928743014,-0.01624589685,-0.2099848979,1.542337404e-05
5.357,-0.02917823335,-0.01625374593,-0.21,-0.02917825233,-0.01625064552,-0.209984719,1.559239751e-05
5.358,-0.02906834188,-0.01625854775,-0.21,-0.02906910989,-0.0162553927,-0.2099845385,1.579880578e-05
5.359,-0.02895848949,-0.01626334786,-0.21,-0.02896000764,-0.01626013819,-0.2099843565,1.604134596e-05
5.36,-0.02884868108,-0.01626814605,-0.21,-0.0288509504,-0.01626488178,-0.2099841731,1.631858358e-05
5.361,-0.02873892152,-0.0162729421,-0.21,-0.028741943,-0.01626962325,-0.2099839882,1.662894612e-05
5.362,-0.02862921567,-0.01627773581,-0.21,-0.02863299025,-0.0162743624,-0.2099838019,1.697076553e-05
5.363,-0.02851956842,-0.01628252695,-0.21,-0.02852409697,-0.01627909903,-0.2099836141,1.734231764e-05
5.364,-0.02840998461,-0.01628731533,-0.21,-0.02841526796,-0.01628383292,-0.2099834249,1.774185707e-05
5.365,-0.02830046912,-0.01629210072,-0.21,-0.02830650802,-0.01628856387,-0.2099832344,1.816764702e-05
5.366,-0.0281910268,-0.01629688291,-0.21,-0.02819782196,-0.01629329166,-0.2099830425,1.861798343e-05
5.367,-0.0280816625,-0.01630166169,-0.21,-0.02808921458,-0.0162980161,-0.2099828492,1.909121403e-05
5.368,-0.02797238106,-0.01630643685,-0.21,-0.02798069065,-0.01630273696,-0.2099826546,1.958575227e-05
5.369,-0.02786318733,-0.01631120818,-0.21,-0.02787225496,-0.01630745406,-0.2099824587,2.010008705e-05
5.37,-0.02775408614,-0.01631597547,-0.21,-0.02776391229,-0.01631216718,-0.2099822615,2.063278867e-05
5.371,-0.02764508232,-0.0163207385,-0.21,-0.0276556674,-0.01631687611,-0.209982063,2.118251176e-05
5.372,-0.02753618069,-0.01632549707,-0.21,-0.02754752507,-0.01632158065,-0.2099818632,2.174799583e-05
5.373,-0.02742738606,-0.01633025096,-0.21,-0.02743949005,-0.01632628059,-0.2099816623,2.232806404e-05
5.374,-0.02731870325,-0.01633499996,-0.21,-0.02733156708,-0.01633097572,-0.2099814601,2.292162059e-05
5.375,-0.02721013705,-0.01633974387,-0.21,-0.02722376091,-0.01633566584,-0.2099812567,2.352764718e-05
5.376,-0.02710169225,-0.01634448247,-0.21,-0.02711607626,-0.01634035075,-0.2099810522,2.414519888e-05
5.377,-0.02699337364,-0.01634921556,-0.21,-0.02700851787,-0.01634503024,-0.2099808465,2.477339974e-05
5.378,-0.026885186,-0.01635394293,-0.21,-0.02690109045,-0.0163497041,-0.2099806397,2.541143815e-05
5.379,-0.02677713409,-0.01635866437,-0.21,-0.02679379871,-0.01635437213,-0.2099804318,2.605856227e-05
5.38,-0.02666922267,-0.01636337966,-0.21,-0.02668664733,-0.01635903413,-0.2099802228,2.671407555e-05
5.381,-0.02656145649,-0.01636808862,-0.21,-0.02657964102,-0.0163636899,-0.2099800127,2.737733236e-05
5.382,-0.02645384028,-0.01637279101,-0.21,-0.02647278445,-0.01636833922,-0.2099798016,2.804773384e-05
5.383,-0.02634637878,-0.01637748665,-0.21,-0.02636608228,-0.0163729819,-0.2099795895,2.872472408e-05
5.384,-0.0262390767,-0.01638217532,-0.21,-0.02625953917,-0.01637761774,-0.2099793764,2.940778642e-05
5.385,-0.02613193874,-0.01638685682,-0.21,-0.02615315977,-0.01638224653,-0.2099791623,3.009644004e-05
5.386,-0.02602496962,-0.01639153095,-0.21,-0.02604694871,-0.01638686807,-0.2099789473,3.079023693e-05
5.387,-0.02591817401,-0.01639619749,-0.21,-0.02594091061,-0.01639148216,-0.2099787314,3.148875907e-05
5.388,-0.02581155658,-0.01640085624,-0.21,-0.02583505009,-0.0163960886,-0.2099785145,3.219161571e-05
5.389,-0.02570512199,-0.01640550701,-0.21,-0.02572937174,-0.01640068719,-0.2099782969,3.28984411e-05
5.39,-0.0255988749,-0.01641014958,-0.21,-0.02562388014,-0.01640527773,-0.2099780783,3.360889226e-05
5.391,-0.02549281993,-0.01641478376,-0.21,-0.02551857988,-0.01640986003,-0.2099778589,3.432264704e-05
5.392,-0.02538696172,-0.01641940934,-0.21,-0.02541347551,-0.01641443387,-0.2099776388,3.503940228e-05
5.393,-0.02528130487,-0.01642402612,-0.21,-0.02530857157,-0.01641899908,-0.2099774179,3.575887219e-05
5.394,-0.02517585398,-0.0164286339,-0.21,-0.0252038726,-0.01642355543,-0.2099771962,3.648078685e-05
5.395,-0.02507061362,-0.01643323249,-0.21,-0.02509938312,-0.01642810275,-0.2099769738,3.720489083e-05
5.396,-0.02496558837,-0.01643782167,-0.21,-0.02499510762,-0.01643264084,-0.2099767507,3.793094197e-05
5.397,-0.02486078278,-0.01644240126,-0.21,-0.0248910506,-0.01643716949,-0.209976527,3.865871026e-05
5.398,-0.02475620138,-0.01644697104,-0.21,-0.02478721653,-0.01644168852,-0.2099763026,3.938797683e-05
5.399,-0.02465184871,-0.01645153084,-0.21,-0.02468360988,-0.01644619773,-0.2099760776,4.011853304e-05
5.4,-0.02454772926,-0.01645608044,-0.21,-0.02458023507,-0.01645069692,-0.209975852,4.08501796e-05
5.401,-0.02444384752,-0.01646061966,-0.21,-0.02447709653,-0.01645518591,-0.2099756258,4.158272587e-05
5.402,-0.02434020798,-0.01646514829,-0.21,-0.02437419869,-0.0164596645,-0.2099753991,4.231598912e-05
5.403,-0.02423681508,-0.01646966615,-0.21,-0.02427154592,-0.01646413249,-0.2099751719,4.304979397e-05
5.404,-0.02413367327,-0.01647417303,-0.21,-0.0241691426,-0.0164685897,-0.2099749443,4.378397169e-05
5.405,-0.02403078698,-0.01647866875,-0.21,-0.02406699309,-0.01647303595,-0.2099747162,4.451835979e-05
5.406,-0.0239281606,-0.01648315312,-0.21,-0.02396510174,-0.01647747103,-0.2099744876,4.525280142e-05
5.407,-0.02382579853,-0.01648762593,-0.21,-0.02386347286,-0.01648189475,-0.2099742587,4.598714503e-05
5.408,-0.02372370514,-0.016492087,-0.21,-0.02376211076,-0.01648630694,-0.2099740294,4.672124392e-05
5.409,-0.02362188477,-0.01649653614,-0.21,-0.02366101972,-0.01649070741,-0.2099737997,4.74549559e-05
5.41,-0.02352034176,-0.01650097317,-0.21,-0.02356020401,-0.01649509596,-0.2099735698,4.818814295e-05
5.411,-0.02341908043,-0.01650539788,-0.21,-0.02345966787,-0.01649947241,-0.2099733395,4.89206709e-05
5.412,-0.02331810507,-0.0165098101,-0.21,-0.02335941554,-0.01650383658,-0.209973109,4.965240922e-05
5.413,-0.02321741994,-0.01651420964,-0.21,-0.02325945121,-0.01650818829,-0.2099728783,5.038323068e-05
5.414,-0.02311702931,-0.01651859631,-0.21,-0.02315977908,-0.01651252734,-0.2099726474,5.11130111e-05
5.415,-0.0230169374,-0.01652296993,-0.21,-0.02306040332,-0.01651685357,-0.2099724163,5.18416292e-05
5.416,-0.02291714843,-0.0165273303,-0.21,-0.02296132806,-0.01652116678,-0.2099721851,5.256896639e-05
5.417,-0.0228176666,-0.01653167726,-0.21,-0.02286255743,-0.0165254668,-0.2099719538,5.329490653e-05
5.418,-0.02271849606,-0.01653601062,-0.21,-0.02276409554,-0.01652975344,-0.2099717224,5.401933578e-05
5.419,-0.02261964096,-0.01654033019,-0.21,-0.02266594646,-0.01653402653,-0.2099714909,5.474214248e-05
5.42,-0.02252110544,-0.0165446358,-0.21,-0.02256811425,-0.0165382859,-0.2099712595,5.546321704e-05
5.421,-0.02242289359,-0.01654892726,-0.21,-0.02247060295,-0.01654253136,-0.209971028,5.61824517e-05
5.422,-0.0223250095,-0.01655320441,-0.21,-0.02237341657,-0.01654676274,-0.2099707966,5.689973922e-05
5.423,-0.02222745721,-0.01655746705,-0.21,-0.02227655909,-0.01655097986,-0.2099705652,5.761497234e-05
5.424,-0.02213024078,-0.01656171502,-0.21,-0.02218003448,-0.01655518254,-0.209970334,5.832804531e-05
5.425,-0.02203336419,-0.01656594814,-0.21,-0.02208384668,-0.01655937063,-0.2099701028,5.903885504e-05
5.426,-0.02193683144,-0.01657016624,-0.21,-0.02198799961,-0.01656354394,-0.2099698719,5.974730174e-05
5.427,-0.0218406465,-0.01657436913,-0.21,-0.02189249716,-0.0165677023,-0.2099696411,6.045328875e-05
5.428,-0.02174481329,-0.01657855666,-0.21,-0.0217973432,-0.01657184555,-0.2099694106,6.115672199e-05
5.429,-0.02164933572,-0.01658272865,-0.21,-0.02170254158,-0.01657597353,-0.2099691803,6.185750926e-05
5.43,-0.02155421769,-0.01658688493,-0.21,-0.02160809613,-0.01658008605,-0.2099689502,6.255555953e-05
5.431,-0.02145946306,-0.01659102533,-0.21,-0.02151401063,-0.01658418296,-0.2099687205,6.325078232e-05
5.432,-0.02136507565,-0.01659514968,-0.21,-0.02142028886,-0.0165882641,-0.2099684911,6.394308753e-05
5.433,-0.02127105927,-0.01659925782,-0.21,-0.02132693456,-0.01659232929,-0.2099682621,6.463238536e-05
5.434,-0.02117741771,-0.01660334958,-0.21,-0.02123395144,-0.01659637839,-0.2099680335,6.531858657e-05
5.435,-0.02108415472,-0.0166074248,-0.21,-0.02114134319,-0.01660041122,-0.2099678053,6.600160275e-05
5.436,-0.02099127402,-0.01661148331,-0.21,-0.02104911348,-0.01660442763,-0.2099675775,6.668134657e-05
5.437,-0.02089877932,-0.01661552496,-0.21,-0.02095726593,-0.01660842745,-0.2099673503,6.735773193e-05
5.438,-0.02080667428,-0.01661954959,-0.21,-0.02086580415,-0.01661241055,-0.2099671235,6.803067617e-05
5.439,-0.02071496254,-0.01662355702,-0.21,-0.02077473174,-0.01661637674,-0.2099668973,6.870010051e-05
5.44,-0.02062364773,-0.01662754711,-0.21,-0.02068405225,-0.01662032586,-0.2099666716,6.936592986e-05
5.441,-0.02053273341,-0.01663151971,-0.21,-0.02059376921,-0.01662425774,-0.2099664466,7.002809109e-05
5.442,-0.02044222316,-0.01663547464,-0.21,-0.02050388612,-0.01662817223,-0.2099662222,7.068651025e-05
5.443,-0.02035212049,-0.01663941177,-0.21,-0.02041440644,-0.01663206916,-0.2099659985,7.134110997e-05
5.444,-0.0202624289,-0.01664333093,-0.21,-0.02032533362,-0.01663594838,-0.2099657755,7.199180842e-05
5.445,-0.02017315186,-0.01664723198,-0.21,-0.02023667103,-0.01663980975,-0.2099655532,7.263852009e-05
5.446,-0.02008429279,-0.01665111477,-0.21,-0.02014842206,-0.01664365313,-0.2099653317,7.328115781e-05
5.447,-0.01999585511,-0.01665497914,-0.21,-0.02006059003,-0.01664747838,-0.209965111,7.391963508e-05
5.448,-0.01990784218,-0.01665882495,-0.21,-0.01997317824,-0.01665128537,-0.2099648911,7.455386783e-05
5.449,-0.01982025735,-0.01666265206,-0.21,-0.01988618997,-0.01665507394,-0.2099646721,7.51837751e-05
5.45,-0.01973310393,-0.01666646032,-0.21,-0.01979962846,-0.01665884395,-0.2099644539,7.580927856e-05
5.451,-0.01964638518,-0.01667024958,-0.21,-0.01971349693,-0.01666259526,-0.2099642367,7.643030123e-05
5.452,-0.01956010435,-0.01667401971,-0.21,-0.01962779855,-0.01666632772,-0.2099640204,7.704676596e-05
5.453,-0.01947426467,-0.01667777056,-0.21,-0.01954253647,-0.0166700412,-0.209963805,7.765859423e-05
5.454,-0.01938886929,-0.01668150199,-0.21,-0.01945771381,-0.01667373556,-0.2099635907,7.826570563e-05
5.455,-0.01930392137,-0.01668521388,-0.21,-0.01937333362,-0.01667741068,-0.2099633774,7.88680182e-05
5.456,-0.01921942402,-0.01668890607,-0.21,-0.01928939896,-0.01668106641,-0.2099631652,7.946544925e-05
5.457,-0.01913538031,-0.01669257845,-0.21,-0.01920591283,-0.01668470265,-0.209962954,8.005791641e-05
5.458,-0.01905179328,-0.01669623087,-0.21,-0.01912287821,-0.01668831925,-0.209962744,8.064533851e-05
5.459,-0.01896866595,-0.0166998632,-0.21,-0.01904029802,-0.01669191609,-0.2099625351,8.122763598e-05
5.46,-0.01888600127,-0.01670347532,-0.21,-0.01895817518,-0.01669549305,-0.2099623274,8.180473064e-05
5.461,-0.01880380219,-0.01670706709,-0.21,-0.01887651255,-0.01669905,-0.2099621209,8.237654512e-05
5.462,-0.01872207161,-0.01671063839,-0.21,-0.01879531296,-0.0167025868,-0.2099619156,8.294300212e-05
5.463,-0.01864081239,-0.01671418909,-0.21,-0.01871457922,-0.01670610335,-0.2099617116,8.350402384e-05
5.464,-0.01856002736,-0.01671771907,-0.21,-0.01863431407,-0.01670959952,-0.2099615089,8.405953161e-05
5.465,-0.0184797193,-0.01672122821,-0.21,-0.01855452025,-0.01671307519,-0.2099613076,8.460944605e-05
5.466,-0.01839989098,-0.01672471639,-0.21,-0.01847520043,-0.01671653026,-0.2099611075,8.515368745e-05
5.467,-0.0183205451,-0.01672818349,-0.21,-0.01839635727,-0.0167199646,-0.2099609089,8.569217631e-05
5.468,-0.01824168435,-0.01673162939,-0.21,-0.01831799336,-0.01672337811,-0.2099607117,8.62248337e-05
5.469,-0.01816331136,-0.01673505397,-0.21,-0.01824011128,-0.01672677068,-0.2099605159,8.675158158e-05
5.47,-0.01808542873,-0.01673845713,-0.21,-0.01816271356,-0.01673014219,-0.2099603215,8.727234266e-05
5.471,-0.01800803904,-0.01674183875,-0.21,-0.0180858027,-0.01673349253,-0.2099601287,8.778704017e-05
5.472,-0.01793114479,-0.01674519873,-0.21,-0.01800938114,-0.01673682161,-0.2099599374,8.829559749e-05
5.473,-0.01785474848,-0.01674853694,-0.21,-0.01793345132,-0.01674012931,-0.2099597477,8.879793782e-05
5.474,-0.01777885254,-0.01675185329,-0.21,-0.0178580156,-0.01674341553,-0.2099595595,8.929398405e-05
5.475,-0.01770345939,-0.01675514767,-0.21,-0.01778307631,-0.01674668017,-0.209959373,8.978365879e-05
5.476,-0.01762857139,-0.01675841997,-0.21,-0.01770863575,-0.01674992313,-0.2099591881,9.026688455e-05
5.477,-0.01755419085,-0.0167616701,-0.21,-0.01763469618,-0.01675314432,-0.2099590049,9.074358398e-05
5.478,-0.01748032007,-0.01676489796,-0.21,-0.01756125981,-0.01675634364,-0.2099588233,9.121368016e-05
5.479,-0.01740696127,-0.01676810345,-0.21,-0.0174883288,-0.01675952101,-0.2099586435,9.167709665e-05
5.48,-0.01733411666,-0.01677128647,-0.21,-0.01741590528,-0.01676267631,-0.2099584655,9.213375752e-05
5.481,-0.0172617884,-0.01677444692,-0.21,-0.01734399136,-0.01676580948,-0.2099582892,9.25835872e-05
5.482,-0.0171899786,-0.01677758472,-0.21,-0.01727258906,-0.0167689204,-0.2099581148,9.30265103e-05
5.483,-0.01711868933,-0.01678069978,-0.21,-0.0172017004,-0.01677200901,-0.2099579421,9.346245146e-05
5.484,-0.01704792262,-0.016783792,-0.21,-0.01713132733,-0.01677507522,-0.2099577714,9.389133527e-05
5.485,-0.01697768046,-0.0167868613,-0.21,-0.01706147177,-0.01677811894,-0.2099576025,9.431308629e-05
5.486,-0.01690796478,-0.0167899076,-0.21,-0.0169921356,-0.01678114009,-0.2099574356,9.472762916e-05
5.487,-0.01683877748,-0.01679293081,-0.21,-0.01692332063,-0.0167841386,-0.2099572706,9.513488869e-05
5.488,-0.01677012042,-0.01679593085,-0.21,-0.01685502866,-0.01678711439,-0.2099571076,9.553479004e-05
5.489,-0.01670199541,-0.01679890764,-0.21,-0.01678726142,-0.01679006738,-0.2099569466,9.592725871e-05
5.49,-0.0166344042,-0.0168018611,-0.21,-0.01672002061,-0.0167929975,-0.2099567876,9.631222059e-05
5.491,-0.01656734852,-0.01680479117,-0.21,-0.01665330788,-0.01679590469,-0.2099566307,9.668960188e-05
5.492,-0.01650083004,-0.01680769776,-0.21,-0.01658712484,-0.01679878886,-0.2099564758,9.705932904e-05
5.493,-0.01643485038,-0.01681058081,-0.21,-0.01652147303,-0.01680164996,-0.2099563231,9.742132866e-05
5.494,-0.01636941112,-0.01681344024,-0.21,-0.01645635398,-0.01680448791,-0.2099561725,9.777552745e-05
5.495,-0.01630451381,-0.01681627599,-0.21,-0.01639176915,-0.01680730267,-0.2099560241,9.812185226e-05
5.496,-0.01624015992,-0.016819088,-0.21,-0.01632771996,-0.01681009416,-0.2099558778,9.846023012e-05
5.497,-0.01617635089,-0.0168218762,-0.21,-0.01626420778,-0.01681286232,-0.2099557338,9.879058829e-05
5.498,-0.01611308812,-0.01682464053,-0.21,-0.01620123393,-0.01681560711,-0.209955592,9.911285438e-05
5.499,-0.01605037295,-0.01682738093,-0.21,-0.01613879969,-0.01681832846,-0.2099554525,9.942695633e-05
5.5,-0.01598820667,-0.01683009735,-0.21,-0.01607690629,-0.01682102633,-0.2099553152,9.973282242e-05
5.501,-0.01592659053,-0.01683278973,-0.21,-0.01601555491,-0.01682370066,-0.2099551803,0.0001000303813
5.502,-0.01586552574,-0.01683545802,-0.21,-0.01595474668,-0.01682635141,-0.2099550477,0.0001003195618
5.503,-0.01580501343,-0.01683810216,-0.21,-0.01589448268,-0.01682897852,-0.2099549175,0.0001006002931
5.504,-0.01574505471,-0.01684072212,-0.21,-0.01583476394,-0.01683158196,-0.2099547897,0.0001008725047
5.505,-0.01568565063,-0.01684331784,-0.21,-0.01577559144,-0.01683416168,-0.2099546642,0.0001011361261
5.506,-0.01562680218,-0.01684588928,-0.21,-0.01571696613,-0.01683671765,-0.2099545413,0.0001013910873
5.507,-0.01556851032,-0.0168484364,-0.21,-0.01565888887,-0.01683924982,-0.2099544207,0.0001016373184
5.508,-0.01551077595,-0.01685095916,-0.21,-0.01560136051,-0.01684175816,-0.2099543027,0.0001018747502
5.509,-0.0154535999,-0.01685345753,-0.21,-0.01554438182,-0.01684424264,-0.2099541872,0.0001021033134
5.51,-0.01539698297,-0.01685593146,-0.21,-0.01548795354,-0.01684670323,-0.2099540742,0.0001023229396
5.511,-0.01534092592,-0.01685838093,-0.21,-0.01543207633,-0.0168491399,-0.2099539638,0.0001025335602
5.512,-0.01528542942,-0.01686080591,-0.21,-0.01537675083,-0.01685155262,-0.2099538559,0.0001027351075
5.513,-0.01523049412,-0.01686320636,-0.21,-0.01532197761,-0.01685394137,-0.2099537506,0.0001029275137
5.514,-0.0151761206,-0.01686558227,-0.21,-0.01526775719,-0.01685630613,-0.209953648,0.0001031107115
5.515,-0.0151223094,-0.0168679336,-0.21,-0.01521409003,-0.01685864687,-0.209953548,0.0001032846342
5.516,-0.01506906099,-0.01687026034,-0.21,-0.01516097656,-0.01686096358,-0.2099534507,0.0001034492149
5.517,-0.0150163758,-0.01687256247,-0.21,-0.01510841713,-0.01686325625,-0.2099533561,0.0001036043875
5.518,-0.0149642542,-0.01687483998,-0.21,-0.01505641205,-0.01686552487,-0.2099532641,0.0001037500863
5.519,-0.01491269652,-0.01687709284,-0.21,-0.01500496158,-0.01686776942,-0.209953175,0.0001038862459
5.52,-0.014861703,-0.01687932106,-0.21,-0.0149540659,-0.01686998989,-0.2099530885,0.0001040128012
5.521,-0.01481127386,-0.01688152461,-0.21,-0.01490372517,-0.01687218629,-0.2099530049,0.0001041296878
5.522,-0.01476140924,-0.01688370349,-0.21,-0.01485393947,-0.0168743586,-0.209952924,0.0001042368416
5.523,-0.01471210926,-0.01688585771,-0.21,-0.01480470884,-0.01687650683,-0.209952846,0.0001043341988
5.524,-0.01466337393,-0.01688798724,-0.21,-0.01475603325,-0.01687863098,-0.2099527708,0.0001044216962
5.525,-0.01461520326,-0.01689009211,-0.21,-0.01470791262,-0.01688073105,-0.2099526984,0.0001044992709
5.526,-0.01456759715,-0.01689217231,-0.21,-0.01466034682,-0.01688280706,-0.2099526289,0.0001045668606
5.527,-0.01452055549,-0.01689422784,-0.21,-0.01461333566,-0.01688485901,-0.2099525623,0.0001046244032
5.528,-0.01447407809,-0.01689625872,-0.21,-0.01456687888,-0.0168868869,-0.2099524987,0.0001046718374
5.529,-0.0144281647,-0.01689826495,-0.21,-0.01452097617,-0.01688889077,-0.2099524379,0.0001047091021
5.53,-0.01438281501,-0.01690024655,-0.21,-0.01447562718,-0.01689087062,-0.2099523801,0.0001047361368
5.531,-0.01433802867,-0.01690220353,-0.21,-0.01443083148,-0.01689282647,-0.2099523253,0.0001047528815
5.532,-0.01429380525,-0.01690413592,-0.21,-0.01438658859,-0.01689475835,-0.2099522735,0.0001047592767
5.533,-0.01425014428,-0.01690604373,-0.21,-0.01434289797,-0.01689666627,-0.2099522247,0.0001047552634
5.534,-0.01420704521,-0.01690792698,-0.21,-0.01429975901,-0.01689855028,-0.2099521789,0.0001047407831
5.535,-0.01416450744,-0.01690978571,-0.21,-0.01425717107,-0.01690041039,-0.2099521361,0.0001047157778
5.536,-0.01412253033,-0.01691161995,-0.21,-0.01421513342,-0.01690224664,-0.2099520964,0.00010468019
5.537,-0.01408111314,-0.01691342971,-0.21,-0.01417364528,-0.01690405906,-0.2099520598,0.0001046339628
5.538,-0.01404025511,-0.01691521504,-0.21,-0.01413270581,-0.01690584769,-0.2099520263,0.0001045770399
5.539,-0.01399995538,-0.01691697598,-0.21,-0.01409231412,-0.01690761257,-0.2099519959,0.0001045093654
5.54,-0.01396021306,-0.01691871256,-0.21,-0.01405246924,-0.01690935375,-0.2099519686,0.0001044308841
5.541,-0.01392102718,-0.01692042483,-0.21,-0.01401317016,-0.01691107127,-0.2099519444,0.0001043415414
5.542,-0.01388239672,-0.01692211282,-0.21,-0.01397441578,-0.01691276517,-0.2099519234,0.0001042412831
5.543,-0.0138443206,-0.0169237766,-0.21,-0.01393620497,-0.01691443551,-0.2099519056,0.0001041300559
5.544,-0.01380679765,-0.0169254162,-0.21,-0.01389853652,-0.01691608235,-0.2099518909,0.0001040078068
5.545,-0.01376982667,-0.01692703169,-0.21,-0.01386140915,-0.01691770573,-0.2099518795,0.0001038744835
5.546,-0.01373340638,-0.01692862311,-0.21,-0.01382482153,-0.01691930572,-0.2099518712,0.0001037300345
5.547,-0.01369753544,-0.01693019052,-0.21,-0.01378877226,-0.01692088238,-0.2099518662,0.0001035744088
5.548,-0.01366221245,-0.016931734,-0.21,-0.0137532599,-0.01692243577,-0.2099518645,0.0001034075559
5.549,-0.01362743593,-0.01693325359,-0.21,-0.0137182829,-0.01692396596,-0.209951866,0.0001032294263
5.55,-0.01359320437,-0.01693474937,-0.21,-0.01368383968,-0.01692547302,-0.2099518707,0.000103039971
5.551,-0.01355951615,-0.01693622141,-0.21,-0.01364992859,-0.01692695703,-0.2099518788,0.0001028391416
5.552,-0.01352636962,-0.01693766979,-0.21,-0.01361654791,-0.01692841806,-0.2099518901,0.0001026268905
5.553,-0.01349376304,-0.01693909456,-0.21,-0.01358369586,-0.01692985618,-0.2099519048,0.0001024031709
5.554,-0.01346169463,-0.01694049582,-0.21,-0.01355137059,-0.01693127148,-0.2099519228,0.0001021679365
5.555,-0.01343016252,-0.01694187365,-0.21,-0.01351957018,-0.01693266405,-0.2099519441,0.0001019211421
5.556,-0.01339916479,-0.01694322813,-0.21,-0.01348829265,-0.01693403397,-0.2099519687,0.000101662743
5.557,-0.01336869944,-0.01694455934,-0.21,-0.01345753596,-0.01693538133,-0.2099519967,0.0001013926952
5.558,-0.01333876441,-0.01694586738,-0.21,-0.01342729798,-0.01693670622,-0.2099520281,0.0001011109557
5.559,-0.01330935757,-0.01694715234,-0.21,-0.01339757655,-0.01693800874,-0.2099520628,0.0001008174824
5.56,-0.01328047673,-0.01694841432,-0.21,-0.0133683694,-0.01693928899,-0.209952101,0.0001005122336
5.561,-0.01325211963,-0.01694965341,-0.21,-0.01333967422,-0.01694054707,-0.2099521425,0.0001001951691
5.562,-0.01322428393,-0.01695086972,-0.21,-0.01331148863,-0.01694178309,-0.2099521874,9.986624894e-05
5.563,-0.01319696722,-0.01695206335,-0.21,-0.01328381017,-0.01694299714,-0.2099522358,9.952543452e-05
5.564,-0.01317016704,-0.01695323441,-0.21,-0.01325663632,-0.01694418935,-0.2099522876,9.917268797e-05
5.565,-0.01314388086,-0.01695438302,-0.21,-0.01322996449,-0.01694535983,-0.2099523428,9.88079724e-05
5.566,-0.01311810605,-0.01695550927,-0.21,-0.01320379201,-0.01694650869,-0.2099524015,9.843125192e-05
5.567,-0.01309283993,-0.0169566133,-0.21,-0.01317811615,-0.01694763606,-0.2099524636,9.804249165e-05
5.568,-0.01306807977,-0.01695769522,-0.21,-0.01315293411,-0.01694874205,-0.2099525292,9.764165776e-05
5.569,-0.01304382274,-0.01695875515,-0.21,-0.01312824303,-0.01694982679,-0.2099525983,9.722871749e-05
5.57,-0.01302006593,-0.01695979323,-0.21,-0.01310403995,-0.01695089042,-0.2099526708,9.68036392e-05
5.571,-0.01299680641,-0.01696080958,-0.21,-0.01308032186,-0.01695193306,-0.2099527469,9.636639243e-05
5.572,-0.01297404111,-0.01696180433,-0.21,-0.01305708567,-0.01695295484,-0.2099528264,9.591694787e-05
5.573,-0.01295176695,-0.01696277762,-0.21,-0.01303432824,-0.01695395592,-0.2099529094,9.54552775e-05
5.574,-0.01292998073,-0.0169637296,-0.21,-0.01301204632,-0.01695493642,-0.209952996,9.498135453e-05
5.575,-0.01290867922,-0.01696466039,-0.21,-0.01299023661,-0.01695589649,-0.209953086,9.449515357e-05
5.576,-0.01288785907,-0.01696557014,-0.21,-0.01296889575,-0.01695683628,-0.2099531796,9.399665059e-05
5.577,-0.0128675169,-0.01696645902,-0.21,-0.01294802028,-0.01695775595,-0.2099532768,9.348582301e-05
5.578,-0.01284764922,-0.01696732715,-0.21,-0.01292760667,-0.01695865564,-0.2099533774,9.29626498e-05
5.579,-0.01282825251,-0.01696817471,-0.21,-0.01290765134,-0.01695953551,-0.2099534816,9.242711147e-05
5.58,-0.01280932312,-0.01696900185,-0.21,-0.01288815061,-0.01696039573,-0.2099535894,9.187919023e-05
5.581,-0.01279085737,-0.01696980873,-0.21,-0.01286910073,-0.01696123645,-0.2099537007,9.131887e-05
5.582,-0.01277285149,-0.01697059551,-0.21,-0.0128504979,-0.01696205785,-0.2099538155,9.074613653e-05
5.583,-0.01275530163,-0.01697136237,-0.21,-0.0128323382,-0.01696286009,-0.209953934,9.016097752e-05
5.584,-0.01273820387,-0.01697210948,-0.21,-0.01281461768,-0.01696364335,-0.209954056,8.956338263e-05
5.585,-0.01272155421,-0.016972837,-0.21,-0.01279733228,-0.01696440781,-0.2099541815,8.89533437e-05
5.586,-0.01270534859,-0.01697354512,-0.21,-0.01278047788,-0.01696515364,-0.2099543107,8.833085476e-05
5.587,-0.01268958284,-0.01697423402,-0.21,-0.01276405029,-0.01696588103,-0.2099544435,8.769591227e-05
5.588,-0.01267425274,-0.01697490389,-0.21,-0.01274804522,-0.01696659016,-0.2099545798,8.704851513e-05
5.589,-0.01265935399,-0.0169755549,-0.21,-0.01273245833,-0.01696728124,-0.2099547197,8.638866496e-05
5.59,-0.01264488221,-0.01697618726,-0.21,-0.01271728518,-0.01696795444,-0.2099548632,8.571636616e-05
5.591,-0.01263083293,-0.01697680116,-0.21,-0.01270252125,-0.01696860996,-0.2099550104,8.503162614e-05
5.592,-0.01261720162,-0.01697739679,-0.21,-0.01268816198,-0.01696924802,-0.2099551611,8.433445551e-05
5.593,-0.01260398366,-0.01697797436,-0.21,-0.01267420268,-0.01696986881,-0.2099553155,8.362486826e-05
5.594,-0.01259117436,-0.01697853408,-0.21,-0.01266063861,-0.01697047253,-0.2099554734,8.290288203e-05
5.595,-0.01257876893,-0.01697907615,-0.21,-0.01264746496,-0.01697105941,-0.209955635,8.216851832e-05
5.596,-0.01256676253,-0.01697960078,-0.21,-0.01263467681,-0.01697162965,-0.2099558002,8.142180279e-05
5.597,-0.01255515022,-0.01698010819,-0.21,-0.01262226918,-0.01697218347,-0.209955969,8.066276554e-05
5.598,-0.01254392699,-0.0169805986,-0.21,-0.01261023699,-0.01697272109,-0.2099561415,7.989143914e-05
5.599,-0.01253308774,-0.01698107223,-0.21,-0.01259857511,-0.01697324276,-0.2099563175,7.910785668e-05
5.6,-0.0125226273,-0.01698152931,-0.21,-0.01258727826,-0.01697374871,-0.2099564972,7.831205164e-05
5.601,-0.01251254041,-0.01698197007,-0.21,-0.01257634114,-0.01697423921,-0.2099566805,7.750405922e-05
5.602,-0.01250282172,-0.01698239474,-0.21,-0.01256575832,-0.01697471451,-0.2099568674,7.668392081e-05
5.603,-0.01249346583,-0.01698280355,-0.21,-0.01255552432,-0.01697517488,-0.2099570579,7.585168922e-05
5.604,-0.01248446723,-0.01698319675,-0.21,-0.01254563358,-0.01697562056,-0.209957252,7.500743206e-05
5.605,-0.01247582032,-0.01698357459,-0.21,-0.01253608046,-0.01697605179,-0.2099574497,7.415123223e-05
5.606,-0.01246751945,-0.0169839373,-0.21,-0.01252685924,-0.01697646882,-0.209957651,7.32831859e-05
5.607,-0.01245955887,-0.01698428515,-0.21,-0.01251796412,-0.0169768719,-0.2099578559,7.240339953e-05
5.608,-0.01245193273,-0.01698461838,-0.21,-0.01250938922,-0.01697726127,-0.2099580645,7.151198766e-05
5.609,-0.01244463513,-0.01698493726,-0.21,-0.01250112856,-0.0169776372,-0.2099582766,7.06090722e-05
5.61,-0.01243766006,-0.01698524204,-0.21,-0.01249317609,-0.01697799996,-0.2099584923,6.969478383e-05
5.611,-0.01243100142,-0.016985533,-0.21,-0.01248552564,-0.01697834983,-0.2099587117,6.876926488e-05
5.612,-0.01242465306,-0.01698581039,-0.21,-0.012478171,-0.01697868709,-0.2099589347,6.783267287e-05
5.613,-0.01241860872,-0.01698607451,-0.21,-0.01247110584,-0.01697901203,-0.2099591613,6.688518392e-05
5.614,-0.01241286204,-0.01698632561,-0.21,-0.01246432376,-0.01697932493,-0.2099593915,6.592699537e-05
5.615,-0.01240740661,-0.01698656399,-0.21,-0.01245781827,-0.01697962606,-0.2099596253,6.495832737e-05
5.616,-0.01240223591,-0.01698678993,-0.21,-0.01245158282,-0.01697991572,-0.2099598628,6.39794238e-05
5.617,-0.01239734334,-0.01698700372,-0.21,-0.01244561073,-0.01698019419,-0.2099601039,6.299055303e-05
5.618,-0.01239272221,-0.01698720564,-0.21,-0.01243989527,-0.01698046175,-0.2099603486,6.199200908e-05
5.619,-0.01238836576,-0.016987396,-0.21,-0.01243442961,-0.01698071871,-0.209960597,6.098411375e-05
5.62,-0.01238426711,-0.0169875751,-0.21,-0.01242920682,-0.01698096537,-0.209960849,5.996722085e-05
5.621,-0.01238041932,-0.01698774323,-0.21,-0.01242421989,-0.01698120205,-0.2099611046,5.894172202e-05
5.622,-0.01237681535,-0.01698790071,-0.21,-0.01241946173,-0.01698142906,-0.2099613639,5.790805165e-05
5.623,-0.01237344808,-0.01698804785,-0.21,-0.01241492516,-0.01698164672,-0.2099616269,5.686669186e-05
5.624,-0.0123703103,-0.01698818496,-0.21,-0.01241060291,-0.01698185534,-0.2099618934,5.581817831e-05
5.625,-0.01236739469,-0.01698831236,-0.21,-0.01240648762,-0.01698205527,-0.2099621637,5.476310614e-05
5.626,-0.01236469387,-0.01698843037,-0.21,-0.01240257186,-0.01698224681,-0.2099624375,5.370213554e-05
5.627,-0.01236220035,-0.01698853933,-0.21,-0.01239884811,-0.0169824303,-0.209962715,5.263599724e-05
5.628,-0.01235990657,-0.01698863956,-0.21,-0.01239530874,-0.01698260608,-0.2099629962,5.156549881e-05
5.629,-0.01235780486,-0.01698873139,-0.21,-0.01239194605,-0.01698277448,-0.2099632809,5.04915327e-05
5.63,-0.01235588746,-0.01698881518,-0.21,-0.01238875223,-0.01698293587,-0.2099635694,4.941508643e-05
5.631,-0.01235414654,-0.01698889125,-0.21,-0.01238571939,-0.01698309057,-0.2099638614,4.833725492e-05
5.632,-0.01235257416,-0.01698895995,-0.21,-0.01238283955,-0.01698323896,-0.2099641571,4.725925463e-05
5.633,-0.01235116229,-0.01698902165,-0.21,-0.01238010464,-0.0169833814,-0.2099644564,4.618243903e-05
5.634,-0.01234990281,-0.01698907668,-0.21,-0.01237750648,-0.01698351823,-0.2099647594,4.510831522e-05
5.635,-0.01234878752,-0.01698912541,-0.21,-0.01237503684,-0.01698364983,-0.209965066,4.403856176e-05
5.636,-0.0123478081,-0.01698916821,-0.21,-0.01237268735,-0.01698377657,-0.2099653762,4.297504792e-05
5.637,-0.01234695616,-0.01698920544,-0.21,-0.01237044958,-0.01698389882,-0.20996569,4.191985487e-05
5.638,-0.01234622322,-0.01698923746,-0.21,-0.012368315,-0.01698401696,-0.2099660075,4.087529888e-05
5.639,-0.01234560068,-0.01698926467,-0.21,-0.01236627499,-0.01698413138,-0.2099663286,3.984395686e-05
5.64,-0.01234507988,-0.01698928742,-0.21,-0.01236432083,-0.01698424245,-0.2099666533,3.882869375e-05
5.641,-0.01234465204,-0.01698930612,-0.21,-0.0123624437,-0.01698435057,-0.2099669816,3.783269109e-05
5.642,-0.01234430829,-0.01698932114,-0.21,-0.0123606347,-0.01698445614,-0.2099673136,3.685947581e-05
5.643,-0.01234403967,-0.01698933288,-0.21,-0.01235888483,-0.01698455956,-0.2099676492,3.591294769e-05
5.644,-0.01234383713,-0.01698934173,-0.21,-0.012357185,-0.01698466124,-0.2099679883,3.49974034e-05
5.645,-0.01234369152,-0.01698934809,-0.21,-0.01235552601,-0.01698476158,-0.2099683311,3.411755491e-05
5.646,-0.01234359358,-0.01698935237,-0.21,-0.01235389858,-0.01698486099,-0.2099686776,3.327853871e-05
5.647,-0.01234353398,-0.01698935497,-0.21,-0.01235229333,-0.0169849599,-0.2099690276,3.248591221e-05
5.648,-0.01234350327,-0.01698935631,-0.21,-0.0123507008,-0.01698505871,-0.2099693812,3.174563246e-05
5.649,-0.01234349192,-0.01698935681,-0.21,-0.0123491114,-0.01698515787,-0.2099697384,3.106401215e-05
5.65,-0.0123434903,-0.01698935688,-0.21,-0.01234751547,-0.0169852578,-0.2099700993,3.044764742e-05
5.651,-0.01234348973,-0.01698935841,-0.21,-0.01234590325,-0.01698535893,-0.2099704637,2.990342177e-05
5.652,-0.01234348575,-0.01698936905,-0.21,-0.01234431235,-0.01698555378,-0.2099708294,2.943061175e-05
5.653,-0.01234347498,-0.01698939784,-0.21,-0.01234284129,-0.01698605019,-0.2099711756,2.90250367e-05
5.654,-0.01234345409,-0.01698945372,-0.21,-0.01234158092,-0.01698703941,-0.2099714592,2.870393187e-05
5.655,-0.01234341976,-0.01698954554,-0.21,-0.01234056511,-0.01698860255,-0.2099716445,2.851444584e-05
5.656,-0.01234336871,-0.01698968206,-0.21,-0.01233975643,-0.01699067851,-0.2099717311,2.851621264e-05
5.657,-0.0123432977,-0.01698987195,-0.21,-0.01233906546,-0.01699309387,-0.2099717564,2.874009289e-05
5.658,-0.01234320353,-0.01699012379,-0.21,-0.01233838899,-0.01699563352,-0.2099717756,2.915740287e-05
5.659,-0.01234308302,-0.01699044607,-0.21,-0.01233764803,-0.01699811958,-0.2099718341,2.969412124e-05
5.66,-0.01234293303,-0.0169908472,-0.21,-0.0123368102,-0.0170004676,-0.2099719497,3.027973469e-05
5.661,-0.01234275045,-0.01699133548,-0.21,-0.01233588991,-0.01700270184,-0.2099721102,3.088852407e-05
5.662,-0.01234253221,-0.01699191914,-0.21,-0.01233493011,-0.01700492904,-0.2099722847,3.154657548e-05
5.663,-0.01234227526,-0.01699260632,-0.21,-0.01233397609,-0.01700728602,-0.2099724398,3.230995527e-05
5.664,-0.01234197659,-0.01699340505,-0.21,-0.0123330534,-0.01700988405,-0.209972554,3.323343248e-05
5.665,-0.01234163323,-0.01699432331,-0.21,-0.01233215823,-0.0170127712,-0.2099726243,3.434429982e-05
5.666,-0.01234124224,-0.01699536896,-0.21,-0.01233126182,-0.01701592416,-0.2099726639,3.562848388e-05
5.667,-0.0123408007,-0.01699654978,-0.21,-0.01233032493,-0.01701926833,-0.2099726947,3.703315038e-05
5.668,-0.01234030573,-0.01699787349,-0.21,-0.0123293143,-0.01702271455,-0.2099727371,3.848578025e-05
5.669,-0.01233975449,-0.01699934768,-0.21,-0.01232821418,-0.01702619644,-0.2099728026,3.992162051e-05
5.67,-0.01233914417,-0.01700097989,-0.21,-0.01232702864,-0.01702969406,-0.2099728906,4.130625617e-05
5.671,-0.01233847198,-0.01700277755,-0.21,-0.01232577535,-0.01703323714,-0.2099729915,4.264329562e-05
5.672,-0.01233773517,-0.01700474802,-0.21,-0.01232447458,-0.01703688941,-0.2099730913,4.396580287e-05
5.673,-0.01233693103,-0.01700689856,-0.21,-0.01232313892,-0.01704072253,-0.2099731784,4.531758267e-05
5.674,-0.01233605687,-0.01700923637,-0.21,-0.01232176773,-0.01704479089,-0.2099732476,4.673321311e-05
5.675,-0.01233511003,-0.01701176853,-0.21,-0.01232034804,-0.01704911628,-0.2099733013,4.822437567e-05
5.676,-0.01233408789,-0.01701450207,-0.21,-0.01231886062,-0.01705368697,-0.209973347,4.977657902e-05
5.677,-0.01233298787,-0.01701744391,-0.21,-0.01231728775,-0.0170584693,-0.2099733938,5.135626604e-05
5.678,-0.01233180739,-0.01702060091,-0.21,-0.01231561943,-0.01706342573,-0.2099734483,5.292452263e-05
5.679,-0.01233054393,-0.01702397982,-0.21,-0.01231385551,-0.01706853181,-0.2099735128,5.445140013e-05
5.68,-0.01232919499,-0.01702758733,-0.21,-0.01231200338,-0.0170737859,-0.2099735846,5.592521938e-05
5.681,-0.01232775811,-0.01703143004,-0.21,-0.01231007291,-0.017079209,-0.2099736585,5.735389485e-05
5.682,-0.01232623085,-0.01703551445,-0.21,-0.01230807094,-0.01708483627,-0.2099737288,5.875884097e-05
5.683,-0.0123246108,-0.017039847,-0.21,-0.0123059978,-0.01709070451,-0.2099737918,6.016475825e-05
5.684,-0.01232289559,-0.01704443405,-0.21,-0.01230384692,-0.01709684072,-0.2099738472,6.158962732e-05
5.685,-0.01232108288,-0.01704928186,-0.21,-0.01230160737,-0.01710325596,-0.2099738972,6.303854053e-05
5.686,-0.01231917034,-0.01705439662,-0.21,-0.01229926794,-0.01710994581,-0.2099739456,6.450312284e-05
5.687,-0.01231715571,-0.01705978443,-0.21,-0.01229682081,-0.01711689655,-0.2099739959,6.596603653e-05
5.688,-0.01231503671,-0.01706545133,-0.21,-0.01229426342,-0.01712409378,-0.2099740499,6.740825381e-05
5.689,-0.01231281114,-0.01707140326,-0.21,-0.01229159802,-0.01713153006,-0.2099741076,6.881604112e-05
5.69,-0.0123104768,-0.01707764609,-0.21,-0.01228882926,-0.01713920891,-0.2099741668,7.018510167e-05
5.691,-0.01230803151,-0.0170841856,-0.21,-0.01228596118,-0.01714714413,-0.2099742253,7.152072327e-05
5.692,-0.01230547316,-0.01709102749,-0.21,-0.01228299472,-0.0171553555,-0.2099742808,7.283441372e-05
5.693,-0.01230279963,-0.0170981774,-0.21,-0.01227992686,-0.01716386277,-0.2099743325,7.413873504e-05
5.694,-0.01230000886,-0.01710564088,-0.21,-0.01227675136,-0.01717268057,-0.209974381,7.544246051e-05
5.695,-0.01229709878,-0.01711342339,-0.21,-0.01227346078,-0.01718181585,-0.2099744278,7.674776684e-05
5.696,-0.0122940674,-0.01712153032,-0.21,-0.01227004875,-0.01719126842,-0.2099744747,7.805022661e-05
5.697,-0.01229091272,-0.017129967,-0.21,-0.01226651157,-0.01720103409,-0.2099745229,7.934122656e-05
5.698,-0.01228763279,-0.01713873865,-0.21,-0.01226284853,-0.01721110871,-0.2099745727,8.061160602e-05
5.699,-0.01228422566,-0.01714785044,-0.21,-0.01225906111,-0.01722149168,-0.2099746237,8.185502829e-05
5.7,-0.01228068946,-0.01715730744,-0.21,-0.01225515133,-0.01723218759,-0.2099746747,8.306987966e-05
5.701,-0.01227702229,-0.01716711467,-0.21,-0.01225112016,-0.01724320572,-0.2099747246,8.425919426e-05
5.702,-0.01227322233,-0.01717727705,-0.21,-0.01224696649,-0.01725455785,-0.2099747729,8.542889847e-05
5.703,-0.01226928775,-0.01718779943,-0.21,-0.01224268711,-0.01726625547,-0.2099748195,8.658523959e-05
5.704,-0.01226521678,-0.01719868659,-0.21,-0.01223827747,-0.01727830743,-0.2099748648,8.773244429e-05
5.705,-0.01226100764,-0.01720994324,-0.21,-0.01223373289,-0.01729071885,-0.2099749098,8.887142841e-05
5.706,-0.01225665862,-0.01722157399,-0.21,-0.01222904978,-0.01730349152,-0.209974955,8.999988728e-05
5.707,-0.012252168,-0.0172335834,-0.21,-0.01222422615,-0.01731662545,-0.209975001,9.111354912e-05
5.708,-0.01224753413,-0.01724597595,-0.21,-0.01221926159,-0.01733012078,-0.2099750476,9.22079792e-05
5.709,-0.01224275534,-0.01725875603,-0.21,-0.01221415656,-0.01734397939,-0.2099750944,9.328020465e-05
5.71,-0.01223783002,-0.01727192799,-0.21,-0.01220891147,-0.01735820555,-0.209975141,9.432959342e-05
5.711,-0.01223275658,-0.01728549606,-0.21,-0.0122035259,-0.01737280571,-0.2099751868,9.535776815e-05
5.712,-0.01222753347,-0.01729946444,-0.21,-0.01219799823,-0.01738778734,-0.2099752317,9.636771539e-05
5.713,-0.01222215913,-0.01731383723,-0.21,-0.01219232583,-0.01740315771,-0.2099752758,9.736252049e-05
5.714,-0.01221663206,-0.01732861846,-0.21,-0.01218650555,-0.0174189227,-0.2099753195,9.834423691e-05
5.715,-0.01221095078,-0.01734381211,-0.21,-0.01218053446,-0.01743508643,-0.2099753632,9.931328165e-05
5.716,-0.01220511384,-0.01735942206,-0.21,-0.01217441033,-0.01745165142,-0.2099754071,0.0001002685058
5.717,-0.0121991198,-0.01737545212,-0.21,-0.01216813186,-0.01746861936,-0.2099754513,0.0001012078246
5.718,-0.01219296727,-0.01739190606,-0.21,-0.01216169853,-0.01748599198,-0.2099754957,0.0001021291034
5.719,-0.01218665487,-0.01740878754,-0.21,-0.01215511012,-0.01750377185,-0.2099755401,0.0001030309459
5.72,-0.01218018125,-0.01742610017,-0.21,-0.01214836626,-0.01752196264,-0.2099755843,0.0001039131104
5.721,-0.0121735451,-0.01744384749,-0.21,-0.01214146608,-0.01754056898,-0.209975628,0.0001047764554
5.722,-0.0121667451,-0.01746203295,-0.21,-0.01213440804,-0.01755959594,-0.2099756712,0.0001056224942
5.723,-0.01215978001,-0.01748065996,-0.21,-0.01212719018,-0.01757904846,-0.2099757142,0.000106452774
5.724,-0.01215264856,-0.01749973184,-0.21,-0.01211981036,-0.01759893076,-0.2099757571,0.000107268324
5.725,-0.01214534955,-0.01751925185,-0.21,-0.01211226666,-0.01761924619,-0.2099758,0.0001080693661
5.726,-0.01213788179,-0.01753922317,-0.21,-0.0121045576,-0.0176399973,-0.209975843,0.0001088553543
5.727,-0.0121302441,-0.01755964891,-0.21,-0.01209668218,-0.01766118623,-0.2099758862,0.0001096252884
5.728,-0.01212243535,-0.01758053214,-0.21,-0.01208863978,-0.01768281511,-0.2099759295,0.0001103781497
5.729,-0.01211445442,-0.01760187582,-0.21,-0.01208042989,-0.01770488642,-0.2099759727,0.0001111132874
5.73,-0.01210630023,-0.01762368288,-0.21,-0.01207205187,-0.01772740315,-0.2099760158,0.0001118306212
5.731,-0.0120979717,-0.01764595616,-0.21,-0.01206350479,-0.01775036871,-0.2099760586,0.0001125306128
5.732,-0.01208946781,-0.01766869843,-0.21,-0.01205478741,-0.0177737867,-0.2099761014,0.0001132140458
5.733,-0.01208078753,-0.01769191241,-0.21,-0.01204589831,-0.01779766059,-0.209976144,0.0001138817187
5.734,-0.01207192988,-0.01771560075,-0.21,-0.01203683603,-0.01782199351,-0.2099761866,0.0001145341732
5.735,-0.01206289389,-0.01773976602,-0.21,-0.01202759927,-0.01784678812,-0.2099762293,0.000115171551
5.736,-0.01205367863,-0.01776441073,-0.21,-0.01201818699,-0.01787204666,-0.2099762721,0.0001157936137
5.737,-0.01204428317,-0.01778953734,-0.21,-0.0120085984,-0.01789777114,-0.2099763151,0.0001163998971
5.738,-0.01203470664,-0.01781514821,-0.21,-0.01199883289,-0.01792396354,-0.209976358,0.0001169899273
5.739,-0.01202494815,-0.01784124568,-0.21,-0.01198888988,-0.01795062596,-0.209976401,0.0001175634124
5.74,-0.01201500688,-0.01786783199,-0.21,-0.01197876873,-0.01797776072,-0.209976444,0.000118120344
5.741,-0.012004882,-0.01789490933,-0.21,-0.01196846865,-0.01800537031,-0.2099764869,0.0001186609839
5.742,-0.01199457271,-0.01792247981,-0.21,-0.01195798871,-0.01803345729,-0.2099765297,0.0001191857557
5.743,-0.01198407826,-0.01795054551,-0.21,-0.0119473279,-0.01806202414,-0.2099765726,0.0001196950921
5.744,-0.01197339789,-0.01797910841,-0.21,-0.01193648524,-0.01809107311,-0.2099766156,0.0001201892991
5.745,-0.01196253088,-0.01800817045,-0.21,-0.01192545985,-0.01812060623,-0.2099766587,0.0001206684836
5.746,-0.01195147653,-0.0180377335,-0.21,-0.01191425098,-0.01815062527,-0.2099767019,0.0001211325616
5.747,-0.01194023417,-0.01806779936,-0.21,-0.01190285804,-0.01818113187,-0.2099767451,0.0001215813349
5.748,-0.01192880314,-0.01809836977,-0.21,-0.01189128051,-0.01821212759,-0.2099767885,0.0001220145985
5.749,-0.01191718281,-0.01812944643,-0.21,-0.0118795179,-0.01824361406,-0.2099768319,0.0001224322373
5.75,-0.01190537259,-0.01816103094,-0.21,-0.01186756968,-0.01827559295,-0.2099768754,0.0001228342781
5.751,-0.01189337188,-0.01819312488,-0.21,-0.01185543526,-0.018308066,-0.2099769189,0.0001232208842
5.752,-0.01188118012,-0.01822572973,-0.21,-0.01184311399,-0.01834103497,-0.2099769625,0.0001235923019
5.753,-0.01186879679,-0.01825884693,-0.21,-0.01183060521,-0.01837450153,-0.2099770062,0.0001239487839
5.754,-0.01185622136,-0.01829247786,-0.21,-0.01181790827,-0.01840846724,-0.2099770499,0.0001242905206
5.755,-0.01184345334,-0.01832662384,-0.21,-0.01180502261,-0.01844293348,-0.2099770938,0.0001246176024
5.756,-0.01183049226,-0.01836128612,-0.21,-0.01179194773,-0.01847790152,-0.2099771378,0.0001249300229
5.757,-0.01181733768,-0.0183964659,-0.21,-0.01177868322,-0.01851337249,-0.209977182,0.0001252277167
5.758,-0.01180398916,-0.01843216431,-0.21,-0.01176522872,-0.01854934749,-0.2099772262,0.0001255106136
5.759,-0.01179044631,-0.01846838244,-0.21,-0.01175158388,-0.01858582759,-0.2099772706,0.000125778688
5.76,-0.01177670875,-0.0185051213,-0.21,-0.01173774835,-0.01862281387,-0.209977315,0.0001260319857
5.761,-0.01176277611,-0.01854238186,-0.21,-0.01172372174,-0.01866030743,-0.2099773596,0.0001262706224
5.762,-0.01174864806,-0.01858016502,-0.21,-0.01170950368,-0.01869830931,-0.2099774042,0.0001264947571
5.763,-0.01173432428,-0.01861847163,-0.21,-0.01169509376,-0.01873682053,-0.209977449,0.0001267045535
5.764,-0.01171980448,-0.01865730246,-0.21,-0.01168049163,-0.01877584201,-0.2099774939,0.0001269001443
5.765,-0.01170508838,-0.01869665826,-0.21,-0.01166569696,-0.01881537455,-0.209977539,0.0001270816119
5.766,-0.01169017573,-0.0187365397,-0.21,-0.01165070949,-0.01885541885,-0.2099775842,0.000127248989
5.767,-0.0116750663,-0.01877694739,-0.21,-0.011635529,-0.01889597556,-0.2099776295,0.0001274022776
5.768,-0.01165975988,-0.0188178819,-0.21,-0.0116201553,-0.01893704523,-0.209977675,0.0001275414762
5.769,-0.01164425628,-0.01885934373,-0.21,-0.01160458823,-0.01897862841,-0.2099777206,0.0001276666056
5.77,-0.01162855534,-0.01890133333,-0.21,-0.01158882761,-0.01902072561,-0.2099777663,0.0001277777228
5.771,-0.0116126569,-0.0189438511,-0.21,-0.01157287328,-0.01906333733,-0.2099778122,0.0001278749212
5.772,-0.01159656084,-0.01898689737,-0.21,-0.01155672508,-0.01910646401,-0.2099778582,0.0001279583171
5.773,-0.01158026706,-0.01903047243,-0.21,-0.01154038287,-0.01915010607,-0.2099779043,0.0001280280296
5.774,-0.01156377546,-0.01907457651,-0.21,-0.0115238465,-0.01919426383,-0.2099779506,0.0001280841632
5.775,-0.01154708598,-0.01911920979,-0.21,-0.01150711589,-0.01923893755,-0.209977997,0.0001281267964
5.776,-0.01153019858,-0.01916437239,-0.21,-0.01149019097,-0.0192841274,-0.2099780436,0.0001281559823
5.777,-0.01151311322,-0.01921006437,-0.21,-0.01147307172,-0.01932983349,-0.2099780903,0.0001281717576
5.778,-0.01149582991,-0.01925628576,-0.21,-0.01145575813,-0.01937605588,-0.2099781371,0.0001281741569
5.779,-0.01147834865,-0.01930303651,-0.21,-0.01143825022,-0.01942279459,-0.2099781841,0.0001281632259
5.78,-0.01146066949,-0.01935031654,-0.21,-0.01142054802,-0.01947004958,-0.2099782313,0.0001281390289
5.781,-0.01144279247,-0.0193981257,-0.21,-0.01140265157,-0.01951782081,-0.2099782786,0.0001281016491
5.782,-0.01142471767,-0.0194464638,-0.21,-0.0113845609,-0.01956610818,-0.209978326,0.0001280511819
5.783,-0.01140644517,-0.0194953306,-0.21,-0.01136627609,-0.01961491153,-0.2099783736,0.000127987725
5.784,-0.0113879751,-0.01954472579,-0.21,-0.0113477972,-0.01966423067,-0.2099784213,0.0001279113685
5.785,-0.01136930757,-0.01959464903,-0.21,-0.01132912437,-0.0197140653,-0.2099784692,0.0001278221895
5.786,-0.01135044274,-0.01964509993,-0.21,-0.0113102577,-0.01976441511,-0.2099785172,0.0001277202521
5.787,-0.01133138078,-0.01969607802,-0.21,-0.01129119738,-0.0198152797,-0.2099785653,0.0001276056115
5.788,-0.01131212187,-0.01974758282,-0.21,-0.01127194356,-0.01986665863,-0.2099786136,0.0001274783218
5.789,-0.01129266622,-0.01979961376,-0.21,-0.01125249647,-0.0199185514,-0.2099786621,0.0001273384425
5.79,-0.01127301406,-0.01985217027,-0.21,-0.0112328563,-0.0199709575,-0.2099787106,0.0001271860429
5.791,-0.01125316561,-0.01990525167,-0.21,-0.01121302328,-0.02002387635,-0.2099787594,0.0001270212021
5.792,-0.01123312116,-0.01995885729,-0.21,-0.01119299766,-0.02007730734,-0.2099788082,0.0001268440061
5.793,-0.01121288096,-0.02001298637,-0.21,-0.01117277969,-0.02013124981,-0.2099788572,0.000126654542
5.794,-0.01119244533,-0.02006763812,-0.21,-0.01115236964,-0.02018570306,-0.2099789063,0.0001264528936
5.795,-0.01117181458,-0.0201228117,-0.21,-0.01113176781,-0.02024066631,-0.2099789556,0.0001262391379
5.796,-0.01115098903,-0.02017850622,-0.21,-0.01111097452,-0.02029613874,-0.209979005,0.0001260133454
5.797,-0.01112996904,-0.02023472074,-0.21,-0.0110899901,-0.02035211949,-0.2099790545,0.0001257755817
5.798,-0.01110875497,-0.02029145427,-0.21,-0.01106881492,-0.02040860763,-0.2099791041,0.0001255259119
5.799,-0.01108734722,-0.0203487058,-0.21,-0.01104744934,-0.02046560221,-0.2099791539,0.0001252644037
5.8,-0.01106574619,-0.02040647424,-0.21,-0.01102589376,-0.02052310221,-0.2099792038,0.00012499113
5.801,-0.01104395228,-0.02046475846,-0.21,-0.01100414858,-0.0205811066,-0.2099792538,0.0001247061691
5.802,-0.01102196595,-0.0205235573,-0.21,-0.01098221423,-0.02063961428,-0.2099793039,0.0001244096028
5.803,-0.01099978765,-0.02058286955,-0.21,-0.01096009113,-0.02069862412,-0.2099793542,0.0001241015139
5.804,-0.01097741784,-0.02064269394,-0.21,-0.01093777973,-0.02075813495,-0.2099794045,0.0001237819836
5.805,-0.01095485701,-0.02070302917,-0.21,-0.01091528052,-0.02081814552,-0.209979455,0.0001234510899
5.806,-0.01093210568,-0.02076387389,-0.21,-0.01089259397,-0.02087865457,-0.2099795055,0.0001231089071
5.807,-0.01090916435,-0.0208252267,-0.21,-0.0108697206,-0.02093966077,-0.2099795562,0.0001227555074
5.808,-0.01088603358,-0.02088708618,-0.21,-0.01084666093,-0.02100116276,-0.209979607,0.0001223909624
5.809,-0.0108627139,-0.02094945083,-0.21,-0.0108234155,-0.02106315913,-0.2099796579,0.0001220153452
5.81,-0.0108392059,-0.02101231913,-0.21,-0.01079998487,-0.02112564841,-0.2099797088,0.0001216287317
5.811,-0.01081551015,-0.02107568952,-0.21,-0.01077636961,-0.02118862914,-0.2099797599,0.0001212312006
5.812,-0.01079162727,-0.02113956038,-0.21,-0.0107525703,-0.02125209976,-0.209979811,0.0001208228327
5.813,-0.01076755787,-0.02120393006,-0.21,-0.01072858755,-0.02131605872,-0.2099798622,0.0001204037096
5.814,-0.01074330257,-0.02126879686,-0.21,-0.01070442197,-0.02138050438,-0.2099799135,0.000119973912
5.815,-0.01071886204,-0.02133415906,-0.21,-0.01068007419,-0.0214454351,-0.2099799648,0.0001195335193
5.816,-0.01069423694,-0.02140001486,-0.21,-0.01065554487,-0.02151084916,-0.2099800163,0.0001190826088
5.817,-0.01066942795,-0.02146636245,-0.21,-0.01063083468,-0.02157674482,-0.2099800678,0.000118621257
5.818,-0.01064443576,-0.02153319997,-0.21,-0.01060594428,-0.0216431203,-0.2099801193,0.0001181495401
5.819,-0.01061926108,-0.02160052552,-0.21,-0.01058087439,-0.02170997376,-0.2099801709,0.0001176675349
5.82,-0.01059390465,-0.02166833714,-0.21,-0.01055562571,-0.02177730334,-0.2099802226,0.0001171753201
5.821,-0.0105683672,-0.02173663287,-0.21,-0.01053019897,-0.02184510713,-0.2099802743,0.0001166729756
5.822,-0.01054264948,-0.02180541069,-0.21,-0.01050459491,-0.0219133832,-0.209980326,0.0001161605829
5.823,-0.01051675228,-0.02187466851,-0.21,-0.01047881429,-0.02198212956,-0.2099803778,0.0001156382238
5.824,-0.01049067637,-0.02194440426,-0.21,-0.01045285786,-0.02205134418,-0.2099804296,0.00011510598
5.825,-0.01046442256,-0.02201461579,-0.21,-0.01042672643,-0.022121025,-0.2099804814,0.0001145639326
5.826,-0.01043799165,-0.02208530092,-0.21,-0.01040042078,-0.02219116993,-0.2099805332,0.0001140121616
5.827,-0.01041138448,-0.02215645743,-0.21,-0.01037394173,-0.02226177682,-0.2099805851,0.0001134507467
5.828,-0.0103846019,-0.02222808308,-0.21,-0.01034729011,-0.0223328435,-0.209980637,0.0001128797677
5.829,-0.01035764474,-0.02230017556,-0.21,-0.01032046677,-0.02240436774,-0.2099806888,0.0001122993047
5.83,-0.0103305139,-0.02237273256,-0.21,-0.01029347255,-0.02247634731,-0.2099807407,0.0001117094388
5.831,-0.01030321025,-0.02244575171,-0.21,-0.01026630833,-0.0225487799,-0.2099807925,0.000111110252
5.832,-0.01027573469,-0.02251923059,-0.21,-0.01023897498,-0.0226216632,-0.2099808444,0.0001105018272
5.833,-0.01024808813,-0.02259316678,-0.21,-0.01021147342,-0.02269499485,-0.2099808962,0.0001098842476
5.834,-0.0102202715,-0.02266755781,-0.21,-0.01018380454,-0.02276877244,-0.2099809479,0.0001092575967
5.835,-0.01019228574,-0.02274240115,-0.21,-0.01015596927,-0.02284299355,-0.2099809997,0.0001086219575
5.836,-0.01016413179,-0.02281769426,-0.21,-0.01012796855,-0.02291765571,-0.2099810514,0.0001079774131
5.837,-0.01013581063,-0.02289343457,-0.21,-0.01009980332,-0.02299275642,-0.209981103,0.000107324046
5.838,-0.01010732323,-0.02296961945,-0.21,-0.01007147456,-0.02306829313,-0.2099811546,0.0001066619393
5.839,-0.01007867058,-0.02304624626,-0.21,-0.01004298323,-0.02314426327,-0.2099812062,0.0001059911761
5.84,-0.01004985369,-0.02312331231,-0.21,-0.01001433033,-0.02322066424,-0.2099812576,0.0001053118403
5.841,-0.01002087358,-0.02320081489,-0.21,-0.009985516859,-0.0232974934,-0.209981309,0.0001046240165
5.842,-0.009991731266,-0.02327875123,-0.21,-0.009956543828,-0.02337474806,-0.2099813603,0.0001039277899
5.843,-0.009962427798,-0.02335711856,-0.21,-0.009927412266,-0.02345242553,-0.2099814115,0.000103223246
5.844,-0.009932964228,-0.02343591405,-0.21,-0.009898123212,-0.02353052307,-0.2099814626,0.0001025104707
5.845,-0.009903341623,-0.02351513485,-0.21,-0.009868677715,-0.02360903789,-0.2099815136,0.00010178955
5.846,-0.00987356106,-0.02359477809,-0.21,-0.00983907684,-0.0236879672,-0.2099815645,0.0001010605698
5.847,-0.009843623631,-0.02367484084,-0.21,-0.009809321663,-0.02376730817,-0.2099816153,0.0001003236163
5.848,-0.009813530437,-0.02375532016,-0.21,-0.00977941327,-0.02384705791,-0.209981666,9.957877575e-05
5.849,-0.009783282593,-0.02383621307,-0.21,-0.00974935276,-0.02392721352,-0.2099817165,9.882613504e-05
5.85,-0.009752881223,-0.02391751655,-0.21,-0.009719141245,-0.02400777209,-0.2099817668,9.806578149e-05
5.851,-0.009722327466,-0.02399922757,-0.21,-0.009688779847,-0.02408873064,-0.209981817,9.729780304e-05
5.852,-0.00969162247,-0.02408134305,-0.21,-0.009658269699,-0.02417008618,-0.2099818671,9.652228823e-05
5.853,-0.009660767394,-0.0241638599,-0.21,-0.009627611946,-0.02425183569,-0.209981917,9.573932611e-05
5.854,-0.00962976341,-0.02424677498,-0.21,-0.009596807744,-0.02433397611,-0.2099819667,9.494900614e-05
5.855,-0.0095986117,-0.02433008512,-0.21,-0.00956585826,-0.02441650436,-0.2099820162,9.415141814e-05
5.856,-0.009567313457,-0.02441378715,-0.21,-0.009534764673,-0.02449941733,-0.2099820655,9.334665225e-05
5.857,-0.009535869886,-0.02449787783,-0.21,-0.009503528171,-0.02458271189,-0.2099821147,9.2534799e-05
5.858,-0.0095042822,-0.02458235392,-0.21,-0.009472149955,-0.02466638485,-0.2099821636,9.171594942e-05
5.859,-0.009472551626,-0.02466721214,-0.21,-0.009440631235,-0.02475043302,-0.2099822123,9.089019507e-05
5.86,-0.009440679399,-0.02475244919,-0.21,-0.009408973232,-0.02483485317,-0.2099822608,9.005762824e-05
5.861,-0.009408666766,-0.02483806174,-0.21,-0.009377177177,-0.02491964205,-0.209982309,8.92183419e-05
5.862,-0.009376514984,-0.02492404641,-0.21,-0.009345244311,-0.02500479638,-0.209982357,8.837242978e-05
5.863,-0.009344225318,-0.02501039984,-0.21,-0.009313175888,-0.02509031284,-0.2099824048,8.751998633e-05
5.864,-0.009311799046,-0.02509711859,-0.21,-0.009280973168,-0.02517618811,-0.2099824522,8.666110672e-05
5.865,-0.009279237455,-0.02518419923,-0.21,-0.009248637422,-0.02526241882,-0.2099824995,8.579588682e-05
5.866,-0.009246541841,-0.0252716383,-0.21,-0.009216169933,-0.02534900157,-0.2099825464,8.492442324e-05
5.867,-0.00921371351,-0.02535943229,-0.21,-0.009183571993,-0.02543593297,-0.209982593,8.404681334e-05
5.868,-0.009180753779,-0.02544757769,-0.21,-0.0091508449,-0.02552320956,-0.2099826394,8.316315539e-05
5.869,-0.009147663973,-0.02553607096,-0.21,-0.009117989967,-0.02561082787,-0.2099826854,8.22735486e-05
5.87,-0.009114445427,-0.02562490852,-0.21,-0.009085008513,-0.02569878443,-0.2099827312,8.137809324e-05
5.871,-0.009081099485,-0.02571408678,-0.21,-0.009051901867,-0.02578707571,-0.2099827766,8.047689069e-05
5.872,-0.009047627499,-0.02580360212,-0.21,-0.009018671366,-0.02587569816,-0.2099828217,7.957004358e-05
5.873,-0.009014030833,-0.0258934509,-0.21,-0.008985318359,-0.02596464824,-0.2099828664,7.865765573e-05
5.874,-0.008980310857,-0.02598362946,-0.21,-0.0089518442,-0.02605392234,-0.2099829108,7.773983231e-05
5.875,-0.008946468951,-0.02607413409,-0.21,-0.008918250255,-0.02614351686,-0.2099829548,7.681667986e-05
5.876,-0.008912506504,-0.02616496109,-0.21,-0.008884537897,-0.02623342817,-0.2099829985,7.588830636e-05
5.877,-0.008878424913,-0.02625610673,-0.21,-0.008850708509,-0.02632365259,-0.2099830417,7.495482136e-05
5.878,-0.008844225583,-0.02634756723,-0.21,-0.008816763479,-0.02641418646,-0.2099830846,7.401633608e-05
5.879,-0.008809909929,-0.02643933883,-0.21,-0.008782704208,-0.02650502606,-0.2099831271,7.307296357e-05
5.88,-0.008775479373,-0.02653141771,-0.21,-0.008748532103,-0.02659616768,-0.2099831692,7.21248189e-05
5.881,-0.008740935346,-0.02662380006,-0.21,-0.008714248577,-0.02668760756,-0.2099832109,7.117201923e-05
5.882,-0.008706279284,-0.02671648202,-0.21,-0.008679855055,-0.02677934194,-0.2099832521,7.021468407e-05
5.883,-0.008671512636,-0.02680945972,-0.21,-0.008645352967,-0.02687136703,-0.2099832929,6.92529354e-05
5.884,-0.008636636854,-0.02690272929,-0.21,-0.008610743752,-0.02696367901,-0.2099833333,6.828689784e-05
5.885,-0.008601653401,-0.02699628681,-0.21,-0.008576028856,-0.02705627406,-0.2099833732,6.731669883e-05
5.886,-0.008566563745,-0.02709012834,-0.21,-0.008541209733,-0.02714914831,-0.2099834126,6.634246889e-05
5.887,-0.008531369363,-0.02718424995,-0.21,-0.008506287845,-0.02724229792,-0.2099834516,6.536434185e-05
5.888,-0.008496071739,-0.02727864767,-0.21,-0.008471264658,-0.02733571897,-0.2099834901,6.438245513e-05
5.889,-0.008460672365,-0.0273733175,-0.21,-0.00843614165,-0.02742940756,-0.2099835281,6.339695007e-05
5.89,-0.008425172738,-0.02746825543,-0.21,-0.008400920303,-0.02752335975,-0.2099835656,6.24079723e-05
5.891,-0.008389574364,-0.02756345745,-0.21,-0.008365602107,-0.02761757161,-0.2099836026,6.141567204e-05
5.892,-0.008353878754,-0.02765891952,-0.21,-0.008330188558,-0.02771203917,-0.2099836391,6.04202046e-05
5.893,-0.008318087428,-0.02775463756,-0.21,-0.008294681158,-0.02780675843,-0.2099836751,5.942173075e-05
5.894,-0.008282201911,-0.02785060749,-0.21,-0.008259081419,-0.0279017254,-0.2099837105,5.842041726e-05
5.895,-0.008246223734,-0.02794682523,-0.21,-0.008223390857,-0.02799693605,-0.2099837454,5.741643739e-05
5.896,-0.008210154437,-0.02804328666,-0.21,-0.008187610993,-0.02809238635,-0.2099837797,5.640997155e-05
5.897,-0.008173995564,-0.02813998765,-0.21,-0.008151743356,-0.02818807224,-0.2099838134,5.540120796e-05
5.898,-0.008137748665,-0.02823692404,-0.21,-0.008115789483,-0.02828398965,-0.2099838466,5.439034341e-05
5.899,-0.008101415298,-0.02833409168,-0.21,-0.008079750913,-0.0283801345,-0.2099838792,5.337758406e-05
5.9,-0.008064997025,-0.02843148639,-0.21,-0.008043629194,-0.02847650268,-0.2099839112,5.236314647e-05
5.901,-0.008028495415,-0.02852910396,-0.21,-0.008007425878,-0.02857309006,-0.2099839426,5.134725858e-05
5.902,-0.007991912042,-0.0286269402,-0.21,-0.007971142524,-0.02866989252,-0.2099839734,5.03301609e-05
5.903,-0.007955248486,-0.02872499088,-0.21,-0.007934780696,-0.02876690591,-0.2099840036,4.931210786e-05
5.904,-0.007918506332,-0.02882325175,-0.21,-0.007898341968,-0.02886412605,-0.2099840332,4.829336608e-05
5.905,-0.007881687172,-0.02892171856,-0.21,-0.007861827935,-0.02896154876,-0.2099840621,4.727421047e-05
5.906,-0.007844792602,-0.02902038705,-0.21,-0.007825240217,-0.02905916984,-0.2099840903,4.625492749e-05
5.907,-0.007807824222,-0.02911925293,-0.21,-0.007788580446,-0.02915698507,-0.2099841179,4.523581971e-05
5.908,-0.007770783639,-0.0292183119,-0.21,-0.007751850253,-0.02925499021,-0.2099841447,4.421721114e-05
5.909,-0.007733672464,-0.02931755966,-0.21,-0.007715051259,-0.029353181,-0.2099841708,4.319945138e-05
5.91,-0.007696492313,-0.02941699188,-0.21,-0.007678185066,-0.02945155317,-0.2099841962,4.218292186e-05
5.911,-0.007659244806,-0.02951660424,-0.21,-0.007641253263,-0.02955010242,-0.2099842208,4.116804385e-05
5.912,-0.007621931569,-0.02961639238,-0.21,-0.007604257438,-0.02964882447,-0.2099842446,4.015528573e-05
5.913,-0.007584554232,-0.02971635195,-0.21,-0.007567199181,-0.02974771503,-0.2099842678,3.914516783e-05
5.914,-0.007547114428,-0.02981647857,-0.21,-0.007530080098,-0.0298467698,-0.2099842901,3.813826486e-05
5.915,-0.007509613795,-0.02991676787,-0.21,-0.00749290181,-0.02994598449,-0.2099843117,3.713520672e-05
5.916,-0.007472053977,-0.03001721545,-0.21,-0.007455665951,-0.03004535479,-0.2099843325,3.613667995e-05
5.917,-0.007434436619,-0.03011781692,-0.21,-0.007418374159,-0.03014487639,-0.2099843525,3.514343174e-05
5.918,-0.007396763371,-0.03021856785,-0.21,-0.007381028075,-0.03024454495,-0.2099843718,3.415627778e-05
5.919,-0.007359035888,-0.03031946382,-0.21,-0.007343629338,-0.03034435611,-0.2099843902,3.317611411e-05
5.92,-0.007321255827,-0.03042050041,-0.21,-0.007306179583,-0.0304443055,-0.2099844078,3.220393193e-05
5.921,-0.00728342485,-0.03052167316,-0.21,-0.007268680443,-0.03054438875,-0.2099844246,3.124083386e-05
5.922,-0.00724554462,-0.03062297763,-0.21,-0.007231133556,-0.03064460147,-0.2099844405,3.028805052e-05
5.923,-0.007207616807,-0.03072440935,-0.21,-0.00719354056,-0.03074493929,-0.2099844557,2.93469565e-05
5.924,-0.00716964308,-0.03082596387,-0.21,-0.007155903103,-0.03084539782,-0.2099844701,2.841908632e-05
5.925,-0.007131625115,-0.03092763669,-0.21,-0.007118222837,-0.03094597266,-0.2099844836,2.750615103e-05
5.926,-0.007093564588,-0.03102942333,-0.21,-0.007080501419,-0.03104665943,-0.2099844963,2.66100568e-05
5.927,-0.00705546318,-0.03113131931,-0.21,-0.007042740509,-0.03114745371,-0.2099845081,2.573292629e-05
5.928,-0.007017322574,-0.03123332011,-0.21,-0.007004941769,-0.03124835107,-0.2099845191,2.48771228e-05
5.929,-0.006979144454,-0.03133542124,-0.21,-0.00696710686,-0.03134934708,-0.2099845293,2.404527629e-05
5.93,-0.006940930509,-0.03143761818,-0.21,-0.006929237447,-0.0314504373,-0.2099845386,2.324030918e-05
5.931,-0.006902682429,-0.0315399064,-0.21,-0.006891335194,-0.03155161728,-0.2099845471,2.246545905e-05
5.932,-0.006864401907,-0.03164228139,-0.21,-0.006853401767,-0.03165288257,-0.2099845547,2.172429495e-05
5.933,-0.006826090637,-0.03174473861,-0.21,-0.006815438836,-0.03175422872,-0.2099845615,2.102072329e-05
5.934,-0.006787750317,-0.03184727351,-0.21,-0.006777448071,-0.03185565128,-0.2099845674,2.035897878e-05
5.935,-0.006749382645,-0.03194988157,-0.21,-0.006739431147,-0.03195714578,-0.2099845725,1.974359555e-05
5.936,-0.006710989322,-0.03205255822,-0.21,-0.006701389738,-0.03205870776,-0.2099845767,1.917935291e-05
5.937,-0.00667257205,-0.03215529892,-0.21,-0.006663325521,-0.03216033275,-0.20998458,1.867119019e-05
5.938,-0.006634132533,-0.03225809912,-0.21,-0.006625240173,-0.03226201627,-0.2099845825,1.822408653e-05
5.939,-0.006595672476,-0.03236095424,-0.21,-0.006587135374,-0.03236375383,-0.2099845841,1.784290395e-05
5.94,-0.006557193587,-0.03246385972,-0.21,-0.006549012802,-0.03246554096,-0.2099845849,1.753219748e-05
5.941,-0.006518697574,-0.03256681101,-0.21,-0.006510874141,-0.03256737315,-0.2099845848,1.729600255e-05
5.942,-0.006480186145,-0.03266980352,-0.21,-0.006472721072,-0.03266924591,-0.2099845838,1.713761764e-05
5.943,-0.00644166101,-0.03277283268,-0.21,-0.006434555277,-0.03277115476,-0.2099845819,1.705940612e-05
5.944,-0.006403123882,-0.03287589392,-0.21,-0.006396378441,-0.03287309519,-0.2099845792,1.706264338e-05
5.945,-0.006364576472,-0.03297898265,-0.21,-0.006358192247,-0.03297506271,-0.2099845757,1.714743167e-05
5.946,-0.006326020492,-0.0330820943,-0.21,-0.00631999838,-0.03307705283,-0.2099845712,1.731269635e-05
5.947,-0.006287457656,-0.03318522429,-0.21,-0.006281798522,-0.03317906104,-0.2099845659,1.755626367e-05
5.948,-0.006248889678,-0.03328836803,-0.21,-0.006243594359,-0.03328108284,-0.2099845597,1.787500775e-05
5.949,-0.006210318271,-0.03339152095,-0.21,-0.006205387575,-0.03338311373,-0.2099845527,1.826504484e-05
5.95,-0.006171745149,-0.03349467844,-0.21,-0.006167179857,-0.03348514919,-0.2099845448,1.87219491e-05
5.951,-0.006133172028,-0.03359783594,-0.21,-0.006128972889,-0.03358718473,-0.209984536,1.924096558e-05
5.952,-0.006094600621,-0.03370098885,-0.21,-0.006090768357,-0.03368921584,-0.2099845264,1.981720219e-05
5.953,-0.006056032642,-0.03380413259,-0.21,-0.006052567946,-0.03379123801,-0.2099845159,2.044578933e-05
5.954,-0.006017469806,-0.03390726258,-0.21,-0.006014373339,-0.03389324674,-0.2099845046,2.112200299e-05
5.955,-0.005978913826,-0.03401037423,-0.21,-0.00597618622,-0.03399523754,-0.2099844924,2.184135207e-05
5.956,-0.005940366416,-0.03411346297,-0.21,-0.005938008272,-0.0340972059,-0.2099844794,2.259963407e-05
5.957,-0.005901829288,-0.0342165242,-0.21,-0.005899841175,-0.03419914732,-0.2099844655,2.339296503e-05
5.958,-0.005863304154,-0.03431955337,-0.21,-0.00586168661,-0.0343010573,-0.2099844507,2.42177894e-05
5.959,-0.005824792725,-0.03442254587,-0.21,-0.005823546258,-0.03440293136,-0.2099844351,2.507087561e-05
5.96,-0.005786296711,-0.03452549716,-0.21,-0.005785421797,-0.03450476499,-0.2099844187,2.594930195e-05
5.961,-0.005747817822,-0.03462840264,-0.21,-0.005747314906,-0.0346065537,-0.2099844014,2.685043647e-05
5.962,-0.005709357766,-0.03473125777,-0.21,-0.005709227262,-0.03470829302,-0.2099843833,2.777191382e-05
5.963,-0.005670918249,-0.03483405796,-0.21,-0.005671160541,-0.03480997844,-0.2099843643,2.871161113e-05
5.964,-0.005632500977,-0.03493679866,-0.21,-0.005633116415,-0.0349116055,-0.2099843445,2.96676241e-05
5.965,-0.005594107653,-0.03503947531,-0.21,-0.005595096556,-0.03501316972,-0.2099843239,3.063824443e-05
5.966,-0.005555739981,-0.03514208337,-0.21,-0.005557102635,-0.03511466663,-0.2099843025,3.162193872e-05
5.967,-0.005517399661,-0.03524461828,-0.21,-0.005519136319,-0.03521609176,-0.2099842802,3.261732922e-05
5.968,-0.005479088391,-0.03534707549,-0.21,-0.005481199274,-0.03531744064,-0.2099842571,3.362317633e-05
5.969,-0.005440807869,-0.03544945048,-0.21,-0.005443293164,-0.03541870883,-0.2099842333,3.463836285e-05
5.97,-0.005402559789,-0.0355517387,-0.21,-0.005405419651,-0.03551989186,-0.2099842086,3.56618798e-05
5.971,-0.005364345844,-0.03565393564,-0.21,-0.005367580396,-0.0356209853,-0.2099841831,3.669281383e-05
5.972,-0.005326167724,-0.03575603677,-0.21,-0.005329777055,-0.03572198471,-0.2099841568,3.773033607e-05
5.973,-0.005288027118,-0.03585803758,-0.21,-0.005292011284,-0.03582288564,-0.2099841297,3.877369232e-05
5.974,-0.00524992571,-0.03595993355,-0.21,-0.005254284735,-0.03592368367,-0.2099841018,3.982219445e-05
5.975,-0.005211865183,-0.0360617202,-0.21,-0.005216599056,-0.03602437439,-0.2099840732,4.087521303e-05
5.976,-0.005173847218,-0.03616339302,-0.21,-0.005178955895,-0.03612495338,-0.2099840437,4.193217077e-05
5.977,-0.005135873492,-0.03626494753,-0.21,-0.005141356895,-0.03622541624,-0.2099840135,4.299253691e-05
5.978,-0.005097945678,-0.03636637925,-0.21,-0.005103803695,-0.03632575857,-0.2099839825,4.405582222e-05
5.979,-0.005060065449,-0.03646768372,-0.21,-0.005066297934,-0.03642597598,-0.2099839508,4.512157453e-05
5.98,-0.005022234471,-0.03656885648,-0.21,-0.005028841245,-0.03652606409,-0.2099839183,4.618937484e-05
5.981,-0.00498445441,-0.03666989306,-0.21,-0.004991435258,-0.03662601853,-0.2099838851,4.725883372e-05
5.982,-0.004946726927,-0.03677078904,-0.21,-0.004954081601,-0.03672583494,-0.2099838511,4.832958821e-05
5.983,-0.004909053679,-0.03687153997,-0.21,-0.004916781898,-0.03682550896,-0.2099838164,4.9401299e-05
5.984,-0.004871436321,-0.03697214143,-0.21,-0.004879537768,-0.03692503625,-0.2099837809,5.047364607e-05
5.985,-0.004833876503,-0.03707258901,-0.21,-0.004842350827,-0.03702441248,-0.2099837448,5.154633338e-05
5.986,-0.00479637587,-0.03717287831,-0.21,-0.004805222687,-0.03712363333,-0.2099837079,5.261907981e-05
5.987,-0.004758936066,-0.03727300494,-0.21,-0.004768154957,-0.03722269447,-0.2099836703,5.369161871e-05
5.988,-0.004721558729,-0.0373729645,-0.21,-0.004731149239,-0.03732159162,-0.209983632,5.476369764e-05
5.989,-0.004684245492,-0.03747275264,-0.21,-0.004694207134,-0.03742032048,-0.209983593,5.583507778e-05
5.99,-0.004646997985,-0.037572365,-0.21,-0.004657330235,-0.03751887677,-0.2099835533,5.690553251e-05
5.991,-0.004609817834,-0.03767179722,-0.21,-0.004620520134,-0.03761725623,-0.2099835129,5.797484608e-05
5.992,-0.004572706659,-0.03777104498,-0.21,-0.004583778415,-0.03771545459,-0.2099834719,5.904281236e-05
5.993,-0.004535666076,-0.03787010396,-0.21,-0.004547106662,-0.03781346762,-0.2099834302,6.010923398e-05
5.994,-0.004498697696,-0.03796896983,-0.21,-0.004510506449,-0.03791129109,-0.2099833878,6.117392162e-05
5.995,-0.004461803126,-0.03806763832,-0.21,-0.00447397935,-0.03800892078,-0.2099833448,6.223669333e-05
5.996,-0.004424983966,-0.03816610513,-0.21,-0.004437526931,-0.03810635248,-0.2099833011,6.329737403e-05
5.997,-0.004388241812,-0.038264366,-0.21,-0.004401150753,-0.03820358201,-0.2099832568,6.435579493e-05
5.998,-0.004351578257,-0.03836241668,-0.21,-0.004364852371,-0.03830060519,-0.2099832119,6.541179305e-05
5.999,-0.004314994884,-0.03846025292,-0.21,-0.004328633337,-0.03839741786,-0.2099831663,6.646521082e-05
6,-0.004278493273,-0.0385578705,-0.21,-0.004292495196,-0.03849401587,-0.2099831202,6.751589562e-05
6.001,-0.004242075001,-0.0386552652,-0.21,-0.004256439487,-0.03859039508,-0.2099830734,6.856369747e-05
6.002,-0.004205741645,-0.03875243281,-0.21,-0.004220467788,-0.03868655124,-0.209983026,6.960860617e-05
6.003,-0.004169494793,-0.03884936908,-0.21,-0.004184581909,-0.03878247927,-0.2099829778,7.06514074e-05
6.004,-0.004133336044,-0.03894606973,-0.21,-0.004148784002,-0.0388781731,-0.2099829288,7.169391927e-05
6.005,-0.004097267009,-0.03904253046,-0.21,-0.004113076511,-0.03897362589,-0.2099828789,7.273866972e-05
6.006,-0.004061289305,-0.03913874693,-0.21,-0.00407746201,-0.03906883068,-0.2099828282,7.37882736e-05
6.007,-0.004025404562,-0.0392347148,-0.21,-0.004041942974,-0.03916378107,-0.2099827771,7.484477821e-05
6.008,-0.003989614416,-0.03933042968,-0.21,-0.004006521572,-0.03925847168,-0.2099827257,7.590919975e-05
6.009,-0.003953920512,-0.03942588719,-0.21,-0.003971199551,-0.03935289829,-0.209982674,7.69813862e-05
6.01,-0.003918324501,-0.03952108289,-0.21,-0.003935978245,-0.03944705757,-0.2099826219,7.80602286e-05
6.011,-0.003882828042,-0.03961601235,-0.21,-0.003900858706,-0.03954094667,-0.2099825692,7.914412861e-05
6.012,-0.0038474328,-0.03971067113,-0.21,-0.003865841908,-0.03963456261,-0.2099825157,8.023155206e-05
6.013,-0.003812140446,-0.03980505475,-0.21,-0.003830928967,-0.03972790185,-0.2099824613,8.132148175e-05
6.014,-0.003776952655,-0.03989915873,-0.21,-0.003796121286,-0.03982096011,-0.2099824061,8.241363183e-05
6.015,-0.003741871108,-0.03999297859,-0.21,-0.0037614206,-0.03991373248,-0.20998235,8.350837864e-05
6.016,-0.003706897488,-0.0400865098,-0.21,-0.003726828899,-0.04000621369,-0.2099822933,8.460646278e-05
6.017,-0.003672033483,-0.04017974788,-0.21,-0.003692348272,-0.04009839854,-0.2099822361,8.570858829e-05
6.018,-0.003637280781,-0.04027268828,-0.21,-0.003657980725,-0.04019028222,-0.2099821784,8.681506644e-05
6.019,-0.003602641075,-0.0403653265,-0.21,-0.00362372803,-0.0402818605,-0.2099821204,8.792562081e-05
6.02,-0.003568116059,-0.04045765801,-0.21,-0.003589591678,-0.04037312968,-0.2099820619,8.903940718e-05
6.021,-0.003533707425,-0.04054967826,-0.21,-0.00355557293,-0.04046408641,-0.2099820029,9.015522016e-05
6.022,-0.003499416867,-0.04064138274,-0.21,-0.00352167294,-0.04055472733,-0.2099819432,9.127179543e-05
6.023,-0.003465246081,-0.04073276691,-0.21,-0.003487892904,-0.04064504889,-0.2099818829,9.238809926e-05
6.024,-0.003431196757,-0.04082382625,-0.21,-0.003454234181,-0.0407350471,-0.2099818218,9.35035101e-05
6.025,-0.003397270586,-0.04091455624,-0.21,-0.003420698349,-0.04082471759,-0.2099817601,9.461784285e-05
6.026,-0.003363469258,-0.04100495236,-0.21,-0.00338728718,-0.04091405569,-0.2099816978,9.573122429e-05
6.027,-0.003329794457,-0.0410950101,-0.21,-0.003354002548,-0.04100305666,-0.209981635,9.684388967e-05
6.028,-0.003296247866,-0.04118472496,-0.21,-0.003320846301,-0.0410917159,-0.2099815717,9.795596566e-05
6.029,-0.003262831161,-0.04127409246,-0.21,-0.003287820158,-0.04118002907,-0.2099815079,9.90673043e-05
6.03,-0.003229546017,-0.04136310813,-0.21,-0.003254925657,-0.04126799214,-0.2099814437,0.0001001774221
6.031,-0.0031963941,-0.0414517675,-0.21,-0.003222164164,-0.04135560137,-0.209981379,0.0001012855575
6.032,-0.003163377072,-0.04154006614,-0.21,-0.003189536943,-0.04144285314,-0.2099813138,0.0001023908146
6.033,-0.003130496587,-0.04162799961,-0.21,-0.003157045243,-0.04152974383,-0.2099812481,0.0001034923381
6.034,-0.003097754292,-0.04171556351,-0.21,-0.003124690388,-0.04161626962,-0.2099811818,0.0001045894561
6.035,-0.003065151827,-0.04180275347,-0.21,-0.003092473826,-0.04170242651,-0.209981115,0.0001056817489
6.036,-0.003032690823,-0.0418895651,-0.21,-0.003060397131,-0.0417882103,-0.2099810477,0.0001067690269
6.037,-0.003000372902,-0.04197599409,-0.21,-0.003028461957,-0.04187361671,-0.2099809799,0.0001078512338
6.038,-0.002968199674,-0.04206203612,-0.21,-0.002996669975,-0.04195864147,-0.2099809116,0.0001089283159
6.039,-0.002936172742,-0.0421476869,-0.21,-0.002965022798,-0.04204328047,-0.2099808429,0.0001100001022
6.04,-0.002904293695,-0.04223294219,-0.21,-0.002933521934,-0.04212752978,-0.2099807739,0.0001110662357
6.041,-0.002872564114,-0.04231779776,-0.21,-0.002902168773,-0.0422113857,-0.2099807045,0.0001121261731
6.042,-0.002840985564,-0.04240224942,-0.21,-0.002870964613,-0.04229484465,-0.2099806347,0.0001131792481
6.043,-0.002809559599,-0.04248629302,-0.21,-0.002839910706,-0.04237790311,-0.2099805646,0.0001142247692
6.044,-0.00277828776,-0.04256992443,-0.21,-0.002809008317,-0.04246055752,-0.209980494,0.0001152621187
6.045,-0.002747171573,-0.04265313958,-0.21,-0.002778258761,-0.04254280425,-0.209980423,0.0001162908187
6.046,-0.00271621255,-0.04273593441,-0.21,-0.002747663424,-0.04262463953,-0.2099803517,0.0001173105452
6.047,-0.002685412188,-0.04281830494,-0.21,-0.002717223747,-0.04270605955,-0.20998028,0.0001183210911
6.048,-0.002654771968,-0.04290024719,-0.21,-0.002686941193,-0.0427870605,-0.2099802079,0.000119322295
6.049,-0.002624293355,-0.04298175724,-0.21,-0.002656817201,-0.04286763864,-0.2099801356,0.0001203139617
6.05,-0.002593977797,-0.04306283124,-0.21,-0.002626853151,-0.04294779037,-0.2099800631,0.0001212958036
6.051,-0.002563826724,-0.04314346534,-0.21,-0.002597050343,-0.04302751224,-0.2099799902,0.0001222674181
6.052,-0.002533841551,-0.04322365578,-0.21,-0.00256741,-0.04310680093,-0.2099799172,0.0001232283077
6.053,-0.00250402367,-0.04330339882,-0.21,-0.002537933294,-0.04318565321,-0.2099798439,0.0001241779302
6.054,-0.002474374457,-0.04338269078,-0.21,-0.002508621375,-0.04326406588,-0.2099797704,0.0001251157609
6.055,-0.002444895269,-0.04346152804,-0.21,-0.002479475402,-0.04334203573,-0.2099796967,0.0001260413452
6.056,-0.00241558744,-0.04353990703,-0.21,-0.002450496563,-0.04341955952,-0.2099796228,0.0001269543235
6.057,-0.002386452288,-0.04361782422,-0.21,-0.002421686076,-0.04349663398,-0.2099795486,0.0001278544253
6.058,-0.002357491105,-0.04369527616,-0.21,-0.002393045172,-0.04357325583,-0.2099794743,0.0001287414348
6.059,-0.002328705165,-0.04377225945,-0.21,-0.002364575072,-0.04364942187,-0.2099793999,0.0001296151435
6.06,-0.002300095718,-0.04384877072,-0.21,-0.00233627696,-0.04372512897,-0.2099793254,0.0001304753065
6.061,-0.002271663994,-0.04392480671,-0.21,-0.002308151966,-0.04380037415,-0.2099792507,0.0001313216162
6.062,-0.002243411197,-0.04400036419,-0.21,-0.00228020116,-0.04387515451,-0.2099791761,0.0001321537012
6.063,-0.002215338511,-0.04407543999,-0.21,-0.002252425559,-0.04394946729,-0.2099791013,0.0001329711481
6.064,-0.002187447092,-0.04415003102,-0.21,-0.002224826145,-0.04402330975,-0.2099790266,0.0001337735368
6.065,-0.002159738076,-0.04422413425,-0.21,-0.002197403887,-0.04409667924,-0.2099789517,0.0001345604777
6.066,-0.002132212572,-0.0442977467,-0.21,-0.002170159753,-0.04416957308,-0.2099788769,0.0001353316363
6.067,-0.002104871664,-0.04437086548,-0.21,-0.002143094719,-0.04424198862,-0.2099788021,0.00013608674
6.068,-0.002077716411,-0.04444348776,-0.21,-0.002116209763,-0.04431392323,-0.2099787272,0.0001368255658
6.069,-0.002050747846,-0.04451561077,-0.21,-0.002089505855,-0.04438537434,-0.2099786524,0.0001375479147
6.07,-0.002023966977,-0.04458723182,-0.21,-0.002062983939,-0.04445633943,-0.2099785777,0.0001382535828
6.071,-0.001997374782,-0.04465834829,-0.21,-0.002036644917,-0.04452681611,-0.2099785031,0.0001389423383
6.072,-0.001970972215,-0.04472895763,-0.21,-0.002010489646,-0.04459680207,-0.2099784286,0.0001396139128
6.073,-0.001944760203,-0.04479905736,-0.21,-0.001984518935,-0.0446662951,-0.2099783542,0.0001402680066
6.074,-0.001918739642,-0.04486864509,-0.21,-0.00195873355,-0.0447352931,-0.20997828,0.0001409043076
6.075,-0.001892911404,-0.04493771848,-0.21,-0.001933134235,-0.04480379401,-0.2099782059,0.0001415225136
6.076,-0.00186727633,-0.04500627529,-0.21,-0.001907721713,-0.04487179582,-0.209978132,0.0001421223527
6.077,-0.001841835233,-0.04507431333,-0.21,-0.0018824967,-0.04493929658,-0.2099780583,0.0001427035937
6.078,-0.001816588898,-0.04514183052,-0.21,-0.001857459905,-0.04500629436,-0.2099779848,0.0001432660451
6.079,-0.001791538079,-0.04520882483,-0.21,-0.001832612021,-0.04507278728,-0.2099779115,0.0001438095437
6.08,-0.001766683503,-0.04527529433,-0.21,-0.001807953723,-0.04513877356,-0.2099778385,0.0001443339365
6.081,-0.001742025865,-0.04534123714,-0.21,-0.00178348565,-0.04520425146,-0.2099777657,0.0001448390647
6.082,-0.001717565832,-0.04540665149,-0.21,-0.001759208402,-0.04526921937,-0.2099776933,0.0001453247524
6.083,-0.001693304039,-0.04547153569,-0.21,-0.001735122535,-0.04533367577,-0.2099776211,0.0001457908033
6.084,-0.001669241092,-0.0455358881,-0.21,-0.00171122856,-0.04539761923,-0.2099775493,0.0001462370079
6.085,-0.001645377565,-0.04559970719,-0.21,-0.001687526951,-0.0454610484,-0.2099774778,0.0001466631575
6.086,-0.001621714004,-0.04566299151,-0.21,-0.001664018161,-0.04552396199,-0.2099774067,0.0001470690595
6.087,-0.00159825092,-0.04572573968,-0.21,-0.001640702623,-0.04558635878,-0.2099773359,0.0001474545493
6.088,-0.001574988797,-0.04578795042,-0.21,-0.001617580764,-0.0456482376,-0.2099772656,0.0001478194949
6.089,-0.001551928085,-0.04584962252,-0.21,-0.001594652994,-0.04570959734,-0.2099771956,0.0001481637935
6.09,-0.001529069203,-0.04591075485,-0.21,-0.001571919707,-0.04577043695,-0.2099771261,0.0001484873603
6.091,-0.001506412541,-0.04597134639,-0.21,-0.001549381269,-0.04583075547,-0.209977057,0.0001487901144
6.092,-0.001483958453,-0.04603139617,-0.21,-0.001527038013,-0.04589055204,-0.2099769884,0.0001490719689
6.093,-0.001461707264,-0.04609090333,-0.21,-0.001504890232,-0.04594982587,-0.2099769202,0.0001493328278
6.094,-0.001439659268,-0.04614986708,-0.21,-0.001482938177,-0.04600857628,-0.2099768525,0.0001495725893
6.095,-0.001417814725,-0.04620828674,-0.21,-0.001461182062,-0.04606680266,-0.2099767854,0.0001497911537
6.096,-0.001396173864,-0.04626616167,-0.21,-0.001439622069,-0.04612450447,-0.2099767187,0.0001499884331
6.097,-0.001374736883,-0.04632349137,-0.21,-0.001418258355,-0.04618168124,-0.2099766525,0.0001501643599
6.098,-0.001353503946,-0.04638027538,-0.21,-0.001397091057,-0.04623833258,-0.2099765869,0.000150318891
6.099,-0.001332475187,-0.04643651335,-0.21,-0.001376120294,-0.04629445813,-0.2099765218,0.0001504520072
6.1,-0.001311650706,-0.04649220502,-0.21,-0.001355346163,-0.04635005764,-0.2099764573,0.0001505637073
6.101,-0.001291030572,-0.04654735019,-0.21,-0.001334768735,-0.0464051309,-0.2099763933,0.0001506540004
6.102,-0.001270614823,-0.04660194876,-0.21,-0.001314388049,-0.04645967781,-0.2099763299,0.0001507228986
6.103,-0.001250403464,-0.04665600073,-0.21,-0.001294204113,-0.04651369835,-0.2099762671,0.000150770412
6.104,-0.001230396467,-0.04670950617,-0.21,-0.001274216894,-0.04656719257,-0.2099762049,0.000150796548
6.105,-0.001210593774,-0.04676246523,-0.21,-0.001254426327,-0.04662016063,-0.2099761433,0.0001508013147
6.106,-0.001190995295,-0.04681487815,-0.21,-0.001234832314,-0.04667260274,-0.2099760823,0.0001507847263
6.107,-0.001171600907,-0.04686674527,-0.21,-0.00121543473,-0.04672451922,-0.2099760219,0.0001507468092
6.108,-0.001152410457,-0.04691806698,-0.21,-0.001196233427,-0.04677591043,-0.2099759622,0.0001506876066
6.109,-0.001133423759,-0.04696884379,-0.21,-0.001177228233,-0.04682677681,-0.209975903,0.0001506071801
6.11,-0.001114640598,-0.04701907628,-0.21,-0.001158418955,-0.04687711886,-0.2099758446,0.0001505056078
6.111,-0.001096060725,-0.04706876511,-0.21,-0.001139805372,-0.04692693717,-0.2099757867,0.0001503829804
6.112,-0.001077683861,-0.04711791102,-0.21,-0.001121387239,-0.04697623238,-0.2099757296,0.0001502393961
6.113,-0.001059509698,-0.04716651484,-0.21,-0.001103164278,-0.04702500523,-0.2099756731,0.0001500749564
6.114,-0.001041537895,-0.04721457749,-0.21,-0.001085136179,-0.04707325653,-0.2099756173,0.0001498897641
6.115,-0.001023768081,-0.04726209995,-0.21,-0.001067302601,-0.04712098719,-0.2099755621,0.0001496839236
6.116,-0.001006199854,-0.04730908329,-0.21,-0.001049663174,-0.04716819816,-0.2099755076,0.0001494575435
6.117,-0.0009888327844,-0.04735552867,-0.21,-0.001032217499,-0.0472148905,-0.2099754538,0.0001492107401
6.118,-0.00097166641,-0.04740143733,-0.21,-0.001014965152,-0.04726106532,-0.2099754007,0.0001489436412
6.119,-0.0009547002404,-0.04744681057,-0.21,-0.0009979056855,-0.0473067238,-0.2099753483,0.0001486563884
6.12,-0.0009379337553,-0.04749164979,-0.21,-0.0009810386283,-0.04735186719,-0.2099752966,0.0001483491368
6.121,-0.0009213664055,-0.04753595645,-0.21,-0.0009643634864,-0.0473964968,-0.2099752455,0.0001480220535
6.122,-0.0009049976127,-0.04757973211,-0.21,-0.0009478797407,-0.04744061402,-0.2099751952,0.000147675315
6.123,-0.0008888267701,-0.04762297838,-0.21,-0.0009315868453,-0.0474842203,-0.2099751456,0.0001473091033
6.124,-0.0008728532426,-0.04766569696,-0.21,-0.000915484227,-0.04752731717,-0.2099750966,0.0001469236043
6.125,-0.0008570763672,-0.04770788963,-0.21,-0.0008995712847,-0.04756990623,-0.2099750484,0.0001465190066
6.126,-0.000841495453,-0.04774955824,-0.21,-0.0008838473899,-0.04761198915,-0.2099750009,0.0001460955023
6.127,-0.0008261097817,-0.04779070469,-0.21,-0.0008683118884,-0.04765356766,-0.2099749541,0.0001456532887
6.128,-0.0008109186082,-0.047831331,-0.21,-0.0008529641015,-0.04769464358,-0.209974908,0.0001451925711
6.129,-0.0007959211605,-0.04787143922,-0.21,-0.0008378033277,-0.04773521877,-0.2099748626,0.0001447135642
6.13,-0.0007811166402,-0.04791103148,-0.21,-0.0008228288434,-0.04777529516,-0.2099748179,0.0001442164934
6.131,-0.000766504223,-0.04795011,-0.21,-0.0008080399037,-0.04781487473,-0.2099747739,0.0001437015937
6.132,-0.0007520830589,-0.04798867704,-0.21,-0.0007934357416,-0.04785395954,-0.2099747306,0.0001431691091
6.133,-0.0007378522726,-0.04802673495,-0.21,-0.0007790155675,-0.04789255169,-0.209974688,0.0001426192897
6.134,-0.000723810964,-0.04806428613,-0.21,-0.0007647785686,-0.04793065336,-0.2099746461,0.0001420523904
6.135,-0.0007099582085,-0.04810133305,-0.21,-0.0007507239082,-0.04796826679,-0.2099746049,0.0001414686693
6.136,-0.0006962930573,-0.04813787826,-0.21,-0.0007368507264,-0.04800539427,-0.2099745644,0.0001408683875
6.137,-0.0006828145379,-0.04817392435,-0.21,-0.0007231581402,-0.04804203816,-0.2099745246,0.0001402518099
6.138,-0.0006695216547,-0.04820947399,-0.21,-0.0007096452447,-0.04807820088,-0.2099744855,0.0001396192086
6.139,-0.0006564133892,-0.0482445299,-0.21,-0.0006963111125,-0.04811388489,-0.209974447,0.0001389708661
6.14,-0.0006434887003,-0.04827909487,-0.21,-0.0006831547985,-0.0481490927,-0.2099744093,0.0001383070782
6.141,-0.000630746525,-0.04831317173,-0.21,-0.000670175343,-0.04818382687,-0.2099743722,0.0001376281526
6.142,-0.0006181857788,-0.04834676338,-0.21,-0.0006573717727,-0.04821809001,-0.2099743358,0.000136934406
6.143,-0.0006058053562,-0.0483798728,-0.21,-0.000644743099,-0.04825188479,-0.2099743,0.0001362261596
6.144,-0.0005936041307,-0.04841250298,-0.21,-0.0006322883139,-0.04828521393,-0.2099742649,0.0001355037355
6.145,-0.000581580956,-0.04844465699,-0.21,-0.0006200063874,-0.0483180802,-0.2099742304,0.0001347674539
6.146,-0.0005697346658,-0.04847633795,-0.21,-0.0006078962655,-0.04835048643,-0.2099741966,0.0001340176322
6.147,-0.0005580640747,-0.04850754903,-0.21,-0.0005959568705,-0.04838243551,-0.2099741635,0.0001332545864
6.148,-0.0005465679784,-0.04853829346,-0.21,-0.0005841871037,-0.04841393036,-0.2099741309,0.0001324786341
6.149,-0.0005352451544,-0.0485685745,-0.21,-0.0005725858489,-0.04844497397,-0.209974099,0.0001316900971
6.15,-0.0005240943622,-0.04859839547,-0.21,-0.0005611519752,-0.04847556934,-0.2099740677,0.0001308893041
6.151,-0.0005131143443,-0.04862775973,-0.21,-0.0005498843394,-0.04850571953,-0.209974037,0.0001300765922
6.152,-0.0005023038259,-0.04865667069,-0.21,-0.0005387817866,-0.04853542765,-0.2099740069,0.0001292523052
6.153,-0.0004916615162,-0.0486851318,-0.21,-0.000527843149,-0.04856469682,-0.2099739774,0.0001284167924
6.154,-0.0004811861085,-0.04871314656,-0.21,-0.000517067244,-0.04859353022,-0.2099739485,0.0001275704057
6.155,-0.0004708762805,-0.04874071851,-0.21,-0.0005064528732,-0.04862193106,-0.2099739202,0.0001267134966
6.156,-0.0004607306953,-0.04876785122,-0.21,-0.0004959988209,-0.04864990261,-0.2099738924,0.0001258464151
6.157,-0.0004507480016,-0.0487945483,-0.21,-0.0004857038547,-0.04867744817,-0.2099738652,0.0001249695092
6.158,-0.0004409268342,-0.0488208134,-0.21,-0.0004755667268,-0.04870457106,-0.2099738386,0.0001240831258
6.159,-0.0004312658145,-0.04884665021,-0.21,-0.0004655861756,-0.04873127467,-0.2099738125,0.0001231876123
6.16,-0.0004217635512,-0.04887206246,-0.21,-0.0004557609282,-0.04875756239,-0.209973787,0.0001222833189
6.161,-0.0004124186406,-0.04889705389,-0.21,-0.0004460897014,-0.04878343765,-0.209973762,0.0001213705993
6.162,-0.0004032296674,-0.0489216283,-0.21,-0.0004365712027,-0.04880890393,-0.2099737376,0.0001204498116
6.163,-0.0003941952046,-0.04894578949,-0.21,-0.0004272041302,-0.0488339647,-0.2099737136,0.0001195213171
6.164,-0.0003853138148,-0.04896954131,-0.21,-0.0004179871722,-0.04885862349,-0.2099736902,0.000118585479
6.165,-0.0003765840502,-0.04899288764,-0.21,-0.0004089190064,-0.04888288384,-0.2099736673,0.0001176426603
6.166,-0.0003680044531,-0.04901583236,-0.21,-0.0003999982996,-0.04890674932,-0.2099736449,0.0001166932226
6.167,-0.0003595735569,-0.04903837941,-0.21,-0.0003912237078,-0.04893022353,-0.209973623,0.0001157375249
6.168,-0.0003512898859,-0.04906053274,-0.21,-0.0003825938766,-0.04895331009,-0.2099736016,0.0001147759237
6.169,-0.0003431519564,-0.0490822963,-0.21,-0.0003741074423,-0.04897601266,-0.2099735806,0.0001138087739
6.17,-0.000335158277,-0.04910367408,-0.21,-0.0003657630333,-0.0489983349,-0.2099735601,0.0001128364296
6.171,-0.0003273073489,-0.0491246701,-0.21,-0.000357559271,-0.04902028051,-0.2099735401,0.0001118592455
6.172,-0.0003195976669,-0.04914528839,-0.21,-0.000349494771,-0.04904185319,-0.2099735206,0.0001108775775
6.173,-0.0003120277193,-0.04916553297,-0.21,-0.0003415681432,-0.04906305666,-0.2099735015,0.0001098917824
6.174,-0.0003045959888,-0.04918540792,-0.21,-0.0003337779923,-0.04908389466,-0.2099734828,0.0001089022172
6.175,-0.0002973009532,-0.04920491729,-0.21,-0.0003261229174,-0.04910437095,-0.2099734646,0.0001079092385
6.176,-0.0002901410851,-0.04922406519,-0.21,-0.0003186015122,-0.04912448928,-0.2099734467,0.0001069132004
6.177,-0.0002831148534,-0.04924285569,-0.21,-0.0003112123648,-0.04914425345,-0.2099734294,0.0001059144545
6.178,-0.0002762207229,-0.04926129292,-0.21,-0.0003039540579,-0.04916366725,-0.2099734124,0.0001049133486
6.179,-0.0002694571554,-0.04927938097,-0.21,-0.0002968251695,-0.04918273448,-0.2099733958,0.0001039102277
6.18,-0.0002628226099,-0.04929712398,-0.21,-0.0002898242739,-0.04920145896,-0.2099733797,0.0001029054339
6.181,-0.0002563155431,-0.04931452606,-0.21,-0.000282949942,-0.04921984452,-0.2099733639,0.0001018993075
6.182,-0.00024993441,-0.04933159136,-0.21,-0.0002762007426,-0.04923789499,-0.2099733485,0.0001008921875
6.183,-0.0002436776642,-0.049348324,-0.21,-0.0002695752429,-0.0492556142,-0.2099733335,9.988441148e-05
6.184,-0.0002375437585,-0.04936472812,-0.21,-0.0002630720089,-0.04927300599,-0.2099733188,9.887631604e-05
6.185,-0.0002315311454,-0.04938080787,-0.21,-0.0002566896058,-0.04929007422,-0.2099733045,9.786823565e-05
6.186,-0.0002256382774,-0.04939656738,-0.21,-0.0002504265978,-0.04930682272,-0.2099732906,9.686050208e-05
6.187,-0.0002198636074,-0.04941201079,-0.21,-0.0002442815483,-0.04932325534,-0.2099732771,9.585344364e-05
6.188,-0.0002142055896,-0.04942714223,-0.21,-0.0002382530202,-0.04933937593,-0.2099732638,9.484738467e-05
6.189,-0.0002086626793,-0.04944196584,-0.21,-0.000232339576,-0.04935518834,-0.2099732509,9.384264536e-05
6.19,-0.0002032333337,-0.04945648574,-0.21,-0.0002265397784,-0.04937069642,-0.2099732384,9.283954197e-05
6.191,-0.0001979160126,-0.04947070604,-0.21,-0.0002208521908,-0.04938590402,-0.2099732262,9.183838713e-05
6.192,-0.0001927091781,-0.04948463087,-0.21,-0.0002152753783,-0.04940081497,-0.2099732143,9.083949035e-05
6.193,-0.0001876112957,-0.04949826432,-0.21,-0.000209807908,-0.04941543312,-0.2099732027,8.984315821e-05
6.194,-0.0001826208343,-0.04951161049,-0.21,-0.0002044483496,-0.0494297623,-0.2099731914,8.884969442e-05
6.195,-0.0001777362668,-0.04952467346,-0.21,-0.0001991952759,-0.04944380632,-0.2099731804,8.785939958e-05
6.196,-0.0001729560706,-0.04953745732,-0.21,-0.0001940472629,-0.04945756901,-0.2099731697,8.687257071e-05
6.197,-0.0001682787275,-0.04954996611,-0.21,-0.0001890028898,-0.04947105417,-0.2099731593,8.588950075e-05
6.198,-0.0001637027247,-0.04956220388,-0.21,-0.0001840607394,-0.04948426559,-0.2099731492,8.491047814e-05
6.199,-0.0001592265548,-0.04957417466,-0.21,-0.000179219398,-0.04949720707,-0.2099731394,8.393578649e-05
6.2,-0.0001548487163,-0.04958588247,-0.21,-0.0001744774561,-0.04950988237,-0.2099731298,8.29657046e-05
6.201,-0.0001505677141,-0.04959733131,-0.21,-0.0001698335084,-0.04952229527,-0.2099731205,8.200050654e-05
6.202,-0.0001463820594,-0.04960852516,-0.21,-0.0001652861548,-0.04953444951,-0.2099731115,8.104046192e-05
6.203,-0.0001422902705,-0.04961946798,-0.21,-0.0001608340005,-0.04954634883,-0.2099731028,8.008583609e-05
6.204,-0.0001382908731,-0.04963016371,-0.21,-0.0001564756566,-0.04955799695,-0.2099730942,7.91368902e-05
6.205,-0.0001343824003,-0.04964061628,-0.21,-0.0001522097407,-0.04956939757,-0.209973086,7.819388122e-05
6.206,-0.0001305633934,-0.04965082959,-0.21,-0.0001480348765,-0.04958055439,-0.209973078,7.725706165e-05
6.207,-0.0001268324019,-0.04966080751,-0.21,-0.000143949695,-0.04959147106,-0.2099730702,7.63266792e-05
6.208,-0.0001231879837,-0.04967055391,-0.21,-0.0001399528328,-0.04960215124,-0.2099730626,7.540297604e-05
6.209,-0.0001196287059,-0.04968007262,-0.21,-0.0001360429299,-0.04961259858,-0.2099730553,7.448617782e-05
6.21,-0.0001161531445,-0.04968936744,-0.21,-0.0001322186311,-0.04962281671,-0.2099730482,7.357648531e-05
6.211,-0.0001127598852,-0.04969844216,-0.21,-0.0001284785892,-0.04963280927,-0.2099730414,7.267408018e-05
6.212,-0.0001094475234,-0.04970730052,-0.21,-0.0001248214661,-0.04964257988,-0.2099730347,7.177913739e-05
6.213,-0.0001062146645,-0.04971594628,-0.21,-0.0001212459341,-0.04965213215,-0.2099730283,7.089183687e-05
6.214,-0.0001030599241,-0.04972438311,-0.21,-0.0001177506766,-0.04966146961,-0.2099730221,7.001237132e-05
6.215,-9.998192859e-05,-0.04973261471,-0.21,-0.0001143343899,-0.04967059577,-0.2099730161,6.914094872e-05
6.216,-9.697931495e-05,-0.04974064471,-0.21,-0.0001109957833,-0.04967951409,-0.2099730103,6.827778954e-05
6.217,-9.405073128e-05,-0.04974847672,-0.21,-0.0001077335793,-0.04968822798,-0.2099730047,6.742311935e-05
6.218,-9.119483693e-05,-0.04975611435,-0.21,-0.0001045465122,-0.04969674085,-0.2099729993,6.657715933e-05
6.219,-8.841030277e-05,-0.04976356113,-0.21,-0.0001014333259,-0.04970505606,-0.2099729941,6.574011757e-05
6.22,-8.569581133e-05,-0.04977082059,-0.21,-9.839277075e-05,-0.04971317698,-0.209972989,6.491218375e-05
6.221,-8.305005709e-05,-0.04977789622,-0.21,-9.542360241e-05,-0.04972110696,-0.2099729842,6.40935287e-05
6.222,-8.047174662e-05,-0.04978479149,-0.21,-9.252458108e-05,-0.04972884934,-0.2099729795,6.328430826e-05
6.223,-7.795959881e-05,-0.04979150982,-0.21,-8.969447343e-05,-0.04973640742,-0.209972975,6.248466993e-05
6.224,-7.5512345e-05,-0.0497980546,-0.21,-8.693205564e-05,-0.04974378448,-0.2099729706,6.169475945e-05
6.225,-7.312872921e-05,-0.04980442919,-0.21,-8.423611694e-05,-0.04975098376,-0.2099729664,6.091472542e-05
6.226,-7.080750828e-05,-0.04981063692,-0.21,-8.160546223e-05,-0.04975800845,-0.2099729623,6.014472032e-05
6.227,-6.854745202e-05,-0.04981668107,-0.21,-7.9038913e-05,-0.0497648617,-0.2099729584,5.938489809e-05
6.228,-6.634734335e-05,-0.0498225649,-0.21,-7.653530625e-05,-0.04977154663,-0.2099729546,5.863540923e-05
6.229,-6.42059785e-05,-0.04982829163,-0.21,-7.409349182e-05,-0.04977806635,-0.209972951,5.789639536e-05
6.23,-6.212216705e-05,-0.04983386444,-0.21,-7.171232927e-05,-0.04978442391,-0.2099729474,5.716798483e-05
6.231,-6.009473213e-05,-0.04983928648,-0.21,-6.93906855e-05,-0.04979062237,-0.209972944,5.645029088e-05
6.232,-5.812251051e-05,-0.04984456087,-0.21,-6.712743378e-05,-0.04979666475,-0.2099729408,5.574341236e-05
6.233,-5.620435271e-05,-0.04984969066,-0.21,-6.492145479e-05,-0.04980255405,-0.2099729376,5.504743678e-05
6.234,-5.433912309e-05,-0.04985467892,-0.21,-6.277163893e-05,-0.04980829324,-0.2099729346,5.436244418e-05
6.235,-5.252569997e-05,-0.04985952862,-0.21,-6.06768893e-05,-0.04981388523,-0.2099729316,5.368851071e-05
6.236,-5.076297568e-05,-0.04986424274,-0.21,-5.863612416e-05,-0.04981933293,-0.2099729288,5.302571053e-05
6.237,-4.904985667e-05,-0.04986882419,-0.21,-5.664827814e-05,-0.04982463919,-0.2099729261,5.237411579e-05
6.238,-4.738526357e-05,-0.04987327587,-0.21,-5.471230192e-05,-0.04982980681,-0.2099729234,5.173379475e-05
6.239,-4.576813124e-05,-0.04987760063,-0.21,-5.282716062e-05,-0.04983483858,-0.2099729209,5.110480885e-05
6.24,-4.419740885e-05,-0.04988180127,-0.21,-5.099183153e-05,-0.04983973724,-0.2099729184,5.048720974e-05
6.241,-4.26720599e-05,-0.04988588056,-0.21,-4.920530216e-05,-0.04984450552,-0.2099729161,4.98810372e-05
6.242,-4.119106229e-05,-0.04988984125,-0.21,-4.746656909e-05,-0.0498491461,-0.2099729138,4.928631862e-05
6.243,-3.975340833e-05,-0.04989368602,-0.21,-4.577463808e-05,-0.04985366165,-0.2099729116,4.870306982e-05
6.244,-3.835810477e-05,-0.04989741753,-0.21,-4.41285253e-05,-0.04985805479,-0.2099729094,4.813129703e-05
6.245,-3.700417285e-05,-0.0499010384,-0.21,-4.25272591e-05,-0.04986232812,-0.2099729074,4.757099914e-05
6.246,-3.569064827e-05,-0.04990455121,-0.21,-4.096988182e-05,-0.0498664842,-0.2099729054,4.70221695e-05
6.247,-3.441658122e-05,-0.04990795849,-0.21,-3.945545095e-05,-0.04987052555,-0.2099729035,4.648479674e-05
6.248,-3.318103639e-05,-0.04991126275,-0.21,-3.798303934e-05,-0.04987445465,-0.2099729016,4.595886455e-05
6.249,-3.198309294e-05,-0.04991446646,-0.21,-3.655173457e-05,-0.04987827395,-0.2099728998,4.544435042e-05
6.25,-3.08218445e-05,-0.04991757203,-0.21,-3.51606377e-05,-0.04988198585,-0.2099728981,4.494122401e-05
6.251,-2.969639915e-05,-0.04992058184,-0.21,-3.380886183e-05,-0.04988559274,-0.2099728964,4.444944573e-05
6.252,-2.860587939e-05,-0.04992349826,-0.21,-3.249553112e-05,-0.04988909696,-0.2099728948,4.396896589e-05
6.253,-2.754942211e-05,-0.04992632358,-0.21,-3.121978033e-05,-0.04989250083,-0.2099728933,4.349972471e-05
6.254,-2.652617859e-05,-0.04992906008,-0.21,-2.998075523e-05,-0.04989580662,-0.2099728917,4.304165313e-05
6.255,-2.553531437e-05,-0.04993170998,-0.21,-2.877761337e-05,-0.0498990166,-0.2099728903,4.259467417e-05
6.256,-2.457600929e-05,-0.04993427549,-0.21,-2.76095252e-05,-0.04990213297,-0.2099728889,4.21587042e-05
6.257,-2.364745741e-05,-0.04993675875,-0.21,-2.647567495e-05,-0.04990515792,-0.2099728875,4.173365399e-05
6.258,-2.274886692e-05,-0.04993916188,-0.21,-2.537526111e-05,-0.04990809358,-0.2099728862,4.131942919e-05
6.259,-2.187946012e-05,-0.04994148697,-0.21,-2.430749631e-05,-0.04991094208,-0.2099728849,4.091593007e-05
6.26,-2.10384733e-05,-0.04994373605,-0.21,-2.327160674e-05,-0.04991370546,-0.2099728837,4.052305102e-05
6.261,-2.022515674e-05,-0.04994591113,-0.21,-2.226683134e-05,-0.04991638579,-0.2099728825,4.014067979e-05
6.262,-1.943877455e-05,-0.04994801418,-0.21,-2.129242098e-05,-0.04991898505,-0.2099728813,3.976869693e-05
6.263,-1.867860464e-05,-0.04995004713,-0.21,-2.034763786e-05,-0.04992150522,-0.2099728802,3.940697572e-05
6.264,-1.794393861e-05,-0.04995201188,-0.21,-1.943175542e-05,-0.04992394825,-0.2099728791,3.905538249e-05
6.265,-1.723408168e-05,-0.04995391027,-0.21,-1.85440585e-05,-0.04992631604,-0.2099728781,3.871377737e-05
6.266,-1.654835256e-05,-0.04995574414,-0.21,-1.768384388e-05,-0.04992861048,-0.2099728771,3.838201524e-05
6.267,-1.588608336e-05,-0.04995751527,-0.21,-1.685042088e-05,-0.04993083341,-0.2099728761,3.805994665e-05
6.268,-1.524661952e-05,-0.04995922541,-0.21,-1.604311171e-05,-0.04993298663,-0.2099728751,3.774741847e-05
6.269,-1.462931965e-05,-0.04996087628,-0.21,-1.526125166e-05,-0.04993507193,-0.2099728742,3.744427424e-05
6.27,-1.403355545e-05,-0.04996246955,-0.21,-1.450418889e-05,-0.04993709105,-0.2099728733,3.715035423e-05
6.271,-1.345871158e-05,-0.04996400688,-0.21,-1.377128401e-05,-0.04993904569,-0.2099728724,3.686549527e-05
6.272,-1.290418555e-05,-0.04996548987,-0.21,-1.306190946e-05,-0.04994093754,-0.2099728716,3.658953061e-05
6.273,-1.236938759e-05,-0.0499669201,-0.21,-1.237544904e-05,-0.04994276824,-0.2099728707,3.632228991e-05
6.274,-1.185374053e-05,-0.04996829911,-0.21,-1.171129753e-05,-0.04994453941,-0.20997287,3.606359942e-05
6.275,-1.135667968e-05,-0.04996962842,-0.21,-1.106886061e-05,-0.04994625263,-0.2099728692,3.581328249e-05
6.276,-1.087765269e-05,-0.0499709095,-0.21,-1.044755497e-05,-0.04994790947,-0.2099728684,3.557116017e-05
6.277,-1.041611938e-05,-0.04997214379,-0.21,-9.846808568e-06,-0.04994951146,-0.2099728677,3.533705193e-05
6.278,-9.971551692e-06,-0.04997333272,-0.21,-9.266060929e-06,-0.04995106008,-0.209972867,3.511077622e-05
6.279,-9.543433458e-06,-0.04997447765,-0.21,-8.704763278e-06,-0.0499525568,-0.2099728663,3.489215101e-05
6.28,-9.131260312e-06,-0.04997557994,-0.21,-8.162378542e-06,-0.04995400306,-0.2099728657,3.468099404e-05
6.281,-8.734539536e-06,-0.0499766409,-0.21,-7.638381124e-06,-0.04995540027,-0.209972865,3.447712294e-05
6.282,-8.352789907e-06,-0.04997766183,-0.21,-7.132256548e-06,-0.04995674979,-0.2099728644,3.428035531e-05
6.283,-7.985541556e-06,-0.04997864398,-0.21,-6.643501047e-06,-0.04995805297,-0.2099728638,3.409050879e-05
6.284,-7.632335819e-06,-0.04997958857,-0.21,-6.171621192e-06,-0.04995931113,-0.2099728632,3.390740117e-05
6.285,-7.292725083e-06,-0.0499804968,-0.21,-5.716133656e-06,-0.04996052556,-0.2099728627,3.373085067e-05
6.286,-6.966272637e-06,-0.04998136984,-0.21,-5.276565118e-06,-0.04996169753,-0.2099728621,3.356067632e-05
6.287,-6.652552517e-06,-0.04998220884,-0.21,-4.852452307e-06,-0.04996282827,-0.2099728616,3.339669835e-05
6.288,-6.351149351e-06,-0.04998301489,-0.21,-4.443342108e-06,-0.04996391899,-0.2099728611,3.323873865e-05
6.289,-6.061658203e-06,-0.04998378909,-0.21,-4.048791663e-06,-0.04996497087,-0.2099728606,3.308662108e-05
6.29,-5.78368442e-06,-0.04998453248,-0.21,-3.668368388e-06,-0.04996598507,-0.2099728601,3.294017176e-05
6.291,-5.516843466e-06,-0.04998524611,-0.21,-3.301649871e-06,-0.04996696272,-0.2099728596,3.279921919e-05
6.292,-5.260760773e-06,-0.04998593096,-0.21,-2.948223655e-06,-0.0499679049,-0.2099728592,3.266359438e-05
6.293,-5.015071574e-06,-0.04998658801,-0.21,-2.60768694e-06,-0.04996881271,-0.2099728587,3.253313085e-05
6.294,-4.779420747e-06,-0.04998721822,-0.21,-2.27964627e-06,-0.04996968719,-0.2099728583,3.240766471e-05
6.295,-4.553462656e-06,-0.04998782251,-0.21,-1.963717263e-06,-0.04997052937,-0.2099728579,3.228703472e-05
6.296,-4.336860986e-06,-0.04998840178,-0.21,-1.659524419e-06,-0.04997134026,-0.2099728575,3.217108245e-05
6.297,-4.129288586e-06,-0.04998895689,-0.21,-1.366701032e-06,-0.04997212081,-0.2099728571,3.205965247e-05
6.298,-3.930427308e-06,-0.04998948872,-0.21,-1.084889167e-06,-0.04997287201,-0.2099728567,3.195259252e-05
6.299,-3.739967844e-06,-0.04998999807,-0.21,-8.137396761e-07,-0.04997359477,-0.2099728564,3.184975367e-05
6.3,-3.557609566e-06,-0.04999048576,-0.21,-5.529121917e-07,-0.04997429,-0.209972856,3.175099046e-05
6.301,-3.383060368e-06,-0.04999095256,-0.21,-3.020750642e-07,-0.04997495859,-0.2099728557,3.165616099e-05
6.302,-3.216036501e-06,-0.04999139924,-0.21,-6.090522364e-08,-0.0499756014,-0.2099728554,3.156512688e-05
6.303,-3.056262418e-06,-0.04999182653,-0.21,1.709120256e-07,-0.04997621927,-0.2099728551,3.14777533e-05
6.304,-2.90347061e-06,-0.04999223514,-0.21,3.936832507e-07,-0.04997681302,-0.2099728548,3.139390891e-05
6.305,-2.757401452e-06,-0.04999262578,-0.21,6.077071358e-07,-0.04997738345,-0.2099728545,3.131346584e-05
6.306,-2.617803039e-06,-0.04999299911,-0.21,8.132746943e-07,-0.04997793133,-0.2099728542,3.123629966e-05
6.307,-2.484431034e-06,-0.0499933558,-0.21,1.010669423e-06,-0.04997845741,-0.2099728539,3.116228944e-05
6.308,-2.357048508e-06,-0.04999369646,-0.21,1.2001674e-06,-0.04997896245,-0.2099728536,3.10913177e-05
6.309,-2.235425785e-06,-0.04999402172,-0.21,1.38203734e-06,-0.04997944714,-0.2099728534,3.102327052e-05
6.31,-2.119340287e-06,-0.04999433217,-0.21,1.55654064e-06,-0.0499799122,-0.2099728531,3.095803747e-05
6.311,-2.008576382e-06,-0.04999462839,-0.21,1.723931439e-06,-0.04998035829,-0.2099728529,3.089551164e-05
6.312,-1.902925226e-06,-0.04999491094,-0.21,1.884456719e-06,-0.04998078608,-0.2099728527,3.08355896e-05
6.313,-1.802184618e-06,-0.04999518035,-0.21,2.038356453e-06,-0.0499811962,-0.2099728524,3.077817129e-05
6.314,-1.706158847e-06,-0.04999543716,-0.21,2.185863785e-06,-0.04998158928,-0.2099728522,3.072315998e-05
6.315,-1.614658541e-06,-0.04999568186,-0.21,2.32720524e-06,-0.04998196592,-0.209972852,3.067046216e-05
6.316,-1.527500522e-06,-0.04999591495,-0.21,2.462600911e-06,-0.04998232672,-0.2099728518,3.061998747e-05
6.317,-1.444507658e-06,-0.0499961369,-0.21,2.592264635e-06,-0.04998267223,-0.2099728517,3.057164865e-05
6.318,-1.36550872e-06,-0.04999634817,-0.21,2.716404123e-06,-0.04998300302,-0.2099728515,3.052536145e-05
6.319,-1.290338238e-06,-0.0499965492,-0.21,2.835221057e-06,-0.04998331962,-0.2099728513,3.048104458e-05
6.32,-1.218836357e-06,-0.04999674042,-0.21,2.94891117e-06,-0.04998362256,-0.2099728511,3.043861973e-05
6.321,-1.150848701e-06,-0.04999692224,-0.21,3.057664311e-06,-0.04998391233,-0.209972851,3.039801139e-05
6.322,-1.086226232e-06,-0.04999709507,-0.21,3.16166454e-06,-0.04998418944,-0.2099728508,3.03591469e-05
6.323,-1.024825114e-06,-0.04999725927,-0.21,3.26109023e-06,-0.04998445435,-0.2099728507,3.032195631e-05
6.324,-9.665065786e-07,-0.04999741524,-0.21,3.356114215e-06,-0.04998470753,-0.2099728505,3.028637226e-05
6.325,-9.111367906e-07,-0.04999756331,-0.21,3.44690394e-06,-0.04998494943,-0.2099728504,3.025232998e-05
6.326,-8.585867174e-07,-0.04999770385,-0.21,3.533621631e-06,-0.04998518047,-0.2099728503,3.021976711e-05
6.327,-8.087319999e-07,-0.04999783718,-0.21,3.616424452e-06,-0.04998540108,-0.2099728501,3.018862365e-05
6.328,-7.614528244e-07,-0.04999796362,-0.21,3.695464638e-06,-0.04998561166,-0.20997285,3.015884191e-05
6.329,-7.16633797e-07,-0.04999808348,-0.21,3.770889614e-06,-0.04998581261,-0.2099728499,3.01303664e-05
6.33,-6.741638201e-07,-0.04999819706,-0.21,3.842842087e-06,-0.0499860043,-0.2099728498,3.010314378e-05
6.331,-6.339359705e-07,-0.04999830464,-0.21,3.911460123e-06,-0.0499861871,-0.2099728497,3.00771228e-05
6.332,-5.958473797e-07,-0.0499984065,-0.21,3.976877233e-06,-0.04998636138,-0.2099728496,3.005225423e-05
6.333,-5.597991159e-07,-0.04999850291,-0.21,4.039222461e-06,-0.04998652747,-0.2099728495,3.00284908e-05
6.334,-5.256960686e-07,-0.04999859411,-0.21,4.098620492e-06,-0.04998668571,-0.2099728494,3.00057871e-05
6.335,-4.934468347e-07,-0.04999868036,-0.21,4.15519177e-06,-0.04998683641,-0.2099728494,2.998409955e-05
6.336,-4.629636069e-07,-0.04999876188,-0.21,4.209052637e-06,-0.04998697989,-0.2099728493,2.996338625e-05
6.337,-4.341620639e-07,-0.0499988389,-0.21,4.260315458e-06,-0.04998711645,-0.2099728492,2.9943607e-05
6.338,-4.069612633e-07,-0.04999891165,-0.21,4.309088749e-06,-0.04998724638,-0.2099728491,2.992472317e-05
6.339,-3.812835356e-07,-0.04999898032,-0.21,4.355477289e-06,-0.04998736995,-0.2099728491,2.990669765e-05
6.34,-3.570543813e-07,-0.04999904512,-0.21,4.399582214e-06,-0.04998748743,-0.209972849,2.988949482e-05
6.341,-3.342023693e-07,-0.04999910623,-0.21,4.441501098e-06,-0.0499875991,-0.209972849,2.987308045e-05
6.342,-3.126590378e-07,-0.04999916384,-0.21,4.481328036e-06,-0.04998770519,-0.2099728489,2.985742172e-05
6.343,-2.923587972e-07,-0.04999921813,-0.21,4.519153715e-06,-0.04998780594,-0.2099728488,2.98424871e-05
6.344,-2.73238835e-07,-0.04999926927,-0.21,4.555065501e-06,-0.0499879016,-0.2099728488,2.982824632e-05
6.345,-2.552390229e-07,-0.04999931741,-0.21,4.589147533e-06,-0.04998799239,-0.2099728487,2.981467034e-05
6.346,-2.383018258e-07,-0.0499993627,-0.21,4.621480823e-06,-0.04998807851,-0.2099728487,2.980173127e-05
6.347,-2.223722131e-07,-0.0499994053,-0.21,4.652143361e-06,-0.04998816019,-0.2099728487,2.978940232e-05
6.348,-2.073975717e-07,-0.04999944535,-0.21,4.681210221e-06,-0.04998823761,-0.2099728486,2.977765778e-05
6.349,-1.933276217e-07,-0.04999948298,-0.21,4.708753657e-06,-0.04998831097,-0.2099728486,2.976647292e-05
6.35,-1.801143332e-07,-0.04999951831,-0.21,4.734843191e-06,-0.04998838047,-0.2099728486,2.975582402e-05
6.351,-1.67711846e-07,-0.04999955148,-0.21,4.759545692e-06,-0.04998844626,-0.2099728485,2.974568827e-05
6.352,-1.560763906e-07,-0.0499995826,-0.21,4.782925443e-06,-0.04998850854,-0.2099728485,2.97360438e-05
6.353,-1.451662121e-07,-0.04999961178,-0.21,4.805044211e-06,-0.04998856745,-0.2099728485,2.972686957e-05
6.354,-1.349414947e-07,-0.04999963912,-0.21,4.825961313e-06,-0.04998862317,-0.2099728485,2.971814539e-05
6.355,-1.253642898e-07,-0.04999966473,-0.21,4.845733688e-06,-0.04998867583,-0.2099728484,2.970985187e-05
6.356,-1.163984444e-07,-0.04999968871,-0.21,4.864415974e-06,-0.04998872559,-0.2099728484,2.970197039e-05
6.357,-1.080095329e-07,-0.04999971115,-0.21,4.882060587e-06,-0.04998877259,-0.2099728484,2.969448305e-05
6.358,-1.001647898e-07,-0.04999973213,-0.21,4.898717803e-06,-0.04998881696,-0.2099728484,2.968737268e-05
6.359,-9.283304437e-08,-0.04999975173,-0.21,4.91443584e-06,-0.04998885883,-0.2099728484,2.968062274e-05
6.36,-8.598465787e-08,-0.04999977005,-0.21,4.929260929e-06,-0.04998889832,-0.2099728484,2.967421738e-05
6.361,-7.959146178e-08,-0.04999978715,-0.21,4.943237383e-06,-0.04998893554,-0.2099728483,2.966814135e-05
6.362,-7.362669828e-08,-0.0499998031,-0.21,4.956407657e-06,-0.04998897063,-0.2099728483,2.966237999e-05
6.363,-6.806496237e-08,-0.04999981797,-0.21,4.968812405e-06,-0.04998900367,-0.2099728483,2.965691923e-05
6.364,-6.288214581e-08,-0.04999983183,-0.21,4.980490533e-06,-0.04998903478,-0.2099728483,2.965174555e-05
6.365,-5.805538273e-08,-0.04999984474,-0.21,4.991479254e-06,-0.04998906405,-0.2099728483,2.964684598e-05
6.366,-5.356299687e-08,-0.04999985675,-0.21,5.001814149e-06,-0.04998909158,-0.2099728483,2.964220804e-05
6.367,-4.938445076e-08,-0.04999986793,-0.21,5.011529218e-06,-0.04998911746,-0.2099728483,2.963781976e-05
6.368,-4.550029617e-08,-0.04999987832,-0.21,5.02065695e-06,-0.04998914177,-0.2099728483,2.963366964e-05
6.369,-4.189212641e-08,-0.04999988797,-0.21,5.02922838e-06,-0.04998916461,-0.2099728483,2.962974663e-05
6.37,-3.854253022e-08,-0.04999989692,-0.21,5.037273147e-06,-0.04998918604,-0.2099728483,2.962604012e-05
6.371,-3.543504713e-08,-0.04999990523,-0.21,5.044819549e-06,-0.04998920615,-0.2099728483,2.962253992e-05
6.372,-3.255412424e-08,-0.04999991294,-0.21,5.051894594e-06,-0.049989225,-0.2099728483,2.961923626e-05
6.373,-2.988507478e-08,-0.04999992008,-0.21,5.058524044e-06,-0.04998924266,-0.2099728483,2.961611974e-05
6.374,-2.741403792e-08,-0.04999992669,-0.21,5.06473246e-06,-0.0499892592,-0.2099728483,2.961318136e-05
6.375,-2.512793998e-08,-0.0499999328,-0.21,5.070543239e-06,-0.04998927468,-0.2099728483,2.961041247e-05
6.376,-2.301445719e-08,-0.04999993845,-0.21,5.075978663e-06,-0.04998928917,-0.2099728483,2.960780477e-05
6.377,-2.106197974e-08,-0.04999994367,-0.21,5.081059935e-06,-0.04998930271,-0.2099728483,2.960535033e-05
6.378,-1.925957716e-08,-0.04999994849,-0.21,5.085807226e-06,-0.04998931536,-0.2099728483,2.960304152e-05
6.379,-1.759696501e-08,-0.04999995294,-0.21,5.09023972e-06,-0.04998932717,-0.2099728483,2.960087103e-05
6.38,-1.606447282e-08,-0.04999995704,-0.21,5.094375657e-06,-0.0499893382,-0.2099728483,2.959883186e-05
6.381,-1.465301338e-08,-0.04999996081,-0.21,5.098232374e-06,-0.04998934848,-0.2099728483,2.959691729e-05
6.382,-1.33540531e-08,-0.04999996429,-0.21,5.101826343e-06,-0.04998935806,-0.2099728483,2.95951209e-05
6.383,-1.215958364e-08,-0.04999996748,-0.21,5.105173209e-06,-0.04998936698,-0.2099728483,2.959343654e-05
6.384,-1.106209464e-08,-0.04999997042,-0.21,5.10828782e-06,-0.04998937528,-0.2099728483,2.95918583e-05
6.385,-1.005454758e-08,-0.04999997311,-0.21,5.111184261e-06,-0.049989383,-0.2099728483,2.959038056e-05
6.386,-9.130350812e-09,-0.04999997558,-0.21,5.113875877e-06,-0.04998939018,-0.2099728483,2.958899791e-05
6.387,-8.283335471e-09,-0.04999997785,-0.21,5.116375314e-06,-0.04998939685,-0.2099728483,2.958770522e-05
6.388,-7.507732564e-09,-0.04999997992,-0.21,5.118694539e-06,-0.04998940303,-0.2099728483,2.958649755e-05
6.389,-6.798151016e-09,-0.04999998182,-0.21,5.120844877e-06,-0.04998940877,-0.2099728484,2.95853702e-05
6.39,-6.149556595e-09,-0.04999998355,-0.21,5.122837041e-06,-0.04998941408,-0.2099728484,2.958431868e-05
6.391,-5.557251945e-09,-0.04999998514,-0.21,5.12468116e-06,-0.049989419,-0.2099728484,2.958333871e-05
6.392,-5.016857344e-09,-0.04999998658,-0.21,5.126386809e-06,-0.04998942355,-0.2099728484,2.958242619e-05
6.393,-4.524292465e-09,-0.0499999879,-0.21,5.127963035e-06,-0.04998942776,-0.2099728484,2.958157722e-05
6.394,-4.075758868e-09,-0.0499999891,-0.21,5.12941838e-06,-0.04998943165,-0.2099728484,2.958078809e-05
6.395,-3.667723536e-09,-0.04999999019,-0.21,5.130760902e-06,-0.04998943523,-0.2099728484,2.958005526e-05
6.396,-3.296902865e-09,-0.04999999118,-0.21,5.131998201e-06,-0.04998943853,-0.2099728484,2.957937536e-05
6.397,-2.960247769e-09,-0.04999999208,-0.21,5.133137433e-06,-0.04998944158,-0.2099728484,2.957874519e-05
6.398,-2.654929257e-09,-0.0499999929,-0.21,5.134185335e-06,-0.04998944438,-0.2099728484,2.95781617e-05
6.399,-2.378324844e-09,-0.04999999364,-0.21,5.135148244e-06,-0.04998944695,-0.2099728484,2.957762199e-05
6.4,-2.128005699e-09,-0.04999999431,-0.21,5.136032118e-06,-0.04998944931,-0.2099728484,2.957712332e-05
6.401,-1.901724334e-09,-0.04999999491,-0.21,5.136842557e-06,-0.04998945148,-0.2099728484,2.957666309e-05
6.402,-1.697402923e-09,-0.04999999546,-0.21,5.137584818e-06,-0.04998945346,-0.2099728484,2.957623881e-05
6.403,-1.513122398e-09,-0.04999999595,-0.21,5.138263843e-06,-0.04998945528,-0.2099728484,2.957584814e-05
6.404,-1.34711195e-09,-0.0499999964,-0.21,5.138884263e-06,-0.04998945694,-0.2099728484,2.957548887e-05
6.405,-1.197739194e-09,-0.0499999968,-0.21,5.139450424e-06,-0.04998945845,-0.2099728484,2.957515888e-05
6.406,-1.063500864e-09,-0.04999999716,-0.21,5.139966397e-06,-0.04998945983,-0.2099728484,2.957485621e-05
6.407,-9.430139794e-10,-0.04999999748,-0.21,5.14043599e-06,-0.04998946109,-0.2099728485,2.957457896e-05
6.408,-8.350074868e-10,-0.04999999777,-0.21,5.140862764e-06,-0.04998946224,-0.2099728485,2.957432537e-05
6.409,-7.383145918e-10,-0.04999999803,-0.21,5.141250044e-06,-0.04998946327,-0.2099728485,2.957409376e-05
6.41,-6.518651695e-10,-0.04999999826,-0.21,5.141600934e-06,-0.04998946422,-0.2099728485,2.957388256e-05
6.411,-5.746789884e-10,-0.04999999846,-0.21,5.141918328e-06,-0.04998946507,-0.2099728485,2.957369029e-05
6.412,-5.058591098e-10,-0.04999999865,-0.21,5.142204925e-06,-0.04998946584,-0.2099728485,2.957351556e-05
6.413,-4.445857536e-10,-0.04999999881,-0.21,5.142463238e-06,-0.04998946653,-0.2099728485,2.957335704e-05
6.414,-3.901105133e-10,-0.04999999896,-0.21,5.142695608e-06,-0.04998946716,-0.2099728485,2.957321351e-05
6.415,-3.417510771e-10,-0.04999999909,-0.21,5.142904211e-06,-0.04998946772,-0.2099728485,2.957308382e-05
6.416,-2.988859785e-10,-0.0499999992,-0.21,5.143091073e-06,-0.04998946822,-0.2099728485,2.957296687e-05
6.417,-2.609500636e-10,-0.0499999993,-0.21,5.143258069e-06,-0.04998946867,-0.2099728485,2.957286165e-05
6.418,-2.274299221e-10,-0.04999999939,-0.21,5.143406942e-06,-0.04998946907,-0.2099728485,2.957276721e-05
6.419,-1.978597997e-10,-0.04999999947,-0.21,5.143539302e-06,-0.04998946943,-0.2099728485,2.957268267e-05
6.42,-1.71817803e-10,-0.04999999954,-0.21,5.143656639e-06,-0.04998946975,-0.2099728485,2.95726072e-05
6.421,-1.489221281e-10,-0.0499999996,-0.21,5.143760328e-06,-0.04998947003,-0.2099728485,2.957254002e-05
6.422,-1.288280038e-10,-0.04999999966,-0.21,5.143851639e-06,-0.04998947028,-0.2099728485,2.957248042e-05
6.423,-1.112243075e-10,-0.0499999997,-0.21,5.143931742e-06,-0.04998947049,-0.2099728485,2.957242773e-05
6.424,-9.583079816e-11,-0.04999999974,-0.21,5.144001718e-06,-0.04998947068,-0.2099728485,2.957238133e-05
6.425,-8.239545504e-11,-0.04999999978,-0.21,5.144062558e-06,-0.04998947085,-0.2099728485,2.957234065e-05
6.426,-7.069192801e-11,-0.04999999981,-0.21,5.144115176e-06,-0.04998947099,-0.2099728485,2.957230514e-05
6.427,-6.051736542e-11,-0.04999999984,-0.21,5.144160411e-06,-0.04998947112,-0.2099728485,2.957227431e-05
6.428,-5.169006716e-11,-0.04999999986,-0.21,5.144199031e-06,-0.04998947123,-0.2099728485,2.957224772e-05
6.429,-4.404778278e-11,-0.04999999988,-0.21,5.144231739e-06,-0.04998947132,-0.2099728485,2.957222493e-05
6.43,-3.744574269e-11,-0.0499999999,-0.21,5.144259176e-06,-0.04998947139,-0.2099728485,2.957220556e-05
6.431,-3.175499967e-11,-0.04999999992,-0.21,5.144281926e-06,-0.04998947146,-0.2099728485,2.957218925e-05
6.432,-2.686101168e-11,-0.04999999993,-0.21,5.144300522e-06,-0.04998947151,-0.2099728485,2.957217568e-05
6.433,-2.266215687e-11,-0.04999999994,-0.21,5.144315446e-06,-0.04998947155,-0.2099728485,2.957216455e-05
6.434,-1.906840137e-11,-0.04999999995,-0.21,5.144327137e-06,-0.04998947159,-0.2099728485,2.957215558e-05
6.435,-1.60002081e-11,-0.04999999996,-0.21,5.144335993e-06,-0.04998947161,-0.2099728485,2.957214852e-05
6.436,-1.338748036e-11,-0.04999999996,-0.21,5.144342375e-06,-0.04998947163,-0.2099728485,2.957214315e-05
6.437,-1.116852964e-11,-0.04999999997,-0.21,5.144346607e-06,-0.04998947164,-0.2099728485,2.957213925e-05
6.438,-9.289114616e-12,-0.04999999998,-0.21,5.144348983e-06,-0.04998947165,-0.2099728485,2.957213664e-05
6.439,-7.701795798e-12,-0.04999999998,-0.21,5.144349767e-06,-0.04998947166,-0.2099728486,2.957213514e-05
6.44,-6.365102889e-12,-0.04999999998,-0.21,5.144349194e-06,-0.04998947166,-0.2099728486,2.957213461e-05
6.441,-5.242839149e-12,-0.04999999999,-0.21,5.144347474e-06,-0.04998947166,-0.2099728486,2.957213491e-05
6.442,-4.303538428e-12,-0.04999999999,-0.21,5.144344794e-06,-0.04998947165,-0.2099728486,2.95721359e-05
6.443,-3.519882302e-12,-0.04999999999,-0.21,5.144341321e-06,-0.04998947164,-0.2099728486,2.957213748e-05
6.444,-2.868320165e-12,-0.04999999999,-0.21,5.1443372e-06,-0.04998947163,-0.2099728486,2.957213955e-05
6.445,-2.328390952e-12,-0.04999999999,-0.21,5.144332562e-06,-0.04998947162,-0.2099728486,2.957214202e-05
6.446,-1.882606918e-12,-0.04999999999,-0.21,5.144327521e-06,-0.04998947161,-0.2099728486,2.957214481e-05
6.447,-1.515895048e-12,-0.05,-0.21,5.144322176e-06,-0.0499894716,-0.2099728486,2.957214786e-05
6.448,-1.215390635e-12,-0.05,-0.21,5.144316616e-06,-0.04998947158,-0.2099728486,2.95721511e-05
6.449,-9.701597165e-13,-0.05,-0.21,5.144310916e-06,-0.04998947157,-0.2099728486,2.957215447e-05
6.45,-7.708035599e-13,-0.05,-0.21,5.144305141e-06,-0.04998947156,-0.2099728486,2.957215794e-05
6.451,-6.09496828e-13,-0.05,-0.21,5.144299349e-06,-0.04998947154,-0.2099728486,2.957216145e-05
6.452,-4.795313452e-13,-0.05,-0.21,5.144293584e-06,-0.04998947153,-0.2099728486,2.957216499e-05
6.453,-3.753108935e-13,-0.05,-0.21,5.144287887e-06,-0.04998947151,-0.2099728486,2.957216851e-05
6.454,-2.921430459e-13,-0.05,-0.21,5.14428229e-06,-0.0499894715,-0.2099728486,2.9572172e-05
6.455,-2.26128144e-13,-0.05,-0.21,5.144276819e-06,-0.04998947149,-0.2099728486,2.957217542e-05
6.456,-1.739997035e-13,-0.05,-0.21,5.144271496e-06,-0.04998947147,-0.2099728486,2.957217878e-05
6.457,-1.330619642e-13,-0.05,-0.21,5.144266339e-06,-0.04998947146,-0.2099728486,2.957218204e-05
6.458,-1.010736633e-13,-0.05,-0.21,5.14426136e-06,-0.04998947145,-0.2099728486,2.957218521e-05
6.459,-7.627405652e-14,-0.05,-0.21,5.144256569e-06,-0.04998947143,-0.2099728486,2.957218827e-05
6.46,-5.712444406e-14,-0.05,-0.21,5.144251974e-06,-0.04998947142,-0.2099728486,2.957219121e-05
6.461,-4.248337793e-14,-0.05,-0.21,5.144247577e-06,-0.04998947141,-0.2099728486,2.957219403e-05
6.462,-3.134298376e-14,-0.05,-0.21,5.144243381e-06,-0.0499894714,-0.2099728486,2.957219674e-05
6.463,-2.29365138e-14,-0.05,-0.21,5.144239386e-06,-0.04998947139,-0.2099728486,2.957219932e-05
6.464,-1.662732452e-14,-0.05,-0.21,5.144235589e-06,-0.04998947138,-0.2099728486,2.957220178e-05
6.465,-1.194010169e-14,-0.05,-0.21,5.144231987e-06,-0.04998947137,-0.2099728486,2.957220412e-05
6.466,-8.493206138e-15,-0.05,-0.21,5.144228576e-06,-0.04998947136,-0.2099728486,2.957220633e-05
6.467,-5.983061269e-15,-0.05,-0.21,5.14422535e-06,-0.04998947136,-0.2099728486,2.957220843e-05
6.468,-4.175479407e-15,-0.05,-0.21,5.144222303e-06,-0.04998947135,-0.2099728486,2.957221042e-05
6.469,-2.867497906e-15,-0.05,-0.21,5.14421943e-06,-0.04998947134,-0.2099728486,2.95722123e-05
6.47,-1.948094464e-15,-0.05,-0.21,5.144216724e-06,-0.04998947133,-0.2099728486,2.957221407e-05
6.471,-1.29236899e-15,-0.05,-0.21,5.144214178e-06,-0.04998947133,-0.2099728486,2.957221573e-05
6.472,-8.743006319e-16,-0.05,-0.21,5.144211785e-06,-0.04998947132,-0.2099728486,2.95722173e-05
6.473,-5.689893001e-16,-0.05,-0.21,5.144209537e-06,-0.04998947132,-0.2099728486,2.957221877e-05
6.474,-3.60822483e-16,-0.05,-0.21,5.144207428e-06,-0.04998947131,-0.2099728486,2.957222016e-05
6.475,-2.029626467e-16,-0.05,-0.21,5.14420545e-06,-0.04998947131,-0.2099728486,2.957222146e-05
6.476,-1.266348137e-16,-0.05,-0.21,5.144203597e-06,-0.0499894713,-0.2099728486,2.957222268e-05
6.477,-9.714451465e-17,-0.05,-0.21,5.14420186e-06,-0.0499894713,-0.2099728486,2.957222382e-05
6.478,-3.989863995e-17,-0.05,-0.21,5.144200235e-06,-0.04998947129,-0.2099728486,2.957222489e-05
6.479,-2.775557562e-17,-0.05,-0.21,5.144198713e-06,-0.04998947129,-0.2099728486,2.957222589e-05
6.48,-1.908195824e-17,-0.05,-0.21,5.14419729e-06,-0.04998947128,-0.2099728486,2.957222683e-05
6.481,-8.67361738e-18,-0.05,-0.21,5.144195959e-06,-0.04998947128,-0.2099728486,2.95722277e-05
6.482,3.469446952e-18,-0.05,-0.21,5.144194715e-06,-0.04998947128,-0.2099728486,2.957222852e-05
6.483,0,-0.05,-0.21,5.144193553e-06,-0.04998947128,-0.2099728486,2.957222929e-05
6.484,0,-0.05,-0.21,5.144192467e-06,-0.04998947127,-0.2099728486,2.957223e-05
6.485,1.734723476e-18,-0.05,-0.21,5.144191453e-06,-0.04998947127,-0.2099728486,2.957223067e-05
6.486,1.734723476e-18,-0.05,-0.21,5.144190506e-06,-0.04998947127,-0.2099728486,2.95722313e-05
6.487,1.734723476e-17,-0.05,-0.21,5.144189621e-06,-0.04998947127,-0.2099728486,2.957223188e-05
6.488,1.214306433e-17,-0.05,-0.21,5.144188795e-06,-0.04998947126,-0.2099728486,2.957223243e-05
6.489,-1.214306433e-17,-0.05,-0.21,5.144188024e-06,-0.04998947126,-0.2099728486,2.957223294e-05
6.49,-6.938893904e-18,-0.05,-0.21,5.144187304e-06,-0.04998947126,-0.2099728486,2.957223341e-05
6.491,0,-0.05,-0.21,5.144186632e-06,-0.04998947126,-0.2099728486,2.957223386e-05
6.492,2.602085214e-17,-0.05,-0.21,5.144186004e-06,-0.04998947126,-0.2099728486,2.957223427e-05
6.493,-5.204170428e-18,-0.05,-0.21,5.144185419e-06,-0.04998947125,-0.2099728486,2.957223466e-05
6.494,-6.938893904e-18,-0.05,-0.21,5.144184872e-06,-0.04998947125,-0.2099728486,2.957223502e-05
6.495,1.734723476e-17,-0.05,-0.21,5.144184362e-06,-0.04998947125,-0.2099728486,2.957223536e-05
6.496,1.214306433e-17,-0.05,-0.21,5.144183886e-06,-0.04998947125,-0.2099728486,2.957223567e-05
6.497,-6.938893904e-18,-0.05,-0.21,5.144183442e-06,-0.04998947125,-0.2099728486,2.957223596e-05
6.498,3.469446952e-18,-0.05,-0.21,5.144183028e-06,-0.04998947125,-0.2099728486,2.957223624e-05
6.499,-6.938893904e-18,-0.05,-0.21,5.144182641e-06,-0.04998947125,-0.2099728486,2.95722365e-05
6.5,3.061616998e-18,-0.05,-0.21,5.14418228e-06,-0.04998947125,-0.2099728486,2.957223673e-05
6.501,3.061616998e-18,-0.05,-0.21,5.144181942e-06,-0.04998947125,-0.2099728486,2.957223696e-05
6.502,3.061616998e-18,-0.05,-0.21,5.144181627e-06,-0.04998947124,-0.2099728486,2.957223717e-05
6.503,3.061616998e-18,-0.05,-0.21,5.144181334e-06,-0.04998947124,-0.2099728486,2.957223736e-05
6.504,3.061616998e-18,-0.05,-0.21,5.144181059e-06,-0.04998947124,-0.2099728486,2.957223754e-05
6.505,3.061616998e-18,-0.05,-0.21,5.144180804e-06,-0.04998947124,-0.2099728486,2.957223771e-05
6.506,3.061616998e-18,-0.05,-0.21,5.144180565e-06,-0.04998947124,-0.2099728486,2.957223787e-05
6.507,3.061616998e-18,-0.05,-0.21,5.144180342e-06,-0.04998947124,-0.2099728486,2.957223802e-05
6.508,3.061616998e-18,-0.05,-0.21,5.144180134e-06,-0.04998947124,-0.2099728486,2.957223815e-05
6.509,3.061616998e-18,-0.05,-0.21,5.14417994e-06,-0.04998947124,-0.2099728486,2.957223828e-05
6.51,3.061616998e-18,-0.05,-0.21,5.144179758e-06,-0.04998947124,-0.2099728486,2.95722384e-05
6.511,3.061616998e-18,-0.05,-0.21,5.144179589e-06,-0.04998947124,-0.2099728486,2.957223852e-05
6.512,3.061616998e-18,-0.05,-0.21,5.14417943e-06,-0.04998947124,-0.2099728486,2.957223862e-05
6.513,3.061616998e-18,-0.05,-0.21,5.144179283e-06,-0.04998947124,-0.2099728486,2.957223872e-05
6.514,3.061616998e-18,-0.05,-0.21,5.144179145e-06,-0.04998947124,-0.2099728486,2.957223881e-05
6.515,3.061616998e-18,-0.05,-0.21,5.144179016e-06,-0.04998947124,-0.2099728486,2.957223889e-05
6.516,3.061616998e-18,-0.05,-0.21,5.144178895e-06,-0.04998947124,-0.2099728486,2.957223897e-05
6.517,3.061616998e-18,-0.05,-0.21,5.144178783e-06,-0.04998947124,-0.2099728486,2.957223905e-05
6.518,3.061616998e-18,-0.05,-0.21,5.144178678e-06,-0.04998947124,-0.2099728486,2.957223912e-05
6.519,3.061616998e-18,-0.05,-0.21,5.14417858e-06,-0.04998947124,-0.2099728486,2.957223918e-05
6.52,3.061616998e-18,-0.05,-0.21,5.144178488e-06,-0.04998947124,-0.2099728486,2.957223924e-05
6.521,3.061616998e-18,-0.05,-0.21,5.144178402e-06,-0.04998947124,-0.2099728486,2.95722393e-05
6.522,3.061616998e-18,-0.05,-0.21,5.144178322e-06,-0.04998947124,-0.2099728486,2.957223935e-05
6.523,3.061616998e-18,-0.05,-0.21,5.144178247e-06,-0.04998947124,-0.2099728486,2.95722394e-05
6.524,3.061616998e-18,-0.05,-0.21,5.144178177e-06,-0.04998947124,-0.2099728486,2.957223945e-05
6.525,3.061616998e-18,-0.05,-0.21,5.144178112e-06,-0.04998947124,-0.2099728486,2.957223949e-05
6.526,3.061616998e-18,-0.05,-0.21,5.144178051e-06,-0.04998947124,-0.2099728486,2.957223953e-05
6.527,3.061616998e-18,-0.05,-0.21,5.144177993e-06,-0.04998947124,-0.2099728486,2.957223957e-05
6.528,3.061616998e-18,-0.05,-0.21,5.14417794e-06,-0.04998947124,-0.2099728486,2.95722396e-05
6.529,3.061616998e-18,-0.05,-0.21,5.144177889e-06,-0.04998947124,-0.2099728486,2.957223963e-05
6.53,3.061616998e-18,-0.05,-0.21,5.144177842e-06,-0.04998947124,-0.2099728486,2.957223966e-05
6.531,3.061616998e-18,-0.05,-0.21,5.144177798e-06,-0.04998947124,-0.2099728486,2.957223969e-05
6.532,3.061616998e-18,-0.05,-0.21,5.144177757e-06,-0.04998947124,-0.2099728486,2.957223972e-05
6.533,3.061616998e-18,-0.05,-0.21,5.144177718e-06,-0.04998947124,-0.2099728486,2.957223975e-05
6.534,3.061616998e-18,-0.05,-0.21,5.144177682e-06,-0.04998947123,-0.2099728486,2.957223977e-05
6.535,3.061616998e-18,-0.05,-0.21,5.144177648e-06,-0.04998947123,-0.2099728486,2.957223979e-05
6.536,3.061616998e-18,-0.05,-0.21,5.144177616e-06,-0.04998947123,-0.2099728486,2.957223981e-05
6.537,3.061616998e-18,-0.05,-0.21,5.144177586e-06,-0.04998947123,-0.2099728486,2.957223983e-05
6.538,3.061616998e-18,-0.05,-0.21,5.144177558e-06,-0.04998947123,-0.2099728486,2.957223985e-05
6.539,3.061616998e-18,-0.05,-0.21,5.144177532e-06,-0.04998947123,-0.2099728486,2.957223986e-05
6.54,3.061616998e-18,-0.05,-0.21,5.144177507e-06,-0.04998947123,-0.2099728486,2.957223988e-05
6.541,3.061616998e-18,-0.05,-0.21,5.144177484e-06,-0.04998947123,-0.2099728486,2.957223989e-05
6.542,3.061616998e-18,-0.05,-0.21,5.144177462e-06,-0.04998947123,-0.2099728486,2.957223991e-05
6.543,3.061616998e-18,-0.05,-0.21,5.144177441e-06,-0.04998947123,-0.2099728486,2.957223992e-05
6.544,3.061616998e-18,-0.05,-0.21,5.144177422e-06,-0.04998947123,-0.2099728486,2.957223993e-05
6.545,3.061616998e-18,-0.05,-0.21,5.144177404e-06,-0.04998947123,-0.2099728486,2.957223994e-05
6.546,3.061616998e-18,-0.05,-0.21,5.144177387e-06,-0.04998947123,-0.2099728486,2.957223995e-05
6.547,3.061616998e-18,-0.05,-0.21,5.144177371e-06,-0.04998947123,-0.2099728486,2.957223996e-05
6.548,3.061616998e-18,-0.05,-0.21,5.144177355e-06,-0.04998947123,-0.2099728486,2.957223997e-05
6.549,3.061616998e-18,-0.05,-0.21,5.144177341e-06,-0.04998947123,-0.2099728486,2.957223998e-05
6.55,3.061616998e-18,-0.05,-0.21,5.144177327e-06,-0.04998947123,-0.2099728486,2.957223999e-05
6.551,3.061616998e-18,-0.05,-0.21,5.144177314e-06,-0.04998947123,-0.2099728486,2.957224e-05
6.552,3.061616998e-18,-0.05,-0.21,5.144177302e-06,-0.04998947123,-0.2099728486,2.957224e-05
6.553,3.061616998e-18,-0.05,-0.21,5.144177291e-06,-0.04998947123,-0.2099728486,2.957224001e-05
6.554,3.061616998e-18,-0.05,-0.21,5.14417728e-06,-0.04998947123,-0.2099728486,2.957224002e-05
6.555,3.061616998e-18,-0.05,-0.21,5.14417727e-06,-0.04998947123,-0.2099728486,2.957224002e-05
6.556,3.061616998e-18,-0.05,-0.21,5.14417726e-06,-0.04998947123,-0.2099728486,2.957224003e-05
6.557,3.061616998e-18,-0.05,-0.21,5.144177251e-06,-0.04998947123,-0.2099728486,2.957224003e-05
6.558,3.061616998e-18,-0.05,-0.21,5.144177242e-06,-0.04998947123,-0.2099728486,2.957224004e-05
6.559,3.061616998e-18,-0.05,-0.21,5.144177233e-06,-0.04998947123,-0.2099728486,2.957224004e-05
6.56,3.061616998e-18,-0.05,-0.21,5.144177225e-06,-0.04998947123,-0.2099728486,2.957224005e-05
6.561,3.061616998e-18,-0.05,-0.21,5.144177218e-06,-0.04998947123,-0.2099728486,2.957224005e-05
6.562,3.061616998e-18,-0.05,-0.21,5.14417721e-06,-0.04998947123,-0.2099728486,2.957224006e-05
6.563,3.061616998e-18,-0.05,-0.21,5.144177203e-06,-0.04998947123,-0.2099728486,2.957224006e-05
6.564,3.061616998e-18,-0.05,-0.21,5.144177197e-06,-0.04998947123,-0.2099728486,2.957224006e-05
6.565,3.061616998e-18,-0.05,-0.21,5.14417719e-06,-0.04998947123,-0.2099728486,2.957224007e-05
6.566,3.061616998e-18,-0.05,-0.21,5.144177184e-06,-0.04998947123,-0.2099728486,2.957224007e-05
6.567,3.061616998e-18,-0.05,-0.21,5.144177178e-06,-0.04998947123,-0.2099728486,2.957224007e-05
6.568,3.061616998e-18,-0.05,-0.21,5.144177172e-06,-0.04998947123,-0.2099728486,2.957224007e-05
6.569,3.061616998e-18,-0.05,-0.21,5.144177167e-06,-0.04998947123,-0.2099728486,2.957224008e-05
6.57,3.061616998e-18,-0.05,-0.21,5.144177162e-06,-0.04998947123,-0.2099728486,2.957224008e-05
6.571,3.061616998e-18,-0.05,-0.21,5.144177157e-06,-0.04998947123,-0.2099728486,2.957224008e-05
6.572,3.061616998e-18,-0.05,-0.21,5.144177152e-06,-0.04998947123,-0.2099728486,2.957224008e-05
6.573,3.061616998e-18,-0.05,-0.21,5.144177147e-06,-0.04998947123,-0.2099728486,2.957224009e-05
6.574,3.061616998e-18,-0.05,-0.21,5.144177142e-06,-0.04998947123,-0.2099728486,2.957224009e-05
6.575,3.061616998e-18,-0.05,-0.21,5.144177138e-06,-0.04998947123,-0.2099728486,2.957224009e-05
6.576,3.061616998e-18,-0.05,-0.21,5.144177133e-06,-0.04998947123,-0.2099728486,2.957224009e-05
6.577,3.061616998e-18,-0.05,-0.21,5.144177129e-06,-0.04998947123,-0.2099728486,2.957224009e-05
6.578,3.061616998e-18,-0.05,-0.21,5.144177125e-06,-0.04998947123,-0.2099728486,2.957224009e-05
6.579,3.061616998e-18,-0.05,-0.21,5.144177121e-06,-0.04998947123,-0.2099728486,2.95722401e-05
6.58,3.061616998e-18,-0.05,-0.21,5.144177117e-06,-0.04998947123,-0.2099728486,2.95722401e-05
6.581,3.061616998e-18,-0.05,-0.21,5.144177113e-06,-0.04998947123,-0.2099728486,2.95722401e-05
6.582,3.061616998e-18,-0.05,-0.21,5.14417711e-06,-0.04998947123,-0.2099728486,2.95722401e-05
6.583,3.061616998e-18,-0.05,-0.21,5.144177106e-06,-0.04998947123,-0.2099728486,2.95722401e-05
6.584,3.061616998e-18,-0.05,-0.21,5.144177103e-06,-0.04998947123,-0.2099728486,2.95722401e-05
6.585,3.061616998e-18,-0.05,-0.21,5.144177099e-06,-0.04998947123,-0.2099728486,2.95722401e-05
6.586,3.061616998e-18,-0.05,-0.21,5.144177096e-06,-0.04998947123,-0.2099728486,2.957224011e-05
6.587,3.061616998e-18,-0.05,-0.21,5.144177092e-06,-0.04998947123,-0.2099728486,2.957224011e-05
6.588,3.061616998e-18,-0.05,-0.21,5.144177089e-06,-0.04998947123,-0.2099728486,2.957224011e-05
6.589,3.061616998e-18,-0.05,-0.21,5.144177086e-06,-0.04998947123,-0.2099728486,2.957224011e-05
6.59,3.061616998e-18,-0.05,-0.21,5.144177083e-06,-0.04998947123,-0.2099728486,2.957224011e-05
6.591,3.061616998e-18,-0.05,-0.21,5.14417708e-06,-0.04998947123,-0.2099728486,2.957224011e-05
6.592,3.061616998e-18,-0.05,-0.21,5.144177076e-06,-0.04998947123,-0.2099728486,2.957224011e-05
6.593,3.061616998e-18,-0.05,-0.21,5.144177073e-06,-0.04998947123,-0.2099728486,2.957224011e-05
6.594,3.061616998e-18,-0.05,-0.21,5.14417707e-06,-0.04998947123,-0.2099728486,2.957224011e-05
6.595,3.061616998e-18,-0.05,-0.21,5.144177067e-06,-0.04998947123,-0.2099728486,2.957224011e-05
6.596,3.061616998e-18,-0.05,-0.21,5.144177064e-06,-0.04998947123,-0.2099728486,2.957224012e-05
6.597,3.061616998e-18,-0.05,-0.21,5.144177061e-06,-0.04998947123,-0.2099728486,2.957224012e-05
6.598,3.061616998e-18,-0.05,-0.21,5.144177059e-06,-0.04998947123,-0.2099728486,2.957224012e-05
6.599,3.061616998e-18,-0.05,-0.21,5.144177056e-06,-0.04998947123,-0.2099728486,2.957224012e-05
6.6,3.061616998e-18,-0.05,-0.21,5.144177053e-06,-0.04998947123,-0.2099728486,2.957224012e-05
6.601,3.061616998e-18,-0.05,-0.21,5.14417705e-06,-0.04998947123,-0.2099728486,2.957224012e-05
6.602,3.061616998e-18,-0.05,-0.21,5.144177047e-06,-0.04998947123,-0.2099728486,2.957224012e-05
6.603,3.061616998e-18,-0.05,-0.21,5.144177044e-06,-0.04998947123,-0.2099728486,2.957224012e-05
6.604,3.061616998e-18,-0.05,-0.21,5.144177042e-06,-0.04998947123,-0.2099728486,2.957224012e-05
6.605,3.061616998e-18,-0.05,-0.21,5.144177039e-06,-0.04998947123,-0.2099728486,2.957224012e-05
6.606,3.061616998e-18,-0.05,-0.21,5.144177036e-06,-0.04998947123,-0.2099728486,2.957224012e-05
6.607,3.061616998e-18,-0.05,-0.21,5.144177033e-06,-0.04998947123,-0.2099728486,2.957224012e-05
6.608,3.061616998e-18,-0.05,-0.21,5.14417703e-06,-0.04998947123,-0.2099728486,2.957224012e-05
6.609,3.061616998e-18,-0.05,-0.21,5.144177028e-06,-0.04998947123,-0.2099728486,2.957224013e-05
6.61,3.061616998e-18,-0.05,-0.21,5.144177025e-06,-0.04998947123,-0.2099728486,2.957224013e-05
6.611,3.061616998e-18,-0.05,-0.21,5.144177022e-06,-0.04998947123,-0.2099728486,2.957224013e-05
6.612,3.061616998e-18,-0.05,-0.21,5.14417702e-06,-0.04998947123,-0.2099728486,2.957224013e-05
6.613,3.061616998e-18,-0.05,-0.21,5.144177017e-06,-0.04998947123,-0.2099728486,2.957224013e-05
6.614,3.061616998e-18,-0.05,-0.21,5.144177014e-06,-0.04998947123,-0.2099728486,2.957224013e-05
6.615,3.061616998e-18,-0.05,-0.21,5.144177012e-06,-0.04998947123,-0.2099728486,2.957224013e-05
6.616,3.061616998e-18,-0.05,-0.21,5.144177009e-06,-0.04998947123,-0.2099728486,2.957224013e-05
6.617,3.061616998e-18,-0.05,-0.21,5.144177007e-06,-0.04998947123,-0.2099728486,2.957224013e-05
6.618,3.061616998e-18,-0.05,-0.21,5.144177004e-06,-0.04998947123,-0.2099728486,2.957224013e-05
6.619,3.061616998e-18,-0.05,-0.21,5.144177001e-06,-0.04998947123,-0.2099728486,2.957224013e-05
6.62,3.061616998e-18,-0.05,-0.21,5.144176999e-06,-0.04998947123,-0.2099728486,2.957224013e-05
6.621,3.061616998e-18,-0.05,-0.21,5.144176996e-06,-0.04998947123,-0.2099728486,2.957224013e-05
6.622,3.061616998e-18,-0.05,-0.21,5.144176993e-06,-0.04998947123,-0.2099728486,2.957224013e-05
6.623,3.061616998e-18,-0.05,-0.21,5.144176991e-06,-0.04998947123,-0.2099728486,2.957224013e-05
6.624,3.061616998e-18,-0.05,-0.21,5.144176988e-06,-0.04998947123,-0.2099728486,2.957224013e-05
6.625,3.061616998e-18,-0.05,-0.21,5.144176986e-06,-0.04998947123,-0.2099728486,2.957224014e-05
6.626,3.061616998e-18,-0.05,-0.21,5.144176983e-06,-0.04998947123,-0.2099728486,2.957224014e-05
6.627,3.061616998e-18,-0.05,-0.21,5.14417698e-06,-0.04998947123,-0.2099728486,2.957224014e-05
6.628,3.061616998e-18,-0.05,-0.21,5.144176978e-06,-0.04998947123,-0.2099728486,2.957224014e-05
6.629,3.061616998e-18,-0.05,-0.21,5.144176975e-06,-0.04998947123,-0.2099728486,2.957224014e-05
6.63,3.061616998e-18,-0.05,-0.21,5.144176973e-06,-0.04998947123,-0.2099728486,2.957224014e-05
6.631,3.061616998e-18,-0.05,-0.21,5.14417697e-06,-0.04998947123,-0.2099728486,2.957224014e-05
6.632,3.061616998e-18,-0.05,-0.21,5.144176967e-06,-0.04998947123,-0.2099728486,2.957224014e-05
6.633,3.061616998e-18,-0.05,-0.21,5.144176965e-06,-0.04998947123,-0.2099728486,2.957224014e-05
6.634,3.061616998e-18,-0.05,-0.21,5.144176962e-06,-0.04998947123,-0.2099728486,2.957224014e-05
6.635,3.061616998e-18,-0.05,-0.21,5.14417696e-06,-0.04998947123,-0.2099728486,2.957224014e-05
6.636,3.061616998e-18,-0.05,-0.21,5.144176958e-06,-0.04998947123,-0.2099728486,2.957224014e-05
6.637,3.061616998e-18,-0.05,-0.21,5.144176955e-06,-0.04998947123,-0.2099728486,2.957224014e-05
6.638,3.061616998e-18,-0.05,-0.21,5.144176953e-06,-0.04998947123,-0.2099728486,2.957224014e-05
6.639,3.061616998e-18,-0.05,-0.21,5.14417695e-06,-0.04998947123,-0.2099728486,2.957224014e-05
6.64,3.061616998e-18,-0.05,-0.21,5.144176947e-06,-0.04998947123,-0.2099728486,2.957224014e-05
6.641,3.061616998e-18,-0.05,-0.21,5.144176945e-06,-0.04998947123,-0.2099728486,2.957224014e-05
6.642,3.061616998e-18,-0.05,-0.21,5.144176942e-06,-0.04998947123,-0.2099728486,2.957224014e-05
6.643,3.061616998e-18,-0.05,-0.21,5.14417694e-06,-0.04998947123,-0.2099728486,2.957224015e-05
6.644,3.061616998e-18,-0.05,-0.21,5.144176937e-06,-0.04998947123,-0.2099728486,2.957224015e-05
6.645,3.061616998e-18,-0.05,-0.21,5.144176935e-06,-0.04998947123,-0.2099728486,2.957224015e-05
6.646,3.061616998e-18,-0.05,-0.21,5.144176932e-06,-0.04998947123,-0.2099728486,2.957224015e-05
6.647,3.061616998e-18,-0.05,-0.21,5.14417693e-06,-0.04998947123,-0.2099728486,2.957224015e-05
6.648,3.061616998e-18,-0.05,-0.21,5.144176927e-06,-0.04998947123,-0.2099728486,2.957224015e-05
6.649,3.061616998e-18,-0.05,-0.21,5.144176925e-06,-0.04998947123,-0.2099728486,2.957224015e-05
6.65,3.061616998e-18,-0.05,-0.21,5.144176922e-06,-0.04998947123,-0.2099728486,2.957224015e-05
6.651,3.061616998e-18,-0.05,-0.21,5.144176919e-06,-0.04998947123,-0.2099728486,2.957224015e-05
6.652,3.061616998e-18,-0.05,-0.21,5.144176917e-06,-0.04998947123,-0.2099728486,2.957224015e-05
6.653,3.061616998e-18,-0.05,-0.21,5.144176914e-06,-0.04998947123,-0.2099728486,2.957224015e-05
6.654,3.061616998e-18,-0.05,-0.21,5.144176912e-06,-0.04998947123,-0.2099728486,2.957224015e-05
6.655,3.061616998e-18,-0.05,-0.21,5.144176909e-06,-0.04998947123,-0.2099728486,2.957224015e-05
6.656,3.061616998e-18,-0.05,-0.21,5.144176907e-06,-0.04998947123,-0.2099728486,2.957224015e-05
6.657,3.061616998e-18,-0.05,-0.21,5.144176904e-06,-0.04998947123,-0.2099728486,2.957224015e-05
6.658,3.061616998e-18,-0.05,-0.21,5.144176902e-06,-0.04998947123,-0.2099728486,2.957224015e-05
6.659,3.061616998e-18,-0.05,-0.21,5.144176899e-06,-0.04998947123,-0.2099728486,2.957224015e-05
6.66,3.061616998e-18,-0.05,-0.21,5.144176897e-06,-0.04998947123,-0.2099728486,2.957224015e-05
6.661,3.061616998e-18,-0.05,-0.21,5.144176894e-06,-0.04998947123,-0.2099728486,2.957224016e-05
6.662,3.061616998e-18,-0.05,-0.21,5.144176892e-06,-0.04998947123,-0.2099728486,2.957224016e-05
6.663,3.061616998e-18,-0.05,-0.21,5.144176889e-06,-0.04998947123,-0.2099728486,2.957224016e-05
6.664,3.061616998e-18,-0.05,-0.21,5.144176887e-06,-0.04998947123,-0.2099728486,2.957224016e-05
6.665,3.061616998e-18,-0.05,-0.21,5.144176884e-06,-0.04998947123,-0.2099728486,2.957224016e-05
6.666,3.061616998e-18,-0.05,-0.21,5.144176881e-06,-0.04998947123,-0.2099728486,2.957224016e-05
6.667,3.061616998e-18,-0.05,-0.21,5.144176879e-06,-0.04998947123,-0.2099728486,2.957224016e-05
6.668,3.061616998e-18,-0.05,-0.21,5.144176876e-06,-0.04998947123,-0.2099728486,2.957224016e-05
6.669,3.061616998e-18,-0.05,-0.21,5.144176874e-06,-0.04998947123,-0.2099728486,2.957224016e-05
6.67,3.061616998e-18,-0.05,-0.21,5.144176871e-06,-0.04998947123,-0.2099728486,2.957224016e-05
6.671,3.061616998e-18,-0.05,-0.21,5.144176869e-06,-0.04998947123,-0.2099728486,2.957224016e-05
6.672,3.061616998e-18,-0.05,-0.21,5.144176866e-06,-0.04998947123,-0.2099728486,2.957224016e-05
6.673,3.061616998e-18,-0.05,-0.21,5.144176864e-06,-0.04998947123,-0.2099728486,2.957224016e-05
6.674,3.061616998e-18,-0.05,-0.21,5.144176861e-06,-0.04998947123,-0.2099728486,2.957224016e-05
6.675,3.061616998e-18,-0.05,-0.21,5.144176859e-06,-0.04998947123,-0.2099728486,2.957224016e-05
6.676,3.061616998e-18,-0.05,-0.21,5.144176856e-06,-0.04998947123,-0.2099728486,2.957224016e-05
6.677,3.061616998e-18,-0.05,-0.21,5.144176853e-06,-0.04998947123,-0.2099728486,2.957224016e-05
6.678,3.061616998e-18,-0.05,-0.21,5.144176851e-06,-0.04998947123,-0.2099728486,2.957224016e-05
6.679,3.061616998e-18,-0.05,-0.21,5.144176848e-06,-0.04998947123,-0.2099728486,2.957224016e-05
6.68,3.061616998e-18,-0.05,-0.21,5.144176846e-06,-0.04998947123,-0.2099728486,2.957224017e-05
6.681,3.061616998e-18,-0.05,-0.21,5.144176843e-06,-0.04998947123,-0.2099728486,2.957224017e-05
6.682,3.061616998e-18,-0.05,-0.21,5.144176841e-06,-0.04998947123,-0.2099728486,2.957224017e-05
6.683,3.061616998e-18,-0.05,-0.21,5.144176838e-06,-0.04998947123,-0.2099728486,2.957224017e-05
6.684,3.061616998e-18,-0.05,-0.21,5.144176836e-06,-0.04998947123,-0.2099728486,2.957224017e-05
6.685,3.061616998e-18,-0.05,-0.21,5.144176833e-06,-0.04998947123,-0.2099728486,2.957224017e-05
6.686,3.061616998e-18,-0.05,-0.21,5.144176831e-06,-0.04998947123,-0.2099728486,2.957224017e-05
6.687,3.061616998e-18,-0.05,-0.21,5.144176828e-06,-0.04998947123,-0.2099728486,2.957224017e-05
6.688,3.061616998e-18,-0.05,-0.21,5.144176825e-06,-0.04998947123,-0.2099728486,2.957224017e-05
6.689,3.061616998e-18,-0.05,-0.21,5.144176823e-06,-0.04998947123,-0.2099728486,2.957224017e-05
6.69,3.061616998e-18,-0.05,-0.21,5.14417682e-06,-0.04998947123,-0.2099728486,2.957224017e-05
6.691,3.061616998e-18,-0.05,-0.21,5.144176818e-06,-0.04998947123,-0.2099728486,2.957224017e-05
6.692,3.061616998e-18,-0.05,-0.21,5.144176815e-06,-0.04998947123,-0.2099728486,2.957224017e-05
6.693,3.061616998e-18,-0.05,-0.21,5.144176813e-06,-0.04998947123,-0.2099728486,2.957224017e-05
6.694,3.061616998e-18,-0.05,-0.21,5.14417681e-06,-0.04998947123,-0.2099728486,2.957224017e-05
6.695,3.061616998e-18,-0.05,-0.21,5.144176808e-06,-0.04998947123,-0.2099728486,2.957224017e-05
6.696,3.061616998e-18,-0.05,-0.21,5.144176805e-06,-0.04998947123,-0.2099728486,2.957224017e-05
6.697,3.061616998e-18,-0.05,-0.21,5.144176803e-06,-0.04998947123,-0.2099728486,2.957224018e-05
6.698,3.061616998e-18,-0.05,-0.21,5.1441768e-06,-0.04998947123,-0.2099728486,2.957224018e-05
6.699,3.061616998e-18,-0.05,-0.21,5.144176798e-06,-0.04998947123,-0.2099728486,2.957224018e-05
6.7,3.061616998e-18,-0.05,-0.21,5.144176795e-06,-0.04998947123,-0.2099728486,2.957224018e-05
6.701,3.061616998e-18,-0.05,-0.21,5.144176793e-06,-0.04998947123,-0.2099728486,2.957224018e-05
6.702,3.061616998e-18,-0.05,-0.21,5.14417679e-06,-0.04998947123,-0.2099728486,2.957224018e-05
6.703,3.061616998e-18,-0.05,-0.21,5.144176788e-06,-0.04998947123,-0.2099728486,2.957224018e-05
6.704,3.061616998e-18,-0.05,-0.21,5.144176785e-06,-0.04998947123,-0.2099728486,2.957224018e-05
6.705,3.061616998e-18,-0.05,-0.21,5.144176783e-06,-0.04998947123,-0.2099728486,2.957224018e-05
6.706,3.061616998e-18,-0.05,-0.21,5.14417678e-06,-0.04998947123,-0.2099728486,2.957224018e-05
6.707,3.061616998e-18,-0.05,-0.21,5.144176778e-06,-0.04998947123,-0.2099728486,2.957224018e-05
6.708,3.061616998e-18,-0.05,-0.21,5.144176775e-06,-0.04998947123,-0.2099728486,2.957224018e-05
6.709,3.061616998e-18,-0.05,-0.21,5.144176773e-06,-0.04998947123,-0.2099728486,2.957224018e-05
6.71,3.061616998e-18,-0.05,-0.21,5.14417677e-06,-0.04998947123,-0.2099728486,2.957224018e-05
6.711,3.061616998e-18,-0.05,-0.21,5.144176768e-06,-0.04998947123,-0.2099728486,2.957224018e-05
6.712,3.061616998e-18,-0.05,-0.21,5.144176765e-06,-0.04998947123,-0.2099728486,2.957224018e-05
6.713,3.061616998e-18,-0.05,-0.21,5.144176763e-06,-0.04998947123,-0.2099728486,2.957224018e-05
6.714,3.061616998e-18,-0.05,-0.21,5.14417676e-06,-0.04998947123,-0.2099728486,2.957224018e-05
6.715,3.061616998e-18,-0.05,-0.21,5.144176758e-06,-0.04998947123,-0.2099728486,2.957224018e-05
6.716,3.061616998e-18,-0.05,-0.21,5.144176755e-06,-0.04998947123,-0.2099728486,2.957224019e-05
6.717,3.061616998e-18,-0.05,-0.21,5.144176753e-06,-0.04998947123,-0.2099728486,2.957224019e-05
6.718,3.061616998e-18,-0.05,-0.21,5.14417675e-06,-0.04998947123,-0.2099728486,2.957224019e-05
6.719,3.061616998e-18,-0.05,-0.21,5.144176748e-06,-0.04998947123,-0.2099728486,2.957224019e-05
6.72,3.061616998e-18,-0.05,-0.21,5.144176745e-06,-0.04998947123,-0.2099728486,2.957224019e-05
6.721,3.061616998e-18,-0.05,-0.21,5.144176743e-06,-0.04998947123,-0.2099728486,2.957224019e-05
6.722,3.061616998e-18,-0.05,-0.21,5.14417674e-06,-0.04998947123,-0.2099728486,2.957224019e-05
6.723,3.061616998e-18,-0.05,-0.21,5.144176738e-06,-0.04998947123,-0.2099728486,2.957224019e-05
6.724,3.061616998e-18,-0.05,-0.21,5.144176735e-06,-0.04998947123,-0.2099728486,2.957224019e-05
6.725,3.061616998e-18,-0.05,-0.21,5.144176732e-06,-0.04998947123,-0.2099728486,2.957224019e-05
6.726,3.061616998e-18,-0.05,-0.21,5.14417673e-06,-0.04998947123,-0.2099728486,2.957224019e-05
6.727,3.061616998e-18,-0.05,-0.21,5.144176728e-06,-0.04998947123,-0.2099728486,2.957224019e-05
6.728,3.061616998e-18,-0.05,-0.21,5.144176725e-06,-0.04998947123,-0.2099728486,2.957224019e-05
6.729,3.061616998e-18,-0.05,-0.21,5.144176723e-06,-0.04998947123,-0.2099728486,2.957224019e-05
6.73,3.061616998e-18,-0.05,-0.21,5.14417672e-06,-0.04998947123,-0.2099728486,2.957224019e-05
6.731,3.061616998e-18,-0.05,-0.21,5.144176718e-06,-0.04998947123,-0.2099728486,2.957224019e-05
6.732,3.061616998e-18,-0.05,-0.21,5.144176715e-06,-0.04998947123,-0.2099728486,2.957224019e-05
6.733,3.061616998e-18,-0.05,-0.21,5.144176712e-06,-0.04998947123,-0.2099728486,2.957224019e-05
6.734,3.061616998e-18,-0.05,-0.21,5.14417671e-06,-0.04998947123,-0.2099728486,2.95722402e-05
6.735,3.061616998e-18,-0.05,-0.21,5.144176707e-06,-0.04998947123,-0.2099728486,2.95722402e-05
6.736,3.061616998e-18,-0.05,-0.21,5.144176705e-06,-0.04998947123,-0.2099728486,2.95722402e-05
6.737,3.061616998e-18,-0.05,-0.21,5.144176702e-06,-0.04998947123,-0.2099728486,2.95722402e-05
6.738,3.061616998e-18,-0.05,-0.21,5.144176699e-06,-0.04998947123,-0.2099728486,2.95722402e-05
6.739,3.061616998e-18,-0.05,-0.21,5.144176697e-06,-0.04998947123,-0.2099728486,2.95722402e-05
6.74,3.061616998e-18,-0.05,-0.21,5.144176694e-06,-0.04998947123,-0.2099728486,2.95722402e-05
6.741,3.061616998e-18,-0.05,-0.21,5.144176692e-06,-0.04998947123,-0.2099728486,2.95722402e-05
6.742,3.061616998e-18,-0.05,-0.21,5.144176689e-06,-0.04998947123,-0.2099728486,2.95722402e-05
6.743,3.061616998e-18,-0.05,-0.21,5.144176687e-06,-0.04998947123,-0.2099728486,2.95722402e-05
6.744,3.061616998e-18,-0.05,-0.21,5.144176684e-06,-0.04998947123,-0.2099728486,2.95722402e-05
6.745,3.061616998e-18,-0.05,-0.21,5.144176682e-06,-0.04998947123,-0.2099728486,2.95722402e-05
6.746,3.061616998e-18,-0.05,-0.21,5.144176679e-06,-0.04998947123,-0.2099728486,2.95722402e-05
6.747,3.061616998e-18,-0.05,-0.21,5.144176677e-06,-0.04998947123,-0.2099728486,2.95722402e-05
6.748,3.061616998e-18,-0.05,-0.21,5.144176674e-06,-0.04998947123,-0.2099728486,2.95722402e-05
6.749,3.061616998e-18,-0.05,-0.21,5.144176672e-06,-0.04998947123,-0.2099728486,2.95722402e-05
6.75,3.061616998e-18,-0.05,-0.21,5.144176669e-06,-0.04998947123,-0.2099728486,2.95722402e-05
6.751,3.061616998e-18,-0.05,-0.21,5.144176667e-06,-0.04998947123,-0.2099728486,2.95722402e-05
6.752,3.061616998e-18,-0.05,-0.21,5.144176664e-06,-0.04998947123,-0.2099728486,2.957224021e-05
6.753,3.061616998e-18,-0.05,-0.21,5.144176662e-06,-0.04998947123,-0.2099728486,2.957224021e-05
6.754,3.061616998e-18,-0.05,-0.21,5.144176659e-06,-0.04998947123,-0.2099728486,2.957224021e-05
6.755,3.061616998e-18,-0.05,-0.21,5.144176657e-06,-0.04998947123,-0.2099728486,2.957224021e-05
6.756,3.061616998e-18,-0.05,-0.21,5.144176654e-06,-0.04998947123,-0.2099728486,2.957224021e-05
6.757,3.061616998e-18,-0.05,-0.21,5.144176652e-06,-0.04998947123,-0.2099728486,2.957224021e-05
6.758,3.061616998e-18,-0.05,-0.21,5.144176649e-06,-0.04998947123,-0.2099728486,2.957224021e-05
6.759,3.061616998e-18,-0.05,-0.21,5.144176647e-06,-0.04998947123,-0.2099728486,2.957224021e-05
6.76,3.061616998e-18,-0.05,-0.21,5.144176644e-06,-0.04998947123,-0.2099728486,2.957224021e-05
6.761,3.061616998e-18,-0.05,-0.21,5.144176642e-06,-0.04998947123,-0.2099728486,2.957224021e-05
6.762,3.061616998e-18,-0.05,-0.21,5.144176639e-06,-0.04998947123,-0.2099728486,2.957224021e-05
6.763,3.061616998e-18,-0.05,-0.21,5.144176637e-06,-0.04998947123,-0.2099728486,2.957224021e-05
6.764,3.061616998e-18,-0.05,-0.21,5.144176634e-06,-0.04998947123,-0.2099728486,2.957224021e-05
6.765,3.061616998e-18,-0.05,-0.21,5.144176632e-06,-0.04998947123,-0.2099728486,2.957224021e-05
6.766,3.061616998e-18,-0.05,-0.21,5.144176629e-06,-0.04998947123,-0.2099728486,2.957224021e-05
6.767,3.061616998e-18,-0.05,-0.21,5.144176627e-06,-0.04998947123,-0.2099728486,2.957224021e-05
6.768,3.061616998e-18,-0.05,-0.21,5.144176624e-06,-0.04998947123,-0.2099728486,2.957224021e-05
6.769,3.061616998e-18,-0.05,-0.21,5.144176622e-06,-0.04998947123,-0.2099728486,2.957224021e-05
6.77,3.061616998e-18,-0.05,-0.21,5.144176619e-06,-0.04998947123,-0.2099728486,2.957224021e-05
6.771,3.061616998e-18,-0.05,-0.21,5.144176617e-06,-0.04998947123,-0.2099728486,2.957224022e-05
6.772,3.061616998e-18,-0.05,-0.21,5.144176614e-06,-0.04998947123,-0.2099728486,2.957224022e-05
6.773,3.061616998e-18,-0.05,-0.21,5.144176612e-06,-0.04998947123,-0.2099728486,2.957224022e-05
6.774,3.061616998e-18,-0.05,-0.21,5.144176609e-06,-0.04998947123,-0.2099728486,2.957224022e-05
6.775,3.061616998e-18,-0.05,-0.21,5.144176606e-06,-0.04998947123,-0.2099728486,2.957224022e-05
6.776,3.061616998e-18,-0.05,-0.21,5.144176604e-06,-0.04998947123,-0.2099728486,2.957224022e-05
6.777,3.061616998e-18,-0.05,-0.21,5.144176601e-06,-0.04998947123,-0.2099728486,2.957224022e-05
6.778,3.061616998e-18,-0.05,-0.21,5.144176599e-06,-0.04998947123,-0.2099728486,2.957224022e-05
6.779,3.061616998e-18,-0.05,-0.21,5.144176596e-06,-0.04998947123,-0.2099728486,2.957224022e-05
6.78,3.061616998e-18,-0.05,-0.21,5.144176594e-06,-0.04998947123,-0.2099728486,2.957224022e-05
6.781,3.061616998e-18,-0.05,-0.21,5.144176591e-06,-0.04998947123,-0.2099728486,2.957224022e-05
6.782,3.061616998e-18,-0.05,-0.21,5.144176589e-06,-0.04998947123,-0.2099728486,2.957224022e-05
6.783,3.061616998e-18,-0.05,-0.21,5.144176586e-06,-0.04998947123,-0.2099728486,2.957224022e-05
6.784,3.061616998e-18,-0.05,-0.21,5.144176584e-06,-0.04998947123,-0.2099728486,2.957224022e-05
6.785,3.061616998e-18,-0.05,-0.21,5.144176581e-06,-0.04998947123,-0.2099728486,2.957224022e-05
6.786,3.061616998e-18,-0.05,-0.21,5.144176579e-06,-0.04998947123,-0.2099728486,2.957224022e-05
6.787,3.061616998e-18,-0.05,-0.21,5.144176576e-06,-0.04998947123,-0.2099728486,2.957224022e-05
6.788,3.061616998e-18,-0.05,-0.21,5.144176573e-06,-0.04998947123,-0.2099728486,2.957224022e-05
6.789,3.061616998e-18,-0.05,-0.21,5.144176571e-06,-0.04998947123,-0.2099728486,2.957224023e-05
6.79,3.061616998e-18,-0.05,-0.21,5.144176568e-06,-0.04998947123,-0.2099728486,2.957224023e-05
6.791,3.061616998e-18,-0.05,-0.21,5.144176566e-06,-0.04998947123,-0.2099728486,2.957224023e-05
6.792,3.061616998e-18,-0.05,-0.21,5.144176563e-06,-0.04998947123,-0.2099728486,2.957224023e-05
6.793,3.061616998e-18,-0.05,-0.21,5.144176561e-06,-0.04998947123,-0.2099728486,2.957224023e-05
6.794,3.061616998e-18,-0.05,-0.21,5.144176558e-06,-0.04998947123,-0.2099728486,2.957224023e-05
6.795,3.061616998e-18,-0.05,-0.21,5.144176556e-06,-0.04998947123,-0.2099728486,2.957224023e-05
6.796,3.061616998e-18,-0.05,-0.21,5.144176553e-06,-0.04998947123,-0.2099728486,2.957224023e-05
6.797,3.061616998e-18,-0.05,-0.21,5.144176551e-06,-0.04998947123,-0.2099728486,2.957224023e-05
6.798,3.061616998e-18,-0.05,-0.21,5.144176548e-06,-0.04998947123,-0.2099728486,2.957224023e-05
6.799,3.061616998e-18,-0.05,-0.21,5.144176546e-06,-0.04998947123,-0.2099728486,2.957224023e-05
6.8,3.061616998e-18,-0.05,-0.21,5.144176543e-06,-0.04998947123,-0.2099728486,2.957224023e-05
6.801,3.061616998e-18,-0.05,-0.21,5.14417654e-06,-0.04998947123,-0.2099728486,2.957224023e-05
6.802,3.061616998e-18,-0.05,-0.21,5.144176538e-06,-0.04998947123,-0.2099728486,2.957224023e-05
6.803,3.061616998e-18,-0.05,-0.21,5.144176535e-06,-0.04998947123,-0.2099728486,2.957224023e-05
6.804,3.061616998e-18,-0.05,-0.21,5.144176533e-06,-0.04998947123,-0.2099728486,2.957224023e-05
6.805,3.061616998e-18,-0.05,-0.21,5.14417653e-06,-0.04998947123,-0.2099728486,2.957224023e-05
6.806,3.061616998e-18,-0.05,-0.21,5.144176528e-06,-0.04998947123,-0.2099728486,2.957224023e-05
6.807,3.061616998e-18,-0.05,-0.21,5.144176525e-06,-0.04998947123,-0.2099728486,2.957224024e-05
6.808,3.061616998e-18,-0.05,-0.21,5.144176523e-06,-0.04998947123,-0.2099728486,2.957224024e-05
6.809,3.061616998e-18,-0.05,-0.21,5.14417652e-06,-0.04998947123,-0.2099728486,2.957224024e-05
6.81,3.061616998e-18,-0.05,-0.21,5.144176518e-06,-0.04998947123,-0.2099728486,2.957224024e-05
6.811,3.061616998e-18,-0.05,-0.21,5.144176515e-06,-0.04998947123,-0.2099728486,2.957224024e-05
6.812,3.061616998e-18,-0.05,-0.21,5.144176513e-06,-0.04998947123,-0.2099728486,2.957224024e-05
6.813,3.061616998e-18,-0.05,-0.21,5.144176511e-06,-0.04998947123,-0.2099728486,2.957224024e-05
6.814,3.061616998e-18,-0.05,-0.21,5.144176508e-06,-0.04998947123,-0.2099728486,2.957224024e-05
6.815,3.061616998e-18,-0.05,-0.21,5.144176505e-06,-0.04998947123,-0.2099728486,2.957224024e-05
6.816,3.061616998e-18,-0.05,-0.21,5.144176503e-06,-0.04998947123,-0.2099728486,2.957224024e-05
6.817,3.061616998e-18,-0.05,-0.21,5.1441765e-06,-0.04998947123,-0.2099728486,2.957224024e-05
6.818,3.061616998e-18,-0.05,-0.21,5.144176498e-06,-0.04998947123,-0.2099728486,2.957224024e-05
6.819,3.061616998e-18,-0.05,-0.21,5.144176495e-06,-0.04998947123,-0.2099728486,2.957224024e-05
6.82,3.061616998e-18,-0.05,-0.21,5.144176493e-06,-0.04998947123,-0.2099728486,2.957224024e-05
6.821,3.061616998e-18,-0.05,-0.21,5.14417649e-06,-0.04998947123,-0.2099728486,2.957224024e-05
6.822,3.061616998e-18,-0.05,-0.21,5.144176488e-06,-0.04998947123,-0.2099728486,2.957224024e-05
6.823,3.061616998e-18,-0.05,-0.21,5.144176485e-06,-0.04998947123,-0.2099728486,2.957224024e-05
6.824,3.061616998e-18,-0.05,-0.21,5.144176483e-06,-0.04998947123,-0.2099728486,2.957224024e-05
6.825,3.061616998e-18,-0.05,-0.21,5.14417648e-06,-0.04998947123,-0.2099728486,2.957224024e-05
6.826,3.061616998e-18,-0.05,-0.21,5.144176478e-06,-0.04998947123,-0.2099728486,2.957224025e-05
6.827,3.061616998e-18,-0.05,-0.21,5.144176475e-06,-0.04998947123,-0.2099728486,2.957224025e-05
6.828,3.061616998e-18,-0.05,-0.21,5.144176472e-06,-0.04998947123,-0.2099728486,2.957224025e-05
6.829,3.061616998e-18,-0.05,-0.21,5.14417647e-06,-0.04998947123,-0.2099728486,2.957224025e-05
6.83,3.061616998e-18,-0.05,-0.21,5.144176467e-06,-0.04998947123,-0.2099728486,2.957224025e-05
6.831,3.061616998e-18,-0.05,-0.21,5.144176465e-06,-0.04998947123,-0.2099728486,2.957224025e-05
6.832,3.061616998e-18,-0.05,-0.21,5.144176462e-06,-0.04998947123,-0.2099728486,2.957224025e-05
6.833,3.061616998e-18,-0.05,-0.21,5.14417646e-06,-0.04998947123,-0.2099728486,2.957224025e-05
6.834,3.061616998e-18,-0.05,-0.21,5.144176457e-06,-0.04998947123,-0.2099728486,2.957224025e-05
6.835,3.061616998e-18,-0.05,-0.21,5.144176455e-06,-0.04998947123,-0.2099728486,2.957224025e-05
6.836,3.061616998e-18,-0.05,-0.21,5.144176452e-06,-0.04998947123,-0.2099728486,2.957224025e-05
6.837,3.061616998e-18,-0.05,-0.21,5.144176449e-06,-0.04998947123,-0.2099728486,2.957224025e-05
6.838,3.061616998e-18,-0.05,-0.21,5.144176447e-06,-0.04998947123,-0.2099728486,2.957224025e-05
6.839,3.061616998e-18,-0.05,-0.21,5.144176444e-06,-0.04998947123,-0.2099728486,2.957224025e-05
6.84,3.061616998e-18,-0.05,-0.21,5.144176442e-06,-0.04998947123,-0.2099728486,2.957224025e-05
6.841,3.061616998e-18,-0.05,-0.21,5.144176439e-06,-0.04998947123,-0.2099728486,2.957224025e-05
6.842,3.061616998e-18,-0.05,-0.21,5.144176437e-06,-0.04998947123,-0.2099728486,2.957224025e-05
6.843,3.061616998e-18,-0.05,-0.21,5.144176434e-06,-0.04998947123,-0.2099728486,2.957224025e-05
6.844,3.061616998e-18,-0.05,-0.21,5.144176432e-06,-0.04998947123,-0.2099728486,2.957224026e-05
6.845,3.061616998e-18,-0.05,-0.21,5.144176429e-06,-0.04998947123,-0.2099728486,2.957224026e-05
6.846,3.061616998e-18,-0.05,-0.21,5.144176427e-06,-0.04998947123,-0.2099728486,2.957224026e-05
6.847,3.061616998e-18,-0.05,-0.21,5.144176424e-06,-0.04998947123,-0.2099728486,2.957224026e-05
6.848,3.061616998e-18,-0.05,-0.21,5.144176422e-06,-0.04998947123,-0.2099728486,2.957224026e-05
6.849,3.061616998e-18,-0.05,-0.21,5.144176419e-06,-0.04998947123,-0.2099728486,2.957224026e-05
6.85,3.061616998e-18,-0.05,-0.21,5.144176417e-06,-0.04998947123,-0.2099728486,2.957224026e-05
6.851,3.061616998e-18,-0.05,-0.21,5.144176414e-06,-0.04998947123,-0.2099728486,2.957224026e-05
6.852,3.061616998e-18,-0.05,-0.21,5.144176412e-06,-0.04998947123,-0.2099728486,2.957224026e-05
6.853,3.061616998e-18,-0.05,-0.21,5.144176409e-06,-0.04998947123,-0.2099728486,2.957224026e-05
6.854,3.061616998e-18,-0.05,-0.21,5.144176407e-06,-0.04998947123,-0.2099728486,2.957224026e-05
6.855,3.061616998e-18,-0.05,-0.21,5.144176404e-06,-0.04998947123,-0.2099728486,2.957224026e-05
6.856,3.061616998e-18,-0.05,-0.21,5.144176402e-06,-0.04998947123,-0.2099728486,2.957224026e-05
6.857,3.061616998e-18,-0.05,-0.21,5.144176399e-06,-0.04998947123,-0.2099728486,2.957224026e-05
6.858,3.061616998e-18,-0.05,-0.21,5.144176396e-06,-0.04998947123,-0.2099728486,2.957224026e-05
6.859,3.061616998e-18,-0.05,-0.21,5.144176394e-06,-0.04998947123,-0.2099728486,2.957224026e-05
6.86,3.061616998e-18,-0.05,-0.21,5.144176391e-06,-0.04998947123,-0.2099728486,2.957224026e-05
6.861,3.061616998e-18,-0.05,-0.21,5.144176389e-06,-0.04998947123,-0.2099728486,2.957224026e-05
6.862,3.061616998e-18,-0.05,-0.21,5.144176386e-06,-0.04998947123,-0.2099728486,2.957224027e-05
6.863,3.061616998e-18,-0.05,-0.21,5.144176384e-06,-0.04998947123,-0.2099728486,2.957224027e-05
6.864,3.061616998e-18,-0.05,-0.21,5.144176382e-06,-0.04998947123,-0.2099728486,2.957224027e-05
6.865,3.061616998e-18,-0.05,-0.21,5.144176379e-06,-0.04998947123,-0.2099728486,2.957224027e-05
6.866,3.061616998e-18,-0.05,-0.21,5.144176377e-06,-0.04998947123,-0.2099728486,2.957224027e-05
6.867,3.061616998e-18,-0.05,-0.21,5.144176374e-06,-0.04998947123,-0.2099728486,2.957224027e-05
6.868,3.061616998e-18,-0.05,-0.21,5.144176371e-06,-0.04998947123,-0.2099728486,2.957224027e-05
6.869,3.061616998e-18,-0.05,-0.21,5.144176369e-06,-0.04998947123,-0.2099728486,2.957224027e-05
6.87,3.061616998e-18,-0.05,-0.21,5.144176366e-06,-0.04998947123,-0.2099728486,2.957224027e-05
6.871,3.061616998e-18,-0.05,-0.21,5.144176364e-06,-0.04998947123,-0.2099728486,2.957224027e-05
6.872,3.061616998e-18,-0.05,-0.21,5.144176362e-06,-0.04998947123,-0.2099728486,2.957224027e-05
6.873,3.061616998e-18,-0.05,-0.21,5.144176359e-06,-0.04998947123,-0.2099728486,2.957224027e-05
6.874,3.061616998e-18,-0.05,-0.21,5.144176357e-06,-0.04998947123,-0.2099728486,2.957224027e-05
6.875,3.061616998e-18,-0.05,-0.21,5.144176354e-06,-0.04998947123,-0.2099728486,2.957224027e-05
6.876,3.061616998e-18,-0.05,-0.21,5.144176352e-06,-0.04998947123,-0.2099728486,2.957224027e-05
6.877,3.061616998e-18,-0.05,-0.21,5.144176349e-06,-0.04998947123,-0.2099728486,2.957224027e-05
6.878,3.061616998e-18,-0.05,-0.21,5.144176346e-06,-0.04998947123,-0.2099728486,2.957224027e-05
6.879,3.061616998e-18,-0.05,-0.21,5.144176344e-06,-0.04998947123,-0.2099728486,2.957224027e-05
6.88,3.061616998e-18,-0.05,-0.21,5.144176341e-06,-0.04998947123,-0.2099728486,2.957224027e-05
6.881,3.061616998e-18,-0.05,-0.21,5.144176339e-06,-0.04998947123,-0.2099728486,2.957224028e-05
6.882,3.061616998e-18,-0.05,-0.21,5.144176336e-06,-0.04998947123,-0.2099728486,2.957224028e-05
6.883,3.061616998e-18,-0.05,-0.21,5.144176333e-06,-0.04998947123,-0.2099728486,2.957224028e-05
6.884,3.061616998e-18,-0.05,-0.21,5.144176331e-06,-0.04998947123,-0.2099728486,2.957224028e-05
6.885,3.061616998e-18,-0.05,-0.21,5.144176329e-06,-0.04998947123,-0.2099728486,2.957224028e-05
6.886,3.061616998e-18,-0.05,-0.21,5.144176326e-06,-0.04998947123,-0.2099728486,2.957224028e-05
6.887,3.061616998e-18,-0.05,-0.21,5.144176324e-06,-0.04998947123,-0.2099728486,2.957224028e-05
6.888,3.061616998e-18,-0.05,-0.21,5.144176321e-06,-0.04998947123,-0.2099728486,2.957224028e-05
6.889,3.061616998e-18,-0.05,-0.21,5.144176319e-06,-0.04998947123,-0.2099728486,2.957224028e-05
6.89,3.061616998e-18,-0.05,-0.21,5.144176316e-06,-0.04998947123,-0.2099728486,2.957224028e-05
6.891,3.061616998e-18,-0.05,-0.21,5.144176314e-06,-0.04998947123,-0.2099728486,2.957224028e-05
6.892,3.061616998e-18,-0.05,-0.21,5.144176311e-06,-0.04998947123,-0.2099728486,2.957224028e-05
6.893,3.061616998e-18,-0.05,-0.21,5.144176309e-06,-0.04998947123,-0.2099728486,2.957224028e-05
6.894,3.061616998e-18,-0.05,-0.21,5.144176306e-06,-0.04998947123,-0.2099728486,2.957224028e-05
6.895,3.061616998e-18,-0.05,-0.21,5.144176304e-06,-0.04998947123,-0.2099728486,2.957224028e-05
6.896,3.061616998e-18,-0.05,-0.21,5.144176301e-06,-0.04998947123,-0.2099728486,2.957224028e-05
6.897,3.061616998e-18,-0.05,-0.21,5.144176299e-06,-0.04998947123,-0.2099728486,2.957224028e-05
6.898,3.061616998e-18,-0.05,-0.21,5.144176296e-06,-0.04998947123,-0.2099728486,2.957224028e-05
6.899,3.061616998e-18,-0.05,-0.21,5.144176293e-06,-0.04998947123,-0.2099728486,2.957224028e-05
6.9,3.061616998e-18,-0.05,-0.21,5.144176291e-06,-0.04998947123,-0.2099728486,2.957224029e-05
6.901,3.061616998e-18,-0.05,-0.21,5.144176288e-06,-0.04998947123,-0.2099728486,2.957224029e-05
6.902,3.061616998e-18,-0.05,-0.21,5.144176286e-06,-0.04998947123,-0.2099728486,2.957224029e-05
6.903,3.061616998e-18,-0.05,-0.21,5.144176283e-06,-0.04998947123,-0.2099728486,2.957224029e-05
6.904,3.061616998e-18,-0.05,-0.21,5.144176281e-06,-0.04998947123,-0.2099728486,2.957224029e-05
6.905,3.061616998e-18,-0.05,-0.21,5.144176278e-06,-0.04998947123,-0.2099728486,2.957224029e-05
6.906,3.061616998e-18,-0.05,-0.21,5.144176276e-06,-0.04998947123,-0.2099728486,2.957224029e-05
6.907,3.061616998e-18,-0.05,-0.21,5.144176273e-06,-0.04998947123,-0.2099728486,2.957224029e-05
6.908,3.061616998e-18,-0.05,-0.21,5.144176271e-06,-0.04998947123,-0.2099728486,2.957224029e-05
6.909,3.061616998e-18,-0.05,-0.21,5.144176268e-06,-0.04998947123,-0.2099728486,2.957224029e-05
6.91,3.061616998e-18,-0.05,-0.21,5.144176266e-06,-0.04998947123,-0.2099728486,2.957224029e-05
6.911,3.061616998e-18,-0.05,-0.21,5.144176263e-06,-0.04998947123,-0.2099728486,2.957224029e-05
6.912,3.061616998e-18,-0.05,-0.21,5.14417626e-06,-0.04998947123,-0.2099728486,2.957224029e-05
6.913,3.061616998e-18,-0.05,-0.21,5.144176258e-06,-0.04998947123,-0.2099728486,2.957224029e-05
6.914,3.061616998e-18,-0.05,-0.21,5.144176255e-06,-0.04998947123,-0.2099728486,2.957224029e-05
6.915,3.061616998e-18,-0.05,-0.21,5.144176253e-06,-0.04998947123,-0.2099728486,2.957224029e-05
6.916,3.061616998e-18,-0.05,-0.21,5.14417625e-06,-0.04998947123,-0.2099728486,2.957224029e-05
6.917,3.061616998e-18,-0.05,-0.21,5.144176248e-06,-0.04998947123,-0.2099728486,2.95722403e-05
6.918,3.061616998e-18,-0.05,-0.21,5.144176245e-06,-0.04998947123,-0.2099728486,2.95722403e-05
6.919,3.061616998e-18,-0.05,-0.21,5.144176243e-06,-0.04998947123,-0.2099728486,2.95722403e-05
6.92,3.061616998e-18,-0.05,-0.21,5.14417624e-06,-0.04998947123,-0.2099728486,2.95722403e-05
6.921,3.061616998e-18,-0.05,-0.21,5.144176238e-06,-0.04998947123,-0.2099728486,2.95722403e-05
6.922,3.061616998e-18,-0.05,-0.21,5.144176235e-06,-0.04998947123,-0.2099728486,2.95722403e-05
6.923,3.061616998e-18,-0.05,-0.21,5.144176233e-06,-0.04998947123,-0.2099728486,2.95722403e-05
6.924,3.061616998e-18,-0.05,-0.21,5.14417623e-06,-0.04998947123,-0.2099728486,2.95722403e-05
6.925,3.061616998e-18,-0.05,-0.21,5.144176228e-06,-0.04998947123,-0.2099728486,2.95722403e-05
6.926,3.061616998e-18,-0.05,-0.21,5.144176225e-06,-0.04998947123,-0.2099728486,2.95722403e-05
6.927,3.061616998e-18,-0.05,-0.21,5.144176223e-06,-0.04998947123,-0.2099728486,2.95722403e-05
6.928,3.061616998e-18,-0.05,-0.21,5.14417622e-06,-0.04998947123,-0.2099728486,2.95722403e-05
6.929,3.061616998e-18,-0.05,-0.21,5.144176217e-06,-0.04998947123,-0.2099728486,2.95722403e-05
6.93,3.061616998e-18,-0.05,-0.21,5.144176215e-06,-0.04998947123,-0.2099728486,2.95722403e-05
6.931,3.061616998e-18,-0.05,-0.21,5.144176212e-06,-0.04998947123,-0.2099728486,2.95722403e-05
6.932,3.061616998e-18,-0.05,-0.21,5.14417621e-06,-0.04998947123,-0.2099728486,2.95722403e-05
6.933,3.061616998e-18,-0.05,-0.21,5.144176207e-06,-0.04998947123,-0.2099728486,2.95722403e-05
6.934,3.061616998e-18,-0.05,-0.21,5.144176205e-06,-0.04998947123,-0.2099728486,2.95722403e-05
6.935,3.061616998e-18,-0.05,-0.21,5.144176202e-06,-0.04998947123,-0.2099728486,2.95722403e-05
6.936,3.061616998e-18,-0.05,-0.21,5.144176199e-06,-0.04998947123,-0.2099728486,2.957224031e-05
6.937,3.061616998e-18,-0.05,-0.21,5.144176197e-06,-0.04998947123,-0.2099728486,2.957224031e-05
6.938,3.061616998e-18,-0.05,-0.21,5.144176194e-06,-0.04998947123,-0.2099728486,2.957224031e-05
6.939,3.061616998e-18,-0.05,-0.21,5.144176192e-06,-0.04998947123,-0.2099728486,2.957224031e-05
6.94,3.061616998e-18,-0.05,-0.21,5.144176189e-06,-0.04998947123,-0.2099728486,2.957224031e-05
6.941,3.061616998e-18,-0.05,-0.21,5.144176187e-06,-0.04998947123,-0.2099728486,2.957224031e-05
6.942,3.061616998e-18,-0.05,-0.21,5.144176184e-06,-0.04998947123,-0.2099728486,2.957224031e-05
6.943,3.061616998e-18,-0.05,-0.21,5.144176182e-06,-0.04998947123,-0.2099728486,2.957224031e-05
6.944,3.061616998e-18,-0.05,-0.21,5.144176179e-06,-0.04998947123,-0.2099728486,2.957224031e-05
6.945,3.061616998e-18,-0.05,-0.21,5.144176177e-06,-0.04998947123,-0.2099728486,2.957224031e-05
6.946,3.061616998e-18,-0.05,-0.21,5.144176174e-06,-0.04998947123,-0.2099728486,2.957224031e-05
6.947,3.061616998e-18,-0.05,-0.21,5.144176172e-06,-0.04998947123,-0.2099728486,2.957224031e-05
6.948,3.061616998e-18,-0.05,-0.21,5.14417617e-06,-0.04998947123,-0.2099728486,2.957224031e-05
6.949,3.061616998e-18,-0.05,-0.21,5.144176167e-06,-0.04998947123,-0.2099728486,2.957224031e-05
6.95,3.061616998e-18,-0.05,-0.21,5.144176164e-06,-0.04998947123,-0.2099728486,2.957224031e-05
6.951,3.061616998e-18,-0.05,-0.21,5.144176162e-06,-0.04998947123,-0.2099728486,2.957224031e-05
6.952,3.061616998e-18,-0.05,-0.21,5.144176159e-06,-0.04998947123,-0.2099728486,2.957224031e-05
6.953,3.061616998e-18,-0.05,-0.21,5.144176157e-06,-0.04998947123,-0.2099728486,2.957224031e-05
6.954,3.061616998e-18,-0.05,-0.21,5.144176154e-06,-0.04998947123,-0.2099728486,2.957224032e-05
6.955,3.061616998e-18,-0.05,-0.21,5.144176152e-06,-0.04998947123,-0.2099728486,2.957224032e-05
6.956,3.061616998e-18,-0.05,-0.21,5.144176149e-06,-0.04998947123,-0.2099728486,2.957224032e-05
6.957,3.061616998e-18,-0.05,-0.21,5.144176147e-06,-0.04998947123,-0.2099728486,2.957224032e-05
6.958,3.061616998e-18,-0.05,-0.21,5.144176144e-06,-0.04998947123,-0.2099728486,2.957224032e-05
6.959,3.061616998e-18,-0.05,-0.21,5.144176142e-06,-0.04998947123,-0.2099728486,2.957224032e-05
6.96,3.061616998e-18,-0.05,-0.21,5.144176139e-06,-0.04998947123,-0.2099728486,2.957224032e-05
6.961,3.061616998e-18,-0.05,-0.21,5.144176136e-06,-0.04998947123,-0.2099728486,2.957224032e-05
6.962,3.061616998e-18,-0.05,-0.21,5.144176134e-06,-0.04998947123,-0.2099728486,2.957224032e-05
6.963,3.061616998e-18,-0.05,-0.21,5.144176131e-06,-0.04998947123,-0.2099728486,2.957224032e-05
6.964,3.061616998e-18,-0.05,-0.21,5.144176129e-06,-0.04998947123,-0.2099728486,2.957224032e-05
6.965,3.061616998e-18,-0.05,-0.21,5.144176126e-06,-0.04998947123,-0.2099728486,2.957224032e-05
6.966,3.061616998e-18,-0.05,-0.21,5.144176124e-06,-0.04998947123,-0.2099728486,2.957224032e-05
6.967,3.061616998e-18,-0.05,-0.21,5.144176121e-06,-0.04998947123,-0.2099728486,2.957224032e-05
6.968,3.061616998e-18,-0.05,-0.21,5.144176119e-06,-0.04998947123,-0.2099728486,2.957224032e-05
6.969,3.061616998e-18,-0.05,-0.21,5.144176116e-06,-0.04998947123,-0.2099728486,2.957224032e-05
6.97,3.061616998e-18,-0.05,-0.21,5.144176114e-06,-0.04998947123,-0.2099728486,2.957224032e-05
6.971,3.061616998e-18,-0.05,-0.21,5.144176111e-06,-0.04998947123,-0.2099728486,2.957224032e-05
6.972,3.061616998e-18,-0.05,-0.21,5.144176108e-06,-0.04998947123,-0.2099728486,2.957224032e-05
6.973,3.061616998e-18,-0.05,-0.21,5.144176106e-06,-0.04998947123,-0.2099728486,2.957224033e-05
6.974,3.061616998e-18,-0.05,-0.21,5.144176103e-06,-0.04998947123,-0.2099728486,2.957224033e-05
6.975,3.061616998e-18,-0.05,-0.21,5.144176101e-06,-0.04998947123,-0.2099728486,2.957224033e-05
6.976,3.061616998e-18,-0.05,-0.21,5.144176099e-06,-0.04998947123,-0.2099728486,2.957224033e-05
6.977,3.061616998e-18,-0.05,-0.21,5.144176096e-06,-0.04998947123,-0.2099728486,2.957224033e-05
6.978,3.061616998e-18,-0.05,-0.21,5.144176094e-06,-0.04998947123,-0.2099728486,2.957224033e-05
6.979,3.061616998e-18,-0.05,-0.21,5.144176091e-06,-0.04998947123,-0.2099728486,2.957224033e-05
6.98,3.061616998e-18,-0.05,-0.21,5.144176089e-06,-0.04998947123,-0.2099728486,2.957224033e-05
6.981,3.061616998e-18,-0.05,-0.21,5.144176086e-06,-0.04998947123,-0.2099728486,2.957224033e-05
6.982,3.061616998e-18,-0.05,-0.21,5.144176083e-06,-0.04998947123,-0.2099728486,2.957224033e-05
6.983,3.061616998e-18,-0.05,-0.21,5.144176081e-06,-0.04998947123,-0.2099728486,2.957224033e-05
6.984,3.061616998e-18,-0.05,-0.21,5.144176078e-06,-0.04998947123,-0.2099728486,2.957224033e-05
6.985,3.061616998e-18,-0.05,-0.21,5.144176076e-06,-0.04998947123,-0.2099728486,2.957224033e-05
6.986,3.061616998e-18,-0.05,-0.21,5.144176073e-06,-0.04998947123,-0.2099728486,2.957224033e-05
6.987,3.061616998e-18,-0.05,-0.21,5.144176071e-06,-0.04998947123,-0.2099728486,2.957224033e-05
6.988,3.061616998e-18,-0.05,-0.21,5.144176069e-06,-0.04998947123,-0.2099728486,2.957224033e-05
6.989,3.061616998e-18,-0.05,-0.21,5.144176066e-06,-0.04998947123,-0.2099728486,2.957224033e-05
6.99,3.061616998e-18,-0.05,-0.21,5.144176064e-06,-0.04998947123,-0.2099728486,2.957224033e-05
6.991,3.061616998e-18,-0.05,-0.21,5.144176061e-06,-0.04998947123,-0.2099728486,2.957224034e-05
6.992,3.061616998e-18,-0.05,-0.21,5.144176058e-06,-0.04998947123,-0.2099728486,2.957224034e-05
6.993,3.061616998e-18,-0.05,-0.21,5.144176056e-06,-0.04998947123,-0.2099728486,2.957224034e-05
6.994,3.061616998e-18,-0.05,-0.21,5.144176053e-06,-0.04998947123,-0.2099728486,2.957224034e-05
6.995,3.061616998e-18,-0.05,-0.21,5.14417605e-06,-0.04998947123,-0.2099728486,2.957224034e-05
6.996,3.061616998e-18,-0.05,-0.21,5.144176048e-06,-0.04998947123,-0.2099728486,2.957224034e-05
6.997,3.061616998e-18,-0.05,-0.21,5.144176046e-06,-0.04998947123,-0.2099728486,2.957224034e-05
6.998,3.061616998e-18,-0.05,-0.21,5.144176043e-06,-0.04998947123,-0.2099728486,2.957224034e-05
6.999,3.061616998e-18,-0.05,-0.21,5.144176041e-06,-0.04998947123,-0.2099728486,2.957224034e-05
7,3.061616998e-18,-0.05,-0.21,5.144176038e-06,-0.04998947123,-0.2099728486,2.957224034e-05
