time_s,des_x_m,des_y_m,des_z_m,act_x_m,act_y_m,act_z_m,error_m
0,0.04,0,-0.23,0.04002011756,1.914730476e-07,-0.2299647724,4.056770611e-05
0.001,0.04,1.253623143e-12,-0.23,0.04002011756,1.914728598e-07,-0.2299647724,4.056770591e-05
0.002,0.04,2.000981194e-11,-0.23,0.04002011756,1.915487825e-07,-0.2299647723,4.056772222e-05
0.003,0.04,1.01056197e-10,-0.23,0.04002011749,1.921985486e-07,-0.2299647721,4.056785485e-05
0.004,0.04,3.18619012e-10,-0.2299999999,0.0400201173,1.94554425e-07,-0.2299647716,4.056825713e-05
0.005,0.04,7.760048014e-10,-0.2299999999,0.04002011692,2.003373846e-07,-0.2299647704,4.056906805e-05
0.006,0.04,1.605243576e-09,-0.2299999997,0.04002011632,2.115920133e-07,-0.2299647684,4.057037854e-05
0.007,0.04,2.966733414e-09,-0.2299999995,0.04002011549,2.302970125e-07,-0.2299647657,4.057223618e-05
0.008,0.04,5.048886516e-09,-0.2299999992,0.04002011442,2.579759204e-07,-0.2299647621,4.057466397e-05
0.009,0.04,8.067776697e-09,-0.2299999987,0.04002011308,2.954269182e-07,-0.2299647577,4.05776745e-05
0.01,0.04,1.226678834e-08,-0.229999998,0.04002011145,3.426514491e-07,-0.2299647523,4.058127613e-05
0.011,0.04,1.791626678e-08,-0.2299999971,0.04002010949,3.990007621e-07,-0.229964746,4.058547577e-05
0.012,0.04,2.531317015e-08,-0.229999996,0.0400201072,4.634954371e-07,-0.2299647386,4.059028268e-05
0.013,0.04,3.478072268e-08,-0.2299999945,0.04002010455,5.352239841e-07,-0.2299647302,4.05957139e-05
0.014,0.04,4.666806941e-08,-0.2299999926,0.04002010157,6.137063137e-07,-0.2299647206,4.060179934e-05
0.015,0.04,6.13499324e-08,-0.2299999902,0.04002009829,6.991211242e-07,-0.2299647098,4.060858389e-05
0.016,0.04,7.922626834e-08,-0.2299999874,0.04002009474,7.923380958e-07,-0.2299646977,4.061612508e-05
0.017,0.04,1.007219276e-07,-0.229999984,0.04002009096,8.947532848e-07,-0.2299646842,4.062448674e-05
0.018,0.04,1.26286315e-07,-0.2299999799,0.04002008697,1.007982252e-06,-0.2299646693,4.063373068e-05
0.019,0.04,1.563930512e-07,-0.2299999751,0.04002008275,1.133504216e-06,-0.2299646529,4.064390893e-05
0.02,0.04,1.915396368e-07,-0.2299999695,0.0400200783,1.272361314e-06,-0.229964635,4.065505865e-05
0.021,0.04,2.322471169e-07,-0.229999963,0.04002007358,1.424997766e-06,-0.2299646155,4.066720082e-05
0.022,0.04,2.790597474e-07,-0.2299999556,0.04002006854,1.59128076e-06,-0.2299645943,4.068034322e-05
0.023,0.04,3.325446626e-07,-0.2299999471,0.04002006317,1.770691406e-06,-0.2299645713,4.069448723e-05
0.024,0.04,3.932915448e-07,-0.2299999374,0.04002005747,1.962625714e-06,-0.2299645466,4.070963758e-05
0.025,0.04,4.619122948e-07,-0.2299999265,0.04002005146,2.166715939e-06,-0.2299645199,4.072581274e-05
0.026,0.04,5.39040704e-07,-0.2299999142,0.04002004517,2.383079706e-06,-0.2299644912,4.074305341e-05
0.027,0.04,6.253321277e-07,-0.2299999005,0.04002003865,2.61242798e-06,-0.2299644604,4.076142592e-05
0.028,0.03999999999,7.214631605e-07,-0.2299998852,0.04002003194,2.856005608e-06,-0.2299644274,4.078101903e-05
0.029,0.03999999999,8.281313126e-07,-0.2299998682,0.04002002504,3.115386932e-06,-0.229964392,4.080193419e-05
0.03,0.03999999999,9.460546877e-07,-0.2299998494,0.04002001797,3.392189689e-06,-0.2299643541,4.082427162e-05
0.031,0.03999999999,1.075971662e-06,-0.2299998288,0.04002001071,3.687791767e-06,-0.2299643137,4.084811574e-05
0.032,0.03999999998,1.218640566e-06,-0.229999806,0.04002000321,4.00313175e-06,-0.2299642707,4.087352396e-05
0.033,0.03999999998,1.374839366e-06,-0.2299997812,0.04001999545,4.338647556e-06,-0.2299642249,4.090052212e-05
0.034,0.03999999997,1.545365347e-06,-0.229999754,0.04001998741,4.694366147e-06,-0.2299641763,4.092910862e-05
0.035,0.03999999996,1.731034799e-06,-0.2299997245,0.04001997909,5.070113614e-06,-0.2299641247,4.095926678e-05
0.036,0.03999999995,1.932682704e-06,-0.2299996924,0.04001997049,5.465781463e-06,-0.22996407,4.099098307e-05
0.037,0.03999999994,2.151162422e-06,-0.2299996576,0.04001996164,5.881570962e-06,-0.2299640121,4.102426612e-05
0.038,0.03999999993,2.387345384e-06,-0.22999962,0.04001995259,6.31814622e-06,-0.2299639508,4.105916093e-05
0.039,0.03999999991,2.642120779e-06,-0.2299995795,0.04001994335,6.776655084e-06,-0.229963886,4.109575332e-05
0.04,0.03999999989,2.916395247e-06,-0.2299995358,0.04001993396,7.258616107e-06,-0.2299638175,4.113416232e-05
0.041,0.03999999987,3.211092577e-06,-0.2299994889,0.04001992442,7.765708242e-06,-0.2299637453,4.117452214e-05
0.042,0.03999999984,3.527153396e-06,-0.2299994386,0.04001991471,8.299526566e-06,-0.2299636691,4.121695825e-05
0.043,0.03999999981,3.865534872e-06,-0.2299993848,0.0400199048,8.861374979e-06,-0.2299635888,4.126156438e-05
0.044,0.03999999978,4.227210406e-06,-0.2299993272,0.04001989469,9.452153932e-06,-0.2299635044,4.130838728e-05
0.045,0.03999999973,4.613169337e-06,-0.2299992658,0.04001988433,1.007237212e-05,-0.2299634156,4.13574241e-05
0.046,0.03999999968,5.02441664e-06,-0.2299992003,0.04001987372,1.072227467e-05,-0.2299633223,4.14086341e-05
0.047,0.03999999963,5.461972628e-06,-0.2299991307,0.04001986288,1.140204719e-05,-0.2299632244,4.146196196e-05
0.048,0.03999999956,5.92687266e-06,-0.2299990567,0.0400198518,1.211203472e-05,-0.2299631217,4.151736661e-05
0.049,0.03999999948,6.42016684e-06,-0.2299989782,0.04001984052,1.285291237e-05,-0.229963014,4.157484714e-05
0.05,0.0399999994,6.94291973e-06,-0.229998895,0.04001982907,1.36257602e-05,-0.2299629012,4.163445759e-05
0.051,0.0399999993,7.496210055e-06,-0.2299988069,0.04001981745,1.443202403e-05,-0.2299627831,4.169630564e-05
0.052,0.03999999918,8.081130413e-06,-0.2299987138,0.04001980569,1.5273377e-05,-0.2299626595,4.17605348e-05
0.053,0.03999999905,8.698786988e-06,-0.2299986155,0.04001979377,1.615152468e-05,-0.2299625303,4.182729475e-05
0.054,0.03999999891,9.35029926e-06,-0.2299985119,0.04001978168,1.70680113e-05,-0.2299623952,4.18967083e-05
0.055,0.03999999874,1.003679972e-05,-0.2299984026,0.0400197694,1.802408241e-05,-0.2299622542,4.196884469e-05
0.056,0.03999999855,1.075943359e-05,-0.2299982876,0.0400197569,1.902064141e-05,-0.229962107,4.204370722e-05
0.057,0.03999999834,1.151935852e-05,-0.2299981666,0.04001974417,2.005830917e-05,-0.2299619536,4.212123956e-05
0.058,0.0399999981,1.231774436e-05,-0.2299980396,0.0400197312,2.113756638e-05,-0.2299617936,4.220134936e-05
0.059,0.03999999784,1.315577279e-05,-0.2299979062,0.040019718,2.225893482e-05,-0.229961627,4.228394288e-05
0.06,0.03999999754,1.403463713e-05,-0.2299977663,0.04001970458,2.342314465e-05,-0.2299614535,4.236896069e-05
0.061,0.0399999972,1.495554202e-05,-0.2299976198,0.04001969097,2.463123986e-05,-0.229961273,4.245640361e-05
0.062,0.03999999683,1.591970315e-05,-0.2299974663,0.04001967717,2.58845939e-05,-0.2299610853,4.254634094e-05
0.063,0.03999999642,1.692834698e-05,-0.2299973058,0.0400196632,2.718483369e-05,-0.2299608901,4.263889801e-05
0.064,0.03999999596,1.798271046e-05,-0.229997138,0.04001964905,2.853369679e-05,-0.2299606874,4.273422622e-05
0.065,0.03999999545,1.908404081e-05,-0.2299969627,0.04001963471,2.99328646e-05,-0.2299604768,4.283246421e-05
0.066,0.03999999488,2.023359518e-05,-0.2299967797,0.04001962016,3.138382024e-05,-0.2299602582,4.293370137e-05
0.067,0.03999999426,2.143264043e-05,-0.2299965889,0.04001960537,3.288777066e-05,-0.2299600314,4.303795473e-05
0.068,0.03999999357,2.268245282e-05,-0.22999639,0.04001959034,3.444565334e-05,-0.2299597963,4.314516601e-05
0.069,0.03999999281,2.398431781e-05,-0.2299961828,0.04001957503,3.605822269e-05,-0.2299595526,4.325522027e-05
0.07,0.03999999197,2.533952972e-05,-0.2299959671,0.04001955946,3.772618881e-05,-0.2299593001,4.336798098e-05
0.071,0.03999999106,2.674939152e-05,-0.2299957427,0.04001954361,3.945036702e-05,-0.2299590387,4.348333138e-05
0.072,0.03999999005,2.821521455e-05,-0.2299955094,0.04001952751,4.123179499e-05,-0.2299587681,4.360121011e-05
0.073,0.03999998895,2.973831827e-05,-0.229995267,0.04001951115,4.307178491e-05,-0.2299584882,4.372163034e-05
0.074,0.03999998774,3.132002997e-05,-0.2299950153,0.04001949455,4.497189776e-05,-0.2299581986,4.384467651e-05
0.075,0.03999998642,3.296168457e-05,-0.229994754,0.04001947769,4.693384955e-05,-0.2299578992,4.397047955e-05
0.076,0.03999998498,3.466462429e-05,-0.229994483,0.04001946058,4.895937848e-05,-0.2299575899,4.409917747e-05
0.077,0.03999998341,3.643019847e-05,-0.229994202,0.04001944317,5.105011232e-05,-0.2299572703,4.423087314e-05
0.078,0.0399999817,3.825976328e-05,-0.2299939108,0.04001942546,5.32074738e-05,-0.2299569403,4.436560139e-05
0.079,0.03999997985,4.015468145e-05,-0.2299936092,0.04001940742,5.543264993e-05,-0.2299565997,4.45033153e-05
0.08,0.03999997783,4.211632206e-05,-0.229993297,0.04001938901,5.77266317e-05,-0.2299562483,4.464389578e-05
0.081,0.03999997564,4.414606029e-05,-0.2299929739,0.04001937024,6.009031064e-05,-0.2299558859,4.478718183e-05
0.082,0.03999997327,4.624527712e-05,-0.2299926398,0.04001935108,6.252460248e-05,-0.2299555122,4.49330126e-05
0.083,0.0399999707,4.841535914e-05,-0.2299922945,0.04001933153,6.503056168e-05,-0.2299551271,4.508126912e-05
0.084,0.03999996792,5.065769831e-05,-0.2299919376,0.0400193116,6.760945419e-05,-0.2299547302,4.52319033e-05
0.085,0.03999996492,5.297369165e-05,-0.229991569,0.04001929127,7.026276893e-05,-0.2299543215,4.538494573e-05
0.086,0.03999996168,5.536474109e-05,-0.2299911884,0.04001927055,7.299216658e-05,-0.2299539007,4.554048991e-05
0.087,0.03999995819,5.783225315e-05,-0.2299907957,0.04001924941,7.579938236e-05,-0.2299534675,4.569865756e-05
0.088,0.03999995443,6.037763874e-05,-0.2299903906,0.04001922783,7.868611206e-05,-0.2299530217,4.585955526e-05
0.089,0.03999995038,6.300231295e-05,-0.2299899729,0.04001920577,8.165391436e-05,-0.2299525632,4.602323504e-05
0.09,0.03999994603,6.570769474e-05,-0.2299895423,0.04001918321,8.470415694e-05,-0.2299520916,4.61896706e-05
0.091,0.03999994136,6.849520678e-05,-0.2299890986,0.04001916011,8.783802022e-05,-0.2299516069,4.635875587e-05
0.092,0.03999993634,7.136627517e-05,-0.2299886417,0.04001913645,9.105655579e-05,-0.2299511088,4.653032653e-05
0.093,0.03999993095,7.432232923e-05,-0.2299881712,0.04001911219,9.43607809e-05,-0.229950597,4.670419791e-05
0.094,0.03999992518,7.736480128e-05,-0.229987687,0.04001908733,9.775178077e-05,-0.2299500714,4.688020835e-05
0.095,0.03999991901,8.049512638e-05,-0.2299871888,0.04001906185,0.000101230789,-0.2299495316,4.705825517e-05
0.096,0.0399999124,8.371474212e-05,-0.2299866764,0.04001903573,0.0001047992241,-0.2299489776,4.723831296e-05
0.097,0.03999990533,8.70250884e-05,-0.2299861495,0.04001900895,0.0001084586718,-0.229948409,4.74204288e-05
0.098,0.03999989779,9.04276072e-05,-0.229985608,0.04001898149,0.0001122108222,-0.2299478256,4.760469601e-05
0.099,0.03999988973,9.392374237e-05,-0.2299850516,0.04001895331,0.0001160573783,-0.2299472272,4.779121433e-05
0.1,0.03999988114,9.751493937e-05,-0.22998448,0.04001892438,0.0001199999657,-0.2299466136,4.798004824e-05
0.101,0.03999987198,0.0001012026451,-0.2299838931,0.04001889465,0.0001240400665,-0.2299459846,4.817119548e-05
0.102,0.03999986222,0.0001049883077,-0.2299832906,0.04001886407,0.0001281789989,-0.2299453399,4.836457511e-05
0.103,0.03999985183,0.0001088733761,-0.2299826722,0.04001883261,0.0001324179426,-0.2299446793,4.856003811e-05
0.104,0.03999984078,0.0001128593003,-0.2299820379,0.04001880022,0.0001367580057,-0.2299440027,4.875739748e-05
0.105,0.03999982904,0.0001169475307,-0.2299813872,0.04001876687,0.0001412003082,-0.2299433097,4.895646881e-05
0.106,0.03999981656,0.0001211395179,-0.22998072,0.04001873253,0.0001457460611,-0.2299426001,4.915710942e-05
0.107,0.03999980332,0.0001254367128,-0.2299800361,0.04001869716,0.0001503966167,-0.2299418738,4.935924469e-05
0.108,0.03999978927,0.0001298405662,-0.2299793352,0.04001866072,0.0001551534765,-0.2299411304,4.956287417e-05
0.109,0.03999977437,0.0001343525286,-0.2299786171,0.04001862319,0.0001600182566,-0.2299403698,4.976805578e-05
0.11,0.03999975858,0.00013897405,-0.2299778815,0.0400185845,0.0001649926212,-0.2299395918,4.997487312e-05
0.111,0.03999974185,0.0001437065797,-0.2299771283,0.04001854462,0.0001700782048,-0.229938796,5.018339558e-05
0.112,0.03999972415,0.000148551566,-0.2299763572,0.04001850348,0.0001752765446,-0.2299379823,5.039364292e-05
0.113,0.03999970543,0.0001535104562,-0.229975568,0.04001846103,0.0001805890434,-0.2299371505,5.060556459e-05
0.114,0.03999968563,0.0001585846964,-0.2299747604,0.04001841719,0.0001860169719,-0.2299363004,5.081903958e-05
0.115,0.03999966472,0.0001637757308,-0.2299739342,0.04001837192,0.0001915615081,-0.2299354316,5.103389657e-05
0.116,0.03999964263,0.0001690850023,-0.2299730892,0.04001832515,0.0001972238021,-0.2299345441,5.124994826e-05
0.117,0.03999961931,0.0001745139518,-0.2299722252,0.04001827684,0.0002030050465,-0.2299336375,5.146702968e-05
0.118,0.03999959471,0.0001800640178,-0.2299713418,0.04001822692,0.0002089065313,-0.2299327116,5.168502936e-05
0.119,0.03999956877,0.0001857366369,-0.229970439,0.04001817535,0.0002149296693,-0.2299317663,5.19039045e-05
0.12,0.03999954144,0.000191533243,-0.2299695164,0.04001812206,0.0002210759843,-0.2299308013,5.212367579e-05
0.121,0.03999951264,0.0001974552674,-0.2299685739,0.04001806699,0.0002273470682,-0.2299298163,5.234440398e-05
0.122,0.03999948232,0.0002035041384,-0.2299676112,0.04001801006,0.0002337445179,-0.2299288111,5.256615514e-05
0.123,0.03999945042,0.0002096812813,-0.229966628,0.04001795121,0.0002402698734,-0.2299277856,5.278896493e-05
0.124,0.03999941686,0.0002159881183,-0.2299656243,0.04001789035,0.0002469245727,-0.2299267395,5.301281228e-05
0.125,0.03999938158,0.000222426068,-0.2299645996,0.04001782741,0.0002537099363,-0.2299256726,5.323760995e-05
0.126,0.0399993445,0.0002289965453,-0.2299635539,0.04001776229,0.0002606271862,-0.2299245846,5.346321428e-05
0.127,0.03999930556,0.0002357009616,-0.2299624868,0.04001769492,0.0002676774898,-0.2299234754,5.368945122e-05
0.128,0.03999926467,0.000242540724,-0.2299613982,0.04001762521,0.0002748620187,-0.2299223447,5.391615057e-05
0.129,0.03999922176,0.0002495172356,-0.2299602878,0.0400175531,0.0002821820028,-0.2299211923,5.414317849e-05
0.13,0.03999917674,0.0002566318951,-0.2299591555,0.04001747848,0.000289638764,-0.229920018,5.437045897e-05
0.131,0.03999912954,0.0002638860968,-0.2299580009,0.04001740129,0.0002972337228,-0.2299188216,5.459797805e-05
0.132,0.03999908007,0.0002712812301,-0.2299568239,0.04001732143,0.0003049683744,-0.2299176028,5.482577023e-05
0.133,0.03999902824,0.0002788186796,-0.2299556243,0.04001723882,0.0003128442425,-0.2299163615,5.505389097e-05
0.134,0.03999897396,0.000286499825,-0.2299544017,0.04001715334,0.0003208628261,-0.2299150973,5.528238393e-05
0.135,0.03999891714,0.0002943260405,-0.2299531561,0.0400170649,0.0003290255529,-0.2299138102,5.551125216e-05
0.136,0.03999885768,0.0003022986952,-0.2299518872,0.04001697339,0.0003373337535,-0.2299124999,5.574044179e-05
0.137,0.03999879548,0.0003104191525,-0.2299505948,0.04001687869,0.0003457886631,-0.2299111661,5.596984251e-05
0.138,0.03999873045,0.00031868877,-0.2299492786,0.0400167807,0.0003543914485,-0.2299098087,5.61993044e-05
0.139,0.03999866247,0.0003271088994,-0.2299479384,0.04001667931,0.0003631432527,-0.2299084275,5.642866592e-05
0.14,0.03999859145,0.0003356808866,-0.2299465741,0.04001657441,0.0003720452431,-0.2299070222,5.665778481e-05
0.141,0.03999851728,0.0003444060711,-0.2299451854,0.04001646588,0.0003810986498,-0.2299055927,5.688656272e-05
0.142,0.03999843983,0.0003532857858,-0.2299437721,0.04001635362,0.0003903047826,-0.2299041387,5.711495682e-05
0.143,0.03999835901,0.0003623213575,-0.229942334,0.0400162375,0.0003996650232,-0.22990266,5.734297519e-05
0.144,0.03999827468,0.0003715141058,-0.2299408708,0.0400161174,0.0004091807952,-0.2299011564,5.757065764e-05
0.145,0.03999818673,0.0003808653439,-0.2299393825,0.04001599319,0.0004188535209,-0.2298996277,5.7798048e-05
0.146,0.03999809503,0.0003903763776,-0.2299378687,0.04001586474,0.0004286845786,-0.2298980737,5.80251659e-05
0.147,0.03999799946,0.0004000485058,-0.2299363292,0.04001573192,0.000438675271,-0.2298964942,5.825198627e-05
0.148,0.03999789989,0.0004098830197,-0.2299347639,0.04001559457,0.0004488268153,-0.2298948891,5.847843239e-05
0.149,0.03999779619,0.0004198812035,-0.2299331726,0.04001545256,0.0004591403555,-0.229893258,5.870438404e-05
0.15,0.03999768821,0.0004300443334,-0.229931555,0.04001530574,0.0004696169936,-0.2298916008,5.892969813e-05
0.151,0.03999757581,0.0004403736778,-0.2299299109,0.04001515396,0.0004802578295,-0.2298899174,5.915423565e-05
0.152,0.03999745887,0.0004508704974,-0.2299282402,0.04001499709,0.0004910639983,-0.2298882074,5.937788683e-05
0.153,0.03999733722,0.0004615360447,-0.2299265426,0.04001483496,0.0005020366944,-0.2298864707,5.960058751e-05
0.154,0.03999721072,0.0004723715638,-0.229924818,0.04001466743,0.0005131771746,-0.2298847072,5.982232196e-05
0.155,0.03999707921,0.0004833782906,-0.2299230661,0.04001449435,0.0005244867423,-0.2298829166,6.004311191e-05
0.156,0.03999694254,0.0004945574525,-0.2299212867,0.04001431554,0.0005359667155,-0.2298810987,6.02629951e-05
0.157,0.03999680056,0.000505910268,-0.2299194797,0.04001413084,0.0005476183895,-0.2298792533,6.048199986e-05
0.158,0.03999665308,0.0005174379471,-0.2299176449,0.04001394007,0.0005594430051,-0.2298773803,6.070012318e-05
0.159,0.03999649996,0.0005291416906,-0.229915782,0.04001374307,0.000571441731,-0.2298754794,6.091731844e-05
0.16,0.03999634101,0.0005410226904,-0.2299138909,0.04001353965,0.0005836156644,-0.2298735505,6.113349621e-05
0.161,0.03999617607,0.000553082129,-0.2299119714,0.04001332962,0.0005959658507,-0.2298715934,6.134853749e-05
0.162,0.03999600495,0.0005653211797,-0.2299100233,0.0400131128,0.0006084933137,-0.2298696079,6.156231523e-05
0.163,0.03999582747,0.0005777410061,-0.2299080465,0.04001288901,0.0006211990894,-0.2298675938,6.177471792e-05
0.164,0.03999564346,0.0005903427623,-0.2299060406,0.04001265806,0.0006340842519,-0.229865551,6.198566811e-05
0.165,0.03999545271,0.0006031275927,-0.2299040056,0.04001241974,0.0006471499255,-0.2298634792,6.219513087e-05
0.166,0.03999525503,0.0006160966317,-0.2299019413,0.04001217388,0.0006603972789,-0.2298613783,6.240310991e-05
0.167,0.03999505023,0.0006292510037,-0.2298998475,0.04001192027,0.0006738275041,-0.2298592482,6.26096328e-05
0.168,0.03999483811,0.000642591823,-0.2298977239,0.04001165869,0.0006874417866,-0.2298570885,6.281472977e-05
0.169,0.03999461847,0.0006561201935,-0.2298955705,0.04001138894,0.0007012412756,-0.2298548992,6.301841256e-05
0.17,0.03999439108,0.0006698372088,-0.2298933871,0.04001111081,0.0007152270625,-0.2298526801,6.322065911e-05
0.171,0.03999415575,0.0006837439519,-0.2298911735,0.04001082406,0.000729400174,-0.229850431,6.34214087e-05
0.172,0.03999391225,0.0006978414953,-0.2298889294,0.04001052847,0.0007437615811,-0.2298481517,6.362056841e-05
0.173,0.03999366037,0.0007121309005,-0.2298866549,0.04001022382,0.0007583122205,-0.2298458421,6.381802884e-05
0.174,0.03999339987,0.0007266132183,-0.2298843496,0.04000990988,0.0007730530226,-0.2298435021,6.401368442e-05
0.175,0.03999313053,0.0007412894884,-0.2298820134,0.04000958642,0.000787984937,-0.2298411314,6.420745212e-05
0.176,0.03999285212,0.0007561607393,-0.2298796461,0.04000925319,0.0008031089493,-0.2298387299,6.43992834e-05
0.177,0.0399925644,0.0007712279885,-0.2298772476,0.04000890997,0.0008184260831,-0.2298362974,6.458916604e-05
0.178,0.03999226713,0.0007864922418,-0.2298748178,0.0400085565,0.0008339373883,-0.2298338338,6.477711558e-05
0.179,0.03999196005,0.0008019544937,-0.2298723564,0.04000819254,0.0008496439192,-0.2298313389,6.496315917e-05
0.18,0.03999164293,0.0008176157273,-0.2298698634,0.04000781783,0.0008655467083,-0.2298288126,6.51473166e-05
0.181,0.03999131551,0.0008334769136,-0.2298673384,0.04000743211,0.0008816467445,-0.2298262546,6.532958413e-05
0.182,0.03999097753,0.0008495390121,-0.2298647815,0.04000703511,0.0008979449608,-0.229823665,6.550992571e-05
0.183,0.03999062872,0.0008658029703,-0.2298621924,0.04000662657,0.0009144422354,-0.2298210434,6.568827382e-05
0.184,0.03999026882,0.0008822697236,-0.229859571,0.04000620621,0.0009311394052,-0.2298183898,6.586453959e-05
0.185,0.03998989756,0.0008989401953,-0.2298569172,0.04000577376,0.0009480372871,-0.229815704,6.603862891e-05
0.186,0.03998951466,0.0009158152965,-0.2298542307,0.04000532894,0.0009651367013,-0.2298129859,6.621045979e-05
0.187,0.03998911984,0.000932895926,-0.2298515115,0.04000487147,0.0009824384895,-0.2298102354,6.63799759e-05
0.188,0.03998871281,0.0009501829701,-0.2298487595,0.04000440105,0.0009999435227,-0.2298074522,6.654715249e-05
0.189,0.03998829329,0.0009676773026,-0.2298459743,0.04000391741,0.001017652697,-0.2298046363,6.671199326e-05
0.19,0.03998786099,0.0009853797844,-0.2298431561,0.04000342024,0.001035566919,-0.2298017875,6.687451913e-05
0.191,0.0399874156,0.001003291264,-0.2298403045,0.04000290925,0.001053687084,-0.2297989056,6.703475265e-05
0.192,0.03998695683,0.001021412577,-0.2298374195,0.04000238412,0.001072014056,-0.2297959906,6.719270241e-05
0.193,0.03998648436,0.001039744546,-0.2298345009,0.04000184455,0.001090548654,-0.2297930424,6.734835209e-05
0.194,0.03998599788,0.001058287981,-0.2298315486,0.04000129022,0.001109291645,-0.2297900607,6.750165713e-05
0.195,0.03998549708,0.001077043678,-0.2298285625,0.04000072081,0.001128243753,-0.2297870455,6.765254975e-05
0.196,0.03998498164,0.00109601242,-0.2298255424,0.040000136,0.001147405672,-0.2297839966,6.780095078e-05
0.197,0.03998445123,0.001115194977,-0.2298224882,0.03999953546,0.001166778087,-0.229780914,6.794678446e-05
0.198,0.03998390552,0.001134592106,-0.2298193998,0.03999891885,0.001186361692,-0.2297777975,6.808999209e-05
0.199,0.03998334418,0.00115420455,-0.2298162771,0.03999828585,0.001206157199,-0.2297746469,6.82305405e-05
0.2,0.03998276687,0.001174033039,-0.22981312,0.03999763612,0.001226165343,-0.2297714622,6.83684231e-05
0.201,0.03998217324,0.001194078288,-0.2298099283,0.03999696931,0.001246386868,-0.2297682433,6.850365334e-05
0.202,0.03998156295,0.001214340999,-0.2298067019,0.03999628508,0.001266822518,-0.22976499,6.863625277e-05
0.203,0.03998093564,0.001234821861,-0.2298034408,0.03999558307,0.001287473015,-0.2297617022,6.876623719e-05
0.204,0.03998029096,0.001255521548,-0.2298001447,0.03999486293,0.001308339043,-0.2297583799,6.889360504e-05
0.205,0.03997962855,0.00127644072,-0.2297968137,0.03999412428,0.001329421243,-0.2297550229,6.901833124e-05
0.206,0.03997894804,0.001297580025,-0.2297934475,0.03999336677,0.001350720212,-0.2297516311,6.914036811e-05
0.207,0.03997824905,0.001318940094,-0.2297900461,0.03999259001,0.001372236511,-0.2297482044,6.925965298e-05
0.208,0.03997753121,0.001340521545,-0.2297866094,0.03999179364,0.001393970684,-0.2297447427,6.937612004e-05
0.209,0.03997679415,0.001362324982,-0.2297831373,0.03999097728,0.001415923273,-0.229741246,6.948971283e-05
0.21,0.03997603748,0.001384350994,-0.2297796297,0.03999014053,0.001438094827,-0.2297377141,6.960039395e-05
0.211,0.0399752608,0.001406600157,-0.2297760865,0.03998928302,0.001460485912,-0.2297341469,6.970814907e-05
0.212,0.03997446373,0.001429073031,-0.2297725076,0.03998840436,0.001483097105,-0.2297305443,6.981298435e-05
0.213,0.03997364586,0.001451770162,-0.2297688928,0.03998750415,0.001505928983,-0.2297269064,6.991491811e-05
0.214,0.0399728068,0.00147469208,-0.2297652423,0.03998658198,0.001528982111,-0.2297232328,7.001396947e-05
0.215,0.03997194613,0.001497839303,-0.2297615557,0.03998563746,0.001552257026,-0.2297195237,7.011014713e-05
0.216,0.03997106345,0.001521212333,-0.2297578331,0.03998467017,0.001575754224,-0.2297157789,7.020344167e-05
0.217,0.03997015833,0.001544811656,-0.2297540744,0.03998367969,0.001599474165,-0.2297119983,7.029382343e-05
0.218,0.03996923036,0.001568637745,-0.2297502795,0.03998266561,0.001623417268,-0.2297081818,7.038124643e-05
0.219,0.03996827911,0.001592691056,-0.2297464483,0.0399816275,0.001647583928,-0.2297043294,7.046565703e-05
0.22,0.03996730416,0.001616972031,-0.2297425808,0.03998056494,0.001671974531,-0.229700441,7.054700466e-05
0.221,0.03996630506,0.001641481099,-0.2297386768,0.0399794775,0.001696589461,-0.2296965166,7.062525157e-05
0.222,0.03996528137,0.00166621867,-0.2297347363,0.03997836473,0.001721429111,-0.229692556,7.070037868e-05
0.223,0.03996423267,0.001691185141,-0.2297307593,0.03997722622,0.001746493881,-0.2296885593,7.077238608e-05
0.224,0.03996315849,0.001716380894,-0.2297267456,0.0399760615,0.001771784178,-0.2296845262,7.084128803e-05
0.225,0.03996205839,0.001741806295,-0.2297226952,0.03997487014,0.001797300397,-0.2296804568,7.090710428e-05
0.226,0.03996093191,0.001767461695,-0.2297186081,0.03997365169,0.001823042913,-0.2296763511,7.09698501e-05
0.227,0.03995977859,0.00179334743,-0.2297144842,0.03997240568,0.00184901207,-0.2296722089,7.102952807e-05
0.228,0.03995859797,0.001819463818,-0.2297103234,0.03997113166,0.001875208174,-0.2296680302,7.108612393e-05
0.229,0.03995738957,0.001845811165,-0.2297061257,0.03996982916,0.001901631496,-0.229663815,7.113960751e-05
0.23,0.03995615293,0.001872389761,-0.229701891,0.03996849772,0.001928282277,-0.2296595632,7.118993838e-05
0.231,0.03995488756,0.001899199877,-0.2296976193,0.03996713686,0.001955160742,-0.2296552748,7.123707446e-05
0.232,0.03995359299,0.001926241772,-0.2296933105,0.0399657461,0.001982267106,-0.2296509496,7.128098095e-05
0.233,0.03995226873,0.001953515688,-0.2296889646,0.03996432498,0.002009601587,-0.2296465878,7.132163708e-05
0.234,0.03995091429,0.001981021852,-0.2296845815,0.03996287301,0.00203716441,-0.2296421892,7.135903874e-05
0.235,0.03994952918,0.002008760473,-0.2296801613,0.0399613897,0.002064955798,-0.2296377537,7.139319636e-05
0.236,0.03994811289,0.002036731748,-0.2296757038,0.03995987456,0.002092975973,-0.2296332815,7.14241288e-05
0.237,0.03994666494,0.002064935855,-0.2296712091,0.0399583271,0.002121225139,-0.2296287723,7.145185514e-05
0.238,0.03994518481,0.002093372957,-0.2296666771,0.03995674682,0.002149703475,-0.2296242263,7.147638676e-05
0.239,0.039943672,0.002122043201,-0.2296621077,0.03995513322,0.002178411129,-0.2296196434,7.149772206e-05
0.24,0.03994212599,0.00215094672,-0.229657501,0.03995348579,0.002207348212,-0.2296150234,7.151584515e-05
0.241,0.03994054626,0.002180083628,-0.2296528569,0.03995180403,0.002236514807,-0.2296103666,7.153072892e-05
0.242,0.0399389323,0.002209454025,-0.2296481754,0.03995008742,0.002265910974,-0.2296056727,7.154234137e-05
0.243,0.03993728357,0.002239057994,-0.2296434565,0.03994833545,0.002295536759,-0.2296009418,7.155065326e-05
0.244,0.03993559957,0.002268895604,-0.2296387001,0.0399465476,0.002325392205,-0.2295961738,7.155564496e-05
0.245,0.03993387974,0.002298966904,-0.2296339063,0.03994472334,0.002355477355,-0.2295913689,7.155731039e-05
0.246,0.03993212356,0.002329271932,-0.229629075,0.03994286216,0.002385792251,-0.2295865268,7.15556571e-05
0.247,0.03993033049,0.002359810705,-0.2296242063,0.03994096353,0.002416336935,-0.2295816477,7.155070255e-05
0.248,0.03992849999,0.002390583228,-0.2296193,0.03993902691,0.002447111434,-0.2295767316,7.154246781e-05
0.249,0.03992663152,0.002421589487,-0.2296143563,0.03993705177,0.002478115755,-0.2295717783,7.153097047e-05
0.25,0.03992472452,0.002452829452,-0.229609375,0.03993503757,0.00250934988,-0.229566788,7.151621903e-05
0.251,0.03992277844,0.002484303079,-0.2296043563,0.03993298378,0.002540813756,-0.2295617606,7.149821005e-05
0.252,0.03992079273,0.002516010307,-0.2295993,0.03993088984,0.002572507302,-0.2295566961,7.147692918e-05
0.253,0.03991876683,0.002547951057,-0.2295942063,0.03992875522,0.002604430413,-0.2295515946,7.145235526e-05
0.254,0.03991670019,0.002580125235,-0.229589075,0.03992657935,0.002636582964,-0.229546456,7.142446652e-05
0.255,0.03991459223,0.002612532733,-0.2295839063,0.03992436169,0.002668964822,-0.2295412804,7.13932469e-05
0.256,0.03991244239,0.002645173422,-0.2295787001,0.03992210169,0.00270157585,-0.2295360677,7.135869057e-05
0.257,0.0399102501,0.002678047161,-0.2295734565,0.03991979879,0.002734415908,-0.229530818,7.132080368e-05
0.258,0.0399080148,0.002711153792,-0.2295681754,0.03991745243,0.002767484856,-0.2295255313,7.127960255e-05
0.259,0.0399057359,0.002744493138,-0.2295628569,0.03991506205,0.002800782541,-0.2295202076,7.123510926e-05
0.26,0.03990341282,0.00277806501,-0.229557501,0.03991262708,0.002834308795,-0.2295148469,7.118734577e-05
0.261,0.03990104499,0.002811869199,-0.2295521077,0.03991014696,0.002868063428,-0.2295094493,7.113632844e-05
0.262,0.03989863183,0.002845905482,-0.2295466771,0.03990762112,0.00290204622,-0.2295040148,7.108206446e-05
0.263,0.03989617275,0.002880173619,-0.2295412091,0.03990504898,0.002936256925,-0.2294985434,7.102455119e-05
0.264,0.03989366716,0.002914673354,-0.2295357038,0.03990242998,0.002970695268,-0.2294930352,7.09637785e-05
0.265,0.03989111447,0.002949404415,-0.2295301613,0.03989976353,0.003005360955,-0.2294874901,7.08997333e-05
0.266,0.03988851409,0.002984366513,-0.2295245815,0.03989704906,0.00304025368,-0.2294819083,7.083240504e-05
0.267,0.03988586543,0.003019559343,-0.2295189646,0.03989428599,0.003075373127,-0.2294762897,7.076179032e-05
0.268,0.0398831679,0.003054982586,-0.2295133105,0.03989147374,0.003110718976,-0.2294706344,7.068789551e-05
0.269,0.03988042088,0.003090635903,-0.2295076193,0.03988861172,0.003146290906,-0.2294649425,7.061073661e-05
0.27,0.03987762379,0.003126518942,-0.229501891,0.03988569936,0.003182088584,-0.229459214,7.053033646e-05
0.271,0.03987477603,0.003162631334,-0.2294961257,0.03988273607,0.003218111665,-0.2294534489,7.044672021e-05
0.272,0.03987187698,0.003198972692,-0.2294903234,0.03987972125,0.003254359786,-0.2294476472,7.03599104e-05
0.273,0.03986892604,0.003235542617,-0.2294844842,0.03987665433,0.003290832559,-0.2294418092,7.026992313e-05
0.274,0.03986592262,0.003272340689,-0.2294786081,0.03987353471,0.003327529569,-0.2294359347,7.017676631e-05
0.275,0.0398628661,0.003309366476,-0.2294726952,0.03987036179,0.003364450375,-0.2294300239,7.008044051e-05
0.276,0.03985975587,0.003346619527,-0.2294667456,0.03986713499,0.003401594516,-0.2294240767,6.998094203e-05
0.277,0.03985659132,0.003384099379,-0.2294607593,0.03986385371,0.003438961513,-0.2294180934,6.987826729e-05
0.278,0.03985337184,0.003421805548,-0.2294547363,0.03986051736,0.003476550878,-0.2294120739,6.977241712e-05
0.279,0.03985009682,0.003459737537,-0.2294486768,0.03985712534,0.003514362115,-0.2294060183,6.966339989e-05
0.28,0.03984676564,0.003497894833,-0.2294425808,0.03985367705,0.003552394722,-0.2293999267,6.955123243e-05
0.281,0.03984337769,0.003536276908,-0.2294364483,0.0398501719,0.00359064819,-0.2293937991,6.943593866e-05
0.282,0.03983993235,0.003574883215,-0.2294302795,0.03984660929,0.003629122,-0.2293876357,6.931754637e-05
0.283,0.03983642902,0.003613713194,-0.2294240744,0.03984298863,0.003667815617,-0.2293814365,6.919608311e-05
0.284,0.03983286706,0.003652766268,-0.2294178331,0.03983930931,0.003706728484,-0.2293752015,6.907157248e-05
0.285,0.03982924588,0.003692041846,-0.2294115557,0.03983557073,0.00374586002,-0.2293689309,6.894403176e-05
0.286,0.03982556483,0.003731539318,-0.2294052423,0.0398317723,0.003785209621,-0.2293626247,6.881347167e-05
0.287,0.03982182332,0.003771258062,-0.2293988928,0.03982791342,0.003824776661,-0.229356283,6.867989815e-05
0.288,0.03981802072,0.003811197439,-0.2293925076,0.03982399348,0.003864560495,-0.2293499059,6.854331558e-05
0.289,0.03981415641,0.003851356794,-0.2293860865,0.03982001188,0.003904560465,-0.2293434936,6.84037306e-05
0.29,0.03981022978,0.003891735456,-0.2293796297,0.03981596803,0.003944775906,-0.229337046,6.82611552e-05
0.291,0.0398062402,0.00393233274,-0.2293731373,0.03981186133,0.003985206143,-0.2293305633,6.811560838e-05
0.292,0.03980218707,0.003973147946,-0.2293666094,0.03980769117,0.004025850496,-0.2293240456,6.796711589e-05
0.293,0.03979806975,0.004014180356,-0.2293600461,0.03980345697,0.004066708275,-0.229317493,6.781570814e-05
0.294,0.03979388764,0.00405542924,-0.2293534475,0.03979915811,0.004107778777,-0.2293109056,6.766141704e-05
0.295,0.03978964012,0.004096893851,-0.2293468137,0.03979479402,0.00414906128,-0.2293042834,6.750427263e-05
0.296,0.03978532657,0.004138573427,-0.2293401447,0.03979036408,0.004190555042,-0.2292976266,6.734430055e-05
0.297,0.03978094637,0.004180467191,-0.2293334408,0.0397858677,0.004232259299,-0.2292909353,6.718152102e-05
0.298,0.03977649891,0.004222574352,-0.2293267019,0.03978130429,0.004274173265,-0.2292842096,6.701594954e-05
0.299,0.03977198359,0.004264894102,-0.2293199283,0.03977667325,0.004316296137,-0.2292774496,6.684759915e-05
0.3,0.03976739977,0.00430742562,-0.22931312,0.03977197399,0.004358627095,-0.2292706554,6.667648345e-05
0.301,0.03976274686,0.004350168069,-0.2293062771,0.03976720592,0.004401165311,-0.2292638272,6.650261955e-05
0.302,0.03975802424,0.004393120599,-0.2292993998,0.03976236844,0.004443909947,-0.229256965,6.632603003e-05
0.303,0.0397532313,0.004436282343,-0.2292924882,0.03975746097,0.004486860159,-0.229250069,6.614674346e-05
0.304,0.03974836744,0.004479652421,-0.2292855424,0.03975248292,0.004530015093,-0.2292431393,6.596479329e-05
0.305,0.03974343205,0.004523229938,-0.2292785625,0.0397474337,0.004573373884,-0.229236176,6.578021559e-05
0.306,0.03973842452,0.004567013985,-0.2292715486,0.03974231273,0.004616935654,-0.2292291793,6.559304623e-05
0.307,0.03973334425,0.004611003638,-0.2292645009,0.03973711944,0.004660699504,-0.2292221492,6.54033184e-05
0.308,0.03972819065,0.00465519796,-0.2292574195,0.03973185322,0.004704664519,-0.2292150859,6.521106115e-05
0.309,0.0397229631,0.004699595997,-0.2292503045,0.03972651352,0.00474882976,-0.2292079896,6.501629938e-05
0.31,0.03971766102,0.004744196785,-0.2292431561,0.03972109975,0.004793194274,-0.2292008603,6.481905513e-05
0.311,0.03971228381,0.004788999343,-0.2292359743,0.03971561133,0.004837757089,-0.2291936982,6.461934989e-05
0.312,0.03970683087,0.004834002677,-0.2292287595,0.03971004769,0.004882517224,-0.2291865035,6.441720714e-05
0.313,0.03970130163,0.004879205779,-0.2292215115,0.03970440827,0.004927473688,-0.2291792762,6.42126544e-05
0.314,0.03969569548,0.004924607627,-0.2292142307,0.0396986925,0.004972625482,-0.2291720166,6.400572418e-05
0.315,0.03969001185,0.004970207188,-0.2292069172,0.03969289981,0.0050179716,-0.2291647247,6.379645371e-05
0.316,0.03968425015,0.005016003411,-0.229199571,0.03968702964,0.005063511026,-0.2291574007,6.358488342e-05
0.317,0.0396784098,0.005061995236,-0.2291921924,0.03968108143,0.005109242732,-0.2291500447,6.337105472e-05
0.318,0.03967249023,0.005108181586,-0.2291847815,0.03967505463,0.005155165674,-0.229142657,6.315500786e-05
0.319,0.03966649086,0.005154561373,-0.2291773384,0.03966894868,0.005201278793,-0.2291352376,6.293678021e-05
0.32,0.03966041112,0.005201133496,-0.2291698634,0.03966276304,0.00524758101,-0.2291277867,6.271640578e-05
0.321,0.03965425045,0.00524789684,-0.2291623564,0.03965649714,0.005294071229,-0.2291203045,6.24939158e-05
0.322,0.03964800828,0.005294850278,-0.2291548178,0.03965015047,0.00534074834,-0.229112791,6.226934029e-05
0.323,0.03964168405,0.005341992669,-0.2291472476,0.03964372246,0.005387611221,-0.2291052466,6.204271012e-05
0.324,0.0396352772,0.005389322861,-0.2291396461,0.03963721258,0.005434658741,-0.2290976712,6.181405897e-05
0.325,0.03962878719,0.005436839688,-0.2291320134,0.03963062031,0.005481889759,-0.2290900652,6.158342448e-05
0.326,0.03962221346,0.005484541972,-0.2291243496,0.03962394511,0.005529303128,-0.2290824286,6.135084856e-05
0.327,0.03961555546,0.005532428524,-0.2291166549,0.03961718646,0.005576897695,-0.2290747616,6.111637645e-05
0.328,0.03960881266,0.005580498141,-0.2291089294,0.03961034383,0.005624672293,-0.2290670644,6.088005523e-05
0.329,0.03960198452,0.005628749608,-0.2291011735,0.03960341671,0.005672625747,-0.2290593372,6.064193189e-05
0.33,0.0395950705,0.005677181701,-0.2290933871,0.03959640459,0.005720756863,-0.22905158,6.040205177e-05
0.331,0.03958807008,0.005725793181,-0.2290855705,0.03958930695,0.005769064435,-0.2290437932,6.016045774e-05
0.332,0.03958098273,0.005774582798,-0.2290777239,0.03958212329,0.005817547241,-0.2290359768,5.99171902e-05
0.333,0.03957380792,0.005823549291,-0.2290698475,0.0395748531,0.005866204043,-0.229028131,5.967228812e-05
0.334,0.03956654516,0.005872691387,-0.2290619413,0.0395674959,0.005915033594,-0.2290202561,5.94257906e-05
0.335,0.03955919392,0.005922007804,-0.2290540056,0.03956005119,0.005964034636,-0.2290123521,5.917773846e-05
0.336,0.0395517537,0.005971497246,-0.2290460406,0.03955251849,0.006013205902,-0.2290044193,5.892817561e-05
0.337,0.039544224,0.006021158406,-0.2290380465,0.0395448973,0.006062546123,-0.2289964579,5.86771495e-05
0.338,0.03953660432,0.00607098997,-0.2290300233,0.03953718716,0.006112054017,-0.2289884679,5.842471087e-05
0.339,0.03952889417,0.006120990609,-0.2290219714,0.03952938758,0.006161728301,-0.2289804497,5.817091268e-05
0.34,0.03952109306,0.006171158985,-0.2290138909,0.03952149811,0.006211567675,-0.2289724034,5.791580864e-05
0.341,0.03951320052,0.00622149375,-0.229005782,0.03951351829,0.006261570833,-0.2289643292,5.765945181e-05
0.342,0.03950521607,0.006271993545,-0.2289976449,0.03950544764,0.006311736454,-0.2289562272,5.740189359e-05
0.343,0.03949713924,0.006322657003,-0.2289894797,0.03949728573,0.006362063202,-0.2289480977,5.714318348e-05
0.344,0.03948896957,0.006373482744,-0.2289812867,0.0394890321,0.006412549732,-0.2289399408,5.688336956e-05
0.345,0.03948070659,0.00642446938,-0.2289730661,0.03948068632,0.006463194685,-0.2289317568,5.662249959e-05
0.346,0.03947234986,0.006475615514,-0.228964818,0.03947224794,0.006513996695,-0.2289235458,5.636062233e-05
0.347,0.03946389893,0.006526919737,-0.2289565426,0.03946371653,0.006564954389,-0.228915308,5.609778871e-05
0.348,0.03945535335,0.006578380633,-0.2289482402,0.03945509168,0.006616066387,-0.2289070436,5.583405261e-05
0.349,0.0394467127,0.006629996776,-0.2289399109,0.03944637296,0.006667331305,-0.2288987529,5.556947082e-05
0.35,0.03943797654,0.006681766731,-0.228931555,0.03943755997,0.006718747751,-0.228890436,5.530410246e-05
0.351,0.03942914445,0.006733689056,-0.2289231726,0.03942865228,0.006770314327,-0.2288820931,5.503800792e-05
0.352,0.03942021601,0.006785762296,-0.2289147639,0.03941964951,0.006822029626,-0.2288737243,5.477124766e-05
0.353,0.03941119081,0.006837984992,-0.2289063292,0.03941055126,0.006873892231,-0.22886533,5.450388125e-05
0.354,0.03940206846,0.006890355674,-0.2288978687,0.03940135713,0.006925900713,-0.2288569104,5.423596691e-05
0.355,0.03939284854,0.006942872866,-0.2288893825,0.03939206675,0.006978053633,-0.2288484655,5.396756162e-05
0.356,0.03938353068,0.006995535081,-0.2288808708,0.03938267974,0.007030349545,-0.2288399956,5.369872185e-05
0.357,0.03937411449,0.007048340828,-0.228872334,0.03937319573,0.007082786991,-0.228831501,5.342950451e-05
0.358,0.03936459958,0.007101288606,-0.2288637721,0.03936361435,0.00713536451,-0.2288229818,5.3159968e-05
0.359,0.03935498559,0.007154376906,-0.2288551854,0.03935393525,0.007188080635,-0.2288144383,5.289017294e-05
0.36,0.03934527216,0.007207604213,-0.2288465741,0.03934415808,0.007240933896,-0.2288058706,5.26201824e-05
0.361,0.03933545893,0.007260969006,-0.2288379384,0.03933428248,0.007293922817,-0.228797279,5.235006165e-05
0.362,0.03932554554,0.007314469755,-0.2288292786,0.03932430814,0.007347045918,-0.2287886636,5.207987745e-05
0.363,0.03931553166,0.007368104924,-0.2288205948,0.0393142347,0.007400301713,-0.2287800247,5.180969706e-05
0.364,0.03930541695,0.007421872971,-0.2288118872,0.03930406186,0.007453688709,-0.2287713625,5.153958741e-05
0.365,0.03929520108,0.007475772348,-0.2288031561,0.03929378929,0.007507205403,-0.2287626772,5.126961457e-05
0.366,0.03928488373,0.0075298015,-0.2287944017,0.03928341668,0.007560850285,-0.228753969,5.099984359e-05
0.367,0.03927446458,0.007583958866,-0.2287856243,0.03927294373,0.007614621839,-0.2287452382,5.073033891e-05
0.368,0.03926394333,0.00763824288,-0.2287768239,0.03926237014,0.00766851854,-0.2287364849,5.046116502e-05
0.369,0.03925331968,0.00769265197,-0.2287680009,0.03925169562,0.00772253886,-0.2287277093,5.01923873e-05
0.37,0.03924259333,0.007747184559,-0.2287591555,0.03924091988,0.007776681268,-0.2287189118,4.992407263e-05
0.371,0.03923176401,0.007801839065,-0.2287502878,0.03923004267,0.007830944229,-0.2287100924,4.965628981e-05
0.372,0.03922083143,0.007856613901,-0.2287413982,0.03921906369,0.007885326206,-0.2287012514,4.938910946e-05
0.373,0.03920979533,0.007911507475,-0.2287324868,0.0392079827,0.00793982566,-0.2286923891,4.912260353e-05
0.374,0.03919865544,0.00796651819,-0.2287235539,0.03919679944,0.007994441048,-0.2286835056,4.885684471e-05
0.375,0.0391874115,0.008021644446,-0.2287145996,0.03918551367,0.008049170822,-0.2286746012,4.859190558e-05
0.376,0.03917606329,0.008076884638,-0.2287056243,0.03917412513,0.008104013429,-0.2286656761,4.832785815e-05
0.377,0.03916461054,0.008132237158,-0.228696628,0.03916263361,0.008158967311,-0.2286567305,4.806477359e-05
0.378,0.03915305304,0.008187700393,-0.2286876112,0.03915103887,0.008214030905,-0.2286477646,4.780272231e-05
0.379,0.03914139056,0.008243272728,-0.2286785739,0.0391393407,0.008269202642,-0.2286387787,4.754177446e-05
0.38,0.03912962288,0.008298952544,-0.2286695164,0.03912753889,0.008324480953,-0.2286297729,4.728200043e-05
0.381,0.0391177498,0.008354738218,-0.228660439,0.03911563323,0.008379864263,-0.2286207476,4.702347144e-05
0.382,0.03910577112,0.008410628126,-0.2286513418,0.03910362354,0.008435351001,-0.2286117028,4.676625989e-05
0.383,0.03909368664,0.008466620641,-0.2286422252,0.03909150961,0.008490939592,-0.2286026389,4.65104394e-05
0.384,0.03908149618,0.008522714133,-0.2286330892,0.03907929128,0.008546628461,-0.2285935561,4.625608454e-05
0.385,0.03906919957,0.00857890697,-0.2286239342,0.03906696836,0.008602416035,-0.2285844545,4.600327037e-05
0.386,0.03905679664,0.008635197518,-0.2286147604,0.0390545407,0.008658300735,-0.2285753345,4.575207185e-05
0.387,0.03904428723,0.008691584142,-0.228605568,0.03904200813,0.008714280982,-0.2285661961,4.550256329e-05
0.388,0.03903167118,0.008748065205,-0.2285963572,0.0390293705,0.008770355195,-0.2285570398,4.525481811e-05
0.389,0.03901894836,0.00880463907,-0.2285871283,0.03901662768,0.008826521788,-0.2285478656,4.500890872e-05
0.39,0.03900611862,0.008861304096,-0.2285778815,0.03900377952,0.008882779177,-0.2285386738,4.476490682e-05
0.391,0.03899318184,0.008918058644,-0.2285686171,0.03899082589,0.008939125772,-0.2285294647,4.452288367e-05
0.392,0.0389801379,0.008974901074,-0.2285593352,0.03897776669,0.008995559988,-0.2285202384,4.428291054e-05
0.393,0.03896698669,0.009031829744,-0.2285500361,0.03896460178,0.009052080237,-0.2285109951,4.404505898e-05
0.394,0.0389537281,0.009088843014,-0.22854072,0.03895133107,0.009108684936,-0.2285017352,4.380940092e-05
0.395,0.03894036203,0.009145939244,-0.2285313872,0.03893795446,0.009165372501,-0.2284924588,4.357600854e-05
0.396,0.03892688841,0.009203116793,-0.2285220379,0.03892447185,0.009222141353,-0.2284831661,4.334495387e-05
0.397,0.03891330715,0.009260374021,-0.2285126722,0.03891088317,0.009278989911,-0.2284738574,4.311630839e-05
0.398,0.03889961817,0.009317709289,-0.2285032906,0.03889718834,0.009335916596,-0.2284645329,4.289014261e-05
0.399,0.03888582141,0.009375120961,-0.2284938931,0.03888338728,0.00939291983,-0.2284551929,4.266652569e-05
0.4,0.03887191682,0.0094326074,-0.22848448,0.03886947994,0.009449998033,-0.2284458374,4.244552534e-05
0.401,0.03885790436,0.00949016697,-0.2284750516,0.03885546627,0.009507149628,-0.2284364668,4.222720782e-05
0.402,0.03884378396,0.00954779804,-0.228465608,0.03884134621,0.009564373039,-0.2284270813,4.20116382e-05
0.403,0.03882955562,0.009605498978,-0.2284561495,0.03882711973,0.009621666691,-0.2284176811,4.179888054e-05
0.404,0.03881521929,0.009663268157,-0.2284466764,0.03881278679,0.009679029014,-0.2284082664,4.158899812e-05
0.405,0.03880077497,0.009721103949,-0.2284371888,0.03879834737,0.00973645844,-0.2283988375,4.138205353e-05
0.406,0.03878622264,0.009779004733,-0.228427687,0.03878380145,0.009793953408,-0.2283893946,4.117810852e-05
0.407,0.0387715623,0.009836968888,-0.2284181712,0.03876914902,0.009851512358,-0.2283799378,4.097722379e-05
0.408,0.03875679396,0.009894994797,-0.2284086417,0.03875439007,0.009909133737,-0.2283704674,4.07794587e-05
0.409,0.03874191763,0.009953080848,-0.2283990986,0.03873952461,0.009966815993,-0.2283609837,4.05848709e-05
0.41,0.03872693333,0.01001122543,-0.2283895423,0.03872455265,0.01002455758,-0.2283514868,4.039351593e-05
0.411,0.0387118411,0.01006942694,-0.2283799729,0.03870947421,0.01008235695,-0.2283419769,4.020544719e-05
0.412,0.03869664096,0.01012768378,-0.2283703906,0.0386942893,0.01014021257,-0.2283324544,4.002071579e-05
0.413,0.03868133295,0.01018599435,-0.2283607957,0.03867899796,0.0101981229,-0.2283229193,3.983937067e-05
0.414,0.03866591714,0.01024435705,-0.2283511884,0.03866360023,0.0102560864,-0.228313372,3.966145869e-05
0.415,0.03865039358,0.01030277031,-0.228341569,0.03864809614,0.01031410156,-0.2283038125,3.948702476e-05
0.416,0.03863476233,0.01036123254,-0.2283319376,0.03863248575,0.01037216685,-0.2282942412,3.931611187e-05
0.417,0.03861902346,0.01041974217,-0.2283222945,0.03861676912,0.01043028075,-0.2282846583,3.914876105e-05
0.418,0.03860317706,0.01047829762,-0.2283126398,0.0386009463,0.01048844177,-0.2282750639,3.898501121e-05
0.419,0.0385872232,0.01053689734,-0.2283029739,0.03858501738,0.0105466484,-0.2282654583,3.882489889e-05
0.42,0.03857116199,0.01059553976,-0.228293297,0.03856898241,0.01060489915,-0.2282558417,3.8668458e-05
0.421,0.03855499352,0.01065422334,-0.2282836092,0.03855284148,0.01066319253,-0.2282462142,3.851571961e-05
0.422,0.03853871789,0.01071294653,-0.2282739108,0.03853659469,0.01072152706,-0.2282365762,3.836671178e-05
0.423,0.03852233522,0.0107717078,-0.228264202,0.03852024212,0.01077990128,-0.2282269278,3.82214595e-05
0.424,0.03850584564,0.01083050561,-0.228254483,0.03850378388,0.01083831371,-0.2282172691,3.807998471e-05
0.425,0.03848924925,0.01088933845,-0.228244754,0.03848722006,0.01089676289,-0.2282076005,3.794230634e-05
0.426,0.0384725462,0.01094820481,-0.2282350153,0.03847055078,0.01095524738,-0.2281979222,3.780844036e-05
0.427,0.03845573663,0.01100710317,-0.228225267,0.03845377615,0.01101376573,-0.2281882342,3.767839986e-05
0.428,0.03843882067,0.01106603205,-0.2282155094,0.0384368963,0.0110723165,-0.2281785369,3.7552195e-05
0.429,0.03842179848,0.01112498995,-0.2282057427,0.03841991135,0.01113089828,-0.2281688303,3.742983292e-05
0.43,0.03840467022,0.01118397539,-0.2281959671,0.03840282144,0.01118950965,-0.2281591148,3.731131764e-05
0.431,0.03838743603,0.01124298691,-0.2281861828,0.0383856267,0.01124814921,-0.2281493906,3.719664991e-05
0.432,0.0383700961,0.01130202305,-0.22817639,0.03836832727,0.01130681555,-0.2281396577,3.708582707e-05
0.433,0.0383526506,0.01136108235,-0.2281665889,0.0383509233,0.01136550731,-0.2281299164,3.697884298e-05
0.434,0.03833509969,0.01142016338,-0.2281567797,0.03833341494,0.0114242231,-0.2281201669,3.6875688e-05
0.435,0.03831744357,0.01147926471,-0.2281469627,0.03831580236,0.01148296155,-0.2281104094,3.677634899e-05
0.436,0.03829968242,0.01153838491,-0.228137138,0.03829808569,0.01154172132,-0.2281006441,3.668080941e-05
0.437,0.03828181644,0.01159752258,-0.2281273058,0.03828026512,0.01160050105,-0.2280908712,3.658904939e-05
0.438,0.03826384582,0.01165667632,-0.2281174663,0.03826234081,0.01165929941,-0.2280810907,3.650104571e-05
0.439,0.03824577077,0.01171584475,-0.2281076198,0.03824431293,0.01171811508,-0.2280713031,3.641677194e-05
0.44,0.03822759149,0.01177502649,-0.2280977663,0.03822618167,0.01177694675,-0.2280615083,3.633619837e-05
0.441,0.03820930819,0.01183422019,-0.2280879062,0.03820794719,0.01183579313,-0.2280517066,3.625929201e-05
0.442,0.0381909211,0.01189342448,-0.2280780396,0.03818960968,0.01189465293,-0.2280418982,3.618601656e-05
0.443,0.03817243042,0.01195263803,-0.2280681666,0.03817116934,0.01195352488,-0.2280320832,3.611633244e-05
0.444,0.03815383638,0.01201185953,-0.2280582876,0.03815262635,0.01201240772,-0.2280222619,3.605019675e-05
0.445,0.03813513922,0.01207108765,-0.2280484026,0.0381339809,0.01207130021,-0.2280124343,3.598756339e-05
0.446,0.03811633915,0.0121303211,-0.2280385119,0.03811523319,0.01213020111,-0.2280026007,3.592838307e-05
0.447,0.03809743641,0.01218955859,-0.2280286155,0.03809638342,0.0121891092,-0.2279927612,3.587260349e-05
0.448,0.03807843125,0.01224879886,-0.2280187138,0.03807743179,0.01224802328,-0.227982916,3.582016937e-05
0.449,0.0380593239,0.01230804064,-0.2280088069,0.03805837851,0.01230694214,-0.2279730653,3.577102259e-05
0.45,0.0380401146,0.0123672827,-0.227998895,0.03803922377,0.01236586462,-0.2279632092,3.572510225e-05
0.451,0.0380208036,0.0124265238,-0.2279889782,0.03801996779,0.01242478956,-0.2279533478,3.568234475e-05
0.452,0.03800139114,0.01248576274,-0.2279790567,0.03800061078,0.01248371579,-0.2279434814,3.564268386e-05
0.453,0.03798187749,0.01254499831,-0.2279691307,0.03798115295,0.0125426422,-0.2279336101,3.560605078e-05
0.454,0.03796226288,0.01260422934,-0.2279592003,0.03796159451,0.01260156767,-0.227923734,3.557237423e-05
0.455,0.03794254757,0.01266345466,-0.2279492658,0.03794193567,0.01266049109,-0.2279138533,3.554158057e-05
0.456,0.03792273182,0.01272267311,-0.2279393272,0.03792217665,0.01271941138,-0.2279039681,3.551359391e-05
0.457,0.03790281589,0.01278188356,-0.2279293848,0.03790231767,0.01277832747,-0.2278940786,3.548833624e-05
0.458,0.03788280004,0.0128410849,-0.2279194386,0.03788235894,0.01283723832,-0.2278841849,3.546572758e-05
0.459,0.03786268451,0.01290027603,-0.2279094889,0.03786230067,0.01289614287,-0.2278742871,3.544568611e-05
0.46,0.03784246958,0.01295945585,-0.2278995358,0.03784214309,0.01295504011,-0.2278643855,3.542812826e-05
0.461,0.03782215551,0.01301862331,-0.2278895795,0.03782188641,0.01301392904,-0.2278544801,3.541296887e-05
0.462,0.03780174255,0.01307777735,-0.22787962,0.03780153085,0.01307280868,-0.227844571,3.540012125e-05
0.463,0.03778123096,0.01313691695,-0.2278696576,0.03778107661,0.01313167806,-0.2278346584,3.538949729e-05
0.464,0.03776062102,0.01319604109,-0.2278596924,0.03776052393,0.01319053623,-0.2278247424,3.538100758e-05
0.465,0.03773991297,0.01325514878,-0.2278497245,0.037739873,0.01324938226,-0.2278148231,3.537456161e-05
0.466,0.03771910708,0.01331423904,-0.227839754,0.03771912405,0.01330821524,-0.2278049007,3.53700678e-05
0.467,0.03769820361,0.01337331091,-0.2278297812,0.03769827728,0.01336703428,-0.2277949752,3.536743375e-05
0.468,0.03767720282,0.01343236346,-0.227819806,0.03767733291,0.01342583851,-0.2277850468,3.536656635e-05
0.469,0.03765610495,0.01349139576,-0.2278098288,0.03765629114,0.01348462707,-0.2277751156,3.536737197e-05
0.47,0.03763491028,0.01355040693,-0.2277998494,0.03763515218,0.01354339913,-0.2277651817,3.536975653e-05
0.471,0.03761361905,0.01360939608,-0.2277898682,0.03761391622,0.01360215387,-0.2277552452,3.537362571e-05
0.472,0.03759223152,0.01366836235,-0.2277798852,0.03759258348,0.01366089049,-0.2277453061,3.537888496e-05
0.473,0.03757074793,0.01372730491,-0.2277699005,0.03757115414,0.01371960823,-0.2277353646,3.538543965e-05
0.474,0.03754916853,0.01378622294,-0.2277599142,0.03754962841,0.01377830633,-0.2277254208,3.539319523e-05
0.475,0.03752749356,0.01384511564,-0.2277499265,0.03752800647,0.01383698406,-0.2277154748,3.540205724e-05
0.476,0.03750572327,0.01390398225,-0.2277399374,0.03750628851,0.01389564071,-0.2277055266,3.541193154e-05
0.477,0.03748385788,0.013962822,-0.2277299471,0.03748447471,0.01395427559,-0.2276955763,3.542272443e-05
0.478,0.03746189765,0.01402163416,-0.2277199556,0.03746256525,0.01401288803,-0.2276856241,3.543434286e-05
0.479,0.03743984279,0.01408041803,-0.227709963,0.0374405603,0.01407147738,-0.2276756699,3.544669447e-05
0.48,0.03741769353,0.01413917293,-0.2276999695,0.03741846004,0.01413004303,-0.2276657139,3.545968787e-05
0.481,0.03739545009,0.01419789818,-0.2276899751,0.03739626462,0.01418858437,-0.2276557561,3.547323269e-05
0.482,0.03737311269,0.01425659314,-0.2276799799,0.03737397421,0.01424710083,-0.2276457966,3.548723969e-05
0.483,0.03735068154,0.01431525721,-0.227669984,0.03735158896,0.01430559184,-0.2276358354,3.550162088e-05
0.484,0.03732815684,0.01437388977,-0.2276599874,0.03732910901,0.01436405688,-0.2276258727,3.551628962e-05
0.485,0.03730553879,0.01443249028,-0.2276499902,0.0373065345,0.01442249543,-0.2276159083,3.553116071e-05
0.486,0.03728282759,0.01449105817,-0.2276399926,0.03728386558,0.01448090702,-0.2276059425,3.554615051e-05
0.487,0.03726002343,0.01454959292,-0.2276299945,0.03726110236,0.01453929117,-0.2275959752,3.556117703e-05
0.488,0.03723712648,0.01460809404,-0.227619996,0.03723824496,0.01459764747,-0.2275860065,3.557616016e-05
0.489,0.03721413692,0.01466656105,-0.2276099971,0.0372152935,0.01465597549,-0.2275760365,3.559102175e-05
0.49,0.03719105492,0.01472499351,-0.227599998,0.03719224808,0.01471427484,-0.227566065,3.560568585e-05
0.491,0.03716788063,0.01478339099,-0.2275899987,0.0371691088,0.01477254518,-0.2275560922,3.562007875e-05
0.492,0.03714461421,0.0148417531,-0.2275799992,0.03714587574,0.01483078615,-0.2275461181,3.563412922e-05
0.493,0.0371212558,0.01490007945,-0.2275699995,0.03712254898,0.01488899745,-0.2275361428,3.564776853e-05
0.494,0.03709780553,0.01495836972,-0.2275599997,0.03709912859,0.01494717879,-0.2275261661,3.566093059e-05
0.495,0.03707426353,0.01501662357,-0.2275499999,0.03707561463,0.01500532991,-0.2275161882,3.567355207e-05
0.496,0.03705062992,0.01507484071,-0.2275399999,0.03705200716,0.01506345058,-0.227506209,3.568557246e-05
0.497,0.0370269048,0.01513302088,-0.22753,0.0370283062,0.0151215406,-0.2274962285,3.569693423e-05
0.498,0.03700308827,0.01519116384,-0.22752,0.03700451179,0.01517959977,-0.2274862468,3.570758297e-05
0.499,0.03697918041,0.01524926937,-0.22751,0.03698062395,0.01523762796,-0.2274762638,3.57174675e-05
0.5,0.0369551813,0.01530733729,-0.2275,0.03695664269,0.01529562503,-0.2274662795,3.572654012e-05
0.501,0.03693109101,0.01536536745,-0.22749,0.03693256799,0.01535359089,-0.2274562939,3.573475647e-05
0.502,0.03690690959,0.01542335969,-0.22748,0.03690839989,0.01541152539,-0.2274463069,3.574206722e-05
0.503,0.03688263712,0.01548131388,-0.22747,0.03688413863,0.01546942803,-0.2274363188,3.57484122e-05
0.504,0.03685827363,0.01553922987,-0.22746,0.0368597847,0.01552729772,-0.2274263299,3.575381801e-05
0.505,0.03683381921,0.01559710751,-0.22745,0.03683533874,0.01558513283,-0.2274163404,3.575848517e-05
0.506,0.03680927389,0.01565494667,-0.22744,0.03681080136,0.01564293145,-0.2274063507,3.576277235e-05
0.507,0.03678463776,0.01571274721,-0.22743,0.036786173,0.01570069176,-0.2273963608,3.576709069e-05
0.508,0.03675991086,0.01577050897,-0.22742,0.0367614539,0.01575841234,-0.227386371,3.577177297e-05
0.509,0.03673509327,0.01582823183,-0.22741,0.03673664409,0.01581609251,-0.2273763812,3.577697785e-05
0.51,0.03671018503,0.01588591563,-0.2274,0.03671174348,0.01587373228,-0.2273663914,3.578265927e-05
0.511,0.03668518621,0.01594356023,-0.22739,0.03668675203,0.01593133227,-0.2273564016,3.57886016e-05
0.512,0.03666009688,0.01600116549,-0.22738,0.03666166974,0.01598889338,-0.2273464118,3.579450212e-05
0.513,0.03663491709,0.01605873127,-0.22737,0.03663649676,0.01604641646,-0.2273364218,3.580007211e-05
0.514,0.0366096469,0.01611625743,-0.22736,0.03661123332,0.01610390195,-0.2273264317,3.580512657e-05
0.515,0.03658428639,0.01617374382,-0.22735,0.03658587964,0.01616134974,-0.2273164414,3.580963741e-05
0.516,0.03655883561,0.01623119031,-0.22734,0.03656043592,0.01621875915,-0.2273064511,3.581373693e-05
0.517,0.03653329462,0.01628859674,-0.22733,0.03653490222,0.0162761291,-0.2272964608,3.581767321e-05
0.518,0.0365076635,0.01634596299,-0.22732,0.03650927854,0.01633345838,-0.2272864706,3.582173331e-05
0.519,0.03648194229,0.0164032889,-0.22731,0.0364835648,0.01639074598,-0.2272764805,3.58261585e-05
0.52,0.03645613107,0.01646057434,-0.2273,0.03645776093,0.01644799128,-0.2272664907,3.583107686e-05
0.521,0.03643022989,0.01651781917,-0.22729,0.0364318669,0.01650519424,-0.227256501,3.583647166e-05
0.522,0.03640423883,0.01657502324,-0.22728,0.03640588281,0.01656235529,-0.2272465114,3.584219306e-05
0.523,0.03637815794,0.01663218641,-0.22727,0.03637980881,0.01661947516,-0.227236522,3.584800763e-05
0.524,0.03635198729,0.01668930855,-0.22726,0.0363536451,0.01667655462,-0.2272265325,3.585367004e-05
0.525,0.03632572695,0.0167463895,-0.22725,0.03632739188,0.01673359419,-0.2272165429,3.585899531e-05
0.526,0.03629937698,0.01680342914,-0.22724,0.03630104929,0.016790594,-0.2272065533,3.586391053e-05
0.527,0.03627293745,0.01686042731,-0.22723,0.03627461738,0.01684755368,-0.2271965636,3.586847203e-05
0.528,0.03624640841,0.01691738388,-0.22722,0.03624809616,0.01690447245,-0.2271865739,3.587284395e-05
0.529,0.03621978994,0.01697429871,-0.22721,0.03622148555,0.01696134937,-0.2271765842,3.587724622e-05
0.53,0.0361930821,0.01703117166,-0.2272,0.03619478549,0.01701818352,-0.2271665947,3.588188827e-05
0.531,0.03616628496,0.01708800259,-0.22719,0.03616799597,0.01707497426,-0.2271566053,3.588690828e-05
0.532,0.03613939858,0.01714479135,-0.22718,0.03614111704,0.01713172138,-0.2271466161,3.589233531e-05
0.533,0.03611242303,0.01720153781,-0.22717,0.0361141488,0.01718842507,-0.2271366271,3.589808445e-05
0.534,0.03608535837,0.01725824183,-0.22716,0.03608709144,0.01724508584,-0.2271266382,3.590398513e-05
0.535,0.03605820468,0.01731490326,-0.22715,0.03605994511,0.0173017043,-0.2271166492,3.590983365e-05
0.536,0.03603096202,0.01737152197,-0.22714,0.03603270999,0.01735828094,-0.2271066602,3.591545363e-05
0.537,0.03600363046,0.01742809782,-0.22713,0.03600538618,0.01741481596,-0.2270966712,3.592074679e-05
0.538,0.03597621006,0.01748463067,-0.22712,0.03597797372,0.01747130918,-0.2270866821,3.592571922e-05
0.539,0.0359487009,0.01754112037,-0.22711,0.03595047262,0.01752776005,-0.2270766929,3.593047608e-05
0.54,0.03592110303,0.01759756679,-0.2271,0.03592288284,0.01758416782,-0.2270667038,3.593518742e-05
0.541,0.03589341653,0.0176539698,-0.22709,0.03589520436,0.01764053168,-0.2270567148,3.594003596e-05
0.542,0.03586564147,0.01771032924,-0.22708,0.0358674372,0.017696851,-0.2270467259,3.594516287e-05
0.543,0.03583777792,0.01776664499,-0.22707,0.0358395814,0.01775312546,-0.2270367371,3.595062757e-05
0.544,0.03580982593,0.0178229169,-0.22706,0.03581163708,0.01780935507,-0.2270267486,3.59563927e-05
0.545,0.03578178559,0.01787914483,-0.22705,0.03578360437,0.01786554014,-0.2270167601,3.596233801e-05
0.546,0.03575365697,0.01793532864,-0.22704,0.03575548342,0.01792168113,-0.2270067716,3.596829813e-05
0.547,0.03572544012,0.01799146821,-0.22703,0.03572727437,0.01797777847,-0.2269967831,3.597411264e-05
0.548,0.03569713512,0.01804756338,-0.22702,0.03569897733,0.01803383238,-0.2269867945,3.597967309e-05
0.549,0.03566874205,0.01810361402,-0.22701,0.03567059235,0.0180898428,-0.2269768059,3.598495337e-05
0.55,0.03564026097,0.01815961999,-0.227,0.03564211947,0.01814580934,-0.2269668173,3.599001476e-05
0.551,0.03561169195,0.01821558115,-0.22699,0.03561355869,0.01820173142,-0.2269568286,3.599498494e-05
0.552,0.03558303506,0.01827149737,-0.22698,0.03558491001,0.01825760835,-0.2269468401,3.600001808e-05
0.553,0.03555429037,0.01832736851,-0.22697,0.03555617345,0.01831343954,-0.2269368516,3.600524842e-05
0.554,0.03552545795,0.01838319442,-0.22696,0.03552734906,0.01836922461,-0.2269268633,3.601075116e-05
0.555,0.03549653788,0.01843897498,-0.22695,0.03549843692,0.01842496345,-0.2269168751,3.601652222e-05
0.556,0.03546753023,0.01849471004,-0.22694,0.03546943716,0.01848065622,-0.226906887,3.602248185e-05
0.557,0.03543843506,0.01855039947,-0.22693,0.0354403499,0.01853630324,-0.2268968989,3.602850055e-05
0.558,0.03540925245,0.01860604312,-0.22692,0.03541117527,0.01859190485,-0.2268869108,3.603443882e-05
0.559,0.03537998248,0.01866164087,-0.22691,0.03538191339,0.01864746126,-0.2268769227,3.60401887e-05
0.56,0.0353506252,0.01871719257,-0.2269,0.03535256433,0.01870297249,-0.2268669346,3.604570464e-05
0.561,0.03532118071,0.01877269809,-0.22689,0.03532312815,0.01875843827,-0.2268569464,3.605101493e-05
0.562,0.03529164906,0.01882815729,-0.22688,0.03529360486,0.01881385815,-0.2268469582,3.605621085e-05
0.563,0.03526203033,0.01888357003,-0.22687,0.0352639945,0.01886923157,-0.2268369701,3.606141754e-05
0.564,0.0352323246,0.01893893618,-0.22686,0.03523429708,0.01892455798,-0.226826982,3.606675583e-05
0.565,0.03520253193,0.01899425559,-0.22685,0.03520451265,0.018979837,-0.2268169941,3.607230661e-05
0.566,0.03517265241,0.01904952815,-0.22684,0.03517464127,0.01903506843,-0.2268070062,3.607808827e-05
0.567,0.0351426861,0.0191047537,-0.22683,0.03514468306,0.01909025231,-0.2267970185,3.608405325e-05
0.568,0.03511263308,0.01915993211,-0.22682,0.03511463814,0.01914538885,-0.2267870308,3.609010429e-05
0.569,0.03508249342,0.01921506324,-0.22681,0.03508450661,0.01920047829,-0.2267770431,3.609612472e-05
0.57,0.0350522672,0.01927014696,-0.2268,0.03505428861,0.01925552082,-0.2267670554,3.610201363e-05
0.571,0.03502195449,0.01932518314,-0.22679,0.03502398423,0.0193105165,-0.2267570677,3.610771521e-05
0.572,0.03499155537,0.01938017163,-0.22678,0.03499359352,0.01936546514,-0.2267470799,3.611323371e-05
0.573,0.03496106991,0.01943511231,-0.22677,0.03496311654,0.0194203664,-0.2267370922,3.611863018e-05
0.574,0.03493049819,0.01949000503,-0.22676,0.03493255331,0.01947521983,-0.2267271044,3.612400241e-05
0.575,0.03489984028,0.01954484966,-0.22675,0.03490190386,0.01953002494,-0.2267171168,3.612945476e-05
0.576,0.03486909626,0.01959964607,-0.22674,0.03487116824,0.01958478135,-0.2267071292,3.613506701e-05
0.577,0.0348382662,0.01965439411,-0.22673,0.03484034651,0.01963948883,-0.2266971417,3.614087161e-05
0.578,0.03480735019,0.01970909366,-0.22672,0.03480943877,0.01969414733,-0.2266871543,3.614684561e-05
0.579,0.03477634829,0.01976374458,-0.22671,0.03477844513,0.01974875694,-0.226677167,3.615291937e-05
0.58,0.03474526058,0.01981834674,-0.2267,0.0347473657,0.01980331785,-0.2266671797,3.615899863e-05
0.581,0.03471408714,0.01987289999,-0.22669,0.0347162006,0.01985783019,-0.2266571924,3.616499327e-05
0.582,0.03468282805,0.01992740421,-0.22668,0.03468494994,0.01991229403,-0.226647205,3.617084382e-05
0.583,0.03465148338,0.01998185927,-0.22667,0.03465361378,0.01996670926,-0.2266372177,3.617653807e-05
0.584,0.03462005321,0.02003626501,-0.22666,0.03462219218,0.02002107561,-0.2266272303,3.618211301e-05
0.585,0.03458853762,0.02009062133,-0.22665,0.03459068519,0.02007539271,-0.226617243,3.61876422e-05
0.586,0.03455693669,0.02014492807,-0.22664,0.03455909284,0.02012966014,-0.2266072557,3.619321272e-05
0.587,0.03452525049,0.0201991851,-0.22663,0.03452741518,0.02018387756,-0.2265972685,3.619889885e-05
0.588,0.0344934791,0.02025339229,-0.22662,0.03449565228,0.02023804469,-0.2265872813,3.620474058e-05
0.589,0.03446162261,0.02030754952,-0.22661,0.03446380422,0.02029216143,-0.2265772943,3.621073285e-05
0.59,0.03442968108,0.02036165663,-0.2266,0.03443187111,0.02034622781,-0.2265673073,3.621682865e-05
0.591,0.0343976546,0.0204157135,-0.22659,0.03439985305,0.02040024392,-0.2265573203,3.622295431e-05
0.592,0.03436554325,0.02046972,-0.22658,0.03436775016,0.02045420987,-0.2265473334,3.62290322e-05
0.593,0.03433334711,0.020523676,-0.22657,0.03433556254,0.02050812571,-0.2265373464,3.623500393e-05
0.594,0.03430106625,0.02057758135,-0.22656,0.03430329028,0.02056199137,-0.2265273595,3.624084696e-05
0.595,0.03426870075,0.02063143593,-0.22655,0.03427093344,0.02061580664,-0.2265173725,3.624658002e-05
0.596,0.03423625071,0.02068523961,-0.22654,0.03423849209,0.02066957124,-0.2265073855,3.625225613e-05
0.597,0.03420371618,0.02073899224,-0.22653,0.03420596626,0.0207232848,-0.2264973986,3.625794568e-05
0.598,0.03417109727,0.0207926937,-0.22652,0.03417335601,0.02077694698,-0.2264874117,3.626371494e-05
0.599,0.03413839404,0.02084634386,-0.22651,0.0341406614,0.02083055754,-0.2264774249,3.626960653e-05
0.6,0.03410560657,0.02089994259,-0.2265,0.03410788251,0.02088411632,-0.2264674382,3.627562763e-05
0.601,0.03407273496,0.02095348974,-0.22649,0.03407501944,0.02093762329,-0.2264574515,3.628174904e-05
0.602,0.03403977927,0.0210069852,-0.22648,0.03404207231,0.02099107848,-0.2264474649,3.62879151e-05
0.603,0.0340067396,0.02106042882,-0.22647,0.0340090412,0.02104448196,-0.2264374783,3.629406109e-05
0.604,0.03397361601,0.02111382048,-0.22646,0.03397592625,0.02109783377,-0.2264274917,3.630013273e-05
0.605,0.0339404086,0.02116716004,-0.22645,0.03394272752,0.02115113385,-0.2264175051,3.630610193e-05
0.606,0.03390711744,0.02122044737,-0.22644,0.03390944511,0.02120438205,-0.2264075185,3.631197419e-05
0.607,0.03387374263,0.02127368235,-0.22643,0.03387607907,0.02125757812,-0.2263975319,3.631778581e-05
0.608,0.03384028423,0.02132686483,-0.22642,0.03384262946,0.02131072177,-0.2263875453,3.632359198e-05
0.609,0.03380674233,0.02137999469,-0.22641,0.03380909633,0.02136381268,-0.2263775588,3.632944974e-05
0.61,0.03377311702,0.0214330718,-0.2264,0.03377547976,0.02141685062,-0.2263675724,3.633540099e-05
0.611,0.03373940838,0.02148609602,-0.22639,0.03374177982,0.0214698354,-0.226357586,3.634146055e-05
0.612,0.03370561649,0.02153906723,-0.22638,0.03370799661,0.02152276694,-0.2263475996,3.63476127e-05
0.613,0.03367174143,0.0215919853,-0.22637,0.03367413022,0.02157564525,-0.2263376133,3.635381694e-05
0.614,0.03363778329,0.02164485009,-0.22636,0.03364018077,0.02162847034,-0.2263276271,3.636002084e-05
0.615,0.03360374216,0.02169766147,-0.22635,0.03360614835,0.02168124223,-0.2263176408,3.636617605e-05
0.616,0.03356961811,0.02175041931,-0.22634,0.03357203308,0.02173396088,-0.2263076545,3.637225246e-05
0.617,0.03353541123,0.02180312349,-0.22633,0.03353783502,0.02178662615,-0.2262976683,3.637824655e-05
0.618,0.0335011216,0.02185577387,-0.22632,0.03350355425,0.02183923785,-0.226287682,3.638418144e-05
0.619,0.03346674932,0.02190837032,-0.22631,0.03346919084,0.02189179573,-0.2262776958,3.639009907e-05
0.62,0.03343229445,0.02196091272,-0.2263,0.03343474484,0.02194429951,-0.2262677096,3.639604707e-05
0.621,0.0333977571,0.02201340093,-0.22629,0.03340021634,0.02199674895,-0.2262577235,3.640206439e-05
0.622,0.03336313734,0.02206583483,-0.22628,0.03336560539,0.02204914386,-0.2262477374,3.640816999e-05
0.623,0.03332843527,0.02211821427,-0.22627,0.03333091211,0.02210148415,-0.2262377514,3.641435795e-05
0.624,0.03329365095,0.02217053915,-0.22626,0.03329613657,0.02215376977,-0.2262277654,3.642060008e-05
0.625,0.03325878449,0.02222280932,-0.22625,0.0332612789,0.02220600071,-0.2262177794,3.642685508e-05
0.626,0.03322383597,0.02227502466,-0.22624,0.03322633919,0.02225817695,-0.2262077935,3.643308131e-05
0.627,0.03318880547,0.02232718504,-0.22623,0.03319131755,0.02231029846,-0.2261978076,3.64392491e-05
0.628,0.03315369308,0.02237929032,-0.22622,0.03315621405,0.02236236513,-0.2261878217,3.644534922e-05
0.629,0.03311849888,0.02243134039,-0.22621,0.03312102879,0.02241437678,-0.2261778357,3.645139481e-05
0.63,0.03308322297,0.02248333511,-0.2262,0.03308576183,0.02246633321,-0.2261678498,3.645741668e-05
0.631,0.03304786543,0.02253527436,-0.22619,0.03305041324,0.02251823417,-0.226157864,3.646345354e-05
0.632,0.03301242635,0.022587158,-0.22618,0.03301498309,0.02257007944,-0.2261478782,3.64695401e-05
0.633,0.03297690581,0.02263898591,-0.22617,0.03297947147,0.02262186882,-0.2261378924,3.647569693e-05
0.634,0.03294130391,0.02269075797,-0.22616,0.03294387846,0.0226736022,-0.2261279067,3.648192483e-05
0.635,0.03290562072,0.02274247403,-0.22615,0.03290820416,0.0227252795,-0.226117921,3.648820529e-05
0.636,0.03286985635,0.02279413398,-0.22614,0.03287244866,0.02277690068,-0.2261079353,3.649450671e-05
0.637,0.03283401087,0.02284573769,-0.22613,0.03283661209,0.02282846572,-0.2260979497,3.650079419e-05
0.638,0.03279808437,0.02289728502,-0.22612,0.03280069453,0.02287997456,-0.2260879641,3.650704012e-05
0.639,0.03276207695,0.02294877586,-0.22611,0.03276469608,0.02293142711,-0.2260779785,3.651323206e-05
0.64,0.0327259887,0.02300021008,-0.2261,0.03272861682,0.02298282322,-0.2260679929,3.65193759e-05
0.641,0.03268981969,0.02305158755,-0.22609,0.03269245684,0.0230341627,-0.2260580073,3.652549345e-05
0.642,0.03265357003,0.02310290814,-0.22608,0.0326562162,0.02308544535,-0.2260480218,3.65316153e-05
0.643,0.0326172398,0.02315417172,-0.22607,0.03261989499,0.02313667095,-0.2260380362,3.653777141e-05
0.644,0.03258082908,0.02320537818,-0.22606,0.03258349327,0.02318783931,-0.2260280508,3.654398218e-05
0.645,0.03254433798,0.02325652737,-0.22605,0.03254701115,0.02323895031,-0.2260180653,3.655025276e-05
0.646,0.03250776658,0.02330761919,-0.22604,0.03251044872,0.02329000384,-0.22600808,3.655657195e-05
0.647,0.03247111496,0.02335865349,-0.22603,0.03247380608,0.02334099986,-0.2259980946,3.656291624e-05
0.648,0.03243438323,0.02340963016,-0.22602,0.03243708333,0.0233919383,-0.2259881093,3.656925718e-05
0.649,0.03239757147,0.02346054907,-0.22601,0.03240028058,0.02344281911,-0.225978124,3.657557008e-05
0.65,0.03236067977,0.02351141009,-0.226,0.03236339792,0.0234936422,-0.2259681387,3.658184115e-05
0.651,0.03232370823,0.0235622131,-0.22599,0.03232643544,0.02354440745,-0.2259581534,3.658807126e-05
0.652,0.03228665693,0.02361295797,-0.22598,0.03228939322,0.02359511468,-0.2259481681,3.659427508e-05
0.653,0.03224952597,0.02366364458,-0.22597,0.03225227135,0.02364576371,-0.2259381828,3.660047623e-05
0.654,0.03221231543,0.02371427281,-0.22596,0.0322150699,0.02369635434,-0.2259281976,3.660669983e-05
0.655,0.03217502541,0.02376484252,-0.22595,0.03217778896,0.0237468864,-0.2259182124,3.6612965e-05
0.656,0.032137656,0.02381535359,-0.22594,0.03214042862,0.02379735973,-0.2259082273,3.661927934e-05
0.657,0.0321002073,0.0238658059,-0.22593,0.03210298897,0.02384777424,-0.2258982422,3.662563704e-05
0.658,0.03206267939,0.02391619932,-0.22592,0.03206547011,0.02389812985,-0.2258882571,3.663202118e-05
0.659,0.03202507238,0.02396653374,-0.22591,0.03202787215,0.02394842649,-0.2258782721,3.66384091e-05
0.66,0.03198738634,0.02401680901,-0.2259,0.03199019519,0.0239986641,-0.225868287,3.664477939e-05
0.661,0.03194962138,0.02406702503,-0.22589,0.03195243932,0.02404884259,-0.225858302,3.665111821e-05
0.662,0.03191177758,0.02411718167,-0.22588,0.03191460465,0.02409896183,-0.225848317,3.665742316e-05
0.663,0.03187385505,0.0241672788,-0.22587,0.03187669125,0.02414902169,-0.225838332,3.666370348e-05
0.664,0.03183585387,0.0242173163,-0.22586,0.03183869922,0.02419902198,-0.225828347,3.666997692e-05
0.665,0.03179777414,0.02426729404,-0.22585,0.03180062864,0.02424896254,-0.2258183621,3.667626406e-05
0.666,0.03175961595,0.02431721191,-0.22584,0.0317624796,0.02429884319,-0.2258083772,3.668258204e-05
0.667,0.03172137939,0.02436706978,-0.22583,0.03172425218,0.02434866378,-0.2257983923,3.66889396e-05
0.668,0.03168306457,0.02441686752,-0.22582,0.03168594647,0.0243984242,-0.2257884075,3.669533473e-05
0.669,0.03164467157,0.02446660502,-0.22581,0.0316475626,0.02444812436,-0.2257784227,3.67017557e-05
0.67,0.0316062005,0.02451628215,-0.2258,0.03160910064,0.02449776419,-0.2257684379,3.670818484e-05
0.671,0.03156765143,0.02456589878,-0.22579,0.03157056071,0.0245473436,-0.2257584532,3.67146041e-05
0.672,0.03152902448,0.02461545481,-0.22578,0.03153194291,0.02459686251,-0.2257484684,3.672100042e-05
0.673,0.03149031973,0.02466495009,-0.22577,0.03149324734,0.02464632081,-0.2257384837,3.672736941e-05
0.674,0.03145153729,0.02471438452,-0.22576,0.03145447408,0.02469571836,-0.225728499,3.673371634e-05
0.675,0.03141267724,0.02476375797,-0.22575,0.03141562323,0.024745055,-0.2257185143,3.674005418e-05
0.676,0.03137373968,0.02481307032,-0.22574,0.03137669488,0.02479433058,-0.2257085296,3.674639938e-05
0.677,0.03133472471,0.02486232144,-0.22573,0.03133768911,0.02484354492,-0.2256985449,3.675276688e-05
0.678,0.03129563242,0.02491151122,-0.22572,0.03129860601,0.02489269788,-0.2256885603,3.675916561e-05
0.679,0.03125646292,0.02496063953,-0.22571,0.03125944569,0.02494178935,-0.2256785758,3.676559607e-05
0.68,0.03121721629,0.02500970625,-0.2257,0.03122020824,0.02499081922,-0.2256685912,3.677205048e-05
0.681,0.03117789264,0.02505871127,-0.22569,0.03118089377,0.02503978741,-0.2256586067,3.677851542e-05
0.682,0.03113849206,0.02510765445,-0.22568,0.03114150238,0.02508869383,-0.2256486222,3.6784976e-05
0.683,0.03109901465,0.02515653569,-0.22567,0.03110203417,0.02513753839,-0.2256386377,3.67914204e-05
0.684,0.03105946051,0.02520535485,-0.22566,0.03106248925,0.02518632099,-0.2256286532,3.679784324e-05
0.685,0.03101982973,0.02525411182,-0.22565,0.0310228677,0.02523504149,-0.2256186688,3.680424694e-05
0.686,0.03098012241,0.02530280648,-0.22564,0.03098316963,0.02528369977,-0.2256086843,3.68106407e-05
0.687,0.03094033865,0.0253514387,-0.22563,0.03094339512,0.02533229565,-0.2255986999,3.68170374e-05
0.688,0.03090047855,0.02540000838,-0.22562,0.03090354426,0.02538082899,-0.2255887155,3.682344969e-05
0.689,0.0308605422,0.02544851538,-0.22561,0.03086361715,0.02542929964,-0.2255787312,3.682988611e-05
0.69,0.03082052971,0.02549695959,-0.2256,0.03082361389,0.02547770749,-0.2255687468,3.683634871e-05
0.691,0.03078044117,0.02554534089,-0.22559,0.03078353458,0.02552605242,-0.2255587625,3.684283268e-05
0.692,0.03074027669,0.02559365916,-0.22558,0.03074337933,0.02557433435,-0.2255487782,3.684932801e-05
0.693,0.03070003636,0.02564191428,-0.22557,0.03070314823,0.02562255318,-0.225538794,3.68558227e-05
0.694,0.03065972027,0.02569010613,-0.22556,0.03066284139,0.02567070882,-0.2255288097,3.686230638e-05
0.695,0.03061932854,0.02573823459,-0.22555,0.03062245891,0.02571880116,-0.2255188255,3.686877336e-05
0.696,0.03057886126,0.02578629955,-0.22554,0.0305820009,0.02576683009,-0.2255088413,3.687522413e-05
0.697,0.03053831852,0.02583430088,-0.22553,0.03054146745,0.02581479547,-0.2254988571,3.688166496e-05
0.698,0.03049770044,0.02588223846,-0.22552,0.03050085865,0.02586269716,-0.2254888729,3.688810576e-05
0.699,0.03045700711,0.02593011219,-0.22551,0.0304601746,0.025910535,-0.2254788888,3.689455697e-05
0.7,0.03041623862,0.02597792193,-0.2255,0.03041941539,0.02595830888,-0.2254689046,3.690102639e-05
0.701,0.03037539509,0.02602566758,-0.22549,0.03037858113,0.02600601865,-0.2254589205,3.690751692e-05
0.702,0.03033447661,0.02607334901,-0.22548,0.03033767192,0.02605366421,-0.2254489365,3.691402589e-05
0.703,0.03029348328,0.02612096611,-0.22547,0.03029668786,0.02610124546,-0.2254389524,3.692054601e-05
0.704,0.03025241521,0.02616851876,-0.22546,0.03025562906,0.0261487623,-0.2254289684,3.692706777e-05
0.705,0.03021127249,0.02621600684,-0.22545,0.03021449562,0.02619621464,-0.2254189844,3.693358232e-05
0.706,0.03017005523,0.02626343023,-0.22544,0.03017328765,0.02624360239,-0.2254090004,3.694008411e-05
0.707,0.03012876353,0.02631078882,-0.22543,0.03013200524,0.02629092541,-0.2253990164,3.694657238e-05
0.708,0.03008739748,0.02635808249,-0.22542,0.03009064851,0.02633818358,-0.2253890324,3.695305122e-05
0.709,0.0300459572,0.02640531113,-0.22541,0.03004921754,0.02638537678,-0.2253790484,3.695952808e-05
0.71,0.03000444279,0.02645247461,-0.2254,0.03000771243,0.02643250485,-0.2253690645,3.696601141e-05
0.711,0.02996285434,0.02649957283,-0.22539,0.02996613329,0.02647956767,-0.2253590806,3.697250809e-05
0.712,0.02992119196,0.02654660566,-0.22538,0.02992448022,0.02652656512,-0.2253490967,3.697902139e-05
0.713,0.02987945575,0.02659357299,-0.22537,0.02988275331,0.02657349707,-0.2253391129,3.69855501e-05
0.714,0.02983764582,0.0266404747,-0.22536,0.02984095267,0.02662036344,-0.225329129,3.699208905e-05
0.715,0.02979576226,0.02668731068,-0.22535,0.02979907842,0.02666716411,-0.2253191452,3.699863084e-05
0.716,0.02975380519,0.02673408081,-0.22534,0.02975713065,0.026713899,-0.2253091614,3.700516807e-05
0.717,0.02971177471,0.02678078497,-0.22533,0.02971510948,0.02676056799,-0.2252991776,3.70116956e-05
0.718,0.02966967091,0.02682742306,-0.22532,0.02967301501,0.02680717099,-0.2252891939,3.701821195e-05
0.719,0.02962749391,0.02687399496,-0.22531,0.02963084733,0.02685370786,-0.2252792101,3.702471958e-05
0.72,0.0295852438,0.02692050054,-0.2253,0.02958860656,0.02690017847,-0.2252692264,3.7031224e-05
0.721,0.02954292069,0.0269669397,-0.22529,0.02954629278,0.02694658271,-0.2252592426,3.703773193e-05
0.722,0.02950052469,0.02701331232,-0.22528,0.02950390611,0.02699292043,-0.2252492589,3.704424927e-05
0.723,0.02945805591,0.0270596183,-0.22527,0.02946144665,0.02703919151,-0.2252392753,3.705077929e-05
0.724,0.02941551443,0.0271058575,-0.22526,0.0294189145,0.02708539585,-0.2252292916,3.705732177e-05
0.725,0.02937290038,0.02715202982,-0.22525,0.02937630976,0.02713153334,-0.225219308,3.706387315e-05
0.726,0.02933021385,0.02719813515,-0.22524,0.02933363256,0.02717760387,-0.2252093243,3.707042776e-05
0.727,0.02928745495,0.02724417337,-0.22523,0.02929088298,0.02722360735,-0.2251993407,3.707697954e-05
0.728,0.02924462379,0.02729014436,-0.22522,0.02924806115,0.02726954367,-0.2251893572,3.708352389e-05
0.729,0.02920172047,0.02733604803,-0.22521,0.02920516716,0.02731541272,-0.2251793736,3.709005896e-05
0.73,0.0291587451,0.02738188424,-0.2252,0.02916220113,0.0273612144,-0.22516939,3.709658607e-05
0.731,0.02911569778,0.02742765289,-0.22519,0.02911916316,0.02740694857,-0.2251594065,3.710310919e-05
0.732,0.02907257862,0.02747335386,-0.22518,0.02907605334,0.02745261511,-0.225149423,3.71096336e-05
0.733,0.02902938773,0.02751898705,-0.22517,0.02903287179,0.0274982139,-0.2251394395,3.711616422e-05
0.734,0.02898612521,0.02756455234,-0.22516,0.02898961861,0.02754374481,-0.225129456,3.712270415e-05
0.735,0.02894279117,0.02761004961,-0.22515,0.02894629391,0.02758920773,-0.2251194725,3.712925376e-05
0.736,0.02889938571,0.02765547876,-0.22514,0.02890289779,0.02763460257,-0.225109489,3.713581071e-05
0.737,0.02885590895,0.02770083967,-0.22513,0.02885943036,0.0276799292,-0.2250995056,3.714237069e-05
0.738,0.028812361,0.02774613223,-0.22512,0.02881589174,0.02772518754,-0.2250895222,3.714892882e-05
0.739,0.02876874195,0.02779135633,-0.22511,0.02877228202,0.02777037748,-0.2250795388,3.715548111e-05
0.74,0.02872505191,0.02783651186,-0.2251,0.02872860133,0.02781549891,-0.2250695554,3.716202558e-05
0.741,0.028681291,0.02788159871,-0.22509,0.02868484977,0.02786055172,-0.225059572,3.716856278e-05
0.742,0.02863745932,0.02792661676,-0.22508,0.02864102744,0.0279055358,-0.2250495887,3.71750955e-05
0.743,0.02859355698,0.0279715659,-0.22507,0.02859713444,0.02795045101,-0.2250396053,3.718162779e-05
0.744,0.02854958409,0.02801644603,-0.22506,0.0285531709,0.02799529725,-0.225029622,3.718816371e-05
0.745,0.02850554076,0.02806125703,-0.22505,0.02850913691,0.0280400744,-0.2250196387,3.719470606e-05
0.746,0.02846142709,0.02810599879,-0.22504,0.02846503258,0.02808478233,-0.2250096554,3.720125553e-05
0.747,0.02841724319,0.0281506712,-0.22503,0.02842085802,0.02812942096,-0.2249996721,3.720781066e-05
0.748,0.02837298918,0.02819527416,-0.22502,0.02837661335,0.02817399016,-0.2249896888,3.721436823e-05
0.749,0.02832866516,0.02823980754,-0.22501,0.02833229867,0.02821848985,-0.2249797056,3.722092437e-05
0.75,0.02828427125,0.02828427125,-0.225,0.02828791409,0.02826291991,-0.2249697224,3.722747567e-05
0.751,0.02823980754,0.02832866516,-0.22499,0.02824345972,0.02830728025,-0.2249597391,3.72340202e-05
0.752,0.02819527416,0.02837298918,-0.22498,0.02819893568,0.02835157076,-0.2249497559,3.724055801e-05
0.753,0.0281506712,0.02841724319,-0.22497,0.02815434207,0.02839579131,-0.2249397727,3.724709098e-05
0.754,0.02810599879,0.02846142709,-0.22496,0.02810967901,0.0284399418,-0.2249297896,3.72536222e-05
0.755,0.02806125703,0.02850554076,-0.22495,0.02806494659,0.02848402211,-0.2249198064,3.726015493e-05
0.756,0.02801644603,0.02854958409,-0.22494,0.02802014493,0.02852803212,-0.2249098232,3.726669161e-05
0.757,0.0279715659,0.02859355698,-0.22493,0.02797527414,0.02857197172,-0.2248998401,3.727323312e-05
0.758,0.02792661676,0.02863745932,-0.22492,0.02793033432,0.0286158408,-0.224889857,3.727977856e-05
0.759,0.02788159871,0.028681291,-0.22491,0.0278853256,0.02865963927,-0.2248798739,3.72863256e-05
0.76,0.02783651186,0.02872505191,-0.2249,0.02784024809,0.02870336703,-0.2248698908,3.729287118e-05
0.761,0.02779135633,0.02876874195,-0.22489,0.02779510189,0.02874702396,-0.2248599077,3.729941246e-05
0.762,0.02774613223,0.028812361,-0.22488,0.02774988712,0.02879060997,-0.2248499246,3.730594764e-05
0.763,0.02770083967,0.02885590895,-0.22487,0.02770460389,0.02883412494,-0.2248399416,3.731247646e-05
0.764,0.02765547876,0.02889938571,-0.22486,0.02765925231,0.02887756878,-0.2248299585,3.731900014e-05
0.765,0.02761004961,0.02894279117,-0.22485,0.02761383249,0.02892094136,-0.2248199755,3.7325521e-05
0.766,0.02756455234,0.02898612521,-0.22484,0.02756834455,0.02896424257,-0.2248099925,3.733204161e-05
0.767,0.02751898705,0.02902938773,-0.22483,0.02752278859,0.02900747231,-0.2248000095,3.733856405e-05
0.768,0.02747335386,0.02907257862,-0.22482,0.02747716473,0.02905063046,-0.2247900265,3.734508924e-05
0.769,0.02742765289,0.02911569778,-0.22481,0.02743147307,0.02909371691,-0.2247800435,3.73516167e-05
0.77,0.02738188424,0.0291587451,-0.2248,0.02738571374,0.02913673157,-0.2247700606,3.735814473e-05
0.771,0.02733604803,0.02920172047,-0.22479,0.02733988684,0.02917967433,-0.2247600776,3.736467095e-05
0.772,0.02729014436,0.02924462379,-0.22478,0.0272939925,0.0292225451,-0.2247500947,3.737119302e-05
0.773,0.02724417337,0.02928745495,-0.22477,0.02724803082,0.02926534376,-0.2247401117,3.737770933e-05
0.774,0.02719813515,0.02933021385,-0.22476,0.02720200191,0.02930807022,-0.2247301288,3.738421944e-05
0.775,0.02715202982,0.02937290038,-0.22475,0.0271559059,0.02935072437,-0.2247201459,3.739072412e-05
0.776,0.0271058575,0.02941551443,-0.22474,0.02710974289,0.0293933061,-0.224710163,3.739722504e-05
0.777,0.0270596183,0.02945805591,-0.22473,0.02706351299,0.0294358153,-0.2247001801,3.740372424e-05
0.778,0.02701331232,0.02950052469,-0.22472,0.02701721633,0.02947825185,-0.2246901972,3.741022344e-05
0.779,0.0269669397,0.02954292069,-0.22471,0.02697085301,0.02952061566,-0.2246802144,3.74167235e-05
0.78,0.02692050054,0.0295852438,-0.2247,0.02692442315,0.02956290662,-0.2246702315,3.742322423e-05
0.781,0.02687399496,0.02962749391,-0.22469,0.02687792686,0.02960512463,-0.2246602487,3.742972441e-05
0.782,0.02682742306,0.02966967091,-0.22468,0.02683136426,0.02964726959,-0.2246502659,3.743622218e-05
0.783,0.02678078497,0.02971177471,-0.22467,0.02678473546,0.02968934139,-0.2246402831,3.744271568e-05
0.784,0.02673408081,0.02975380519,-0.22466,0.02673804058,0.02973133994,-0.2246303002,3.744920348e-05
0.785,0.02668731068,0.02979576226,-0.22465,0.02669127974,0.02977326513,-0.2246203174,3.745568505e-05
0.786,0.0266404747,0.02983764582,-0.22464,0.02664445305,0.02981511686,-0.2246103347,3.746216083e-05
0.787,0.02659357299,0.02987945575,-0.22463,0.02659756062,0.02985689502,-0.2246003519,3.746863202e-05
0.788,0.02654660566,0.02992119196,-0.22462,0.02655060257,0.02989859951,-0.2245903691,3.747510019e-05
0.789,0.02649957283,0.02996285434,-0.22461,0.02650357902,0.02994023022,-0.2245803864,3.748156675e-05
0.79,0.02645247461,0.03000444279,-0.2246,0.02645649008,0.02998178705,-0.2245704036,3.748803249e-05
0.791,0.02640531113,0.0300459572,-0.22459,0.02640933587,0.03002326989,-0.2245604209,3.749449736e-05
0.792,0.02635808249,0.03008739748,-0.22458,0.0263621165,0.03006467864,-0.2245504381,3.75009605e-05
0.793,0.02631078882,0.03012876353,-0.22457,0.02631483209,0.03010601321,-0.2245404554,3.750742051e-05
0.794,0.02626343023,0.03017005523,-0.22456,0.02626748275,0.03014727349,-0.2245304727,3.751387586e-05
0.795,0.02621600684,0.03021127249,-0.22455,0.02622006862,0.03018845938,-0.22452049,3.752032532e-05
0.796,0.02616851876,0.03025241521,-0.22454,0.02617258979,0.03022957079,-0.2245105073,3.752676836e-05
0.797,0.02612096611,0.03029348328,-0.22453,0.0261250464,0.03027060761,-0.2245005246,3.753320518e-05
0.798,0.02607334901,0.03033447661,-0.22452,0.02607743855,0.03031156974,-0.224490542,3.753963663e-05
0.799,0.02602566758,0.03037539509,-0.22451,0.02602976636,0.03035245708,-0.2244805593,3.75460639e-05
0.8,0.02597792193,0.03041623862,-0.2245,0.02598202996,0.03039326952,-0.2244705766,3.755248812e-05
0.801,0.02593011219,0.03045700711,-0.22449,0.02593422945,0.03043400695,-0.224460594,3.755890998e-05
0.802,0.02588223846,0.03049770044,-0.22448,0.02588636495,0.03047466929,-0.2244506114,3.756532952e-05
0.803,0.02583430088,0.03053831852,-0.22447,0.02583843659,0.03051525642,-0.2244406287,3.757174614e-05
0.804,0.02578629955,0.03057886126,-0.22446,0.02579044449,0.03055576826,-0.2244306461,3.757815876e-05
0.805,0.02573823459,0.03061932854,-0.22445,0.02574238875,0.0305962047,-0.2244206635,3.758456616e-05
0.806,0.02569010613,0.03065972027,-0.22444,0.0256942695,0.03063656565,-0.2244106809,3.759096731e-05
0.807,0.02564191428,0.03070003636,-0.22443,0.02564608687,0.030676851,-0.2244006983,3.759736168e-05
0.808,0.02559365916,0.03074027669,-0.22442,0.02559784096,0.03071706066,-0.2243907157,3.760374933e-05
0.809,0.02554534089,0.03078044117,-0.22441,0.02554953189,0.03075719453,-0.2243807331,3.761013085e-05
0.81,0.02549695959,0.03082052971,-0.2244,0.0255011598,0.03079725251,-0.2243707505,3.761650712e-05
0.811,0.02544851538,0.0308605422,-0.22439,0.02545272478,0.03083723449,-0.224360768,3.762287902e-05
0.812,0.02540000838,0.03090047855,-0.22438,0.02540422697,0.03087714038,-0.2243507854,3.762924714e-05
0.813,0.0253514387,0.03094033865,-0.22437,0.02535566648,0.03091697007,-0.2243408028,3.763561155e-05
0.814,0.02530280648,0.03098012241,-0.22436,0.02530704344,0.03095672347,-0.2243308203,3.764197186e-05
0.815,0.02525411182,0.03101982973,-0.22435,0.02525835796,0.03099640049,-0.2243208377,3.764832723e-05
0.816,0.02520535485,0.03105946051,-0.22434,0.02520961016,0.03103600102,-0.2243108552,3.765467668e-05
0.817,0.02515653569,0.03109901465,-0.22433,0.02516080016,0.03107552497,-0.2243008727,3.766101937e-05
0.818,0.02510765445,0.03113849206,-0.22432,0.02511192809,0.03111497224,-0.2242908901,3.76673548e-05
0.819,0.02505871127,0.03117789264,-0.22431,0.02506299407,0.03115434274,-0.2242809076,3.767368292e-05
0.82,0.02500970625,0.03121721629,-0.2243,0.02501399821,0.03119363637,-0.2242709251,3.768000413e-05
0.821,0.02496063953,0.03125646292,-0.22429,0.02496494063,0.03123285303,-0.2242609426,3.768631906e-05
0.822,0.02491151122,0.03129563242,-0.22428,0.02491582147,0.03127199262,-0.2242509601,3.769262842e-05
0.823,0.02486232144,0.03133472471,-0.22427,0.02486664083,0.03131105504,-0.2242409776,3.769893267e-05
0.824,0.02481307032,0.03137373968,-0.22426,0.02481739884,0.0313500402,-0.2242309951,3.770523192e-05
0.825,0.02476375797,0.03141267724,-0.22425,0.02476809562,0.03138894801,-0.2242210126,3.771152588e-05
0.826,0.02471438452,0.03145153729,-0.22424,0.02471873129,0.03142777835,-0.2242110301,3.77178139e-05
0.827,0.02466495009,0.03149031973,-0.22423,0.02466930598,0.03146653115,-0.2242010477,3.77240952e-05
0.828,0.02461545481,0.03152902448,-0.22422,0.0246198198,0.03150520631,-0.2241910652,3.77303691e-05
0.829,0.02456589878,0.03156765143,-0.22421,0.02457027289,0.03154380373,-0.2241810827,3.773663515e-05
0.83,0.02451628215,0.0316062005,-0.2242,0.02452066535,0.03158232332,-0.2241711003,3.774289324e-05
0.831,0.02446660502,0.03164467157,-0.22419,0.02447099732,0.03162076498,-0.2241611178,3.774914361e-05
0.832,0.02441686752,0.03168306457,-0.22418,0.02442126891,0.03165912861,-0.2241511354,3.775538673e-05
0.833,0.02436706978,0.03172137939,-0.22417,0.02437148025,0.03169741413,-0.2241411529,3.776162313e-05
0.834,0.02431721191,0.03175961595,-0.22416,0.02432163146,0.03173562143,-0.2241311705,3.776785317e-05
0.835,0.02426729404,0.03179777414,-0.22415,0.02427172267,0.03177375042,-0.224121188,3.777407695e-05
0.836,0.0242173163,0.03183585387,-0.22414,0.02422175399,0.031811801,-0.2241112056,3.778029426e-05
0.837,0.0241672788,0.03187385505,-0.22413,0.02417172555,0.03184977309,-0.2241012232,3.778650462e-05
0.838,0.02411718167,0.03191177758,-0.22412,0.02412163748,0.03188766659,-0.2240912407,3.77927074e-05
0.839,0.02406702503,0.03194962138,-0.22411,0.02407148989,0.03192548141,-0.2240812583,3.779890205e-05
0.84,0.02401680901,0.03198738634,-0.2241,0.02402128291,0.03196321745,-0.2240712759,3.780508815e-05
0.841,0.02396653374,0.03202507238,-0.22409,0.02397101667,0.03200087463,-0.2240612935,3.781126556e-05
0.842,0.02391619932,0.03206267939,-0.22408,0.02392069129,0.03203845284,-0.2240513111,3.781743444e-05
0.843,0.0238658059,0.0321002073,-0.22407,0.02387030689,0.032075952,-0.2240413287,3.78235951e-05
0.844,0.02381535359,0.032137656,-0.22406,0.02381986359,0.03211337202,-0.2240313462,3.782974792e-05
0.845,0.02376484252,0.03217502541,-0.22405,0.02376936153,0.03215071279,-0.2240213638,3.783589319e-05
0.846,0.02371427281,0.03221231543,-0.22404,0.02371880083,0.03218797422,-0.2240113814,3.784203102e-05
0.847,0.02366364458,0.03224952597,-0.22403,0.0236681816,0.03222515624,-0.224001399,3.784816122e-05
0.848,0.02361295797,0.03228665693,-0.22402,0.02361750398,0.03226225873,-0.2239914166,3.785428343e-05
0.849,0.0235622131,0.03232370823,-0.22401,0.02356676809,0.03229928162,-0.2239814342,3.786039715e-05
0.85,0.02351141009,0.03236067977,-0.224,0.02351597406,0.03233622481,-0.2239714518,3.786650191e-05
0.851,0.02346054907,0.03239757147,-0.22399,0.02346512201,0.03237308821,-0.2239614695,3.787259736e-05
0.852,0.02340963016,0.03243438323,-0.22398,0.02341421206,0.03240987174,-0.2239514871,3.787868335e-05
0.853,0.02335865349,0.03247111496,-0.22397,0.02336324435,0.03244657529,-0.2239415047,3.788475994e-05
0.854,0.02330761919,0.03250776658,-0.22396,0.023312219,0.03248319878,-0.2239315223,3.789082735e-05
0.855,0.02325652737,0.03254433798,-0.22395,0.02326113613,0.03251974212,-0.2239215399,3.789688586e-05
0.856,0.02320537818,0.03258082908,-0.22394,0.02320999586,0.03255620521,-0.2239115575,3.790293568e-05
0.857,0.02315417172,0.0326172398,-0.22393,0.02315879834,0.03259258798,-0.2239015751,3.790897688e-05
0.858,0.02310290814,0.03265357003,-0.22392,0.02310754367,0.03262889031,-0.2238915928,3.791500932e-05
0.859,0.02305158755,0.03268981969,-0.22391,0.023056232,0.03266511214,-0.2238816104,3.792103273e-05
0.86,0.02300021008,0.0327259887,-0.2239,0.02300486344,0.03270125337,-0.223871628,3.792704669e-05
0.861,0.02294877586,0.03276207695,-0.22389,0.02295343812,0.0327373139,-0.2238616456,3.793305082e-05
0.862,0.02289728502,0.03279808437,-0.22388,0.02290195617,0.03277329366,-0.2238516632,3.793904481e-05
0.863,0.02284573769,0.03283401087,-0.22387,0.02285041772,0.03280919255,-0.2238416809,3.794502851e-05
0.864,0.02279413398,0.03286985635,-0.22386,0.02279882289,0.03284501048,-0.2238316985,3.795100193e-05
0.865,0.02274247403,0.03290562072,-0.22385,0.02274717181,0.03288074737,-0.2238217161,3.795696522e-05
0.866,0.02269075797,0.03294130391,-0.22384,0.0226954646,0.03291640313,-0.2238117337,3.796291855e-05
0.867,0.02263898591,0.03297690581,-0.22383,0.02264370141,0.03295197766,-0.2238017514,3.796886208e-05
0.868,0.022587158,0.03301242635,-0.22382,0.02259188234,0.03298747089,-0.223791769,3.797479584e-05
0.869,0.02253527436,0.03304786543,-0.22381,0.02254000754,0.03302288272,-0.2237817866,3.798071975e-05
0.87,0.02248333511,0.03308322297,-0.2238,0.02248807712,0.03305821306,-0.2237718042,3.798663356e-05
0.871,0.02243134039,0.03311849888,-0.22379,0.02243609122,0.03309346183,-0.2237618218,3.799253694e-05
0.872,0.02237929032,0.03315369308,-0.22378,0.02238404996,0.03312862895,-0.2237518395,3.799842959e-05
0.873,0.02232718504,0.03318880547,-0.22377,0.02233195348,0.03316371432,-0.2237418571,3.800431122e-05
0.874,0.02227502466,0.03322383597,-0.22376,0.0222798019,0.03319871786,-0.2237318747,3.801018169e-05
0.875,0.02222280932,0.03325878449,-0.22375,0.02222759535,0.03323363948,-0.2237218923,3.801604096e-05
0.876,0.02217053915,0.03329365095,-0.22374,0.02217533396,0.0332684791,-0.2237119099,3.802188914e-05
0.877,0.02211821427,0.03332843527,-0.22373,0.02212301786,0.03330323663,-0.2237019276,3.802772632e-05
0.878,0.02206583483,0.03336313734,-0.22372,0.02207064718,0.03333791199,-0.2236919452,3.803355262e-05
0.879,0.02201340093,0.0333977571,-0.22371,0.02201822204,0.03337250508,-0.2236819628,3.803936805e-05
0.88,0.02196091272,0.03343229445,-0.2237,0.02196574258,0.03340701583,-0.2236719804,3.804517254e-05
0.881,0.02190837032,0.03346674932,-0.22369,0.02191320892,0.03344144414,-0.223661998,3.805096586e-05
0.882,0.02185577387,0.0335011216,-0.22368,0.02186062119,0.03347578994,-0.2236520156,3.805674776e-05
0.883,0.02180312349,0.03353541123,-0.22367,0.02180797953,0.03351005313,-0.2236420332,3.806251797e-05
0.884,0.02175041931,0.03356961811,-0.22366,0.02175528407,0.03354423365,-0.2236320508,3.806827625e-05
0.885,0.02169766147,0.03360374216,-0.22365,0.02170253493,0.03357833139,-0.2236220684,3.807402247e-05
0.886,0.02164485009,0.03363778329,-0.22364,0.02164973224,0.03361234628,-0.223612086,3.807975658e-05
0.887,0.0215919853,0.03367174143,-0.22363,0.02159687614,0.03364627823,-0.2236021036,3.80854786e-05
0.888,0.02153906723,0.03370561649,-0.22362,0.02154396676,0.03368012715,-0.2235921212,3.809118861e-05
0.889,0.02148609602,0.03373940838,-0.22361,0.02149100422,0.03371389298,-0.2235821388,3.809688667e-05
0.89,0.0214330718,0.03377311702,-0.2236,0.02143798865,0.03374757561,-0.2235721564,3.810257277e-05
0.891,0.02137999469,0.03380674233,-0.22359,0.02138492019,0.03378117497,-0.223562174,3.810824684e-05
0.892,0.02132686483,0.03384028423,-0.22358,0.02133179897,0.03381469098,-0.2235521915,3.81139087e-05
0.893,0.02127368235,0.03387374263,-0.22357,0.02127862512,0.03384812355,-0.2235422091,3.811955814e-05
0.894,0.02122044737,0.03390711744,-0.22356,0.02122539877,0.0338814726,-0.2235322267,3.812519491e-05
0.895,0.02116716004,0.0339404086,-0.22355,0.02117212005,0.03391473805,-0.2235222443,3.813081882e-05
0.896,0.02111382048,0.03397361601,-0.22354,0.02111878909,0.03394791981,-0.2235122618,3.813642974e-05
0.897,0.02106042882,0.0340067396,-0.22353,0.02106540603,0.03398101781,-0.2235022794,3.814202759e-05
0.898,0.0210069852,0.03403977927,-0.22352,0.021011971,0.03401403196,-0.223492297,3.814761237e-05
0.899,0.02095348974,0.03407273496,-0.22351,0.02095848412,0.03404696219,-0.2234823145,3.815318413e-05
0.9,0.02089994259,0.03410560657,-0.2235,0.02090494553,0.0340798084,-0.2234723321,3.815874288e-05
0.901,0.02084634386,0.03413839404,-0.22349,0.02085135536,0.03411257052,-0.2234623496,3.816428861e-05
0.902,0.0207926937,0.03417109727,-0.22348,0.02079771375,0.03414524847,-0.2234523672,3.816982123e-05
0.903,0.02073899224,0.03420371618,-0.22347,0.02074402082,0.03417784216,-0.2234423847,3.81753406e-05
0.904,0.02068523961,0.03423625071,-0.22346,0.02069027671,0.03421035152,-0.2234324022,3.818084653e-05
0.905,0.02063143593,0.03426870075,-0.22345,0.02063648156,0.03424277647,-0.2234224198,3.818633883e-05
0.906,0.02057758135,0.03430106625,-0.22344,0.02058263548,0.03427511692,-0.2234124373,3.81918173e-05
0.907,0.020523676,0.03433334711,-0.22343,0.02052873863,0.0343073728,-0.2234024548,3.819728182e-05
0.908,0.02046972,0.03436554325,-0.22342,0.02047479112,0.03433954403,-0.2233924723,3.820273232e-05
0.909,0.0204157135,0.0343976546,-0.22341,0.0204207931,0.03437163053,-0.2233824898,3.820816877e-05
0.91,0.02036165663,0.03442968108,-0.2234,0.02036674469,0.03440363222,-0.2233725073,3.821359117e-05
0.911,0.02030754952,0.03446162261,-0.22339,0.02031264604,0.03443554901,-0.2233625248,3.821899953e-05
0.912,0.02025339229,0.0344934791,-0.22338,0.02025849726,0.03446738084,-0.2233525423,3.822439381e-05
0.913,0.0201991851,0.03452525049,-0.22337,0.02020429851,0.03449912762,-0.2233425598,3.822977393e-05
0.914,0.02014492807,0.03455693669,-0.22336,0.0201500499,0.03453078927,-0.2233325773,3.823513976e-05
0.915,0.02009062133,0.03458853762,-0.22335,0.02009575158,0.03456236571,-0.2233225948,3.824049113e-05
0.916,0.02003626501,0.03462005321,-0.22334,0.02004140367,0.03459385688,-0.2233126122,3.824582787e-05
0.917,0.01998185927,0.03465148338,-0.22333,0.01998700632,0.03462526269,-0.2233026297,3.825114982e-05
0.918,0.01992740421,0.03468282805,-0.22332,0.01993255965,0.03465658306,-0.2232926472,3.825645686e-05
0.919,0.01987289999,0.03471408714,-0.22331,0.01987806381,0.03468781791,-0.2232826646,3.82617489e-05
0.92,0.01981834674,0.03474526058,-0.2233,0.01982351892,0.03471896717,-0.223272682,3.82670259e-05
0.921,0.01976374458,0.03477634829,-0.22329,0.01976892511,0.03475003077,-0.2232626995,3.827228785e-05
0.922,0.01970909366,0.03480735019,-0.22328,0.01971428254,0.03478100862,-0.2232527169,3.827753473e-05
0.923,0.01965439411,0.0348382662,-0.22327,0.01965959132,0.03481190065,-0.2232427343,3.828276649e-05
0.924,0.01959964607,0.03486909626,-0.22326,0.01960485159,0.03484270678,-0.2232327517,3.828798304e-05
0.925,0.01954484966,0.03489984028,-0.22325,0.0195500635,0.03487342694,-0.2232227692,3.829318427e-05
0.926,0.01949000503,0.03493049819,-0.22324,0.01949522717,0.03490406104,-0.2232127866,3.829837003e-05
0.927,0.01943511231,0.03496106991,-0.22323,0.01944034274,0.03493460903,-0.2232028039,3.830354015e-05
0.928,0.01938017163,0.03499155537,-0.22322,0.01938541034,0.03496507081,-0.2231928213,3.830869451e-05
0.929,0.01932518314,0.03502195449,-0.22321,0.01933043011,0.03499544632,-0.2231828387,3.8313833e-05
0.93,0.01927014696,0.0350522672,-0.2232,0.01927540219,0.03502573547,-0.2231728561,3.831895551e-05
0.931,0.01921506324,0.03508249342,-0.22319,0.01922032671,0.0350559382,-0.2231628734,3.832406199e-05
0.932,0.01915993211,0.03511263308,-0.22318,0.01916520381,0.03508605444,-0.2231528908,3.832915242e-05
0.933,0.0191047537,0.0351426861,-0.22317,0.01911003363,0.03511608409,-0.2231429081,3.833422675e-05
0.934,0.01904952815,0.03517265241,-0.22316,0.01905481629,0.0351460271,-0.2231329255,3.833928492e-05
0.935,0.01899425559,0.03520253193,-0.22315,0.01899955194,0.03517588339,-0.2231229428,3.834432686e-05
0.936,0.01893893618,0.0352323246,-0.22314,0.01894424071,0.03520565288,-0.2231129601,3.834935245e-05
0.937,0.01888357003,0.03526203033,-0.22313,0.01888888273,0.0352353355,-0.2231029774,3.835436156e-05
0.938,0.01882815729,0.03529164906,-0.22312,0.01883347816,0.03526493118,-0.2230929948,3.835935405e-05
0.939,0.01877269809,0.03532118071,-0.22311,0.01877802711,0.03529443985,-0.223083012,3.83643298e-05
0.94,0.01871719257,0.0353506252,-0.2231,0.01872252974,0.03532386142,-0.2230730293,3.836928868e-05
0.941,0.01866164087,0.03537998248,-0.22309,0.01866698617,0.03535319584,-0.2230630466,3.837423061e-05
0.942,0.01860604312,0.03540925245,-0.22308,0.01861139654,0.03538244302,-0.2230530639,3.837915554e-05
0.943,0.01855039947,0.03543843506,-0.22307,0.018555761,0.0354116029,-0.2230430811,3.838406341e-05
0.944,0.01849471004,0.03546753023,-0.22306,0.01850007967,0.0354406754,-0.2230330984,3.838895418e-05
0.945,0.01843897498,0.03549653788,-0.22305,0.01844435269,0.03546966045,-0.2230231156,3.839382776e-05
0.946,0.01838319442,0.03552545795,-0.22304,0.01838858021,0.03549855798,-0.2230131329,3.839868409e-05
0.947,0.01832736851,0.03555429037,-0.22303,0.01833276235,0.03552736792,-0.2230031501,3.840352305e-05
0.948,0.01827149737,0.03558303506,-0.22302,0.01827689926,0.03555609019,-0.2229931673,3.840834454e-05
0.949,0.01821558115,0.03561169195,-0.22301,0.01822099108,0.03558472473,-0.2229831845,3.841314842e-05
0.95,0.01815961999,0.03564026097,-0.223,0.01816503794,0.03561327147,-0.2229732017,3.841793457e-05
0.951,0.01810361402,0.03566874205,-0.22299,0.01810903998,0.03564173033,-0.2229632188,3.842270289e-05
0.952,0.01804756338,0.03569713512,-0.22298,0.01805299735,0.03567010125,-0.222953236,3.842745327e-05
0.953,0.01799146821,0.03572544012,-0.22297,0.01799691016,0.03569838415,-0.2229432532,3.843218567e-05
0.954,0.01793532864,0.03575365697,-0.22296,0.01794077858,0.03572657897,-0.2229332703,3.843690001e-05
0.955,0.01787914483,0.03578178559,-0.22295,0.01788460273,0.03575468563,-0.2229232875,3.844159625e-05
0.956,0.0178229169,0.03580982593,-0.22294,0.01782838275,0.03578270407,-0.2229133046,3.844627431e-05
0.957,0.01776664499,0.03583777792,-0.22293,0.01777211878,0.03581063422,-0.2229033217,3.845093411e-05
0.958,0.01771032924,0.03586564147,-0.22292,0.01771581096,0.035838476,-0.2228933388,3.845557554e-05
0.959,0.0176539698,0.03589341653,-0.22291,0.01765945943,0.03586622936,-0.2228833559,3.84601985e-05
0.96,0.01759756679,0.03592110303,-0.2229,0.01760306433,0.03589389421,-0.222873373,3.846480285e-05
0.961,0.01754112037,0.0359487009,-0.22289,0.0175466258,0.0359214705,-0.22286339,3.84693885e-05
0.962,0.01748463067,0.03597621006,-0.22288,0.01749014397,0.03594895815,-0.2228534071,3.847395535e-05
0.963,0.01742809782,0.03600363046,-0.22287,0.01743361899,0.0359763571,-0.2228434242,3.84785033e-05
0.964,0.01737152197,0.03603096202,-0.22286,0.017377051,0.03600366728,-0.2228334412,3.848303228e-05
0.965,0.01731490326,0.03605820468,-0.22285,0.01732044013,0.03603088862,-0.2228234582,3.848754224e-05
0.966,0.01725824183,0.03608535837,-0.22284,0.01726378652,0.03605802105,-0.2228134752,3.849203309e-05
0.967,0.01720153781,0.03611242303,-0.22283,0.01720709032,0.03608506451,-0.2228034922,3.849650477e-05
0.968,0.01714479135,0.03613939858,-0.22282,0.01715035167,0.03611201894,-0.2227935092,3.850095719e-05
0.969,0.01708800259,0.03616628496,-0.22281,0.01709357069,0.03613888426,-0.2227835262,3.850539026e-05
0.97,0.01703117166,0.0361930821,-0.2228,0.01703674754,0.0361656604,-0.2227735431,3.850980388e-05
0.971,0.01697429871,0.03621978994,-0.22279,0.01697988236,0.03619234731,-0.2227635601,3.851419792e-05
0.972,0.01691738388,0.03624640841,-0.22278,0.01692297528,0.03621894492,-0.222753577,3.851857228e-05
0.973,0.01686042731,0.03627293745,-0.22277,0.01686602645,0.03624545315,-0.222743594,3.852292687e-05
0.974,0.01680342914,0.03629937698,-0.22276,0.016809036,0.03627187195,-0.2227336109,3.852726159e-05
0.975,0.0167463895,0.03632572695,-0.22275,0.01675200408,0.03629820125,-0.2227236278,3.853157638e-05
0.976,0.01668930855,0.03635198729,-0.22274,0.01669493082,0.03632444099,-0.2227136447,3.853587118e-05
0.977,0.01663218641,0.03637815794,-0.22273,0.01663781637,0.0363505911,-0.2227036615,3.854014589e-05
0.978,0.01657502324,0.03640423883,-0.22272,0.01658066087,0.03637665151,-0.2226936784,3.854440045e-05
0.979,0.01651781917,0.03643022989,-0.22271,0.01652346447,0.03640262216,-0.2226836952,3.854863477e-05
0.98,0.01646057434,0.03645613107,-0.2227,0.01646622729,0.03642850299,-0.2226737121,3.855284877e-05
0.981,0.0164032889,0.03648194229,-0.22269,0.01640894948,0.03645429394,-0.2226637289,3.855704234e-05
0.982,0.01634596299,0.0365076635,-0.22268,0.01635163119,0.03647999493,-0.2226537457,3.856121537e-05
0.983,0.01628859674,0.03653329462,-0.22267,0.01629427255,0.03650560591,-0.2226437625,3.856536777e-05
0.984,0.01623119031,0.03655883561,-0.22266,0.01623687371,0.03653112682,-0.2226337792,3.856949943e-05
0.985,0.01617374382,0.03658428639,-0.22265,0.0161794348,0.03655655758,-0.222623796,3.857361029e-05
0.986,0.01611625743,0.0366096469,-0.22264,0.01612195598,0.03658189815,-0.2226138128,3.857770025e-05
0.987,0.01605873127,0.03663491709,-0.22263,0.01606443737,0.03660714845,-0.2226038295,3.858176923e-05
0.988,0.01600116549,0.03666009688,-0.22262,0.01600687913,0.03663230842,-0.2225938462,3.858581718e-05
0.989,0.01594356023,0.03668518621,-0.22261,0.0159492814,0.036657378,-0.2225838629,3.858984401e-05
0.99,0.01588591563,0.03671018503,-0.2226,0.01589164431,0.03668235713,-0.2225738796,3.859384965e-05
0.991,0.01582823183,0.03673509327,-0.22259,0.01583396801,0.03670724575,-0.2225638963,3.859783399e-05
0.992,0.01577050897,0.03675991086,-0.22258,0.01577625265,0.03673204379,-0.2225539129,3.860179695e-05
0.993,0.01571274721,0.03678463776,-0.22257,0.01571849835,0.0367567512,-0.2225439296,3.860573843e-05
0.994,0.01565494667,0.03680927389,-0.22256,0.01566070528,0.03678136791,-0.2225339462,3.860965832e-05
0.995,0.01559710751,0.03683381921,-0.22255,0.01560287356,0.03680589386,-0.2225239628,3.861355654e-05
0.996,0.01553922987,0.03685827363,-0.22254,0.01554500335,0.036830329,-0.2225139794,3.861743299e-05
0.997,0.01548131388,0.03688263712,-0.22253,0.01548709478,0.03685467326,-0.222503996,3.862128761e-05
0.998,0.01542335969,0.03690690959,-0.22252,0.015429148,0.03687892658,-0.2224940126,3.862512031e-05
0.999,0.01536536745,0.03693109101,-0.22251,0.01537116314,0.03690308891,-0.2224840291,3.862893103e-05
1,0.01530733729,0.0369551813,-0.2225,0.01531314037,0.03692716017,-0.2224740457,3.863271969e-05
1.001,0.01524926937,0.03697918041,-0.22249,0.01525507981,0.03695114032,-0.2224640622,3.863648619e-05
1.002,0.01519116382,0.03700308827,-0.22248,0.0151969816,0.0369750293,-0.2224540787,3.864023047e-05
1.003,0.01513302079,0.03702690484,-0.22247,0.01513884591,0.03699882703,-0.2224440952,3.864395242e-05
1.004,0.01507484042,0.03705063004,-0.22246,0.01508067286,0.03702253348,-0.2224341116,3.864765193e-05
1.005,0.01501662285,0.03707426383,-0.22245,0.0150224626,0.03704614857,-0.2224241281,3.865132893e-05
1.006,0.01495836823,0.03709780613,-0.22244,0.01496421527,0.03706967225,-0.2224141445,3.865498333e-05
1.007,0.0149000767,0.03712125691,-0.22243,0.01490593102,0.03709310447,-0.222404161,3.865861504e-05
1.008,0.01484174841,0.03714461609,-0.22242,0.01484760999,0.03711644516,-0.2223941774,3.866222398e-05
1.009,0.0147833835,0.03716788361,-0.22241,0.01478925233,0.03713969426,-0.2223841938,3.866581009e-05
1.01,0.01472498211,0.03719105944,-0.2224,0.01473085818,0.03716285172,-0.2223742101,3.866937328e-05
1.011,0.01466654439,0.03721414349,-0.22239,0.01467242768,0.03718591749,-0.2223642265,3.867291346e-05
1.012,0.01460807048,0.03723713572,-0.22238,0.01461396098,0.03720889149,-0.2223542428,3.867643057e-05
1.013,0.01454956052,0.03726003608,-0.22237,0.01455545822,0.03723177369,-0.2223442592,3.867992452e-05
1.014,0.01449101467,0.0372828445,-0.22236,0.01449691954,0.03725456402,-0.2223342755,3.868339521e-05
1.015,0.01443243306,0.03730556093,-0.22235,0.0144383451,0.03727726242,-0.2223242917,3.868684255e-05
1.016,0.01437381584,0.03732818531,-0.22234,0.01437973503,0.03729986885,-0.222314308,3.869026646e-05
1.017,0.01431516316,0.03735071758,-0.22233,0.01432108948,0.03732238323,-0.2223043243,3.869366686e-05
1.018,0.01425647515,0.0373731577,-0.22232,0.0142624086,0.03734480553,-0.2222943405,3.869704366e-05
1.019,0.01419775197,0.0373955056,-0.22231,0.01420369252,0.03736713567,-0.2222843567,3.870039678e-05
1.02,0.01413899375,0.03741776123,-0.2223,0.0141449414,0.03738937362,-0.2222743729,3.870372614e-05
1.021,0.01408020065,0.03743992454,-0.22229,0.01408615538,0.03741151931,-0.2222643891,3.870703167e-05
1.022,0.01402137281,0.03746199547,-0.22228,0.0140273346,0.03743357268,-0.2222544053,3.871031329e-05
1.023,0.01396251037,0.03748397396,-0.22227,0.01396847921,0.03745553369,-0.2222444214,3.871357092e-05
1.024,0.01390361348,0.03750585997,-0.22226,0.01390958936,0.03747740228,-0.2222344375,3.871680447e-05
1.025,0.01384468228,0.03752765344,-0.22225,0.01385066518,0.03749917839,-0.2222244536,3.872001387e-05
1.026,0.01378571693,0.03754935431,-0.22224,0.01379170683,0.03752086198,-0.2222144697,3.872319902e-05
1.027,0.01372671756,0.03757096253,-0.22223,0.01373271445,0.03754245298,-0.2222044858,3.872635984e-05
1.028,0.01366768432,0.03759247804,-0.22222,0.01367368819,0.03756395135,-0.2221945019,3.872949624e-05
1.029,0.01360861735,0.03761390081,-0.22221,0.01361462819,0.03758535703,-0.2221845179,3.873260815e-05
1.03,0.01354951681,0.03763523076,-0.2222,0.01355553459,0.03760666997,-0.2221745339,3.873569548e-05
1.031,0.01349038284,0.03765646785,-0.22219,0.01349640755,0.03762789012,-0.2221645499,3.873875817e-05
1.032,0.01343121558,0.03767761203,-0.22218,0.01343724721,0.03764901742,-0.2221545659,3.874179613e-05
1.033,0.01337201518,0.03769866324,-0.22217,0.01337805371,0.03767005182,-0.2221445818,3.874480929e-05
1.034,0.01331278178,0.03771962144,-0.22216,0.0133188272,0.03769099327,-0.2221345978,3.874779757e-05
1.035,0.01325351554,0.03774048656,-0.22215,0.01325956784,0.03771184172,-0.2221246137,3.875076087e-05
1.036,0.01319421659,0.03776125857,-0.22214,0.01320027575,0.03773259712,-0.2221146296,3.875369913e-05
1.037,0.01313488509,0.0377819374,-0.22213,0.01314095109,0.03775325941,-0.2221046455,3.875661226e-05
1.038,0.01307552119,0.03780252301,-0.22212,0.01308159401,0.03777382855,-0.2220946613,3.875950018e-05
1.039,0.01301612502,0.03782301534,-0.22211,0.01302220466,0.03779430448,-0.2220846772,3.876236281e-05
1.04,0.01295669673,0.03784341435,-0.2221,0.01296278317,0.03781468715,-0.222074693,3.876520007e-05
1.041,0.01289723647,0.03786371999,-0.22209,0.0129033297,0.03783497652,-0.2220647088,3.876801188e-05
1.042,0.01283774439,0.0378839322,-0.22208,0.01284384438,0.03785517253,-0.2220547246,3.877079817e-05
1.043,0.01277822064,0.03790405094,-0.22207,0.01278432738,0.03787527514,-0.2220447403,3.877355887e-05
1.044,0.01271866535,0.03792407615,-0.22206,0.01272477884,0.03789528429,-0.2220347561,3.877629388e-05
1.045,0.01265907869,0.03794400779,-0.22205,0.0126651989,0.03791519993,-0.2220247718,3.877900314e-05
1.046,0.01259946079,0.0379638458,-0.22204,0.0126055877,0.03793502202,-0.2220147875,3.878168656e-05
1.047,0.0125398118,0.03798359014,-0.22203,0.01254594541,0.0379547505,-0.2220048032,3.878434407e-05
1.048,0.01248013187,0.03800324076,-0.22202,0.01248627216,0.03797438533,-0.2219948188,3.878697559e-05
1.049,0.01242042114,0.03802279762,-0.22201,0.0124265681,0.03799392646,-0.2219848345,3.878958104e-05
1.05,0.01236067977,0.03804226065,-0.222,0.01236683337,0.03801337384,-0.2219748501,3.879216034e-05
1.051,0.01230090791,0.03806162982,-0.22199,0.01230706814,0.03803272743,-0.2219648657,3.879471342e-05
1.052,0.01224110569,0.03808090508,-0.22198,0.01224727254,0.03805198717,-0.2219548813,3.879724021e-05
1.053,0.01218127326,0.03810008637,-0.22197,0.01218744672,0.03807115301,-0.2219448968,3.879974061e-05
1.054,0.01212141079,0.03811917366,-0.22196,0.01212759082,0.03809022492,-0.2219349124,3.880221456e-05
1.055,0.0120615184,0.03813816689,-0.22195,0.01206770501,0.03810920284,-0.2219249279,3.880466198e-05
1.056,0.01200159625,0.03815706602,-0.22194,0.01200778942,0.03812808673,-0.2219149434,3.880708279e-05
1.057,0.01194164449,0.038175871,-0.22193,0.0119478442,0.03814687653,-0.2219049588,3.880947693e-05
1.058,0.01188166326,0.03819458179,-0.22192,0.0118878695,0.03816557221,-0.2218949743,3.881184431e-05
1.059,0.01182165272,0.03821319833,-0.22191,0.01182786547,0.03818417372,-0.2218849897,3.881418486e-05
1.06,0.01176161301,0.03823172059,-0.2219,0.01176783225,0.03820268101,-0.2218750051,3.881649851e-05
1.061,0.01170154428,0.03825014852,-0.22189,0.01170777,0.03822109403,-0.2218650205,3.881878518e-05
1.062,0.01164144667,0.03826848206,-0.22188,0.01164767886,0.03823941275,-0.2218550359,3.882104479e-05
1.063,0.01158132034,0.03828672118,-0.22187,0.01158755898,0.03825763711,-0.2218450512,3.882327726e-05
1.064,0.01152116544,0.03830486584,-0.22186,0.01152741051,0.03827576706,-0.2218350665,3.882548252e-05
1.065,0.01146098211,0.03832291598,-0.22185,0.01146723359,0.03829380258,-0.2218250818,3.88276605e-05
1.066,0.0114007705,0.03834087156,-0.22184,0.01140702839,0.0383117436,-0.2218150971,3.882981113e-05
1.067,0.01134053076,0.03835873254,-0.22183,0.01134679503,0.0383295901,-0.2218051123,3.883193432e-05
1.068,0.01128026304,0.03837649887,-0.22182,0.01128653368,0.03834734201,-0.2217951276,3.883403001e-05
1.069,0.01121996748,0.03839417052,-0.22181,0.01122624448,0.0383649993,-0.2217851428,3.883609814e-05
1.07,0.01115964424,0.03841174743,-0.2218,0.01116592758,0.03838256193,-0.2217751579,3.883813862e-05
1.071,0.01109929347,0.03842922956,-0.22179,0.01110558313,0.03840002985,-0.2217651731,3.884015138e-05
1.072,0.01103891531,0.03844661687,-0.22178,0.01104521128,0.03841740302,-0.2217551882,3.884213635e-05
1.073,0.01097850991,0.03846390932,-0.22177,0.01098481218,0.0384346814,-0.2217452034,3.884409344e-05
1.074,0.01091807742,0.03848110686,-0.22176,0.01092438597,0.03845186493,-0.2217352184,3.884602259e-05
1.075,0.01085761799,0.03849820946,-0.22175,0.0108639328,0.03846895359,-0.2217252335,3.884792372e-05
1.076,0.01079713178,0.03851521706,-0.22174,0.01080345284,0.03848594733,-0.2217152486,3.884979677e-05
1.077,0.01073661892,0.03853212963,-0.22173,0.01074294621,0.0385028461,-0.2217052636,3.885164165e-05
1.078,0.01067607957,0.03854894713,-0.22172,0.01068241308,0.03851964987,-0.2216952786,3.885345831e-05
1.079,0.01061551388,0.03856566951,-0.22171,0.01062185359,0.03853635859,-0.2216852936,3.885524666e-05
1.08,0.010554922,0.03858229674,-0.2217,0.01056126789,0.03855297223,-0.2216753085,3.885700666e-05
1.081,0.01049430407,0.03859882877,-0.22169,0.01050065613,0.03856949073,-0.2216653234,3.885873822e-05
1.082,0.01043366025,0.03861526555,-0.22168,0.01044001846,0.03858591407,-0.2216553383,3.886044126e-05
1.083,0.01037299069,0.03863160706,-0.22167,0.01037935503,0.0386022422,-0.2216453532,3.886211573e-05
1.084,0.01031229553,0.03864785325,-0.22166,0.010318666,0.03861847507,-0.2216353681,3.886376154e-05
1.085,0.01025157493,0.03866400408,-0.22165,0.0102579515,0.03863461266,-0.2216253829,3.886537862e-05
1.086,0.01019082903,0.03868005951,-0.22164,0.01019721169,0.03865065491,-0.2216153977,3.886696689e-05
1.087,0.01013005798,0.0386960195,-0.22163,0.01013644672,0.0386666018,-0.2216054125,3.88685263e-05
1.088,0.01006926195,0.03871188401,-0.22162,0.01007565674,0.03868245327,-0.2215954273,3.887005676e-05
1.089,0.01000844106,0.03872765301,-0.22161,0.0100148419,0.0386982093,-0.221585442,3.887155823e-05
1.09,0.009947595487,0.03874332645,-0.2216,0.009954002353,0.03871386984,-0.2215754567,3.887303062e-05
1.091,0.009886725364,0.03875890429,-0.22159,0.009893138242,0.03872943486,-0.2215654714,3.887447389e-05
1.092,0.009825830848,0.0387743865,-0.22158,0.00983224972,0.03874490431,-0.2215554861,3.887588795e-05
1.093,0.009764912087,0.03878977303,-0.22157,0.009771336939,0.03876027815,-0.2215455007,3.887727273e-05
1.094,0.009703969232,0.03880506386,-0.22156,0.009710400047,0.03877555636,-0.2215355153,3.887862816e-05
1.095,0.009643002433,0.03882025894,-0.22155,0.009649439196,0.03879073889,-0.2215255299,3.887995418e-05
1.096,0.009582011842,0.03883535823,-0.22154,0.009588454537,0.03880582571,-0.2215155445,3.88812507e-05
1.097,0.009520997607,0.0388503617,-0.22153,0.009527446218,0.03882081677,-0.221505559,3.888251767e-05
1.098,0.009459959881,0.03886526932,-0.22152,0.009466414392,0.03883571204,-0.2214955735,3.888375501e-05
1.099,0.009398898813,0.03888008103,-0.22151,0.009405359208,0.03885051148,-0.221485588,3.888496268e-05
1.1,0.009337814554,0.03889479682,-0.2215,0.009344280818,0.03886521507,-0.2214756025,3.888614059e-05
1.101,0.009276707255,0.03890941663,-0.22149,0.009283179371,0.03887982275,-0.2214656169,3.888728869e-05
1.102,0.009215577067,0.03892394044,-0.22148,0.00922205502,0.0388943345,-0.2214556313,3.88884069e-05
1.103,0.00915442414,0.03893836821,-0.22147,0.009160907914,0.03890875027,-0.2214456457,3.888949516e-05
1.104,0.009093248626,0.0389526999,-0.22146,0.009099738204,0.03892307004,-0.2214356601,3.88905534e-05
1.105,0.009032050675,0.03896693548,-0.22145,0.009038546042,0.03893729377,-0.2214256744,3.889158156e-05
1.106,0.008970830438,0.03898107491,-0.22144,0.008977331578,0.03895142142,-0.2214156887,3.889257956e-05
1.107,0.008909588067,0.03899511816,-0.22143,0.008916094963,0.03896545296,-0.221405703,3.889354735e-05
1.108,0.008848323712,0.0390090652,-0.22142,0.008854836349,0.03897938835,-0.2213957173,3.889448484e-05
1.109,0.008787037524,0.03902291598,-0.22141,0.008793555887,0.03899322756,-0.2213857315,3.889539199e-05
1.11,0.008725729656,0.03903667048,-0.2214,0.008732253728,0.03900697055,-0.2213757457,3.889626873e-05
1.111,0.008664400258,0.03905032866,-0.22139,0.008670930023,0.0390206173,-0.2213657599,3.889711499e-05
1.112,0.008603049481,0.03906389048,-0.22138,0.008609584923,0.03903416776,-0.221355774,3.889793073e-05
1.113,0.008541677477,0.03907735592,-0.22137,0.00854821858,0.03904762191,-0.2213457882,3.889871585e-05
1.114,0.008480284397,0.03909072494,-0.22136,0.008486831146,0.0390609797,-0.2213358023,3.889947031e-05
1.115,0.008418870393,0.03910399751,-0.22135,0.008425422771,0.03907424112,-0.2213258164,3.890019404e-05
1.116,0.008357435616,0.03911717359,-0.22134,0.008363993607,0.03908740612,-0.2213158304,3.890088697e-05
1.117,0.008295980218,0.03913025316,-0.22133,0.008302543807,0.03910047467,-0.2213058444,3.890154903e-05
1.118,0.008234504351,0.03914323617,-0.22132,0.008241073521,0.03911344674,-0.2212958584,3.890218017e-05
1.119,0.008173008166,0.03915612261,-0.22131,0.008179582901,0.0391263223,-0.2212858724,3.890278033e-05
1.12,0.008111491814,0.03916891242,-0.2213,0.008118072099,0.03913910132,-0.2212758863,3.890334944e-05
1.121,0.008049955449,0.0391816056,-0.22129,0.008056541266,0.03915178376,-0.2212659003,3.890388744e-05
1.122,0.007988399221,0.0391942021,-0.22128,0.007994990556,0.03916436959,-0.2212559142,3.890439427e-05
1.123,0.007926823282,0.03920670188,-0.22127,0.007933420118,0.03917685879,-0.221245928,3.890486987e-05
1.124,0.007865227785,0.03921910493,-0.22126,0.007871830106,0.03918925132,-0.2212359419,3.890531417e-05
1.125,0.007803612881,0.03923141122,-0.22125,0.007810220672,0.03920154715,-0.2212259557,3.890572712e-05
1.126,0.007741978722,0.0392436207,-0.22124,0.007748591967,0.03921374624,-0.2212159694,3.890610864e-05
1.127,0.007680325461,0.03925573335,-0.22123,0.007686944143,0.03922584859,-0.2212059832,3.890645868e-05
1.128,0.007618653249,0.03926774914,-0.22122,0.007625277352,0.03923785414,-0.2211959969,3.890677718e-05
1.129,0.007556962239,0.03927966804,-0.22121,0.007563591748,0.03924976287,-0.2211860106,3.890706409e-05
1.13,0.007495252583,0.03929149003,-0.2212,0.007501887481,0.03926157475,-0.2211760243,3.890731934e-05
1.131,0.007433524434,0.03930321507,-0.22119,0.007440164705,0.03927328976,-0.221166038,3.890754286e-05
1.132,0.007371777942,0.03931484313,-0.22118,0.007378423571,0.03928490786,-0.2211560516,3.89077346e-05
1.133,0.007310013262,0.03932637418,-0.22117,0.007316664232,0.03929642902,-0.2211460652,3.890789451e-05
1.134,0.007248230545,0.0393378082,-0.22116,0.00725488684,0.03930785322,-0.2211360787,3.890802251e-05
1.135,0.007186429944,0.03934914516,-0.22115,0.007193091548,0.03931918043,-0.2211260923,3.890811856e-05
1.136,0.007124611611,0.03936038503,-0.22114,0.007131278508,0.03933041062,-0.2211161058,3.890818259e-05
1.137,0.007062775698,0.03937152778,-0.22113,0.007069447873,0.03934154376,-0.2211061193,3.890821454e-05
1.138,0.007000922359,0.03938257338,-0.22112,0.007007599795,0.03935257983,-0.2210961327,3.890821436e-05
1.139,0.006939051746,0.03939352181,-0.22111,0.006945734427,0.03936351879,-0.2210861461,3.890818198e-05
1.14,0.006877164011,0.03940437305,-0.2211,0.006883851922,0.03937436063,-0.2210761595,3.890811734e-05
1.141,0.006815259308,0.03941512705,-0.22109,0.006821952432,0.03938510531,-0.2210661729,3.89080204e-05
1.142,0.006753337789,0.03942578381,-0.22108,0.00676003611,0.03939575281,-0.2210561862,3.890789108e-05
1.143,0.006691399606,0.03943634328,-0.22107,0.006698103108,0.03940630309,-0.2210461995,3.890772935e-05
1.144,0.006629444913,0.03944680545,-0.22106,0.006636153581,0.03941675615,-0.2210362128,3.890753514e-05
1.145,0.006567473863,0.03945717029,-0.22105,0.00657418768,0.03942711194,-0.2210262261,3.89073084e-05
1.146,0.006505486608,0.03946743777,-0.22104,0.006512205558,0.03943737045,-0.2210162393,3.890704907e-05
1.147,0.006443483301,0.03947760787,-0.22103,0.006450207369,0.03944753164,-0.2210062525,3.890675709e-05
1.148,0.006381464096,0.03948768056,-0.22102,0.006388193265,0.0394575955,-0.2209962657,3.89064324e-05
1.149,0.006319429145,0.03949765582,-0.22101,0.0063261634,0.039467562,-0.2209862788,3.890607494e-05
1.15,0.006257378602,0.03950753362,-0.221,0.006264117926,0.03947743111,-0.2209762919,3.890568467e-05
1.151,0.006195312619,0.03951731395,-0.22099,0.006202056996,0.03948720282,-0.220966305,3.890526151e-05
1.152,0.006133231349,0.03952699676,-0.22098,0.006139980765,0.03949687708,-0.2209563181,3.890480542e-05
1.153,0.006071134947,0.03953658205,-0.22097,0.006077889384,0.03950645389,-0.2209463311,3.890431634e-05
1.154,0.006009023565,0.03954606979,-0.22096,0.006015783008,0.03951593322,-0.2209363441,3.890379423e-05
1.155,0.005946897356,0.03955545995,-0.22095,0.005953661788,0.03952531504,-0.2209263571,3.890323904e-05
1.156,0.005884756474,0.03956475251,-0.22094,0.00589152588,0.03953459934,-0.22091637,3.890265071e-05
1.157,0.005822601071,0.03957394745,-0.22093,0.005829375435,0.03954378608,-0.2209063829,3.890202919e-05
1.158,0.005760431302,0.03958304474,-0.22092,0.005767210608,0.03955287525,-0.2208963958,3.89013744e-05
1.159,0.00569824732,0.03959204437,-0.22091,0.005705031552,0.03956186682,-0.2208864086,3.890068631e-05
1.16,0.005636049278,0.03960094631,-0.2209,0.00564283842,0.03957076077,-0.2208764214,3.889996485e-05
1.161,0.005573837329,0.03960975053,-0.22089,0.005580631366,0.03957955708,-0.2208664342,3.889920997e-05
1.162,0.005511611627,0.03961845703,-0.22088,0.005518410543,0.03958825573,-0.220856447,3.889842161e-05
1.163,0.005449372327,0.03962706577,-0.22087,0.005456176104,0.0395968567,-0.2208464597,3.889759974e-05
1.164,0.00538711958,0.03963557673,-0.22086,0.005393928204,0.03960535996,-0.2208364724,3.88967443e-05
1.165,0.005324853541,0.03964398989,-0.22085,0.005331666996,0.03961376549,-0.2208264851,3.889585524e-05
1.166,0.005262574364,0.03965230524,-0.22084,0.005269392634,0.03962207328,-0.2208164978,3.889493252e-05
1.167,0.005200282201,0.03966052275,-0.22083,0.005207105271,0.0396302833,-0.2208065104,3.889397607e-05
1.168,0.005137977208,0.0396686424,-0.22082,0.005144805061,0.03963839554,-0.220796523,3.889298584e-05
1.169,0.005075659537,0.03967666418,-0.22081,0.005082492157,0.03964640996,-0.2207865355,3.889196177e-05
1.17,0.005013329343,0.03968458805,-0.2208,0.005020166714,0.03965432656,-0.220776548,3.889090383e-05
1.171,0.004950986778,0.03969241401,-0.22079,0.004957828886,0.03966214531,-0.2207665605,3.888981194e-05
1.172,0.004888631998,0.03970014203,-0.22078,0.004895478825,0.0396698662,-0.220756573,3.888868608e-05
1.173,0.004826265155,0.03970777209,-0.22077,0.004833116687,0.0396774892,-0.2207465854,3.888752618e-05
1.174,0.004763886404,0.03971530418,-0.22076,0.004770742624,0.03968501429,-0.2207365978,3.88863322e-05
1.175,0.004701495898,0.03972273828,-0.22075,0.004708356792,0.03969244147,-0.2207266102,3.88851041e-05
1.176,0.004639093792,0.03973007436,-0.22074,0.004645959343,0.0396997707,-0.2207166225,3.888384182e-05
1.177,0.00457668024,0.03973731242,-0.22073,0.004583550431,0.03970700197,-0.2207066349,3.888254531e-05
1.178,0.004514255395,0.03974445242,-0.22072,0.004521130212,0.03971413527,-0.2206966471,3.888121453e-05
1.179,0.004451819412,0.03975149436,-0.22071,0.004458698838,0.03972117057,-0.2206866594,3.887984941e-05
1.18,0.004389372444,0.03975843822,-0.2207,0.004396256465,0.03972810786,-0.2206766716,3.887844993e-05
1.181,0.004326914645,0.03976528398,-0.22069,0.004333803245,0.03973494712,-0.2206666838,3.887701601e-05
1.182,0.004264446171,0.03977203162,-0.22068,0.004271339333,0.03974168834,-0.220656696,3.887554762e-05
1.183,0.004201967174,0.03977868112,-0.22067,0.004208864884,0.03974833149,-0.2206467081,3.88740447e-05
1.184,0.00413947781,0.03978523248,-0.22066,0.004146380051,0.03975487656,-0.2206367202,3.887250722e-05
1.185,0.004076978232,0.03979168567,-0.22065,0.004083884988,0.03976132354,-0.2206267323,3.887093513e-05
1.186,0.004014468594,0.03979804068,-0.22064,0.004021379851,0.03976767241,-0.2206167443,3.886932838e-05
1.187,0.003951949051,0.03980429749,-0.22063,0.003958864792,0.03977392315,-0.2206067563,3.886768693e-05
1.188,0.003889419757,0.03981045609,-0.22062,0.003896339967,0.03978007575,-0.2205967683,3.886601073e-05
1.189,0.003826880866,0.03981651646,-0.22061,0.00383380553,0.03978613019,-0.2205867802,3.886429972e-05
1.19,0.003764332533,0.03982247858,-0.2206,0.003771261634,0.03979208646,-0.2205767921,3.886255386e-05
1.191,0.003701774911,0.03982834245,-0.22059,0.003708708435,0.03979794454,-0.220566804,3.886077312e-05
1.192,0.003639208156,0.03983410805,-0.22058,0.003646146087,0.03980370442,-0.2205568159,3.885895743e-05
1.193,0.003576632422,0.03983977536,-0.22057,0.003583574743,0.03980936609,-0.2205468277,3.885710676e-05
1.194,0.003514047862,0.03984534437,-0.22056,0.00352099456,0.03981492952,-0.2205368395,3.885522105e-05
1.195,0.003451454632,0.03985081506,-0.22055,0.00345840569,0.03982039472,-0.2205268513,3.885330028e-05
1.196,0.003388852886,0.03985618743,-0.22054,0.003395808288,0.03982576165,-0.220516863,3.885134438e-05
1.197,0.003326242778,0.03986146145,-0.22053,0.00333320251,0.03983103032,-0.2205068747,3.884935333e-05
1.198,0.003263624463,0.03986663712,-0.22052,0.003270588509,0.0398362007,-0.2204968863,3.884732708e-05
1.199,0.003200998095,0.03987171443,-0.22051,0.003207966439,0.03984127279,-0.220486898,3.884526557e-05
1.2,0.003138363829,0.03987669335,-0.2205,0.003145336456,0.03984624657,-0.2204769096,3.884316878e-05
1.201,0.00307572182,0.03988157388,-0.22049,0.003082698715,0.03985112202,-0.2204669211,3.884103665e-05
1.202,0.003013072221,0.03988635601,-0.22048,0.003020053368,0.03985589915,-0.2204569327,3.883886912e-05
1.203,0.002950415188,0.03989103972,-0.22047,0.002957400572,0.03986057793,-0.2204469442,3.883666619e-05
1.204,0.002887750875,0.03989562501,-0.22046,0.002894740481,0.03986515835,-0.2204369557,3.883442778e-05
1.205,0.002825079437,0.03990011186,-0.22045,0.002832073249,0.03986964041,-0.2204269671,3.883215388e-05
1.206,0.002762401029,0.03990450025,-0.22044,0.002769399031,0.03987402409,-0.2204169785,3.882984441e-05
1.207,0.002699715804,0.03990879019,-0.22043,0.002706717983,0.03987830938,-0.2204069899,3.882749934e-05
1.208,0.002637023918,0.03991298166,-0.22042,0.002644030257,0.03988249627,-0.2203970013,3.882511864e-05
1.209,0.002574325526,0.03991707464,-0.22041,0.00258133601,0.03988658475,-0.2203870126,3.882270228e-05
1.21,0.002511620781,0.03992106914,-0.2204,0.002518635395,0.03989057481,-0.2203770239,3.882025021e-05
1.211,0.00244890984,0.03992496513,-0.22039,0.002455928568,0.03989446644,-0.2203670351,3.881776239e-05
1.212,0.002386192856,0.03992876261,-0.22038,0.002393215684,0.03989825963,-0.2203570463,3.881523876e-05
1.213,0.002323469984,0.03993246157,-0.22037,0.002330496897,0.03990195437,-0.2203470575,3.88126793e-05
1.214,0.002260741379,0.039936062,-0.22036,0.002267772361,0.03990555066,-0.2203370687,3.881008395e-05
1.215,0.002198007196,0.0399395639,-0.22035,0.002205042233,0.03990904847,-0.2203270798,3.880745268e-05
1.216,0.00213526759,0.03994296724,-0.22034,0.002142306666,0.03991244781,-0.2203170909,3.880478545e-05
1.217,0.002072522716,0.03994627204,-0.22033,0.002079565815,0.03991574867,-0.220307102,3.880208222e-05
1.218,0.002009772727,0.03994947826,-0.22032,0.002016819835,0.03991895104,-0.220297113,3.879934295e-05
1.219,0.00194701778,0.03995258592,-0.22031,0.001954068882,0.0399220549,-0.220287124,3.879656762e-05
1.22,0.001884258028,0.039955595,-0.2203,0.001891313109,0.03992506026,-0.2202771349,3.879375616e-05
1.221,0.001821493628,0.03995850549,-0.22029,0.001828552672,0.0399279671,-0.2202671459,3.879090857e-05
1.222,0.001758724733,0.03996131739,-0.22028,0.001765787726,0.03993077542,-0.2202571568,3.878802478e-05
1.223,0.001695951498,0.03996403068,-0.22027,0.001703018426,0.03993348521,-0.2202471676,3.878510476e-05
1.224,0.001633174079,0.03996664537,-0.22026,0.001640244925,0.03993609646,-0.2202371785,3.878214848e-05
1.225,0.00157039263,0.03996916145,-0.22025,0.001577467381,0.03993860917,-0.2202271893,3.877915589e-05
1.226,0.001507607307,0.03997157891,-0.22024,0.001514685946,0.03994102334,-0.2202172,3.877612695e-05
1.227,0.001444818263,0.03997389774,-0.22023,0.001451900777,0.03994333894,-0.2202072108,3.877306163e-05
1.228,0.001382025655,0.03997611793,-0.22022,0.001389112028,0.03994555599,-0.2201972215,3.876995989e-05
1.229,0.001319229637,0.0399782395,-0.22021,0.001326319855,0.03994767447,-0.2201872322,3.876682171e-05
1.23,0.001256430363,0.03998026241,-0.2202,0.001263524411,0.03994969439,-0.2201772428,3.876364704e-05
1.231,0.00119362799,0.03998218669,-0.22019,0.001200725853,0.03995161572,-0.2201672534,3.876043584e-05
1.232,0.001130822671,0.03998401231,-0.22018,0.001137924334,0.03995343848,-0.220157264,3.875718809e-05
1.233,0.001068014562,0.03998573927,-0.22017,0.001075120011,0.03995516265,-0.2201472745,3.875390374e-05
1.234,0.001005203818,0.03998736757,-0.22016,0.001012313038,0.03995678823,-0.220137285,3.875058277e-05
1.235,0.0009423905933,0.03998889721,-0.22015,0.0009495035696,0.03995831521,-0.2201272955,3.874722512e-05
1.236,0.0008795750437,0.03999032818,-0.22014,0.0008866917617,0.0399597436,-0.2201173059,3.874383076e-05
1.237,0.0008167573238,0.03999166047,-0.22013,0.0008238777688,0.03996107339,-0.2201073163,3.874039967e-05
1.238,0.0007539375886,0.0399928941,-0.22012,0.0007610617461,0.03996230458,-0.2200973267,3.873693181e-05
1.239,0.0006911159932,0.03999402904,-0.22011,0.0006982438485,0.03996343715,-0.2200873371,3.873342714e-05
1.24,0.0006282926925,0.0399950653,-0.2201,0.0006354242312,0.03996447112,-0.2200773474,3.872988563e-05
1.241,0.0005654678415,0.03999600288,-0.22009,0.0005726030491,0.03996540648,-0.2200673577,3.872630726e-05
1.242,0.0005026415953,0.03999684177,-0.22008,0.0005097804572,0.03996624322,-0.2200573679,3.872269199e-05
1.243,0.0004398141089,0.03999758197,-0.22007,0.0004469566107,0.03996698134,-0.2200473781,3.871903978e-05
1.244,0.0003769855373,0.03999822348,-0.22006,0.0003841316645,0.03996762085,-0.2200373883,3.87153506e-05
1.245,0.0003141560355,0.03999876631,-0.22005,0.0003213057738,0.03996816173,-0.2200273984,3.871162441e-05
1.246,0.0002513257586,0.03999921043,-0.22004,0.0002584790935,0.03996860399,-0.2200174085,3.870786117e-05
1.247,0.0001884948616,0.03999955587,-0.22003,0.0001956517788,0.03996894763,-0.2200074186,3.870406087e-05
1.248,0.0001256634994,0.03999980261,-0.22002,0.0001328239847,0.03996919265,-0.2199974287,3.870022348e-05
1.249,6.283182723e-05,0.03999995065,-0.22001,6.999586616e-05,0.03996933904,-0.2199874387,3.869634894e-05
1.25,2.449293598e-18,0.04,-0.22,7.167578372e-06,0.03996938681,-0.2199774487,3.869243723e-05
1.251,-6.283182723e-05,0.03999995065,-0.21999,-5.566072366e-05,0.03996933596,-0.2199674586,3.868848833e-05
1.252,-0.0001256634994,0.03999980261,-0.21998,-0.0001184888849,0.03996918648,-0.2199574685,3.86845022e-05
1.253,-0.0001884948616,0.03999955587,-0.21997,-0.0001813167502,0.03996893837,-0.2199474784,3.868047883e-05
1.254,-0.0002513257586,0.03999921043,-0.21996,-0.0002441441646,0.03996859164,-0.2199374882,3.867641817e-05
1.255,-0.0003141560355,0.03999876631,-0.21995,-0.000306970973,0.03996814629,-0.219927498,3.86723202e-05
1.256,-0.0003769855373,0.03999822348,-0.21994,-0.0003697970204,0.03996760232,-0.2199175078,3.866818487e-05
1.257,-0.0004398141089,0.03999758197,-0.21993,-0.0004326221516,0.03996695973,-0.2199075176,3.866401217e-05
1.258,-0.0005026415953,0.03999684177,-0.21992,-0.0004954462117,0.03996621852,-0.2198975273,3.865980205e-05
1.259,-0.0005654678415,0.03999600288,-0.21991,-0.0005582690456,0.03996537869,-0.219887537,3.865555448e-05
1.26,-0.0006282926925,0.0399950653,-0.2199,-0.0006210904982,0.03996444025,-0.2198775466,3.865126945e-05
1.261,-0.0006911159932,0.03999402904,-0.21989,-0.0006839104145,0.03996340319,-0.2198675562,3.864694692e-05
1.262,-0.0007539375886,0.0399928941,-0.21988,-0.0007467286394,0.03996226753,-0.2198575658,3.864258687e-05
1.263,-0.0008167573238,0.03999166047,-0.21987,-0.000809545018,0.03996103326,-0.2198475753,3.863818929e-05
1.264,-0.0008795750437,0.03999032818,-0.21986,-0.0008723593951,0.03995970038,-0.2198375848,3.863375412e-05
1.265,-0.0009423905933,0.03998889721,-0.21985,-0.0009351716159,0.03995826891,-0.2198275943,3.862928135e-05
1.266,-0.001005203818,0.03998736757,-0.21984,-0.0009979815251,0.03995673883,-0.2198176038,3.862477095e-05
1.267,-0.001068014562,0.03998573927,-0.21983,-0.001060788968,0.03995511017,-0.2198076132,3.862022287e-05
1.268,-0.001130822671,0.03998401231,-0.21982,-0.001123593789,0.03995338291,-0.2197976225,3.86156371e-05
1.269,-0.00119362799,0.03998218669,-0.21981,-0.001186395834,0.03995155707,-0.2197876319,3.861101361e-05
1.27,-0.001256430363,0.03998026241,-0.2198,-0.001249194947,0.03994963265,-0.2197776412,3.860635236e-05
1.271,-0.001319229637,0.0399782395,-0.21979,-0.001311990974,0.03994760965,-0.2197676505,3.860165335e-05
1.272,-0.001382025655,0.03997611793,-0.21978,-0.001374783759,0.03994548808,-0.2197576597,3.859691654e-05
1.273,-0.001444818263,0.03997389774,-0.21977,-0.001437573148,0.03994326795,-0.2197476689,3.859214192e-05
1.274,-0.001507607307,0.03997157891,-0.21976,-0.001500358986,0.03994094925,-0.2197376781,3.858732945e-05
1.275,-0.00157039263,0.03996916145,-0.21975,-0.001563141117,0.03993853201,-0.2197276872,3.858247912e-05
1.276,-0.001633174079,0.03996664537,-0.21974,-0.001625919387,0.03993601621,-0.2197176963,3.857759089e-05
1.277,-0.001695951498,0.03996403068,-0.21973,-0.00168869364,0.03993340187,-0.2197077054,3.857266473e-05
1.278,-0.001758724733,0.03996131739,-0.21972,-0.001751463722,0.039930689,-0.2196977144,3.856770062e-05
1.279,-0.001821493628,0.03995850549,-0.21971,-0.001814229479,0.03992787759,-0.2196877234,3.856269852e-05
1.28,-0.001884258028,0.039955595,-0.2197,-0.001876990754,0.03992496767,-0.2196777324,3.855765842e-05
1.281,-0.00194701778,0.03995258592,-0.21969,-0.001939747393,0.03992195922,-0.2196677413,3.85525803e-05
1.282,-0.002009772727,0.03994947826,-0.21968,-0.002002499241,0.03991885228,-0.2196577502,3.854746414e-05
1.283,-0.002072522716,0.03994627204,-0.21967,-0.002065246144,0.03991564683,-0.2196477591,3.854230991e-05
1.284,-0.00213526759,0.03994296724,-0.21966,-0.002127987946,0.03991234289,-0.2196377679,3.853711759e-05
1.285,-0.002198007196,0.0399395639,-0.21965,-0.002190724493,0.03990894046,-0.2196277767,3.853188715e-05
1.286,-0.002260741379,0.039936062,-0.21964,-0.00225345563,0.03990543956,-0.2196177855,3.852661859e-05
1.287,-0.002323469984,0.03993246157,-0.21963,-0.002316181201,0.0399018402,-0.2196077942,3.852131186e-05
1.288,-0.002386192856,0.03992876261,-0.21962,-0.002378901053,0.03989814237,-0.2195978029,3.851596695e-05
1.289,-0.00244890984,0.03992496513,-0.21961,-0.00244161503,0.0398943461,-0.2195878116,3.851058382e-05
1.29,-0.002511620781,0.03992106914,-0.2196,-0.002504322977,0.03989045139,-0.2195778202,3.850516246e-05
1.291,-0.002574325526,0.03991707464,-0.21959,-0.002567024741,0.03988645825,-0.2195678288,3.849970286e-05
1.292,-0.002637023918,0.03991298166,-0.21958,-0.002629720165,0.03988236669,-0.2195578374,3.849420496e-05
1.293,-0.002699715804,0.03990879019,-0.21957,-0.002692409096,0.03987817672,-0.2195478459,3.848866879e-05
1.294,-0.002762401029,0.03990450025,-0.21956,-0.002755091378,0.03987388835,-0.2195378544,3.848309431e-05
1.295,-0.002825079437,0.03990011186,-0.21955,-0.002817766857,0.03986950159,-0.2195278628,3.847748149e-05
1.296,-0.002887750875,0.03989562501,-0.21954,-0.002880435378,0.03986501645,-0.2195178713,3.847183032e-05
1.297,-0.002950415188,0.03989103972,-0.21953,-0.002943096786,0.03986043294,-0.2195078796,3.846614078e-05
1.298,-0.003013072221,0.03988635601,-0.21952,-0.003005750928,0.03985575108,-0.219497888,3.846041284e-05
1.299,-0.00307572182,0.03988157388,-0.21951,-0.003068397648,0.03985097088,-0.2194878963,3.845464649e-05
1.3,-0.003138363829,0.03987669335,-0.2195,-0.003131036791,0.03984609234,-0.2194779046,3.84488417e-05
1.301,-0.003200998095,0.03987171443,-0.21949,-0.003193668203,0.03984111549,-0.2194679129,3.844299845e-05
1.302,-0.003263624463,0.03986663712,-0.21948,-0.00325629173,0.03983604032,-0.2194579211,3.843711672e-05
1.303,-0.003326242778,0.03986146145,-0.21947,-0.003318907216,0.03983086686,-0.2194479293,3.84311965e-05
1.304,-0.003388852886,0.03985618743,-0.21946,-0.003381514508,0.03982559512,-0.2194379374,3.842523778e-05
1.305,-0.003451454632,0.03985081506,-0.21945,-0.00344411345,0.03982022511,-0.2194279455,3.841924052e-05
1.306,-0.003514047862,0.03984534437,-0.21944,-0.003506703889,0.03981475684,-0.2194179536,3.841320472e-05
1.307,-0.003576632422,0.03983977536,-0.21943,-0.00356928567,0.03980919033,-0.2194079617,3.840713036e-05
1.308,-0.003639208156,0.03983410805,-0.21942,-0.003631858638,0.03980352558,-0.2193979697,3.840101742e-05
1.309,-0.003701774911,0.03982834245,-0.21941,-0.003694422638,0.03979776263,-0.2193879776,3.839486588e-05
1.31,-0.003764332533,0.03982247858,-0.2194,-0.003756977518,0.03979190147,-0.2193779856,3.838867573e-05
1.311,-0.003826880866,0.03981651646,-0.21939,-0.003819523121,0.03978594213,-0.2193679935,3.838244693e-05
1.312,-0.003889419757,0.03981045609,-0.21938,-0.003882059294,0.03977988461,-0.2193580014,3.837617947e-05
1.313,-0.003951949051,0.03980429749,-0.21937,-0.003944585882,0.03977372894,-0.2193480092,3.836987334e-05
1.314,-0.004014468594,0.03979804068,-0.21936,-0.004007102732,0.03976747513,-0.219338017,3.836352853e-05
1.315,-0.004076978232,0.03979168567,-0.21935,-0.004069609688,0.03976112319,-0.2193280248,3.835714502e-05
1.316,-0.00413947781,0.03978523248,-0.21934,-0.004132106596,0.03975467314,-0.2193180325,3.83507228e-05
1.317,-0.004201967174,0.03977868112,-0.21933,-0.004194593303,0.03974812499,-0.2193080402,3.834426186e-05
1.318,-0.004264446171,0.03977203162,-0.21932,-0.004257069654,0.03974147877,-0.2192980479,3.833776217e-05
1.319,-0.004326914645,0.03976528398,-0.21931,-0.004319535495,0.03973473448,-0.2192880555,3.833122371e-05
1.32,-0.004389372444,0.03975843822,-0.2193,-0.004381990671,0.03972789215,-0.2192780631,3.832464648e-05
1.321,-0.004451819412,0.03975149436,-0.21929,-0.004444435028,0.0397209518,-0.2192680707,3.831803046e-05
1.322,-0.004514255395,0.03974445242,-0.21928,-0.004506868413,0.03971391343,-0.2192580782,3.831137562e-05
1.323,-0.00457668024,0.03973731242,-0.21927,-0.004569290672,0.03970677706,-0.2192480857,3.830468197e-05
1.324,-0.004639093792,0.03973007436,-0.21926,-0.004631701649,0.03969954272,-0.2192380932,3.829794947e-05
1.325,-0.004701495898,0.03972273828,-0.21925,-0.004694101191,0.03969221042,-0.2192281006,3.829117813e-05
1.326,-0.004763886404,0.03971530418,-0.21924,-0.004756489145,0.03968478018,-0.219218108,3.828436794e-05
1.327,-0.004826265155,0.03970777209,-0.21923,-0.004818865356,0.03967725202,-0.2192081154,3.827751887e-05
1.328,-0.004888631998,0.03970014203,-0.21922,-0.00488122967,0.03966962596,-0.2191981227,3.827063092e-05
1.329,-0.004950986778,0.03969241401,-0.21921,-0.004943581933,0.03966190201,-0.21918813,3.826370406e-05
1.33,-0.005013329343,0.03968458805,-0.2192,-0.005005921991,0.03965408019,-0.2191781373,3.825673829e-05
1.331,-0.005075659537,0.03967666418,-0.21919,-0.005068249691,0.03964616053,-0.2191681445,3.82497336e-05
1.332,-0.005137977208,0.0396686424,-0.21918,-0.005130564879,0.03963814304,-0.2191581517,3.824268997e-05
1.333,-0.005200282201,0.03966052275,-0.21917,-0.0051928674,0.03963002775,-0.2191481588,3.823560739e-05
1.334,-0.005262574364,0.03965230524,-0.21916,-0.005255157102,0.03962181467,-0.2191381659,3.822848585e-05
1.335,-0.005324853541,0.03964398989,-0.21915,-0.00531743383,0.03961350382,-0.219128173,3.822132534e-05
1.336,-0.00538711958,0.03963557673,-0.21914,-0.00537969743,0.03960509522,-0.2191181801,3.821412584e-05
1.337,-0.005449372327,0.03962706577,-0.21913,-0.00544194775,0.03959658891,-0.2191081871,3.820688734e-05
1.338,-0.005511611627,0.03961845703,-0.21912,-0.005504184635,0.03958798488,-0.2190981941,3.819960984e-05
1.339,-0.005573837329,0.03960975053,-0.21911,-0.005566407931,0.03957928317,-0.219088201,3.819229334e-05
1.34,-0.005636049278,0.03960094631,-0.2191,-0.005628617486,0.03957048381,-0.2190782079,3.818493782e-05
1.341,-0.00569824732,0.03959204437,-0.21909,-0.005690813145,0.0395615868,-0.2190682148,3.817754326e-05
1.342,-0.005760431302,0.03958304474,-0.21908,-0.005752994755,0.03955259217,-0.2190582217,3.817010966e-05
1.343,-0.005822601071,0.03957394745,-0.21907,-0.005815162163,0.03954349995,-0.2190482285,3.816263699e-05
1.344,-0.005884756474,0.03956475251,-0.21906,-0.005877315214,0.03953431015,-0.2190382353,3.815512527e-05
1.345,-0.005946897356,0.03955545995,-0.21905,-0.005939453757,0.03952502281,-0.219028242,3.814757447e-05
1.346,-0.006009023565,0.03954606979,-0.21904,-0.006001577637,0.03951563794,-0.2190182487,3.813998459e-05
1.347,-0.006071134947,0.03953658205,-0.21903,-0.006063686701,0.03950615556,-0.2190082554,3.813235562e-05
1.348,-0.006133231349,0.03952699676,-0.21902,-0.006125780796,0.0394965757,-0.218998262,3.812468755e-05
1.349,-0.006195312619,0.03951731395,-0.21901,-0.006187859768,0.03948689838,-0.2189882686,3.811698037e-05
1.35,-0.006257378602,0.03950753362,-0.219,-0.006249923464,0.03947712363,-0.2189782752,3.810923409e-05
1.351,-0.006319429145,0.03949765582,-0.21899,-0.006311971732,0.03946725147,-0.2189682817,3.810144869e-05
1.352,-0.006381464096,0.03948768056,-0.21898,-0.006374004417,0.03945728193,-0.2189582882,3.809362416e-05
1.353,-0.006443483301,0.03947760787,-0.21897,-0.006436021367,0.03944721502,-0.2189482947,3.80857605e-05
1.354,-0.006505486608,0.03946743777,-0.21896,-0.006498022429,0.03943705078,-0.2189383011,3.80778577e-05
1.355,-0.006567473863,0.03945717029,-0.21895,-0.006560007449,0.03942678923,-0.2189283075,3.806991574e-05
1.356,-0.006629444913,0.03944680545,-0.21894,-0.006621976276,0.0394164304,-0.2189183139,3.806193462e-05
1.357,-0.006691399606,0.03943634328,-0.21893,-0.006683928755,0.0394059743,-0.2189083202,3.805391434e-05
1.358,-0.006753337789,0.03942578381,-0.21892,-0.006745864733,0.03939542097,-0.2188983265,3.80458549e-05
1.359,-0.006815259308,0.03941512705,-0.21891,-0.006807784059,0.03938477044,-0.2188883328,3.803775628e-05
1.36,-0.006877164011,0.03940437305,-0.2189,-0.006869686579,0.03937402272,-0.218878339,3.802961848e-05
1.361,-0.006939051746,0.03939352181,-0.21889,-0.00693157214,0.03936317784,-0.2188683452,3.802144151e-05
1.362,-0.007000922359,0.03938257338,-0.21888,-0.00699344059,0.03935223584,-0.2188583514,3.801322534e-05
1.363,-0.007062775698,0.03937152778,-0.21887,-0.007055291776,0.03934119674,-0.2188483575,3.800497e-05
1.364,-0.007124611611,0.03936038503,-0.21886,-0.007117125545,0.03933006056,-0.2188383636,3.799667545e-05
1.365,-0.007186429944,0.03934914516,-0.21885,-0.007178941745,0.03931882734,-0.2188283697,3.79883417e-05
1.366,-0.007248230545,0.0393378082,-0.21884,-0.007240740222,0.0393074971,-0.2188183757,3.797996874e-05
1.367,-0.007310013262,0.03932637418,-0.21883,-0.007302520825,0.03929606987,-0.2188083817,3.797155658e-05
1.368,-0.007371777942,0.03931484313,-0.21882,-0.007364283401,0.03928454568,-0.2187983876,3.796310518e-05
1.369,-0.007433524434,0.03930321507,-0.21881,-0.007426027798,0.03927292455,-0.2187883936,3.795461457e-05
1.37,-0.007495252583,0.03929149003,-0.2188,-0.007487753863,0.03926120651,-0.2187783995,3.794608475e-05
1.371,-0.007556962239,0.03927966804,-0.21879,-0.007549461444,0.0392493916,-0.2187684053,3.79375157e-05
1.372,-0.007618653249,0.03926774914,-0.21878,-0.007611150388,0.03923747985,-0.2187584111,3.792890744e-05
1.373,-0.007680325461,0.03925573335,-0.21877,-0.007672820543,0.03922547127,-0.2187484169,3.792025995e-05
1.374,-0.007741978722,0.0392436207,-0.21876,-0.007734471758,0.03921336591,-0.2187384227,3.791157322e-05
1.375,-0.007803612881,0.03923141122,-0.21875,-0.007796103879,0.03920116379,-0.2187284284,3.790284727e-05
1.376,-0.007865227785,0.03921910493,-0.21874,-0.007857716755,0.03918886494,-0.2187184341,3.789408208e-05
1.377,-0.007926823282,0.03920670188,-0.21873,-0.007919310234,0.03917646939,-0.2187084397,3.788527766e-05
1.378,-0.007988399221,0.0391942021,-0.21872,-0.007980884163,0.03916397718,-0.2186984454,3.7876434e-05
1.379,-0.008049955449,0.0391816056,-0.21871,-0.008042438391,0.03915138833,-0.2186884509,3.786755112e-05
1.38,-0.008111491814,0.03916891242,-0.2187,-0.008103972765,0.03913870287,-0.2186784565,3.7858629e-05
1.381,-0.008173008166,0.03915612261,-0.21869,-0.008165487135,0.03912592084,-0.218668462,3.784966764e-05
1.382,-0.008234504351,0.03914323617,-0.21868,-0.008226981347,0.03911304227,-0.2186584675,3.784066703e-05
1.383,-0.008295980218,0.03913025316,-0.21867,-0.008288455251,0.03910006719,-0.2186484729,3.783162718e-05
1.384,-0.008357435616,0.03911717359,-0.21866,-0.008349908694,0.03908699563,-0.2186384784,3.78225481e-05
1.385,-0.008418870393,0.03910399751,-0.21865,-0.008411341525,0.03907382762,-0.2186284837,3.781342978e-05
1.386,-0.008480284397,0.03909072494,-0.21864,-0.008472753592,0.0390605632,-0.2186184891,3.780427224e-05
1.387,-0.008541677477,0.03907735592,-0.21863,-0.008534144744,0.0390472024,-0.2186084944,3.779507546e-05
1.388,-0.008603049481,0.03906389048,-0.21862,-0.008595514829,0.03903374525,-0.2185984997,3.778583944e-05
1.389,-0.008664400258,0.03905032866,-0.21861,-0.008656863695,0.03902019178,-0.2185885049,3.777656419e-05
1.39,-0.008725729656,0.03903667048,-0.2186,-0.008718191192,0.03900654204,-0.2185785101,3.776724971e-05
1.391,-0.008787037524,0.03902291598,-0.21859,-0.008779497167,0.03899279604,-0.2185685153,3.775789599e-05
1.392,-0.008848323712,0.0390090652,-0.21858,-0.00884078147,0.03897895383,-0.2185585205,3.774850305e-05
1.393,-0.008909588067,0.03899511816,-0.21857,-0.008902043949,0.03896501545,-0.2185485256,3.77390709e-05
1.394,-0.008970830438,0.03898107491,-0.21856,-0.008963284453,0.03895098091,-0.2185385307,3.772959952e-05
1.395,-0.009032050675,0.03896693548,-0.21855,-0.00902450283,0.03893685027,-0.2185285357,3.772008894e-05
1.396,-0.009093248626,0.0389526999,-0.21854,-0.009085698931,0.03892262355,-0.2185185407,3.771053913e-05
1.397,-0.00915442414,0.03893836821,-0.21853,-0.009146872603,0.03890830079,-0.2185085457,3.77009501e-05
1.398,-0.009215577067,0.03892394044,-0.21852,-0.009208023696,0.03889388203,-0.2184985507,3.769132188e-05
1.399,-0.009276707255,0.03890941663,-0.21851,-0.009269152059,0.0388793673,-0.2184885556,3.768165446e-05
1.4,-0.009337814554,0.03889479682,-0.2185,-0.00933025754,0.03886475663,-0.2184785604,3.767194783e-05
1.401,-0.009398898813,0.03888008103,-0.21849,-0.00939133999,0.03885005006,-0.2184685653,3.7662202e-05
1.402,-0.009459959881,0.03886526932,-0.21848,-0.009452399256,0.03883524764,-0.2184585701,3.765241697e-05
1.403,-0.009520997607,0.0388503617,-0.21847,-0.00951343519,0.03882034939,-0.2184485749,3.764259275e-05
1.404,-0.009582011842,0.03883535823,-0.21846,-0.009574447639,0.03880535535,-0.2184385796,3.763272936e-05
1.405,-0.009643002433,0.03882025894,-0.21845,-0.009635436454,0.03879026556,-0.2184285843,3.76228268e-05
1.406,-0.009703969232,0.03880506386,-0.21844,-0.009696401483,0.03877508005,-0.218418589,3.761288508e-05
1.407,-0.009764912087,0.03878977303,-0.21843,-0.009757342577,0.03875979887,-0.2184085937,3.76029042e-05
1.408,-0.009825830848,0.0387743865,-0.21842,-0.009818259584,0.03874442206,-0.2183985983,3.759288416e-05
1.409,-0.009886725364,0.03875890429,-0.21841,-0.009879152356,0.03872894964,-0.2183886029,3.758282497e-05
1.41,-0.009947595487,0.03874332645,-0.2184,-0.00994002074,0.03871338166,-0.2183786074,3.757272664e-05
1.411,-0.01000844106,0.03872765301,-0.21839,-0.01000086459,0.03869771815,-0.2183686119,3.756258916e-05
1.412,-0.01006926195,0.03871188401,-0.21838,-0.01006168375,0.03868195916,-0.2183586164,3.755241254e-05
1.413,-0.01013005798,0.0386960195,-0.21837,-0.01012247807,0.03866610472,-0.2183486209,3.75421968e-05
1.414,-0.01019082903,0.03868005951,-0.21836,-0.01018324741,0.03865015488,-0.2183386253,3.753194195e-05
1.415,-0.01025157493,0.03866400408,-0.21835,-0.0102439916,0.03863410967,-0.2183286297,3.7521648e-05
1.416,-0.01031229553,0.03864785325,-0.21834,-0.01030471051,0.03861796913,-0.218318634,3.751131495e-05
1.417,-0.01037299069,0.03863160706,-0.21833,-0.01036540399,0.0386017333,-0.2183086383,3.750094282e-05
1.418,-0.01043366025,0.03861526555,-0.21832,-0.01042607187,0.03858540222,-0.2182986426,3.74905316e-05
1.419,-0.01049430407,0.03859882877,-0.21831,-0.01048671402,0.03856897594,-0.2182886469,3.748008131e-05
1.42,-0.010554922,0.03858229674,-0.2183,-0.01054733029,0.03855245449,-0.2182786511,3.746959195e-05
1.421,-0.01061551388,0.03856566951,-0.21829,-0.01060792052,0.03853583791,-0.2182686553,3.745906353e-05
1.422,-0.01067607957,0.03854894713,-0.21828,-0.01066848456,0.03851912624,-0.2182586594,3.744849606e-05
1.423,-0.01073661892,0.03853212963,-0.21827,-0.01072902226,0.03850231953,-0.2182486635,3.743788955e-05
1.424,-0.01079713178,0.03851521706,-0.21826,-0.01078953349,0.03848541782,-0.2182386676,3.742724402e-05
1.425,-0.01085761799,0.03849820946,-0.21825,-0.01085001807,0.03846842115,-0.2182286717,3.741655949e-05
1.426,-0.01091807742,0.03848110686,-0.21824,-0.01091047588,0.03845132956,-0.2182186757,3.740583596e-05
1.427,-0.01097850991,0.03846390932,-0.21823,-0.01097090675,0.03843414309,-0.2182086797,3.739507345e-05
1.428,-0.01103891531,0.03844661687,-0.21822,-0.01103131054,0.03841686179,-0.2181986837,3.738427196e-05
1.429,-0.01109929347,0.03842922956,-0.21821,-0.0110916871,0.03839948569,-0.2181886876,3.737343148e-05
1.43,-0.01115964424,0.03841174743,-0.2182,-0.01115203629,0.03838201485,-0.2181786915,3.736255203e-05
1.431,-0.01121996748,0.03839417052,-0.21819,-0.01121235794,0.0383644493,-0.2181686953,3.735163363e-05
1.432,-0.01128026304,0.03837649887,-0.21818,-0.01127265191,0.03834678908,-0.2181586992,3.73406763e-05
1.433,-0.01134053076,0.03835873254,-0.21817,-0.01133291806,0.03832903425,-0.218148703,3.732968005e-05
1.434,-0.0114007705,0.03834087156,-0.21816,-0.01139315624,0.03831118485,-0.2181387067,3.731864489e-05
1.435,-0.01146098211,0.03832291598,-0.21815,-0.01145336629,0.03829324091,-0.2181287105,3.730757084e-05
1.436,-0.01152116544,0.03830486584,-0.21814,-0.01151354806,0.03827520249,-0.2181187142,3.729645791e-05
1.437,-0.01158132034,0.03828672118,-0.21813,-0.01157370142,0.03825706962,-0.2181087178,3.728530612e-05
1.438,-0.01164144667,0.03826848206,-0.21812,-0.01163382621,0.03823884236,-0.2180987215,3.727411548e-05
1.439,-0.01170154428,0.03825014852,-0.21811,-0.01169392228,0.03822052074,-0.2180887251,3.726288599e-05
1.44,-0.01176161301,0.03823172059,-0.2181,-0.01175398948,0.03820210482,-0.2180787286,3.725161766e-05
1.441,-0.01182165272,0.03821319833,-0.21809,-0.01181402767,0.03818359463,-0.2180687322,3.724031052e-05
1.442,-0.01188166326,0.03819458179,-0.21808,-0.01187403669,0.03816499023,-0.2180587357,3.722896457e-05
1.443,-0.01194164449,0.038175871,-0.21807,-0.01193401641,0.03814629166,-0.2180487392,3.721757984e-05
1.444,-0.01200159625,0.03815706602,-0.21806,-0.01199396667,0.03812749897,-0.2180387426,3.720615634e-05
1.445,-0.0120615184,0.03813816689,-0.21805,-0.01205388732,0.03810861219,-0.218028746,3.719469409e-05
1.446,-0.01212141079,0.03811917366,-0.21804,-0.01211377821,0.03808963139,-0.2180187494,3.718319312e-05
1.447,-0.01218127326,0.03810008637,-0.21803,-0.0121736392,0.0380705566,-0.2180087527,3.717165344e-05
1.448,-0.01224110569,0.03808090508,-0.21802,-0.01223347015,0.03805138788,-0.2179987561,3.716007504e-05
1.449,-0.01230090791,0.03806162982,-0.21801,-0.01229327089,0.03803212527,-0.2179887593,3.714845795e-05
1.45,-0.01236067977,0.03804226065,-0.218,-0.01235304129,0.03801276881,-0.2179787626,3.713680219e-05
1.451,-0.01242042114,0.03802279762,-0.21799,-0.0124127812,0.03799331856,-0.2179687658,3.712510778e-05
1.452,-0.01248013187,0.03800324076,-0.21798,-0.01247249046,0.03797377457,-0.217958769,3.711337473e-05
1.453,-0.0125398118,0.03798359014,-0.21797,-0.01253216894,0.03795413687,-0.2179487722,3.710160307e-05
1.454,-0.01259946079,0.0379638458,-0.21796,-0.01259181648,0.03793440553,-0.2179387753,3.70897928e-05
1.455,-0.01265907869,0.03794400779,-0.21795,-0.01265143294,0.03791458058,-0.2179287784,3.707794394e-05
1.456,-0.01271866535,0.03792407615,-0.21794,-0.01271101817,0.03789466209,-0.2179187815,3.706605652e-05
1.457,-0.01277822064,0.03790405094,-0.21793,-0.01277057203,0.03787465009,-0.2179087845,3.705413057e-05
1.458,-0.01283774439,0.0378839322,-0.21792,-0.01283009436,0.03785454464,-0.2178987875,3.704216609e-05
1.459,-0.01289723647,0.03786371999,-0.21791,-0.01288958502,0.03783434578,-0.2178887905,3.703016311e-05
1.46,-0.01295669673,0.03784341435,-0.2179,-0.01294904386,0.03781405357,-0.2178787934,3.701812163e-05
1.461,-0.01301612502,0.03782301534,-0.21789,-0.01300847074,0.03779366806,-0.2178687963,3.70060417e-05
1.462,-0.01307552119,0.03780252301,-0.21788,-0.01306786551,0.03777318929,-0.2178587992,3.69939233e-05
1.463,-0.01313488509,0.0377819374,-0.21787,-0.01312722802,0.03775261732,-0.217848802,3.698176648e-05
1.464,-0.01319421659,0.03776125857,-0.21786,-0.01318655812,0.0377319522,-0.2178388049,3.696957126e-05
1.465,-0.01325351554,0.03774048656,-0.21785,-0.01324585568,0.03771119398,-0.2178288076,3.695733765e-05
1.466,-0.01331278178,0.03771962144,-0.21784,-0.01330512054,0.03769034271,-0.2178188104,3.694506568e-05
1.467,-0.01337201518,0.03769866324,-0.21783,-0.01336435255,0.03766939844,-0.2178088131,3.693275538e-05
1.468,-0.01343121558,0.03767761203,-0.21782,-0.01342355158,0.03764836122,-0.2177988158,3.692040675e-05
1.469,-0.01349038284,0.03765646785,-0.21781,-0.01348271747,0.03762723111,-0.2177888185,3.690801983e-05
1.47,-0.01354951681,0.03763523076,-0.2178,-0.01354185008,0.03760600816,-0.2177788211,3.689559462e-05
1.471,-0.01360861735,0.03761390081,-0.21779,-0.01360094926,0.03758469241,-0.2177688237,3.688313116e-05
1.472,-0.01366768432,0.03759247804,-0.21778,-0.01366001487,0.03756328393,-0.2177588263,3.687062948e-05
1.473,-0.01372671756,0.03757096253,-0.21777,-0.01371904676,0.03754178277,-0.2177488288,3.685808958e-05
1.474,-0.01378571693,0.03754935431,-0.21776,-0.01377804479,0.03752018897,-0.2177388313,3.68455115e-05
1.475,-0.01384468228,0.03752765344,-0.21775,-0.0138370088,0.0374985026,-0.2177288338,3.683289526e-05
1.476,-0.01390361348,0.03750585997,-0.21774,-0.01389593866,0.0374767237,-0.2177188362,3.682024088e-05
1.477,-0.01396251037,0.03748397396,-0.21773,-0.01395483422,0.03745485232,-0.2177088387,3.68075484e-05
1.478,-0.01402137281,0.03746199547,-0.21772,-0.01401369533,0.03743288854,-0.217698841,3.679481784e-05
1.479,-0.01408020065,0.03743992454,-0.21771,-0.01407252185,0.03741083239,-0.2176888434,3.678204921e-05
1.48,-0.01413899375,0.03741776123,-0.2177,-0.01413131363,0.03738868393,-0.2176788457,3.676924253e-05
1.481,-0.01419775197,0.0373955056,-0.21769,-0.01419007053,0.03736644322,-0.217668848,3.675639786e-05
1.482,-0.01425647515,0.0373731577,-0.21768,-0.01424879241,0.03734411031,-0.2176588503,3.67435152e-05
1.483,-0.01431516316,0.03735071758,-0.21767,-0.01430747911,0.03732168525,-0.2176488525,3.673059458e-05
1.484,-0.01437381584,0.03732818531,-0.21766,-0.01436613049,0.03729916811,-0.2176388547,3.671763602e-05
1.485,-0.01443243306,0.03730556093,-0.21765,-0.01442474641,0.03727655893,-0.2176288569,3.670463955e-05
1.486,-0.01449101467,0.0372828445,-0.21764,-0.01448332672,0.03725385778,-0.2176188591,3.66916052e-05
1.487,-0.01454956052,0.03726003608,-0.21763,-0.01454187129,0.03723106471,-0.2176088612,3.667853301e-05
1.488,-0.01460807048,0.03723713572,-0.21762,-0.01460037996,0.03720817977,-0.2175988633,3.666542299e-05
1.489,-0.01466654439,0.03721414349,-0.21761,-0.01465885258,0.03718520303,-0.2175888653,3.665227517e-05
1.49,-0.01472498211,0.03719105944,-0.2176,-0.01471728903,0.03716213454,-0.2175788673,3.663908959e-05
1.491,-0.0147833835,0.03716788361,-0.21759,-0.01477568914,0.03713897435,-0.2175688693,3.662586626e-05
1.492,-0.01484174841,0.03714461609,-0.21758,-0.01483405278,0.03711572252,-0.2175588713,3.661260524e-05
1.493,-0.0149000767,0.03712125691,-0.21757,-0.01489237981,0.03709237911,-0.2175488732,3.659930653e-05
1.494,-0.01495836823,0.03709780613,-0.21756,-0.01495067007,0.03706894418,-0.2175388751,3.658597016e-05
1.495,-0.01501662285,0.03707426383,-0.21755,-0.01500892343,0.03704541779,-0.217528877,3.657259615e-05
1.496,-0.01507484042,0.03705063004,-0.21754,-0.01506713974,0.03702179999,-0.2175188789,3.655918455e-05
1.497,-0.01513302079,0.03702690484,-0.21753,-0.01512531886,0.03699809085,-0.2175088807,3.654573539e-05
1.498,-0.01519116382,0.03700308827,-0.21752,-0.01518346064,0.03697429041,-0.2174988825,3.65322487e-05
1.499,-0.01524926937,0.03697918041,-0.21751,-0.01524156495,0.03695039875,-0.2174888842,3.651872451e-05
1.5,-0.01530733729,0.0369551813,-0.2175,-0.01529963163,0.03692641591,-0.217478886,3.650516286e-05
1.501,-0.01536536745,0.03693109101,-0.21749,-0.01535766054,0.03690234196,-0.2174688877,3.649156377e-05
1.502,-0.01542335969,0.03690690959,-0.21748,-0.01541565155,0.03687817696,-0.2174588894,3.647792726e-05
1.503,-0.01548131388,0.03688263712,-0.21747,-0.0154736045,0.03685392096,-0.217448891,3.646425338e-05
1.504,-0.01553922987,0.03685827363,-0.21746,-0.01553151926,0.03682957403,-0.2174388926,3.645054214e-05
1.505,-0.01559710751,0.03683381921,-0.21745,-0.01558939568,0.03680513623,-0.2174288942,3.64367936e-05
1.506,-0.01565494667,0.03680927389,-0.21744,-0.01564723361,0.03678060761,-0.2174188958,3.642300777e-05
1.507,-0.01571274721,0.03678463776,-0.21743,-0.01570503293,0.03675598825,-0.2174088973,3.64091847e-05
1.508,-0.01577050897,0.03675991086,-0.21742,-0.01576279348,0.03673127819,-0.2173988988,3.639532443e-05
1.509,-0.01582823183,0.03673509327,-0.21741,-0.01582051511,0.0367064775,-0.2173889003,3.638142699e-05
1.51,-0.01588591563,0.03671018503,-0.2174,-0.0158781977,0.03668158624,-0.2173789017,3.63674924e-05
1.511,-0.01594356023,0.03668518621,-0.21739,-0.01593584109,0.03665660447,-0.2173689031,3.63535207e-05
1.512,-0.01600116549,0.03666009688,-0.21738,-0.01599344515,0.03663153226,-0.2173589045,3.633951192e-05
1.513,-0.01605873127,0.03663491709,-0.21737,-0.01605100972,0.03660636966,-0.2173489059,3.63254661e-05
1.514,-0.01611625743,0.0366096469,-0.21736,-0.01610853468,0.03658111674,-0.2173389072,3.631138326e-05
1.515,-0.01617374382,0.03658428639,-0.21735,-0.01616601988,0.03655577357,-0.2173289085,3.629726346e-05
1.516,-0.01623119031,0.03655883561,-0.21734,-0.01622346516,0.03653034019,-0.2173189098,3.628310672e-05
1.517,-0.01628859674,0.03653329462,-0.21733,-0.01628087041,0.03650481668,-0.217308911,3.62689131e-05
1.518,-0.01634596299,0.0365076635,-0.21732,-0.01633823546,0.0364792031,-0.2172989123,3.625468263e-05
1.519,-0.0164032889,0.03648194229,-0.21731,-0.01639556019,0.03645349951,-0.2172889134,3.624041534e-05
1.52,-0.01646057434,0.03645613107,-0.2173,-0.01645284444,0.03642770597,-0.2172789146,3.622611127e-05
1.521,-0.01651781917,0.03643022989,-0.21729,-0.01651008809,0.03640182256,-0.2172689157,3.621177045e-05
1.522,-0.01657502324,0.03640423883,-0.21728,-0.01656729097,0.03637584932,-0.2172589168,3.619739291e-05
1.523,-0.01663218641,0.03637815794,-0.21727,-0.01662445297,0.03634978634,-0.2172489179,3.61829787e-05
1.524,-0.01668930855,0.03635198729,-0.21726,-0.01668157392,0.03632363366,-0.217238919,3.616852785e-05
1.525,-0.0167463895,0.03632572695,-0.21725,-0.0167386537,0.03629739136,-0.21722892,3.615404041e-05
1.526,-0.01680342914,0.03629937698,-0.21724,-0.01679569217,0.0362710595,-0.217218921,3.613951642e-05
1.527,-0.01686042731,0.03627293745,-0.21723,-0.01685268917,0.03624463815,-0.217208922,3.612495592e-05
1.528,-0.01691738388,0.03624640841,-0.21722,-0.01690964458,0.03621812737,-0.2171989229,3.611035894e-05
1.529,-0.01697429871,0.03621978994,-0.21721,-0.01696655824,0.03619152722,-0.2171889238,3.609572554e-05
1.53,-0.01703117166,0.0361930821,-0.2172,-0.01702343002,0.03616483778,-0.2171789247,3.608105575e-05
1.531,-0.01708800259,0.03616628496,-0.21719,-0.01708025979,0.03613805911,-0.2171689256,3.60663496e-05
1.532,-0.01714479135,0.03613939858,-0.21718,-0.01713704739,0.03611119126,-0.2171589264,3.605160714e-05
1.533,-0.01720153781,0.03611242303,-0.21717,-0.01719379269,0.03608423432,-0.2171489272,3.603682842e-05
1.534,-0.01725824183,0.03608535837,-0.21716,-0.01725049555,0.03605718835,-0.217138928,3.602201346e-05
1.535,-0.01731490326,0.03605820468,-0.21715,-0.01730715583,0.03603005341,-0.2171289287,3.600716231e-05
1.536,-0.01737152197,0.03603096202,-0.21714,-0.01736377339,0.03600282957,-0.2171189294,3.599227502e-05
1.537,-0.01742809782,0.03600363046,-0.21713,-0.01742034808,0.03597551689,-0.2171089301,3.597735163e-05
1.538,-0.01748463067,0.03597621006,-0.21712,-0.01747687978,0.03594811546,-0.2170989308,3.596239219e-05
1.539,-0.01754112037,0.0359487009,-0.21711,-0.01753336833,0.03592062532,-0.2170889315,3.594739674e-05
1.54,-0.01759756679,0.03592110303,-0.2171,-0.01758981361,0.03589304656,-0.2170789321,3.593236533e-05
1.541,-0.0176539698,0.03589341653,-0.21709,-0.01764621547,0.03586537924,-0.2170689327,3.591729799e-05
1.542,-0.01771032924,0.03586564147,-0.21708,-0.01770257377,0.03583762342,-0.2170589332,3.590219477e-05
1.543,-0.01776664499,0.03583777792,-0.21707,-0.01775888837,0.03580977918,-0.2170489338,3.588705572e-05
1.544,-0.0178229169,0.03580982593,-0.21706,-0.01781515914,0.03578184658,-0.2170389343,3.587188087e-05
1.545,-0.01787914483,0.03578178559,-0.21705,-0.01787138593,0.0357538257,-0.2170289348,3.585667029e-05
1.546,-0.01793532864,0.03575365697,-0.21704,-0.01792756861,0.03572571659,-0.2170189352,3.584142401e-05
1.547,-0.01799146821,0.03572544012,-0.21703,-0.01798370703,0.03569751935,-0.2170089356,3.582614209e-05
1.548,-0.01804756338,0.03569713512,-0.21702,-0.01803980107,0.03566923402,-0.2169989361,3.581082456e-05
1.549,-0.01810361402,0.03566874205,-0.21701,-0.01809585057,0.03564086068,-0.2169889364,3.579547148e-05
1.55,-0.01815961999,0.03564026097,-0.217,-0.01815185541,0.03561239941,-0.2169789368,3.578008289e-05
1.551,-0.01821558115,0.03561169195,-0.21699,-0.01820781544,0.03558385026,-0.2169689371,3.576465884e-05
1.552,-0.01827149737,0.03558303506,-0.21698,-0.01826373053,0.03555521332,-0.2169589374,3.574919936e-05
1.553,-0.01832736851,0.03555429037,-0.21697,-0.01831960053,0.03552648866,-0.2169489377,3.573370452e-05
1.554,-0.01838319442,0.03552545795,-0.21696,-0.01837542532,0.03549767633,-0.2169389379,3.571817437e-05
1.555,-0.01843897498,0.03549653788,-0.21695,-0.01843120475,0.03546877642,-0.2169289382,3.570260897e-05
1.556,-0.01849471004,0.03546753023,-0.21694,-0.01848693868,0.035439789,-0.2169189384,3.568700835e-05
1.557,-0.01855039947,0.03543843506,-0.21693,-0.01854262698,0.03541071413,-0.2169089385,3.567137258e-05
1.558,-0.01860604312,0.03540925245,-0.21692,-0.01859826951,0.0353815519,-0.2168989387,3.565570168e-05
1.559,-0.01866164087,0.03537998248,-0.21691,-0.01865386613,0.03535230236,-0.2168889388,3.563999571e-05
1.56,-0.01871719257,0.0353506252,-0.2169,-0.0187094167,0.0353229656,-0.2168789389,3.562425474e-05
1.561,-0.01877269809,0.03532118071,-0.21689,-0.0187649211,0.03529354169,-0.216868939,3.560847881e-05
1.562,-0.01882815729,0.03529164906,-0.21688,-0.01882037917,0.0352640307,-0.216858939,3.559266795e-05
1.563,-0.01888357003,0.03526203033,-0.21687,-0.01887579079,0.03523443269,-0.216848939,3.557682224e-05
1.564,-0.01893893618,0.0352323246,-0.21686,-0.01893115582,0.03520474775,-0.216838939,3.556094173e-05
1.565,-0.01899425559,0.03520253193,-0.21685,-0.01898647411,0.03517497595,-0.216828939,3.554502648e-05
1.566,-0.01904952815,0.03517265241,-0.21684,-0.01904174554,0.03514511736,-0.216818939,3.552907653e-05
1.567,-0.0191047537,0.0351426861,-0.21683,-0.01909696997,0.03511517206,-0.2168089389,3.551309193e-05
1.568,-0.01915993211,0.03511263308,-0.21682,-0.01915214726,0.03508514012,-0.2167989388,3.549707275e-05
1.569,-0.01921506324,0.03508249342,-0.21681,-0.01920727727,0.03505502161,-0.2167889386,3.548101903e-05
1.57,-0.01927014696,0.0350522672,-0.2168,-0.01926235988,0.0350248166,-0.2167789385,3.546493083e-05
1.571,-0.01932518314,0.03502195449,-0.21679,-0.01931739493,0.03499452518,-0.2167689383,3.544880821e-05
1.572,-0.01938017163,0.03499155537,-0.21678,-0.01937238231,0.03496414742,-0.2167589381,3.543265121e-05
1.573,-0.01943511231,0.03496106991,-0.21677,-0.01942732186,0.03493368339,-0.2167489379,3.54164599e-05
1.574,-0.01949000503,0.03493049819,-0.21676,-0.01948221346,0.03490313316,-0.2167389376,3.540023434e-05
1.575,-0.01954484966,0.03489984028,-0.21675,-0.01953705697,0.03487249682,-0.2167289374,3.538397459e-05
1.576,-0.01959964607,0.03486909626,-0.21674,-0.01959185226,0.03484177444,-0.2167189371,3.53676807e-05
1.577,-0.01965439411,0.0348382662,-0.21673,-0.01964659919,0.03481096609,-0.2167089367,3.535135272e-05
1.578,-0.01970909366,0.03480735019,-0.21672,-0.01970129762,0.03478007185,-0.2166989364,3.53349907e-05
1.579,-0.01976374458,0.03477634829,-0.21671,-0.01975594742,0.0347490918,-0.216688936,3.531859472e-05
1.58,-0.01981834674,0.03474526058,-0.2167,-0.01981054846,0.03471802601,-0.2166789356,3.530216483e-05
1.581,-0.01987289999,0.03471408714,-0.21669,-0.01986510059,0.03468687456,-0.2166689352,3.528570109e-05
1.582,-0.01992740421,0.03468282805,-0.21668,-0.01991960369,0.03465563752,-0.2166589348,3.526920356e-05
1.583,-0.01998185927,0.03465148338,-0.21667,-0.01997405763,0.03462431498,-0.2166489343,3.525267231e-05
1.584,-0.02003626501,0.03462005321,-0.21666,-0.02002846226,0.03459290701,-0.2166389338,3.52361074e-05
1.585,-0.02009062133,0.03458853762,-0.21665,-0.02008281745,0.03456141369,-0.2166289333,3.521950888e-05
1.586,-0.02014492807,0.03455693669,-0.21664,-0.02013712307,0.0345298351,-0.2166189328,3.520287681e-05
1.587,-0.0201991851,0.03452525049,-0.21663,-0.02019137898,0.03449817131,-0.2166089322,3.518621125e-05
1.588,-0.02025339229,0.0344934791,-0.21662,-0.02024558505,0.0344664224,-0.2165989316,3.516951227e-05
1.589,-0.02030754952,0.03446162261,-0.21661,-0.02029974115,0.03443458845,-0.216588931,3.515277993e-05
1.59,-0.02036165663,0.03442968108,-0.2166,-0.02035384715,0.03440266955,-0.2165789304,3.513601427e-05
1.591,-0.0204157135,0.0343976546,-0.21659,-0.0204079029,0.03437066576,-0.2165689297,3.511921539e-05
1.592,-0.02046972,0.03436554325,-0.21658,-0.02046190828,0.03433857717,-0.2165589291,3.510238335e-05
1.593,-0.020523676,0.03433334711,-0.21657,-0.02051586315,0.03430640385,-0.2165489284,3.50855182e-05
1.594,-0.02057758135,0.03430106625,-0.21656,-0.02056976738,0.03427414589,-0.2165389276,3.506862001e-05
1.595,-0.02063143593,0.03426870075,-0.21655,-0.02062362083,0.03424180337,-0.2165289269,3.505168885e-05
1.596,-0.02068523961,0.03423625071,-0.21654,-0.02067742338,0.03420937636,-0.2165189261,3.503472478e-05
1.597,-0.02073899224,0.03420371618,-0.21653,-0.02073117489,0.03417686494,-0.2165089253,3.501772787e-05
1.598,-0.0207926937,0.03417109727,-0.21652,-0.02078487523,0.0341442692,-0.2164989245,3.500069817e-05
1.599,-0.02084634386,0.03413839404,-0.21651,-0.02083852426,0.03411158922,-0.2164889237,3.498363575e-05
1.6,-0.02089994259,0.03410560657,-0.2165,-0.02089212186,0.03407882508,-0.2164789228,3.496654069e-05
1.601,-0.02095348974,0.03407273496,-0.21649,-0.02094566789,0.03404597685,-0.216468922,3.494941305e-05
1.602,-0.0210069852,0.03403977927,-0.21648,-0.02099916221,0.03401304462,-0.2164589211,3.49322529e-05
1.603,-0.02106042882,0.0340067396,-0.21647,-0.0210526047,0.03398002847,-0.2164489201,3.491506032e-05
1.604,-0.02111382048,0.03397361601,-0.21646,-0.02110599523,0.03394692848,-0.2164389192,3.489783536e-05
1.605,-0.02116716004,0.0339404086,-0.21645,-0.02115933366,0.03391374474,-0.2164289182,3.48805781e-05
1.606,-0.02122044737,0.03390711744,-0.21644,-0.02121261986,0.03388047732,-0.2164189172,3.486328862e-05
1.607,-0.02127368235,0.03387374263,-0.21643,-0.0212658537,0.03384712631,-0.2164089162,3.484596697e-05
1.608,-0.02132686483,0.03384028423,-0.21642,-0.02131903505,0.03381369178,-0.2163989152,3.482861323e-05
1.609,-0.02137999469,0.03380674233,-0.21641,-0.02137216377,0.03378017383,-0.2163889141,3.481122746e-05
1.61,-0.0214330718,0.03377311702,-0.2164,-0.02142523974,0.03374657254,-0.2163789131,3.479380974e-05
1.611,-0.02148609602,0.03373940838,-0.21639,-0.02147826283,0.03371288798,-0.216368912,3.477636015e-05
1.612,-0.02153906723,0.03370561649,-0.21638,-0.0215312329,0.03367912024,-0.2163589109,3.475887875e-05
1.613,-0.0215919853,0.03367174143,-0.21637,-0.02158414982,0.03364526941,-0.2163489097,3.474136561e-05
1.614,-0.02164485009,0.03363778329,-0.21636,-0.02163701347,0.03361133557,-0.2163389086,3.472382082e-05
1.615,-0.02169766147,0.03360374216,-0.21635,-0.02168982371,0.03357731879,-0.2163289074,3.470624444e-05
1.616,-0.02175041931,0.03356961811,-0.21634,-0.02174258041,0.03354321917,-0.2163189062,3.468863656e-05
1.617,-0.02180312349,0.03353541123,-0.21633,-0.02179528344,0.0335090368,-0.2163089049,3.467099724e-05
1.618,-0.02185577387,0.0335011216,-0.21632,-0.02184793268,0.03347477174,-0.2162989037,3.465332655e-05
1.619,-0.02190837032,0.03346674932,-0.21631,-0.02190052798,0.0334404241,-0.2162889024,3.463562459e-05
1.62,-0.02196091272,0.03343229445,-0.2163,-0.02195306923,0.03340599395,-0.2162789012,3.461789141e-05
1.621,-0.02201340093,0.0333977571,-0.21629,-0.02200555629,0.03337148137,-0.2162688998,3.46001271e-05
1.622,-0.02206583483,0.03336313734,-0.21628,-0.02205798903,0.03333688647,-0.2162588985,3.458233173e-05
1.623,-0.02211821427,0.03332843527,-0.21627,-0.02211036733,0.03330220931,-0.2162488972,3.456450538e-05
1.624,-0.02217053915,0.03329365095,-0.21626,-0.02216269105,0.03326744998,-0.2162388958,3.454664813e-05
1.625,-0.02222280932,0.03325878449,-0.21625,-0.02221496006,0.03323260858,-0.2162288944,3.452876005e-05
1.626,-0.02227502466,0.03322383597,-0.21624,-0.02226717424,0.03319768518,-0.216218893,3.451084123e-05
1.627,-0.02232718504,0.03318880547,-0.21623,-0.02231933346,0.03316267987,-0.2162088916,3.449289175e-05
1.628,-0.02237929032,0.03315369308,-0.21622,-0.02237143758,0.03312759275,-0.2161988901,3.447491169e-05
1.629,-0.02243134039,0.03311849888,-0.21621,-0.02242348649,0.03309242389,-0.2161888887,3.445690111e-05
1.63,-0.02248333511,0.03308322297,-0.2162,-0.02247548005,0.03305717338,-0.2161788872,3.443886011e-05
1.631,-0.02253527436,0.03304786543,-0.21619,-0.02252741813,0.03302184131,-0.2161688857,3.442078877e-05
1.632,-0.022587158,0.03301242635,-0.21618,-0.0225793006,0.03298642777,-0.2161588841,3.440268717e-05
1.633,-0.02263898591,0.03297690581,-0.21617,-0.02263112734,0.03295093284,-0.2161488826,3.438455539e-05
1.634,-0.02269075797,0.03294130391,-0.21616,-0.02268289822,0.03291535662,-0.216138881,3.43663935e-05
1.635,-0.02274247403,0.03290562072,-0.21615,-0.02273461311,0.03287969918,-0.2161288794,3.434820161e-05
1.636,-0.02279413398,0.03286985635,-0.21614,-0.02278627189,0.03284396063,-0.2161188778,3.43299798e-05
1.637,-0.02284573769,0.03283401087,-0.21613,-0.02283787442,0.03280814103,-0.2161088762,3.431172814e-05
1.638,-0.02289728502,0.03279808437,-0.21612,-0.02288942057,0.0327722405,-0.2160988745,3.429344672e-05
1.639,-0.02294877586,0.03276207695,-0.21611,-0.02294091023,0.0327362591,-0.2160888729,3.427513561e-05
1.64,-0.02300021008,0.0327259887,-0.2161,-0.02299234327,0.03270019694,-0.2160788712,3.425679491e-05
1.641,-0.02305158755,0.03268981969,-0.21609,-0.02304371955,0.0326640541,-0.2160688695,3.42384247e-05
1.642,-0.02310290814,0.03265357003,-0.21608,-0.02309503895,0.03262783067,-0.2160588678,3.422002507e-05
1.643,-0.02315417172,0.0326172398,-0.21607,-0.02314630135,0.03259152674,-0.216048866,3.420159612e-05
1.644,-0.02320537818,0.03258082908,-0.21606,-0.02319750661,0.03255514239,-0.2160388643,3.418313792e-05
1.645,-0.02325652737,0.03254433798,-0.21605,-0.02324865462,0.03251867773,-0.2160288625,3.416465057e-05
1.646,-0.02330761919,0.03250776658,-0.21604,-0.02329974523,0.03248213283,-0.2160188607,3.414613416e-05
1.647,-0.02335865349,0.03247111496,-0.21603,-0.02335077834,0.0324455078,-0.2160088589,3.412758876e-05
1.648,-0.02340963016,0.03243438323,-0.21602,-0.02340175381,0.03240880271,-0.215998857,3.410901448e-05
1.649,-0.02346054907,0.03239757147,-0.21601,-0.02345267152,0.03237201766,-0.2159888552,3.409041139e-05
1.65,-0.02351141009,0.03236067977,-0.216,-0.02350353134,0.03233515275,-0.2159788533,3.407177959e-05
1.651,-0.0235622131,0.03232370823,-0.21599,-0.02355433314,0.03229820806,-0.2159688514,3.405311917e-05
1.652,-0.02361295797,0.03228665693,-0.21598,-0.02360507681,0.03226118368,-0.2159588495,3.403443021e-05
1.653,-0.02366364458,0.03224952597,-0.21597,-0.02365576221,0.0322240797,-0.2159488476,3.401571283e-05
1.654,-0.02371427281,0.03221231543,-0.21596,-0.02370638922,0.03218689622,-0.2159388456,3.399696712e-05
1.655,-0.02376484252,0.03217502541,-0.21595,-0.02375695771,0.03214963333,-0.2159288437,3.397819316e-05
1.656,-0.02381535359,0.032137656,-0.21594,-0.02380746757,0.03211229112,-0.2159188417,3.395939105e-05
1.657,-0.0238658059,0.0321002073,-0.21593,-0.02385791866,0.03207486968,-0.2159088397,3.394056087e-05
1.658,-0.02391619932,0.03206267939,-0.21592,-0.02390831086,0.0320373691,-0.2158988377,3.392170272e-05
1.659,-0.02396653374,0.03202507238,-0.21591,-0.02395864405,0.03199978948,-0.2158888357,3.390281671e-05
1.66,-0.02401680901,0.03198738634,-0.2159,-0.0240089181,0.03196213091,-0.2158788336,3.388390291e-05
1.661,-0.02406702503,0.03194962138,-0.21589,-0.02405913289,0.03192439349,-0.2158688315,3.386496144e-05
1.662,-0.02411718167,0.03191177758,-0.21588,-0.0241092883,0.0318865773,-0.2158588295,3.384599238e-05
1.663,-0.0241672788,0.03187385505,-0.21587,-0.02415938419,0.03184868244,-0.2158488274,3.382699583e-05
1.664,-0.0242173163,0.03183585387,-0.21586,-0.02420942046,0.031810709,-0.2158388252,3.38079719e-05
1.665,-0.02426729404,0.03179777414,-0.21585,-0.02425939696,0.03177265708,-0.2158288231,3.378892069e-05
1.666,-0.02431721191,0.03175961595,-0.21584,-0.02430931359,0.03173452677,-0.215818821,3.376984228e-05
1.667,-0.02436706978,0.03172137939,-0.21583,-0.02435917021,0.03169631816,-0.2158088188,3.375073678e-05
1.668,-0.02441686752,0.03168306457,-0.21582,-0.02440896671,0.03165803135,-0.2157988166,3.37316043e-05
1.669,-0.02446660502,0.03164467157,-0.21581,-0.02445870296,0.03161966644,-0.2157888144,3.371244492e-05
1.67,-0.02451628215,0.0316062005,-0.2158,-0.02450837884,0.03158122351,-0.2157788122,3.369325875e-05
1.671,-0.02456589878,0.03156765143,-0.21579,-0.02455799422,0.03154270267,-0.2157688099,3.367404589e-05
1.672,-0.02461545481,0.03152902448,-0.21578,-0.02460754899,0.031504104,-0.2157588077,3.365480644e-05
1.673,-0.02466495009,0.03149031973,-0.21577,-0.02465704302,0.03146542761,-0.2157488054,3.363554051e-05
1.674,-0.02471438452,0.03145153729,-0.21576,-0.02470647619,0.03142667359,-0.2157388031,3.36162482e-05
1.675,-0.02476375797,0.03141267724,-0.21575,-0.02475584837,0.03138784203,-0.2157288008,3.359692962e-05
1.676,-0.02481307032,0.03137373968,-0.21574,-0.02480515945,0.03134893303,-0.2157187985,3.357758488e-05
1.677,-0.02486232144,0.03133472471,-0.21573,-0.02485440931,0.03130994669,-0.2157087962,3.355821407e-05
1.678,-0.02491151122,0.03129563242,-0.21572,-0.02490359781,0.0312708831,-0.2156987938,3.35388173e-05
1.679,-0.02496063953,0.03125646292,-0.21571,-0.02495272485,0.03123174236,-0.2156887915,3.351939466e-05
1.68,-0.02500970625,0.03121721629,-0.2157,-0.02500179029,0.03119252456,-0.2156787891,3.349994626e-05
1.681,-0.02505871127,0.03117789264,-0.21569,-0.02505079403,0.03115322981,-0.2156687867,3.348047222e-05
1.682,-0.02510765445,0.03113849206,-0.21568,-0.02509973593,0.0311138582,-0.2156587843,3.346097265e-05
1.683,-0.02515653569,0.03109901465,-0.21567,-0.02514861588,0.03107440982,-0.2156487819,3.344144766e-05
1.684,-0.02520535485,0.03105946051,-0.21566,-0.02519743375,0.03103488478,-0.2156387794,3.342189736e-05
1.685,-0.02525411182,0.03101982973,-0.21565,-0.02524618943,0.03099528317,-0.215628777,3.340232184e-05
1.686,-0.02530280648,0.03098012241,-0.21564,-0.0252948828,0.03095560509,-0.2156187745,3.338272124e-05
1.687,-0.0253514387,0.03094033865,-0.21563,-0.02534351372,0.03091585063,-0.215608772,3.336309563e-05
1.688,-0.02540000838,0.03090047855,-0.21562,-0.0253920821,0.0308760199,-0.2155987695,3.334344516e-05
1.689,-0.02544851538,0.0308605422,-0.21561,-0.0254405878,0.030836113,-0.215588767,3.332376992e-05
1.69,-0.02549695959,0.03082052971,-0.2156,-0.0254890307,0.03079613002,-0.2155787644,3.330407003e-05
1.691,-0.02554534089,0.03078044117,-0.21559,-0.02553741069,0.03075607105,-0.2155687619,3.328434559e-05
1.692,-0.02559365916,0.03074027669,-0.21558,-0.02558572765,0.03071593621,-0.2155587593,3.326459674e-05
1.693,-0.02564191428,0.03070003636,-0.21557,-0.02563398146,0.03067572559,-0.2155487568,3.324482357e-05
1.694,-0.02569010613,0.03065972027,-0.21556,-0.02568217199,0.03063543928,-0.2155387542,3.322502621e-05
1.695,-0.02573823459,0.03061932854,-0.21555,-0.02573029913,0.03059507739,-0.2155287516,3.320520476e-05
1.696,-0.02578629955,0.03057886126,-0.21554,-0.02577836277,0.03055464002,-0.2155187489,3.318535933e-05
1.697,-0.02583430088,0.03053831852,-0.21553,-0.02582636277,0.03051412727,-0.2155087463,3.316549005e-05
1.698,-0.02588223846,0.03049770044,-0.21552,-0.02587429903,0.03047353923,-0.2154987437,3.314559704e-05
1.699,-0.02593011219,0.03045700711,-0.21551,-0.02592217142,0.03043287601,-0.215488741,3.312568042e-05
1.7,-0.02597792193,0.03041623862,-0.2155,-0.02596997983,0.03039213771,-0.2154787383,3.31057403e-05
1.701,-0.02602566758,0.03037539509,-0.21549,-0.02601772414,0.03035132443,-0.2154687356,3.308577682e-05
1.702,-0.02607334901,0.03033447661,-0.21548,-0.02606540423,0.03031043626,-0.2154587329,3.306579007e-05
1.703,-0.02612096611,0.03029348328,-0.21547,-0.02611301999,0.03026947331,-0.2154487302,3.304578018e-05
1.704,-0.02616851876,0.03025241521,-0.21546,-0.02616057129,0.03022843569,-0.2154387275,3.302574727e-05
1.705,-0.02621600684,0.03021127249,-0.21545,-0.02620805802,0.03018732349,-0.2154287247,3.300569145e-05
1.706,-0.02626343023,0.03017005523,-0.21544,-0.02625548006,0.03014613681,-0.215418722,3.298561286e-05
1.707,-0.02631078882,0.03012876353,-0.21543,-0.02630283729,0.03010487575,-0.2154087192,3.296551161e-05
1.708,-0.02635808249,0.03008739748,-0.21542,-0.0263501296,0.03006354043,-0.2153987164,3.294538783e-05
1.709,-0.02640531113,0.0300459572,-0.21541,-0.02639735688,0.03002213093,-0.2153887136,3.292524163e-05
1.71,-0.02645247461,0.03000444279,-0.2154,-0.026444519,0.02998064736,-0.2153787108,3.290507316e-05
1.711,-0.02649957283,0.02996285434,-0.21539,-0.02649161584,0.02993908983,-0.215368708,3.288488253e-05
1.712,-0.02654660566,0.02992119196,-0.21538,-0.0265386473,0.02989745843,-0.2153587051,3.286466986e-05
1.713,-0.02659357299,0.02987945575,-0.21537,-0.02658561326,0.02985575328,-0.2153487023,3.28444353e-05
1.714,-0.0266404747,0.02983764582,-0.21536,-0.02663251359,0.02981397446,-0.2153386994,3.282417896e-05
1.715,-0.02668731068,0.02979576226,-0.21535,-0.02667934819,0.02977212209,-0.2153286966,3.280390097e-05
1.716,-0.02673408081,0.02975380519,-0.21534,-0.02672611693,0.02973019627,-0.2153186937,3.278360143e-05
1.717,-0.02678078497,0.02971177471,-0.21533,-0.02677281971,0.0296881971,-0.2153086908,3.27632805e-05
1.718,-0.02682742306,0.02966967091,-0.21532,-0.02681945641,0.02964612469,-0.2152986878,3.27429383e-05
1.719,-0.02687399496,0.02962749391,-0.21531,-0.02686602691,0.02960397913,-0.2152886849,3.272257495e-05
1.72,-0.02692050054,0.0295852438,-0.2153,-0.0269125311,0.02956176054,-0.215278682,3.27021906e-05
1.721,-0.0269669397,0.02954292069,-0.21529,-0.02695896886,0.02951946902,-0.215268679,3.268178538e-05
1.722,-0.02701331232,0.02950052469,-0.21528,-0.02700534008,0.02947710466,-0.2152586761,3.266135941e-05
1.723,-0.0270596183,0.02945805591,-0.21527,-0.02705164465,0.02943466759,-0.2152486731,3.264091282e-05
1.724,-0.0271058575,0.02941551443,-0.21526,-0.02709788244,0.02939215789,-0.2152386701,3.262044577e-05
1.725,-0.02715202982,0.02937290038,-0.21525,-0.02714405335,0.02934957569,-0.2152286671,3.259995836e-05
1.726,-0.02719813515,0.02933021385,-0.21524,-0.02719015726,0.02930692107,-0.2152186641,3.257945074e-05
1.727,-0.02724417337,0.02928745495,-0.21523,-0.02723619406,0.02926419415,-0.2152086611,3.255892304e-05
1.728,-0.02729014436,0.02924462379,-0.21522,-0.02728216364,0.02922139503,-0.215198658,3.25383754e-05
1.729,-0.02733604803,0.02920172047,-0.21521,-0.02732806587,0.02917852382,-0.215188655,3.251780795e-05
1.73,-0.02738188424,0.0291587451,-0.2152,-0.02737390066,0.02913558063,-0.215178652,3.249722081e-05
1.731,-0.02742765289,0.02911569778,-0.21519,-0.02741966788,0.02909256555,-0.2151686489,3.247661414e-05
1.732,-0.02747335386,0.02907257862,-0.21518,-0.02746536742,0.0290494787,-0.2151586458,3.24559881e-05
1.733,-0.02751898705,0.02902938773,-0.21517,-0.02751099917,0.02900632018,-0.2151486427,3.24353428e-05
1.734,-0.02756455234,0.02898612521,-0.21516,-0.02755656301,0.0289630901,-0.2151386396,3.241467838e-05
1.735,-0.02761004961,0.02894279117,-0.21515,-0.02760205884,0.02891978857,-0.2151286365,3.239399498e-05
1.736,-0.02765547876,0.02889938571,-0.21514,-0.02764748654,0.02887641568,-0.2151186334,3.237329275e-05
1.737,-0.02770083967,0.02885590895,-0.21513,-0.027692846,0.02883297156,-0.2151086303,3.235257182e-05
1.738,-0.02774613223,0.028812361,-0.21512,-0.02773813711,0.0287894563,-0.2150986271,3.233183234e-05
1.739,-0.02779135633,0.02876874195,-0.21511,-0.02778335976,0.02874587002,-0.215088624,3.231107444e-05
1.74,-0.02783651186,0.02872505191,-0.2151,-0.02782851383,0.02870221282,-0.2150786208,3.229029828e-05
1.741,-0.02788159871,0.028681291,-0.21509,-0.02787359921,0.02865848481,-0.2150686176,3.226950399e-05
1.742,-0.02792661676,0.02863745932,-0.21508,-0.02791861579,0.02861468609,-0.2150586144,3.224869174e-05
1.743,-0.0279715659,0.02859355698,-0.21507,-0.02796356347,0.02857081678,-0.2150486112,3.222786165e-05
1.744,-0.02801644603,0.02854958409,-0.21506,-0.02800844212,0.02852687698,-0.215038608,3.220701387e-05
1.745,-0.02806125703,0.02850554076,-0.21505,-0.02805325164,0.02848286681,-0.2150286048,3.218614855e-05
1.746,-0.02810599879,0.02846142709,-0.21504,-0.02809799192,0.02843878637,-0.2150186016,3.216526583e-05
1.747,-0.0281506712,0.02841724319,-0.21503,-0.02814266285,0.02839463576,-0.2150085984,3.214436588e-05
1.748,-0.02819527416,0.02837298918,-0.21502,-0.02818726432,0.0283504151,-0.2149985951,3.212344882e-05
1.749,-0.02823980754,0.02832866516,-0.21501,-0.02823179622,0.0283061245,-0.2149885919,3.210251479e-05
1.75,-0.02828427125,0.02828427125,-0.215,-0.02827625843,0.02826176407,-0.2149785886,3.208156398e-05
1.751,-0.02832866516,0.02823980754,-0.21499,-0.02832065085,0.02821733392,-0.2149685853,3.206059652e-05
1.752,-0.02837298918,0.02819527416,-0.21498,-0.02836497337,0.02817283415,-0.214958582,3.203961258e-05
1.753,-0.02841724319,0.0281506712,-0.21497,-0.02840922588,0.02812826487,-0.2149485787,3.201861231e-05
1.754,-0.02846142709,0.02810599879,-0.21496,-0.02845340827,0.0280836262,-0.2149385754,3.199759585e-05
1.755,-0.02850554076,0.02806125703,-0.21495,-0.02849752043,0.02803891825,-0.2149285721,3.197656335e-05
1.756,-0.02854958409,0.02801644603,-0.21494,-0.02854156225,0.02799414112,-0.2149185688,3.195551495e-05
1.757,-0.02859355698,0.0279715659,-0.21493,-0.02858553363,0.02794929493,-0.2149085655,3.193445081e-05
1.758,-0.02863745932,0.02792661676,-0.21492,-0.02862943445,0.02790437979,-0.2148985621,3.19133711e-05
1.759,-0.028681291,0.02788159871,-0.21491,-0.02867326461,0.02785939581,-0.2148885588,3.189227597e-05
1.76,-0.02872505191,0.02783651186,-0.2149,-0.02871702399,0.02781434309,-0.2148785554,3.187116559e-05
1.761,-0.02876874195,0.02779135633,-0.21489,-0.0287607125,0.02776922176,-0.2148685521,3.185004011e-05
1.762,-0.028812361,0.02774613223,-0.21488,-0.02880433002,0.02772403192,-0.2148585487,3.182889969e-05
1.763,-0.02885590895,0.02770083967,-0.21487,-0.02884787644,0.02767877368,-0.2148485453,3.180774448e-05
1.764,-0.02889938571,0.02765547876,-0.21486,-0.02889135167,0.02763344715,-0.2148385419,3.178657465e-05
1.765,-0.02894279117,0.02761004961,-0.21485,-0.02893475558,0.02758805246,-0.2148285385,3.176539035e-05
1.766,-0.02898612521,0.02756455234,-0.21484,-0.02897808808,0.0275425897,-0.2148185351,3.174419175e-05
1.767,-0.02902938773,0.02751898705,-0.21483,-0.02902134905,0.02749705899,-0.2148085317,3.1722979e-05
1.768,-0.02907257862,0.02747335386,-0.21482,-0.02906453839,0.02745146045,-0.2147985283,3.170175227e-05
1.769,-0.02911569778,0.02742765289,-0.21481,-0.029107656,0.02740579419,-0.2147885249,3.168051172e-05
1.77,-0.0291587451,0.02738188424,-0.2148,-0.02915070176,0.02736006031,-0.2147785214,3.165925751e-05
1.771,-0.02920172047,0.02733604803,-0.21479,-0.02919367557,0.02731425893,-0.214768518,3.163798982e-05
1.772,-0.02924462379,0.02729014436,-0.21478,-0.02923657733,0.02726839017,-0.2147585145,3.161670881e-05
1.773,-0.02928745495,0.02724417337,-0.21477,-0.02927940693,0.02722245414,-0.2147485111,3.159541464e-05
1.774,-0.02933021385,0.02719813515,-0.21476,-0.02932216426,0.02717645095,-0.2147385076,3.157410749e-05
1.775,-0.02937290038,0.02715202982,-0.21475,-0.02936484921,0.02713038071,-0.2147285041,3.15527875e-05
1.776,-0.02941551443,0.0271058575,-0.21474,-0.02940746169,0.02708424354,-0.2147185006,3.153145487e-05
1.777,-0.02945805591,0.0270596183,-0.21473,-0.02945000159,0.02703803955,-0.2147084971,3.151010974e-05
1.778,-0.02950052469,0.02701331232,-0.21472,-0.0294924688,0.02699176886,-0.2146984936,3.14887523e-05
1.779,-0.02954292069,0.0269669397,-0.21471,-0.02953486321,0.02694543159,-0.2146884901,3.14673827e-05
1.78,-0.0295852438,0.02692050054,-0.2147,-0.02957718473,0.02689902783,-0.2146784866,3.144600113e-05
1.781,-0.02962749391,0.02687399496,-0.21469,-0.02961943325,0.02685255772,-0.2146684831,3.142460775e-05
1.782,-0.02966967091,0.02682742306,-0.21468,-0.02966160866,0.02680602136,-0.2146584796,3.140320274e-05
1.783,-0.02971177471,0.02678078497,-0.21467,-0.02970371086,0.02675941887,-0.214648476,3.138178628e-05
1.784,-0.02975380519,0.02673408081,-0.21466,-0.02974573975,0.02671275036,-0.2146384725,3.136035855e-05
1.785,-0.02979576226,0.02668731068,-0.21465,-0.02978769522,0.02666601595,-0.214628469,3.13389197e-05
1.786,-0.02983764582,0.0266404747,-0.21464,-0.02982957717,0.02661921576,-0.2146184654,3.13174699e-05
1.787,-0.02987945575,0.02659357299,-0.21463,-0.02987138549,0.0265723499,-0.2146084619,3.129600934e-05
1.788,-0.02992119196,0.02654660566,-0.21462,-0.02991312009,0.02652541848,-0.2145984583,3.12745382e-05
1.789,-0.02996285434,0.02649957283,-0.21461,-0.02995478085,0.02647842163,-0.2145884547,3.125305666e-05
1.79,-0.03000444279,0.02645247461,-0.2146,-0.02999636769,0.02643135945,-0.2145784511,3.123156489e-05
1.791,-0.0300459572,0.02640531113,-0.21459,-0.03003788048,0.02638423207,-0.2145684476,3.121006309e-05
1.792,-0.03008739748,0.02635808249,-0.21458,-0.03007931914,0.02633703959,-0.214558444,3.118855141e-05
1.793,-0.03012876353,0.02631078882,-0.21457,-0.03012068356,0.02628978214,-0.2145484404,3.116703005e-05
1.794,-0.03017005523,0.02626343023,-0.21456,-0.03016197364,0.02624245984,-0.2145384368,3.114549917e-05
1.795,-0.03021127249,0.02621600684,-0.21455,-0.03020318927,0.0261950728,-0.2145284332,3.112395896e-05
1.796,-0.03025241521,0.02616851876,-0.21454,-0.03024433035,0.02614762113,-0.2145184296,3.110240962e-05
1.797,-0.03029348328,0.02612096611,-0.21453,-0.03028539679,0.02610010496,-0.2145084259,3.108085132e-05
1.798,-0.03033447661,0.02607334901,-0.21452,-0.03032638848,0.02605252439,-0.2144984223,3.105928424e-05
1.799,-0.03037539509,0.02602566758,-0.21451,-0.03036730531,0.02600487956,-0.2144884187,3.103770857e-05
1.8,-0.03041623862,0.02597792193,-0.2145,-0.0304081472,0.02595717057,-0.2144784151,3.101612451e-05
1.801,-0.03045700711,0.02593011219,-0.21449,-0.03044891403,0.02590939755,-0.2144684114,3.099453221e-05
1.802,-0.03049770044,0.02588223846,-0.21448,-0.03048960572,0.02586156061,-0.2144584078,3.097293189e-05
1.803,-0.03053831852,0.02583430088,-0.21447,-0.03053022215,0.02581365987,-0.2144484041,3.095132373e-05
1.804,-0.03057886126,0.02578629955,-0.21446,-0.03057076322,0.02576569545,-0.2144384005,3.092970791e-05
1.805,-0.03061932854,0.02573823459,-0.21445,-0.03061122885,0.02571766746,-0.2144283968,3.090808463e-05
1.806,-0.03065972027,0.02569010613,-0.21444,-0.03065161892,0.02566957603,-0.2144183931,3.088645407e-05
1.807,-0.03070003636,0.02564191428,-0.21443,-0.03069193334,0.02562142127,-0.2144083895,3.086481644e-05
1.808,-0.03074027669,0.02559365916,-0.21442,-0.030732172,0.02557320331,-0.2143983858,3.084317191e-05
1.809,-0.03078044117,0.02554534089,-0.21441,-0.03077233482,0.02552492226,-0.2143883821,3.082152068e-05
1.81,-0.03082052971,0.02549695959,-0.2144,-0.03081242168,0.02547657823,-0.2143783784,3.079986294e-05
1.811,-0.0308605422,0.02544851538,-0.21439,-0.0308524325,0.02542817136,-0.2143683748,3.077819888e-05
1.812,-0.03090047855,0.02540000838,-0.21438,-0.03089236716,0.02537970176,-0.2143583711,3.07565287e-05
1.813,-0.03094033865,0.0253514387,-0.21437,-0.03093222558,0.02533116954,-0.2143483674,3.073485259e-05
1.814,-0.03098012241,0.02530280648,-0.21436,-0.03097200766,0.02528257484,-0.2143383637,3.071317077e-05
1.815,-0.03101982973,0.02525411182,-0.21435,-0.03101171329,0.02523391776,-0.21432836,3.069148341e-05
1.816,-0.03105946051,0.02520535485,-0.21434,-0.03105134238,0.02518519844,-0.2143183563,3.066979071e-05
1.817,-0.03109901465,0.02515653569,-0.21433,-0.03109089484,0.02513641698,-0.2143083526,3.064809288e-05
1.818,-0.03113849206,0.02510765445,-0.21432,-0.03113037056,0.02508757351,-0.2142983488,3.062639012e-05
1.819,-0.03117789264,0.02505871127,-0.21431,-0.03116976944,0.02503866815,-0.2142883451,3.060468263e-05
1.82,-0.03121721629,0.02500970625,-0.2143,-0.03120909139,0.02498970103,-0.2142783414,3.05829706e-05
1.821,-0.03125646292,0.02496063953,-0.21429,-0.03124833632,0.02494067225,-0.2142683377,3.056125423e-05
1.822,-0.03129563242,0.02491151122,-0.21428,-0.03128750412,0.02489158195,-0.2142583339,3.053953372e-05
1.823,-0.03133472471,0.02486232144,-0.21427,-0.0313265947,0.02484243024,-0.2142483302,3.051780928e-05
1.824,-0.03137373968,0.02481307032,-0.21426,-0.03136560796,0.02479321724,-0.2142383265,3.049608111e-05
1.825,-0.03141267724,0.02476375797,-0.21425,-0.0314045438,0.02474394309,-0.2142283227,3.047434944e-05
1.826,-0.03145153729,0.02471438452,-0.21424,-0.03144340214,0.02469460789,-0.214218319,3.045261444e-05
1.827,-0.03149031973,0.02466495009,-0.21423,-0.03148218287,0.02464521177,-0.2142083153,3.043087633e-05
1.828,-0.03152902448,0.02461545481,-0.21422,-0.0315208859,0.02459575485,-0.2141983115,3.040913531e-05
1.829,-0.03156765143,0.02456589878,-0.21421,-0.03155951113,0.02454623725,-0.2141883078,3.038739159e-05
1.83,-0.0316062005,0.02451628215,-0.2142,-0.03159805847,0.02449665911,-0.214178304,3.03656454e-05
1.831,-0.03164467157,0.02446660502,-0.21419,-0.03163652783,0.02444702053,-0.2141683002,3.034389692e-05
1.832,-0.03168306457,0.02441686752,-0.21418,-0.0316749191,0.02439732164,-0.2141582965,3.032214637e-05
1.833,-0.03172137939,0.02436706978,-0.21417,-0.03171323219,0.02434756256,-0.2141482927,3.030039396e-05
1.834,-0.03175961595,0.02431721191,-0.21416,-0.03175146701,0.02429774342,-0.214138289,3.027863991e-05
1.835,-0.03179777414,0.02426729404,-0.21415,-0.03178962347,0.02424786434,-0.2141282852,3.025688442e-05
1.836,-0.03183585387,0.0242173163,-0.21414,-0.03182770146,0.02419792544,-0.2141182814,3.02351277e-05
1.837,-0.03187385505,0.0241672788,-0.21413,-0.03186570091,0.02414792685,-0.2141082777,3.021336997e-05
1.838,-0.03191177758,0.02411718167,-0.21412,-0.0319036217,0.02409786869,-0.2140982739,3.019161143e-05
1.839,-0.03194962138,0.02406702503,-0.21411,-0.03194146375,0.02404775108,-0.2140882701,3.016985232e-05
1.84,-0.03198738634,0.02401680901,-0.2141,-0.03197922697,0.02399757414,-0.2140782663,3.014809284e-05
1.841,-0.03202507238,0.02396653374,-0.21409,-0.03201691126,0.02394733801,-0.2140682626,3.012633321e-05
1.842,-0.03206267939,0.02391619932,-0.21408,-0.03205451653,0.0238970428,-0.2140582588,3.010457365e-05
1.843,-0.0321002073,0.0238658059,-0.21407,-0.03209204269,0.02384668863,-0.214048255,3.008281439e-05
1.844,-0.032137656,0.02381535359,-0.21406,-0.03212948964,0.02379627564,-0.2140382512,3.006105564e-05
1.845,-0.03217502541,0.02376484252,-0.21405,-0.03216685729,0.02374580395,-0.2140282474,3.00392976e-05
1.846,-0.03221231543,0.02371427281,-0.21404,-0.03220414555,0.02369527368,-0.2140182436,3.00175405e-05
1.847,-0.03224952597,0.02366364458,-0.21403,-0.03224135433,0.02364468495,-0.2140082399,2.999578457e-05
1.848,-0.03228665693,0.02361295797,-0.21402,-0.03227848353,0.0235940379,-0.2139982361,2.997403002e-05
1.849,-0.03232370823,0.0235622131,-0.21401,-0.03231553307,0.02354333264,-0.2139882323,2.995227709e-05
1.85,-0.03236067977,0.02351141009,-0.214,-0.03235250285,0.0234925693,-0.2139782285,2.9930526e-05
1.851,-0.03239757147,0.02346054907,-0.21399,-0.03238939278,0.023441748,-0.2139682247,2.990877695e-05
1.852,-0.03243438323,0.02340963016,-0.21398,-0.03242620278,0.02339086888,-0.2139582209,2.98870302e-05
1.853,-0.03247111496,0.02335865349,-0.21397,-0.03246293274,0.02333993206,-0.2139482171,2.986528595e-05
1.854,-0.03250776658,0.02330761919,-0.21396,-0.03249958258,0.02328893766,-0.2139382133,2.984354444e-05
1.855,-0.03254433798,0.02325652737,-0.21395,-0.03253615221,0.0232378858,-0.2139282095,2.982180589e-05
1.856,-0.03258082908,0.02320537818,-0.21394,-0.03257264154,0.02318677663,-0.2139182057,2.980007053e-05
1.857,-0.0326172398,0.02315417172,-0.21393,-0.03260905047,0.02313561025,-0.2139082019,2.977833857e-05
1.858,-0.03265357003,0.02310290814,-0.21392,-0.03264537893,0.0230843868,-0.2138981981,2.975661028e-05
1.859,-0.03268981969,0.02305158755,-0.21391,-0.03268162681,0.0230331064,-0.2138881943,2.973488586e-05
1.86,-0.0327259887,0.02300021008,-0.2139,-0.03271779403,0.02298176919,-0.2138781905,2.971316555e-05
1.861,-0.03276207695,0.02294877586,-0.21389,-0.03275388051,0.02293037528,-0.2138681867,2.969144959e-05
1.862,-0.03279808437,0.02289728502,-0.21388,-0.03278988614,0.0228789248,-0.2138581829,2.966973819e-05
1.863,-0.03283401087,0.02284573769,-0.21387,-0.03282581085,0.02282741788,-0.2138481791,2.96480316e-05
1.864,-0.03286985635,0.02279413398,-0.21386,-0.03286165454,0.02277585465,-0.2138381753,2.962633005e-05
1.865,-0.03290562072,0.02274247403,-0.21385,-0.03289741713,0.02272423524,-0.2138281715,2.960463378e-05
1.866,-0.03294130391,0.02269075797,-0.21384,-0.03293309852,0.02267255977,-0.2138181677,2.958294303e-05
1.867,-0.03297690581,0.02263898591,-0.21383,-0.03296869863,0.02262082837,-0.2138081639,2.956125802e-05
1.868,-0.03301242635,0.022587158,-0.21382,-0.03300421738,0.02256904116,-0.2137981601,2.953957899e-05
1.869,-0.03304786543,0.02253527436,-0.21381,-0.03303965467,0.02251719828,-0.2137881563,2.951790618e-05
1.87,-0.03308322297,0.02248333511,-0.2138,-0.03307501041,0.02246529986,-0.2137781525,2.949623983e-05
1.871,-0.03311849888,0.02243134039,-0.21379,-0.03311028452,0.02241334601,-0.2137681487,2.947458018e-05
1.872,-0.03315369308,0.02237929032,-0.21378,-0.03314547692,0.02236133688,-0.2137581449,2.945292748e-05
1.873,-0.03318880547,0.02232718504,-0.21377,-0.03318058751,0.02230927258,-0.2137481411,2.943128195e-05
1.874,-0.03322383597,0.02227502466,-0.21376,-0.03321561621,0.02225715325,-0.2137381374,2.940964384e-05
1.875,-0.03325878449,0.02222280932,-0.21375,-0.03325056293,0.02220497901,-0.2137281336,2.938801341e-05
1.876,-0.03329365095,0.02217053915,-0.21374,-0.03328542759,0.02215274999,-0.2137181298,2.936639088e-05
1.877,-0.03332843527,0.02211821427,-0.21373,-0.0333202101,0.02210046633,-0.213708126,2.934477649e-05
1.878,-0.03336313734,0.02206583483,-0.21372,-0.03335491037,0.02204812815,-0.2136981222,2.932317049e-05
1.879,-0.0333977571,0.02201340093,-0.21371,-0.03338952832,0.02199573558,-0.2136881184,2.930157315e-05
1.88,-0.03343229445,0.02196091272,-0.2137,-0.03342406387,0.02194328875,-0.2136781146,2.927998469e-05
1.881,-0.03346674932,0.02190837032,-0.21369,-0.03345851692,0.02189078779,-0.2136681108,2.925840536e-05
1.882,-0.0335011216,0.02185577387,-0.21368,-0.03349288739,0.02183823283,-0.213658107,2.923683542e-05
1.883,-0.03353541123,0.02180312349,-0.21367,-0.03352717521,0.021785624,-0.2136481032,2.921527511e-05
1.884,-0.03356961811,0.02175041931,-0.21366,-0.03356138028,0.02173296142,-0.2136380995,2.919372467e-05
1.885,-0.03360374216,0.02169766147,-0.21365,-0.03359550251,0.02168024524,-0.2136280957,2.917218436e-05
1.886,-0.03363778329,0.02164485009,-0.21364,-0.03362954183,0.02162747557,-0.2136180919,2.915065444e-05
1.887,-0.03367174143,0.0215919853,-0.21363,-0.03366349816,0.02157465255,-0.2136080881,2.912913514e-05
1.888,-0.03370561649,0.02153906723,-0.21362,-0.0336973714,0.02152177631,-0.2135980843,2.910762672e-05
1.889,-0.03373940838,0.02148609602,-0.21361,-0.03373116147,0.02146884698,-0.2135880806,2.908612942e-05
1.89,-0.03377311702,0.0214330718,-0.2136,-0.0337648683,0.02141586468,-0.2135780768,2.906464351e-05
1.891,-0.03380674233,0.02137999469,-0.21359,-0.03379849179,0.02136282956,-0.213568073,2.904316926e-05
1.892,-0.03384028423,0.02132686483,-0.21358,-0.03383203187,0.02130974174,-0.2135580692,2.90217069e-05
1.893,-0.03387374263,0.02127368235,-0.21357,-0.03386548845,0.02125660136,-0.2135480655,2.900025669e-05
1.894,-0.03390711744,0.02122044737,-0.21356,-0.03389886145,0.02120340853,-0.2135380617,2.897881888e-05
1.895,-0.0339404086,0.02116716004,-0.21355,-0.03393215078,0.02115016341,-0.2135280579,2.895739374e-05
1.896,-0.03397361601,0.02111382048,-0.21354,-0.03396535637,0.0210968661,-0.2135180542,2.893598152e-05
1.897,-0.0340067396,0.02106042882,-0.21353,-0.03399847814,0.02104351676,-0.2135080504,2.891458249e-05
1.898,-0.03403977927,0.0210069852,-0.21352,-0.03403151599,0.02099011551,-0.2134980467,2.889319689e-05
1.899,-0.03407273496,0.02095348974,-0.21351,-0.03406446986,0.02093666247,-0.2134880429,2.8871825e-05
1.9,-0.03410560657,0.02089994259,-0.2135,-0.03409733965,0.02088315779,-0.2134780392,2.885046706e-05
1.901,-0.03413839404,0.02084634386,-0.21349,-0.03413012529,0.0208296016,-0.2134680354,2.882912336e-05
1.902,-0.03417109727,0.0207926937,-0.21348,-0.0341628267,0.02077599402,-0.2134580317,2.880779412e-05
1.903,-0.03420371618,0.02073899224,-0.21347,-0.03419544379,0.02072233519,-0.2134480279,2.878647963e-05
1.904,-0.03423625071,0.02068523961,-0.21346,-0.03422797649,0.02066862525,-0.2134380242,2.876518014e-05
1.905,-0.03426870075,0.02063143593,-0.21345,-0.03426042471,0.02061486431,-0.2134280205,2.874389593e-05
1.906,-0.03430106625,0.02057758135,-0.21344,-0.03429278838,0.02056105253,-0.2134180167,2.872262726e-05
1.907,-0.03433334711,0.020523676,-0.21343,-0.03432506741,0.02050719003,-0.213408013,2.87013744e-05
1.908,-0.03436554325,0.02046972,-0.21342,-0.03435726173,0.02045327693,-0.2133980093,2.868013761e-05
1.909,-0.0343976546,0.0204157135,-0.21341,-0.03438937126,0.02039931339,-0.2133880055,2.865891716e-05
1.91,-0.03442968108,0.02036165663,-0.2134,-0.03442139591,0.02034529952,-0.2133780018,2.863771331e-05
1.911,-0.03446162261,0.02030754952,-0.21339,-0.03445333561,0.02029123547,-0.2133679981,2.861652633e-05
1.912,-0.0344934791,0.02025339229,-0.21338,-0.03448519028,0.02023712136,-0.2133579944,2.859535648e-05
1.913,-0.03452525049,0.0201991851,-0.21337,-0.03451695984,0.02018295733,-0.2133479907,2.857420404e-05
1.914,-0.03455693669,0.02014492807,-0.21336,-0.03454864422,0.02012874351,-0.213337987,2.855306928e-05
1.915,-0.03458853762,0.02009062133,-0.21335,-0.03458024333,0.02007448004,-0.2133279833,2.853195248e-05
1.916,-0.03462005321,0.02003626501,-0.21334,-0.03461175709,0.02002016705,-0.2133179796,2.85108539e-05
1.917,-0.03465148338,0.01998185927,-0.21333,-0.03464318543,0.01996580468,-0.2133079759,2.848977381e-05
1.918,-0.03468282805,0.01992740421,-0.21332,-0.03467452828,0.01991139305,-0.2132979722,2.846871249e-05
1.919,-0.03471408714,0.01987289999,-0.21331,-0.03470578554,0.01985693231,-0.2132879685,2.84476702e-05
1.92,-0.03474526058,0.01981834674,-0.2133,-0.03473695716,0.01980242258,-0.2132779648,2.842664725e-05
1.921,-0.03477634829,0.01976374458,-0.21329,-0.03476804304,0.01974786401,-0.2132679612,2.840564389e-05
1.922,-0.03480735019,0.01970909366,-0.21328,-0.03479904312,0.01969325672,-0.2132579575,2.838466039e-05
1.923,-0.0348382662,0.01965439411,-0.21327,-0.03482995731,0.01963860085,-0.2132479538,2.836369702e-05
1.924,-0.03486909626,0.01959964607,-0.21326,-0.03486078555,0.01958389654,-0.2132379501,2.834275407e-05
1.925,-0.03489984028,0.01954484966,-0.21325,-0.03489152775,0.01952914392,-0.2132279465,2.832183182e-05
1.926,-0.03493049819,0.01949000503,-0.21324,-0.03492218383,0.01947434313,-0.2132179428,2.830093054e-05
1.927,-0.03496106991,0.01943511231,-0.21323,-0.03495275373,0.0194194943,-0.2132079392,2.828005052e-05
1.928,-0.03499155537,0.01938017163,-0.21322,-0.03498323737,0.01936459756,-0.2131979355,2.825919202e-05
1.929,-0.03502195449,0.01932518314,-0.21321,-0.03501363467,0.01930965306,-0.2131879319,2.823835535e-05
1.93,-0.0350522672,0.01927014696,-0.2132,-0.03504394556,0.01925466093,-0.2131779282,2.821754077e-05
1.931,-0.03508249342,0.01921506324,-0.21319,-0.03507416996,0.01919962129,-0.2131679246,2.819674856e-05
1.932,-0.03511263308,0.01915993211,-0.21318,-0.0351043078,0.0191445343,-0.213157921,2.817597901e-05
1.933,-0.0351426861,0.0191047537,-0.21317,-0.035134359,0.01908940008,-0.2131479174,2.815523239e-05
1.934,-0.03517265241,0.01904952815,-0.21316,-0.03516432349,0.01903421878,-0.2131379137,2.813450898e-05
1.935,-0.03520253193,0.01899425559,-0.21315,-0.0351942012,0.01897899052,-0.2131279101,2.811380907e-05
1.936,-0.0352323246,0.01893893618,-0.21314,-0.03522399205,0.01892371544,-0.2131179065,2.809313296e-05
1.937,-0.03526203033,0.01888357003,-0.21313,-0.03525369596,0.01886839368,-0.2131079029,2.807248093e-05
1.938,-0.03529164906,0.01882815729,-0.21312,-0.03528331288,0.01881302538,-0.2130978993,2.805185327e-05
1.939,-0.03532118071,0.01877269809,-0.21311,-0.03531284271,0.01875761068,-0.2130878957,2.803125026e-05
1.94,-0.0353506252,0.01871719257,-0.2131,-0.0353422854,0.0187021497,-0.2130778921,2.801067218e-05
1.941,-0.03537998248,0.01866164087,-0.21309,-0.03537164086,0.01864664259,-0.2130678886,2.79901193e-05
1.942,-0.03540925245,0.01860604312,-0.21308,-0.03540090903,0.01859108949,-0.213057885,2.796959193e-05
1.943,-0.03543843506,0.01855039947,-0.21307,-0.03543008983,0.01853549052,-0.2130478814,2.794909035e-05
1.944,-0.03546753023,0.01849471004,-0.21306,-0.03545918318,0.01847984583,-0.2130378778,2.792861485e-05
1.945,-0.03549653788,0.01843897498,-0.21305,-0.03548818903,0.01842415556,-0.2130278743,2.790816573e-05
1.946,-0.03552545795,0.01838319442,-0.21304,-0.0355171073,0.01836841984,-0.2130178707,2.788774327e-05
1.947,-0.03555429037,0.01832736851,-0.21303,-0.03554593791,0.01831263881,-0.2130078672,2.786734778e-05
1.948,-0.03558303506,0.01827149737,-0.21302,-0.03557468079,0.01825681261,-0.2129978636,2.784697953e-05
1.949,-0.03561169195,0.01821558115,-0.21301,-0.03560333588,0.01820094137,-0.2129878601,2.782663883e-05
1.95,-0.03564026097,0.01815961999,-0.213,-0.0356319031,0.01814502523,-0.2129778566,2.780632595e-05
1.951,-0.03566874205,0.01810361402,-0.21299,-0.03566038238,0.01808906434,-0.2129678531,2.778604119e-05
1.952,-0.03569713512,0.01804756338,-0.21298,-0.03568877366,0.01803305883,-0.2129578495,2.776578484e-05
1.953,-0.03572544012,0.01799146821,-0.21297,-0.03571707686,0.01797700883,-0.212947846,2.774555719e-05
1.954,-0.03575365697,0.01793532864,-0.21296,-0.03574529191,0.01792091449,-0.2129378425,2.772535855e-05
1.955,-0.03578178559,0.01787914483,-0.21295,-0.03577341874,0.01786477595,-0.212927839,2.770518921e-05
1.956,-0.03580982593,0.0178229169,-0.21294,-0.03580145729,0.01780859333,-0.2129178355,2.768504946e-05
1.957,-0.03583777792,0.01776664499,-0.21293,-0.03582940748,0.01775236679,-0.2129078321,2.766493962e-05
1.958,-0.03586564147,0.01771032924,-0.21292,-0.03585726925,0.01769609646,-0.2128978286,2.764485996e-05
1.959,-0.03589341653,0.0176539698,-0.21291,-0.03588504253,0.01763978248,-0.2128878251,2.762481078e-05
1.96,-0.03592110303,0.01759756679,-0.2129,-0.03591272724,0.01758342498,-0.2128778216,2.760479238e-05
1.961,-0.0359487009,0.01754112037,-0.21289,-0.03594032332,0.01752702411,-0.2128678182,2.758480506e-05
1.962,-0.03597621006,0.01748463067,-0.21288,-0.0359678307,0.01747058001,-0.2128578147,2.75648491e-05
1.963,-0.03600363046,0.01742809782,-0.21287,-0.03599524932,0.01741409281,-0.2128478113,2.754492483e-05
1.964,-0.03603096202,0.01737152197,-0.21286,-0.03602257911,0.01735756266,-0.2128378078,2.752503252e-05
1.965,-0.03605820468,0.01731490326,-0.21285,-0.03604981999,0.01730098969,-0.2128278044,2.750517249e-05
1.966,-0.03608535837,0.01725824183,-0.21284,-0.03607697191,0.01724437405,-0.212817801,2.748534505e-05
1.967,-0.03611242303,0.01720153781,-0.21283,-0.03610403479,0.01718771586,-0.2128077976,2.746555047e-05
1.968,-0.03613939858,0.01714479135,-0.21282,-0.03613100857,0.01713101529,-0.2127977942,2.744578908e-05
1.969,-0.03616628496,0.01708800259,-0.21281,-0.03615789318,0.01707427245,-0.2127877908,2.742606116e-05
1.97,-0.0361930821,0.01703117166,-0.2128,-0.03618468856,0.0170174875,-0.2127777874,2.740636703e-05
1.971,-0.03621978994,0.01697429871,-0.21279,-0.03621139463,0.01696066057,-0.212767784,2.738670697e-05
1.972,-0.03624640841,0.01691738388,-0.21278,-0.03623801134,0.0169037918,-0.2127577806,2.736708129e-05
1.973,-0.03627293745,0.01686042731,-0.21277,-0.03626453862,0.01684688134,-0.2127477772,2.734749031e-05
1.974,-0.03629937698,0.01680342914,-0.21276,-0.0362909764,0.01678992932,-0.2127377739,2.732793431e-05
1.975,-0.03632572695,0.0167463895,-0.21275,-0.03631732461,0.01673293589,-0.2127277705,2.730841361e-05
1.976,-0.03635198729,0.01668930855,-0.21274,-0.0363435832,0.01667590118,-0.2127177672,2.728892851e-05
1.977,-0.03637815794,0.01663218641,-0.21273,-0.0363697521,0.01661882534,-0.2127077638,2.726947933e-05
1.978,-0.03640423883,0.01657502324,-0.21272,-0.03639583124,0.01656170851,-0.2126977605,2.725006635e-05
1.979,-0.03643022989,0.01651781917,-0.21271,-0.03642182055,0.01650455082,-0.2126877572,2.723068988e-05
1.98,-0.03645613107,0.01646057434,-0.2127,-0.03644771998,0.01644735242,-0.2126777538,2.721135023e-05
1.981,-0.03648194229,0.0164032889,-0.21269,-0.03647352947,0.01639011345,-0.2126677505,2.719204771e-05
1.982,-0.0365076635,0.01634596299,-0.21268,-0.03649924894,0.01633283405,-0.2126577472,2.717278263e-05
1.983,-0.03653329462,0.01628859674,-0.21267,-0.03652487833,0.01627551437,-0.2126477439,2.715355529e-05
1.984,-0.03655883561,0.01623119031,-0.21266,-0.03655041758,0.01621815453,-0.2126377406,2.7134366e-05
1.985,-0.03658428639,0.01617374382,-0.21265,-0.03657586663,0.0161607547,-0.2126277374,2.711521506e-05
1.986,-0.0366096469,0.01611625743,-0.21264,-0.03660122542,0.016103315,-0.2126177341,2.709610279e-05
1.987,-0.03663491709,0.01605873127,-0.21263,-0.03662649388,0.01604583558,-0.2126077308,2.70770295e-05
1.988,-0.03666009688,0.01600116549,-0.21262,-0.03665167195,0.01598831658,-0.2125977276,2.705799549e-05
1.989,-0.03668518621,0.01594356023,-0.21261,-0.03667675956,0.01593075814,-0.2125877243,2.703900106e-05
1.99,-0.03671018503,0.01588591563,-0.2126,-0.03670175666,0.0158731604,-0.2125777211,2.702004653e-05
1.991,-0.03673509327,0.01582823183,-0.21259,-0.03672666319,0.01581552352,-0.2125677179,2.70011322e-05
1.992,-0.03675991086,0.01577050897,-0.21258,-0.03675147908,0.01575784762,-0.2125577146,2.69822584e-05
1.993,-0.03678463776,0.01571274721,-0.21257,-0.03677620426,0.01570013285,-0.2125477114,2.696342543e-05
1.994,-0.03680927389,0.01565494667,-0.21256,-0.0368008387,0.01564237935,-0.2125377082,2.694463361e-05
1.995,-0.03683381921,0.01559710751,-0.21255,-0.03682538231,0.01558458728,-0.212527705,2.692588322e-05
1.996,-0.03685827363,0.01553922987,-0.21254,-0.03684983503,0.01552675676,-0.2125177018,2.690717459e-05
1.997,-0.03688263712,0.01548131388,-0.21253,-0.03687419682,0.01546888794,-0.2125076987,2.688850804e-05
1.998,-0.03690690959,0.01542335969,-0.21252,-0.03689846761,0.01541098096,-0.2124976955,2.686988388e-05
1.999,-0.03693109101,0.01536536745,-0.21251,-0.03692264734,0.01535303597,-0.2124876923,2.68513024e-05
2,-0.0369551813,0.01530733729,-0.2125,-0.03694673594,0.01529505311,-0.2124776892,2.683276394e-05
2.001,-0.03697918041,0.01524926937,-0.21249,-0.03697073337,0.01523703253,-0.2124676861,2.681426878e-05
2.002,-0.03700308827,0.01519116382,-0.21248,-0.03699463956,0.01517897436,-0.2124576829,2.679581726e-05
2.003,-0.03702690484,0.01513302079,-0.21247,-0.03701845445,0.01512087874,-0.2124476798,2.677740969e-05
2.004,-0.03705063004,0.01507484042,-0.21246,-0.03704217798,0.01506274584,-0.2124376767,2.675904637e-05
2.005,-0.03707426383,0.01501662285,-0.21245,-0.03706581009,0.01500457577,-0.2124276736,2.674072762e-05
2.006,-0.03709780613,0.01495836823,-0.21244,-0.03708935074,0.0149463687,-0.2124176705,2.672245373e-05
2.007,-0.03712125691,0.0149000767,-0.21243,-0.03711279985,0.01488812476,-0.2124076674,2.670422503e-05
2.008,-0.03714461609,0.01484174841,-0.21242,-0.03713615737,0.01482984409,-0.2123976643,2.668604185e-05
2.009,-0.03716788361,0.0147833835,-0.21241,-0.03715942325,0.01477152685,-0.2123876613,2.666790449e-05
2.01,-0.03719105944,0.01472498211,-0.2124,-0.03718259742,0.01471317317,-0.2123776582,2.664981327e-05
2.011,-0.03721414349,0.01466654439,-0.21239,-0.03720567983,0.0146547832,-0.2123676552,2.66317685e-05
2.012,-0.03723713572,0.01460807048,-0.21238,-0.03722867042,0.01459635708,-0.2123576521,2.661377049e-05
2.013,-0.03726003608,0.01454956052,-0.21237,-0.03725156913,0.01453789496,-0.2123476491,2.659581954e-05
2.014,-0.0372828445,0.01449101467,-0.21236,-0.03727437592,0.01447939698,-0.2123376461,2.657791599e-05
2.015,-0.03730556093,0.01443243306,-0.21235,-0.03729709072,0.01442086328,-0.2123276431,2.656006013e-05
2.016,-0.03732818531,0.01437381584,-0.21234,-0.03731971347,0.01436229401,-0.2123176401,2.654225228e-05
2.017,-0.03735071758,0.01431516316,-0.21233,-0.03734224412,0.01430368932,-0.2123076371,2.652449276e-05
2.018,-0.0373731577,0.01425647515,-0.21232,-0.03736468262,0.01424504935,-0.2122976341,2.650678189e-05
2.019,-0.0373955056,0.01419775197,-0.21231,-0.03738702891,0.01418637423,-0.2122876311,2.648911998e-05
2.02,-0.03741776123,0.01413899375,-0.2123,-0.03740928293,0.01412766413,-0.2122776282,2.647150734e-05
2.021,-0.03743992454,0.01408020065,-0.21229,-0.03743144463,0.01406891918,-0.2122676252,2.645394429e-05
2.022,-0.03746199547,0.01402137281,-0.21228,-0.03745351395,0.01401013953,-0.2122576223,2.643643114e-05
2.023,-0.03748397396,0.01396251037,-0.21227,-0.03747549085,0.01395132532,-0.2122476194,2.64189682e-05
2.024,-0.03750585997,0.01390361348,-0.21226,-0.03749737526,0.01389247669,-0.2122376164,2.640155579e-05
2.025,-0.03752765344,0.01384468228,-0.21225,-0.03751916714,0.0138335938,-0.2122276135,2.638419422e-05
2.026,-0.03754935431,0.01378571693,-0.21224,-0.03754086642,0.01377467679,-0.2122176106,2.636688381e-05
2.027,-0.03757096253,0.01372671756,-0.21223,-0.03756247306,0.01371572581,-0.2122076077,2.634962486e-05
2.028,-0.03759247804,0.01366768432,-0.21222,-0.037583987,0.01365674099,-0.2121976049,2.63324177e-05
2.029,-0.03761390081,0.01360861735,-0.21221,-0.03760540819,0.01359772248,-0.212187602,2.631526265e-05
2.03,-0.03763523076,0.01354951681,-0.2122,-0.03762673658,0.01353867044,-0.2121775991,2.629816001e-05
2.031,-0.03765646785,0.01349038284,-0.21219,-0.0376479721,0.013479585,-0.2121675963,2.628111009e-05
2.032,-0.03767761203,0.01343121558,-0.21218,-0.03766911472,0.01342046632,-0.2121575935,2.626411322e-05
2.033,-0.03769866324,0.01337201518,-0.21217,-0.03769016438,0.01336131453,-0.2121475906,2.62471697e-05
2.034,-0.03771962144,0.01331278178,-0.21216,-0.03771112103,0.01330212978,-0.2121375878,2.623027985e-05
2.035,-0.03774048656,0.01325351554,-0.21215,-0.03773198461,0.01324291223,-0.212127585,2.621344397e-05
2.036,-0.03776125857,0.01319421659,-0.21214,-0.03775275507,0.01318366201,-0.2121175822,2.619666239e-05
2.037,-0.0377819374,0.01313488509,-0.21213,-0.03777343237,0.01312437927,-0.2121075794,2.617993542e-05
2.038,-0.03780252301,0.01307552119,-0.21212,-0.03779401645,0.01306506416,-0.2120975767,2.616326336e-05
2.039,-0.03782301534,0.01301612502,-0.21211,-0.03781450726,0.01300571682,-0.2120875739,2.614664654e-05
2.04,-0.03784341435,0.01295669673,-0.2121,-0.03783490475,0.0129463374,-0.2120775712,2.613008528e-05
2.041,-0.03786371999,0.01289723647,-0.21209,-0.03785520886,0.01288692606,-0.2120675684,2.611357987e-05
2.042,-0.0378839322,0.01283774439,-0.21208,-0.03787541956,0.01282748292,-0.2120575657,2.609713062e-05
2.043,-0.03790405094,0.01277822064,-0.21207,-0.03789553679,0.01276800815,-0.212047563,2.608073787e-05
2.044,-0.03792407615,0.01271866535,-0.21206,-0.0379155605,0.01270850188,-0.2120375603,2.606440191e-05
2.045,-0.03794400779,0.01265907869,-0.21205,-0.03793549065,0.01264896427,-0.2120275576,2.604812305e-05
2.046,-0.0379638458,0.01259946079,-0.21204,-0.03795532717,0.01258939545,-0.2120175549,2.60319016e-05
2.047,-0.03798359014,0.0125398118,-0.21203,-0.03797507003,0.01252979559,-0.2120075522,2.60157379e-05
2.048,-0.03800324076,0.01248013187,-0.21202,-0.03799471917,0.01247016482,-0.2119975496,2.599963223e-05
2.049,-0.03802279762,0.01242042114,-0.21201,-0.03801427454,0.01241050329,-0.2119875469,2.598358492e-05
2.05,-0.03804226065,0.01236067977,-0.212,-0.03803373611,0.01235081115,-0.2119775443,2.596759626e-05
2.051,-0.03806162982,0.01230090791,-0.21199,-0.03805310381,0.01229108855,-0.2119675417,2.595166658e-05
2.052,-0.03808090508,0.01224110569,-0.21198,-0.03807237761,0.01223133563,-0.2119575391,2.593579617e-05
2.053,-0.03810008637,0.01218127326,-0.21197,-0.03809155745,0.01217155254,-0.2119475365,2.591998534e-05
2.054,-0.03811917366,0.01212141079,-0.21196,-0.03811064329,0.01211173943,-0.2119375339,2.590423443e-05
2.055,-0.03813816689,0.0120615184,-0.21195,-0.03812963508,0.01205189645,-0.2119275313,2.588854372e-05
2.056,-0.03815706602,0.01200159625,-0.21194,-0.03814853277,0.01199202374,-0.2119175287,2.587291353e-05
2.057,-0.038175871,0.01194164449,-0.21193,-0.03816733632,0.01193212145,-0.2119075262,2.585734416e-05
2.058,-0.03819458179,0.01188166326,-0.21192,-0.03818604568,0.01187218973,-0.2118975236,2.584183591e-05
2.059,-0.03821319833,0.01182165272,-0.21191,-0.0382046608,0.01181222873,-0.2118875211,2.582638911e-05
2.06,-0.03823172059,0.01176161301,-0.2119,-0.03822318164,0.01175223859,-0.2118775186,2.581100406e-05
2.061,-0.03825014852,0.01170154428,-0.21189,-0.03824160816,0.01169221947,-0.2118675161,2.579568105e-05
2.062,-0.03826848206,0.01164144667,-0.21188,-0.0382599403,0.0116321715,-0.2118575136,2.578042041e-05
2.063,-0.03828672118,0.01158132034,-0.21187,-0.03827817802,0.01157209485,-0.2118475111,2.576522243e-05
2.064,-0.03830486584,0.01152116544,-0.21186,-0.03829632128,0.01151198965,-0.2118375086,2.575008741e-05
2.065,-0.03832291598,0.01146098211,-0.21185,-0.03831437004,0.01145185606,-0.2118275062,2.573501567e-05
2.066,-0.03834087156,0.0114007705,-0.21184,-0.03833232424,0.01139169423,-0.2118175037,2.57200075e-05
2.067,-0.03835873254,0.01134053076,-0.21183,-0.03835018384,0.01133150429,-0.2118075013,2.570506321e-05
2.068,-0.03837649887,0.01128026304,-0.21182,-0.03836794881,0.01127128641,-0.2117974988,2.56901831e-05
2.069,-0.03839417052,0.01121996748,-0.21181,-0.03838561909,0.01121104073,-0.2117874964,2.567536748e-05
2.07,-0.03841174743,0.01115964424,-0.2118,-0.03840319464,0.01115076739,-0.211777494,2.566061664e-05
2.071,-0.03842922956,0.01109929347,-0.21179,-0.03842067542,0.01109046655,-0.2117674916,2.564593089e-05
2.072,-0.03844661687,0.01103891531,-0.21178,-0.03843806139,0.01103013836,-0.2117574893,2.563131053e-05
2.073,-0.03846390932,0.01097850991,-0.21177,-0.0384553525,0.01096978296,-0.2117474869,2.561675585e-05
2.074,-0.03848110686,0.01091807742,-0.21176,-0.03847254871,0.0109094005,-0.2117374846,2.560226718e-05
2.075,-0.03849820946,0.01085761799,-0.21175,-0.03848964997,0.01084899114,-0.2117274822,2.558784479e-05
2.076,-0.03851521706,0.01079713178,-0.21174,-0.03850665626,0.01078855502,-0.2117174799,2.557348898e-05
2.077,-0.03853212963,0.01073661892,-0.21173,-0.03852356751,0.01072809228,-0.2117074776,2.555920006e-05
2.078,-0.03854894713,0.01067607957,-0.21172,-0.0385403837,0.01066760309,-0.2116974753,2.554497831e-05
2.079,-0.03856566951,0.01061551388,-0.21171,-0.03855710478,0.01060708759,-0.211687473,2.553082404e-05
2.08,-0.03858229674,0.010554922,-0.2117,-0.03857373071,0.01054654592,-0.2116774707,2.551673755e-05
2.081,-0.03859882877,0.01049430407,-0.21169,-0.03859026145,0.01048597824,-0.2116674685,2.550271912e-05
2.082,-0.03861526555,0.01043366025,-0.21168,-0.03860669696,0.0104253847,-0.2116574662,2.548876905e-05
2.083,-0.03863160706,0.01037299069,-0.21167,-0.03862303719,0.01036476545,-0.211647464,2.547488764e-05
2.084,-0.03864785325,0.01031229553,-0.21166,-0.03863928211,0.01030412063,-0.2116374617,2.546107518e-05
2.085,-0.03866400408,0.01025157493,-0.21165,-0.03865543168,0.01024345039,-0.2116274595,2.544733196e-05
2.086,-0.03868005951,0.01019082903,-0.21164,-0.03867148585,0.01018275489,-0.2116174573,2.543365828e-05
2.087,-0.0386960195,0.01013005798,-0.21163,-0.03868744459,0.01012203428,-0.2116074552,2.542005442e-05
2.088,-0.03871188401,0.01006926195,-0.21162,-0.03870330786,0.0100612887,-0.211597453,2.540652067e-05
2.089,-0.03872765301,0.01000844106,-0.21161,-0.03871907562,0.0100005183,-0.2115874508,2.539305732e-05
2.09,-0.03874332645,0.009947595487,-0.2116,-0.03873474783,0.00993972324,-0.2115774487,2.537966467e-05
2.091,-0.03875890429,0.009886725364,-0.21159,-0.03875032445,0.009878903663,-0.2115674465,2.536634299e-05
2.092,-0.0387743865,0.009825830848,-0.21158,-0.03876580544,0.009818059721,-0.2115574444,2.535309257e-05
2.093,-0.03878977303,0.009764912087,-0.21157,-0.03878119077,0.009757191562,-0.2115474423,2.53399137e-05
2.094,-0.03880506386,0.009703969232,-0.21156,-0.03879648039,0.009696299339,-0.2115374402,2.532680667e-05
2.095,-0.03882025894,0.009643002433,-0.21155,-0.03881167427,0.0096353832,-0.2115274381,2.531377176e-05
2.096,-0.03883535823,0.009582011842,-0.21154,-0.03882677238,0.009574443296,-0.2115174361,2.530080925e-05
2.097,-0.0388503617,0.009520997607,-0.21153,-0.03884177467,0.009513479778,-0.211507434,2.528791943e-05
2.098,-0.03886526932,0.009459959881,-0.21152,-0.03885668111,0.009452492795,-0.211497432,2.527510257e-05
2.099,-0.03888008103,0.009398898813,-0.21151,-0.03887149166,0.009391482499,-0.2114874299,2.526235896e-05
2.1,-0.03889479682,0.009337814554,-0.2115,-0.03888620628,0.009330449039,-0.2114774279,2.524968887e-05
2.101,-0.03890941663,0.009276707255,-0.21149,-0.03890082494,0.009269392567,-0.2114674259,2.523709259e-05
2.102,-0.03892394044,0.009215577067,-0.21148,-0.0389153476,0.009208313233,-0.2114574239,2.522457038e-05
2.103,-0.03893836821,0.00915442414,-0.21147,-0.03892977423,0.009147211187,-0.211447422,2.521212253e-05
2.104,-0.0389526999,0.009093248626,-0.21146,-0.03894410479,0.00908608658,-0.21143742,2.519974932e-05
2.105,-0.03896693548,0.009032050675,-0.21145,-0.03895833925,0.009024939564,-0.211427418,2.518745102e-05
2.106,-0.03898107491,0.008970830438,-0.21144,-0.03897247756,0.008963770289,-0.2114174161,2.51752279e-05
2.107,-0.03899511816,0.008909588067,-0.21143,-0.0389865197,0.008902578905,-0.2114074142,2.516308022e-05
2.108,-0.0390090652,0.008848323712,-0.21142,-0.03900046563,0.008841365564,-0.2113974123,2.515100828e-05
2.109,-0.03902291598,0.008787037524,-0.21141,-0.03901431532,0.008780130418,-0.2113874104,2.513901233e-05
2.11,-0.03903667048,0.008725729656,-0.2114,-0.03902806873,0.008718873615,-0.2113774085,2.512709265e-05
2.111,-0.03905032866,0.008664400258,-0.21139,-0.03904172583,0.008657595309,-0.2113674066,2.51152495e-05
2.112,-0.03906389048,0.008603049481,-0.21138,-0.03905528658,0.00859629565,-0.2113574048,2.510348315e-05
2.113,-0.03907735592,0.008541677477,-0.21137,-0.03906875096,0.00853497479,-0.2113474029,2.509179387e-05
2.114,-0.03909072494,0.008480284397,-0.21136,-0.03908211892,0.008473632879,-0.2113374011,2.508018191e-05
2.115,-0.03910399751,0.008418870393,-0.21135,-0.03909539044,0.008412270069,-0.2113273993,2.506864754e-05
2.116,-0.03911717359,0.008357435616,-0.21134,-0.03910856548,0.008350886511,-0.2113173975,2.505719103e-05
2.117,-0.03913025316,0.008295980218,-0.21133,-0.03912164401,0.008289482357,-0.2113073957,2.504581263e-05
2.118,-0.03914323617,0.008234504351,-0.21132,-0.039134626,0.008228057758,-0.211297394,2.503451262e-05
2.119,-0.03915612261,0.008173008166,-0.21131,-0.03914751141,0.008166612866,-0.2112873922,2.502329124e-05
2.12,-0.03916891242,0.008111491814,-0.2113,-0.03916030022,0.008105147832,-0.2112773905,2.501214875e-05
2.121,-0.0391816056,0.008049955449,-0.21129,-0.03917299239,0.008043662808,-0.2112673887,2.500108541e-05
2.122,-0.0391942021,0.007988399221,-0.21128,-0.03918558789,0.007982157945,-0.211257387,2.499010148e-05
2.123,-0.03920670188,0.007926823282,-0.21127,-0.03919808669,0.007920633396,-0.2112473853,2.49791972e-05
2.124,-0.03921910493,0.007865227785,-0.21126,-0.03921048876,0.007859089312,-0.2112373836,2.496837283e-05
2.125,-0.03923141122,0.007803612881,-0.21125,-0.03922279406,0.007797525845,-0.211227382,2.495762863e-05
2.126,-0.0392436207,0.007741978722,-0.21124,-0.03923500258,0.007735943147,-0.2112173803,2.494696483e-05
2.127,-0.03925573335,0.007680325461,-0.21123,-0.03924711428,0.007674341369,-0.2112073787,2.49363817e-05
2.128,-0.03926774914,0.007618653249,-0.21122,-0.03925912912,0.007612720664,-0.211197377,2.492587947e-05
2.129,-0.03927966804,0.007556962239,-0.21121,-0.03927104708,0.007551081184,-0.2111873754,2.491545839e-05
2.13,-0.03929149003,0.007495252583,-0.2112,-0.03928286813,0.00748942308,-0.2111773738,2.490511871e-05
2.131,-0.03930321507,0.007433524434,-0.21119,-0.03929459224,0.007427746505,-0.2111673722,2.489486066e-05
2.132,-0.03931484313,0.007371777942,-0.21118,-0.03930621939,0.007366051611,-0.2111573706,2.48846845e-05
2.133,-0.03932637418,0.007310013262,-0.21117,-0.03931774953,0.00730433855,-0.2111473691,2.487459047e-05
2.134,-0.0393378082,0.007248230545,-0.21116,-0.03932918265,0.007242607475,-0.2111373675,2.486457879e-05
2.135,-0.03934914516,0.007186429944,-0.21115,-0.03934051872,0.007180858537,-0.211127366,2.485464971e-05
2.136,-0.03936038503,0.007124611611,-0.21114,-0.0393517577,0.007119091889,-0.2111173645,2.484480346e-05
2.137,-0.03937152778,0.007062775698,-0.21113,-0.03936289957,0.007057307684,-0.211107363,2.483504027e-05
2.138,-0.03938257338,0.007000922359,-0.21112,-0.03937394431,0.006995506073,-0.2110973615,2.482536039e-05
2.139,-0.03939352181,0.006939051746,-0.21111,-0.03938489188,0.006933687209,-0.21108736,2.481576405e-05
2.14,-0.03940437305,0.006877164011,-0.2111,-0.03939574227,0.006871851245,-0.2110773586,2.480625146e-05
2.141,-0.03941512705,0.006815259308,-0.21109,-0.03940649543,0.006809998333,-0.2110673571,2.479682286e-05
2.142,-0.03942578381,0.006753337789,-0.21108,-0.03941715135,0.006748128626,-0.2110573557,2.478747848e-05
2.143,-0.03943634328,0.006691399606,-0.21107,-0.03942771,0.006686242276,-0.2110473543,2.477821854e-05
2.144,-0.03944680545,0.006629444913,-0.21106,-0.03943817135,0.006624339437,-0.2110373529,2.476904328e-05
2.145,-0.03945717029,0.006567473863,-0.21105,-0.03944853538,0.00656242026,-0.2110273515,2.475995289e-05
2.146,-0.03946743777,0.006505486608,-0.21104,-0.03945880206,0.006500484899,-0.2110173501,2.475094762e-05
2.147,-0.03947760787,0.006443483301,-0.21103,-0.03946897136,0.006438533506,-0.2110073488,2.474202767e-05
2.148,-0.03948768056,0.006381464096,-0.21102,-0.03947904327,0.006376566234,-0.2109973474,2.473319327e-05
2.149,-0.03949765582,0.006319429145,-0.21101,-0.03948901776,0.006314583236,-0.2109873461,2.472444463e-05
2.15,-0.03950753362,0.006257378602,-0.211,-0.0394988948,0.006252584664,-0.2109773448,2.471578196e-05
2.151,-0.03951731395,0.006195312619,-0.21099,-0.03950867436,0.006190570673,-0.2109673435,2.470720548e-05
2.152,-0.03952699676,0.006133231349,-0.21098,-0.03951835643,0.006128541414,-0.2109573422,2.469871539e-05
2.153,-0.03953658205,0.006071134947,-0.21097,-0.03952794098,0.006066497042,-0.2109473409,2.469031192e-05
2.154,-0.03954606979,0.006009023565,-0.21096,-0.03953742798,0.006004437708,-0.2109373397,2.468199525e-05
2.155,-0.03955545995,0.005946897356,-0.21095,-0.03954681742,0.005942363566,-0.2109273384,2.467376561e-05
2.156,-0.03956475251,0.005884756474,-0.21094,-0.03955610927,0.005880274768,-0.2109173372,2.466562319e-05
2.157,-0.03957394745,0.005822601071,-0.21093,-0.0395653035,0.00581817147,-0.210907336,2.46575682e-05
2.158,-0.03958304474,0.005760431302,-0.21092,-0.0395744001,0.005756053822,-0.2108973348,2.464960084e-05
2.159,-0.03959204437,0.00569824732,-0.21091,-0.03958339904,0.005693921979,-0.2108873336,2.46417213e-05
2.16,-0.03960094631,0.005636049278,-0.2109,-0.03959230029,0.005631776094,-0.2108773325,2.463392977e-05
2.161,-0.03960975053,0.005573837329,-0.21089,-0.03960110385,0.00556961632,-0.2108673313,2.462622646e-05
2.162,-0.03961845703,0.005511611627,-0.21088,-0.03960980968,0.005507442811,-0.2108573302,2.461861157e-05
2.163,-0.03962706577,0.005449372327,-0.21087,-0.03961841777,0.005445255719,-0.2108473291,2.461108528e-05
2.164,-0.03963557673,0.00538711958,-0.21086,-0.03962692809,0.005383055199,-0.210837328,2.460364778e-05
2.165,-0.03964398989,0.005324853541,-0.21085,-0.03963534062,0.005320841404,-0.2108273269,2.459629926e-05
2.166,-0.03965230524,0.005262574364,-0.21084,-0.03964365534,0.005258614486,-0.2108173258,2.45890399e-05
2.167,-0.03966052275,0.005200282201,-0.21083,-0.03965187223,0.005196374601,-0.2108073247,2.458186989e-05
2.168,-0.0396686424,0.005137977208,-0.21082,-0.03965999128,0.0051341219,-0.2107973237,2.457478941e-05
2.169,-0.03967666418,0.005075659537,-0.21081,-0.03966801245,0.005071856538,-0.2107873227,2.456779865e-05
2.17,-0.03968458805,0.005013329343,-0.2108,-0.03967593574,0.005009578669,-0.2107773216,2.456089778e-05
2.171,-0.03969241401,0.004950986778,-0.21079,-0.03968376112,0.004947288445,-0.2107673206,2.455408697e-05
2.172,-0.03970014203,0.004888631998,-0.21078,-0.03969148857,0.004884986022,-0.2107573197,2.45473664e-05
2.173,-0.03970777209,0.004826265155,-0.21077,-0.03969911807,0.004822671551,-0.2107473187,2.454073625e-05
2.174,-0.03971530418,0.004763886404,-0.21076,-0.0397066496,0.004760345187,-0.2107373177,2.453419668e-05
2.175,-0.03972273828,0.004701495898,-0.21075,-0.03971408316,0.004698007085,-0.2107273168,2.452774787e-05
2.176,-0.03973007436,0.004639093792,-0.21074,-0.0397214187,0.004635657396,-0.2107173159,2.452138998e-05
2.177,-0.03973731242,0.00457668024,-0.21073,-0.03972865623,0.004573296276,-0.210707315,2.451512318e-05
2.178,-0.03974445242,0.004514255395,-0.21072,-0.03973579572,0.004510923879,-0.2106973141,2.450894762e-05
2.179,-0.03975149436,0.004451819412,-0.21071,-0.03974283716,0.004448540357,-0.2106873132,2.450286347e-05
2.18,-0.03975843822,0.004389372444,-0.2107,-0.03974978052,0.004386145865,-0.2106773123,2.449687088e-05
2.181,-0.03976528398,0.004326914645,-0.21069,-0.03975662579,0.004323740557,-0.2106673115,2.449097003e-05
2.182,-0.03977203162,0.004264446171,-0.21068,-0.03976337295,0.004261324586,-0.2106573107,2.448516106e-05
2.183,-0.03977868112,0.004201967174,-0.21067,-0.03977002199,0.004198898108,-0.2106473098,2.447944412e-05
2.184,-0.03978523248,0.00413947781,-0.21066,-0.03977657288,0.004136461275,-0.210637309,2.447381936e-05
2.185,-0.03979168567,0.004076978232,-0.21065,-0.03978302562,0.004074014242,-0.2106273083,2.446828694e-05
2.186,-0.03979804068,0.004014468594,-0.21064,-0.03978938019,0.004011557162,-0.2106173075,2.446284699e-05
2.187,-0.03980429749,0.003951949051,-0.21063,-0.03979563657,0.00394909019,-0.2106073067,2.445749967e-05
2.188,-0.03981045609,0.003889419757,-0.21062,-0.03980179475,0.00388661348,-0.210597306,2.445224512e-05
2.189,-0.03981651646,0.003826880866,-0.21061,-0.0398078547,0.003824127186,-0.2105873053,2.444708347e-05
2.19,-0.03982247858,0.003764332533,-0.2106,-0.03981381643,0.003761631463,-0.2105773046,2.444201487e-05
2.191,-0.03982834245,0.003701774911,-0.21059,-0.0398196799,0.003699126463,-0.2105673039,2.443703945e-05
2.192,-0.03983410805,0.003639208156,-0.21058,-0.03982544511,0.003636612342,-0.2105573032,2.443215734e-05
2.193,-0.03983977536,0.003576632422,-0.21057,-0.03983111205,0.003574089254,-0.2105473025,2.442736868e-05
2.194,-0.03984534437,0.003514047862,-0.21056,-0.03983668069,0.003511557353,-0.2105373019,2.44226736e-05
2.195,-0.03985081506,0.003451454632,-0.21055,-0.03984215103,0.003449016792,-0.2105273012,2.441807222e-05
2.196,-0.03985618743,0.003388852886,-0.21054,-0.03984752305,0.003386467727,-0.2105173006,2.441356468e-05
2.197,-0.03986146145,0.003326242778,-0.21053,-0.03985279674,0.003323910312,-0.2105073,2.440915109e-05
2.198,-0.03986663712,0.003263624463,-0.21052,-0.03985797209,0.003261344701,-0.2104972994,2.440483157e-05
2.199,-0.03987171443,0.003200998095,-0.21051,-0.03986304907,0.003198771048,-0.2104872989,2.440060625e-05
2.2,-0.03987669335,0.003138363829,-0.2105,-0.03986802769,0.003136189508,-0.2104772983,2.439647524e-05
2.201,-0.03988157388,0.00307572182,-0.21049,-0.03987290793,0.003073600235,-0.2104672978,2.439243865e-05
2.202,-0.03988635601,0.003013072221,-0.21048,-0.03987768977,0.003011003384,-0.2104572972,2.43884966e-05
2.203,-0.03989103972,0.002950415188,-0.21047,-0.0398823732,0.002948399108,-0.2104472967,2.43846492e-05
2.204,-0.03989562501,0.002887750875,-0.21046,-0.03988695822,0.002885787563,-0.2104372962,2.438089656e-05
2.205,-0.03990011186,0.002825079437,-0.21045,-0.03989144481,0.002823168902,-0.2104272958,2.437723877e-05
2.206,-0.03990450025,0.002762401029,-0.21044,-0.03989583296,0.002760543281,-0.2104172953,2.437367595e-05
2.207,-0.03990879019,0.002699715804,-0.21043,-0.03990012266,0.002697910853,-0.2104072949,2.437020819e-05
2.208,-0.03991298166,0.002637023918,-0.21042,-0.0399043139,0.002635271773,-0.2103972944,2.436683561e-05
2.209,-0.03991707464,0.002574325526,-0.21041,-0.03990840666,0.002572626196,-0.210387294,2.436355829e-05
2.21,-0.03992106914,0.002511620781,-0.2104,-0.03991240095,0.002509974276,-0.2103772936,2.436037632e-05
2.211,-0.03992496513,0.00244890984,-0.21039,-0.03991629674,0.002447316168,-0.2103672932,2.435728978e-05
2.212,-0.03992876261,0.002386192856,-0.21038,-0.03992009403,0.002384652026,-0.2103572929,2.435429879e-05
2.213,-0.03993246157,0.002323469984,-0.21037,-0.03992379281,0.002321982006,-0.2103472925,2.435140343e-05
2.214,-0.039936062,0.002260741379,-0.21036,-0.03992739308,0.00225930626,-0.2103372922,2.434860379e-05
2.215,-0.0399395639,0.002198007196,-0.21035,-0.03993089481,0.002196624945,-0.2103272919,2.434589994e-05
2.216,-0.03994296724,0.00213526759,-0.21034,-0.03993429801,0.002133938214,-0.2103172916,2.434329196e-05
2.217,-0.03994627204,0.002072522716,-0.21033,-0.03993760266,0.002071246223,-0.2103072913,2.434077992e-05
2.218,-0.03994947826,0.002009772727,-0.21032,-0.03994080876,0.002008549125,-0.210297291,2.433836391e-05
2.219,-0.03995258592,0.00194701778,-0.21031,-0.03994391629,0.001945847076,-0.2102872907,2.433604402e-05
2.22,-0.039955595,0.001884258028,-0.2103,-0.03994692526,0.001883140231,-0.2102772905,2.43338203e-05
2.221,-0.03995850549,0.001821493628,-0.21029,-0.03994983565,0.001820428743,-0.2102672903,2.433169282e-05
2.222,-0.03996131739,0.001758724733,-0.21028,-0.03995264746,0.001757712768,-0.2102572901,2.432966166e-05
2.223,-0.03996403068,0.001695951498,-0.21027,-0.03995536068,0.00169499246,-0.2102472899,2.432772685e-05
2.224,-0.03996664537,0.001633174079,-0.21026,-0.0399579753,0.001632267975,-0.2102372897,2.432588849e-05
2.225,-0.03996916145,0.00157039263,-0.21025,-0.03996049131,0.001569539466,-0.2102272895,2.432414662e-05
2.226,-0.03997157891,0.001507607307,-0.21024,-0.03996290872,0.001506807088,-0.2102172894,2.432250131e-05
2.227,-0.03997389774,0.001444818263,-0.21023,-0.03996522751,0.001444070997,-0.2102072893,2.432095261e-05
2.228,-0.03997611793,0.001382025655,-0.21022,-0.03996744768,0.001381331347,-0.2101972891,2.431950056e-05
2.229,-0.0399782395,0.001319229637,-0.21021,-0.03996956922,0.001318588292,-0.2101872891,2.431814523e-05
2.23,-0.03998026241,0.001256430363,-0.2102,-0.03997159213,0.001255841988,-0.210177289,2.431688665e-05
2.231,-0.03998218669,0.00119362799,-0.21019,-0.03997351641,0.00119309259,-0.2101672889,2.431572487e-05
2.232,-0.03998401231,0.001130822671,-0.21018,-0.03997534204,0.001130340251,-0.2101572888,2.431465995e-05
2.233,-0.03998573927,0.001068014562,-0.21017,-0.03997706902,0.001067585127,-0.2101472888,2.431369192e-05
2.234,-0.03998736757,0.001005203818,-0.21016,-0.03997869735,0.001004827373,-0.2101372888,2.431282082e-05
2.235,-0.03998889721,0.0009423905933,-0.21015,-0.03998022703,0.0009420671433,-0.2101272888,2.431204667e-05
2.236,-0.03999032818,0.0008795750437,-0.21014,-0.03998165805,0.0008793045928,-0.2101172888,2.431136952e-05
2.237,-0.03999166047,0.0008167573238,-0.21013,-0.03998299041,0.0008165398763,-0.2101072888,2.431078939e-05
2.238,-0.0399928941,0.0007539375886,-0.21012,-0.0399842241,0.0007537731488,-0.2100972889,2.431030631e-05
2.239,-0.03999402904,0.0006911159932,-0.21011,-0.03998535913,0.0006910045649,-0.2100872889,2.430992033e-05
2.24,-0.0399950653,0.0006282926925,-0.2101,-0.03998639548,0.0006282342796,-0.210077289,2.430963146e-05
2.241,-0.03999600288,0.0005654678415,-0.21009,-0.03998733316,0.0005654624476,-0.2100672891,2.43094397e-05
2.242,-0.03999684177,0.0005026415953,-0.21008,-0.03998817217,0.0005026892239,-0.2100572892,2.430934509e-05
2.243,-0.03999758197,0.0004398141089,-0.21007,-0.03998891249,0.0004399147632,-0.2100472893,2.430934765e-05
2.244,-0.03999822348,0.0003769855373,-0.21006,-0.03998955414,0.0003771392204,-0.2100372895,2.430944737e-05
2.245,-0.03999876631,0.0003141560355,-0.21005,-0.03999009711,0.0003143627504,-0.2100272896,2.43096443e-05
2.246,-0.03999921043,0.0002513257586,-0.21004,-0.03999054139,0.0002515855079,-0.2100172898,2.430993842e-05
2.247,-0.03999955587,0.0001884948616,-0.21003,-0.03999088699,0.0001888076478,-0.21000729,2.431032976e-05
2.248,-0.03999980261,0.0001256634994,-0.21002,-0.0399911339,0.000126029325,-0.2099972902,2.43108183e-05
2.249,-0.03999995065,6.283182723e-05,-0.21001,-0.03999128213,6.32506944e-05,-0.2099872904,2.431140405e-05
2.25,-0.04,4.898587197e-18,-0.21,-0.03999133167,4.719107548e-07,-0.2099772906,2.4312087e-05
2.251,-0.03999995065,-6.283182723e-05,-0.20999,-0.03999128253,-6.230687105e-05,-0.2099672909,2.431286718e-05
2.252,-0.03999980261,-0.0001256634994,-0.20998,-0.0399911347,-0.0001250854962,-0.2099572912,2.431374456e-05
2.253,-0.03999955587,-0.0001884948616,-0.20997,-0.03999088819,-0.0001878638097,-0.2099472914,2.431471914e-05
2.254,-0.03999921043,-0.0002513257586,-0.20996,-0.03999054299,-0.0002506416569,-0.2099372917,2.431579091e-05
2.255,-0.03999876631,-0.0003141560355,-0.20995,-0.03999009911,-0.0003134188828,-0.2099272921,2.431695986e-05
2.256,-0.03999822348,-0.0003769855373,-0.20994,-0.03998955654,-0.0003761953326,-0.2099172924,2.431822596e-05
2.257,-0.03999758197,-0.0004398141089,-0.20993,-0.03998891529,-0.0004389708515,-0.2099072927,2.431958921e-05
2.258,-0.03999684177,-0.0005026415953,-0.20992,-0.03998817537,-0.0005017452846,-0.2098972931,2.432104959e-05
2.259,-0.03999600288,-0.0005654678415,-0.20991,-0.03998733676,-0.000564518477,-0.2098872935,2.432260707e-05
2.26,-0.0399950653,-0.0006282926925,-0.2099,-0.03998639949,-0.0006272902739,-0.2098772939,2.432426163e-05
2.261,-0.03999402904,-0.0006911159932,-0.20989,-0.03998536353,-0.0006900605206,-0.2098672943,2.432601324e-05
2.262,-0.0399928941,-0.0007539375886,-0.20988,-0.03998422891,-0.0007528290621,-0.2098572947,2.432786187e-05
2.263,-0.03999166047,-0.0008167573238,-0.20987,-0.03998299562,-0.0008155957436,-0.2098472951,2.43298075e-05
2.264,-0.03999032818,-0.0008795750437,-0.20986,-0.03998166366,-0.0008783604103,-0.2098372956,2.433185009e-05
2.265,-0.03998889721,-0.0009423905933,-0.20985,-0.03998023304,-0.0009411229074,-0.2098272961,2.43339896e-05
2.266,-0.03998736757,-0.001005203818,-0.20984,-0.03997870376,-0.00100388308,-0.2098172966,2.433622599e-05
2.267,-0.03998573927,-0.001068014562,-0.20983,-0.03997707583,-0.001066640774,-0.2098072971,2.433855922e-05
2.268,-0.03998401231,-0.001130822671,-0.20982,-0.03997534925,-0.001129395833,-0.2097972976,2.434098926e-05
2.269,-0.03998218669,-0.00119362799,-0.20981,-0.03997352402,-0.001192148104,-0.2097872981,2.434351604e-05
2.27,-0.03998026241,-0.001256430363,-0.2098,-0.03997160015,-0.001254897431,-0.2097772987,2.434613953e-05
2.271,-0.0399782395,-0.001319229637,-0.20979,-0.03996957764,-0.001317643659,-0.2097672993,2.434885968e-05
2.272,-0.03997611793,-0.001382025655,-0.20978,-0.0399674565,-0.001380386635,-0.2097572998,2.435167643e-05
2.273,-0.03997389774,-0.001444818263,-0.20977,-0.03996523674,-0.001443126202,-0.2097473004,2.435458973e-05
2.274,-0.03997157891,-0.001507607307,-0.20976,-0.03996291835,-0.001505862207,-0.2097373011,2.435759951e-05
2.275,-0.03996916145,-0.00157039263,-0.20975,-0.03996050135,-0.001568594494,-0.2097273017,2.436070573e-05
2.276,-0.03996664537,-0.001633174079,-0.20974,-0.03995798573,-0.001631322909,-0.2097173023,2.436390831e-05
2.277,-0.03996403068,-0.001695951498,-0.20973,-0.03995537152,-0.001694047298,-0.209707303,2.436720719e-05
2.278,-0.03996131739,-0.001758724733,-0.20972,-0.03995265871,-0.001756767504,-0.2096973037,2.437060231e-05
2.279,-0.03995850549,-0.001821493628,-0.20971,-0.0399498473,-0.001819483374,-0.2096873044,2.437409359e-05
2.28,-0.039955595,-0.001884258028,-0.2097,-0.03994693732,-0.001882194754,-0.2096773051,2.437768097e-05
2.281,-0.03995258592,-0.00194701778,-0.20969,-0.03994392875,-0.001944901487,-0.2096673058,2.438136436e-05
2.282,-0.03994947826,-0.002009772727,-0.20968,-0.03994082162,-0.00200760342,-0.2096573066,2.43851437e-05
2.283,-0.03994627204,-0.002072522716,-0.20967,-0.03993761593,-0.002070300398,-0.2096473073,2.438901891e-05
2.284,-0.03994296724,-0.00213526759,-0.20966,-0.03993431169,-0.002132992267,-0.2096373081,2.439298989e-05
2.285,-0.0399395639,-0.002198007196,-0.20965,-0.0399309089,-0.002195678871,-0.2096273089,2.439705658e-05
2.286,-0.039936062,-0.002260741379,-0.20964,-0.03992740757,-0.002258360056,-0.2096173097,2.440121888e-05
2.287,-0.03993246157,-0.002323469984,-0.20963,-0.03992380772,-0.002321035667,-0.2096073105,2.44054767e-05
2.288,-0.03992876261,-0.002386192856,-0.20962,-0.03992010934,-0.002383705551,-0.2095973114,2.440982997e-05
2.289,-0.03992496513,-0.00244890984,-0.20961,-0.03991631246,-0.002446369551,-0.2095873122,2.441427858e-05
2.29,-0.03992106914,-0.002511620781,-0.2096,-0.03991241707,-0.002509027514,-0.2095773131,2.441882243e-05
2.291,-0.03991707464,-0.002574325526,-0.20959,-0.0399084232,-0.002571679285,-0.209567314,2.442346143e-05
2.292,-0.03991298166,-0.002637023918,-0.20958,-0.03990433084,-0.00263432471,-0.2095573149,2.442819549e-05
2.293,-0.03990879019,-0.002699715804,-0.20957,-0.03990014002,-0.002696963634,-0.2095473158,2.44330245e-05
2.294,-0.03990450025,-0.002762401029,-0.20956,-0.03989585073,-0.002759595903,-0.2095373167,2.443794835e-05
2.295,-0.03990011186,-0.002825079437,-0.20955,-0.03989146299,-0.002822221361,-0.2095273177,2.444296695e-05
2.296,-0.03989562501,-0.002887750875,-0.20954,-0.03988697682,-0.002884839855,-0.2095173187,2.444808017e-05
2.297,-0.03989103972,-0.002950415188,-0.20953,-0.03988239221,-0.00294745123,-0.2095073196,2.445328792e-05
2.298,-0.03988635601,-0.003013072221,-0.20952,-0.03987770919,-0.003010055332,-0.2094973206,2.445859007e-05
2.299,-0.03988157388,-0.00307572182,-0.20951,-0.03987292776,-0.003072652006,-0.2094873217,2.446398652e-05
2.3,-0.03987669335,-0.003138363829,-0.2095,-0.03986804794,-0.003135241098,-0.2094773227,2.446947714e-05
2.301,-0.03987171443,-0.003200998095,-0.20949,-0.03986306974,-0.003197822453,-0.2094673237,2.447506182e-05
2.302,-0.03986663712,-0.003263624463,-0.20948,-0.03985799317,-0.003260395918,-0.2094573248,2.448074043e-05
2.303,-0.03986146145,-0.003326242778,-0.20947,-0.03985281824,-0.003322961337,-0.2094473259,2.448651285e-05
2.304,-0.03985618743,-0.003388852886,-0.20946,-0.03984754497,-0.003385518556,-0.209437327,2.449237896e-05
2.305,-0.03985081506,-0.003451454632,-0.20945,-0.03984217336,-0.003448067422,-0.2094273281,2.449833862e-05
2.306,-0.03984534437,-0.003514047862,-0.20944,-0.03983670344,-0.00351060778,-0.2094173292,2.45043917e-05
2.307,-0.03983977536,-0.003576632422,-0.20943,-0.03983113522,-0.003573139475,-0.2094073303,2.451053807e-05
2.308,-0.03983410805,-0.003639208156,-0.20942,-0.0398254687,-0.003635662353,-0.2093973315,2.45167776e-05
2.309,-0.03982834245,-0.003701774911,-0.20941,-0.03981970391,-0.003698176261,-0.2093873327,2.452311016e-05
2.31,-0.03982247858,-0.003764332533,-0.2094,-0.03981384086,-0.003760681043,-0.2093773338,2.45295356e-05
2.311,-0.03981651646,-0.003826880866,-0.20939,-0.03980787956,-0.003823176546,-0.2093673351,2.453605377e-05
2.312,-0.03981045609,-0.003889419757,-0.20938,-0.03980182002,-0.003885662616,-0.2093573363,2.454266454e-05
2.313,-0.03980429749,-0.003951949051,-0.20937,-0.03979566227,-0.003948139098,-0.2093473375,2.454936776e-05
2.314,-0.03979804068,-0.004014468594,-0.20936,-0.03978940632,-0.004010605838,-0.2093373388,2.455616329e-05
2.315,-0.03979168567,-0.004076978232,-0.20935,-0.03978305217,-0.004073062683,-0.20932734,2.456305098e-05
2.316,-0.03978523248,-0.00413947781,-0.20934,-0.03977659986,-0.004135509478,-0.2093173413,2.457003066e-05
2.317,-0.03977868112,-0.004201967174,-0.20933,-0.03977004939,-0.004197946069,-0.2093073426,2.457710219e-05
2.318,-0.03977203162,-0.004264446171,-0.20932,-0.03976340078,-0.004260372302,-0.2092973439,2.458426541e-05
2.319,-0.03976528398,-0.004326914645,-0.20931,-0.03975665404,-0.004322788023,-0.2092873452,2.459152017e-05
2.32,-0.03975843822,-0.004389372444,-0.2093,-0.0397498092,-0.004385193078,-0.2092773466,2.459886631e-05
2.321,-0.03975149436,-0.004451819412,-0.20929,-0.03974286627,-0.004447587314,-0.2092673479,2.460630367e-05
2.322,-0.03974445242,-0.004514255395,-0.20928,-0.03973582527,-0.004509970576,-0.2092573493,2.461383206e-05
2.323,-0.03973731242,-0.00457668024,-0.20927,-0.03972868621,-0.004572342711,-0.2092473507,2.462145134e-05
2.324,-0.03973007436,-0.004639093792,-0.20926,-0.03972144911,-0.004634703564,-0.2092373521,2.462916133e-05
2.325,-0.03972273828,-0.004701495898,-0.20925,-0.039714114,-0.004697052982,-0.2092273535,2.463696187e-05
2.326,-0.03971530418,-0.004763886404,-0.20924,-0.03970668088,-0.004759390811,-0.209217355,2.464485279e-05
2.327,-0.03970777209,-0.004826265155,-0.20923,-0.03969914978,-0.004821716897,-0.2092073564,2.465283391e-05
2.328,-0.03970014203,-0.004888631998,-0.20922,-0.03969152071,-0.004884031087,-0.2091973579,2.466090505e-05
2.329,-0.03969241401,-0.004950986778,-0.20921,-0.0396837937,-0.004946333226,-0.2091873594,2.466906603e-05
2.33,-0.03968458805,-0.005013329343,-0.2092,-0.03967596876,-0.005008623162,-0.2091773609,2.467731668e-05
2.331,-0.03967666418,-0.005075659537,-0.20919,-0.03966804591,-0.00507090074,-0.2091673624,2.468565682e-05
2.332,-0.0396686424,-0.005137977208,-0.20918,-0.03966002518,-0.005133165807,-0.2091573639,2.469408626e-05
2.333,-0.03966052275,-0.005200282201,-0.20917,-0.03965190657,-0.005195418209,-0.2091473655,2.470260482e-05
2.334,-0.03965230524,-0.005262574364,-0.20916,-0.03964369012,-0.005257657793,-0.209137367,2.47112123e-05
2.335,-0.03964398989,-0.005324853541,-0.20915,-0.03963537584,-0.005319884405,-0.2091273686,2.471990851e-05
2.336,-0.03963557673,-0.00538711958,-0.20914,-0.03962696375,-0.005382097892,-0.2091173702,2.472869329e-05
2.337,-0.03962706577,-0.005449372327,-0.20913,-0.03961845388,-0.0054442981,-0.2091073718,2.473756642e-05
2.338,-0.03961845703,-0.005511611627,-0.20912,-0.03960984624,-0.005506484876,-0.2090973734,2.474652771e-05
2.339,-0.03960975053,-0.005573837329,-0.20911,-0.03960114085,-0.005568658066,-0.2090873751,2.475557696e-05
2.34,-0.03960094631,-0.005636049278,-0.2091,-0.03959233775,-0.005630817517,-0.2090773767,2.476471398e-05
2.341,-0.03959204437,-0.00569824732,-0.20909,-0.03958343694,-0.005692963077,-0.2090673784,2.477393857e-05
2.342,-0.03958304474,-0.005760431302,-0.20908,-0.03957443845,-0.00575509459,-0.2090573801,2.478325052e-05
2.343,-0.03957394745,-0.005822601071,-0.20907,-0.0395653423,-0.005817211905,-0.2090473818,2.479264962e-05
2.344,-0.03956475251,-0.005884756474,-0.20906,-0.03955614852,-0.005879314867,-0.2090373835,2.480213569e-05
2.345,-0.03955545995,-0.005946897356,-0.20905,-0.03954685712,-0.005941403325,-0.2090273852,2.481170851e-05
2.346,-0.03954606979,-0.006009023565,-0.20904,-0.03953746814,-0.006003477124,-0.209017387,2.482136787e-05
2.347,-0.03953658205,-0.006071134947,-0.20903,-0.03952798159,-0.006065536111,-0.2090073887,2.483111355e-05
2.348,-0.03952699676,-0.006133231349,-0.20902,-0.0395183975,-0.006127580134,-0.2089973905,2.484094534e-05
2.349,-0.03951731395,-0.006195312619,-0.20901,-0.03950871589,-0.006189609039,-0.2089873923,2.485086305e-05
2.35,-0.03950753362,-0.006257378602,-0.209,-0.03949893678,-0.006251622674,-0.2089773941,2.486086644e-05
2.351,-0.03949765582,-0.006319429145,-0.20899,-0.0394890602,-0.006313620885,-0.2089673959,2.487095529e-05
2.352,-0.03948768056,-0.006381464096,-0.20898,-0.03947908618,-0.006375603519,-0.2089573978,2.48811294e-05
2.353,-0.03947760787,-0.006443483301,-0.20897,-0.03946901473,-0.006437570424,-0.2089473996,2.489138853e-05
2.354,-0.03946743777,-0.006505486608,-0.20896,-0.03945884589,-0.006499521447,-0.2089374015,2.490173248e-05
2.355,-0.03945717029,-0.006567473863,-0.20895,-0.03944857967,-0.006561456435,-0.2089274034,2.4912161e-05
2.356,-0.03944680545,-0.006629444913,-0.20894,-0.03943821611,-0.006623375235,-0.2089174053,2.492267389e-05
2.357,-0.03943634328,-0.006691399606,-0.20893,-0.03942775523,-0.006685277694,-0.2089074072,2.49332709e-05
2.358,-0.03942578381,-0.006753337789,-0.20892,-0.03941719705,-0.00674716366,-0.2088974091,2.494395182e-05
2.359,-0.03941512705,-0.006815259308,-0.20891,-0.0394065416,-0.00680903298,-0.208887411,2.49547164e-05
2.36,-0.03940437305,-0.006877164011,-0.2089,-0.0393957889,-0.006870885502,-0.208877413,2.496556443e-05
2.361,-0.03939352181,-0.006939051746,-0.20889,-0.03938493899,-0.006932721072,-0.208867415,2.497649566e-05
2.362,-0.03938257338,-0.007000922359,-0.20888,-0.03937399189,-0.006994539539,-0.208857417,2.498750987e-05
2.363,-0.03937152778,-0.007062775698,-0.20887,-0.03936294763,-0.007056340749,-0.208847419,2.499860681e-05
2.364,-0.03936038503,-0.007124611611,-0.20886,-0.03935180623,-0.007118124551,-0.208837421,2.500978624e-05
2.365,-0.03934914516,-0.007186429944,-0.20885,-0.03934056773,-0.007179890792,-0.208827423,2.502104793e-05
2.366,-0.0393378082,-0.007248230545,-0.20884,-0.03932923214,-0.00724163932,-0.2088174251,2.503239164e-05
2.367,-0.03932637418,-0.007310013262,-0.20883,-0.0393177995,-0.007303369982,-0.2088074271,2.504381712e-05
2.368,-0.03931484313,-0.007371777942,-0.20882,-0.03930626984,-0.007365082626,-0.2087974292,2.505532413e-05
2.369,-0.03930321507,-0.007433524434,-0.20881,-0.03929464318,-0.0074267771,-0.2087874313,2.506691243e-05
2.37,-0.03929149003,-0.007495252583,-0.2088,-0.03928291955,-0.007488453251,-0.2087774334,2.507858177e-05
2.371,-0.03927966804,-0.007556962239,-0.20879,-0.03927109898,-0.007550110929,-0.2087674355,2.509033189e-05
2.372,-0.03926774914,-0.007618653249,-0.20878,-0.03925918151,-0.007611749979,-0.2087574377,2.510216255e-05
2.373,-0.03925573335,-0.007680325461,-0.20877,-0.03924716715,-0.007673370251,-0.2087474398,2.511407351e-05
2.374,-0.0392436207,-0.007741978722,-0.20876,-0.03923505595,-0.007734971592,-0.208737442,2.512606451e-05
2.375,-0.03923141122,-0.007803612881,-0.20875,-0.03922284792,-0.007796553851,-0.2087274442,2.513813528e-05
2.376,-0.03921910493,-0.007865227785,-0.20874,-0.0392105431,-0.007858116875,-0.2087174464,2.515028559e-05
2.377,-0.03920670188,-0.007926823282,-0.20873,-0.03919814153,-0.007919660513,-0.2087074486,2.516251518e-05
2.378,-0.0391942021,-0.007988399221,-0.20872,-0.03918564322,-0.007981184613,-0.2086974508,2.517482377e-05
2.379,-0.0391816056,-0.008049955449,-0.20871,-0.03917304822,-0.008042689023,-0.208687453,2.518721112e-05
2.38,-0.03916891242,-0.008111491814,-0.2087,-0.03916035655,-0.008104173592,-0.2086774553,2.519967697e-05
2.381,-0.03915612261,-0.008173008166,-0.20869,-0.03914756824,-0.008165638167,-0.2086674576,2.521222106e-05
2.382,-0.03914323617,-0.008234504351,-0.20868,-0.03913468333,-0.008227082597,-0.2086574598,2.522484311e-05
2.383,-0.03913025316,-0.008295980218,-0.20867,-0.03912170184,-0.008288506731,-0.2086474621,2.523754288e-05
2.384,-0.03911717359,-0.008357435616,-0.20866,-0.03910862382,-0.008349910416,-0.2086374644,2.525032009e-05
2.385,-0.03910399751,-0.008418870393,-0.20865,-0.03909544928,-0.008411293503,-0.2086274668,2.526317447e-05
2.386,-0.03909072494,-0.008480284397,-0.20864,-0.03908217827,-0.008472655838,-0.2086174691,2.527610577e-05
2.387,-0.03907735592,-0.008541677477,-0.20863,-0.03906881082,-0.008533997271,-0.2086074715,2.528911372e-05
2.388,-0.03906389048,-0.008603049481,-0.20862,-0.03905534695,-0.008595317651,-0.2085974738,2.530219803e-05
2.389,-0.03905032866,-0.008664400258,-0.20861,-0.03904178671,-0.008656616826,-0.2085874762,2.531535844e-05
2.39,-0.03903667048,-0.008725729656,-0.2086,-0.03902813012,-0.008717894645,-0.2085774786,2.532859468e-05
2.391,-0.03902291598,-0.008787037524,-0.20859,-0.03901437723,-0.008779150957,-0.208567481,2.534190647e-05
2.392,-0.0390090652,-0.008848323712,-0.20858,-0.03900052806,-0.00884038561,-0.2085574835,2.535529355e-05
2.393,-0.03899511816,-0.008909588067,-0.20857,-0.03898658264,-0.008901598455,-0.2085474859,2.536875564e-05
2.394,-0.03898107491,-0.008970830438,-0.20856,-0.03897254102,-0.008962789339,-0.2085374884,2.538229245e-05
2.395,-0.03896693548,-0.009032050675,-0.20855,-0.03895840323,-0.009023958111,-0.2085274908,2.539590371e-05
2.396,-0.0389526999,-0.009093248626,-0.20854,-0.03894416929,-0.009085104622,-0.2085174933,2.540958914e-05
2.397,-0.03893836821,-0.00915442414,-0.20853,-0.03892983926,-0.009146228719,-0.2085074958,2.542334847e-05
2.398,-0.03892394044,-0.009215577067,-0.20852,-0.03891541316,-0.009207330253,-0.2084974983,2.543718141e-05
2.399,-0.03890941663,-0.009276707255,-0.20851,-0.03890089102,-0.009268409073,-0.2084875008,2.545108768e-05
2.4,-0.03889479682,-0.009337814554,-0.2085,-0.03888627289,-0.009329465027,-0.2084775034,2.546506701e-05
2.401,-0.03888008103,-0.009398898813,-0.20849,-0.0388715588,-0.009390497966,-0.2084675059,2.547911909e-05
2.402,-0.03886526932,-0.009459959881,-0.20848,-0.03885674878,-0.009451507738,-0.2084575085,2.549324365e-05
2.403,-0.0388503617,-0.009520997607,-0.20847,-0.03884184288,-0.009512494194,-0.2084475111,2.55074404e-05
2.404,-0.03883535823,-0.009582011842,-0.20846,-0.03882684112,-0.009573457182,-0.2084375137,2.552170907e-05
2.405,-0.03882025894,-0.009643002433,-0.20845,-0.03881174355,-0.009634396553,-0.2084275163,2.553604935e-05
2.406,-0.03880506386,-0.009703969232,-0.20844,-0.03879655021,-0.009695312155,-0.2084175189,2.555046097e-05
2.407,-0.03878977303,-0.009764912087,-0.20843,-0.03878126112,-0.00975620384,-0.2084075216,2.556494363e-05
2.408,-0.0387743865,-0.009825830848,-0.20842,-0.03876587634,-0.009817071456,-0.2083975242,2.557949703e-05
2.409,-0.03875890429,-0.009886725364,-0.20841,-0.03875039589,-0.009877914854,-0.2083875269,2.559412091e-05
2.41,-0.03874332645,-0.009947595487,-0.2084,-0.03873481982,-0.009938733883,-0.2083775296,2.560881495e-05
2.411,-0.03872765301,-0.01000844106,-0.20839,-0.03871914816,-0.009999528393,-0.2083675323,2.562357886e-05
2.412,-0.03871188401,-0.01006926195,-0.20838,-0.03870338095,-0.01006029824,-0.208357535,2.563841235e-05
2.413,-0.0386960195,-0.01013005798,-0.20837,-0.03868751823,-0.01012104326,-0.2083475377,2.565331514e-05
2.414,-0.03868005951,-0.01019082903,-0.20836,-0.03867156004,-0.01018176331,-0.2083375404,2.566828691e-05
2.415,-0.03866400408,-0.01025157493,-0.20835,-0.03865550642,-0.01024245825,-0.2083275432,2.568332739e-05
2.416,-0.03864785325,-0.01031229553,-0.20834,-0.03863935741,-0.01030312792,-0.2083175459,2.569843626e-05
2.417,-0.03863160706,-0.01037299069,-0.20833,-0.03862311305,-0.01036377217,-0.2083075487,2.571361324e-05
2.418,-0.03861526555,-0.01043366025,-0.20832,-0.03860677338,-0.01042439086,-0.2082975515,2.572885802e-05
2.419,-0.03859882877,-0.01049430407,-0.20831,-0.03859033844,-0.01048498382,-0.2082875543,2.57441703e-05
2.42,-0.03858229674,-0.010554922,-0.2083,-0.03857380826,-0.01054555092,-0.2082775571,2.575954978e-05
2.421,-0.03856566951,-0.01061551388,-0.20829,-0.0385571829,-0.01060609201,-0.2082675599,2.577499617e-05
2.422,-0.03854894713,-0.01067607957,-0.20828,-0.03854046239,-0.01066660693,-0.2082575628,2.579050917e-05
2.423,-0.03853212963,-0.01073661892,-0.20827,-0.03852364677,-0.01072709554,-0.2082475656,2.580608847e-05
2.424,-0.03851521706,-0.01079713178,-0.20826,-0.03850673608,-0.01078755768,-0.2082375685,2.582173376e-05
2.425,-0.03849820946,-0.01085761799,-0.20825,-0.03848973037,-0.01084799321,-0.2082275714,2.583744475e-05
2.426,-0.03848110686,-0.01091807742,-0.20824,-0.03847262968,-0.01090840198,-0.2082175743,2.585322113e-05
2.427,-0.03846390932,-0.01097850991,-0.20823,-0.03845543404,-0.01096878384,-0.2082075772,2.58690626e-05
2.428,-0.03844661687,-0.01103891531,-0.20822,-0.03843814351,-0.01102913864,-0.2081975801,2.588496885e-05
2.429,-0.03842922956,-0.01109929347,-0.20821,-0.03842075812,-0.01108946623,-0.2081875831,2.590093957e-05
2.43,-0.03841174743,-0.01115964424,-0.2082,-0.03840327793,-0.01114976647,-0.208177586,2.591697447e-05
2.431,-0.03839417052,-0.01121996748,-0.20819,-0.03838570296,-0.01121003919,-0.208167589,2.593307322e-05
2.432,-0.03837649887,-0.01128026304,-0.20818,-0.03836803326,-0.01127028427,-0.208157592,2.594923553e-05
2.433,-0.03835873254,-0.01134053076,-0.20817,-0.03835026889,-0.01133050154,-0.2081475949,2.596546109e-05
2.434,-0.03834087156,-0.0114007705,-0.20816,-0.03833240987,-0.01139069086,-0.2081375979,2.598174959e-05
2.435,-0.03832291598,-0.01146098211,-0.20815,-0.03831445626,-0.01145085207,-0.208127601,2.599810072e-05
2.436,-0.03830486584,-0.01152116544,-0.20814,-0.03829640811,-0.01151098504,-0.208117604,2.601451417e-05
2.437,-0.03828672118,-0.01158132034,-0.20813,-0.03827826544,-0.01157108961,-0.208107607,2.603098963e-05
2.438,-0.03826848206,-0.01164144667,-0.20812,-0.03826002831,-0.01163116564,-0.2080976101,2.604752679e-05
2.439,-0.03825014852,-0.01170154428,-0.20811,-0.03824169677,-0.01169121297,-0.2080876132,2.606412533e-05
2.44,-0.03823172059,-0.01176161301,-0.2081,-0.03822327086,-0.01175123147,-0.2080776162,2.608078495e-05
2.441,-0.03821319833,-0.01182165272,-0.20809,-0.03820475062,-0.01181122097,-0.2080676193,2.609750533e-05
2.442,-0.03819458179,-0.01188166326,-0.20808,-0.0381861361,-0.01187118133,-0.2080576224,2.611428617e-05
2.443,-0.038175871,-0.01194164449,-0.20807,-0.03816742735,-0.01193111241,-0.2080476256,2.613112716e-05
2.444,-0.03815706602,-0.01200159625,-0.20806,-0.03814862441,-0.01199101406,-0.2080376287,2.614802796e-05
2.445,-0.03813816689,-0.0120615184,-0.20805,-0.03812972733,-0.01205088612,-0.2080276318,2.616498828e-05
2.446,-0.03811917366,-0.01212141079,-0.20804,-0.03811073616,-0.01211072846,-0.208017635,2.618200779e-05
2.447,-0.03810008637,-0.01218127326,-0.20803,-0.03809165094,-0.01217054091,-0.2080076382,2.619908619e-05
2.448,-0.03808090508,-0.01224110569,-0.20802,-0.03807247171,-0.01223032335,-0.2079976413,2.621622315e-05
2.449,-0.03806162982,-0.01230090791,-0.20801,-0.03805319854,-0.01229007561,-0.2079876445,2.623341836e-05
2.45,-0.03804226065,-0.01236067977,-0.208,-0.03803383145,-0.01234979756,-0.2079776477,2.625067152e-05
2.451,-0.03802279762,-0.01242042114,-0.20799,-0.03801437051,-0.01240948903,-0.207967651,2.62679823e-05
2.452,-0.03800324076,-0.01248013187,-0.20798,-0.03799481576,-0.0124691499,-0.2079576542,2.62853504e-05
2.453,-0.03798359014,-0.0125398118,-0.20797,-0.03797516725,-0.01252878,-0.2079476574,2.630277547e-05
2.454,-0.0379638458,-0.01259946079,-0.20796,-0.03795542502,-0.0125883792,-0.2079376607,2.632025721e-05
2.455,-0.03794400779,-0.01265907869,-0.20795,-0.03793558913,-0.01264794734,-0.207927664,2.633779532e-05
2.456,-0.03792407615,-0.01271866535,-0.20794,-0.03791565963,-0.01270748428,-0.2079176672,2.635538946e-05
2.457,-0.03790405094,-0.01277822064,-0.20793,-0.03789563655,-0.01276698987,-0.2079076705,2.637303934e-05
2.458,-0.0378839322,-0.01283774439,-0.20792,-0.03787551996,-0.01282646397,-0.2078976738,2.639074461e-05
2.459,-0.03786371999,-0.01289723647,-0.20791,-0.0378553099,-0.01288590642,-0.2078876772,2.640850496e-05
2.46,-0.03784341435,-0.01295669673,-0.2079,-0.03783500642,-0.01294531709,-0.2078776805,2.642632007e-05
2.461,-0.03782301534,-0.01301612502,-0.20789,-0.03781460958,-0.01300469581,-0.2078676838,2.644418964e-05
2.462,-0.03780252301,-0.01307552119,-0.20788,-0.03779411942,-0.01306404246,-0.2078576872,2.646211333e-05
2.463,-0.0377819374,-0.01313488509,-0.20787,-0.03777353599,-0.01312335688,-0.2078476905,2.648009084e-05
2.464,-0.03776125857,-0.01319421659,-0.20786,-0.03775285934,-0.01318263893,-0.2078376939,2.649812185e-05
2.465,-0.03774048656,-0.01325351554,-0.20785,-0.03773208953,-0.01324188845,-0.2078276973,2.651620602e-05
2.466,-0.03771962144,-0.01331278178,-0.20784,-0.03771122661,-0.01330110531,-0.2078177007,2.653434304e-05
2.467,-0.03769866324,-0.01337201518,-0.20783,-0.03769027062,-0.01336028935,-0.2078077041,2.655253259e-05
2.468,-0.03767761203,-0.01343121558,-0.20782,-0.03766922162,-0.01341944044,-0.2077977076,2.657077436e-05
2.469,-0.03765646785,-0.01349038284,-0.20781,-0.03764807966,-0.01347855842,-0.207787711,2.658906803e-05
2.47,-0.03763523076,-0.01354951681,-0.2078,-0.0376268448,-0.01353764315,-0.2077777144,2.660741327e-05
2.471,-0.03761390081,-0.01360861735,-0.20779,-0.03760551708,-0.01359669448,-0.2077677179,2.662580977e-05
2.472,-0.03759247804,-0.01366768432,-0.20778,-0.03758409656,-0.01365571227,-0.2077577214,2.664425719e-05
2.473,-0.03757096253,-0.01372671756,-0.20777,-0.03756258329,-0.01371469638,-0.2077477249,2.666275524e-05
2.474,-0.03754935431,-0.01378571693,-0.20776,-0.03754097732,-0.01377364665,-0.2077377283,2.668130357e-05
2.475,-0.03752765344,-0.01384468228,-0.20775,-0.03751927872,-0.01383256294,-0.2077277319,2.669990188e-05
2.476,-0.03750585997,-0.01390361348,-0.20774,-0.03749748752,-0.01389144511,-0.2077177354,2.671854983e-05
2.477,-0.03748397396,-0.01396251037,-0.20773,-0.03747560379,-0.013950293,-0.2077077389,2.673724712e-05
2.478,-0.03746199547,-0.01402137281,-0.20772,-0.03745362757,-0.01400910649,-0.2076977424,2.675599342e-05
2.479,-0.03743992454,-0.01408020065,-0.20771,-0.03743155893,-0.01406788541,-0.207687746,2.677478842e-05
2.48,-0.03741776123,-0.01413899375,-0.2077,-0.03740939791,-0.01412662963,-0.2076777496,2.679363178e-05
2.481,-0.0373955056,-0.01419775197,-0.20769,-0.03738714458,-0.014185339,-0.2076677531,2.681252319e-05
2.482,-0.0373731577,-0.01425647515,-0.20768,-0.03736479898,-0.01424401338,-0.2076577567,2.683146233e-05
2.483,-0.03735071758,-0.01431516316,-0.20767,-0.03734236118,-0.01430265261,-0.2076477603,2.685044889e-05
2.484,-0.03732818531,-0.01437381584,-0.20766,-0.03731983122,-0.01436125657,-0.2076377639,2.686948253e-05
2.485,-0.03730556093,-0.01443243306,-0.20765,-0.03729720917,-0.01441982509,-0.2076277675,2.688856294e-05
2.486,-0.0372828445,-0.01449101467,-0.20764,-0.03727449507,-0.01447835805,-0.2076177712,2.690768979e-05
2.487,-0.03726003608,-0.01454956052,-0.20763,-0.03725168899,-0.01453685528,-0.2076077748,2.692686278e-05
2.488,-0.03723713572,-0.01460807048,-0.20762,-0.03722879097,-0.01459531665,-0.2075977785,2.694608156e-05
2.489,-0.03721414349,-0.01466654439,-0.20761,-0.03720580109,-0.01465374202,-0.2075877821,2.696534584e-05
2.49,-0.03719105944,-0.01472498211,-0.2076,-0.03718271939,-0.01471213124,-0.2075777858,2.698465529e-05
2.491,-0.03716788361,-0.0147833835,-0.20759,-0.03715954593,-0.01477048416,-0.2075677895,2.700400957e-05
2.492,-0.03714461609,-0.01484174841,-0.20758,-0.03713628077,-0.01482880065,-0.2075577932,2.702340839e-05
2.493,-0.03712125691,-0.0149000767,-0.20757,-0.03711292396,-0.01488708056,-0.2075477969,2.704285142e-05
2.494,-0.03709780613,-0.01495836823,-0.20756,-0.03708947557,-0.01494532374,-0.2075378006,2.706233834e-05
2.495,-0.03707426383,-0.01501662285,-0.20755,-0.03706593564,-0.01500353005,-0.2075278043,2.708186881e-05
2.496,-0.03705063004,-0.01507484042,-0.20754,-0.03704230425,-0.01506169934,-0.2075178081,2.710144254e-05
2.497,-0.03702690484,-0.01513302079,-0.20753,-0.03701858144,-0.01511983148,-0.2075078118,2.712105919e-05
2.498,-0.03700308827,-0.01519116382,-0.20752,-0.03699476728,-0.01517792633,-0.2074978156,2.714071846e-05
2.499,-0.03697918041,-0.01524926937,-0.20751,-0.03697086182,-0.01523598373,-0.2074878194,2.716042001e-05
2.5,-0.0369551813,-0.01530733729,-0.2075,-0.03694686513,-0.01529400354,-0.2074778231,2.718016354e-05
2.501,-0.03693109101,-0.01536536745,-0.20749,-0.03692277726,-0.01535198562,-0.2074678269,2.719994873e-05
2.502,-0.03690690959,-0.01542335969,-0.20748,-0.03689859827,-0.01540992983,-0.2074578307,2.721977525e-05
2.503,-0.03688263712,-0.01548131388,-0.20747,-0.03687432822,-0.01546783603,-0.2074478345,2.723964279e-05
2.504,-0.03685827363,-0.01553922987,-0.20746,-0.03684996717,-0.01552570407,-0.2074378384,2.725955103e-05
2.505,-0.03683381921,-0.01559710751,-0.20745,-0.03682551518,-0.0155835338,-0.2074278422,2.727949965e-05
2.506,-0.03680927389,-0.01565494667,-0.20744,-0.03680097232,-0.0156413251,-0.207417846,2.729948833e-05
2.507,-0.03678463776,-0.01571274721,-0.20743,-0.03677633864,-0.0156990778,-0.2074078499,2.731951674e-05
2.508,-0.03675991086,-0.01577050897,-0.20742,-0.0367516142,-0.01575679178,-0.2073978537,2.73395846e-05
2.509,-0.03673509327,-0.01582823183,-0.20741,-0.03672679906,-0.01581446689,-0.2073878576,2.735969157e-05
2.51,-0.03671018503,-0.01588591563,-0.2074,-0.03670189329,-0.01587210298,-0.2073778615,2.737983734e-05
2.511,-0.03668518621,-0.01594356023,-0.20739,-0.03667689695,-0.01592969992,-0.2073678654,2.740002159e-05
2.512,-0.03666009688,-0.01600116549,-0.20738,-0.03665181009,-0.01598725756,-0.2073578693,2.7420244e-05
2.513,-0.03663491709,-0.01605873127,-0.20737,-0.03662663279,-0.01604477577,-0.2073478732,2.744050426e-05
2.514,-0.0366096469,-0.01611625743,-0.20736,-0.0366013651,-0.01610225439,-0.2073378771,2.746080205e-05
2.515,-0.03658428639,-0.01617374382,-0.20735,-0.03657600708,-0.01615969328,-0.207327881,2.748113706e-05
2.516,-0.03655883561,-0.01623119031,-0.20734,-0.0365505588,-0.01621709232,-0.207317885,2.750150896e-05
2.517,-0.03653329462,-0.01628859674,-0.20733,-0.03652502031,-0.01627445134,-0.2073078889,2.752191745e-05
2.518,-0.0365076635,-0.01634596299,-0.20732,-0.03649939169,-0.01633177022,-0.2072978929,2.754236222e-05
2.519,-0.03648194229,-0.0164032889,-0.20731,-0.036473673,-0.01638904881,-0.2072878969,2.756284295e-05
2.52,-0.03645613107,-0.01646057434,-0.2073,-0.0364478643,-0.01644628696,-0.2072779008,2.758335933e-05
2.521,-0.03643022989,-0.01651781917,-0.20729,-0.03642196565,-0.01650348455,-0.2072679048,2.760391104e-05
2.522,-0.03640423883,-0.01657502324,-0.20728,-0.03639597711,-0.01656064142,-0.2072579088,2.762449777e-05
2.523,-0.03637815794,-0.01663218641,-0.20727,-0.03636989876,-0.01661775744,-0.2072479128,2.764511921e-05
2.524,-0.03635198729,-0.01668930855,-0.20726,-0.03634373065,-0.01667483246,-0.2072379168,2.766577504e-05
2.525,-0.03632572695,-0.0167463895,-0.20725,-0.03631747286,-0.01673186635,-0.2072279209,2.768646496e-05
2.526,-0.03629937698,-0.01680342914,-0.20724,-0.03629112543,-0.01678885896,-0.2072179249,2.770718865e-05
2.527,-0.03627293745,-0.01686042731,-0.20723,-0.03626468845,-0.01684581016,-0.2072079289,2.772794579e-05
2.528,-0.03624640841,-0.01691738388,-0.20722,-0.03623816197,-0.01690271979,-0.207197933,2.774873609e-05
2.529,-0.03621978994,-0.01697429871,-0.20721,-0.03621154606,-0.01695958773,-0.207187937,2.776955922e-05
2.53,-0.0361930821,-0.01703117166,-0.2072,-0.03618484079,-0.01701641383,-0.2071779411,2.779041489e-05
2.531,-0.03616628496,-0.01708800259,-0.20719,-0.03615804622,-0.01707319795,-0.2071679452,2.781130278e-05
2.532,-0.03613939858,-0.01714479135,-0.20718,-0.03613116242,-0.01712993995,-0.2071579493,2.783222258e-05
2.533,-0.03611242303,-0.01720153781,-0.20717,-0.03610418945,-0.0171866397,-0.2071479534,2.785317398e-05
2.534,-0.03608535837,-0.01725824183,-0.20716,-0.03607712738,-0.01724329704,-0.2071379575,2.787415668e-05
2.535,-0.03605820468,-0.01731490326,-0.20715,-0.03604997628,-0.01729991185,-0.2071279616,2.789517036e-05
2.536,-0.03603096202,-0.01737152197,-0.20714,-0.03602273621,-0.01735648398,-0.2071179657,2.791621472e-05
2.537,-0.03600363046,-0.01742809782,-0.20713,-0.03599540725,-0.01741301329,-0.2071079698,2.793728945e-05
2.538,-0.03597621006,-0.01748463067,-0.20712,-0.03596798945,-0.01746949965,-0.207097974,2.795839425e-05
2.539,-0.0359487009,-0.01754112037,-0.20711,-0.03594048289,-0.01752594291,-0.2070879781,2.797952882e-05
2.54,-0.03592110303,-0.01759756679,-0.2071,-0.03591288764,-0.01758234293,-0.2070779823,2.800069283e-05
2.541,-0.03589341653,-0.0176539698,-0.20709,-0.03588520375,-0.01763869958,-0.2070679864,2.802188599e-05
2.542,-0.03586564147,-0.01771032924,-0.20708,-0.03585743131,-0.01769501272,-0.2070579906,2.804310799e-05
2.543,-0.03583777792,-0.01776664499,-0.20707,-0.03582957038,-0.0177512822,-0.2070479948,2.806435854e-05
2.544,-0.03580982593,-0.0178229169,-0.20706,-0.03580162102,-0.01780750789,-0.207037999,2.808563732e-05
2.545,-0.03578178559,-0.01787914483,-0.20705,-0.03577358332,-0.01786368965,-0.2070280032,2.810694404e-05
2.546,-0.03575365697,-0.01793532864,-0.20704,-0.03574545732,-0.01791982734,-0.2070180074,2.812827839e-05
2.547,-0.03572544012,-0.01799146821,-0.20703,-0.03571724312,-0.01797592083,-0.2070080116,2.814964006e-05
2.548,-0.03569713512,-0.01804756338,-0.20702,-0.03568894077,-0.01803196997,-0.2069980158,2.817102876e-05
2.549,-0.03566874205,-0.01810361402,-0.20701,-0.03566055034,-0.01808797462,-0.20698802,2.81924442e-05
2.55,-0.03564026097,-0.01815961999,-0.207,-0.03563207191,-0.01814393465,-0.2069780243,2.821388605e-05
2.551,-0.03561169195,-0.01821558115,-0.20699,-0.03560350554,-0.01819984993,-0.2069680285,2.823535402e-05
2.552,-0.03558303506,-0.01827149737,-0.20698,-0.03557485131,-0.0182557203,-0.2069580328,2.825684783e-05
2.553,-0.03555429037,-0.01832736851,-0.20697,-0.03554610928,-0.01831154564,-0.206948037,2.827836716e-05
2.554,-0.03552545795,-0.01838319442,-0.20696,-0.03551727954,-0.01836732581,-0.2069380413,2.829991171e-05
2.555,-0.03549653788,-0.01843897498,-0.20695,-0.03548836213,-0.01842306066,-0.2069280456,2.83214812e-05
2.556,-0.03546753023,-0.01849471004,-0.20694,-0.03545935715,-0.01847875006,-0.2069180498,2.834307532e-05
2.557,-0.03543843506,-0.01855039947,-0.20693,-0.03543026466,-0.01853439388,-0.2069080541,2.836469377e-05
2.558,-0.03540925245,-0.01860604312,-0.20692,-0.03540108474,-0.01858999198,-0.2068980584,2.838633625e-05
2.559,-0.03537998248,-0.01866164087,-0.20691,-0.03537181745,-0.01864554421,-0.2068880627,2.840800249e-05
2.56,-0.0353506252,-0.01871719257,-0.2069,-0.03534246286,-0.01870105045,-0.206878067,2.842969218e-05
2.561,-0.03532118071,-0.01877269809,-0.20689,-0.03531302105,-0.01875651055,-0.2068680713,2.845140501e-05
2.562,-0.03529164906,-0.01882815729,-0.20688,-0.0352834921,-0.01881192438,-0.2068580757,2.84731407e-05
2.563,-0.03526203033,-0.01888357003,-0.20687,-0.03525387607,-0.0188672918,-0.20684808,2.849489897e-05
2.564,-0.0352323246,-0.01893893618,-0.20686,-0.03522417304,-0.01892261268,-0.2068380843,2.85166795e-05
2.565,-0.03520253193,-0.01899425559,-0.20685,-0.03519438308,-0.01897788688,-0.2068280887,2.853848201e-05
2.566,-0.03517265241,-0.01904952815,-0.20684,-0.03516450626,-0.01903311426,-0.206818093,2.856030621e-05
2.567,-0.0351426861,-0.0191047537,-0.20683,-0.03513454266,-0.01908829468,-0.2068080974,2.858215181e-05
2.568,-0.03511263308,-0.01915993211,-0.20682,-0.03510449236,-0.01914342802,-0.2067981017,2.860401851e-05
2.569,-0.03508249342,-0.01921506324,-0.20681,-0.03507435542,-0.01919851412,-0.2067881061,2.862590603e-05
2.57,-0.0350522672,-0.01927014696,-0.2068,-0.03504413192,-0.01925355287,-0.2067781105,2.864781408e-05
2.571,-0.03502195449,-0.01932518314,-0.20679,-0.03501382194,-0.01930854412,-0.2067681149,2.866974237e-05
2.572,-0.03499155537,-0.01938017163,-0.20678,-0.03498342554,-0.01936348774,-0.2067581193,2.869169061e-05
2.573,-0.03496106991,-0.01943511231,-0.20677,-0.03495294281,-0.01941838358,-0.2067481237,2.871365851e-05
2.574,-0.03493049819,-0.01949000503,-0.20676,-0.03492237382,-0.01947323152,-0.2067381281,2.873564579e-05
2.575,-0.03489984028,-0.01954484966,-0.20675,-0.03489171865,-0.01952803143,-0.2067281325,2.875765215e-05
2.576,-0.03486909626,-0.01959964607,-0.20674,-0.03486097737,-0.01958278315,-0.2067181369,2.877967732e-05
2.577,-0.0348382662,-0.01965439411,-0.20673,-0.03483015005,-0.01963748657,-0.2067081413,2.880172101e-05
2.578,-0.03480735019,-0.01970909366,-0.20672,-0.03479923678,-0.01969214154,-0.2066981457,2.882378293e-05
2.579,-0.03477634829,-0.01976374458,-0.20671,-0.03476823763,-0.01974674793,-0.2066881502,2.884586281e-05
2.58,-0.03474526058,-0.01981834674,-0.2067,-0.03473715267,-0.01980130561,-0.2066781546,2.886796035e-05
2.581,-0.03471408714,-0.01987289999,-0.20669,-0.03470598198,-0.01985581444,-0.2066681591,2.889007528e-05
2.582,-0.03468282805,-0.01992740421,-0.20668,-0.03467472565,-0.01991027428,-0.2066581635,2.891220732e-05
2.583,-0.03465148338,-0.01998185927,-0.20667,-0.03464338373,-0.01996468501,-0.206648168,2.893435617e-05
2.584,-0.03462005321,-0.02003626501,-0.20666,-0.03461195633,-0.02001904648,-0.2066381724,2.895652157e-05
2.585,-0.03458853762,-0.02009062133,-0.20665,-0.0345804435,-0.02007335857,-0.2066281769,2.897870323e-05
2.586,-0.03455693669,-0.02014492807,-0.20664,-0.03454884533,-0.02012762114,-0.2066181814,2.900090087e-05
2.587,-0.03452525049,-0.0201991851,-0.20663,-0.0345171619,-0.02018183405,-0.2066081859,2.902311422e-05
2.588,-0.0344934791,-0.02025339229,-0.20662,-0.03448539329,-0.02023599718,-0.2065981903,2.904534299e-05
2.589,-0.03446162261,-0.02030754952,-0.20661,-0.03445353957,-0.02029011038,-0.2065881948,2.906758691e-05
2.59,-0.03442968108,-0.02036165663,-0.2066,-0.03442160082,-0.02034417353,-0.2065781993,2.908984572e-05
2.591,-0.0343976546,-0.0204157135,-0.20659,-0.03438957712,-0.02039818649,-0.2065682038,2.911211912e-05
2.592,-0.03436554325,-0.02046972,-0.20658,-0.03435746855,-0.02045214913,-0.2065582083,2.913440684e-05
2.593,-0.03433334711,-0.020523676,-0.20657,-0.03432527518,-0.02050606131,-0.2065482128,2.915670861e-05
2.594,-0.03430106625,-0.02057758135,-0.20656,-0.03429299711,-0.0205599229,-0.2065382174,2.917902414e-05
2.595,-0.03426870075,-0.02063143593,-0.20655,-0.0342606344,-0.02061373378,-0.2065282219,2.920135318e-05
2.596,-0.03423625071,-0.02068523961,-0.20654,-0.03422818715,-0.0206674938,-0.2065182264,2.922369545e-05
2.597,-0.03420371618,-0.02073899224,-0.20653,-0.03419565542,-0.02072120283,-0.2065082309,2.924605068e-05
2.598,-0.03417109727,-0.0207926937,-0.20652,-0.03416303929,-0.02077486074,-0.2064982355,2.92684186e-05
2.599,-0.03413839404,-0.02084634386,-0.20651,-0.03413033886,-0.02082846741,-0.20648824,2.929079893e-05
2.6,-0.03410560657,-0.02089994259,-0.2065,-0.03409755419,-0.02088202269,-0.2064782446,2.931319141e-05
2.601,-0.03407273496,-0.02095348974,-0.20649,-0.03406468538,-0.02093552645,-0.2064682491,2.933559577e-05
2.602,-0.03403977927,-0.0210069852,-0.20648,-0.03403173249,-0.02098897857,-0.2064582537,2.935801173e-05
2.603,-0.0340067396,-0.02106042882,-0.20647,-0.03399869562,-0.02104237891,-0.2064482582,2.938043904e-05
2.604,-0.03397361601,-0.02111382048,-0.20646,-0.03396557484,-0.02109572733,-0.2064382628,2.940287743e-05
2.605,-0.0339404086,-0.02116716004,-0.20645,-0.03393237024,-0.02114902372,-0.2064282673,2.942532662e-05
2.606,-0.03390711744,-0.02122044737,-0.20644,-0.03389908189,-0.02120226792,-0.2064182719,2.944778635e-05
2.607,-0.03387374263,-0.02127368235,-0.20643,-0.03386570989,-0.02125545983,-0.2064082765,2.947025637e-05
2.608,-0.03384028423,-0.02132686483,-0.20642,-0.0338322543,-0.02130859929,-0.2063982811,2.94927364e-05
2.609,-0.03380674233,-0.02137999469,-0.20641,-0.03379871522,-0.02136168619,-0.2063882857,2.951522618e-05
2.61,-0.03377311702,-0.0214330718,-0.2064,-0.03376509273,-0.02141472039,-0.2063782902,2.953772546e-05
2.611,-0.03373940838,-0.02148609602,-0.20639,-0.0337313869,-0.02146770176,-0.2063682948,2.956023397e-05
2.612,-0.03370561649,-0.02153906723,-0.20638,-0.03369759783,-0.02152063017,-0.2063582994,2.958275145e-05
2.613,-0.03367174143,-0.0215919853,-0.20637,-0.0336637256,-0.02157350548,-0.206348304,2.960527763e-05
2.614,-0.03363778329,-0.02164485009,-0.20636,-0.03362977028,-0.02162632758,-0.2063383086,2.962781225e-05
2.615,-0.03360374216,-0.02169766147,-0.20635,-0.03359573197,-0.02167909632,-0.2063283132,2.965035507e-05
2.616,-0.03356961811,-0.02175041931,-0.20634,-0.03356161075,-0.02173181158,-0.2063183178,2.967290582e-05
2.617,-0.03353541123,-0.02180312349,-0.20633,-0.0335274067,-0.02178447323,-0.2063083225,2.969546424e-05
2.618,-0.0335011216,-0.02185577387,-0.20632,-0.0334931199,-0.02183708113,-0.2062983271,2.971803009e-05
2.619,-0.03346674932,-0.02190837032,-0.20631,-0.03345875045,-0.02188963517,-0.2062883317,2.97406031e-05
2.62,-0.03343229445,-0.02196091272,-0.2063,-0.03342429842,-0.0219421352,-0.2062783363,2.9763183e-05
2.621,-0.0333977571,-0.02201340093,-0.20629,-0.0333897639,-0.0219945811,-0.2062683409,2.978576957e-05
2.622,-0.03336313734,-0.02206583483,-0.20628,-0.03335514698,-0.02204697274,-0.2062583456,2.980836254e-05
2.623,-0.03332843527,-0.02211821427,-0.20627,-0.03332044773,-0.02209930999,-0.2062483502,2.983096165e-05
2.624,-0.03329365095,-0.02217053915,-0.20626,-0.03328566626,-0.02215159272,-0.2062383548,2.985356665e-05
2.625,-0.03325878449,-0.02222280932,-0.20625,-0.03325080264,-0.0222038208,-0.2062283595,2.987617729e-05
2.626,-0.03322383597,-0.02227502466,-0.20624,-0.03321585695,-0.02225599411,-0.2062183641,2.989879333e-05
2.627,-0.03318880547,-0.02232718504,-0.20623,-0.03318082929,-0.02230811251,-0.2062083688,2.992141452e-05
2.628,-0.03315369308,-0.02237929032,-0.20622,-0.03314571974,-0.02236017588,-0.2061983734,2.99440406e-05
2.629,-0.03311849888,-0.02243134039,-0.20621,-0.03311052839,-0.02241218408,-0.2061883781,2.996667132e-05
2.63,-0.03308322297,-0.02248333511,-0.2062,-0.03307525533,-0.02246413699,-0.2061783827,2.998930644e-05
2.631,-0.03304786543,-0.02253527436,-0.20619,-0.03303990063,-0.02251603448,-0.2061683874,3.001194571e-05
2.632,-0.03301242635,-0.022587158,-0.20618,-0.0330044644,-0.02256787643,-0.206158392,3.003458889e-05
2.633,-0.03297690581,-0.02263898591,-0.20617,-0.03296894671,-0.0226196627,-0.2061483967,3.005723573e-05
2.634,-0.03294130391,-0.02269075797,-0.20616,-0.03293334765,-0.02267139316,-0.2061384013,3.007988598e-05
2.635,-0.03290562072,-0.02274247403,-0.20615,-0.03289766731,-0.0227230677,-0.206128406,3.010253941e-05
2.636,-0.03286985635,-0.02279413398,-0.20614,-0.03286190579,-0.02277468618,-0.2061184107,3.012519576e-05
2.637,-0.03283401087,-0.02284573769,-0.20613,-0.03282606316,-0.02282624847,-0.2061084153,3.014785481e-05
2.638,-0.03279808437,-0.02289728502,-0.20612,-0.03279013952,-0.02287775445,-0.20609842,3.017051629e-05
2.639,-0.03276207695,-0.02294877586,-0.20611,-0.03275413495,-0.02292920399,-0.2060884247,3.019317999e-05
2.64,-0.0327259887,-0.02300021008,-0.2061,-0.03271804955,-0.02298059696,-0.2060784294,3.021584565e-05
2.641,-0.03268981969,-0.02305158755,-0.20609,-0.0326818834,-0.02303193324,-0.206068434,3.023851303e-05
2.642,-0.03265357003,-0.02310290814,-0.20608,-0.03264563659,-0.0230832127,-0.2060584387,3.02611819e-05
2.643,-0.0326172398,-0.02315417172,-0.20607,-0.03260930921,-0.02313443521,-0.2060484434,3.028385202e-05
2.644,-0.03258082908,-0.02320537818,-0.20606,-0.03257290136,-0.02318560065,-0.2060384481,3.030652316e-05
2.645,-0.03254433798,-0.02325652737,-0.20605,-0.03253641311,-0.02323670889,-0.2060284527,3.032919507e-05
2.646,-0.03250776658,-0.02330761919,-0.20604,-0.03249984456,-0.02328775981,-0.2060184574,3.035186753e-05
2.647,-0.03247111496,-0.02335865349,-0.20603,-0.03246319581,-0.02333875327,-0.2060084621,3.03745403e-05
2.648,-0.03243438323,-0.02340963016,-0.20602,-0.03242646694,-0.02338968915,-0.2059984668,3.039721314e-05
2.649,-0.03239757147,-0.02346054907,-0.20601,-0.03238965804,-0.02344056734,-0.2059884715,3.041988582e-05
2.65,-0.03236067977,-0.02351141009,-0.206,-0.0323527692,-0.02349138769,-0.2059784762,3.044255811e-05
2.651,-0.03232370823,-0.0235622131,-0.20599,-0.03231580051,-0.02354215009,-0.2059684809,3.046522978e-05
2.652,-0.03228665693,-0.02361295797,-0.20598,-0.03227875207,-0.02359285441,-0.2059584855,3.048790059e-05
2.653,-0.03224952597,-0.02366364458,-0.20597,-0.03224162397,-0.02364350052,-0.2059484902,3.051057032e-05
2.654,-0.03221231543,-0.02371427281,-0.20596,-0.03220441629,-0.02369408831,-0.2059384949,3.053323874e-05
2.655,-0.03217502541,-0.02376484252,-0.20595,-0.03216712913,-0.02374461764,-0.2059284996,3.055590563e-05
2.656,-0.032137656,-0.02381535359,-0.20594,-0.03212976259,-0.0237950884,-0.2059185043,3.057857074e-05
2.657,-0.0321002073,-0.0238658059,-0.20593,-0.03209231675,-0.02384550045,-0.205908509,3.060123386e-05
2.658,-0.03206267939,-0.02391619932,-0.20592,-0.0320547917,-0.02389585367,-0.2058985137,3.062389476e-05
2.659,-0.03202507238,-0.02396653374,-0.20591,-0.03201718755,-0.02394614794,-0.2058885184,3.064655323e-05
2.66,-0.03198738634,-0.02401680901,-0.2059,-0.03197950437,-0.02399638313,-0.2058785231,3.066920902e-05
2.661,-0.03194962138,-0.02406702503,-0.20589,-0.03194174227,-0.02404655913,-0.2058685278,3.069186191e-05
2.662,-0.03191177758,-0.02411718167,-0.20588,-0.03190390134,-0.0240966758,-0.2058585325,3.07145117e-05
2.663,-0.03187385505,-0.0241672788,-0.20587,-0.03186598167,-0.02414673302,-0.2058485372,3.073715814e-05
2.664,-0.03183585387,-0.0242173163,-0.20586,-0.03182798335,-0.02419673067,-0.2058385418,3.075980102e-05
2.665,-0.03179777414,-0.02426729404,-0.20585,-0.03178990648,-0.02424666863,-0.2058285465,3.078244013e-05
2.666,-0.03175961595,-0.02431721191,-0.20584,-0.03175175115,-0.02429654676,-0.2058185512,3.080507525e-05
2.667,-0.03172137939,-0.02436706978,-0.20583,-0.03171351746,-0.02434636496,-0.2058085559,3.082770614e-05
2.668,-0.03168306457,-0.02441686752,-0.20582,-0.0316752055,-0.0243961231,-0.2057985606,3.08503326e-05
2.669,-0.03164467157,-0.02446660502,-0.20581,-0.03163681537,-0.02444582104,-0.2057885653,3.08729544e-05
2.67,-0.0316062005,-0.02451628215,-0.2058,-0.03159834715,-0.02449545868,-0.20577857,3.089557134e-05
2.671,-0.03156765143,-0.02456589878,-0.20579,-0.03155980095,-0.02454503589,-0.2057685747,3.091818319e-05
2.672,-0.03152902448,-0.02461545481,-0.20578,-0.03152117686,-0.02459455254,-0.2057585794,3.094078974e-05
2.673,-0.03149031973,-0.02466495009,-0.20577,-0.03148247498,-0.02464400852,-0.2057485841,3.096339078e-05
2.674,-0.03145153729,-0.02471438452,-0.20576,-0.03144369539,-0.0246934037,-0.2057385888,3.098598609e-05
2.675,-0.03141267724,-0.02476375797,-0.20575,-0.0314048382,-0.02474273796,-0.2057285935,3.100857547e-05
2.676,-0.03137373968,-0.02481307032,-0.20574,-0.03136590351,-0.02479201118,-0.2057185981,3.103115869e-05
2.677,-0.03133472471,-0.02486232144,-0.20573,-0.0313268914,-0.02484122323,-0.2057086028,3.105373556e-05
2.678,-0.03129563242,-0.02491151122,-0.20572,-0.03128780197,-0.024890374,-0.2056986075,3.107630584e-05
2.679,-0.03125646292,-0.02496063953,-0.20571,-0.03124863533,-0.02493946336,-0.2056886122,3.109886935e-05
2.68,-0.03121721629,-0.02500970625,-0.2057,-0.03120939156,-0.0249884912,-0.2056786169,3.112142587e-05
2.681,-0.03117789264,-0.02505871127,-0.20569,-0.03117007077,-0.02503745738,-0.2056686216,3.114397518e-05
2.682,-0.03113849206,-0.02510765445,-0.20568,-0.03113067305,-0.0250863618,-0.2056586262,3.116651709e-05
2.683,-0.03109901465,-0.02515653569,-0.20567,-0.0310911985,-0.02513520433,-0.2056486309,3.118905139e-05
2.684,-0.03105946051,-0.02520535485,-0.20566,-0.03105164721,-0.02518398485,-0.2056386356,3.121157787e-05
2.685,-0.03101982973,-0.02525411182,-0.20565,-0.03101201929,-0.02523270323,-0.2056286403,3.123409634e-05
2.686,-0.03098012241,-0.02530280648,-0.20564,-0.03097231483,-0.02528135937,-0.2056186449,3.125660657e-05
2.687,-0.03094033865,-0.0253514387,-0.20563,-0.03093253392,-0.02532995314,-0.2056086496,3.127910838e-05
2.688,-0.03090047855,-0.02540000838,-0.20562,-0.03089267668,-0.02537848441,-0.2055986543,3.130160156e-05
2.689,-0.0308605422,-0.02544851538,-0.20561,-0.03085274319,-0.02542695307,-0.2055886589,3.13240859e-05
2.69,-0.03082052971,-0.02549695959,-0.2056,-0.03081273355,-0.02547535901,-0.2055786636,3.13465612e-05
2.691,-0.03078044117,-0.02554534089,-0.20559,-0.03077264787,-0.02552370209,-0.2055686683,3.136902728e-05
2.692,-0.03074027669,-0.02559365916,-0.20558,-0.03073248624,-0.02557198221,-0.2055586729,3.139148392e-05
2.693,-0.03070003636,-0.02564191428,-0.20557,-0.03069224876,-0.02562019924,-0.2055486776,3.141393093e-05
2.694,-0.03065972027,-0.02569010613,-0.20556,-0.03065193553,-0.02566835306,-0.2055386822,3.143636812e-05
2.695,-0.03061932854,-0.02573823459,-0.20555,-0.03061154665,-0.02571644355,-0.2055286869,3.145879527e-05
2.696,-0.03057886126,-0.02578629955,-0.20554,-0.03057108221,-0.0257644706,-0.2055186915,3.14812122e-05
2.697,-0.03053831852,-0.02583430088,-0.20553,-0.03053054233,-0.02581243408,-0.2055086962,3.150361872e-05
2.698,-0.03049770044,-0.02588223846,-0.20552,-0.0304899271,-0.02586033389,-0.2054987008,3.152601462e-05
2.699,-0.03045700711,-0.02593011219,-0.20551,-0.03044923661,-0.02590816989,-0.2054887055,3.154839971e-05
2.7,-0.03041623862,-0.02597792193,-0.2055,-0.03040847097,-0.02595594198,-0.2054787101,3.157077381e-05
2.701,-0.03037539509,-0.02602566758,-0.20549,-0.03036763029,-0.02600365003,-0.2054687148,3.159313671e-05
2.702,-0.03033447661,-0.02607334901,-0.20548,-0.03032671465,-0.02605129393,-0.2054587194,3.161548824e-05
2.703,-0.03029348328,-0.02612096611,-0.20547,-0.03028572417,-0.02609887356,-0.205448724,3.163782819e-05
2.704,-0.03025241521,-0.02616851876,-0.20546,-0.03024465894,-0.0261463888,-0.2054387286,3.166015638e-05
2.705,-0.03021127249,-0.02621600684,-0.20545,-0.03020351906,-0.02619383953,-0.2054287333,3.168247261e-05
2.706,-0.03017005523,-0.02626343023,-0.20544,-0.03016230464,-0.02624122564,-0.2054187379,3.17047767e-05
2.707,-0.03012876353,-0.02631078882,-0.20543,-0.03012101578,-0.02628854701,-0.2054087425,3.172706847e-05
2.708,-0.03008739748,-0.02635808249,-0.20542,-0.03007965258,-0.02633580353,-0.2053987471,3.174934771e-05
2.709,-0.0300459572,-0.02640531113,-0.20541,-0.03003821514,-0.02638299507,-0.2053887517,3.177161426e-05
2.71,-0.03000444279,-0.02645247461,-0.2054,-0.02999670356,-0.02643012152,-0.2053787563,3.179386791e-05
2.711,-0.02996285434,-0.02649957283,-0.20539,-0.02995511794,-0.02647718277,-0.2053687609,3.181610849e-05
2.712,-0.02992119196,-0.02654660566,-0.20538,-0.0299134584,-0.02652417869,-0.2053587655,3.183833582e-05
2.713,-0.02987945575,-0.02659357299,-0.20537,-0.02987172503,-0.02657110918,-0.2053487701,3.186054971e-05
2.714,-0.02983764582,-0.0266404747,-0.20536,-0.02982991793,-0.02661797411,-0.2053387747,3.188274999e-05
2.715,-0.02979576226,-0.02668731068,-0.20535,-0.02978803721,-0.02666477338,-0.2053287793,3.190493646e-05
2.716,-0.02975380519,-0.02673408081,-0.20534,-0.02974608297,-0.02671150686,-0.2053187839,3.192710895e-05
2.717,-0.02971177471,-0.02678078497,-0.20533,-0.02970405531,-0.02675817444,-0.2053087884,3.194926727e-05
2.718,-0.02966967091,-0.02682742306,-0.20532,-0.02966195434,-0.026804776,-0.205298793,3.197141125e-05
2.719,-0.02962749391,-0.02687399496,-0.20531,-0.02961978017,-0.02685131143,-0.2052887976,3.199354071e-05
2.72,-0.0295852438,-0.02692050054,-0.2053,-0.02957753288,-0.02689778062,-0.2052788021,3.201565547e-05
2.721,-0.02954292069,-0.0269669397,-0.20529,-0.0295352126,-0.02694418345,-0.2052688067,3.203775536e-05
2.722,-0.02950052469,-0.02701331232,-0.20528,-0.02949281943,-0.0269905198,-0.2052588113,3.205984019e-05
2.723,-0.02945805591,-0.0270596183,-0.20527,-0.02945035346,-0.02703678956,-0.2052488158,3.208190979e-05
2.724,-0.02941551443,-0.0271058575,-0.20526,-0.02940781481,-0.02708299263,-0.2052388203,3.2103964e-05
2.725,-0.02937290038,-0.02715202982,-0.20525,-0.02936520357,-0.02712912887,-0.2052288249,3.212600263e-05
2.726,-0.02933021385,-0.02719813515,-0.20524,-0.02932251986,-0.02717519818,-0.2052188294,3.214802552e-05
2.727,-0.02928745495,-0.02724417337,-0.20523,-0.02927976378,-0.02722120045,-0.2052088339,3.217003248e-05
2.728,-0.02924462379,-0.02729014436,-0.20522,-0.02923693544,-0.02726713557,-0.2051988385,3.219202335e-05
2.729,-0.02920172047,-0.02733604803,-0.20521,-0.02919403493,-0.02731300341,-0.205188843,3.221399796e-05
2.73,-0.0291587451,-0.02738188424,-0.2052,-0.02915106237,-0.02735880386,-0.2051788475,3.223595612e-05
2.731,-0.02911569778,-0.02742765289,-0.20519,-0.02910801786,-0.02740453682,-0.205168852,3.225789769e-05
2.732,-0.02907257862,-0.02747335386,-0.20518,-0.02906490151,-0.02745020217,-0.2051588565,3.227982249e-05
2.733,-0.02902938773,-0.02751898705,-0.20517,-0.02902171343,-0.02749579979,-0.205148861,3.230173035e-05
2.734,-0.02898612521,-0.02756455234,-0.20516,-0.02897845372,-0.02754132958,-0.2051388655,3.23236211e-05
2.735,-0.02894279117,-0.02761004961,-0.20515,-0.02893512248,-0.02758679142,-0.20512887,3.234549458e-05
2.736,-0.02889938571,-0.02765547876,-0.20514,-0.02889171983,-0.0276321852,-0.2051188744,3.236735062e-05
2.737,-0.02885590895,-0.02770083967,-0.20513,-0.02884824587,-0.02767751081,-0.2051088789,3.238918905e-05
2.738,-0.028812361,-0.02774613223,-0.20512,-0.02880470071,-0.02772276813,-0.2050988834,3.241100973e-05
2.739,-0.02876874195,-0.02779135633,-0.20511,-0.02876108446,-0.02776795706,-0.2050888878,3.243281247e-05
2.74,-0.02872505191,-0.02783651186,-0.2051,-0.02871739722,-0.02781307748,-0.2050788923,3.245459711e-05
2.741,-0.028681291,-0.02788159871,-0.20509,-0.02867363911,-0.02785812928,-0.2050688967,3.24763635e-05
2.742,-0.02863745932,-0.02792661676,-0.20508,-0.02862981022,-0.02790311235,-0.2050589012,3.249811146e-05
2.743,-0.02859355698,-0.0279715659,-0.20507,-0.02858591068,-0.02794802658,-0.2050489056,3.251984086e-05
2.744,-0.02854958409,-0.02801644603,-0.20506,-0.02854194058,-0.02799287186,-0.20503891,3.254155151e-05
2.745,-0.02850554076,-0.02806125703,-0.20505,-0.02849790003,-0.02803764808,-0.2050289144,3.256324326e-05
2.746,-0.02846142709,-0.02810599879,-0.20504,-0.02845378915,-0.02808235512,-0.2050189188,3.258491597e-05
2.747,-0.02841724319,-0.0281506712,-0.20503,-0.02840960804,-0.02812699288,-0.2050089232,3.260656947e-05
2.748,-0.02837298918,-0.02819527416,-0.20502,-0.02836535682,-0.02817156125,-0.2049989276,3.262820359e-05
2.749,-0.02832866516,-0.02823980754,-0.20501,-0.02832103558,-0.02821606011,-0.204988932,3.264981819e-05
2.75,-0.02828427125,-0.02828427125,-0.205,-0.02827664444,-0.02826048936,-0.2049789364,3.267141311e-05
2.751,-0.02823980754,-0.02832866516,-0.20499,-0.02823218352,-0.02830484889,-0.2049689408,3.26929882e-05
2.752,-0.02819527416,-0.02837298918,-0.20498,-0.02818765291,-0.02834913858,-0.2049589451,3.27145433e-05
2.753,-0.0281506712,-0.02841724319,-0.20497,-0.02814305273,-0.02839335833,-0.2049489495,3.273607825e-05
2.754,-0.02810599879,-0.02846142709,-0.20496,-0.02809838309,-0.02843750804,-0.2049389539,3.275759291e-05
2.755,-0.02806125703,-0.02850554076,-0.20495,-0.0280536441,-0.02848158758,-0.2049289582,3.277908712e-05
2.756,-0.02801644603,-0.02854958409,-0.20494,-0.02800883587,-0.02852559685,-0.2049189625,3.280056074e-05
2.757,-0.0279715659,-0.02859355698,-0.20493,-0.02796395851,-0.02856953575,-0.2049089669,3.28220136e-05
2.758,-0.02792661676,-0.02863745932,-0.20492,-0.02791901214,-0.02861340416,-0.2048989712,3.284344558e-05
2.759,-0.02788159871,-0.028681291,-0.20491,-0.02787399685,-0.02865720198,-0.2048889755,3.286485651e-05
2.76,-0.02783651186,-0.02872505191,-0.2049,-0.02782891277,-0.02870092909,-0.2048789798,3.288624624e-05
2.761,-0.02779135633,-0.02876874195,-0.20489,-0.02778376,-0.0287445854,-0.2048689841,3.290761463e-05
2.762,-0.02774613223,-0.028812361,-0.20488,-0.02773853866,-0.02878817078,-0.2048589884,3.292896153e-05
2.763,-0.02770083967,-0.02885590895,-0.20487,-0.02769324885,-0.02883168515,-0.2048489927,3.295028681e-05
2.764,-0.02765547876,-0.02889938571,-0.20486,-0.02764789069,-0.02887512837,-0.2048389969,3.29715903e-05
2.765,-0.02761004961,-0.02894279117,-0.20485,-0.0276024643,-0.02891850036,-0.2048290012,3.299287186e-05
2.766,-0.02756455234,-0.02898612521,-0.20484,-0.02755696978,-0.02896180101,-0.2048190055,3.301413136e-05
2.767,-0.02751898705,-0.02902938773,-0.20483,-0.02751140724,-0.0290050302,-0.2048090097,3.303536865e-05
2.768,-0.02747335386,-0.02907257862,-0.20482,-0.0274657768,-0.02904818782,-0.2047990139,3.305658358e-05
2.769,-0.02742765289,-0.02911569778,-0.20481,-0.02742007857,-0.02909127379,-0.2047890182,3.307777602e-05
2.77,-0.02738188424,-0.0291587451,-0.2048,-0.02737431266,-0.02913428797,-0.2047790224,3.309894583e-05
2.771,-0.02733604803,-0.02920172047,-0.20479,-0.02732847919,-0.02917723028,-0.2047690266,3.312009286e-05
2.772,-0.02729014436,-0.02924462379,-0.20478,-0.02728257827,-0.0292201006,-0.2047590308,3.314121697e-05
2.773,-0.02724417337,-0.02928745495,-0.20477,-0.02723661001,-0.02926289884,-0.204749035,3.316231803e-05
2.774,-0.02719813515,-0.02933021385,-0.20476,-0.02719057453,-0.02930562487,-0.2047390392,3.318339589e-05
2.775,-0.02715202982,-0.02937290038,-0.20475,-0.02714447194,-0.0293482786,-0.2047290433,3.320445041e-05
2.776,-0.0271058575,-0.02941551443,-0.20474,-0.02709830235,-0.02939085993,-0.2047190475,3.322548148e-05
2.777,-0.0270596183,-0.02945805591,-0.20473,-0.02705206587,-0.02943336874,-0.2047090516,3.324648894e-05
2.778,-0.02701331232,-0.02950052469,-0.20472,-0.02700576263,-0.02947580494,-0.2046990558,3.326747266e-05
2.779,-0.0269669397,-0.02954292069,-0.20471,-0.02695939273,-0.02951816841,-0.2046890599,3.32884325e-05
2.78,-0.02692050054,-0.0295852438,-0.2047,-0.02691295629,-0.02956045905,-0.204679064,3.330936835e-05
2.781,-0.02687399496,-0.02962749391,-0.20469,-0.02686645343,-0.02960267677,-0.2046690681,3.333028004e-05
2.782,-0.02682742306,-0.02966967091,-0.20468,-0.02681988426,-0.02964482145,-0.2046590722,3.335116746e-05
2.783,-0.02678078497,-0.02971177471,-0.20467,-0.02677324889,-0.02968689298,-0.2046490763,3.337203048e-05
2.784,-0.02673408081,-0.02975380519,-0.20466,-0.02672654743,-0.02972889128,-0.2046390804,3.339286896e-05
2.785,-0.02668731068,-0.02979576226,-0.20465,-0.02667978002,-0.02977081623,-0.2046290845,3.341368276e-05
2.786,-0.0266404747,-0.02983764582,-0.20464,-0.02663294675,-0.02981266773,-0.2046190885,3.343447177e-05
2.787,-0.02659357299,-0.02987945575,-0.20463,-0.02658604775,-0.02985444567,-0.2046090926,3.345523585e-05
2.788,-0.02654660566,-0.02992119196,-0.20462,-0.02653908313,-0.02989614996,-0.2045990966,3.347597487e-05
2.789,-0.02649957283,-0.02996285434,-0.20461,-0.026492053,-0.02993778048,-0.2045891007,3.349668871e-05
2.79,-0.02645247461,-0.03000444279,-0.2046,-0.02644495749,-0.02997933715,-0.2045791047,3.351737724e-05
2.791,-0.02640531113,-0.0300459572,-0.20459,-0.02639779671,-0.03002081985,-0.2045691087,3.353804033e-05
2.792,-0.02635808249,-0.03008739748,-0.20458,-0.02635057077,-0.03006222848,-0.2045591127,3.355867786e-05
2.793,-0.02631078882,-0.03012876353,-0.20457,-0.0263032798,-0.03010356294,-0.2045491167,3.357928969e-05
2.794,-0.02626343023,-0.03017005523,-0.20456,-0.0262559239,-0.03014482313,-0.2045391206,3.359987572e-05
2.795,-0.02621600684,-0.03021127249,-0.20455,-0.0262085032,-0.03018600895,-0.2045291246,3.36204358e-05
2.796,-0.02616851876,-0.03025241521,-0.20454,-0.02616101781,-0.03022712029,-0.2045191285,3.364096981e-05
2.797,-0.02612096611,-0.03029348328,-0.20453,-0.02611346785,-0.03026815706,-0.2045091325,3.366147765e-05
2.798,-0.02607334901,-0.03033447661,-0.20452,-0.02606585344,-0.03030911914,-0.2044991364,3.368195918e-05
2.799,-0.02602566758,-0.03037539509,-0.20451,-0.02601817469,-0.03035000645,-0.2044891403,3.370241428e-05
2.8,-0.02597792193,-0.03041623862,-0.2045,-0.02597043173,-0.03039081888,-0.2044791442,3.372284283e-05
2.801,-0.02593011219,-0.03045700711,-0.20449,-0.02592262466,-0.03043155633,-0.2044691481,3.374324472e-05
2.802,-0.02588223846,-0.03049770044,-0.20448,-0.02587475361,-0.03047221869,-0.204459152,3.376361981e-05
2.803,-0.02583430088,-0.03053831852,-0.20447,-0.0258268187,-0.03051280587,-0.2044491559,3.3783968e-05
2.804,-0.02578629955,-0.03057886126,-0.20446,-0.02577882004,-0.03055331778,-0.2044391597,3.380428917e-05
2.805,-0.02573823459,-0.03061932854,-0.20445,-0.02573075776,-0.0305937543,-0.2044291636,3.382458319e-05
2.806,-0.02569010613,-0.03065972027,-0.20444,-0.02568263197,-0.03063411533,-0.2044191674,3.384484996e-05
2.807,-0.02564191428,-0.03070003636,-0.20443,-0.02563444278,-0.03067440079,-0.2044091712,3.386508934e-05
2.808,-0.02559365916,-0.03074027669,-0.20442,-0.02558619033,-0.03071461057,-0.204399175,3.388530124e-05
2.809,-0.02554534089,-0.03078044117,-0.20441,-0.02553787472,-0.03075474456,-0.2043891788,3.390548553e-05
2.81,-0.02549695959,-0.03082052971,-0.2044,-0.02548949608,-0.03079480268,-0.2043791826,3.39256421e-05
2.811,-0.02544851538,-0.0308605422,-0.20439,-0.02544105453,-0.03083478482,-0.2043691863,3.394577084e-05
2.812,-0.02540000838,-0.03090047855,-0.20438,-0.02539255019,-0.03087469088,-0.2043591901,3.396587164e-05
2.813,-0.0253514387,-0.03094033865,-0.20437,-0.02534398317,-0.03091452077,-0.2043491938,3.398594438e-05
2.814,-0.02530280648,-0.03098012241,-0.20436,-0.02529535359,-0.03095427439,-0.2043391976,3.400598894e-05
2.815,-0.02525411182,-0.03101982973,-0.20435,-0.02524666158,-0.03099395163,-0.2043292013,3.402600523e-05
2.816,-0.02520535485,-0.03105946051,-0.20434,-0.02519790726,-0.0310335524,-0.204319205,3.404599312e-05
2.817,-0.02515653569,-0.03109901465,-0.20433,-0.02514909074,-0.03107307661,-0.2043092087,3.406595252e-05
2.818,-0.02510765445,-0.03113849206,-0.20432,-0.02510021216,-0.03111252415,-0.2042992123,3.40858833e-05
2.819,-0.02505871127,-0.03117789264,-0.20431,-0.02505127161,-0.03115189493,-0.204289216,3.410578536e-05
2.82,-0.02500970625,-0.03121721629,-0.2043,-0.02500226924,-0.03119118885,-0.2042792196,3.41256586e-05
2.821,-0.02496063953,-0.03125646292,-0.20429,-0.02495320515,-0.03123040581,-0.2042692233,3.414550291e-05
2.822,-0.02491151122,-0.03129563242,-0.20428,-0.02490407948,-0.03126954572,-0.2042592269,3.416531817e-05
2.823,-0.02486232144,-0.03133472471,-0.20427,-0.02485489233,-0.03130860848,-0.2042492305,3.418510429e-05
2.824,-0.02481307032,-0.03137373968,-0.20426,-0.02480564384,-0.031347594,-0.2042392341,3.420486115e-05
2.825,-0.02476375797,-0.03141267724,-0.20425,-0.02475633412,-0.03138650217,-0.2042292377,3.422458866e-05
2.826,-0.02471438452,-0.03145153729,-0.20424,-0.0247069633,-0.0314253329,-0.2042192412,3.424428671e-05
2.827,-0.02466495009,-0.03149031973,-0.20423,-0.02465753149,-0.0314640861,-0.2042092448,3.426395519e-05
2.828,-0.02461545481,-0.03152902448,-0.20422,-0.02460803883,-0.03150276167,-0.2041992483,3.428359317e-05
2.829,-0.02456589878,-0.03156765143,-0.20421,-0.02455848543,-0.03154135952,-0.2041892518,3.430320178e-05
2.83,-0.02451628215,-0.0316062005,-0.2042,-0.02450887141,-0.03157987954,-0.2041792553,3.432278115e-05
2.831,-0.02446660502,-0.03164467157,-0.20419,-0.02445919689,-0.03161832165,-0.2041692588,3.434233083e-05
2.832,-0.02441686752,-0.03168306457,-0.20418,-0.02440946201,-0.03165668574,-0.2041592623,3.436185034e-05
2.833,-0.02436706978,-0.03172137939,-0.20417,-0.02435966688,-0.03169497174,-0.2041492657,3.438133944e-05
2.834,-0.02431721191,-0.03175961595,-0.20416,-0.02430981162,-0.03173317953,-0.2041392692,3.440079812e-05
2.835,-0.02426729404,-0.03179777414,-0.20415,-0.02425989636,-0.03177130903,-0.2041292726,3.442022641e-05
2.836,-0.0242173163,-0.03183585387,-0.20414,-0.02420992122,-0.03180936014,-0.204119276,3.443962425e-05
2.837,-0.0241672788,-0.03187385505,-0.20413,-0.02415988632,-0.03184733276,-0.2041092794,3.445899156e-05
2.838,-0.02411718167,-0.03191177758,-0.20412,-0.0241097918,-0.03188522682,-0.2040992828,3.44783282e-05
2.839,-0.02406702503,-0.03194962138,-0.20411,-0.02405963776,-0.0319230422,-0.2040892862,3.449763406e-05
2.84,-0.02401680901,-0.03198738634,-0.2041,-0.02400942434,-0.03196077882,-0.2040792895,3.451690904e-05
2.841,-0.02396653374,-0.03202507238,-0.20409,-0.02395915166,-0.03199843658,-0.2040692929,3.453615306e-05
2.842,-0.02391619932,-0.03206267939,-0.20408,-0.02390881984,-0.03203601539,-0.2040592962,3.455536604e-05
2.843,-0.0238658059,-0.0321002073,-0.20407,-0.023858429,-0.03207351517,-0.2040492995,3.457454791e-05
2.844,-0.02381535359,-0.032137656,-0.20406,-0.02380797928,-0.03211093581,-0.2040393028,3.459369856e-05
2.845,-0.02376484252,-0.03217502541,-0.20405,-0.0237574708,-0.03214827722,-0.2040293061,3.461281789e-05
2.846,-0.02371427281,-0.03221231543,-0.20404,-0.02370690367,-0.03218553931,-0.2040193093,3.46319058e-05
2.847,-0.02366364458,-0.03224952597,-0.20403,-0.02365627803,-0.03222272199,-0.2040093126,3.465096218e-05
2.848,-0.02361295797,-0.03228665693,-0.20402,-0.023605594,-0.03225982518,-0.2039993158,3.466998694e-05
2.849,-0.0235622131,-0.03232370823,-0.20401,-0.02355485171,-0.03229684876,-0.203989319,3.468898001e-05
2.85,-0.02351141009,-0.03236067977,-0.204,-0.02350405128,-0.03233379266,-0.2039793222,3.47079413e-05
2.851,-0.02346054907,-0.03239757147,-0.20399,-0.02345319283,-0.03237065679,-0.2039693254,3.472687073e-05
2.852,-0.02340963016,-0.03243438323,-0.20398,-0.02340227649,-0.03240744104,-0.2039593285,3.474576821e-05
2.853,-0.02335865349,-0.03247111496,-0.20397,-0.02335130239,-0.03244414534,-0.2039493317,3.476463366e-05
2.854,-0.02330761919,-0.03250776658,-0.20396,-0.02330027066,-0.03248076959,-0.2039393348,3.478346699e-05
2.855,-0.02325652737,-0.03254433798,-0.20395,-0.02324918141,-0.0325173137,-0.2039293379,3.48022681e-05
2.856,-0.02320537818,-0.03258082908,-0.20394,-0.02319803478,-0.03255377758,-0.203919341,3.48210369e-05
2.857,-0.02315417172,-0.0326172398,-0.20393,-0.02314683089,-0.03259016114,-0.2039093441,3.483977329e-05
2.858,-0.02310290814,-0.03265357003,-0.20392,-0.02309556987,-0.03262646429,-0.2038993471,3.485847719e-05
2.859,-0.02305158755,-0.03268981969,-0.20391,-0.02304425184,-0.03266268694,-0.2038893501,3.487714853e-05
2.86,-0.02300021008,-0.0327259887,-0.2039,-0.02299287693,-0.032698829,-0.2038793532,3.489578722e-05
2.861,-0.02294877586,-0.03276207695,-0.20389,-0.02294144526,-0.03273489039,-0.2038693562,3.491439319e-05
2.862,-0.02289728502,-0.03279808437,-0.20388,-0.02288995698,-0.032770871,-0.2038593592,3.493296636e-05
2.863,-0.02284573769,-0.03283401087,-0.20387,-0.02283841219,-0.03280677077,-0.2038493621,3.495150663e-05
2.864,-0.02279413398,-0.03286985635,-0.20386,-0.02278681103,-0.03284258958,-0.2038393651,3.497001393e-05
2.865,-0.02274247403,-0.03290562072,-0.20385,-0.02273515363,-0.03287832737,-0.203829368,3.498848817e-05
2.866,-0.02269075797,-0.03294130391,-0.20384,-0.02268344011,-0.03291398403,-0.2038193709,3.500692927e-05
2.867,-0.02263898591,-0.03297690581,-0.20383,-0.02263167061,-0.03294955949,-0.2038093738,3.502533714e-05
2.868,-0.022587158,-0.03301242635,-0.20382,-0.02257984524,-0.03298505365,-0.2037993767,3.504371171e-05
2.869,-0.02253527436,-0.03304786543,-0.20381,-0.02252796414,-0.03302046642,-0.2037893796,3.50620529e-05
2.87,-0.02248333511,-0.03308322297,-0.2038,-0.02247602743,-0.03305579773,-0.2037793824,3.508036062e-05
2.871,-0.02243134039,-0.03311849888,-0.20379,-0.02242403524,-0.03309104747,-0.2037693852,3.509863482e-05
2.872,-0.02237929032,-0.03315369308,-0.20378,-0.02237198771,-0.03312621557,-0.203759388,3.511687541e-05
2.873,-0.02232718504,-0.03318880547,-0.20377,-0.02231988496,-0.03316130194,-0.2037493908,3.513508232e-05
2.874,-0.02227502466,-0.03322383597,-0.20376,-0.02226772711,-0.03319630648,-0.2037393936,3.515325545e-05
2.875,-0.02222280932,-0.03325878449,-0.20375,-0.0222155143,-0.03323122912,-0.2037293963,3.517139474e-05
2.876,-0.02217053915,-0.03329365095,-0.20374,-0.02216324666,-0.03326606977,-0.2037193991,3.518950012e-05
2.877,-0.02211821427,-0.03332843527,-0.20373,-0.02211092431,-0.03330082834,-0.2037094018,3.520757149e-05
2.878,-0.02206583483,-0.03336313734,-0.20372,-0.02205854739,-0.03333550475,-0.2036994045,3.52256088e-05
2.879,-0.02201340093,-0.0333977571,-0.20371,-0.02200611601,-0.0333700989,-0.2036894071,3.524361196e-05
2.88,-0.02196091272,-0.03343229445,-0.2037,-0.02195363032,-0.03340461073,-0.2036794098,3.526158091e-05
2.881,-0.02190837032,-0.03346674932,-0.20369,-0.02190109045,-0.03343904013,-0.2036694124,3.527951558e-05
2.882,-0.02185577387,-0.0335011216,-0.20368,-0.02184849651,-0.03347338703,-0.203659415,3.529741588e-05
2.883,-0.02180312349,-0.03353541123,-0.20367,-0.02179584865,-0.03350765133,-0.2036494176,3.531528176e-05
2.884,-0.02175041931,-0.03356961811,-0.20366,-0.02174314698,-0.03354183297,-0.2036394202,3.533311314e-05
2.885,-0.02169766147,-0.03360374216,-0.20365,-0.02169039165,-0.03357593184,-0.2036294228,3.535090994e-05
2.886,-0.02164485009,-0.03363778329,-0.20364,-0.02163758278,-0.03360994787,-0.2036194253,3.53686721e-05
2.887,-0.0215919853,-0.03367174143,-0.20363,-0.0215847205,-0.03364388098,-0.2036094278,3.538639954e-05
2.888,-0.02153906723,-0.03370561649,-0.20362,-0.02153180495,-0.03367773107,-0.2035994303,3.54040922e-05
2.889,-0.02148609602,-0.03373940838,-0.20361,-0.02147883625,-0.03371149807,-0.2035894328,3.542175001e-05
2.89,-0.0214330718,-0.03377311702,-0.2036,-0.02142581453,-0.03374518189,-0.2035794352,3.54393729e-05
2.891,-0.02137999469,-0.03380674233,-0.20359,-0.02137273992,-0.03377878246,-0.2035694377,3.54569608e-05
2.892,-0.02132686483,-0.03384028423,-0.20358,-0.02131961256,-0.03381229967,-0.2035594401,3.547451366e-05
2.893,-0.02127368235,-0.03387374263,-0.20357,-0.02126643258,-0.03384573346,-0.2035494425,3.549203139e-05
2.894,-0.02122044737,-0.03390711744,-0.20356,-0.02121320011,-0.03387908375,-0.2035394448,3.550951394e-05
2.895,-0.02116716004,-0.0339404086,-0.20355,-0.02115991527,-0.03391235044,-0.2035294472,3.552696123e-05
2.896,-0.02111382048,-0.03397361601,-0.20354,-0.0211065782,-0.03394553346,-0.2035194495,3.554437321e-05
2.897,-0.02106042882,-0.0340067396,-0.20353,-0.02105318904,-0.03397863272,-0.2035094518,3.55617498e-05
2.898,-0.0210069852,-0.03403977927,-0.20352,-0.02099974791,-0.03401164814,-0.2034994541,3.557909095e-05
2.899,-0.02095348974,-0.03407273496,-0.20351,-0.02094625495,-0.03404457965,-0.2034894564,3.559639659e-05
2.9,-0.02089994259,-0.03410560657,-0.2035,-0.02089271029,-0.03407742716,-0.2034794586,3.561366665e-05
2.901,-0.02084634386,-0.03413839404,-0.20349,-0.02083911405,-0.03411019058,-0.2034694609,3.563090109e-05
2.902,-0.0207926937,-0.03417109727,-0.20348,-0.02078546638,-0.03414286985,-0.2034594631,3.564809982e-05
2.903,-0.02073899224,-0.03420371618,-0.20347,-0.0207317674,-0.03417546487,-0.2034494653,3.566526281e-05
2.904,-0.02068523961,-0.03423625071,-0.20346,-0.02067801725,-0.03420797557,-0.2034394674,3.568238997e-05
2.905,-0.02063143593,-0.03426870075,-0.20345,-0.02062421606,-0.03424040186,-0.2034294696,3.569948125e-05
2.906,-0.02057758135,-0.03430106625,-0.20344,-0.02057036396,-0.03427274368,-0.2034194717,3.571653659e-05
2.907,-0.020523676,-0.03433334711,-0.20343,-0.02051646109,-0.03430500093,-0.2034094738,3.573355594e-05
2.908,-0.02046972,-0.03436554325,-0.20342,-0.02046250758,-0.03433717353,-0.2033994758,3.575053922e-05
2.909,-0.0204157135,-0.0343976546,-0.20341,-0.02040850356,-0.03436926142,-0.2033894779,3.576748638e-05
2.91,-0.02036165663,-0.03442968108,-0.2034,-0.02035444916,-0.0344012645,-0.2033794799,3.578439737e-05
2.911,-0.02030754952,-0.03446162261,-0.20339,-0.02030034452,-0.0344331827,-0.2033694819,3.580127214e-05
2.912,-0.02025339229,-0.0344934791,-0.20338,-0.02024618978,-0.03446501595,-0.2033594839,3.58181106e-05
2.913,-0.0201991851,-0.03452525049,-0.20337,-0.02019198506,-0.03449676415,-0.2033494859,3.583491271e-05
2.914,-0.02014492807,-0.03455693669,-0.20336,-0.0201377305,-0.03452842724,-0.2033394878,3.585167842e-05
2.915,-0.02009062133,-0.03458853762,-0.20335,-0.02008342623,-0.03456000514,-0.2033294897,3.586840767e-05
2.916,-0.02003626501,-0.03462005321,-0.20334,-0.02002907239,-0.03459149776,-0.2033194916,3.588510041e-05
2.917,-0.01998185927,-0.03465148338,-0.20333,-0.01997466911,-0.03462290503,-0.2033094935,3.590175659e-05
2.918,-0.01992740421,-0.03468282805,-0.20332,-0.01992021653,-0.03465422688,-0.2032994954,3.591837614e-05
2.919,-0.01987289999,-0.03471408714,-0.20331,-0.01986571477,-0.03468546322,-0.2032894972,3.593495901e-05
2.92,-0.01981834674,-0.03474526058,-0.2033,-0.01981116398,-0.03471661398,-0.203279499,3.595150516e-05
2.921,-0.01976374458,-0.03477634829,-0.20329,-0.01975656429,-0.03474767908,-0.2032695008,3.596801451e-05
2.922,-0.01970909366,-0.03480735019,-0.20328,-0.01970191584,-0.03477865844,-0.2032595025,3.598448702e-05
2.923,-0.01965439411,-0.0348382662,-0.20327,-0.01964721875,-0.034809552,-0.2032495043,3.600092265e-05
2.924,-0.01959964607,-0.03486909626,-0.20326,-0.01959247317,-0.03484035966,-0.203239506,3.601732134e-05
2.925,-0.01954484966,-0.03489984028,-0.20325,-0.01953767923,-0.03487108136,-0.2032295077,3.603368303e-05
2.926,-0.01949000503,-0.03493049819,-0.20324,-0.01948283706,-0.03490171702,-0.2032195093,3.605000769e-05
2.927,-0.01943511231,-0.03496106991,-0.20323,-0.0194279468,-0.03493226656,-0.203209511,3.606629526e-05
2.928,-0.01938017163,-0.03499155537,-0.20322,-0.01937300858,-0.03496272991,-0.2031995126,3.608254568e-05
2.929,-0.01932518314,-0.03502195449,-0.20321,-0.01931802255,-0.034993107,-0.2031895142,3.609875891e-05
2.93,-0.01927014696,-0.0350522672,-0.2032,-0.01926298883,-0.03502339775,-0.2031795158,3.61149349e-05
2.931,-0.01921506324,-0.03508249342,-0.20319,-0.01920790756,-0.03505360207,-0.2031695173,3.61310736e-05
2.932,-0.01915993211,-0.03511263308,-0.20318,-0.01915277888,-0.03508371991,-0.2031595188,3.614717496e-05
2.933,-0.0191047537,-0.0351426861,-0.20317,-0.01909760293,-0.03511375118,-0.2031495203,3.616323894e-05
2.934,-0.01904952815,-0.03517265241,-0.20316,-0.01904237983,-0.03514369582,-0.2031395218,3.617926549e-05
2.935,-0.01899425559,-0.03520253193,-0.20315,-0.01898710974,-0.03517355374,-0.2031295232,3.619525457e-05
2.936,-0.01893893618,-0.0352323246,-0.20314,-0.01893179277,-0.03520332487,-0.2031195247,3.621120612e-05
2.937,-0.01888357003,-0.03526203033,-0.20313,-0.01887642908,-0.03523300914,-0.2031095261,3.62271201e-05
2.938,-0.01882815729,-0.03529164906,-0.20312,-0.01882101879,-0.03526260648,-0.2030995274,3.624299646e-05
2.939,-0.01877269809,-0.03532118071,-0.20311,-0.01876556204,-0.03529211681,-0.2030895288,3.625883516e-05
2.94,-0.01871719257,-0.0353506252,-0.2031,-0.01871005897,-0.03532154006,-0.2030795301,3.627463616e-05
2.941,-0.01866164087,-0.03537998248,-0.20309,-0.01865450972,-0.03535087616,-0.2030695314,3.629039941e-05
2.942,-0.01860604312,-0.03540925245,-0.20308,-0.01859891443,-0.03538012504,-0.2030595327,3.630612487e-05
2.943,-0.01855039947,-0.03543843506,-0.20307,-0.01854327322,-0.03540928662,-0.203049534,3.63218125e-05
2.944,-0.01849471004,-0.03546753023,-0.20306,-0.01848758625,-0.03543836083,-0.2030395352,3.633746225e-05
2.945,-0.01843897498,-0.03549653788,-0.20305,-0.01843185363,-0.0354673476,-0.2030295364,3.635307408e-05
2.946,-0.01838319442,-0.03552545795,-0.20304,-0.01837607553,-0.03549624685,-0.2030195376,3.636864795e-05
2.947,-0.01832736851,-0.03555429037,-0.20303,-0.01832025206,-0.03552505853,-0.2030095387,3.638418381e-05
2.948,-0.01827149737,-0.03558303506,-0.20302,-0.01826438337,-0.03555378254,-0.2029995398,3.639968163e-05
2.949,-0.01821558115,-0.03561169195,-0.20301,-0.0182084696,-0.03558241884,-0.2029895409,3.641514137e-05
2.95,-0.01815961999,-0.03564026097,-0.203,-0.01815251088,-0.03561096733,-0.202979542,3.643056298e-05
2.951,-0.01810361402,-0.03566874205,-0.20299,-0.01809650736,-0.03563942796,-0.2029695431,3.644594642e-05
2.952,-0.01804756338,-0.03569713512,-0.20298,-0.01804045916,-0.03566780065,-0.2029595441,3.646129167e-05
2.953,-0.01799146821,-0.03572544012,-0.20297,-0.01798436644,-0.03569608534,-0.2029495451,3.647659868e-05
2.954,-0.01793532864,-0.03575365697,-0.20296,-0.01792822932,-0.03572428195,-0.202939546,3.649186741e-05
2.955,-0.01787914483,-0.03578178559,-0.20295,-0.01787204795,-0.03575239041,-0.202929547,3.650709781e-05
2.956,-0.0178229169,-0.03580982593,-0.20294,-0.01781582246,-0.03578041066,-0.2029195479,3.652228985e-05
2.957,-0.01776664499,-0.03583777792,-0.20293,-0.017759553,-0.03580834262,-0.2029095488,3.65374435e-05
2.958,-0.01771032924,-0.03586564147,-0.20292,-0.0177032397,-0.03583618622,-0.2028995497,3.655255873e-05
2.959,-0.0176539698,-0.03589341653,-0.20291,-0.0176468827,-0.03586394141,-0.2028895505,3.656763549e-05
2.96,-0.01759756679,-0.03592110303,-0.2029,-0.01759048214,-0.0358916081,-0.2028795513,3.658267376e-05
2.961,-0.01754112037,-0.0359487009,-0.20289,-0.01753403816,-0.03591918623,-0.2028695521,3.659767348e-05
2.962,-0.01748463067,-0.03597621006,-0.20288,-0.0174775509,-0.03594667574,-0.2028595529,3.661263463e-05
2.963,-0.01742809782,-0.03600363046,-0.20287,-0.0174210205,-0.03597407655,-0.2028495536,3.662755717e-05
2.964,-0.01737152197,-0.03603096202,-0.20286,-0.0173644471,-0.03600138859,-0.2028395543,3.664244106e-05
2.965,-0.01731490326,-0.03605820468,-0.20285,-0.01730783083,-0.03602861181,-0.202829555,3.665728627e-05
2.966,-0.01725824183,-0.03608535837,-0.20284,-0.01725117185,-0.03605574612,-0.2028195556,3.667209278e-05
2.967,-0.01720153781,-0.03611242303,-0.20283,-0.01719447028,-0.03608279148,-0.2028095563,3.668686056e-05
2.968,-0.01714479135,-0.03613939858,-0.20282,-0.01713772626,-0.0361097478,-0.2027995568,3.670158956e-05
2.969,-0.01708800259,-0.03616628496,-0.20281,-0.01708093994,-0.03613661502,-0.2027895574,3.671627974e-05
2.97,-0.01703117166,-0.0361930821,-0.2028,-0.01702411146,-0.03616339308,-0.202779558,3.673093109e-05
2.971,-0.01697429871,-0.03621978994,-0.20279,-0.01696724096,-0.0361900819,-0.2027695585,3.674554357e-05
2.972,-0.01691738388,-0.03624640841,-0.20278,-0.01691032858,-0.03621668144,-0.202759559,3.676011715e-05
2.973,-0.01686042731,-0.03627293745,-0.20277,-0.01685337445,-0.0362431916,-0.2027495594,3.677465179e-05
2.974,-0.01680342914,-0.03629937698,-0.20276,-0.01679637873,-0.03626961234,-0.2027395599,3.678914747e-05
2.975,-0.0167463895,-0.03632572695,-0.20275,-0.01673934154,-0.03629594359,-0.2027295603,3.680360416e-05
2.976,-0.01668930855,-0.03635198729,-0.20274,-0.01668226303,-0.03632218528,-0.2027195606,3.681802182e-05
2.977,-0.01663218641,-0.03637815794,-0.20273,-0.01662514334,-0.03634833735,-0.202709561,3.683240044e-05
2.978,-0.01657502324,-0.03640423883,-0.20272,-0.01656798262,-0.03637439973,-0.2026995613,3.684673997e-05
2.979,-0.01651781917,-0.03643022989,-0.20271,-0.016510781,-0.03640037236,-0.2026895616,3.68610404e-05
2.98,-0.01646057434,-0.03645613107,-0.2027,-0.01645353862,-0.03642625517,-0.2026795619,3.68753017e-05
2.981,-0.0164032889,-0.03648194229,-0.20269,-0.01639625563,-0.0364520481,-0.2026695621,3.688952383e-05
2.982,-0.01634596299,-0.0365076635,-0.20268,-0.01633893217,-0.03647775109,-0.2026595623,3.690370677e-05
2.983,-0.01628859674,-0.03653329462,-0.20267,-0.01628156838,-0.03650336408,-0.2026495625,3.691785048e-05
2.984,-0.01623119031,-0.03655883561,-0.20266,-0.01622416439,-0.03652888699,-0.2026395626,3.693195495e-05
2.985,-0.01617374382,-0.03658428639,-0.20265,-0.01616672036,-0.03655431977,-0.2026295628,3.694602016e-05
2.986,-0.01611625743,-0.0366096469,-0.20264,-0.01610923642,-0.03657966235,-0.2026195629,3.696004607e-05
2.987,-0.01605873127,-0.03663491709,-0.20263,-0.01605171272,-0.03660491468,-0.2026095629,3.697403265e-05
2.988,-0.01600116549,-0.03666009688,-0.20262,-0.01599414939,-0.03663007668,-0.202599563,3.698797989e-05
2.989,-0.01594356023,-0.03668518621,-0.20261,-0.01593654658,-0.0366551483,-0.202589563,3.700188775e-05
2.99,-0.01588591563,-0.03671018503,-0.2026,-0.01587890444,-0.03668012948,-0.2025795629,3.701575624e-05
2.991,-0.01582823183,-0.03673509327,-0.20259,-0.0158212231,-0.03670502015,-0.2025695629,3.70295853e-05
2.992,-0.01577050897,-0.03675991086,-0.20258,-0.0157635027,-0.03672982026,-0.2025595628,3.704337492e-05
2.993,-0.01571274721,-0.03678463776,-0.20257,-0.01570574339,-0.03675452973,-0.2025495627,3.705712507e-05
2.994,-0.01565494667,-0.03680927389,-0.20256,-0.01564794532,-0.03677914851,-0.2025395626,3.707083573e-05
2.995,-0.01559710751,-0.03683381921,-0.20255,-0.01559010862,-0.03680367655,-0.2025295624,3.708450688e-05
2.996,-0.01553922987,-0.03685827363,-0.20254,-0.01553223343,-0.03682811377,-0.2025195622,3.709813849e-05
2.997,-0.01548131388,-0.03688263712,-0.20253,-0.01547431991,-0.03685246012,-0.202509562,3.711173055e-05
2.998,-0.01542335969,-0.03690690959,-0.20252,-0.01541636818,-0.03687671553,-0.2024995617,3.712528305e-05
2.999,-0.01536536745,-0.03693109101,-0.20251,-0.01535837841,-0.03690087996,-0.2024895614,3.713879594e-05
3,-0.01530733729,-0.0369551813,-0.2025,-0.01530035072,-0.03692495333,-0.2024795611,3.715226923e-05
3.001,-0.01524926937,-0.03697918041,-0.20249,-0.01524228526,-0.0369489356,-0.2024695607,3.716570287e-05
3.002,-0.01519116382,-0.03700308827,-0.20248,-0.01518418218,-0.03697282669,-0.2024595604,3.717909686e-05
3.003,-0.01513302079,-0.03702690484,-0.20247,-0.01512604162,-0.03699662655,-0.20244956,3.719245118e-05
3.004,-0.01507484042,-0.03705063004,-0.20246,-0.01506786372,-0.03702033513,-0.2024395595,3.72057658e-05
3.005,-0.01501662285,-0.03707426383,-0.20245,-0.01500964862,-0.03704395236,-0.2024295591,3.721904071e-05
3.006,-0.01495836823,-0.03709780613,-0.20244,-0.01495139647,-0.03706747818,-0.2024195586,3.723227588e-05
3.007,-0.0149000767,-0.03712125691,-0.20243,-0.01489310742,-0.03709091255,-0.202409558,3.72454713e-05
3.008,-0.01484174841,-0.03714461609,-0.20242,-0.0148347816,-0.03711425539,-0.2023995575,3.725862695e-05
3.009,-0.0147833835,-0.03716788361,-0.20241,-0.01477641917,-0.03713750665,-0.2023895569,3.727174283e-05
3.01,-0.01472498211,-0.03719105944,-0.2024,-0.01471802026,-0.03716066628,-0.2023795563,3.72848189e-05
3.011,-0.01466654439,-0.03721414349,-0.20239,-0.01465958502,-0.03718373421,-0.2023695556,3.729785515e-05
3.012,-0.01460807048,-0.03723713572,-0.20238,-0.01460111359,-0.0372067104,-0.2023595549,3.731085158e-05
3.013,-0.01454956052,-0.03726003608,-0.20237,-0.01454260612,-0.03722959478,-0.2023495542,3.732380816e-05
3.014,-0.01449101467,-0.0372828445,-0.20236,-0.01448406275,-0.03725238729,-0.2023395535,3.733672487e-05
3.015,-0.01443243306,-0.03730556093,-0.20235,-0.01442548363,-0.03727508789,-0.2023295527,3.73496017e-05
3.016,-0.01437381584,-0.03732818531,-0.20234,-0.01436686889,-0.03729769651,-0.2023195519,3.736243863e-05
3.017,-0.01431516316,-0.03735071758,-0.20233,-0.0143082187,-0.0373202131,-0.2023095511,3.737523566e-05
3.018,-0.01425647515,-0.0373731577,-0.20232,-0.01424953318,-0.0373426376,-0.2022995502,3.738799276e-05
3.019,-0.01419775197,-0.0373955056,-0.20231,-0.01419081249,-0.03736496996,-0.2022895493,3.740070992e-05
3.02,-0.01413899375,-0.03741776123,-0.2023,-0.01413205677,-0.03738721013,-0.2022795484,3.741338713e-05
3.021,-0.01408020065,-0.03743992454,-0.20229,-0.01407326617,-0.03740935804,-0.2022695474,3.742602437e-05
3.022,-0.01402137281,-0.03746199547,-0.20228,-0.01401444083,-0.03743141364,-0.2022595464,3.743862164e-05
3.023,-0.01396251037,-0.03748397396,-0.20227,-0.01395558089,-0.03745337688,-0.2022495454,3.745117893e-05
3.024,-0.01390361348,-0.03750585997,-0.20226,-0.0138966865,-0.03747524771,-0.2022395443,3.746369622e-05
3.025,-0.01384468228,-0.03752765344,-0.20225,-0.01383775781,-0.03749702607,-0.2022295432,3.747617349e-05
3.026,-0.01378571693,-0.03754935431,-0.20224,-0.01377879496,-0.0375187119,-0.2022195421,3.748861074e-05
3.027,-0.01372671756,-0.03757096253,-0.20223,-0.01371979809,-0.03754030516,-0.202209541,3.750100795e-05
3.028,-0.01366768432,-0.03759247804,-0.20222,-0.01366076736,-0.03756180579,-0.2021995398,3.751336512e-05
3.029,-0.01360861735,-0.03761390081,-0.20221,-0.01360170291,-0.03758321373,-0.2021895386,3.752568223e-05
3.03,-0.01354951681,-0.03763523076,-0.2022,-0.01354260488,-0.03760452894,-0.2021795373,3.753795927e-05
3.031,-0.01349038284,-0.03765646785,-0.20219,-0.01348347342,-0.03762575136,-0.202169536,3.755019623e-05
3.032,-0.01343121558,-0.03767761203,-0.20218,-0.01342430868,-0.03764688094,-0.2021595347,3.756239312e-05
3.033,-0.01337201518,-0.03769866324,-0.20217,-0.0133651108,-0.03766791762,-0.2021495334,3.757454991e-05
3.034,-0.01331278178,-0.03771962144,-0.20216,-0.01330587993,-0.03768886136,-0.202139532,3.75866666e-05
3.035,-0.01325351554,-0.03774048656,-0.20215,-0.01324661621,-0.0377097121,-0.2021295306,3.759874318e-05
3.036,-0.01319421659,-0.03776125857,-0.20214,-0.0131873198,-0.0377304698,-0.2021195291,3.761077964e-05
3.037,-0.01313488509,-0.0377819374,-0.20213,-0.01312799083,-0.03775113439,-0.2021095276,3.762277598e-05
3.038,-0.01307552119,-0.03780252301,-0.20212,-0.01306862945,-0.03777170584,-0.2020995261,3.763473217e-05
3.039,-0.01301612502,-0.03782301534,-0.20211,-0.01300923581,-0.03779218408,-0.2020895246,3.764664823e-05
3.04,-0.01295669673,-0.03784341435,-0.2021,-0.01294981006,-0.03781256907,-0.202079523,3.765852413e-05
3.041,-0.01289723647,-0.03786371999,-0.20209,-0.01289035234,-0.03783286076,-0.2020695214,3.767035989e-05
3.042,-0.01283774439,-0.0378839322,-0.20208,-0.01283086281,-0.03785305909,-0.2020595198,3.768215549e-05
3.043,-0.01277822064,-0.03790405094,-0.20207,-0.0127713416,-0.03787316402,-0.2020495181,3.769391092e-05
3.044,-0.01271866535,-0.03792407615,-0.20206,-0.01271178886,-0.0378931755,-0.2020395164,3.770562617e-05
3.045,-0.01265907869,-0.03794400779,-0.20205,-0.01265220474,-0.03791309348,-0.2020295146,3.771730124e-05
3.046,-0.01259946079,-0.0379638458,-0.20204,-0.01259258939,-0.03793291791,-0.2020195129,3.772893614e-05
3.047,-0.0125398118,-0.03798359014,-0.20203,-0.01253294296,-0.03795264874,-0.2020095111,3.774053085e-05
3.048,-0.01248013187,-0.03800324076,-0.20202,-0.01247326558,-0.03797228592,-0.2019995092,3.775208539e-05
3.049,-0.01242042114,-0.03802279762,-0.20201,-0.01241355742,-0.0379918294,-0.2019895074,3.776359973e-05
3.05,-0.01236067977,-0.03804226065,-0.202,-0.01235381861,-0.03801127914,-0.2019795054,3.777507385e-05
3.051,-0.01230090791,-0.03806162982,-0.20199,-0.01229404931,-0.03803063509,-0.2019695035,3.778650778e-05
3.052,-0.01224110569,-0.03808090508,-0.20198,-0.01223424966,-0.03804989719,-0.2019595015,3.77979015e-05
3.053,-0.01218127326,-0.03810008637,-0.20197,-0.01217441981,-0.03806906541,-0.2019494995,3.780925502e-05
3.054,-0.01212141079,-0.03811917366,-0.20196,-0.0121145599,-0.03808813969,-0.2019394975,3.782056834e-05
3.055,-0.0120615184,-0.03813816689,-0.20195,-0.01205467009,-0.03810711999,-0.2019294954,3.783184145e-05
3.056,-0.01200159625,-0.03815706602,-0.20194,-0.01199475052,-0.03812600626,-0.2019194933,3.784307434e-05
3.057,-0.01194164449,-0.038175871,-0.20193,-0.01193480135,-0.03814479845,-0.2019094911,3.785426702e-05
3.058,-0.01188166326,-0.03819458179,-0.20192,-0.01187482271,-0.03816349652,-0.201899489,3.786541949e-05
3.059,-0.01182165272,-0.03821319833,-0.20191,-0.01181481475,-0.03818210042,-0.2018894867,3.787653174e-05
3.06,-0.01176161301,-0.03823172059,-0.2019,-0.01175477763,-0.03820061011,-0.2018794845,3.788760378e-05
3.061,-0.01170154428,-0.03825014852,-0.20189,-0.0116947115,-0.03821902553,-0.2018694822,3.78986356e-05
3.062,-0.01164144667,-0.03826848206,-0.20188,-0.01163461649,-0.03823734665,-0.2018594799,3.79096272e-05
3.063,-0.01158132034,-0.03828672118,-0.20187,-0.01157449277,-0.03825557342,-0.2018494775,3.79205786e-05
3.064,-0.01152116544,-0.03830486584,-0.20186,-0.01151434047,-0.03827370579,-0.2018394752,3.793148978e-05
3.065,-0.01146098211,-0.03832291598,-0.20185,-0.01145415974,-0.03829174372,-0.2018294727,3.794236075e-05
3.066,-0.0114007705,-0.03834087156,-0.20184,-0.01139395075,-0.03830968717,-0.2018194703,3.795319151e-05
3.067,-0.01134053076,-0.03835873254,-0.20183,-0.01133371362,-0.03832753608,-0.2018094678,3.796398205e-05
3.068,-0.01128026304,-0.03837649887,-0.20182,-0.01127344852,-0.03834529042,-0.2017994653,3.79747324e-05
3.069,-0.01121996748,-0.03839417052,-0.20181,-0.01121315558,-0.03836295015,-0.2017894627,3.798544254e-05
3.07,-0.01115964424,-0.03841174743,-0.2018,-0.01115283497,-0.03838051521,-0.2017794601,3.799611247e-05
3.071,-0.01109929347,-0.03842922956,-0.20179,-0.01109248682,-0.03839798557,-0.2017694575,3.800674221e-05
3.072,-0.01103891531,-0.03844661687,-0.20178,-0.01103211129,-0.03841536118,-0.2017594548,3.801733175e-05
3.073,-0.01097850991,-0.03846390932,-0.20177,-0.01097170853,-0.038432642,-0.2017494521,3.80278811e-05
3.074,-0.01091807742,-0.03848110686,-0.20176,-0.01091127868,-0.03844982798,-0.2017394494,3.803839026e-05
3.075,-0.01085761799,-0.03849820946,-0.20175,-0.0108508219,-0.03846691909,-0.2017294466,3.804885924e-05
3.076,-0.01079713178,-0.03851521706,-0.20174,-0.01079033833,-0.03848391529,-0.2017194438,3.805928804e-05
3.077,-0.01073661892,-0.03853212963,-0.20173,-0.01072982813,-0.03850081652,-0.201709441,3.806967668e-05
3.078,-0.01067607957,-0.03854894713,-0.20172,-0.01066929143,-0.03851762275,-0.2016994381,3.808002513e-05
3.079,-0.01061551388,-0.03856566951,-0.20171,-0.0106087284,-0.03853433394,-0.2016894352,3.809033342e-05
3.08,-0.010554922,-0.03858229674,-0.2017,-0.01054813918,-0.03855095004,-0.2016794322,3.810060156e-05
3.081,-0.01049430407,-0.03859882877,-0.20169,-0.01048752392,-0.03856747102,-0.2016694292,3.811082954e-05
3.082,-0.01043366025,-0.03861526555,-0.20168,-0.01042688277,-0.03858389683,-0.2016594262,3.812101738e-05
3.083,-0.01037299069,-0.03863160706,-0.20167,-0.01036621588,-0.03860022743,-0.2016494232,3.813116509e-05
3.084,-0.01031229553,-0.03864785325,-0.20166,-0.01030552339,-0.03861646279,-0.2016394201,3.814127265e-05
3.085,-0.01025157493,-0.03866400408,-0.20165,-0.01024480547,-0.03863260286,-0.2016294169,3.81513401e-05
3.086,-0.01019082903,-0.03868005951,-0.20164,-0.01018406226,-0.0386486476,-0.2016194138,3.816136743e-05
3.087,-0.01013005798,-0.0386960195,-0.20163,-0.01012329391,-0.03866459697,-0.2016094106,3.817135464e-05
3.088,-0.01006926195,-0.03871188401,-0.20162,-0.01006250056,-0.03868045094,-0.2015994073,3.818130175e-05
3.089,-0.01000844106,-0.03872765301,-0.20161,-0.01000168238,-0.03869620947,-0.2015894041,3.819120877e-05
3.09,-0.009947595487,-0.03874332645,-0.2016,-0.009940839504,-0.03871187251,-0.2015794008,3.820107572e-05
3.091,-0.009886725364,-0.03875890429,-0.20159,-0.009879972089,-0.03872744003,-0.2015693974,3.821090258e-05
3.092,-0.009825830848,-0.0387743865,-0.20158,-0.009819080283,-0.03874291198,-0.201559394,3.822068938e-05
3.093,-0.009764912087,-0.03878977303,-0.20157,-0.009758164237,-0.03875828834,-0.2015493906,3.823043612e-05
3.094,-0.009703969232,-0.03880506386,-0.20156,-0.009697224101,-0.03877356906,-0.2015393872,3.824014281e-05
3.095,-0.009643002433,-0.03882025894,-0.20155,-0.009636260027,-0.0387887541,-0.2015293837,3.824980946e-05
3.096,-0.009582011842,-0.03883535823,-0.20154,-0.009575272163,-0.03880384343,-0.2015193801,3.82594361e-05
3.097,-0.009520997607,-0.0388503617,-0.20153,-0.009514260661,-0.03881883701,-0.2015093766,3.826902272e-05
3.098,-0.009459959881,-0.03886526932,-0.20152,-0.009453225672,-0.03883373481,-0.201499373,3.827856932e-05
3.099,-0.009398898813,-0.03888008103,-0.20151,-0.009392167346,-0.03884853678,-0.2014893693,3.828807593e-05
3.1,-0.009337814554,-0.03889479682,-0.2015,-0.009331085833,-0.03886324289,-0.2014793657,3.829754256e-05
3.101,-0.009276707255,-0.03890941663,-0.20149,-0.009269981285,-0.0388778531,-0.201469362,3.830696923e-05
3.102,-0.009215577067,-0.03892394044,-0.20148,-0.009208853852,-0.03889236738,-0.2014593582,3.831635595e-05
3.103,-0.00915442414,-0.03893836821,-0.20147,-0.009147703685,-0.0389067857,-0.2014493544,3.832570272e-05
3.104,-0.009093248626,-0.0389526999,-0.20146,-0.009086530935,-0.03892110801,-0.2014393506,3.833500955e-05
3.105,-0.009032050675,-0.03896693548,-0.20145,-0.009025335754,-0.03893533427,-0.2014293467,3.834427646e-05
3.106,-0.008970830438,-0.03898107491,-0.20144,-0.008964118291,-0.03894946447,-0.2014193428,3.835350345e-05
3.107,-0.008909588067,-0.03899511816,-0.20143,-0.008902878699,-0.03896349855,-0.2014093389,3.836269055e-05
3.108,-0.008848323712,-0.0390090652,-0.20142,-0.008841617128,-0.03897743649,-0.2013993349,3.837183779e-05
3.109,-0.008787037524,-0.03902291598,-0.20141,-0.008780333729,-0.03899127826,-0.2013893309,3.838094515e-05
3.11,-0.008725729656,-0.03903667048,-0.2014,-0.008719028654,-0.03900502381,-0.2013793269,3.839001268e-05
3.111,-0.008664400258,-0.03905032866,-0.20139,-0.008657702054,-0.03901867311,-0.2013693228,3.839904037e-05
3.112,-0.008603049481,-0.03906389048,-0.20138,-0.008596354081,-0.03903222613,-0.2013593187,3.840802823e-05
3.113,-0.008541677477,-0.03907735592,-0.20137,-0.008534984885,-0.03904568284,-0.2013493145,3.841697629e-05
3.114,-0.008480284397,-0.03909072494,-0.20136,-0.008473594619,-0.0390590432,-0.2013393103,3.842588455e-05
3.115,-0.008418870393,-0.03910399751,-0.20135,-0.008412183434,-0.03907230718,-0.2013293061,3.843475304e-05
3.116,-0.008357435616,-0.03911717359,-0.20134,-0.008350751481,-0.03908547475,-0.2013193018,3.844358177e-05
3.117,-0.008295980218,-0.03913025316,-0.20133,-0.008289298912,-0.03909854588,-0.2013092975,3.845237076e-05
3.118,-0.008234504351,-0.03914323617,-0.20132,-0.008227825879,-0.03911152052,-0.2012992932,3.846112003e-05
3.119,-0.008173008166,-0.03915612261,-0.20131,-0.008166332533,-0.03912439866,-0.2012892888,3.846982959e-05
3.12,-0.008111491814,-0.03916891242,-0.2013,-0.008104819026,-0.03913718026,-0.2012792843,3.847849946e-05
3.121,-0.008049955449,-0.0391816056,-0.20129,-0.008043285511,-0.03914986528,-0.2012692799,3.848712966e-05
3.122,-0.007988399221,-0.0391942021,-0.20128,-0.007981732138,-0.0391624537,-0.2012592754,3.84957202e-05
3.123,-0.007926823282,-0.03920670188,-0.20127,-0.00792015906,-0.03917494548,-0.2012492708,3.850427111e-05
3.124,-0.007865227785,-0.03921910493,-0.20126,-0.007858566429,-0.03918734059,-0.2012392663,3.851278239e-05
3.125,-0.007803612881,-0.03923141122,-0.20125,-0.007796954396,-0.03919963901,-0.2012292617,3.852125407e-05
3.126,-0.007741978722,-0.0392436207,-0.20124,-0.007735323114,-0.03921184071,-0.201219257,3.852968617e-05
3.127,-0.007680325461,-0.03925573335,-0.20123,-0.007673672736,-0.03922394564,-0.2012092523,3.853807872e-05
3.128,-0.007618653249,-0.03926774914,-0.20122,-0.007612003412,-0.03923595379,-0.2011992476,3.854643171e-05
3.129,-0.007556962239,-0.03927966804,-0.20121,-0.007550315296,-0.03924786512,-0.2011892428,3.855474519e-05
3.13,-0.007495252583,-0.03929149003,-0.2012,-0.007488608539,-0.0392596796,-0.201179238,3.856301916e-05
3.131,-0.007433524434,-0.03930321507,-0.20119,-0.007426883294,-0.03927139721,-0.2011692332,3.857125365e-05
3.132,-0.007371777942,-0.03931484313,-0.20118,-0.007365139714,-0.03928301792,-0.2011592283,3.857944868e-05
3.133,-0.007310013262,-0.03932637418,-0.20117,-0.00730337795,-0.03929454169,-0.2011492234,3.858760426e-05
3.134,-0.007248230545,-0.0393378082,-0.20116,-0.007241598155,-0.0393059685,-0.2011392184,3.859572043e-05
3.135,-0.007186429944,-0.03934914516,-0.20115,-0.007179800481,-0.03931729832,-0.2011292134,3.86037972e-05
3.136,-0.007124611611,-0.03936038503,-0.20114,-0.007117985082,-0.03932853113,-0.2011192084,3.861183459e-05
3.137,-0.007062775698,-0.03937152778,-0.20113,-0.007056152109,-0.03933966688,-0.2011092033,3.861983263e-05
3.138,-0.007000922359,-0.03938257338,-0.20112,-0.006994301715,-0.03935070557,-0.2010991982,3.862779133e-05
3.139,-0.006939051746,-0.03939352181,-0.20111,-0.006932434054,-0.03936164715,-0.201089193,3.863571072e-05
3.14,-0.006877164011,-0.03940437305,-0.2011,-0.006870549276,-0.03937249161,-0.2010791878,3.864359082e-05
3.141,-0.006815259308,-0.03941512705,-0.20109,-0.006808647536,-0.03938323891,-0.2010691826,3.865143166e-05
3.142,-0.006753337789,-0.03942578381,-0.20108,-0.006746728987,-0.03939388904,-0.2010591773,3.865923326e-05
3.143,-0.006691399606,-0.03943634328,-0.20107,-0.00668479378,-0.03940444195,-0.201049172,3.866699563e-05
3.144,-0.006629444913,-0.03944680545,-0.20106,-0.006622842068,-0.03941489764,-0.2010391667,3.867471881e-05
3.145,-0.006567473863,-0.03945717029,-0.20105,-0.006560874006,-0.03942525606,-0.2010291613,3.868240283e-05
3.146,-0.006505486608,-0.03946743777,-0.20104,-0.006498889745,-0.0394355172,-0.2010191558,3.86900477e-05
3.147,-0.006443483301,-0.03947760787,-0.20103,-0.006436889438,-0.03944568103,-0.2010091504,3.869765345e-05
3.148,-0.006381464096,-0.03948768056,-0.20102,-0.006374873239,-0.03945574753,-0.2009991449,3.87052201e-05
3.149,-0.006319429145,-0.03949765582,-0.20101,-0.006312841301,-0.03946571667,-0.2009891393,3.871274769e-05
3.15,-0.006257378602,-0.03950753362,-0.201,-0.006250793777,-0.03947558842,-0.2009791337,3.872023622e-05
3.151,-0.006195312619,-0.03951731395,-0.20099,-0.006188730819,-0.03948536276,-0.2009691281,3.872768575e-05
3.152,-0.006133231349,-0.03952699676,-0.20098,-0.006126652582,-0.03949503968,-0.2009591225,3.873509627e-05
3.153,-0.006071134947,-0.03953658205,-0.20097,-0.006064559218,-0.03950461913,-0.2009491167,3.874246783e-05
3.154,-0.006009023565,-0.03954606979,-0.20096,-0.00600245088,-0.03951410111,-0.200939111,3.874980044e-05
3.155,-0.005946897356,-0.03955545995,-0.20095,-0.005940327722,-0.03952348558,-0.2009291052,3.875709415e-05
3.156,-0.005884756474,-0.03956475251,-0.20094,-0.005878189898,-0.03953277252,-0.2009190994,3.876434896e-05
3.157,-0.005822601071,-0.03957394745,-0.20093,-0.005816037559,-0.03954196192,-0.2009090935,3.877156491e-05
3.158,-0.005760431302,-0.03958304474,-0.20092,-0.005753870861,-0.03955105374,-0.2008990876,3.877874204e-05
3.159,-0.00569824732,-0.03959204437,-0.20091,-0.005691689956,-0.03956004797,-0.2008890817,3.878588035e-05
3.16,-0.005636049278,-0.03960094631,-0.2009,-0.005629494998,-0.03956894458,-0.2008790757,3.879297989e-05
3.161,-0.005573837329,-0.03960975053,-0.20089,-0.00556728614,-0.03957774355,-0.2008690697,3.880004069e-05
3.162,-0.005511611627,-0.03961845703,-0.20088,-0.005505063536,-0.03958644486,-0.2008590636,3.880706278e-05
3.163,-0.005449372327,-0.03962706577,-0.20087,-0.00544282734,-0.03959504849,-0.2008490575,3.881404617e-05
3.164,-0.00538711958,-0.03963557673,-0.20086,-0.005380577704,-0.03960355441,-0.2008390514,3.882099091e-05
3.165,-0.005324853541,-0.03964398989,-0.20085,-0.005318314783,-0.03961196261,-0.2008290452,3.882789701e-05
3.166,-0.005262574364,-0.03965230524,-0.20084,-0.005256038731,-0.03962027307,-0.200819039,3.883476451e-05
3.167,-0.005200282201,-0.03966052275,-0.20083,-0.0051937497,-0.03962848576,-0.2008090327,3.884159343e-05
3.168,-0.005137977208,-0.0396686424,-0.20082,-0.005131447845,-0.03963660066,-0.2007990264,3.884838381e-05
3.169,-0.005075659537,-0.03967666418,-0.20081,-0.00506913332,-0.03964461776,-0.2007890201,3.885513568e-05
3.17,-0.005013329343,-0.03968458805,-0.2008,-0.005006806278,-0.03965253703,-0.2007790137,3.886184908e-05
3.171,-0.004950986778,-0.03969241401,-0.20079,-0.004944466873,-0.03966035846,-0.2007690073,3.886852402e-05
3.172,-0.004888631998,-0.03970014203,-0.20078,-0.004882115259,-0.03966808202,-0.2007590008,3.887516056e-05
3.173,-0.004826265155,-0.03970777209,-0.20077,-0.00481975159,-0.0396757077,-0.2007489943,3.888175872e-05
3.174,-0.004763886404,-0.03971530418,-0.20076,-0.00475737602,-0.03968323548,-0.2007389878,3.888831852e-05
3.175,-0.004701495898,-0.03972273828,-0.20075,-0.004694988703,-0.03969066533,-0.2007289812,3.889484001e-05
3.176,-0.004639093792,-0.03973007436,-0.20074,-0.004632589792,-0.03969799725,-0.2007189745,3.89013232e-05
3.177,-0.00457668024,-0.03973731242,-0.20073,-0.004570179442,-0.0397052312,-0.2007089679,3.890776812e-05
3.178,-0.004514255395,-0.03974445242,-0.20072,-0.004507757807,-0.03971236719,-0.2006989612,3.891417481e-05
3.179,-0.004451819412,-0.03975149436,-0.20071,-0.00444532504,-0.03971940517,-0.2006889544,3.892054333e-05
3.18,-0.004389372444,-0.03975843822,-0.2007,-0.004382881297,-0.03972634515,-0.2006789476,3.892687369e-05
3.181,-0.004326914645,-0.03976528398,-0.20069,-0.00432042673,-0.0397331871,-0.2006689408,3.893316592e-05
3.182,-0.004264446171,-0.03977203162,-0.20068,-0.004257961495,-0.03973993101,-0.2006589339,3.893942008e-05
3.183,-0.004201967174,-0.03977868112,-0.20067,-0.004195485745,-0.03974657685,-0.200648927,3.894563619e-05
3.184,-0.00413947781,-0.03978523248,-0.20066,-0.004132999634,-0.03975312462,-0.2006389201,3.895181428e-05
3.185,-0.004076978232,-0.03979168567,-0.20065,-0.004070503317,-0.0397595743,-0.2006289131,3.895795439e-05
3.186,-0.004014468594,-0.03979804068,-0.20064,-0.004007996949,-0.03976592586,-0.2006189061,3.896405654e-05
3.187,-0.003951949051,-0.03980429749,-0.20063,-0.003945480682,-0.0397721793,-0.200608899,3.897012077e-05
3.188,-0.003889419757,-0.03981045609,-0.20062,-0.003882954672,-0.0397783346,-0.2005988919,3.897614712e-05
3.189,-0.003826880866,-0.03981651646,-0.20061,-0.003820419073,-0.03978439174,-0.2005888847,3.898213563e-05
3.19,-0.003764332533,-0.03982247858,-0.2006,-0.003757874039,-0.03979035071,-0.2005788775,3.898808634e-05
3.191,-0.003701774911,-0.03982834245,-0.20059,-0.003695319725,-0.0397962115,-0.2005688703,3.899399928e-05
3.192,-0.003639208156,-0.03983410805,-0.20058,-0.003632756284,-0.03980197408,-0.200558863,3.899987449e-05
3.193,-0.003576632422,-0.03983977536,-0.20057,-0.003570183872,-0.03980763845,-0.2005488557,3.900571201e-05
3.194,-0.003514047862,-0.03984534437,-0.20056,-0.003507602643,-0.03981320459,-0.2005388483,3.901151186e-05
3.195,-0.003451454632,-0.03985081506,-0.20055,-0.003445012751,-0.0398186725,-0.2005288409,3.901727409e-05
3.196,-0.003388852886,-0.03985618743,-0.20054,-0.00338241435,-0.03982404214,-0.2005188335,3.902299873e-05
3.197,-0.003326242778,-0.03986146145,-0.20053,-0.003319807596,-0.03982931352,-0.200508826,3.902868584e-05
3.198,-0.003263624463,-0.03986663712,-0.20052,-0.003257192643,-0.03983448661,-0.2004988185,3.903433545e-05
3.199,-0.003200998095,-0.03987171443,-0.20051,-0.003194569644,-0.03983956141,-0.2004888109,3.903994759e-05
3.2,-0.003138363829,-0.03987669335,-0.2005,-0.003131938756,-0.0398445379,-0.2004788033,3.904552229e-05
3.201,-0.00307572182,-0.03988157388,-0.20049,-0.003069300132,-0.03984941608,-0.2004687957,3.90510596e-05
3.202,-0.003013072221,-0.03988635601,-0.20048,-0.003006653927,-0.03985419592,-0.200458788,3.905655956e-05
3.203,-0.002950415188,-0.03989103972,-0.20047,-0.002944000295,-0.03985887742,-0.2004487803,3.90620222e-05
3.204,-0.002887750875,-0.03989562501,-0.20046,-0.002881339392,-0.03986346056,-0.2004387725,3.906744759e-05
3.205,-0.002825079437,-0.03990011186,-0.20045,-0.002818671372,-0.03986794534,-0.2004287647,3.907283573e-05
3.206,-0.002762401029,-0.03990450025,-0.20044,-0.002755996389,-0.03987233174,-0.2004187568,3.907818669e-05
3.207,-0.002699715804,-0.03990879019,-0.20043,-0.002693314598,-0.03987661975,-0.2004087489,3.908350051e-05
3.208,-0.002637023918,-0.03991298166,-0.20042,-0.002630626155,-0.03988080937,-0.200398741,3.908877721e-05
3.209,-0.002574325526,-0.03991707464,-0.20041,-0.002567931213,-0.03988490057,-0.200388733,3.909401685e-05
3.21,-0.002511620781,-0.03992106914,-0.2004,-0.002505229927,-0.03988889336,-0.200378725,3.909921946e-05
3.211,-0.00244890984,-0.03992496513,-0.20039,-0.002442522452,-0.03989278771,-0.200368717,3.910438508e-05
3.212,-0.002386192856,-0.03992876261,-0.20038,-0.002379808943,-0.03989658363,-0.2003587088,3.910951376e-05
3.213,-0.002323469984,-0.03993246157,-0.20037,-0.002317089555,-0.0399002811,-0.2003487007,3.911460554e-05
3.214,-0.002260741379,-0.039936062,-0.20036,-0.002254364443,-0.03990388012,-0.2003386925,3.911966047e-05
3.215,-0.002198007196,-0.0399395639,-0.20035,-0.00219163376,-0.03990738066,-0.2003286843,3.912467858e-05
3.216,-0.00213526759,-0.03994296724,-0.20034,-0.002128897663,-0.03991078274,-0.200318676,3.912965992e-05
3.217,-0.002072522716,-0.03994627204,-0.20033,-0.002066156305,-0.03991408633,-0.2003086677,3.913460453e-05
3.218,-0.002009772727,-0.03994947826,-0.20032,-0.002003409843,-0.03991729143,-0.2002986594,3.913951245e-05
3.219,-0.00194701778,-0.03995258592,-0.20031,-0.00194065843,-0.03992039803,-0.200288651,3.914438373e-05
3.22,-0.001884258028,-0.039955595,-0.2003,-0.001877902221,-0.03992340612,-0.2002786425,3.914921842e-05
3.221,-0.001821493628,-0.03995850549,-0.20029,-0.001815141372,-0.0399263157,-0.2002686341,3.915401656e-05
3.222,-0.001758724733,-0.03996131739,-0.20028,-0.001752376037,-0.03992912676,-0.2002586255,3.915877819e-05
3.223,-0.001695951498,-0.03996403068,-0.20027,-0.001689606371,-0.03993183929,-0.200248617,3.916350337e-05
3.224,-0.001633174079,-0.03996664537,-0.20026,-0.001626832529,-0.03993445328,-0.2002386084,3.916819214e-05
3.225,-0.00157039263,-0.03996916145,-0.20025,-0.001564054666,-0.03993696873,-0.2002285997,3.917284452e-05
3.226,-0.001507607307,-0.03997157891,-0.20024,-0.001501272937,-0.03993938564,-0.2002185911,3.917746058e-05
3.227,-0.001444818263,-0.03997389774,-0.20023,-0.001438487497,-0.03994170399,-0.2002085823,3.918204035e-05
3.228,-0.001382025655,-0.03997611793,-0.20022,-0.001375698501,-0.03994392379,-0.2001985736,3.918658389e-05
3.229,-0.001319229637,-0.0399782395,-0.20021,-0.001312906103,-0.03994604501,-0.2001885648,3.919109125e-05
3.23,-0.001256430363,-0.03998026241,-0.2002,-0.00125011046,-0.03994806767,-0.2001785559,3.919556247e-05
3.231,-0.00119362799,-0.03998218669,-0.20019,-0.001187311725,-0.03994999176,-0.200168547,3.91999976e-05
3.232,-0.001130822671,-0.03998401231,-0.20018,-0.001124510053,-0.03995181726,-0.2001585381,3.920439668e-05
3.233,-0.001068014562,-0.03998573927,-0.20017,-0.001061705601,-0.03995354418,-0.2001485291,3.920875976e-05
3.234,-0.001005203818,-0.03998736757,-0.20016,-0.0009988985221,-0.03995517251,-0.2001385201,3.921308689e-05
3.235,-0.0009423905933,-0.03998889721,-0.20015,-0.000936088972,-0.03995670225,-0.200128511,3.921737811e-05
3.236,-0.0008795750437,-0.03999032818,-0.20014,-0.0008732771055,-0.03995813339,-0.2001185019,3.922163349e-05
3.237,-0.0008167573238,-0.03999166047,-0.20013,-0.0008104630779,-0.03995946593,-0.2001084928,3.922585306e-05
3.238,-0.0007539375886,-0.0399928941,-0.20012,-0.000747647044,-0.03996069987,-0.2000984836,3.923003689e-05
3.239,-0.0006911159932,-0.03999402904,-0.20011,-0.0006848291589,-0.0399618352,-0.2000884743,3.9234185e-05
3.24,-0.0006282926925,-0.0399950653,-0.2001,-0.0006220095776,-0.03996287193,-0.2000784651,3.923829746e-05
3.241,-0.0005654678415,-0.03999600288,-0.20009,-0.0005591884552,-0.03996381004,-0.2000684558,3.924237431e-05
3.242,-0.0005026415953,-0.03999684177,-0.20008,-0.0004963659466,-0.03996464954,-0.2000584464,3.924641559e-05
3.243,-0.0004398141089,-0.03999758197,-0.20007,-0.000433542207,-0.03996539042,-0.200048437,3.925042137e-05
3.244,-0.0003769855373,-0.03999822348,-0.20006,-0.0003707173914,-0.03996603269,-0.2000384276,3.92543917e-05
3.245,-0.0003141560355,-0.03999876631,-0.20005,-0.0003078916549,-0.03996657633,-0.2000284181,3.925832663e-05
3.246,-0.0002513257586,-0.03999921043,-0.20004,-0.0002450651524,-0.03996702136,-0.2000184086,3.926222619e-05
3.247,-0.0001884948616,-0.03999955587,-0.20003,-0.0001822380391,-0.03996736776,-0.200008399,3.926609045e-05
3.248,-0.0001256634994,-0.03999980261,-0.20002,-0.0001194104699,-0.03996761554,-0.1999983894,3.926991945e-05
3.249,-6.283182723e-05,-0.03999995065,-0.20001,-5.658260004e-05,-0.0399677647,-0.1999883797,3.927371326e-05
3.25,-7.347880795e-18,-0.04,-0.2,6.245415547e-06,-0.03996781523,-0.19997837,3.927747192e-05
3.251,6.283182723e-05,-0.03999995065,-0.19999,6.907342178e-05,-0.03996776714,-0.1999683603,3.92811955e-05
3.252,0.0001256634994,-0.03999980261,-0.19998,0.0001319012636,-0.03996762043,-0.1999583505,3.928488404e-05
3.253,0.0001884948616,-0.03999955587,-0.19997,0.0001947287859,-0.03996737509,-0.1999483407,3.928853758e-05
3.254,0.0002513257586,-0.03999921043,-0.19996,0.0002575558337,-0.03996703113,-0.1999383308,3.929215618e-05
3.255,0.0003141560355,-0.03999876631,-0.19995,0.000320382252,-0.03996658855,-0.1999283209,3.92957399e-05
3.256,0.0003769855373,-0.03999822348,-0.19994,0.0003832078856,-0.03996604735,-0.199918311,3.929928878e-05
3.257,0.0004398141089,-0.03999758197,-0.19993,0.0004460325795,-0.03996540753,-0.199908301,3.93028029e-05
3.258,0.0005026415953,-0.03999684177,-0.19992,0.0005088561787,-0.03996466909,-0.199898291,3.93062823e-05
3.259,0.0005654678415,-0.03999600288,-0.19991,0.0005716785282,-0.03996383203,-0.1998882809,3.930972703e-05
3.26,0.0006282926925,-0.0399950653,-0.1999,0.0006344994728,-0.03996289636,-0.1998782708,3.931313714e-05
3.261,0.0006911159932,-0.03999402904,-0.19989,0.0006973188576,-0.03996186208,-0.1998682606,3.931651269e-05
3.262,0.0007539375886,-0.0399928941,-0.19988,0.0007601365275,-0.03996072919,-0.1998582504,3.931985375e-05
3.263,0.0008167573238,-0.03999166047,-0.19987,0.0008229523275,-0.0399594977,-0.1998482402,3.932316036e-05
3.264,0.0008795750437,-0.03999032818,-0.19986,0.0008857661026,-0.0399581676,-0.1998382299,3.932643259e-05
3.265,0.0009423905933,-0.03998889721,-0.19985,0.0009485776977,-0.0399567389,-0.1998282196,3.932967048e-05
3.266,0.001005203818,-0.03998736757,-0.19984,0.001011386958,-0.03995521161,-0.1998182092,3.933287409e-05
3.267,0.001068014562,-0.03998573927,-0.19983,0.001074193728,-0.03995358572,-0.1998081988,3.933604348e-05
3.268,0.001130822671,-0.03998401231,-0.19982,0.001136997853,-0.03995186125,-0.1997981884,3.933917872e-05
3.269,0.00119362799,-0.03998218669,-0.19981,0.001199799179,-0.03995003819,-0.1997881779,3.934227984e-05
3.27,0.001256430363,-0.03998026241,-0.1998,0.001262597549,-0.03994811655,-0.1997781673,3.934534692e-05
3.271,0.001319229637,-0.0399782395,-0.19979,0.001325392809,-0.03994609633,-0.1997681568,3.934838e-05
3.272,0.001382025655,-0.03997611793,-0.19978,0.001388184805,-0.03994397755,-0.1997581461,3.935137915e-05
3.273,0.001444818263,-0.03997389774,-0.19977,0.00145097338,-0.0399417602,-0.1997481355,3.935434442e-05
3.274,0.001507607307,-0.03997157891,-0.19976,0.001513758381,-0.03993944429,-0.1997381248,3.935727588e-05
3.275,0.00157039263,-0.03996916145,-0.19975,0.001576539652,-0.03993702982,-0.199728114,3.936017357e-05
3.276,0.001633174079,-0.03996664537,-0.19974,0.001639317038,-0.03993451681,-0.1997181032,3.936303757e-05
3.277,0.001695951498,-0.03996403068,-0.19973,0.001702090385,-0.03993190526,-0.1997080924,3.936586794e-05
3.278,0.001758724733,-0.03996131739,-0.19972,0.001764859537,-0.03992919518,-0.1996980815,3.936866474e-05
3.279,0.001821493628,-0.03995850549,-0.19971,0.00182762434,-0.03992638656,-0.1996880706,3.9371428e-05
3.28,0.001884258028,-0.039955595,-0.1997,0.001890384638,-0.03992347942,-0.1996780597,3.937415781e-05
3.281,0.00194701778,-0.03995258592,-0.19969,0.001953140277,-0.03992047377,-0.1996680487,3.937685422e-05
3.282,0.002009772727,-0.03994947826,-0.19968,0.002015891102,-0.03991736962,-0.1996580376,3.937951728e-05
3.283,0.002072522716,-0.03994627204,-0.19967,0.002078636958,-0.03991416696,-0.1996480265,3.938214708e-05
3.284,0.00213526759,-0.03994296724,-0.19966,0.00214137769,-0.03991086581,-0.1996380154,3.938474366e-05
3.285,0.002198007196,-0.0399395639,-0.19965,0.002204113143,-0.03990746618,-0.1996280042,3.938730707e-05
3.286,0.002260741379,-0.039936062,-0.19964,0.002266843163,-0.03990396808,-0.199617993,3.938983739e-05
3.287,0.002323469984,-0.03993246157,-0.19963,0.002329567595,-0.03990037151,-0.1996079818,3.939233468e-05
3.288,0.002386192856,-0.03992876261,-0.19962,0.002392286284,-0.03989667648,-0.1995979705,3.939479901e-05
3.289,0.00244890984,-0.03992496513,-0.19961,0.002454999074,-0.039892883,-0.1995879591,3.939723043e-05
3.29,0.002511620781,-0.03992106914,-0.1996,0.002517705812,-0.03988899109,-0.1995779477,3.939962901e-05
3.291,0.002574325526,-0.03991707464,-0.19959,0.002580406343,-0.03988500074,-0.1995679363,3.940199481e-05
3.292,0.002637023918,-0.03991298166,-0.19958,0.002643100512,-0.03988091198,-0.1995579249,3.94043279e-05
3.293,0.002699715804,-0.03990879019,-0.19957,0.002705788163,-0.03987672481,-0.1995479134,3.940662832e-05
3.294,0.002762401029,-0.03990450025,-0.19956,0.002768469144,-0.03987243924,-0.1995379018,3.940889615e-05
3.295,0.002825079437,-0.03990011186,-0.19955,0.002831143298,-0.03986805528,-0.1995278902,3.941113146e-05
3.296,0.002887750875,-0.03989562501,-0.19954,0.002893810471,-0.03986357294,-0.1995178786,3.941333431e-05
3.297,0.002950415188,-0.03989103972,-0.19953,0.002956470508,-0.03985899224,-0.1995078669,3.941550476e-05
3.298,0.003013072221,-0.03988635601,-0.19952,0.003019123255,-0.03985431318,-0.1994978552,3.941764289e-05
3.299,0.00307572182,-0.03988157388,-0.19951,0.003081768558,-0.03984953578,-0.1994878434,3.941974875e-05
3.3,0.003138363829,-0.03987669335,-0.1995,0.003144406261,-0.03984466005,-0.1994778316,3.94218224e-05
3.301,0.003200998095,-0.03987171443,-0.19949,0.00320703621,-0.03983968599,-0.1994678198,3.942386392e-05
3.302,0.003263624463,-0.03986663712,-0.19948,0.003269658251,-0.03983461364,-0.1994578079,3.942587337e-05
3.303,0.003326242778,-0.03986146145,-0.19947,0.003332272228,-0.03982944298,-0.199447796,3.942785081e-05
3.304,0.003388852886,-0.03985618743,-0.19946,0.003394877988,-0.03982417405,-0.199437784,3.942979633e-05
3.305,0.003451454632,-0.03985081506,-0.19945,0.003457475376,-0.03981880684,-0.199427772,3.943170998e-05
3.306,0.003514047862,-0.03984534437,-0.19944,0.003520064237,-0.03981334138,-0.1994177599,3.943359182e-05
3.307,0.003576632422,-0.03983977536,-0.19943,0.003582644417,-0.03980777768,-0.1994077478,3.943544191e-05
3.308,0.003639208156,-0.03983410805,-0.19942,0.003645215762,-0.03980211575,-0.1993977357,3.943726033e-05
3.309,0.003701774911,-0.03982834245,-0.19941,0.003707778116,-0.0397963556,-0.1993877235,3.943904716e-05
3.31,0.003764332533,-0.03982247858,-0.1994,0.003770331327,-0.03979049725,-0.1993777113,3.944080247e-05
3.311,0.003826880866,-0.03981651646,-0.19939,0.003832875239,-0.03978454072,-0.199367699,3.944252631e-05
3.312,0.003889419757,-0.03981045609,-0.19938,0.003895409698,-0.03977848602,-0.1993576867,3.944421878e-05
3.313,0.003951949051,-0.03980429749,-0.19937,0.003957934549,-0.03977233316,-0.1993476744,3.944587991e-05
3.314,0.004014468594,-0.03979804068,-0.19936,0.004020449639,-0.03976608216,-0.199337662,3.944750978e-05
3.315,0.004076978232,-0.03979168567,-0.19935,0.004082954813,-0.03975973304,-0.1993276496,3.944910845e-05
3.316,0.00413947781,-0.03978523248,-0.19934,0.004145449917,-0.0397532858,-0.1993176371,3.9450676e-05
3.317,0.004201967174,-0.03977868112,-0.19933,0.004207934796,-0.03974674047,-0.1993076246,3.94522125e-05
3.318,0.004264446171,-0.03977203162,-0.19932,0.004270409297,-0.03974009706,-0.199297612,3.945371802e-05
3.319,0.004326914645,-0.03976528398,-0.19931,0.004332873265,-0.0397333556,-0.1992875994,3.945519265e-05
3.32,0.004389372444,-0.03975843822,-0.1993,0.004395326546,-0.03972651608,-0.1992775868,3.945663645e-05
3.321,0.004451819412,-0.03975149436,-0.19929,0.004457768986,-0.03971957854,-0.1992675741,3.945804947e-05
3.322,0.004514255395,-0.03974445242,-0.19928,0.004520200431,-0.03971254299,-0.1992575614,3.945943181e-05
3.323,0.00457668024,-0.03973731242,-0.19927,0.004582620727,-0.03970540945,-0.1992475486,3.946078353e-05
3.324,0.004639093792,-0.03973007436,-0.19926,0.00464502972,-0.03969817793,-0.1992375358,3.946210469e-05
3.325,0.004701495898,-0.03972273828,-0.19925,0.004707427255,-0.03969084845,-0.199227523,3.946339538e-05
3.326,0.004763886404,-0.03971530418,-0.19924,0.00476981318,-0.03968342103,-0.1992175101,3.946465566e-05
3.327,0.004826265155,-0.03970777209,-0.19923,0.004832187339,-0.03967589569,-0.1992074971,3.94658856e-05
3.328,0.004888631998,-0.03970014203,-0.19922,0.004894549579,-0.03966827245,-0.1991974842,3.946708527e-05
3.329,0.004950986778,-0.03969241401,-0.19921,0.004956899746,-0.03966055132,-0.1991874711,3.946825476e-05
3.33,0.005013329343,-0.03968458805,-0.1992,0.005019237686,-0.03965273233,-0.1991774581,3.946939414e-05
3.331,0.005075659537,-0.03967666418,-0.19919,0.005081563245,-0.03964481549,-0.199167445,3.947050348e-05
3.332,0.005137977208,-0.0396686424,-0.19918,0.00514387627,-0.03963680083,-0.1991574319,3.947158286e-05
3.333,0.005200282201,-0.03966052275,-0.19917,0.005206176607,-0.03962868836,-0.1991474187,3.947263234e-05
3.334,0.005262574364,-0.03965230524,-0.19916,0.005268464102,-0.03962047811,-0.1991374055,3.947365201e-05
3.335,0.005324853541,-0.03964398989,-0.19915,0.0053307386,-0.03961217009,-0.1991273922,3.947464194e-05
3.336,0.00538711958,-0.03963557673,-0.19914,0.00539299995,-0.03960376432,-0.1991173789,3.947560219e-05
3.337,0.005449372327,-0.03962706577,-0.19913,0.005455247996,-0.03959526083,-0.1991073655,3.947653285e-05
3.338,0.005511611627,-0.03961845703,-0.19912,0.005517482586,-0.03958665963,-0.1990973521,3.947743399e-05
3.339,0.005573837329,-0.03960975053,-0.19911,0.005579703566,-0.03957796075,-0.1990873387,3.94783057e-05
3.34,0.005636049278,-0.03960094631,-0.1991,0.005641910782,-0.03956916422,-0.1990773252,3.947914802e-05
3.341,0.00569824732,-0.03959204437,-0.19909,0.00570410408,-0.03956027004,-0.1990673117,3.947996106e-05
3.342,0.005760431302,-0.03958304474,-0.19908,0.005766283308,-0.03955127824,-0.1990572982,3.948074489e-05
3.343,0.005822601071,-0.03957394745,-0.19907,0.005828448312,-0.03954218885,-0.1990472846,3.94814996e-05
3.344,0.005884756474,-0.03956475251,-0.19906,0.005890598938,-0.03953300189,-0.1990372709,3.948222524e-05
3.345,0.005946897356,-0.03955545995,-0.19905,0.005952735033,-0.03952371738,-0.1990272573,3.948292191e-05
3.346,0.006009023565,-0.03954606979,-0.19904,0.006014856443,-0.03951433534,-0.1990172436,3.948358967e-05
3.347,0.006071134947,-0.03953658205,-0.19903,0.006076963016,-0.03950485579,-0.1990072298,3.948422859e-05
3.348,0.006133231349,-0.03952699676,-0.19902,0.006139054598,-0.03949527877,-0.198997216,3.948483876e-05
3.349,0.006195312619,-0.03951731395,-0.19901,0.006201131036,-0.03948560429,-0.1989872022,3.948542027e-05
3.35,0.006257378602,-0.03950753362,-0.199,0.006263192177,-0.03947583237,-0.1989771883,3.948597319e-05
3.351,0.006319429145,-0.03949765582,-0.19899,0.006325237867,-0.03946596305,-0.1989671743,3.948649758e-05
3.352,0.006381464096,-0.03948768056,-0.19898,0.006387267954,-0.03945599634,-0.1989571604,3.948699355e-05
3.353,0.006443483301,-0.03947760787,-0.19897,0.006449282284,-0.03944593227,-0.1989471464,3.948746117e-05
3.354,0.006505486608,-0.03946743777,-0.19896,0.006511280705,-0.03943577087,-0.1989371323,3.948790052e-05
3.355,0.006567473863,-0.03945717029,-0.19895,0.006573263063,-0.03942551216,-0.1989271182,3.948831168e-05
3.356,0.006629444913,-0.03944680545,-0.19894,0.006635229205,-0.03941515616,-0.1989171041,3.948869472e-05
3.357,0.006691399606,-0.03943634328,-0.19893,0.006697178978,-0.0394047029,-0.1989070899,3.948904972e-05
3.358,0.006753337789,-0.03942578381,-0.19892,0.006759112231,-0.03939415242,-0.1988970757,3.948937676e-05
3.359,0.006815259308,-0.03941512705,-0.19891,0.006821028809,-0.03938350472,-0.1988870615,3.948967593e-05
3.36,0.006877164011,-0.03940437305,-0.1989,0.00688292856,-0.03937275984,-0.1988770472,3.948994731e-05
3.361,0.006939051746,-0.03939352181,-0.19889,0.006944811331,-0.03936191781,-0.1988670329,3.949019099e-05
3.362,0.007000922359,-0.03938257338,-0.19888,0.00700667697,-0.03935097865,-0.1988570185,3.949040705e-05
3.363,0.007062775698,-0.03937152778,-0.19887,0.007068525324,-0.03933994239,-0.1988470041,3.949059555e-05
3.364,0.007124611611,-0.03936038503,-0.19886,0.00713035624,-0.03932880906,-0.1988369896,3.949075658e-05
3.365,0.007186429944,-0.03934914516,-0.19885,0.007192169565,-0.03931757868,-0.1988269751,3.949089023e-05
3.366,0.007248230545,-0.0393378082,-0.19884,0.007253965148,-0.03930625128,-0.1988169606,3.949099659e-05
3.367,0.007310013262,-0.03932637418,-0.19883,0.007315742835,-0.03929482689,-0.198806946,3.949107573e-05
3.368,0.007371777942,-0.03931484313,-0.19882,0.007377502475,-0.03928330554,-0.1987969314,3.949112774e-05
3.369,0.007433524434,-0.03930321507,-0.19881,0.007439243914,-0.03927168726,-0.1987869168,3.94911527e-05
3.37,0.007495252583,-0.03929149003,-0.1988,0.007500967001,-0.03925997207,-0.1987769021,3.949115068e-05
3.371,0.007556962239,-0.03927966804,-0.19879,0.007562671583,-0.03924816001,-0.1987668873,3.94911218e-05
3.372,0.007618653249,-0.03926774914,-0.19878,0.007624357508,-0.0392362511,-0.1987568725,3.949106612e-05
3.373,0.007680325461,-0.03925573335,-0.19877,0.007686024623,-0.03922424537,-0.1987468577,3.949098372e-05
3.374,0.007741978722,-0.0392436207,-0.19876,0.007747672777,-0.03921214286,-0.1987368429,3.949087469e-05
3.375,0.007803612881,-0.03923141122,-0.19875,0.007809301817,-0.03919994358,-0.198726828,3.949073912e-05
3.376,0.007865227785,-0.03921910493,-0.19874,0.007870911592,-0.03918764758,-0.198716813,3.949057709e-05
3.377,0.007926823282,-0.03920670188,-0.19873,0.007932501948,-0.03917525488,-0.1987067981,3.949038869e-05
3.378,0.007988399221,-0.0391942021,-0.19872,0.007994072735,-0.03916276552,-0.1986967831,3.9490174e-05
3.379,0.008049955449,-0.0391816056,-0.19871,0.008055623801,-0.03915017952,-0.198686768,3.948993312e-05
3.38,0.008111491814,-0.03916891242,-0.1987,0.008117154992,-0.03913749691,-0.1986767529,3.948966611e-05
3.381,0.008173008166,-0.03915612261,-0.19869,0.008178666159,-0.03912471773,-0.1986667378,3.948937308e-05
3.382,0.008234504351,-0.03914323617,-0.19868,0.008240157148,-0.03911184201,-0.1986567226,3.94890541e-05
3.383,0.008295980218,-0.03913025316,-0.19867,0.008301627808,-0.03909886978,-0.1986467074,3.948870927e-05
3.384,0.008357435616,-0.03911717359,-0.19866,0.008363077987,-0.03908580107,-0.1986366921,3.948833866e-05
3.385,0.008418870393,-0.03910399751,-0.19865,0.008424507535,-0.03907263592,-0.1986266768,3.948794239e-05
3.386,0.008480284397,-0.03909072494,-0.19864,0.008485916298,-0.03905937435,-0.1986166615,3.948752051e-05
3.387,0.008541677477,-0.03907735592,-0.19863,0.008547304126,-0.0390460164,-0.1986066461,3.948707314e-05
3.388,0.008603049481,-0.03906389048,-0.19862,0.008608670867,-0.0390325621,-0.1985966307,3.948660036e-05
3.389,0.008664400258,-0.03905032866,-0.19861,0.00867001637,-0.03901901149,-0.1985866152,3.948610224e-05
3.39,0.008725729656,-0.03903667048,-0.1986,0.008731340483,-0.0390053646,-0.1985765998,3.948557887e-05
3.391,0.008787037524,-0.03902291598,-0.19859,0.008792643056,-0.03899162146,-0.1985665842,3.948503036e-05
3.392,0.008848323712,-0.0390090652,-0.19858,0.008853923936,-0.03897778211,-0.1985565687,3.948445679e-05
3.393,0.008909588067,-0.03899511816,-0.19857,0.008915182972,-0.03896384657,-0.198546553,3.948385823e-05
3.394,0.008970830438,-0.03898107491,-0.19856,0.008976420014,-0.0389498149,-0.1985365374,3.948323481e-05
3.395,0.009032050675,-0.03896693548,-0.19855,0.00903763491,-0.03893568711,-0.1985265217,3.948258661e-05
3.396,0.009093248626,-0.0389526999,-0.19854,0.00909882751,-0.03892146325,-0.198516506,3.948191368e-05
3.397,0.00915442414,-0.03893836821,-0.19853,0.009159997661,-0.03890714334,-0.1985064902,3.948121614e-05
3.398,0.009215577067,-0.03892394044,-0.19852,0.009221145214,-0.03889272744,-0.1984964744,3.948049408e-05
3.399,0.009276707255,-0.03890941663,-0.19851,0.009282270018,-0.03887821556,-0.1984864586,3.947974758e-05
3.4,0.009337814554,-0.03889479682,-0.1985,0.00934337192,-0.03886360775,-0.1984764427,3.947897675e-05
3.401,0.009398898813,-0.03888008103,-0.19849,0.009404450772,-0.03884890404,-0.1984664268,3.947818167e-05
3.402,0.009459959881,-0.03886526932,-0.19848,0.009465506422,-0.03883410447,-0.1984564108,3.947736244e-05
3.403,0.009520997607,-0.0388503617,-0.19847,0.009526538719,-0.03881920908,-0.1984463948,3.947651914e-05
3.404,0.009582011842,-0.03883535823,-0.19846,0.009587547512,-0.0388042179,-0.1984363788,3.947565186e-05
3.405,0.009643002433,-0.03882025894,-0.19845,0.009648532652,-0.03878913097,-0.1984263627,3.947476069e-05
3.406,0.009703969232,-0.03880506386,-0.19844,0.009709493988,-0.03877394832,-0.1984163466,3.947384574e-05
3.407,0.009764912087,-0.03878977303,-0.19843,0.00977043137,-0.03875867,-0.1984063304,3.947290709e-05
3.408,0.009825830848,-0.0387743865,-0.19842,0.009831344646,-0.03874329604,-0.1983963142,3.947194484e-05
3.409,0.009886725364,-0.03875890429,-0.19841,0.009892233667,-0.03872782649,-0.198386298,3.947095908e-05
3.41,0.009947595487,-0.03874332645,-0.1984,0.009953098282,-0.03871226136,-0.1983762817,3.94699499e-05
3.411,0.01000844106,-0.03872765301,-0.19839,0.01001393834,-0.03869660072,-0.1983662654,3.94689174e-05
3.412,0.01006926195,-0.03871188401,-0.19838,0.0100747537,-0.03868084459,-0.1983562491,3.946786166e-05
3.413,0.01013005798,-0.0386960195,-0.19837,0.01013554419,-0.03866499301,-0.1983462327,3.946678278e-05
3.414,0.01019082903,-0.03868005951,-0.19836,0.01019630968,-0.03864904603,-0.1983362163,3.946568088e-05
3.415,0.01025157493,-0.03866400408,-0.19835,0.01025705002,-0.03863300368,-0.1983261998,3.946455602e-05
3.416,0.01031229553,-0.03864785325,-0.19834,0.01031776505,-0.038616866,-0.1983161833,3.946340831e-05
3.417,0.01037299069,-0.03863160706,-0.19833,0.01037845463,-0.03860063303,-0.1983061668,3.946223784e-05
3.418,0.01043366025,-0.03861526555,-0.19832,0.01043911859,-0.03858430482,-0.1982961502,3.94610447e-05
3.419,0.01049430407,-0.03859882877,-0.19831,0.01049975681,-0.03856788139,-0.1982861336,3.9459829e-05
3.42,0.010554922,-0.03858229674,-0.1983,0.01056036912,-0.0385513628,-0.1982761169,3.945859083e-05
3.421,0.01061551388,-0.03856566951,-0.19829,0.01062095537,-0.03853474909,-0.1982661002,3.945733027e-05
3.422,0.01067607957,-0.03854894713,-0.19828,0.01068151542,-0.03851804028,-0.1982560835,3.945604743e-05
3.423,0.01073661892,-0.03853212963,-0.19827,0.01074204912,-0.03850123644,-0.1982460668,3.945474241e-05
3.424,0.01079713178,-0.03851521706,-0.19826,0.01080255632,-0.03848433759,-0.19823605,3.94534153e-05
3.425,0.01085761799,-0.03849820946,-0.19825,0.01086303686,-0.03846734378,-0.1982260331,3.94520662e-05
3.426,0.01091807742,-0.03848110686,-0.19824,0.01092349061,-0.03845025505,-0.1982160162,3.945069521e-05
3.427,0.01097850991,-0.03846390932,-0.19823,0.0109839174,-0.03843307144,-0.1982059993,3.944930242e-05
3.428,0.01103891531,-0.03844661687,-0.19822,0.01104431709,-0.038415793,-0.1981959824,3.944788794e-05
3.429,0.01109929347,-0.03842922956,-0.19821,0.01110468954,-0.03839841977,-0.1981859654,3.944645185e-05
3.43,0.01115964424,-0.03841174743,-0.1982,0.01116503459,-0.03838095179,-0.1981759484,3.944499425e-05
3.431,0.01121996748,-0.03839417052,-0.19819,0.01122535209,-0.0383633891,-0.1981659313,3.944351524e-05
3.432,0.01128026304,-0.03837649887,-0.19818,0.01128564189,-0.03834573175,-0.1981559142,3.944201494e-05
3.433,0.01134053076,-0.03835873254,-0.19817,0.01134590386,-0.03832797978,-0.1981458971,3.944049342e-05
3.434,0.0114007705,-0.03834087156,-0.19816,0.01140613783,-0.03831013324,-0.1981358799,3.943895079e-05
3.435,0.01146098211,-0.03832291598,-0.19815,0.01146634366,-0.03829219217,-0.1981258627,3.943738713e-05
3.436,0.01152116544,-0.03830486584,-0.19814,0.01152652119,-0.03827415661,-0.1981158455,3.943580256e-05
3.437,0.01158132034,-0.03828672118,-0.19813,0.0115866703,-0.0382560266,-0.1981058282,3.943419718e-05
3.438,0.01164144667,-0.03826848206,-0.19812,0.01164679081,-0.0382378022,-0.1980958109,3.943257108e-05
3.439,0.01170154428,-0.03825014852,-0.19811,0.01170688259,-0.03821948345,-0.1980857935,3.943092438e-05
3.44,0.01176161301,-0.03823172059,-0.1981,0.01176694549,-0.03820107039,-0.1980757761,3.942925715e-05
3.441,0.01182165272,-0.03821319833,-0.19809,0.01182697935,-0.03818256307,-0.1980657587,3.942756951e-05
3.442,0.01188166326,-0.03819458179,-0.19808,0.01188698404,-0.03816396153,-0.1980557412,3.942586155e-05
3.443,0.01194164449,-0.038175871,-0.19807,0.01194695939,-0.03814526582,-0.1980457237,3.942413337e-05
3.444,0.01200159625,-0.03815706602,-0.19806,0.01200690528,-0.03812647599,-0.1980357062,3.942238508e-05
3.445,0.0120615184,-0.03813816689,-0.19805,0.01206682154,-0.03810759208,-0.1980256886,3.942061677e-05
3.446,0.01212141079,-0.03811917366,-0.19804,0.01212670802,-0.03808861414,-0.198015671,3.941882854e-05
3.447,0.01218127326,-0.03810008637,-0.19803,0.01218656459,-0.03806954221,-0.1980056534,3.94170205e-05
3.448,0.01224110569,-0.03808090508,-0.19802,0.01224639109,-0.03805037635,-0.1979956357,3.941519276e-05
3.449,0.01230090791,-0.03806162982,-0.19801,0.01230618738,-0.0380311166,-0.197985618,3.941334541e-05
3.45,0.01236067977,-0.03804226065,-0.198,0.0123659533,-0.03801176301,-0.1979756002,3.941147855e-05
3.451,0.01242042114,-0.03802279762,-0.19799,0.01242568872,-0.03799231562,-0.1979655825,3.940959228e-05
3.452,0.01248013187,-0.03800324076,-0.19798,0.01248539348,-0.03797277448,-0.1979555646,3.940768671e-05
3.453,0.0125398118,-0.03798359014,-0.19797,0.01254506743,-0.03795313965,-0.1979455468,3.940576193e-05
3.454,0.01259946079,-0.0379638458,-0.19796,0.01260471044,-0.03793341117,-0.1979355289,3.940381805e-05
3.455,0.01265907869,-0.03794400779,-0.19795,0.01266432234,-0.03791358908,-0.197925511,3.940185517e-05
3.456,0.01271866535,-0.03792407615,-0.19794,0.012723903,-0.03789367345,-0.197915493,3.93998734e-05
3.457,0.01277822064,-0.03790405094,-0.19793,0.01278345227,-0.03787366431,-0.197905475,3.939787286e-05
3.458,0.01283774439,-0.0378839322,-0.19792,0.01284296999,-0.03785356172,-0.197895457,3.939585361e-05
3.459,0.01289723647,-0.03786371999,-0.19791,0.01290245603,-0.03783336572,-0.1978854389,3.939381577e-05
3.46,0.01295669673,-0.03784341435,-0.1979,0.01296191024,-0.03781307637,-0.1978754208,3.939175946e-05
3.461,0.01301612502,-0.03782301534,-0.19789,0.01302133247,-0.03779269372,-0.1978654027,3.938968478e-05
3.462,0.01307552119,-0.03780252301,-0.19788,0.01308072257,-0.03777221781,-0.1978553845,3.938759181e-05
3.463,0.01313488509,-0.0377819374,-0.19787,0.0131400804,-0.0377516487,-0.1978453663,3.938548067e-05
3.464,0.01319421659,-0.03776125857,-0.19786,0.01319940581,-0.03773098644,-0.197835348,3.938335148e-05
3.465,0.01325351554,-0.03774048656,-0.19785,0.01325869865,-0.03771023107,-0.1978253298,3.938120433e-05
3.466,0.01331278178,-0.03771962144,-0.19784,0.01331795878,-0.03768938266,-0.1978153115,3.937903932e-05
3.467,0.01337201518,-0.03769866324,-0.19783,0.01337718605,-0.03766844125,-0.1978052931,3.937685655e-05
3.468,0.01343121558,-0.03767761203,-0.19782,0.01343638032,-0.03764740689,-0.1977952747,3.937465614e-05
3.469,0.01349038284,-0.03765646785,-0.19781,0.01349554143,-0.03762627963,-0.1977852563,3.937243819e-05
3.47,0.01354951681,-0.03763523076,-0.1978,0.01355466925,-0.03760505954,-0.1977752379,3.937020281e-05
3.471,0.01360861735,-0.03761390081,-0.19779,0.01361376363,-0.03758374665,-0.1977652194,3.936795009e-05
3.472,0.01366768432,-0.03759247804,-0.19778,0.01367282442,-0.03756234102,-0.1977552009,3.936568015e-05
3.473,0.01372671756,-0.03757096253,-0.19777,0.01373185148,-0.03754084271,-0.1977451823,3.936339308e-05
3.474,0.01378571693,-0.03754935431,-0.19776,0.01379084465,-0.03751925177,-0.1977351638,3.936108901e-05
3.475,0.01384468228,-0.03752765344,-0.19775,0.0138498038,-0.03749756825,-0.1977251451,3.935876803e-05
3.476,0.01390361348,-0.03750585997,-0.19774,0.01390872878,-0.0374757922,-0.1977151265,3.935643024e-05
3.477,0.01396251037,-0.03748397396,-0.19773,0.01396761945,-0.03745392368,-0.1977051078,3.935407577e-05
3.478,0.01402137281,-0.03746199547,-0.19772,0.01402647565,-0.03743196275,-0.1976950891,3.935170471e-05
3.479,0.01408020065,-0.03743992454,-0.19771,0.01408529724,-0.03740990945,-0.1976850703,3.934931717e-05
3.48,0.01413899375,-0.03741776123,-0.1977,0.01414408409,-0.03738776384,-0.1976750516,3.934691325e-05
3.481,0.01419775197,-0.0373955056,-0.19769,0.01420283603,-0.03736552598,-0.1976650327,3.934449307e-05
3.482,0.01425647515,-0.0373731577,-0.19768,0.01426155294,-0.03734319592,-0.1976550139,3.934205673e-05
3.483,0.01431516316,-0.03735071758,-0.19767,0.01432023466,-0.03732077371,-0.197644995,3.933960432e-05
3.484,0.01437381584,-0.03732818531,-0.19766,0.01437888105,-0.03729825942,-0.1976349761,3.933713596e-05
3.485,0.01443243306,-0.03730556093,-0.19765,0.01443749196,-0.03727565309,-0.1976249572,3.933465178e-05
3.486,0.01449101467,-0.0372828445,-0.19764,0.01449606725,-0.03725295479,-0.1976149382,3.933215187e-05
3.487,0.01454956052,-0.03726003608,-0.19763,0.01455460678,-0.03723016456,-0.1976049192,3.932963634e-05
3.488,0.01460807048,-0.03723713572,-0.19762,0.01461311039,-0.03720728247,-0.1975949001,3.932710529e-05
3.489,0.01466654439,-0.03721414349,-0.19761,0.01467157795,-0.03718430858,-0.197584881,3.932455883e-05
3.49,0.01472498211,-0.03719105944,-0.1976,0.01473000932,-0.03716124293,-0.1975748619,3.932199708e-05
3.491,0.0147833835,-0.03716788361,-0.19759,0.01478840434,-0.03713808558,-0.1975648428,3.931942014e-05
3.492,0.01484174841,-0.03714461609,-0.19758,0.01484676287,-0.0371148366,-0.1975548236,3.931682812e-05
3.493,0.0149000767,-0.03712125691,-0.19757,0.01490508478,-0.03709149603,-0.1975448044,3.931422113e-05
3.494,0.01495836823,-0.03709780613,-0.19756,0.01496336991,-0.03706806395,-0.1975347852,3.931159926e-05
3.495,0.01501662285,-0.03707426383,-0.19755,0.01502161812,-0.03704454039,-0.1975247659,3.930896265e-05
3.496,0.01507484042,-0.03705063004,-0.19754,0.01507982927,-0.03702092544,-0.1975147466,3.93063114e-05
3.497,0.01513302079,-0.03702690484,-0.19753,0.01513800322,-0.03699721913,-0.1975047273,3.930364561e-05
3.498,0.01519116382,-0.03700308827,-0.19752,0.01519613981,-0.03697342153,-0.1974947079,3.93009654e-05
3.499,0.01524926937,-0.03697918041,-0.19751,0.01525423891,-0.0369495327,-0.1974846885,3.929827086e-05
3.5,0.01530733729,-0.0369551813,-0.1975,0.01531230038,-0.0369255527,-0.1974746691,3.929556211e-05
3.501,0.01536536745,-0.03693109101,-0.19749,0.01537032407,-0.03690148159,-0.1974646496,3.929283926e-05
3.502,0.01542335969,-0.03690690959,-0.19748,0.01542830983,-0.03687731942,-0.1974546301,3.929010242e-05
3.503,0.01548131388,-0.03688263712,-0.19747,0.01548625754,-0.03685306626,-0.1974446106,3.928735171e-05
3.504,0.01553922987,-0.03685827363,-0.19746,0.01554416703,-0.03682872216,-0.1974345911,3.928458724e-05
3.505,0.01559710751,-0.03683381921,-0.19745,0.01560203817,-0.03680428719,-0.1974245715,3.928180911e-05
3.506,0.01565494667,-0.03680927389,-0.19744,0.01565987082,-0.03677976141,-0.1974145519,3.927901742e-05
3.507,0.01571274721,-0.03678463776,-0.19743,0.01571766483,-0.03675514487,-0.1974045322,3.927621232e-05
3.508,0.01577050897,-0.03675991086,-0.19742,0.01577542006,-0.03673043764,-0.1973945126,3.927339387e-05
3.509,0.01582823183,-0.03673509327,-0.19741,0.01583313637,-0.03670563978,-0.1973844928,3.927056221e-05
3.51,0.01588591563,-0.03671018503,-0.1974,0.01589081361,-0.03668075135,-0.1973744731,3.926771744e-05
3.511,0.01594356023,-0.03668518621,-0.19739,0.01594845165,-0.03665577241,-0.1973644533,3.926485966e-05
3.512,0.01600116549,-0.03666009688,-0.19738,0.01600605034,-0.03663070302,-0.1973544336,3.926198901e-05
3.513,0.01605873127,-0.03663491709,-0.19737,0.01606360954,-0.03660554325,-0.1973444137,3.925910558e-05
3.514,0.01611625743,-0.0366096469,-0.19736,0.01612112911,-0.03658029315,-0.1973343939,3.925620951e-05
3.515,0.01617374382,-0.03658428639,-0.19735,0.0161786089,-0.03655495279,-0.197324374,3.925330088e-05
3.516,0.01623119031,-0.03655883561,-0.19734,0.01623604878,-0.03652952224,-0.1973143541,3.925037981e-05
3.517,0.01628859674,-0.03653329462,-0.19733,0.0162934486,-0.03650400155,-0.1973043341,3.924744642e-05
3.518,0.01634596299,-0.0365076635,-0.19732,0.01635080821,-0.03647839078,-0.1972943142,3.924450081e-05
3.519,0.0164032889,-0.03648194229,-0.19731,0.01640812749,-0.03645269001,-0.1972842941,3.924154309e-05
3.52,0.01646057434,-0.03645613107,-0.1973,0.01646540628,-0.03642689929,-0.1972742741,3.923857336e-05
3.521,0.01651781917,-0.03643022989,-0.19729,0.01652264445,-0.03640101869,-0.1972642541,3.923559175e-05
3.522,0.01657502324,-0.03640423883,-0.19728,0.01657984186,-0.03637504826,-0.197254234,3.923259838e-05
3.523,0.01663218641,-0.03637815794,-0.19727,0.01663699836,-0.03634898809,-0.1972442138,3.922959337e-05
3.524,0.01668930855,-0.03635198729,-0.19726,0.01669411381,-0.03632283822,-0.1972341937,3.922657681e-05
3.525,0.0167463895,-0.03632572695,-0.19725,0.01675118807,-0.03629659873,-0.1972241735,3.922354881e-05
3.526,0.01680342914,-0.03629937698,-0.19724,0.016808221,-0.03627026968,-0.1972141533,3.922050949e-05
3.527,0.01686042731,-0.03627293745,-0.19723,0.01686521247,-0.03624385114,-0.1972041331,3.921745895e-05
3.528,0.01691738388,-0.03624640841,-0.19722,0.01692216232,-0.03621734316,-0.1971941128,3.921439732e-05
3.529,0.01697429871,-0.03621978994,-0.19721,0.01697907042,-0.03619074582,-0.1971840925,3.92113247e-05
3.53,0.01703117166,-0.0361930821,-0.1972,0.01703593663,-0.03616405917,-0.1971740722,3.92082412e-05
3.531,0.01708800259,-0.03616628496,-0.19719,0.01709276081,-0.0361372833,-0.1971640518,3.920514695e-05
3.532,0.01714479135,-0.03613939858,-0.19718,0.01714954282,-0.03611041825,-0.1971540315,3.920204206e-05
3.533,0.01720153781,-0.03611242303,-0.19717,0.01720628251,-0.03608346411,-0.1971440111,3.919892663e-05
3.534,0.01725824183,-0.03608535837,-0.19716,0.01726297976,-0.03605642093,-0.1971339906,3.919580077e-05
3.535,0.01731490326,-0.03605820468,-0.19715,0.01731963441,-0.03602928878,-0.1971239702,3.91926646e-05
3.536,0.01737152197,-0.03603096202,-0.19714,0.01737624633,-0.03600206774,-0.1971139497,3.918951824e-05
3.537,0.01742809782,-0.03600363046,-0.19713,0.01743281538,-0.03597475785,-0.1971039292,3.918636179e-05
3.538,0.01748463067,-0.03597621006,-0.19712,0.01748934141,-0.03594735921,-0.1970939086,3.918319537e-05
3.539,0.01754112037,-0.0359487009,-0.19711,0.0175458243,-0.03591987186,-0.1970838881,3.91800191e-05
3.54,0.01759756679,-0.03592110303,-0.1971,0.0176022639,-0.03589229588,-0.1970738675,3.917683308e-05
3.541,0.0176539698,-0.03589341653,-0.19709,0.01765866007,-0.03586463134,-0.1970638468,3.917363743e-05
3.542,0.01771032924,-0.03586564147,-0.19708,0.01771501267,-0.03583687831,-0.1970538262,3.917043224e-05
3.543,0.01776664499,-0.03583777792,-0.19707,0.01777132156,-0.03580903684,-0.1970438055,3.916721765e-05
3.544,0.0178229169,-0.03580982593,-0.19706,0.01782758661,-0.03578110703,-0.1970337848,3.916399378e-05
3.545,0.01787914483,-0.03578178559,-0.19705,0.01788380767,-0.03575308892,-0.1970237641,3.916076073e-05
3.546,0.01793532864,-0.03575365697,-0.19704,0.01793998461,-0.03572498259,-0.1970137433,3.915751861e-05
3.547,0.01799146821,-0.03572544012,-0.19703,0.01799611729,-0.03569678812,-0.1970037225,3.915426755e-05
3.548,0.01804756338,-0.03569713512,-0.19702,0.01805220557,-0.03566850556,-0.1969937017,3.915100763e-05
3.549,0.01810361402,-0.03566874205,-0.19701,0.01810824931,-0.03564013499,-0.1969836809,3.914773899e-05
3.55,0.01815961999,-0.03564026097,-0.197,0.01816424837,-0.03561167649,-0.19697366,3.914446172e-05
3.551,0.01821558115,-0.03561169195,-0.19699,0.01822020261,-0.03558313011,-0.1969636391,3.914117596e-05
3.552,0.01827149737,-0.03558303506,-0.19698,0.01827611191,-0.03555449593,-0.1969536182,3.913788181e-05
3.553,0.01832736851,-0.03555429037,-0.19697,0.01833197611,-0.03552577402,-0.1969435973,3.913457939e-05
3.554,0.01838319442,-0.03552545795,-0.19696,0.01838779508,-0.03549696446,-0.1969335763,3.913126882e-05
3.555,0.01843897498,-0.03549653788,-0.19695,0.01844356869,-0.03546806731,-0.1969235553,3.912795019e-05
3.556,0.01849471004,-0.03546753023,-0.19694,0.01849929679,-0.03543908264,-0.1969135343,3.912462362e-05
3.557,0.01855039947,-0.03543843506,-0.19693,0.01855497924,-0.03541001053,-0.1969035133,3.912128923e-05
3.558,0.01860604312,-0.03540925245,-0.19692,0.01861061592,-0.03538085105,-0.1968934922,3.911794715e-05
3.559,0.01866164087,-0.03537998248,-0.19691,0.01866620669,-0.03535160426,-0.1968834711,3.911459747e-05
3.56,0.01871719257,-0.0353506252,-0.1969,0.0187217514,-0.03532227025,-0.19687345,3.91112403e-05
3.561,0.01877269809,-0.03532118071,-0.19689,0.01877724991,-0.03529284908,-0.1968634289,3.910787578e-05
3.562,0.01882815729,-0.03529164906,-0.19688,0.01883270211,-0.03526334083,-0.1968534077,3.910450399e-05
3.563,0.01888357003,-0.03526203033,-0.19687,0.01888810783,-0.03523374556,-0.1968433865,3.910112508e-05
3.564,0.01893893618,-0.0352323246,-0.19686,0.01894346696,-0.03520406336,-0.1968333653,3.909773913e-05
3.565,0.01899425559,-0.03520253193,-0.19685,0.01899877934,-0.0351742943,-0.1968233441,3.909434627e-05
3.566,0.01904952815,-0.03517265241,-0.19684,0.01905404486,-0.03514443844,-0.1968133228,3.909094661e-05
3.567,0.0191047537,-0.0351426861,-0.19683,0.01910926336,-0.03511449587,-0.1968033015,3.908754026e-05
3.568,0.01915993211,-0.03511263308,-0.19682,0.01916443472,-0.03508446666,-0.1967932802,3.908412733e-05
3.569,0.01921506324,-0.03508249342,-0.19681,0.01921955879,-0.03505435087,-0.1967832589,3.908070795e-05
3.57,0.01927014696,-0.0350522672,-0.1968,0.01927463544,-0.03502414859,-0.1967732375,3.907728223e-05
3.571,0.01932518314,-0.03502195449,-0.19679,0.01932966454,-0.03499385989,-0.1967632161,3.907385026e-05
3.572,0.01938017163,-0.03499155537,-0.19678,0.01938464595,-0.03496348485,-0.1967531947,3.907041218e-05
3.573,0.01943511231,-0.03496106991,-0.19677,0.01943957953,-0.03493302353,-0.1967431733,3.90669681e-05
3.574,0.01949000503,-0.03493049819,-0.19676,0.01949446515,-0.03490247602,-0.1967331518,3.906351813e-05
3.575,0.01954484966,-0.03489984028,-0.19675,0.01954930268,-0.03487184239,-0.1967231304,3.906006237e-05
3.576,0.01959964607,-0.03486909626,-0.19674,0.01960409197,-0.03484112272,-0.1967131089,3.905660095e-05
3.577,0.01965439411,-0.0348382662,-0.19673,0.0196588329,-0.03481031707,-0.1967030874,3.905313398e-05
3.578,0.01970909366,-0.03480735019,-0.19672,0.01971352532,-0.03477942554,-0.1966930658,3.904966156e-05
3.579,0.01976374458,-0.03477634829,-0.19671,0.0197681691,-0.03474844819,-0.1966830442,3.904618381e-05
3.58,0.01981834674,-0.03474526058,-0.1967,0.01982276411,-0.0347173851,-0.1966730227,3.904270084e-05
3.581,0.01987289999,-0.03471408714,-0.19669,0.01987731022,-0.03468623634,-0.1966630011,3.903921278e-05
3.582,0.01992740421,-0.03468282805,-0.19668,0.01993180728,-0.034655002,-0.1966529794,3.903571974e-05
3.583,0.01998185927,-0.03465148338,-0.19667,0.01998625517,-0.03462368215,-0.1966429578,3.903222182e-05
3.584,0.02003626501,-0.03462005321,-0.19666,0.02004065375,-0.03459227687,-0.1966329361,3.902871913e-05
3.585,0.02009062133,-0.03458853762,-0.19665,0.02009500288,-0.03456078623,-0.1966229144,3.90252118e-05
3.586,0.02014492807,-0.03455693669,-0.19664,0.02014930243,-0.03452921032,-0.1966128927,3.902169994e-05
3.587,0.0201991851,-0.03452525049,-0.19663,0.02020355227,-0.03449754921,-0.1966028709,3.901818363e-05
3.588,0.02025339229,-0.0344934791,-0.19662,0.02025775227,-0.03446580298,-0.1965928492,3.901466302e-05
3.589,0.02030754952,-0.03446162261,-0.19661,0.02031190228,-0.03443397171,-0.1965828274,3.901113822e-05
3.59,0.02036165663,-0.03442968108,-0.1966,0.02036600219,-0.03440205547,-0.1965728056,3.900760933e-05
3.591,0.0204157135,-0.0343976546,-0.19659,0.02042005184,-0.03437005435,-0.1965627838,3.900407647e-05
3.592,0.02046972,-0.03436554325,-0.19658,0.02047405111,-0.03433796842,-0.1965527619,3.900053973e-05
3.593,0.020523676,-0.03433334711,-0.19657,0.02052799987,-0.03430579776,-0.1965427401,3.899699925e-05
3.594,0.02057758135,-0.03430106625,-0.19656,0.02058189799,-0.03427354246,-0.1965327182,3.899345513e-05
3.595,0.02063143593,-0.03426870075,-0.19655,0.02063574532,-0.03424120259,-0.1965226963,3.898990748e-05
3.596,0.02068523961,-0.03423625071,-0.19654,0.02068954174,-0.03420877824,-0.1965126744,3.898635643e-05
3.597,0.02073899224,-0.03420371618,-0.19653,0.02074328712,-0.03417626947,-0.1965026524,3.898280208e-05
3.598,0.0207926937,-0.03417109727,-0.19652,0.02079698132,-0.03414367638,-0.1964926304,3.897924455e-05
3.599,0.02084634386,-0.03413839404,-0.19651,0.0208506242,-0.03411099904,-0.1964826085,3.897568394e-05
3.6,0.02089994259,-0.03410560657,-0.1965,0.02090421565,-0.03407823753,-0.1964725865,3.897212034e-05
3.601,0.02095348974,-0.03407273496,-0.19649,0.02095775552,-0.03404539194,-0.1964625644,3.896855389e-05
3.602,0.0210069852,-0.03403977927,-0.19648,0.02101124368,-0.03401246234,-0.1964525424,3.896498471e-05
3.603,0.02106042882,-0.0340067396,-0.19647,0.02106468001,-0.03397944882,-0.1964425203,3.896141289e-05
3.604,0.02111382048,-0.03397361601,-0.19646,0.02111806436,-0.03394635146,-0.1964324982,3.895783855e-05
3.605,0.02116716004,-0.0339404086,-0.19645,0.02117139661,-0.03391317034,-0.1964224761,3.895426179e-05
3.606,0.02122044737,-0.03390711744,-0.19644,0.02122467663,-0.03387990554,-0.196412454,3.895068275e-05
3.607,0.02127368235,-0.03387374263,-0.19643,0.02127790428,-0.03384655714,-0.1964024319,3.894710153e-05
3.608,0.02132686483,-0.03384028423,-0.19642,0.02133107944,-0.03381312523,-0.1963924097,3.894351823e-05
3.609,0.02137999469,-0.03380674233,-0.19641,0.02138420196,-0.03377960989,-0.1963823875,3.893993297e-05
3.61,0.0214330718,-0.03377311702,-0.1964,0.02143727173,-0.0337460112,-0.1963723653,3.893634584e-05
3.611,0.02148609602,-0.03373940838,-0.19639,0.02149028861,-0.03371232924,-0.1963623431,3.893275697e-05
3.612,0.02153906723,-0.03370561649,-0.19638,0.02154325247,-0.03367856411,-0.1963523209,3.892916646e-05
3.613,0.0215919853,-0.03367174143,-0.19637,0.02159616318,-0.03364471587,-0.1963422987,3.892557443e-05
3.614,0.02164485009,-0.03363778329,-0.19636,0.0216490206,-0.03361078461,-0.1963322764,3.892198099e-05
3.615,0.02169766147,-0.03360374216,-0.19635,0.02170182461,-0.03357677043,-0.1963222541,3.891838626e-05
3.616,0.02175041931,-0.03356961811,-0.19634,0.02175457508,-0.03354267339,-0.1963122318,3.891479033e-05
3.617,0.02180312349,-0.03353541123,-0.19633,0.02180727188,-0.0335084936,-0.1963022095,3.89111933e-05
3.618,0.02185577387,-0.0335011216,-0.19632,0.02185991487,-0.03347423112,-0.1962921871,3.890759531e-05
3.619,0.02190837032,-0.03346674932,-0.19631,0.02191250394,-0.03343988605,-0.1962821648,3.890399646e-05
3.62,0.02196091272,-0.03343229445,-0.1963,0.02196503894,-0.03340545846,-0.1962721424,3.890039684e-05
3.621,0.02201340093,-0.0333977571,-0.19629,0.02201751975,-0.03337094845,-0.19626212,3.88967966e-05
3.622,0.02206583483,-0.03336313734,-0.19628,0.02206994623,-0.03333635611,-0.1962520976,3.88931958e-05
3.623,0.02211821427,-0.03332843527,-0.19627,0.02212231827,-0.0333016815,-0.1962420752,3.888959459e-05
3.624,0.02217053915,-0.03329365095,-0.19626,0.02217463573,-0.03326692473,-0.1962320528,3.888599306e-05
3.625,0.02222280932,-0.03325878449,-0.19625,0.02222689847,-0.03323208588,-0.1962220303,3.88823913e-05
3.626,0.02227502466,-0.03322383597,-0.19624,0.02227910638,-0.03319716502,-0.1962120078,3.887878944e-05
3.627,0.02232718504,-0.03318880547,-0.19623,0.02233125933,-0.03316216226,-0.1962019854,3.88751876e-05
3.628,0.02237929032,-0.03315369308,-0.19622,0.02238335718,-0.03312707767,-0.1961919629,3.887158587e-05
3.629,0.02243134039,-0.03311849888,-0.19621,0.0224353998,-0.03309191134,-0.1961819403,3.886798437e-05
3.63,0.02248333511,-0.03308322297,-0.1962,0.02248738707,-0.03305666336,-0.1961719178,3.886438319e-05
3.631,0.02253527436,-0.03304786543,-0.19619,0.02253931887,-0.03302133382,-0.1961618953,3.886078245e-05
3.632,0.022587158,-0.03301242635,-0.19618,0.02259119505,-0.0329859228,-0.1961518727,3.885718227e-05
3.633,0.02263898591,-0.03297690581,-0.19617,0.0226430155,-0.03295043039,-0.1961418501,3.885358274e-05
3.634,0.02269075797,-0.03294130391,-0.19616,0.02269478008,-0.03291485667,-0.1961318275,3.884998396e-05
3.635,0.02274247403,-0.03290562072,-0.19615,0.02274648867,-0.03287920175,-0.1961218049,3.884638604e-05
3.636,0.02279413398,-0.03286985635,-0.19614,0.02279814114,-0.03284346569,-0.1961117823,3.88427891e-05
3.637,0.02284573769,-0.03283401087,-0.19613,0.02284973737,-0.0328076486,-0.1961017597,3.883919324e-05
3.638,0.02289728502,-0.03279808437,-0.19612,0.02290127722,-0.03277175056,-0.196091737,3.883559857e-05
3.639,0.02294877586,-0.03276207695,-0.19611,0.02295276057,-0.03273577165,-0.1960817144,3.883200519e-05
3.64,0.02300021008,-0.0327259887,-0.1961,0.02300418729,-0.03269971197,-0.1960716917,3.882841321e-05
3.641,0.02305158755,-0.03268981969,-0.19609,0.02305555726,-0.03266357161,-0.196061669,3.882482274e-05
3.642,0.02310290814,-0.03265357003,-0.19608,0.02310687034,-0.03262735066,-0.1960516463,3.882123387e-05
3.643,0.02315417172,-0.0326172398,-0.19607,0.02315812642,-0.0325910492,-0.1960416236,3.881764673e-05
3.644,0.02320537818,-0.03258082908,-0.19606,0.02320932536,-0.03255466732,-0.1960316008,3.881406141e-05
3.645,0.02325652737,-0.03254433798,-0.19605,0.02326046704,-0.03251820512,-0.1960215781,3.881047802e-05
3.646,0.02330761919,-0.03250776658,-0.19604,0.02331155133,-0.03248166268,-0.1960115553,3.880689665e-05
3.647,0.02335865349,-0.03247111496,-0.19603,0.02336257811,-0.0324450401,-0.1960015325,3.880331742e-05
3.648,0.02340963016,-0.03243438323,-0.19602,0.02341354725,-0.03240833746,-0.1959915098,3.879974043e-05
3.649,0.02346054907,-0.03239757147,-0.19601,0.02346445862,-0.03237155486,-0.195981487,3.879616578e-05
3.65,0.02351141009,-0.03236067977,-0.196,0.02351531211,-0.03233469239,-0.1959714641,3.879259357e-05
3.651,0.0235622131,-0.03232370823,-0.19599,0.02356610758,-0.03229775013,-0.1959614413,3.878902391e-05
3.652,0.02361295797,-0.03228665693,-0.19598,0.0236168449,-0.03226072818,-0.1959514185,3.878545692e-05
3.653,0.02366364458,-0.03224952597,-0.19597,0.02366752396,-0.03222362663,-0.1959413956,3.878189269e-05
3.654,0.02371427281,-0.03221231543,-0.19596,0.02371814463,-0.03218644557,-0.1959313728,3.877833132e-05
3.655,0.02376484252,-0.03217502541,-0.19595,0.02376870678,-0.03214918509,-0.1959213499,3.877477291e-05
3.656,0.02381535359,-0.032137656,-0.19594,0.0238192103,-0.03211184529,-0.195911327,3.877121757e-05
3.657,0.0238658059,-0.0321002073,-0.19593,0.02386965504,-0.03207442625,-0.1959013041,3.87676654e-05
3.658,0.02391619932,-0.03206267939,-0.19592,0.0239200409,-0.03203692808,-0.1958912812,3.876411652e-05
3.659,0.02396653374,-0.03202507238,-0.19591,0.02397036774,-0.03199935085,-0.1958812583,3.876057099e-05
3.66,0.02401680901,-0.03198738634,-0.1959,0.02402063544,-0.03196169467,-0.1958712354,3.875702893e-05
3.661,0.02406702503,-0.03194962138,-0.19589,0.02407084388,-0.03192395963,-0.1958612124,3.875349044e-05
3.662,0.02411718167,-0.03191177758,-0.19588,0.02412099294,-0.03188614582,-0.1958511895,3.874995564e-05
3.663,0.0241672788,-0.03187385505,-0.19587,0.02417108248,-0.03184825334,-0.1958411665,3.874642462e-05
3.664,0.0242173163,-0.03183585387,-0.19586,0.02422111239,-0.03181028227,-0.1958311435,3.874289749e-05
3.665,0.02426729404,-0.03179777414,-0.19585,0.02427108255,-0.03177223271,-0.1958211206,3.873937434e-05
3.666,0.02431721191,-0.03175961595,-0.19584,0.02432099282,-0.03173410476,-0.1958110976,3.873585527e-05
3.667,0.02436706978,-0.03172137939,-0.19583,0.02437084309,-0.0316958985,-0.1958010746,3.873234037e-05
3.668,0.02441686752,-0.03168306457,-0.19582,0.02442063323,-0.03165761405,-0.1957910516,3.872882974e-05
3.669,0.02446660502,-0.03164467157,-0.19581,0.02447036313,-0.03161925147,-0.1957810285,3.87253235e-05
3.67,0.02451628215,-0.0316062005,-0.1958,0.02452003265,-0.03158081088,-0.1957710055,3.872182173e-05
3.671,0.02456589878,-0.03156765143,-0.19579,0.02456964168,-0.03154229237,-0.1957609825,3.871832454e-05
3.672,0.02461545481,-0.03152902448,-0.19578,0.02461919009,-0.03150369603,-0.1957509594,3.871483203e-05
3.673,0.02466495009,-0.03149031973,-0.19577,0.02466867776,-0.03146502196,-0.1957409364,3.87113443e-05
3.674,0.02471438452,-0.03145153729,-0.19576,0.02471810457,-0.03142627026,-0.1957309133,3.870786143e-05
3.675,0.02476375797,-0.03141267724,-0.19575,0.0247674704,-0.03138744101,-0.1957208902,3.870438352e-05
3.676,0.02481307032,-0.03137373968,-0.19574,0.02481677513,-0.03134853431,-0.1957108671,3.870091069e-05
3.677,0.02486232144,-0.03133472471,-0.19573,0.02486601862,-0.03130955027,-0.195700844,3.869744302e-05
3.678,0.02491151122,-0.03129563242,-0.19572,0.02491520077,-0.03127048897,-0.1956908209,3.869398061e-05
3.679,0.02496063953,-0.03125646292,-0.19571,0.02496432146,-0.03123135052,-0.1956807978,3.869052355e-05
3.68,0.02500970625,-0.03121721629,-0.1957,0.02501338055,-0.03119213501,-0.1956707747,3.868707195e-05
3.681,0.02505871127,-0.03117789264,-0.19569,0.02506237793,-0.03115284253,-0.1956607516,3.86836259e-05
3.682,0.02510765445,-0.03113849206,-0.19568,0.02511131347,-0.03111347319,-0.1956507284,3.86801855e-05
3.683,0.02515653569,-0.03109901465,-0.19567,0.02516018707,-0.03107402707,-0.1956407053,3.867675084e-05
3.684,0.02520535485,-0.03105946051,-0.19566,0.02520899859,-0.03103450429,-0.1956306822,3.867332201e-05
3.685,0.02525411182,-0.03101982973,-0.19565,0.02525774792,-0.03099490493,-0.195620659,3.866989912e-05
3.686,0.02530280648,-0.03098012241,-0.19564,0.02530643493,-0.0309552291,-0.1956106358,3.866648224e-05
3.687,0.0253514387,-0.03094033865,-0.19563,0.02535505951,-0.03091547688,-0.1956006127,3.866307148e-05
3.688,0.02540000838,-0.03090047855,-0.19562,0.02540362153,-0.03087564839,-0.1955905895,3.865966693e-05
3.689,0.02544851538,-0.0308605422,-0.19561,0.02545212089,-0.03083574371,-0.1955805663,3.865626869e-05
3.69,0.02549695959,-0.03082052971,-0.1956,0.02550055744,-0.03079576295,-0.1955705431,3.865287685e-05
3.691,0.02554534089,-0.03078044117,-0.19559,0.02554893109,-0.0307557062,-0.1955605199,3.86494915e-05
3.692,0.02559365916,-0.03074027669,-0.19558,0.0255972417,-0.03071557357,-0.1955504967,3.864611274e-05
3.693,0.02564191428,-0.03070003636,-0.19557,0.02564548916,-0.03067536515,-0.1955404735,3.864274065e-05
3.694,0.02569010613,-0.03065972027,-0.19556,0.02569367335,-0.03063508104,-0.1955304503,3.863937533e-05
3.695,0.02573823459,-0.03061932854,-0.19555,0.02574179415,-0.03059472135,-0.1955204271,3.863601687e-05
3.696,0.02578629955,-0.03057886126,-0.19554,0.02578985145,-0.03055428616,-0.1955104039,3.863266537e-05
3.697,0.02583430088,-0.03053831852,-0.19553,0.02583784512,-0.03051377559,-0.1955003806,3.862932091e-05
3.698,0.02588223846,-0.03049770044,-0.19552,0.02588577504,-0.03047318972,-0.1954903574,3.862598358e-05
3.699,0.02593011219,-0.03045700711,-0.19551,0.0259336411,-0.03043252867,-0.1954803342,3.862265348e-05
3.7,0.02597792193,-0.03041623862,-0.1955,0.02598144318,-0.03039179252,-0.1954703109,3.861933069e-05
3.701,0.02602566758,-0.03037539509,-0.19549,0.02602918115,-0.03035098139,-0.1954602877,3.861601528e-05
3.702,0.02607334901,-0.03033447661,-0.19548,0.02607685492,-0.03031009538,-0.1954502644,3.861270738e-05
3.703,0.02612096611,-0.03029348328,-0.19547,0.02612446434,-0.03026913457,-0.1954402412,3.860940707e-05
3.704,0.02616851876,-0.03025241521,-0.19546,0.02617200932,-0.03022809908,-0.1954302179,3.860611442e-05
3.705,0.02621600684,-0.03021127249,-0.19545,0.02621948973,-0.030186989,-0.1954201946,3.860282952e-05
3.706,0.02626343023,-0.03017005523,-0.19544,0.02626690545,-0.03014580444,-0.1954101714,3.859955246e-05
3.707,0.02631078882,-0.03012876353,-0.19543,0.02631425636,-0.0301045455,-0.1954001481,3.859628334e-05
3.708,0.02635808249,-0.03008739748,-0.19542,0.02636154236,-0.03006321229,-0.1953901248,3.859302225e-05
3.709,0.02640531113,-0.0300459572,-0.19541,0.02640876332,-0.03002180489,-0.1953801015,3.858976927e-05
3.71,0.02645247461,-0.03000444279,-0.1954,0.02645591913,-0.02998032342,-0.1953700782,3.858652448e-05
3.711,0.02649957283,-0.02996285434,-0.19539,0.02650300967,-0.02993876797,-0.195360055,3.858328797e-05
3.712,0.02654660566,-0.02992119196,-0.19538,0.02655003482,-0.02989713865,-0.1953500317,3.858005982e-05
3.713,0.02659357299,-0.02987945575,-0.19537,0.02659699447,-0.02985543557,-0.1953400084,3.85768401e-05
3.714,0.0266404747,-0.02983764582,-0.19536,0.02664388851,-0.02981365882,-0.1953299851,3.857362893e-05
3.715,0.02668731068,-0.02979576226,-0.19535,0.02669071681,-0.02977180851,-0.1953199618,3.857042637e-05
3.716,0.02673408081,-0.02975380519,-0.19534,0.02673747926,-0.02972988474,-0.1953099385,3.856723251e-05
3.717,0.02678078497,-0.02971177471,-0.19533,0.02678417575,-0.02968788762,-0.1952999152,3.856404745e-05
3.718,0.02682742306,-0.02966967091,-0.19532,0.02683080616,-0.02964581724,-0.1952898919,3.856087127e-05
3.719,0.02687399496,-0.02962749391,-0.19531,0.02687737037,-0.02960367372,-0.1952798686,3.855770404e-05
3.72,0.02692050054,-0.0295852438,-0.1953,0.02692386828,-0.02956145716,-0.1952698453,3.855454584e-05
3.721,0.0269669397,-0.02954292069,-0.19529,0.02697029976,-0.02951916765,-0.195259822,3.855139676e-05
3.722,0.02701331232,-0.02950052469,-0.19528,0.02701666471,-0.02947680531,-0.1952497987,3.854825688e-05
3.723,0.0270596183,-0.02945805591,-0.19527,0.027062963,-0.02943437024,-0.1952397754,3.854512627e-05
3.724,0.0271058575,-0.02941551443,-0.19526,0.02710919452,-0.02939186254,-0.1952297521,3.854200503e-05
3.725,0.02715202982,-0.02937290038,-0.19525,0.02715535917,-0.02934928232,-0.1952197287,3.853889322e-05
3.726,0.02719813515,-0.02933021385,-0.19524,0.02720145682,-0.02930662969,-0.1952097054,3.853579095e-05
3.727,0.02724417337,-0.02928745495,-0.19523,0.02724748736,-0.02926390474,-0.1951996821,3.853269828e-05
3.728,0.02729014436,-0.02924462379,-0.19522,0.02729345068,-0.02922110759,-0.1951896588,3.85296153e-05
3.729,0.02733604803,-0.02920172047,-0.19521,0.02733934666,-0.02917823834,-0.1951796355,3.852654207e-05
3.73,0.02738188424,-0.0291587451,-0.1952,0.0273851752,-0.0291352971,-0.1951696122,3.852347869e-05
3.731,0.02742765289,-0.02911569778,-0.19519,0.02743093618,-0.02909228397,-0.1951595889,3.852042523e-05
3.732,0.02747335386,-0.02907257862,-0.19518,0.02747662948,-0.02904919906,-0.1951495656,3.851738175e-05
3.733,0.02751898705,-0.02902938773,-0.19517,0.02752225499,-0.02900604247,-0.1951395423,3.851434835e-05
3.734,0.02756455234,-0.02898612521,-0.19516,0.02756781261,-0.02896281431,-0.1951295189,3.851132509e-05
3.735,0.02761004961,-0.02894279117,-0.19515,0.02761330221,-0.02891951469,-0.1951194956,3.850831208e-05
3.736,0.02765547876,-0.02889938571,-0.19514,0.02765872369,-0.02887614372,-0.1951094723,3.850530936e-05
3.737,0.02770083967,-0.02885590895,-0.19513,0.02770407693,-0.02883270149,-0.195099449,3.850231703e-05
3.738,0.02774613223,-0.028812361,-0.19512,0.02774936182,-0.02878918813,-0.1950894257,3.849933514e-05
3.739,0.02779135633,-0.02876874195,-0.19511,0.02779457826,-0.02874560373,-0.1950794024,3.849636378e-05
3.74,0.02783651186,-0.02872505191,-0.1951,0.02783972612,-0.02870194841,-0.1950693791,3.849340304e-05
3.741,0.02788159871,-0.028681291,-0.19509,0.0278848053,-0.02865822226,-0.1950593558,3.849045297e-05
3.742,0.02792661676,-0.02863745932,-0.19508,0.02792981569,-0.02861442541,-0.1950493325,3.848751365e-05
3.743,0.0279715659,-0.02859355698,-0.19507,0.02797475717,-0.02857055795,-0.1950393092,3.848458515e-05
3.744,0.02801644603,-0.02854958409,-0.19506,0.02801962964,-0.02852662,-0.1950292859,3.848166755e-05
3.745,0.02806125703,-0.02850554076,-0.19505,0.02806443298,-0.02848261167,-0.1950192626,3.847876091e-05
3.746,0.02810599879,-0.02846142709,-0.19504,0.02810916709,-0.02843853305,-0.1950092394,3.847586532e-05
3.747,0.0281506712,-0.02841724319,-0.19503,0.02815383184,-0.02839438427,-0.1949992161,3.847298085e-05
3.748,0.02819527416,-0.02837298918,-0.19502,0.02819842714,-0.02835016543,-0.1949891928,3.847010756e-05
3.749,0.02823980754,-0.02832866516,-0.19501,0.02824295288,-0.02830587664,-0.1949791695,3.846724553e-05
3.75,0.02828427125,-0.02828427125,-0.195,0.02828740893,-0.028261518,-0.1949691462,3.846439483e-05
3.751,0.02832866516,-0.02823980754,-0.19499,0.0283317952,-0.02821708964,-0.194959123,3.846155551e-05
3.752,0.02837298918,-0.02819527416,-0.19498,0.02837611158,-0.02817259165,-0.1949490997,3.845872765e-05
3.753,0.02841724319,-0.0281506712,-0.19497,0.02842035794,-0.02812802415,-0.1949390764,3.845591132e-05
3.754,0.02846142709,-0.02810599879,-0.19496,0.0284645342,-0.02808338725,-0.1949290532,3.84531066e-05
3.755,0.02850554076,-0.02806125703,-0.19495,0.02850864022,-0.02803868105,-0.1949190299,3.845031356e-05
3.756,0.02854958409,-0.02801644603,-0.19494,0.02855267592,-0.02799390568,-0.1949090067,3.844753224e-05
3.757,0.02859355698,-0.0279715659,-0.19493,0.02859664118,-0.02794906123,-0.1948989834,3.844476272e-05
3.758,0.02863745932,-0.02792661676,-0.19492,0.02864053588,-0.02790414782,-0.1948889602,3.844200507e-05
3.759,0.028681291,-0.02788159871,-0.19491,0.02868435993,-0.02785916556,-0.194878937,3.843925936e-05
3.76,0.02872505191,-0.02783651186,-0.1949,0.02872811322,-0.02781411457,-0.1948689137,3.843652566e-05
3.761,0.02876874195,-0.02779135633,-0.19489,0.02877179563,-0.02776899494,-0.1948588905,3.843380404e-05
3.762,0.028812361,-0.02774613223,-0.19488,0.02881540705,-0.0277238068,-0.1948488673,3.843109453e-05
3.763,0.02885590895,-0.02770083967,-0.19487,0.02885894739,-0.02767855025,-0.1948388441,3.842839721e-05
3.764,0.02889938571,-0.02765547876,-0.19486,0.02890241654,-0.02763322541,-0.1948288209,3.842571216e-05
3.765,0.02894279117,-0.02761004961,-0.19485,0.02894581438,-0.02758783239,-0.1948187977,3.842303942e-05
3.766,0.02898612521,-0.02756455234,-0.19484,0.02898914081,-0.0275423713,-0.1948087745,3.842037906e-05
3.767,0.02902938773,-0.02751898705,-0.19483,0.02903239572,-0.02749684225,-0.1947987513,3.841773115e-05
3.768,0.02907257862,-0.02747335386,-0.19482,0.029075579,-0.02745124536,-0.1947887281,3.841509576e-05
3.769,0.02911569778,-0.02742765289,-0.19481,0.02911869056,-0.02740558074,-0.1947787049,3.841247294e-05
3.77,0.0291587451,-0.02738188424,-0.1948,0.02916173028,-0.02735984849,-0.1947686818,3.840986275e-05
3.771,0.02920172047,-0.02733604803,-0.19479,0.02920469806,-0.02731404874,-0.1947586586,3.840726526e-05
3.772,0.02924462379,-0.02729014436,-0.19478,0.02924759379,-0.02726818159,-0.1947486354,3.840468052e-05
3.773,0.02928745495,-0.02724417337,-0.19477,0.02929041736,-0.02722224717,-0.1947386123,3.840210859e-05
3.774,0.02933021385,-0.02719813515,-0.19476,0.02933316867,-0.02717624557,-0.1947285892,3.839954951e-05
3.775,0.02937290038,-0.02715202982,-0.19475,0.02937584762,-0.02713017693,-0.194718566,3.839700336e-05
3.776,0.02941551443,-0.0271058575,-0.19474,0.02941845409,-0.02708404134,-0.1947085429,3.839447021e-05
3.777,0.02945805591,-0.0270596183,-0.19473,0.02946098799,-0.02703783892,-0.1946985198,3.839195011e-05
3.778,0.02950052469,-0.02701331232,-0.19472,0.02950344921,-0.0269915698,-0.1946884967,3.838944311e-05
3.779,0.02954292069,-0.0269669397,-0.19471,0.02954583764,-0.02694523407,-0.1946784736,3.838694926e-05
3.78,0.0295852438,-0.02692050054,-0.1947,0.02958815319,-0.02689883187,-0.1946684505,3.838446863e-05
3.781,0.02962749391,-0.02687399496,-0.19469,0.02963039573,-0.02685236329,-0.1946584274,3.838200127e-05
3.782,0.02966967091,-0.02682742306,-0.19468,0.02967256518,-0.02680582846,-0.1946484043,3.837954723e-05
3.783,0.02971177471,-0.02678078497,-0.19467,0.02971466143,-0.02675922748,-0.1946383813,3.837710657e-05
3.784,0.02975380519,-0.02673408081,-0.19466,0.02975668437,-0.02671256049,-0.1946283582,3.837467933e-05
3.785,0.02979576226,-0.02668731068,-0.19465,0.02979863389,-0.02666582758,-0.1946183352,3.837226559e-05
3.786,0.02983764582,-0.0266404747,-0.19464,0.02984050991,-0.02661902888,-0.1946083121,3.836986539e-05
3.787,0.02987945575,-0.02659357299,-0.19463,0.02988231231,-0.0265721645,-0.1945982891,3.83674788e-05
3.788,0.02992119196,-0.02654660566,-0.19462,0.02992404098,-0.02652523456,-0.1945882661,3.836510584e-05
3.789,0.02996285434,-0.02649957283,-0.19461,0.02996569584,-0.02647823916,-0.1945782431,3.836274658e-05
3.79,0.03000444279,-0.02645247461,-0.1946,0.03000727676,-0.02643117844,-0.1945682201,3.836040106e-05
3.791,0.0300459572,-0.02640531113,-0.19459,0.03004878366,-0.0263840525,-0.1945581971,3.835806935e-05
3.792,0.03008739748,-0.02635808249,-0.19458,0.03009021643,-0.02633686147,-0.1945481741,3.835575148e-05
3.793,0.03012876353,-0.02631078882,-0.19457,0.03013157497,-0.02628960545,-0.1945381512,3.83534475e-05
3.794,0.03017005523,-0.02626343023,-0.19456,0.03017285917,-0.02624228456,-0.1945281282,3.835115748e-05
3.795,0.03021127249,-0.02621600684,-0.19455,0.03021406893,-0.02619489893,-0.1945181053,3.834888145e-05
3.796,0.03025241521,-0.02616851876,-0.19454,0.03025520416,-0.02614744866,-0.1945080824,3.834661946e-05
3.797,0.03029348328,-0.02612096611,-0.19453,0.03029626474,-0.02609993388,-0.1944980594,3.834437157e-05
3.798,0.03033447661,-0.02607334901,-0.19452,0.03033725059,-0.0260523547,-0.1944880365,3.834213782e-05
3.799,0.03037539509,-0.02602566758,-0.19451,0.03037816159,-0.02600471124,-0.1944780136,3.833991826e-05
3.8,0.03041623862,-0.02597792193,-0.1945,0.03041899765,-0.02595700361,-0.1944679908,3.833771293e-05
3.801,0.03045700711,-0.02593011219,-0.19449,0.03045975867,-0.02590923194,-0.1944579679,3.833552187e-05
3.802,0.03049770044,-0.02588223846,-0.19448,0.03050044454,-0.02586139635,-0.194447945,3.833334514e-05
3.803,0.03053831852,-0.02583430088,-0.19447,0.03054105516,-0.02581349694,-0.1944379222,3.833118276e-05
3.804,0.03057886126,-0.02578629955,-0.19446,0.03058159045,-0.02576553384,-0.1944278993,3.832903481e-05
3.805,0.03061932854,-0.02573823459,-0.19445,0.03062205028,-0.02571750717,-0.1944178765,3.832690131e-05
3.806,0.03065972027,-0.02569010613,-0.19444,0.03066243457,-0.02566941704,-0.1944078537,3.832478231e-05
3.807,0.03070003636,-0.02564191428,-0.19443,0.03070274322,-0.02562126358,-0.1943978309,3.832267783e-05
3.808,0.03074027669,-0.02559365916,-0.19442,0.03074297613,-0.02557304691,-0.1943878081,3.832058794e-05
3.809,0.03078044117,-0.02554534089,-0.19441,0.03078313319,-0.02552476713,-0.1943777854,3.831851268e-05
3.81,0.03082052971,-0.02549695959,-0.1944,0.03082321431,-0.02547642437,-0.1943677626,3.831645209e-05
3.811,0.0308605422,-0.02544851538,-0.19439,0.03086321939,-0.02542801876,-0.1943577399,3.83144062e-05
3.812,0.03090047855,-0.02540000838,-0.19438,0.03090314833,-0.02537955041,-0.1943477172,3.831237507e-05
3.813,0.03094033865,-0.0253514387,-0.19437,0.03094300103,-0.02533101943,-0.1943376944,3.83103587e-05
3.814,0.03098012241,-0.02530280648,-0.19436,0.03098277739,-0.02528242595,-0.1943276718,3.830835716e-05
3.815,0.03101982973,-0.02525411182,-0.19435,0.03102247732,-0.0252337701,-0.1943176491,3.830637049e-05
3.816,0.03105946051,-0.02520535485,-0.19434,0.03106210072,-0.02518505198,-0.1943076264,3.83043987e-05
3.817,0.03109901465,-0.02515653569,-0.19433,0.03110164749,-0.02513627172,-0.1942976038,3.830244187e-05
3.818,0.03113849206,-0.02510765445,-0.19432,0.03114111754,-0.02508742944,-0.1942875811,3.830050001e-05
3.819,0.03117789264,-0.02505871127,-0.19431,0.03118051075,-0.02503852526,-0.1942775585,3.829857315e-05
3.82,0.03121721629,-0.02500970625,-0.1943,0.03121982705,-0.02498955931,-0.1942675359,3.829666133e-05
3.821,0.03125646292,-0.02496063953,-0.19429,0.03125906633,-0.02494053169,-0.1942575133,3.82947646e-05
3.822,0.03129563242,-0.02491151122,-0.19428,0.03129822849,-0.02489144254,-0.1942474907,3.829288299e-05
3.823,0.03133472471,-0.02486232144,-0.19427,0.03133731344,-0.02484229197,-0.1942374682,3.829101654e-05
3.824,0.03137373968,-0.02481307032,-0.19426,0.03137632108,-0.0247930801,-0.1942274456,3.828916527e-05
3.825,0.03141267724,-0.02476375797,-0.19425,0.03141525131,-0.02474380707,-0.1942174231,3.82873292e-05
3.826,0.03145153729,-0.02471438452,-0.19424,0.03145410405,-0.02469447298,-0.1942074006,3.828550838e-05
3.827,0.03149031973,-0.02466495009,-0.19423,0.03149287918,-0.02464507796,-0.1941973781,3.828370284e-05
3.828,0.03152902448,-0.02461545481,-0.19422,0.03153157663,-0.02459562213,-0.1941873556,3.828191263e-05
3.829,0.03156765143,-0.02456589878,-0.19421,0.03157019629,-0.02454610561,-0.1941773331,3.828013776e-05
3.83,0.0316062005,-0.02451628215,-0.1942,0.03160873806,-0.02449652854,-0.1941673107,3.827837826e-05
3.831,0.03164467157,-0.02446660502,-0.19419,0.03164720186,-0.02444689102,-0.1941572883,3.827663417e-05
3.832,0.03168306457,-0.02441686752,-0.19418,0.03168558759,-0.02439719318,-0.1941472659,3.827490552e-05
3.833,0.03172137939,-0.02436706978,-0.19417,0.03172389515,-0.02434743514,-0.1941372435,3.827319232e-05
3.834,0.03175961595,-0.02431721191,-0.19416,0.03176212444,-0.02429761703,-0.1941272211,3.827149462e-05
3.835,0.03179777414,-0.02426729404,-0.19415,0.03180027538,-0.02424773897,-0.1941171988,3.826981244e-05
3.836,0.03183585387,-0.0242173163,-0.19414,0.03183834787,-0.02419780108,-0.1941071764,3.826814581e-05
3.837,0.03187385505,-0.0241672788,-0.19413,0.03187634181,-0.02414780349,-0.1940971541,3.826649475e-05
3.838,0.03191177758,-0.02411718167,-0.19412,0.03191425712,-0.02409774632,-0.1940871318,3.826485929e-05
3.839,0.03194962138,-0.02406702503,-0.19411,0.0319520937,-0.02404762968,-0.1940771095,3.826323945e-05
3.84,0.03198738634,-0.02401680901,-0.1941,0.03198985145,-0.02399745372,-0.1940670873,3.826163527e-05
3.841,0.03202507238,-0.02396653374,-0.19409,0.03202753028,-0.02394721854,-0.194057065,3.826004676e-05
3.842,0.03206267939,-0.02391619932,-0.19408,0.0320651301,-0.02389692428,-0.1940470428,3.825847395e-05
3.843,0.0321002073,-0.0238658059,-0.19407,0.03210265082,-0.02384657105,-0.1940370206,3.825691687e-05
3.844,0.032137656,-0.02381535359,-0.19406,0.03214009235,-0.02379615899,-0.1940269984,3.825537555e-05
3.845,0.03217502541,-0.02376484252,-0.19405,0.03217745458,-0.02374568821,-0.1940169762,3.825384999e-05
3.846,0.03221231543,-0.02371427281,-0.19404,0.03221473744,-0.02369515885,-0.1940069541,3.825234023e-05
3.847,0.03224952597,-0.02366364458,-0.19403,0.03225194082,-0.02364457102,-0.193996932,3.825084627e-05
3.848,0.03228665693,-0.02361295797,-0.19402,0.03228906464,-0.02359392485,-0.1939869099,3.824936815e-05
3.849,0.03232370823,-0.0235622131,-0.19401,0.0323261088,-0.02354322046,-0.1939768878,3.824790589e-05
3.85,0.03236067977,-0.02351141009,-0.194,0.03236307321,-0.02349245799,-0.1939668657,3.82464595e-05
3.851,0.03239757147,-0.02346054907,-0.19399,0.03239995779,-0.02344163755,-0.1939568437,3.824502901e-05
3.852,0.03243438323,-0.02340963016,-0.19398,0.03243676244,-0.02339075927,-0.1939468216,3.824361444e-05
3.853,0.03247111496,-0.02335865349,-0.19397,0.03247348707,-0.02333982328,-0.1939367996,3.82422158e-05
3.854,0.03250776658,-0.02330761919,-0.19396,0.03251013158,-0.0232888297,-0.1939267777,3.824083311e-05
3.855,0.03254433798,-0.02325652737,-0.19395,0.0325466959,-0.02323777866,-0.1939167557,3.823946638e-05
3.856,0.03258082908,-0.02320537818,-0.19394,0.03258317993,-0.02318667029,-0.1939067338,3.823811565e-05
3.857,0.0326172398,-0.02315417172,-0.19393,0.03261958357,-0.0231355047,-0.1938967119,3.823678092e-05
3.858,0.03265357003,-0.02310290814,-0.19392,0.03265590675,-0.02308428203,-0.19388669,3.82354622e-05
3.859,0.03268981969,-0.02305158755,-0.19391,0.03269214936,-0.0230330024,-0.1938766681,3.823415951e-05
3.86,0.0327259887,-0.02300021008,-0.1939,0.03272831132,-0.02298166595,-0.1938666462,3.823287288e-05
3.861,0.03276207695,-0.02294877586,-0.19389,0.03276439255,-0.02293027279,-0.1938566244,3.82316023e-05
3.862,0.03279808437,-0.02289728502,-0.19388,0.03280039295,-0.02287882305,-0.1938466026,3.82303478e-05
3.863,0.03283401087,-0.02284573769,-0.19387,0.03283631243,-0.02282731686,-0.1938365808,3.82291094e-05
3.864,0.03286985635,-0.02279413398,-0.19386,0.0328721509,-0.02277575435,-0.1938265591,3.82278871e-05
3.865,0.03290562072,-0.02274247403,-0.19385,0.03290790829,-0.02272413564,-0.1938165373,3.82266809e-05
3.866,0.03294130391,-0.02269075797,-0.19384,0.03294358449,-0.02267246087,-0.1938065156,3.822549085e-05
3.867,0.03297690581,-0.02263898591,-0.19383,0.03297917942,-0.02262073015,-0.1937964939,3.822431693e-05
3.868,0.03301242635,-0.022587158,-0.19382,0.03301469299,-0.02256894362,-0.1937864723,3.822315914e-05
3.869,0.03304786543,-0.02253527436,-0.19381,0.03305012512,-0.02251710141,-0.1937764506,3.822201753e-05
3.87,0.03308322297,-0.02248333511,-0.1938,0.03308547571,-0.02246520363,-0.193766429,3.822089208e-05
3.871,0.03311849888,-0.02243134039,-0.19379,0.03312074469,-0.02241325043,-0.1937564074,3.821978281e-05
3.872,0.03315369308,-0.02237929032,-0.19378,0.03315593196,-0.02236124193,-0.1937463859,3.821868972e-05
3.873,0.03318880547,-0.02232718504,-0.19377,0.03319103743,-0.02230917825,-0.1937363643,3.821761283e-05
3.874,0.03322383597,-0.02227502466,-0.19376,0.03322606103,-0.02225705953,-0.1937263428,3.821655214e-05
3.875,0.03325878449,-0.02222280932,-0.19375,0.03326100266,-0.02220488589,-0.1937163213,3.821550765e-05
3.876,0.03329365095,-0.02217053915,-0.19374,0.03329586224,-0.02215265747,-0.1937062998,3.821447939e-05
3.877,0.03332843527,-0.02211821427,-0.19373,0.03333063968,-0.02210037438,-0.1936962784,3.821346735e-05
3.878,0.03336313734,-0.02206583483,-0.19372,0.03336533489,-0.02204803677,-0.193686257,3.821247154e-05
3.879,0.0333977571,-0.02201340093,-0.19371,0.0333999478,-0.02199564476,-0.1936762356,3.821149197e-05
3.88,0.03343229445,-0.02196091272,-0.1937,0.0334344783,-0.02194319847,-0.1936662142,3.821052862e-05
3.881,0.03346674932,-0.02190837032,-0.19369,0.03346892633,-0.02189069805,-0.1936561929,3.82095815e-05
3.882,0.0335011216,-0.02185577387,-0.19368,0.0335032918,-0.02183814361,-0.1936461715,3.820865064e-05
3.883,0.03353541123,-0.02180312349,-0.19367,0.03353757461,-0.02178553529,-0.1936361502,3.820773604e-05
3.884,0.03356961811,-0.02175041931,-0.19366,0.03357177469,-0.02173287322,-0.193626129,3.820683768e-05
3.885,0.03360374216,-0.02169766147,-0.19365,0.03360589195,-0.02168015752,-0.1936161077,3.820595556e-05
3.886,0.03363778329,-0.02164485009,-0.19364,0.03363992631,-0.02162738833,-0.1936060865,3.82050897e-05
3.887,0.03367174143,-0.0215919853,-0.19363,0.03367387768,-0.02157456578,-0.1935960653,3.82042401e-05
3.888,0.03370561649,-0.02153906723,-0.19362,0.03370774598,-0.02152169,-0.1935860442,3.820340675e-05
3.889,0.03373940838,-0.02148609602,-0.19361,0.03374153113,-0.02146876112,-0.1935760231,3.820258966e-05
3.89,0.03377311702,-0.0214330718,-0.1936,0.03377523304,-0.02141577926,-0.193566002,3.820178883e-05
3.891,0.03380674233,-0.02137999469,-0.19359,0.03380885163,-0.02136274457,-0.1935559809,3.820100426e-05
3.892,0.03384028423,-0.02132686483,-0.19358,0.03384238681,-0.02130965717,-0.1935459598,3.820023594e-05
3.893,0.03387374263,-0.02127368235,-0.19357,0.03387583851,-0.02125651718,-0.1935359388,3.819948386e-05
3.894,0.03390711744,-0.02122044737,-0.19356,0.03390920664,-0.02120332475,-0.1935259178,3.819874804e-05
3.895,0.0339404086,-0.02116716004,-0.19355,0.03394249112,-0.02115008001,-0.1935158968,3.819802845e-05
3.896,0.03397361601,-0.02111382048,-0.19354,0.03397569187,-0.02109678308,-0.1935058759,3.819732511e-05
3.897,0.0340067396,-0.02106042882,-0.19353,0.0340088088,-0.0210434341,-0.193495855,3.819663801e-05
3.898,0.03403977927,-0.0210069852,-0.19352,0.03404184183,-0.02099003319,-0.1934858341,3.819596714e-05
3.899,0.03407273496,-0.02095348974,-0.19351,0.03407479089,-0.0209365805,-0.1934758133,3.819531251e-05
3.9,0.03410560657,-0.02089994259,-0.1935,0.03410765589,-0.02088307614,-0.1934657925,3.81946741e-05
3.901,0.03413839404,-0.02084634386,-0.19349,0.03414043675,-0.02082952027,-0.1934557717,3.819405191e-05
3.902,0.03417109727,-0.0207926937,-0.19348,0.03417313338,-0.02077591299,-0.1934457509,3.819344593e-05
3.903,0.03420371618,-0.02073899224,-0.19347,0.03420574572,-0.02072225446,-0.1934357302,3.819285616e-05
3.904,0.03423625071,-0.02068523961,-0.19346,0.03423827367,-0.0206685448,-0.1934257095,3.819228257e-05
3.905,0.03426870075,-0.02063143593,-0.19345,0.03427071716,-0.02061478414,-0.1934156888,3.819172518e-05
3.906,0.03430106625,-0.02057758135,-0.19344,0.03430307611,-0.02056097262,-0.1934056681,3.819118398e-05
3.907,0.03433334711,-0.020523676,-0.19343,0.03433535043,-0.02050711036,-0.1933956475,3.819065896e-05
3.908,0.03436554325,-0.02046972,-0.19342,0.03436754006,-0.02045319751,-0.1933856269,3.819015009e-05
3.909,0.0343976546,-0.0204157135,-0.19341,0.0343996449,-0.0203992342,-0.1933756064,3.818965736e-05
3.91,0.03442968108,-0.02036165663,-0.1934,0.03443166488,-0.02034522055,-0.1933655859,3.818918079e-05
3.911,0.03446162261,-0.02030754952,-0.19339,0.03446359993,-0.0202911567,-0.1933555654,3.818872036e-05
3.912,0.0344934791,-0.02025339229,-0.19338,0.03449544995,-0.02023704279,-0.1933455449,3.818827606e-05
3.913,0.03452525049,-0.0201991851,-0.19337,0.03452721488,-0.02018287894,-0.1933355245,3.818784785e-05
3.914,0.03455693669,-0.02014492807,-0.19336,0.03455889464,-0.0201286653,-0.1933255041,3.818743575e-05
3.915,0.03458853762,-0.02009062133,-0.19335,0.03459048914,-0.02007440199,-0.1933154837,3.818703974e-05
3.916,0.03462005321,-0.02003626501,-0.19334,0.03462199831,-0.02002008916,-0.1933054634,3.81866598e-05
3.917,0.03465148338,-0.01998185927,-0.19333,0.03465342207,-0.01996572692,-0.1932954431,3.818629593e-05
3.918,0.03468282805,-0.01992740421,-0.19332,0.03468476034,-0.01991131543,-0.1932854228,3.818594811e-05
3.919,0.03471408714,-0.01987289999,-0.19331,0.03471601306,-0.0198568548,-0.1932754025,3.818561631e-05
3.92,0.03474526058,-0.01981834674,-0.1933,0.03474718013,-0.01980234518,-0.1932653823,3.818530053e-05
3.921,0.03477634829,-0.01976374458,-0.19329,0.03477826148,-0.01974778671,-0.1932553622,3.818500075e-05
3.922,0.03480735019,-0.01970909366,-0.19328,0.03480925704,-0.01969317951,-0.193245342,3.818471696e-05
3.923,0.0348382662,-0.01965439411,-0.19327,0.03484016674,-0.01963852372,-0.1932353219,3.818444912e-05
3.924,0.03486909626,-0.01959964607,-0.19326,0.03487099048,-0.01958381947,-0.1932253018,3.818419727e-05
3.925,0.03489984028,-0.01954484966,-0.19325,0.0349017282,-0.0195290669,-0.1932152818,3.818396136e-05
3.926,0.03493049819,-0.01949000503,-0.19324,0.03493237982,-0.01947426615,-0.1932052618,3.818374138e-05
3.927,0.03496106991,-0.01943511231,-0.19323,0.03496294527,-0.01941941735,-0.1931952418,3.818353728e-05
3.928,0.03499155537,-0.01938017163,-0.19322,0.03499342447,-0.01936452064,-0.1931852218,3.818334906e-05
3.929,0.03502195449,-0.01932518314,-0.19321,0.03502381735,-0.01930957614,-0.1931752019,3.818317669e-05
3.93,0.0350522672,-0.01927014696,-0.1932,0.03505412383,-0.019254584,-0.193165182,3.818302019e-05
3.931,0.03508249342,-0.01921506324,-0.19319,0.03508434383,-0.01919954436,-0.1931551622,3.818287952e-05
3.932,0.03511263308,-0.01915993211,-0.19318,0.03511447728,-0.01914445734,-0.1931451424,3.818275467e-05
3.933,0.0351426861,-0.0191047537,-0.19317,0.03514452411,-0.01908932309,-0.1931351226,3.81826456e-05
3.934,0.03517265241,-0.01904952815,-0.19316,0.03517448424,-0.01903414174,-0.1931251029,3.818255228e-05
3.935,0.03520253193,-0.01899425559,-0.19315,0.03520435761,-0.01897891342,-0.1931150832,3.818247471e-05
3.936,0.0352323246,-0.01893893618,-0.19314,0.03523414413,-0.01892363828,-0.1931050635,3.818241287e-05
3.937,0.03526203033,-0.01888357003,-0.19313,0.03526384373,-0.01886831645,-0.1930950438,3.818236672e-05
3.938,0.03529164906,-0.01882815729,-0.19312,0.03529345633,-0.01881294806,-0.1930850242,3.818233625e-05
3.939,0.03532118071,-0.01877269809,-0.19311,0.03532298188,-0.01875753325,-0.1930750047,3.818232143e-05
3.94,0.0353506252,-0.01871719257,-0.1931,0.03535242029,-0.01870207216,-0.1930649851,3.818232226e-05
3.941,0.03537998248,-0.01866164087,-0.19309,0.03538177148,-0.01864656493,-0.1930549656,3.818233871e-05
3.942,0.03540925245,-0.01860604312,-0.19308,0.0354110354,-0.01859101169,-0.1930449462,3.818237073e-05
3.943,0.03543843506,-0.01855039947,-0.19307,0.03544021196,-0.01853541258,-0.1930349267,3.81824183e-05
3.944,0.03546753023,-0.01849471004,-0.19306,0.0354693011,-0.01847976774,-0.1930249074,3.818248141e-05
3.945,0.03549653788,-0.01843897498,-0.19305,0.03549830274,-0.0184240773,-0.193014888,3.818256003e-05
3.946,0.03552545795,-0.01838319442,-0.19304,0.0355272168,-0.0183683414,-0.1930048687,3.818265413e-05
3.947,0.03555429037,-0.01832736851,-0.19303,0.03555604323,-0.01831256018,-0.1929948494,3.81827637e-05
3.948,0.03558303506,-0.01827149737,-0.19302,0.03558478195,-0.01825673378,-0.1929848302,3.818288869e-05
3.949,0.03561169195,-0.01821558115,-0.19301,0.03561343288,-0.01820086234,-0.192974811,3.818302909e-05
3.95,0.03564026097,-0.01815961999,-0.193,0.03564199596,-0.01814494598,-0.1929647918,3.818318487e-05
3.951,0.03566874205,-0.01810361402,-0.19299,0.03567047112,-0.01808898486,-0.1929547726,3.818335599e-05
3.952,0.03569713512,-0.01804756338,-0.19298,0.03569885828,-0.0180329791,-0.1929447535,3.818354242e-05
3.953,0.03572544012,-0.01799146821,-0.19297,0.03572715738,-0.01797692885,-0.1929347345,3.818374415e-05
3.954,0.03575365697,-0.01793532864,-0.19296,0.03575536835,-0.01792083425,-0.1929247155,3.818396115e-05
3.955,0.03578178559,-0.01787914483,-0.19295,0.03578349111,-0.01786469543,-0.1929146965,3.818419339e-05
3.956,0.03580982593,-0.0178229169,-0.19294,0.0358115256,-0.01780851253,-0.1929046775,3.818444082e-05
3.957,0.03583777792,-0.01776664499,-0.19293,0.03583947174,-0.01775228569,-0.1928946586,3.818470343e-05
3.958,0.03586564147,-0.01771032924,-0.19292,0.03586732948,-0.01769601505,-0.1928846397,3.818498118e-05
3.959,0.03589341653,-0.0176539698,-0.19291,0.03589509874,-0.01763970075,-0.1928746209,3.818527403e-05
3.96,0.03592110303,-0.01759756679,-0.1929,0.03592277945,-0.01758334293,-0.1928646021,3.818558198e-05
3.961,0.0359487009,-0.01754112037,-0.19289,0.03595037154,-0.01752694172,-0.1928545834,3.818590498e-05
3.962,0.03597621006,-0.01748463067,-0.19288,0.03597787495,-0.01747049727,-0.1928445646,3.818624299e-05
3.963,0.03600363046,-0.01742809782,-0.19287,0.03600528961,-0.01741400971,-0.192834546,3.818659599e-05
3.964,0.03603096202,-0.01737152197,-0.19286,0.03603261545,-0.01735747919,-0.1928245273,3.818696395e-05
3.965,0.03605820468,-0.01731490326,-0.19285,0.0360598524,-0.01730090584,-0.1928145087,3.818734681e-05
3.966,0.03608535837,-0.01725824183,-0.19284,0.0360870004,-0.0172442898,-0.1928044902,3.818774456e-05
3.967,0.03611242303,-0.01720153781,-0.19283,0.03611405938,-0.01718763122,-0.1927944716,3.818815718e-05
3.968,0.03613939858,-0.01714479135,-0.19282,0.03614102927,-0.01713093022,-0.1927844532,3.81885846e-05
3.969,0.03616628496,-0.01708800259,-0.19281,0.03616791,-0.01707418696,-0.1927744347,3.818902682e-05
3.97,0.0361930821,-0.01703117166,-0.1928,0.03619470152,-0.01701740158,-0.1927644163,3.818948378e-05
3.971,0.03621978994,-0.01697429871,-0.19279,0.03622140375,-0.0169605742,-0.1927543979,3.818995545e-05
3.972,0.03624640841,-0.01691738388,-0.19278,0.03624801662,-0.01690370498,-0.1927443796,3.81904418e-05
3.973,0.03627293745,-0.01686042731,-0.19277,0.03627454008,-0.01684679405,-0.1927343613,3.81909428e-05
3.974,0.03629937698,-0.01680342914,-0.19276,0.03630097406,-0.01678984155,-0.1927243431,3.819145841e-05
3.975,0.03632572695,-0.0167463895,-0.19275,0.03632731848,-0.01673284763,-0.1927143249,3.81919886e-05
3.976,0.03635198729,-0.01668930855,-0.19274,0.0363535733,-0.01667581243,-0.1927043067,3.81925333e-05
3.977,0.03637815794,-0.01663218641,-0.19273,0.03637973843,-0.01661873608,-0.1926942886,3.81930925e-05
3.978,0.03640423883,-0.01657502324,-0.19272,0.03640581382,-0.01656161872,-0.1926842705,3.819366616e-05
3.979,0.03643022989,-0.01651781917,-0.19271,0.03643179941,-0.0165044605,-0.1926742525,3.819425424e-05
3.98,0.03645613107,-0.01646057434,-0.1927,0.03645769512,-0.01644726156,-0.1926642345,3.819485672e-05
3.981,0.03648194229,-0.0164032889,-0.19269,0.0364835009,-0.01639002204,-0.1926542165,3.819547355e-05
3.982,0.0365076635,-0.01634596299,-0.19268,0.03650921668,-0.01633274208,-0.1926441986,3.819610467e-05
3.983,0.03653329462,-0.01628859674,-0.19267,0.0365348424,-0.01627542182,-0.1926341808,3.819675005e-05
3.984,0.03655883561,-0.01623119031,-0.19266,0.036560378,-0.01621806141,-0.1926241629,3.819740966e-05
3.985,0.03658428639,-0.01617374382,-0.19265,0.0365858234,-0.01616066098,-0.1926141451,3.819808346e-05
3.986,0.0366096469,-0.01611625743,-0.19264,0.03661117856,-0.01610322068,-0.1926041274,3.819877141e-05
3.987,0.03663491709,-0.01605873127,-0.19263,0.0366364434,-0.01604574064,-0.1925941097,3.819947347e-05
3.988,0.03666009688,-0.01600116549,-0.19262,0.03666161786,-0.01598822102,-0.192584092,3.82001896e-05
3.989,0.03668518621,-0.01594356023,-0.19261,0.03668670189,-0.01593066195,-0.1925740744,3.820091975e-05
3.99,0.03671018503,-0.01588591563,-0.1926,0.03671169542,-0.01587306357,-0.1925640568,3.820166389e-05
3.991,0.03673509327,-0.01582823183,-0.19259,0.03673659838,-0.01581542602,-0.1925540393,3.820242197e-05
3.992,0.03675991086,-0.01577050897,-0.19258,0.03676141073,-0.01575774946,-0.1925440218,3.820319396e-05
3.993,0.03678463776,-0.01571274721,-0.19257,0.03678613239,-0.01570003402,-0.1925340044,3.820397981e-05
3.994,0.03680927389,-0.01565494667,-0.19256,0.03681076331,-0.01564227984,-0.192523987,3.820477948e-05
3.995,0.03683381921,-0.01559710751,-0.19255,0.03683530342,-0.01558448706,-0.1925139696,3.820559292e-05
3.996,0.03685827363,-0.01553922987,-0.19254,0.03685975266,-0.01552665584,-0.1925039523,3.820642009e-05
3.997,0.03688263712,-0.01548131388,-0.19253,0.03688411098,-0.0154687863,-0.192493935,3.820726094e-05
3.998,0.03690690959,-0.01542335969,-0.19252,0.03690837831,-0.0154108786,-0.1924839178,3.820811545e-05
3.999,0.03693109101,-0.01536536745,-0.19251,0.0369325546,-0.01535293287,-0.1924739006,3.820898356e-05
4,0.0369551813,-0.01530733729,-0.1925,0.03695663978,-0.01529494927,-0.1924638835,3.820986522e-05
4.001,0.03697918041,-0.01524926937,-0.19249,0.03698063379,-0.01523692792,-0.1924538664,3.821076099e-05
4.002,0.03700308827,-0.01519116384,-0.19248,0.03700453655,-0.01517886908,-0.1924438493,3.821163173e-05
4.003,0.0370269048,-0.01513302088,-0.19247,0.03702834778,-0.01512077348,-0.1924338325,3.821221851e-05
4.004,0.03705062992,-0.01507484071,-0.1924600001,0.03705206699,-0.01506264254,-0.1924238158,3.821203075e-05
4.005,0.03707426353,-0.01501662357,-0.1924500001,0.03707569363,-0.01500447815,-0.1924137995,3.821048259e-05
4.006,0.03709780553,-0.01495836972,-0.1924400003,0.03709922717,-0.01494628227,-0.1924037835,3.820704869e-05
4.007,0.0371212558,-0.01490007945,-0.1924300005,0.0371226673,-0.01488805652,-0.1923937679,3.820136971e-05
4.008,0.03714461421,-0.0148417531,-0.1924200008,0.03714601389,-0.0148298019,-0.1923837525,3.819329151e-05
4.009,0.03716788063,-0.01478339099,-0.1924100013,0.03716926693,-0.01477151871,-0.1923737376,3.8182846e-05
4.01,0.03719105492,-0.01472499351,-0.192400002,0.03719242645,-0.01471320676,-0.1923637231,3.817019052e-05
4.011,0.03721413692,-0.01466656105,-0.1923900029,0.03721549238,-0.0146548657,-0.1923537092,3.815552615e-05
4.012,0.03723712648,-0.01460809404,-0.192380004,0.03723846457,-0.01459649534,-0.1923436961,3.813901983e-05
4.013,0.03726002343,-0.01454959292,-0.1923700055,0.03726134278,-0.01453809588,-0.1923336838,3.812075395e-05
4.014,0.03728282759,-0.01449105817,-0.1923600074,0.03728412676,-0.01447966798,-0.1923236723,3.810071749e-05
4.015,0.03730553879,-0.01443249028,-0.1923500098,0.03730681633,-0.01442121264,-0.1923136617,3.807883682e-05
4.016,0.03732815684,-0.01437388977,-0.1923400126,0.03732941136,-0.01436273098,-0.192303652,3.805502994e-05
4.017,0.03735068154,-0.01431525721,-0.192330016,0.03735191176,-0.01430422401,-0.1922936432,3.802926012e-05
4.018,0.03737311269,-0.01425659314,-0.1923200201,0.03737431747,-0.01424569247,-0.1922836354,3.80015682e-05
4.019,0.03739545009,-0.01419789818,-0.1923100249,0.03739662841,-0.01418713679,-0.1922736287,3.797207338e-05
4.02,0.03741769353,-0.01413917293,-0.1923000305,0.03741884443,-0.01412855718,-0.1922636231,3.794094639e-05
4.021,0.03743984279,-0.01408041803,-0.192290037,0.03744096534,-0.01406995376,-0.1922536188,3.790836868e-05
4.022,0.03746189765,-0.01402163416,-0.1922800444,0.03746299093,-0.01401132678,-0.1922436159,3.787449487e-05
4.023,0.03748385788,-0.013962822,-0.1922700529,0.03748492096,-0.0139526767,-0.1922336144,3.783943196e-05
4.024,0.03750572327,-0.01390398225,-0.1922600626,0.03750675525,-0.01389400425,-0.1922236146,3.780323999e-05
4.025,0.03752749356,-0.01384511564,-0.1922500735,0.03752849361,-0.01383531034,-0.1922136164,3.776595084e-05
4.026,0.03754916853,-0.01378622294,-0.1922400858,0.0375501359,-0.013776596,-0.1922036199,3.772759501e-05
4.027,0.03757074793,-0.01372730491,-0.1922300995,0.03757168196,-0.0137178622,-0.1921936254,3.76882255e-05
4.028,0.03759223152,-0.01366836235,-0.1922201148,0.03759313166,-0.01365910978,-0.1921836327,3.764793028e-05
4.029,0.03761361905,-0.01360939608,-0.1922101318,0.0376144848,-0.01360033945,-0.1921736421,3.760683039e-05
4.03,0.03763491028,-0.01355040693,-0.1922001506,0.03763574117,-0.01354155178,-0.1921636536,3.756506677e-05
4.031,0.03765610495,-0.01349139576,-0.1921901712,0.03765690057,-0.01348274733,-0.1921536674,3.752278223e-05
4.032,0.03767720282,-0.01343236346,-0.192180194,0.03767796276,-0.01342392672,-0.1921436836,3.748010611e-05
4.033,0.03769820361,-0.01337331091,-0.1921702188,0.03769892752,-0.01336509067,-0.1921337025,3.743714677e-05
4.034,0.03771910708,-0.01331423904,-0.192160246,0.03771979462,-0.01330624007,-0.192123724,3.73939933e-05
4.035,0.03773991297,-0.01325514878,-0.1921502755,0.03774056388,-0.01324737592,-0.1921137483,3.73507245e-05
4.036,0.03776062102,-0.01319604109,-0.1921403076,0.03776123509,-0.01318849929,-0.1921037756,3.730742031e-05
4.037,0.03778123096,-0.01313691695,-0.1921303424,0.03778180807,-0.01312961123,-0.1920938059,3.726417118e-05
4.038,0.03780174255,-0.01307777735,-0.19212038,0.03780228261,-0.01307071274,-0.1920838395,3.722108206e-05
4.039,0.03782215551,-0.01301862331,-0.1921104205,0.0378226585,-0.01301180474,-0.1920738763,3.717827044e-05
4.04,0.03784246958,-0.01295945585,-0.1921004642,0.03784293552,-0.01295288809,-0.1920639167,3.713586019e-05
4.041,0.03786268451,-0.01290027603,-0.1920905111,0.03786311344,-0.01289396365,-0.1920539606,3.709397408e-05
4.042,0.03788280004,-0.0128410849,-0.1920805614,0.03788319205,-0.01283503232,-0.1920440084,3.705272827e-05
4.043,0.03790281589,-0.01278188356,-0.1920706152,0.0379031711,-0.01277609504,-0.1920340602,3.70122303e-05
4.044,0.03792273182,-0.01272267311,-0.1920606728,0.03792305039,-0.01271715287,-0.192024116,3.697258084e-05
4.045,0.03794254757,-0.01266345466,-0.1920507342,0.0379428297,-0.01265820694,-0.1920141761,3.69338778e-05
4.046,0.03796226288,-0.01260422934,-0.1920407997,0.03796250883,-0.01259925839,-0.1920042407,3.689622065e-05
4.047,0.03798187749,-0.01254499831,-0.1920308693,0.03798208755,-0.0125403084,-0.1919943098,3.685971315e-05
4.048,0.03800139114,-0.01248576274,-0.1920209433,0.03800156568,-0.01248135809,-0.1919843836,3.68244638e-05
4.049,0.0380208036,-0.0124265238,-0.1920110218,0.038020943,-0.01242240859,-0.1919744624,3.679058396e-05
4.05,0.0380401146,-0.0123672827,-0.192001105,0.03804021929,-0.01236346096,-0.1919645462,3.675818489e-05
4.051,0.0380593239,-0.01230804064,-0.1919911931,0.03805939434,-0.01230451629,-0.1919546352,3.672737517e-05
4.052,0.03807843125,-0.01224879886,-0.1919812862,0.03807846794,-0.01224557567,-0.1919447297,3.669825935e-05
4.053,0.03809743641,-0.01218955859,-0.1919713845,0.03809743988,-0.01218664026,-0.1919348298,3.667093833e-05
4.054,0.03811633915,-0.0121303211,-0.1919614881,0.03811630995,-0.01212771125,-0.1919249357,3.664551076e-05
4.055,0.03813513922,-0.01207108765,-0.1919515974,0.03813507795,-0.01206878987,-0.1919150475,3.662207491e-05
4.056,0.03815383638,-0.01201185953,-0.1919417124,0.03815374369,-0.0120098774,-0.1919051655,3.66007298e-05
4.057,0.03817243042,-0.01195263803,-0.1919318334,0.03817230697,-0.01195097511,-0.1918952898,3.658157523e-05
4.058,0.0381909211,-0.01189342448,-0.1919219604,0.0381907676,-0.01189208427,-0.1918854206,3.656471076e-05
4.059,0.03820930819,-0.01183422019,-0.1919120938,0.0382091254,-0.01183320613,-0.1918755581,3.655023419e-05
4.06,0.03822759149,-0.01177502649,-0.1919022337,0.03822738018,-0.01177434193,-0.1918657025,3.653824012e-05
4.061,0.03824577077,-0.01171584475,-0.1918923802,0.03824553174,-0.01171549294,-0.1918558539,3.652881937e-05
4.062,0.03826384582,-0.01165667632,-0.1918825337,0.03826357992,-0.0116566604,-0.1918460126,3.65220593e-05
4.063,0.03828181644,-0.01159752258,-0.1918726942,0.03828152452,-0.0115978456,-0.1918361788,3.651804489e-05
4.064,0.03829968242,-0.01153838491,-0.191862862,0.03829936538,-0.01153904988,-0.1918263526,3.651685985e-05
4.065,0.03831744357,-0.01147926471,-0.1918530373,0.03831710232,-0.01148027458,-0.1918165343,3.651858741e-05
4.066,0.03833509969,-0.01142016338,-0.1918432203,0.03833473519,-0.01142152107,-0.191806724,3.652331022e-05
4.067,0.0383526506,-0.01136108235,-0.1918334111,0.03835226382,-0.01136279072,-0.191796922,3.653110941e-05
4.068,0.0383700961,-0.01130202305,-0.19182361,0.03836968806,-0.01130408491,-0.1917871285,3.654206335e-05
4.069,0.03838743603,-0.01124298691,-0.1918138172,0.03838700776,-0.01124540502,-0.1917773436,3.655624642e-05
4.07,0.03840467022,-0.01118397539,-0.1918040329,0.03840422277,-0.01118675241,-0.1917675675,3.65737283e-05
4.071,0.03842179848,-0.01112498995,-0.1917942573,0.03842133295,-0.01112812846,-0.1917578005,3.659457421e-05
4.072,0.03843882067,-0.01106603205,-0.1917844906,0.03843833816,-0.01106953456,-0.1917480428,3.661884568e-05
4.073,0.03845573663,-0.01100710317,-0.191774733,0.03845523827,-0.0110109721,-0.1917382946,3.66466017e-05
4.074,0.0384725462,-0.01094820481,-0.1917649847,0.03847203315,-0.01095244252,-0.1917285561,3.667789953e-05
4.075,0.03848924925,-0.01088933845,-0.191755246,0.03848872268,-0.01089394726,-0.1917188275,3.671279498e-05
4.076,0.03850584564,-0.01083050561,-0.191745517,0.03850530674,-0.01083548776,-0.191709109,3.675134204e-05
4.077,0.03852233522,-0.0107717078,-0.191735798,0.03852178522,-0.01077706549,-0.1916994008,3.679359179e-05
4.078,0.03853871789,-0.01071294653,-0.1917260892,0.03853815802,-0.01071868191,-0.1916897031,3.683959134e-05
4.079,0.03855499352,-0.01065422334,-0.1917163908,0.03855442504,-0.01066033848,-0.1916800163,3.688938294e-05
4.08,0.03857116199,-0.01059553976,-0.191706703,0.03857058619,-0.01060203668,-0.1916703403,3.694300375e-05
4.081,0.0385872232,-0.01053689734,-0.1916970261,0.03858664137,-0.01054377796,-0.1916606756,3.700048623e-05
4.082,0.03860317706,-0.01047829762,-0.1916873602,0.03860259051,-0.01048556381,-0.1916510223,3.706185893e-05
4.083,0.03861902346,-0.01041974217,-0.1916777055,0.03861843353,-0.01042739571,-0.1916413806,3.712714746e-05
4.084,0.03863476233,-0.01036123254,-0.1916680624,0.03863417036,-0.01036927516,-0.1916317508,3.719637512e-05
4.085,0.03865039358,-0.01030277031,-0.191658431,0.03864980093,-0.01031120367,-0.191622133,3.726956303e-05
4.086,0.03866591714,-0.01024435705,-0.1916488116,0.0386653252,-0.01025318277,-0.1916125275,3.734672971e-05
4.087,0.03868133295,-0.01018599435,-0.1916392043,0.0386807431,-0.01019521396,-0.1916029345,3.742789028e-05
4.088,0.03869664096,-0.01012768378,-0.1916296094,0.0386960546,-0.01013729879,-0.1915933542,3.751305569e-05
4.089,0.0387118411,-0.01006942694,-0.1916200271,0.03871125967,-0.01007943878,-0.1915837869,3.760223218e-05
4.09,0.03872693333,-0.01001122543,-0.1916104577,0.03872635826,-0.01002163546,-0.1915742328,3.769542123e-05
4.091,0.03874191763,-0.009953080848,-0.1916009014,0.03874135036,-0.009963890353,-0.191564692,3.779261998e-05
4.092,0.03875679396,-0.009894994797,-0.1915913583,0.03875623595,-0.009906205007,-0.1915551649,3.789382194e-05
4.093,0.0387715623,-0.009836968888,-0.1915818288,0.03877101501,-0.009848580962,-0.1915456516,3.799901768e-05
4.094,0.03878622264,-0.009779004733,-0.191572313,0.03878568755,-0.00979101977,-0.1915361524,3.810819539e-05
4.095,0.03880077497,-0.009721103949,-0.1915628112,0.03880025357,-0.009733522986,-0.1915266675,3.822134092e-05
4.096,0.03881521929,-0.009663268157,-0.1915533236,0.03881471307,-0.009676092173,-0.1915171971,3.83384375e-05
4.097,0.03882955562,-0.009605498978,-0.1915438505,0.03882906609,-0.009618728895,-0.1915077415,3.845946526e-05
4.098,0.03884378396,-0.00954779804,-0.191534392,0.03884331263,-0.009561434718,-0.1914983008,3.858440071e-05
4.099,0.03885790436,-0.00949016697,-0.1915249484,0.03885745274,-0.009504211211,-0.1914888753,3.871321653e-05
4.1,0.03887191682,-0.0094326074,-0.19151552,0.03887148646,-0.00944705994,-0.1914794653,3.884588155e-05
4.101,0.03888582141,-0.009375120961,-0.1915061069,0.03888541382,-0.009389982474,-0.1914700709,3.898236115e-05
4.102,0.03889961817,-0.009317709289,-0.1914967094,0.03889923489,-0.009332980385,-0.1914606924,3.912261784e-05
4.103,0.03891330715,-0.009260374021,-0.1914873278,0.03891294973,-0.009276055246,-0.19145133,3.926661177e-05
4.104,0.03892688841,-0.009203116793,-0.1914779621,0.03892655839,-0.009219208634,-0.1914419839,3.94143011e-05
4.105,0.03894036203,-0.009145939244,-0.1914686128,0.03894006097,-0.009162442131,-0.1914326544,3.956564208e-05
4.106,0.0389537281,-0.009088843014,-0.19145928,0.03895345754,-0.009105757317,-0.1914233417,3.972058897e-05
4.107,0.03896698669,-0.009031829744,-0.1914499639,0.03896674819,-0.009049155776,-0.191414046,3.98790937e-05
4.108,0.0389801379,-0.008974901074,-0.1914406648,0.03897993302,-0.008992639091,-0.1914047676,4.004110565e-05
4.109,0.03899318184,-0.008918058644,-0.1914313829,0.03899301213,-0.008936208842,-0.1913955066,4.020657147e-05
4.11,0.03900611862,-0.008861304096,-0.1914221185,0.03900598565,-0.008879866611,-0.1913862633,4.037543525e-05
4.111,0.03901894836,-0.00880463907,-0.1914128717,0.03901885368,-0.008823613979,-0.191377038,4.054763876e-05
4.112,0.03903167118,-0.008748065205,-0.1914036428,0.03903161636,-0.008767452525,-0.1913678307,4.072312186e-05
4.113,0.03904428723,-0.008691584142,-0.191394432,0.03904427383,-0.008711383831,-0.1913586419,4.090182294e-05
4.114,0.03905679664,-0.008635197518,-0.1913852396,0.03905682621,-0.008655409477,-0.1913494717,4.108367912e-05
4.115,0.03906919957,-0.00857890697,-0.1913760658,0.03906927368,-0.008599531042,-0.1913403203,4.126862639e-05
4.116,0.03908149618,-0.008522714133,-0.1913669108,0.03908161637,-0.008543750108,-0.1913311879,4.145659952e-05
4.117,0.03909368664,-0.008466620641,-0.1913577748,0.03909385446,-0.008488068251,-0.1913220749,4.164753195e-05
4.118,0.03910577112,-0.008410628126,-0.1913486582,0.03910598812,-0.008432487048,-0.1913129813,4.184135563e-05
4.119,0.0391177498,-0.008354738218,-0.191339561,0.03911801753,-0.008377008073,-0.1913039075,4.2038001e-05
4.12,0.03912962288,-0.008298952544,-0.1913304836,0.03912994288,-0.008321632896,-0.1912948536,4.223739709e-05
4.121,0.03914139056,-0.008243272728,-0.1913214261,0.03914176436,-0.008266363088,-0.1912858199,4.243947175e-05
4.122,0.03915305304,-0.008187700393,-0.1913123888,0.03915348217,-0.008211200213,-0.1912768066,4.264415184e-05
4.123,0.03916461054,-0.008132237158,-0.191303372,0.03916509652,-0.008156145835,-0.1912678139,4.28513636e-05
4.124,0.03917606329,-0.008076884638,-0.1912943757,0.03917660764,-0.008101201516,-0.191258842,4.306103275e-05
4.125,0.0391874115,-0.008021644446,-0.1912854004,0.03918801574,-0.008046368815,-0.1912498912,4.327308465e-05
4.126,0.03919865544,-0.00796651819,-0.1912764461,0.03919932105,-0.007991649287,-0.1912409617,4.348744418e-05
4.127,0.03920979533,-0.007911507475,-0.1912675132,0.03921052383,-0.007937044484,-0.1912320537,4.370403574e-05
4.128,0.03922083143,-0.007856613901,-0.1912586018,0.0392216243,-0.007882555954,-0.1912231675,4.39227832e-05
4.129,0.03923176401,-0.007801839065,-0.1912497122,0.03923262272,-0.007828185241,-0.1912143031,4.414360984e-05
4.13,0.03924259333,-0.007747184559,-0.1912408445,0.03924351936,-0.007773933885,-0.1912054609,4.436643845e-05
4.131,0.03925331968,-0.00769265197,-0.1912319991,0.03925431449,-0.00771980342,-0.1911966411,4.459119148e-05
4.132,0.03926394333,-0.00763824288,-0.1912231761,0.03926500837,-0.007665795376,-0.1911878439,4.481779123e-05
4.133,0.03927446458,-0.007583958866,-0.1912143757,0.03927560129,-0.007611911281,-0.1911790695,4.504615994e-05
4.134,0.03928488373,-0.0075298015,-0.1912055983,0.03928609353,-0.007558152654,-0.1911703182,4.527621999e-05
4.135,0.03929520108,-0.007475772348,-0.1911968439,0.03929648541,-0.007504521012,-0.19116159,4.550789388e-05
4.136,0.03930541695,-0.007421872971,-0.1911881128,0.0393067772,-0.007451017865,-0.1911528853,4.574110429e-05
4.137,0.03931553166,-0.007368104924,-0.1911794052,0.03931696924,-0.007397644721,-0.1911442043,4.597577402e-05
4.138,0.03932554554,-0.007314469755,-0.1911707214,0.03932706182,-0.007344403077,-0.1911355471,4.621182594e-05
4.139,0.03933545893,-0.007260969006,-0.1911620616,0.03933705528,-0.007291294429,-0.1911269141,4.644918304e-05
4.14,0.03934527216,-0.007207604213,-0.1911534259,0.03934694995,-0.007238320262,-0.1911183053,4.668776841e-05
4.141,0.03935498559,-0.007154376906,-0.1911448146,0.03935674616,-0.007185482059,-0.191109721,4.692750537e-05
4.142,0.03936459958,-0.007101288606,-0.1911362279,0.03936644425,-0.007132781294,-0.1911011614,4.716831757e-05
4.143,0.03937411449,-0.007048340828,-0.191127666,0.03937604458,-0.007080219434,-0.1910926268,4.741012906e-05
4.144,0.03938353068,-0.006995535081,-0.1911191292,0.0393855475,-0.007027797941,-0.1910841172,4.765286439e-05
4.145,0.03939284854,-0.006942872866,-0.1911106175,0.03939495338,-0.00697551827,-0.191075633,4.789644863e-05
4.146,0.03940206846,-0.006890355674,-0.1911021313,0.03940426258,-0.006923381868,-0.1910671743,4.814080735e-05
4.147,0.03941119081,-0.006837984992,-0.1910936708,0.03941347548,-0.006871390175,-0.1910587413,4.838586662e-05
4.148,0.03942021601,-0.006785762296,-0.1910852361,0.03942259246,-0.006819544624,-0.1910503343,4.863155298e-05
4.149,0.03942914445,-0.006733689056,-0.1910768274,0.03943161391,-0.006767846638,-0.1910419533,4.887779346e-05
4.15,0.03943797654,-0.006681766731,-0.191068445,0.03944054022,-0.006716297636,-0.1910335987,4.912451557e-05
4.151,0.0394467127,-0.006629996776,-0.1910600891,0.03944937179,-0.006664899024,-0.1910252707,4.937164739e-05
4.152,0.03945535335,-0.006578380633,-0.1910517598,0.03945810904,-0.006613652204,-0.1910169693,4.961911757e-05
4.153,0.03946389893,-0.006526919737,-0.1910434574,0.03946675236,-0.006562558568,-0.1910086948,4.986685543e-05
4.154,0.03947234986,-0.006475615514,-0.191035182,0.03947530218,-0.0065116195,-0.1910004475,5.011479098e-05
4.155,0.03948070659,-0.00642446938,-0.1910269339,0.03948375892,-0.006460836373,-0.1909922274,5.036285494e-05
4.156,0.03948896957,-0.006373482744,-0.1910187133,0.03949212301,-0.006410210556,-0.1909840348,5.061097872e-05
4.157,0.03949713924,-0.006322657003,-0.1910105203,0.03950039489,-0.006359743404,-0.1909758699,5.085909444e-05
4.158,0.03950521607,-0.006271993545,-0.1910023551,0.03950857499,-0.006309436265,-0.1909677329,5.110713486e-05
4.159,0.03951320052,-0.00622149375,-0.190994218,0.03951666377,-0.006259290479,-0.1909596239,5.135503345e-05
4.16,0.03952109306,-0.006171158985,-0.1909861091,0.03952466166,-0.006209307374,-0.1909515431,5.160272435e-05
4.161,0.03952889417,-0.006120990609,-0.1909780286,0.03953256913,-0.006159488269,-0.1909434907,5.185014237e-05
4.162,0.03953660432,-0.00607098997,-0.1909699767,0.03954038664,-0.006109834474,-0.190935467,5.209722309e-05
4.163,0.039544224,-0.006021158406,-0.1909619535,0.03954811466,-0.00606034729,-0.190927472,5.234390284e-05
4.164,0.0395517537,-0.005971497246,-0.1909539594,0.03955575365,-0.006011028004,-0.1909195059,5.25901187e-05
4.165,0.03955919392,-0.005922007804,-0.1909459944,0.03956330409,-0.005961877898,-0.190911569,5.283580855e-05
4.166,0.03956654516,-0.005872691387,-0.1909380587,0.03957076647,-0.00591289824,-0.1909036614,5.308091106e-05
4.167,0.03957380792,-0.005823549291,-0.1909301525,0.03957814126,-0.005864090288,-0.1908957833,5.332536566e-05
4.168,0.03958098273,-0.005774582798,-0.1909222761,0.03958542897,-0.00581545529,-0.1908879348,5.356911251e-05
4.169,0.03958807008,-0.005725793181,-0.1909144295,0.03959263008,-0.005766994485,-0.1908801162,5.381209256e-05
4.17,0.0395950705,-0.005677181701,-0.1909066129,0.03959974509,-0.005718709097,-0.1908723275,5.405424747e-05
4.171,0.03960198452,-0.005628749608,-0.1908988265,0.03960677451,-0.005670600343,-0.190864569,5.429551967e-05
4.172,0.03960881266,-0.005580498141,-0.1908910706,0.03961371884,-0.005622669425,-0.1908568409,5.453585236e-05
4.173,0.03961555546,-0.005532428524,-0.1908833451,0.0396205786,-0.005574917537,-0.1908491432,5.477518954e-05
4.174,0.03962221346,-0.005484541972,-0.1908756504,0.03962735431,-0.00552734586,-0.1908414762,5.501347596e-05
4.175,0.03962878719,-0.005436839688,-0.1908679866,0.03963404648,-0.005479955563,-0.19083384,5.525065721e-05
4.176,0.0396352772,-0.005389322861,-0.1908603539,0.03964065563,-0.005432747805,-0.1908262347,5.548667965e-05
4.177,0.03964168405,-0.005341992669,-0.1908527524,0.0396471823,-0.005385723732,-0.1908186606,5.572149039e-05
4.178,0.03964800828,-0.005294850278,-0.1908451822,0.03965362702,-0.005338884478,-0.1908111178,5.595503735e-05
4.179,0.03965425045,-0.00524789684,-0.1908376436,0.03965999032,-0.005292231165,-0.1908036064,5.618726918e-05
4.18,0.03966041112,-0.005201133496,-0.1908301366,0.03966627274,-0.005245764904,-0.1907961266,5.641813528e-05
4.181,0.03966649086,-0.005154561373,-0.1908226616,0.03967247482,-0.005199486792,-0.1907886785,5.664758582e-05
4.182,0.03967249023,-0.005108181586,-0.1908152185,0.03967859711,-0.005153397914,-0.1907812623,5.687557174e-05
4.183,0.0396784098,-0.005061995236,-0.1908078076,0.03968464015,-0.005107499343,-0.1907738782,5.710204474e-05
4.184,0.03968425015,-0.005016003411,-0.190800429,0.03969060451,-0.00506179214,-0.1907665263,5.732695729e-05
4.185,0.03969001185,-0.004970207188,-0.1907930828,0.03969649072,-0.005016277352,-0.1907592066,5.755026263e-05
4.186,0.03969569548,-0.004924607627,-0.1907857693,0.03970229935,-0.004970956014,-0.1907519195,5.777191476e-05
4.187,0.03970130163,-0.004879205779,-0.1907784885,0.03970803097,-0.004925829147,-0.1907446649,5.799186844e-05
4.188,0.03970683087,-0.004834002677,-0.1907712405,0.03971368612,-0.004880897761,-0.1907374431,5.821007918e-05
4.189,0.03971228381,-0.004788999343,-0.1907640257,0.03971926538,-0.00483616285,-0.1907302541,5.84265032e-05
4.19,0.03971766102,-0.004744196785,-0.1907568439,0.03972476932,-0.004791625399,-0.1907230982,5.864109748e-05
4.191,0.0397229631,-0.004699595997,-0.1907496955,0.03973019851,-0.004747286374,-0.1907159754,5.885381973e-05
4.192,0.03972819065,-0.00465519796,-0.1907425805,0.03973555351,-0.004703146733,-0.1907088858,5.906462837e-05
4.193,0.03973334425,-0.004611003638,-0.1907354991,0.03974083491,-0.004659207416,-0.1907018297,5.92734826e-05
4.194,0.03973842452,-0.004567013985,-0.1907284514,0.03974604327,-0.004615469354,-0.1906948071,5.948034233e-05
4.195,0.03974343205,-0.004523229938,-0.1907214375,0.03975117919,-0.00457193346,-0.1906878181,5.968516819e-05
4.196,0.03974836744,-0.004479652421,-0.1907144576,0.03975624324,-0.004528600636,-0.1906808629,5.988792156e-05
4.197,0.0397532313,-0.004436282343,-0.1907075118,0.039761236,-0.004485471769,-0.1906739416,6.008856451e-05
4.198,0.03975802424,-0.004393120599,-0.1907006002,0.03976615805,-0.004442547732,-0.1906670542,6.028705984e-05
4.199,0.03976274686,-0.004350168069,-0.1906937229,0.03977100999,-0.004399829384,-0.190660201,6.048337106e-05
4.2,0.03976739977,-0.00430742562,-0.19068688,0.0397757924,-0.004357317571,-0.1906533821,6.067746237e-05
4.201,0.03977198359,-0.004264894102,-0.1906800717,0.03978050587,-0.004315013124,-0.1906465974,6.086929869e-05
4.202,0.03977649891,-0.004222574352,-0.1906732981,0.03978515098,-0.004272916859,-0.1906398473,6.105884559e-05
4.203,0.03978094637,-0.004180467191,-0.1906665592,0.03978972834,-0.004231029578,-0.1906331317,6.12460694e-05
4.204,0.03978532657,-0.004138573427,-0.1906598553,0.03979423852,-0.00418935207,-0.1906264507,6.143093711e-05
4.205,0.03978964012,-0.004096893851,-0.1906531863,0.03979868214,-0.004147885108,-0.1906198045,6.16134164e-05
4.206,0.03979388764,-0.00405542924,-0.1906465525,0.03980305977,-0.004106629451,-0.1906131932,6.179347565e-05
4.207,0.03979806975,-0.004014180356,-0.1906399539,0.03980737201,-0.004065585844,-0.1906066168,6.197108392e-05
4.208,0.03980218707,-0.003973147946,-0.1906333906,0.03981161947,-0.004024755015,-0.1906000755,6.214621094e-05
4.209,0.0398062402,-0.00393233274,-0.1906268627,0.03981580273,-0.003984137681,-0.1905935694,6.231882711e-05
4.21,0.03981022978,-0.003891735456,-0.1906203703,0.03981992239,-0.003943734541,-0.1905870985,6.248890352e-05
4.211,0.03981415641,-0.003851356794,-0.1906139135,0.03982397905,-0.00390354628,-0.190580663,6.265641188e-05
4.212,0.03981802072,-0.003811197439,-0.1906074924,0.03982797331,-0.003863573569,-0.1905742629,6.282132462e-05
4.213,0.03982182332,-0.003771258062,-0.1906011072,0.03983190577,-0.003823817063,-0.1905678982,6.298361478e-05
4.214,0.03982556483,-0.003731539318,-0.1905947577,0.03983577701,-0.003784277403,-0.1905615692,6.314325608e-05
4.215,0.03982924588,-0.003692041846,-0.1905884443,0.03983958764,-0.003744955214,-0.1905552759,6.330022293e-05
4.216,0.03983286706,-0.003652766268,-0.1905821669,0.03984333827,-0.003705851106,-0.1905490183,6.345449033e-05
4.217,0.03983642902,-0.003613713194,-0.1905759256,0.03984702947,-0.003666965674,-0.1905427966,6.360603398e-05
4.218,0.03983993235,-0.003574883215,-0.1905697205,0.03985066186,-0.003628299498,-0.1905366107,6.375483018e-05
4.219,0.03984337769,-0.003536276908,-0.1905635517,0.03985423602,-0.003589853142,-0.1905304609,6.390085591e-05
4.22,0.03984676564,-0.003497894833,-0.1905574192,0.03985775256,-0.003551627156,-0.190524347,6.404408877e-05
4.221,0.03985009682,-0.003459737537,-0.1905513232,0.03986121207,-0.003513622074,-0.1905182693,6.418450698e-05
4.222,0.03985337184,-0.003421805548,-0.1905452637,0.03986461515,-0.003475838413,-0.1905122278,6.432208942e-05
4.223,0.03985659132,-0.003384099379,-0.1905392407,0.03986796238,-0.003438276678,-0.1905062226,6.445681559e-05
4.224,0.03985975587,-0.003346619527,-0.1905332544,0.03987125437,-0.003400937356,-0.1905002536,6.458866561e-05
4.225,0.0398628661,-0.003309366476,-0.1905273048,0.03987449171,-0.003363820918,-0.190494321,6.471762023e-05
4.226,0.03986592262,-0.003272340689,-0.1905213919,0.03987767498,-0.003326927821,-0.1904884248,6.484366083e-05
4.227,0.03986892604,-0.003235542617,-0.1905155158,0.03988080478,-0.003290258507,-0.1904825651,6.496676941e-05
4.228,0.03987187698,-0.003198972692,-0.1905096766,0.0398838817,-0.003253813401,-0.190476742,6.508692858e-05
4.229,0.03987477603,-0.003162631334,-0.1905038743,0.03988690633,-0.003217592912,-0.1904709554,6.520412156e-05
4.23,0.03987762379,-0.003126518942,-0.190498109,0.03988987924,-0.003181597435,-0.1904652054,6.53183322e-05
4.231,0.03988042088,-0.003090635903,-0.1904923807,0.03989280104,-0.003145827348,-0.1904594921,6.542954493e-05
4.232,0.0398831679,-0.003054982586,-0.1904866895,0.0398956723,-0.003110283015,-0.1904538155,6.553774481e-05
4.233,0.03988586543,-0.003019559343,-0.1904810354,0.03989849361,-0.003074964781,-0.1904481757,6.56429175e-05
4.234,0.03988851409,-0.002984366513,-0.1904754185,0.03990126554,-0.003039872979,-0.1904425727,6.574504928e-05
4.235,0.03989111447,-0.002949404415,-0.1904698387,0.03990398867,-0.003005007924,-0.1904370065,6.5844127e-05
4.236,0.03989366716,-0.002914673354,-0.1904642962,0.03990666359,-0.002970369916,-0.1904314771,6.594013812e-05
4.237,0.03989617275,-0.002880173619,-0.1904587909,0.03990929087,-0.002935959239,-0.1904259847,6.603307072e-05
4.238,0.03989863183,-0.002845905482,-0.1904533229,0.03991187107,-0.002901776161,-0.1904205292,6.612291346e-05
4.239,0.03990104499,-0.002811869199,-0.1904478923,0.03991440478,-0.002867820935,-0.1904151106,6.620965559e-05
4.24,0.03990341282,-0.00277806501,-0.190442499,0.03991689257,-0.002834093798,-0.190409729,6.629328694e-05
4.241,0.0399057359,-0.002744493138,-0.1904371431,0.03991933499,-0.00280059497,-0.1904043844,6.637379796e-05
4.242,0.0399080148,-0.002711153792,-0.1904318246,0.03992173261,-0.002767324656,-0.1903990768,6.645117967e-05
4.243,0.0399102501,-0.002678047161,-0.1904265435,0.039924086,-0.002734283046,-0.1903938063,6.652542368e-05
4.244,0.03991244239,-0.002645173422,-0.1904212999,0.03992639572,-0.002701470313,-0.1903885728,6.659652218e-05
4.245,0.03991459223,-0.002612532733,-0.1904160937,0.03992866232,-0.002668886615,-0.1903833764,6.666446796e-05
4.246,0.03991670019,-0.002580125235,-0.190410925,0.03993088636,-0.002636532093,-0.190378217,6.672925438e-05
4.247,0.03991876683,-0.002547951057,-0.1904057937,0.0399330684,-0.002604406873,-0.1903730947,6.679087538e-05
4.248,0.03992079273,-0.002516010307,-0.1904007,0.03993520897,-0.002572511065,-0.1903680095,6.684932549e-05
4.249,0.03992277844,-0.002484303079,-0.1903956437,0.03993730864,-0.002540844764,-0.1903629614,6.690459981e-05
4.25,0.03992472452,-0.002452829452,-0.190390625,0.03993936794,-0.002509408047,-0.1903579504,6.695669403e-05
4.251,0.03992663152,-0.002421589487,-0.1903856437,0.03994138742,-0.002478200979,-0.1903529764,6.70056044e-05
4.252,0.03992849999,-0.002390583228,-0.1903807,0.0399433676,-0.002447223604,-0.1903480396,6.705132775e-05
4.253,0.03993033049,-0.002359810705,-0.1903757937,0.03994530904,-0.002416475956,-0.1903431398,6.709386149e-05
4.254,0.03993212356,-0.002329271932,-0.190370925,0.03994721227,-0.002385958048,-0.1903382771,6.713320361e-05
4.255,0.03993387974,-0.002298966904,-0.1903660937,0.0399490778,-0.00235566988,-0.1903334515,6.716935267e-05
4.256,0.03993559957,-0.002268895604,-0.1903612999,0.03995090617,-0.002325611437,-0.1903286629,6.720230777e-05
4.257,0.03993728357,-0.002239057994,-0.1903565435,0.03995269791,-0.002295782686,-0.1903239113,6.723206863e-05
4.258,0.0399389323,-0.002209454025,-0.1903518246,0.03995445353,-0.00226618358,-0.1903191968,6.72586355e-05
4.259,0.03994054626,-0.002180083628,-0.1903471431,0.03995617354,-0.002236814055,-0.1903145192,6.728200922e-05
4.26,0.03994212599,-0.00215094672,-0.190342499,0.03995785847,-0.002207674033,-0.1903098787,6.730219121e-05
4.261,0.039943672,-0.002122043201,-0.1903378923,0.03995950883,-0.002178763419,-0.190305275,6.731918342e-05
4.262,0.03994518481,-0.002093372957,-0.1903333229,0.03996112511,-0.002150082103,-0.1903007083,6.733298842e-05
4.263,0.03994666494,-0.002064935855,-0.1903287909,0.03996270782,-0.002121629958,-0.1902961785,6.73436093e-05
4.264,0.03994811289,-0.002036731748,-0.1903242962,0.03996425747,-0.002093406845,-0.1902916856,6.735104975e-05
4.265,0.03994952918,-0.002008760473,-0.1903198387,0.03996577454,-0.002065412605,-0.1902872295,6.7355314e-05
4.266,0.03995091429,-0.001981021852,-0.1903154185,0.03996725954,-0.002037647067,-0.1902828101,6.735640687e-05
4.267,0.03995226873,-0.001953515688,-0.1903110354,0.03996871294,-0.002010110043,-0.1902784275,6.735433373e-05
4.268,0.03995359299,-0.001926241772,-0.1903066895,0.03997013524,-0.00198280133,-0.1902740817,6.734910052e-05
4.269,0.03995488756,-0.001899199877,-0.1903023807,0.03997152692,-0.001955720708,-0.1902697725,6.734071375e-05
4.27,0.03995615293,-0.001872389761,-0.190298109,0.03997288845,-0.001928867945,-0.1902654999,6.732918048e-05
4.271,0.03995738957,-0.001845811165,-0.1902938743,0.0399742203,-0.001902242791,-0.1902612639,6.731450836e-05
4.272,0.03995859797,-0.001819463818,-0.1902896766,0.03997552296,-0.001875844982,-0.1902570644,6.729670559e-05
4.273,0.03995977859,-0.00179334743,-0.1902855158,0.03997679687,-0.001849674237,-0.1902529014,6.727578093e-05
4.274,0.03996093191,-0.001767461695,-0.1902813919,0.03997804251,-0.001823730262,-0.1902487748,6.725174373e-05
4.275,0.03996205839,-0.001741806295,-0.1902773048,0.03997926034,-0.001798012747,-0.1902446846,6.722460387e-05
4.276,0.03996315849,-0.001716380894,-0.1902732544,0.0399804508,-0.001772521367,-0.1902406307,6.719437183e-05
4.277,0.03996423267,-0.001691185141,-0.1902692407,0.03998161435,-0.001747255782,-0.190236613,6.716105863e-05
4.278,0.03996528137,-0.00166621867,-0.1902652637,0.03998275144,-0.001722215636,-0.1902326315,6.712467587e-05
4.279,0.03996630506,-0.001641481099,-0.1902613232,0.0399838625,-0.001697400559,-0.1902286861,6.708523571e-05
4.28,0.03996730416,-0.001616972031,-0.1902574192,0.03998494798,-0.001672810166,-0.1902247768,6.704275088e-05
4.281,0.03996827911,-0.001592691056,-0.1902535517,0.0399860083,-0.001648444058,-0.1902209034,6.699723466e-05
4.282,0.03996923036,-0.001568637745,-0.1902497205,0.0399870439,-0.001624301819,-0.190217066,6.694870092e-05
4.283,0.03997015833,-0.001544811656,-0.1902459256,0.03998805521,-0.001600383021,-0.1902132643,6.689716409e-05
4.284,0.03997106345,-0.001521212333,-0.1902421669,0.03998904264,-0.00157668722,-0.1902094985,6.684263916e-05
4.285,0.03997194613,-0.001497839303,-0.1902384443,0.03999000661,-0.001553213955,-0.1902057683,6.678514171e-05
4.286,0.0399728068,-0.00147469208,-0.1902347577,0.03999094754,-0.001529962756,-0.1902020736,6.672468786e-05
4.287,0.03997364586,-0.001451770162,-0.1902311072,0.03999186583,-0.001506933133,-0.1901984145,6.666129433e-05
4.288,0.03997446373,-0.001429073031,-0.1902274924,0.0399927619,-0.001484124585,-0.1901947909,6.659497837e-05
4.289,0.0399752608,-0.001406600157,-0.1902239135,0.03999363613,-0.001461536595,-0.1901912025,6.652575784e-05
4.29,0.03997603748,-0.001384350994,-0.1902203703,0.03999448892,-0.001439168632,-0.1901876494,6.645365113e-05
4.291,0.03997679415,-0.001362324982,-0.1902168627,0.03999532068,-0.001417020152,-0.1901841314,6.637867724e-05
4.292,0.03997753121,-0.001340521545,-0.1902133906,0.03999613178,-0.001395090595,-0.1901806485,6.630085572e-05
4.293,0.03997824905,-0.001318940094,-0.1902099539,0.0399969226,-0.001373379388,-0.1901772006,6.62202067e-05
4.294,0.03997894804,-0.001297580025,-0.1902065525,0.03999769353,-0.001351885943,-0.1901737875,6.613675088e-05
4.295,0.03997962855,-0.00127644072,-0.1902031863,0.03999844495,-0.001330609659,-0.1901704092,6.605050954e-05
4.296,0.03998029096,-0.001255521548,-0.1901998553,0.03999917722,-0.001309549922,-0.1901670656,6.596150453e-05
4.297,0.03998093564,-0.001234821861,-0.1901965592,0.0399998907,-0.001288706102,-0.1901637565,6.586975828e-05
4.298,0.03998156295,-0.001214340999,-0.1901932981,0.04000058576,-0.001268077556,-0.1901604819,6.577529378e-05
4.299,0.03998217324,-0.001194078288,-0.1901900717,0.04000126276,-0.001247663629,-0.1901572415,6.56781346e-05
4.3,0.03998276687,-0.001174033039,-0.19018688,0.04000192205,-0.00122746365,-0.1901540355,6.557830491e-05
4.301,0.03998334418,-0.00115420455,-0.1901837229,0.04000256398,-0.001207476936,-0.1901508635,6.547582942e-05
4.302,0.03998390552,-0.001134592106,-0.1901806002,0.04000318889,-0.00118770279,-0.1901477256,6.537073346e-05
4.303,0.03998445123,-0.001115194977,-0.1901775118,0.04000379712,-0.001168140503,-0.1901446215,6.52630429e-05
4.304,0.03998498164,-0.00109601242,-0.1901744576,0.04000438901,-0.00114878935,-0.1901415512,6.515278423e-05
4.305,0.03998549708,-0.001077043678,-0.1901714375,0.04000496489,-0.001129648596,-0.1901385145,6.503998448e-05
4.306,0.03998599788,-0.001058287981,-0.1901684514,0.04000552509,-0.001110717491,-0.1901355114,6.492467129e-05
4.307,0.03998648436,-0.001039744546,-0.1901654991,0.04000606992,-0.001091995272,-0.1901325416,6.480687286e-05
4.308,0.03998695683,-0.001021412577,-0.1901625805,0.04000659971,-0.001073481164,-0.1901296051,6.468661799e-05
4.309,0.0399874156,-0.001003291264,-0.1901596955,0.04000711478,-0.001055174379,-0.1901267018,6.456393605e-05
4.31,0.03998786099,-0.0009853797844,-0.1901568439,0.04000761542,-0.001037074116,-0.1901238314,6.443885698e-05
4.311,0.03998829329,-0.0009676773026,-0.1901540257,0.04000810195,-0.001019179561,-0.190120994,6.431141133e-05
4.312,0.03998871281,-0.0009501829701,-0.1901512405,0.04000857467,-0.001001489889,-0.1901181892,6.418163022e-05
4.313,0.03998911984,-0.000932895926,-0.1901484885,0.04000903388,-0.0009840042616,-0.1901154171,6.404954535e-05
4.314,0.03998951466,-0.0009158152965,-0.1901457693,0.04000947986,-0.0009667218272,-0.1901126775,6.391518901e-05
4.315,0.03998989756,-0.0008989401953,-0.1901430828,0.04000991291,-0.0009496417234,-0.1901099701,6.377859408e-05
4.316,0.03999026882,-0.0008822697236,-0.190140429,0.04001033331,-0.000932763075,-0.190107295,6.363979401e-05
4.317,0.03999062872,-0.0008658029703,-0.1901378076,0.04001074134,-0.0009160849951,-0.1901046519,6.349882283e-05
4.318,0.03999097753,-0.0008495390121,-0.1901352185,0.04001113727,-0.0008996065847,-0.1901020407,6.335571517e-05
4.319,0.03999131551,-0.0008334769136,-0.1901326616,0.04001152139,-0.0008833269331,-0.1900994612,6.321050624e-05
4.32,0.03999164293,-0.0008176157273,-0.1901301366,0.04001189395,-0.0008672451177,-0.1900969133,6.306323181e-05
4.321,0.03999196005,-0.0008019544937,-0.1901276436,0.04001225522,-0.0008513602046,-0.1900943969,6.291392827e-05
4.322,0.03999226713,-0.0007864922418,-0.1901251822,0.04001260546,-0.0008356712483,-0.1900919117,6.276263255e-05
4.323,0.0399925644,-0.0007712279885,-0.1901227524,0.04001294493,-0.0008201772918,-0.1900894577,6.260938219e-05
4.324,0.03999285212,-0.0007561607393,-0.1901203539,0.04001327387,-0.0008048773671,-0.1900870347,6.24542153e-05
4.325,0.03999313053,-0.0007412894884,-0.1901179866,0.04001359253,-0.0007897704947,-0.1900846424,6.229717058e-05
4.326,0.03999339987,-0.0007266132183,-0.1901156504,0.04001390116,-0.0007748556845,-0.1900822809,6.21382873e-05
4.327,0.03999366037,-0.0007121309005,-0.1901133451,0.0400142,-0.0007601319351,-0.1900799498,6.19776053e-05
4.328,0.03999391225,-0.0006978414953,-0.1901110706,0.04001448927,-0.0007455982345,-0.1900776491,6.1815165e-05
4.329,0.03999415575,-0.0006837439519,-0.1901088265,0.04001476922,-0.0007312535599,-0.1900753785,6.165100739e-05
4.33,0.03999439108,-0.0006698372088,-0.1901066129,0.04001504007,-0.0007170968782,-0.190073138,6.148517403e-05
4.331,0.03999461847,-0.0006561201935,-0.1901044295,0.04001530204,-0.0007031271455,-0.1900709273,6.131770706e-05
4.332,0.03999483811,-0.000642591823,-0.1901022761,0.04001555535,-0.0006893433078,-0.1900687462,6.114864918e-05
4.333,0.03999505023,-0.0006292510037,-0.1901001525,0.04001580022,-0.0006757443008,-0.1900665946,6.097804365e-05
4.334,0.03999525503,-0.0006160966317,-0.1900980587,0.04001603686,-0.0006623290503,-0.1900644724,6.080593429e-05
4.335,0.03999545271,-0.0006031275927,-0.1900959944,0.04001626548,-0.0006490964719,-0.1900623793,6.06323655e-05
4.336,0.03999564346,-0.0005903427623,-0.1900939594,0.04001648628,-0.0006360454716,-0.1900603152,6.045738219e-05
4.337,0.03999582747,-0.0005777410061,-0.1900919535,0.04001669947,-0.0006231749456,-0.1900582798,6.028102987e-05
4.338,0.03999600495,-0.0005653211797,-0.1900899767,0.04001690524,-0.0006104837805,-0.1900562731,6.010335456e-05
4.339,0.03999617607,-0.000553082129,-0.1900880286,0.04001710378,-0.0005979708536,-0.1900542948,5.992440283e-05
4.34,0.03999634101,-0.0005410226904,-0.1900861091,0.04001729529,-0.0005856350328,-0.1900523447,5.97442218e-05
4.341,0.03999649996,-0.0005291416906,-0.190084218,0.04001747994,-0.0005734751768,-0.1900504228,5.956285911e-05
4.342,0.03999665308,-0.0005174379471,-0.1900823551,0.04001765793,-0.0005614901355,-0.1900485287,5.938036293e-05
4.343,0.03999680056,-0.000505910268,-0.1900805203,0.04001782944,-0.0005496787496,-0.1900466622,5.919678195e-05
4.344,0.03999694254,-0.0004945574525,-0.1900787133,0.04001799463,-0.0005380398512,-0.1900448234,5.901216538e-05
4.345,0.03999707921,-0.0004833782906,-0.1900769339,0.04001815368,-0.0005265722639,-0.1900430118,5.882656293e-05
4.346,0.03999721072,-0.0004723715638,-0.190075182,0.04001830676,-0.0005152748025,-0.1900412273,5.864002481e-05
4.347,0.03999733722,-0.0004615360447,-0.1900734574,0.04001845403,-0.0005041462739,-0.1900394698,5.845260173e-05
4.348,0.03999745887,-0.0004508704974,-0.1900717598,0.04001859566,-0.0004931854764,-0.190037739,5.826434487e-05
4.349,0.03999757581,-0.0004403736778,-0.1900700891,0.04001873181,-0.0004823912005,-0.1900360348,5.807530589e-05
4.35,0.03999768821,-0.0004300443334,-0.190068445,0.04001886263,-0.0004717622287,-0.1900343569,5.788553694e-05
4.351,0.03999779619,-0.0004198812035,-0.1900668274,0.04001898827,-0.0004612973358,-0.1900327052,5.769509058e-05
4.352,0.03999789989,-0.0004098830197,-0.1900652361,0.04001910888,-0.000450995289,-0.1900310795,5.750401986e-05
4.353,0.03999799946,-0.0004000485058,-0.1900636708,0.04001922461,-0.000440854848,-0.1900294795,5.731237825e-05
4.354,0.03999809503,-0.0003903763776,-0.1900621313,0.0400193356,-0.0004308747653,-0.190027905,5.712021963e-05
4.355,0.03999818673,-0.0003808653439,-0.1900606175,0.040019442,-0.000421053786,-0.190026356,5.69275983e-05
4.356,0.03999827468,-0.0003715141058,-0.1900591292,0.04001954393,-0.0004113906485,-0.190024832,5.673456896e-05
4.357,0.03999835901,-0.0003623213575,-0.190057666,0.04001964153,-0.0004018840842,-0.1900233331,5.65411867e-05
4.358,0.03999843983,-0.0003532857858,-0.1900562279,0.04001973493,-0.0003925328178,-0.1900218589,5.634750696e-05
4.359,0.03999851728,-0.0003444060711,-0.1900548146,0.04001982427,-0.0003833355675,-0.1900204092,5.615358555e-05
4.36,0.03999859145,-0.0003356808866,-0.1900534259,0.04001990965,-0.0003742910453,-0.1900189839,5.595947863e-05
4.361,0.03999866247,-0.0003271088994,-0.1900520616,0.04001999122,-0.0003653979567,-0.1900175827,5.576524264e-05
4.362,0.03999873045,-0.00031868877,-0.1900507214,0.04002006908,-0.0003566550013,-0.1900162054,5.557093438e-05
4.363,0.03999879548,-0.0003104191525,-0.1900494052,0.04002014335,-0.0003480608728,-0.1900148518,5.537661089e-05
4.364,0.03999885768,-0.0003022986952,-0.1900481128,0.04002021415,-0.0003396142593,-0.1900135218,5.51823295e-05
4.365,0.03999891714,-0.0002943260405,-0.1900468439,0.04002028158,-0.0003313138432,-0.190012215,5.498814778e-05
4.366,0.03999897396,-0.000286499825,-0.1900455983,0.04002034576,-0.0003231583014,-0.1900109313,5.479412353e-05
4.367,0.03999902824,-0.0002788186796,-0.1900443757,0.04002040679,-0.000315146306,-0.1900096705,5.460031475e-05
4.368,0.03999908007,-0.0002712812301,-0.1900431761,0.04002046477,-0.0003072765235,-0.1900084323,5.440677962e-05
4.369,0.03999912954,-0.0002638860968,-0.1900419991,0.04002051981,-0.0002995476161,-0.1900072166,5.421357649e-05
4.37,0.03999917674,-0.0002566318951,-0.1900408445,0.040020572,-0.0002919582408,-0.190006023,5.402076383e-05
4.371,0.03999922176,-0.0002495172356,-0.1900397122,0.04002062144,-0.0002845070504,-0.1900048515,5.382840021e-05
4.372,0.03999926467,-0.000242540724,-0.1900386018,0.04002066822,-0.0002771926932,-0.1900037018,5.363654429e-05
4.373,0.03999930556,-0.0002357009616,-0.1900375132,0.04002071243,-0.0002700138133,-0.1900025737,5.34452548e-05
4.374,0.0399993445,-0.0002289965453,-0.1900364461,0.04002075417,-0.0002629690509,-0.1900014669,5.325459046e-05
4.375,0.03999938158,-0.000222426068,-0.1900354004,0.04002079351,-0.0002560570424,-0.1900003813,5.306461002e-05
4.376,0.03999941686,-0.0002159881183,-0.1900343757,0.04002083054,-0.0002492764204,-0.1899993165,5.287537215e-05
4.377,0.03999945042,-0.0002096812813,-0.190033372,0.04002086535,-0.0002426258141,-0.1899982725,5.26869355e-05
4.378,0.03999948232,-0.0002035041384,-0.1900323888,0.04002089801,-0.0002361038497,-0.189997249,5.249935858e-05
4.379,0.03999951264,-0.0001974552674,-0.1900314261,0.04002092859,-0.0002297091498,-0.1899962457,5.231269979e-05
4.38,0.03999954144,-0.000191533243,-0.1900304836,0.04002095719,-0.0002234403345,-0.1899952624,5.212701733e-05
4.381,0.03999956877,-0.0001857366369,-0.190029561,0.04002098386,-0.0002172960212,-0.189994299,5.194236922e-05
4.382,0.03999959471,-0.0001800640178,-0.1900286582,0.04002100868,-0.0002112748244,-0.1899933552,5.175881323e-05
4.383,0.03999961931,-0.0001745139518,-0.1900277748,0.04002103172,-0.0002053753567,-0.1899924307,5.157640685e-05
4.384,0.03999964263,-0.0001690850023,-0.1900269108,0.04002105305,-0.0001995962282,-0.1899915254,5.139520725e-05
4.385,0.03999966472,-0.0001637757308,-0.1900260658,0.04002107273,-0.0001939360474,-0.189990639,5.121527121e-05
4.386,0.03999968563,-0.0001585846964,-0.1900252396,0.04002109082,-0.0001883934207,-0.1899897713,5.103665516e-05
4.387,0.03999970543,-0.0001535104562,-0.190024432,0.0400211074,-0.0001829669532,-0.1899889221,5.085941504e-05
4.388,0.03999972415,-0.000148551566,-0.1900236428,0.04002112251,-0.0001776552486,-0.1899880912,5.068360632e-05
4.389,0.03999974185,-0.0001437065797,-0.1900228717,0.04002113621,-0.0001724569093,-0.1899872783,5.050928395e-05
4.39,0.03999975858,-0.00013897405,-0.1900221185,0.04002114857,-0.0001673705367,-0.1899864832,5.033650228e-05
4.391,0.03999977437,-0.0001343525286,-0.1900213829,0.04002115963,-0.0001623947318,-0.1899857057,5.016531505e-05
4.392,0.03999978927,-0.0001298405662,-0.1900206648,0.04002116946,-0.0001575280947,-0.1899849455,4.999577534e-05
4.393,0.03999980332,-0.0001254367128,-0.1900199639,0.04002117809,-0.0001527692251,-0.1899842025,4.982793551e-05
4.394,0.03999981656,-0.0001211395179,-0.19001928,0.04002118559,-0.000148116723,-0.1899834764,4.966184714e-05
4.395,0.03999982904,-0.0001169475307,-0.1900186128,0.04002119199,-0.0001435691879,-0.189982767,4.949756102e-05
4.396,0.03999984078,-0.0001128593003,-0.1900179621,0.04002119735,-0.00013912522,-0.1899820741,4.933512707e-05
4.397,0.03999985183,-0.0001088733761,-0.1900173278,0.04002120172,-0.0001347834196,-0.1899813974,4.917459431e-05
4.398,0.03999986222,-0.0001049883077,-0.1900167094,0.04002120513,-0.0001305423882,-0.1899807367,4.901601077e-05
4.399,0.03999987198,-0.0001012026451,-0.1900161069,0.04002120763,-0.0001264007276,-0.1899800918,4.885942352e-05
4.4,0.03999988114,-9.751493937e-05,-0.19001552,0.04002120926,-0.0001223570412,-0.1899794625,4.870487852e-05
4.401,0.03999988973,-9.392374237e-05,-0.1900149484,0.04002121006,-0.0001184099334,-0.1899788485,4.855242066e-05
4.402,0.03999989779,-9.04276072e-05,-0.190014392,0.04002121006,-0.0001145580105,-0.1899782496,4.840209363e-05
4.403,0.03999990533,-8.70250884e-05,-0.1900138505,0.04002120932,-0.0001107998801,-0.1899776656,4.825393995e-05
4.404,0.0399999124,-8.371474212e-05,-0.1900133236,0.04002120785,-0.0001071341523,-0.1899770964,4.810800083e-05
4.405,0.03999991901,-8.049512638e-05,-0.1900128112,0.0400212057,-0.000103559439,-0.1899765415,4.796431621e-05
4.406,0.03999992518,-7.736480128e-05,-0.190012313,0.04002120291,-0.0001000743547,-0.1899760009,4.782292465e-05
4.407,0.03999993095,-7.432232923e-05,-0.1900118288,0.04002119949,-9.667751652e-05,-0.1899754743,4.768386329e-05
4.408,0.03999993634,-7.136627517e-05,-0.1900113583,0.0400211955,-9.336754455e-05,-0.1899749615,4.754716782e-05
4.409,0.03999994136,-6.849520678e-05,-0.1900109014,0.04002119094,-9.014306188e-05,-0.1899744623,4.741287241e-05
4.41,0.03999994603,-6.570769474e-05,-0.1900104577,0.04002118587,-8.700269495e-05,-0.1899739764,4.728100969e-05
4.411,0.03999995038,-6.300231295e-05,-0.1900100271,0.04002118029,-8.39450738e-05,-0.1899735036,4.715161067e-05
4.412,0.03999995443,-6.037763874e-05,-0.1900096094,0.04002117425,-8.096883224e-05,-0.1899730438,4.702470472e-05
4.413,0.03999995819,-5.783225315e-05,-0.1900092043,0.04002116776,-7.807260811e-05,-0.1899725966,4.690031951e-05
4.414,0.03999996168,-5.536474109e-05,-0.1900088116,0.04002116085,-7.525504352e-05,-0.1899721619,4.677848099e-05
4.415,0.03999996492,-5.297369165e-05,-0.190008431,0.04002115355,-7.251478507e-05,-0.1899717395,4.66592133e-05
4.416,0.03999996792,-5.065769831e-05,-0.1900080624,0.04002114589,-6.985048409e-05,-0.1899713291,4.65425388e-05
4.417,0.0399999707,-4.841535914e-05,-0.1900077055,0.04002113787,-6.72607969e-05,-0.1899709305,4.642847796e-05
4.418,0.03999997327,-4.624527712e-05,-0.1900073602,0.04002112953,-6.4744385e-05,-0.1899705435,4.631704938e-05
4.419,0.03999997564,-4.414606029e-05,-0.1900070261,0.04002112089,-6.229991536e-05,-0.189970168,4.620826972e-05
4.42,0.03999997783,-4.211632206e-05,-0.190006703,0.04002111197,-5.992606066e-05,-0.1899698036,4.610215368e-05
4.421,0.03999997985,-4.015468145e-05,-0.1900063908,0.04002110278,-5.762149949e-05,-0.1899694501,4.599871397e-05
4.422,0.0399999817,-3.825976328e-05,-0.1900060892,0.04002109335,-5.538491664e-05,-0.1899691075,4.589796127e-05
4.423,0.03999998341,-3.643019847e-05,-0.190005798,0.04002108369,-5.321500332e-05,-0.1899687754,4.579990424e-05
4.424,0.03999998498,-3.466462429e-05,-0.190005517,0.04002107382,-5.111045742e-05,-0.1899684536,4.570454943e-05
4.425,0.03999998642,-3.296168457e-05,-0.190005246,0.04002106377,-4.906998377e-05,-0.1899681419,4.561190134e-05
4.426,0.03999998774,-3.132002997e-05,-0.1900049847,0.04002105354,-4.709229438e-05,-0.1899678402,4.552196232e-05
4.427,0.03999998895,-2.973831827e-05,-0.190004733,0.04002104314,-4.517610866e-05,-0.1899675482,4.543473263e-05
4.428,0.03999999005,-2.821521455e-05,-0.1900044906,0.04002103261,-4.332015375e-05,-0.1899672657,4.535021036e-05
4.429,0.03999999106,-2.674939152e-05,-0.1900042573,0.04002102195,-4.152316469e-05,-0.1899669925,4.526839148e-05
4.43,0.03999999197,-2.533952972e-05,-0.1900040329,0.04002101117,-3.978388475e-05,-0.1899667284,4.518926978e-05
4.431,0.03999999281,-2.398431781e-05,-0.1900038172,0.04002100028,-3.810106563e-05,-0.1899664733,4.51128369e-05
4.432,0.03999999357,-2.268245282e-05,-0.19000361,0.04002098931,-3.647346775e-05,-0.1899662268,4.503908231e-05
4.433,0.03999999426,-2.143264043e-05,-0.1900034111,0.04002097826,-3.489986053e-05,-0.1899659888,4.496799332e-05
4.434,0.03999999488,-2.023359518e-05,-0.1900032203,0.04002096715,-3.33790226e-05,-0.1899657592,4.48995551e-05
4.435,0.03999999545,-1.908404081e-05,-0.1900030373,0.04002095599,-3.190974211e-05,-0.1899655377,4.483375066e-05
4.436,0.03999999596,-1.798271046e-05,-0.190002862,0.04002094478,-3.049081697e-05,-0.1899653241,4.477056087e-05
4.437,0.03999999642,-1.692834698e-05,-0.1900026942,0.04002093354,-2.912105512e-05,-0.1899651182,4.470996448e-05
4.438,0.03999999683,-1.591970315e-05,-0.1900025337,0.04002092228,-2.779927481e-05,-0.1899649199,4.465193815e-05
4.439,0.0399999972,-1.495554202e-05,-0.1900023802,0.04002091101,-2.652430487e-05,-0.1899647289,4.459645643e-05
4.44,0.03999999754,-1.403463713e-05,-0.1900022337,0.04002089974,-2.529498496e-05,-0.1899645452,4.454349184e-05
4.441,0.03999999784,-1.315577279e-05,-0.1900020938,0.04002088847,-2.411016587e-05,-0.1899643683,4.449301483e-05
4.442,0.0399999981,-1.231774436e-05,-0.1900019604,0.04002087723,-2.296870977e-05,-0.1899641983,4.444499389e-05
4.443,0.03999999834,-1.151935852e-05,-0.1900018334,0.040020866,-2.18694905e-05,-0.1899640349,4.43993955e-05
4.444,0.03999999855,-1.075943359e-05,-0.1900017124,0.04002085481,-2.081139384e-05,-0.189963878,4.435618422e-05
4.445,0.03999999874,-1.003679972e-05,-0.1900015974,0.04002084366,-1.97933178e-05,-0.1899637273,4.431532273e-05
4.446,0.03999999891,-9.35029926e-06,-0.1900014881,0.04002083256,-1.881417289e-05,-0.1899635827,4.427677183e-05
4.447,0.03999999905,-8.698786988e-06,-0.1900013845,0.04002082152,-1.787288239e-05,-0.189963444,4.424049053e-05
4.448,0.03999999918,-8.081130413e-06,-0.1900012862,0.04002081054,-1.696838266e-05,-0.189963311,4.420643606e-05
4.449,0.0399999993,-7.496210055e-06,-0.1900011931,0.04002079963,-1.60996234e-05,-0.1899631836,4.417456396e-05
4.45,0.0399999994,-6.94291973e-06,-0.190001105,0.0400207888,-1.526556795e-05,-0.1899630616,4.414482809e-05
4.451,0.03999999948,-6.42016684e-06,-0.1900010218,0.04002077805,-1.446519358e-05,-0.1899629448,4.411718071e-05
4.452,0.03999999956,-5.92687266e-06,-0.1900009433,0.04002076739,-1.369749176e-05,-0.1899628332,4.409157255e-05
4.453,0.03999999963,-5.461972628e-06,-0.1900008693,0.04002075682,-1.296146846e-05,-0.1899627264,4.406795282e-05
4.454,0.03999999968,-5.02441664e-06,-0.1900007997,0.04002074636,-1.225614445e-05,-0.1899626244,4.404626933e-05
4.455,0.03999999973,-4.613169337e-06,-0.1900007342,0.040020736,-1.158055558e-05,-0.189962527,4.402646852e-05
4.456,0.03999999978,-4.227210406e-06,-0.1900006728,0.04002072575,-1.093375309e-05,-0.189962434,4.400849554e-05
4.457,0.03999999981,-3.865534872e-06,-0.1900006152,0.04002071562,-1.031480388e-05,-0.1899623453,4.399229429e-05
4.458,0.03999999984,-3.527153396e-06,-0.1900005614,0.04002070562,-9.722790832e-06,-0.1899622608,4.397780755e-05
4.459,0.03999999987,-3.211092577e-06,-0.1900005111,0.04002069574,-9.156813099e-06,-0.1899621803,4.396497698e-05
4.46,0.03999999989,-2.916395247e-06,-0.1900004642,0.040020686,-8.615986406e-06,-0.1899621036,4.395374325e-05
4.461,0.03999999991,-2.642120779e-06,-0.1900004205,0.04002067639,-8.09944335e-06,-0.1899620307,4.394404608e-05
4.462,0.03999999993,-2.387345384e-06,-0.19000038,0.04002066692,-7.606333706e-06,-0.1899619613,4.393582432e-05
4.463,0.03999999994,-2.151162422e-06,-0.1900003424,0.0400206576,-7.135824731e-06,-0.1899618954,4.392901607e-05
4.464,0.03999999995,-1.932682704e-06,-0.1900003076,0.04002064843,-6.687101466e-06,-0.1899618327,4.39235587e-05
4.465,0.03999999996,-1.731034799e-06,-0.1900002755,0.04002063942,-6.25936705e-06,-0.1899617733,4.391938895e-05
4.466,0.03999999997,-1.545365347e-06,-0.190000246,0.04002063056,-5.851843024e-06,-0.1899617169,4.391644305e-05
4.467,0.03999999998,-1.374839366e-06,-0.1900002188,0.04002062187,-5.463769643e-06,-0.1899616635,4.391465674e-05
4.468,0.03999999998,-1.218640566e-06,-0.190000194,0.04002061334,-5.094406188e-06,-0.1899616128,4.391396541e-05
4.469,0.03999999999,-1.075971662e-06,-0.1900001712,0.04002060499,-4.74303128e-06,-0.1899615649,4.391430414e-05
4.47,0.03999999999,-9.460546877e-07,-0.1900001506,0.04002059681,-4.408943193e-06,-0.1899615195,4.391560782e-05
4.471,0.03999999999,-8.281313126e-07,-0.1900001318,0.04002058881,-4.091460172e-06,-0.1899614766,4.391781123e-05
4.472,0.03999999999,-7.214631605e-07,-0.1900001148,0.04002058099,-3.789920748e-06,-0.189961436,4.392084911e-05
4.473,0.04,-6.253321276e-07,-0.1900000995,0.04002057336,-3.50368406e-06,-0.1899613978,4.392465626e-05
4.474,0.04,-5.39040704e-07,-0.1900000858,0.04002056592,-3.232130175e-06,-0.1899613616,4.392916764e-05
4.475,0.04,-4.619122949e-07,-0.1900000735,0.04002055867,-2.97466041e-06,-0.1899613275,4.393431844e-05
4.476,0.04,-3.932915448e-07,-0.1900000626,0.04002055162,-2.730697652e-06,-0.1899612954,4.394004422e-05
4.477,0.04,-3.325446626e-07,-0.1900000529,0.04002054477,-2.499686689e-06,-0.1899612652,4.394628091e-05
4.478,0.04,-2.790597474e-07,-0.1900000444,0.04002053812,-2.281094532e-06,-0.1899612367,4.3952965e-05
4.479,0.04,-2.322471169e-07,-0.190000037,0.04002053168,-2.074410744e-06,-0.1899612099,4.396003358e-05
4.48,0.04,-1.915396368e-07,-0.1900000305,0.04002052545,-1.879147771e-06,-0.1899611847,4.396742447e-05
4.481,0.04,-1.563930512e-07,-0.1900000249,0.04002051944,-1.694841269e-06,-0.1899611611,4.397507625e-05
4.482,0.04,-1.26286315e-07,-0.1900000201,0.04002051364,-1.52105044e-06,-0.189961139,4.398292846e-05
4.483,0.04,-1.007219277e-07,-0.190000016,0.04002050806,-1.357358363e-06,-0.1899611182,4.399092159e-05
4.484,0.04,-7.922626836e-08,-0.1900000126,0.04002050271,-1.203372331e-06,-0.1899610988,4.399899727e-05
4.485,0.04,-6.134993243e-08,-0.1900000098,0.04002049758,-1.058724187e-06,-0.1899610806,4.400709831e-05
4.486,0.04,-4.666806942e-08,-0.1900000074,0.04002049269,-9.230706609e-07,-0.1899610637,4.401516884e-05
4.487,0.04,-3.47807227e-08,-0.1900000055,0.04002048802,-7.960937094e-07,-0.1899610479,4.402315439e-05
4.488,0.04,-2.531317013e-08,-0.190000004,0.0400204836,-6.775008581e-07,-0.1899610332,4.403100199e-05
4.489,0.04,-1.791626681e-08,-0.1900000029,0.04002047942,-5.67025543e-07,-0.1899610196,4.403866031e-05
4.49,0.04,-1.226678838e-08,-0.190000002,0.04002047548,-4.64427454e-07,-0.189961007,4.404607974e-05
4.491,0.04,-8.067776679e-09,-0.1900000013,0.04002047178,-3.694928807e-07,-0.1899609954,4.405321249e-05
4.492,0.04,-5.04888651e-09,-0.1900000008,0.04002046834,-2.820350586e-07,-0.1899609847,4.406001273e-05
4.493,0.04,-2.966733429e-09,-0.1900000005,0.04002046515,-2.018945174e-07,-0.189960975,4.40664367e-05
4.494,0.04,-1.605243592e-09,-0.1900000003,0.04002046222,-1.28939431e-07,-0.1899609661,4.407244281e-05
4.495,0.04,-7.760048346e-10,-0.1900000001,0.04002045955,-6.306596776e-08,-0.1899609582,4.407799174e-05
4.496,0.04,-3.186190254e-10,-0.1900000001,0.04002045714,-4.198643197e-09,-0.1899609511,4.408304661e-05
4.497,0.04,-1.010562043e-10,-0.19,0.040020455,4.770932612e-08,-0.1899609449,4.408757306e-05
4.498,0.04,-2.000981694e-11,-0.19,0.04002045313,9.267566706e-08,-0.1899609395,4.40915394e-05
4.499,0.04,-1.253620346e-12,-0.19,0.04002045153,1.306886934e-07,-0.1899609349,4.409491671e-05
4.5,0.04,-9.797174393e-18,-0.19,0.04002045021,1.617069476e-07,-0.1899609312,4.409767899e-05
4.501,0.04,-9.797174393e-18,-0.19,0.04002044917,1.856588411e-07,-0.1899609284,4.409980311e-05
4.502,0.04,-9.797174393e-18,-0.19,0.0400204484,2.025439546e-07,-0.1899609264,4.410128597e-05
4.503,0.04,-9.797174393e-18,-0.19,0.04002044788,2.12879732e-07,-0.1899609251,4.410221499e-05
4.504,0.04,-9.797174393e-18,-0.19,0.04002044753,2.17905178e-07,-0.1899609244,4.410275176e-05
4.505,0.04,-9.797174393e-18,-0.19,0.04002044731,2.19399787e-07,-0.1899609239,4.410305928e-05
4.506,0.04,-9.797174393e-18,-0.19,0.04002044717,2.192527739e-07,-0.1899609236,4.410324699e-05
4.507,0.04,-9.797174393e-18,-0.19,0.0400204471,2.189850672e-07,-0.1899609235,4.410336032e-05
4.508,0.04,-9.797174393e-18,-0.19,0.04002044709,2.194155193e-07,-0.1899609234,4.41034021e-05
4.509,0.04,-9.797174393e-18,-0.19,0.0400204471,2.205847058e-07,-0.1899609235,4.410336126e-05
4.51,0.04,-9.797174393e-18,-0.19,0.04002044712,2.219406948e-07,-0.1899609236,4.410323279e-05
4.511,0.04,-9.797174393e-18,-0.19,0.04002044713,2.226941286e-07,-0.1899609239,4.410302544e-05
4.512,0.04,-9.797174393e-18,-0.19,0.04002044712,2.221984123e-07,-0.1899609242,4.410276078e-05
4.513,0.04,-9.797174393e-18,-0.19,0.04002044711,2.202179268e-07,-0.1899609245,4.410246791e-05
4.514,0.04,-9.797174393e-18,-0.19,0.0400204471,2.170033993e-07,-0.1899609248,4.410217645e-05
4.515,0.04,-9.797174393e-18,-0.19,0.04002044711,2.131725998e-07,-0.1899609251,4.410190947e-05
4.516,0.04,-9.797174393e-18,-0.19,0.04002044715,2.094649382e-07,-0.1899609254,4.410167824e-05
4.517,0.04,-9.797174393e-18,-0.19,0.04002044723,2.064757258e-07,-0.1899609256,4.410148071e-05
4.518,0.04,-9.797174393e-18,-0.19,0.04002044732,2.044702673e-07,-0.1899609258,4.410130432e-05
4.519,0.04,-9.797174393e-18,-0.19,0.0400204474,2.033366906e-07,-0.1899609261,4.410113228e-05
4.52,0.04,-9.797174393e-18,-0.19,0.04002044746,2.02678763e-07,-0.1899609263,4.410095071e-05
4.521,0.04,-9.797174393e-18,-0.19,0.04002044749,2.019987787e-07,-0.1899609265,4.410075389e-05
4.522,0.04,-9.797174393e-18,-0.19,0.0400204475,2.00893754e-07,-0.1899609268,4.41005459e-05
4.523,0.04,-9.797174393e-18,-0.19,0.04002044749,1.991924461e-07,-0.189960927,4.410033822e-05
4.524,0.04,-9.797174393e-18,-0.19,0.04002044749,1.969908268e-07,-0.1899609272,4.410014467e-05
4.525,0.04,-9.797174393e-18,-0.19,0.04002044751,1.945855504e-07,-0.1899609274,4.409997587e-05
4.526,0.04,-9.797174393e-18,-0.19,0.04002044755,1.92342004e-07,-0.1899609275,4.409983548e-05
4.527,0.04,-9.797174393e-18,-0.19,0.0400204476,1.905528529e-07,-0.1899609277,4.409971953e-05
4.528,0.04,-9.797174393e-18,-0.19,0.04002044765,1.893397002e-07,-0.1899609278,4.409961864e-05
4.529,0.04,-9.797174393e-18,-0.19,0.04002044769,1.886284773e-07,-0.189960928,4.409952203e-05
4.53,0.04,-9.797174393e-18,-0.19,0.04002044772,1.881987123e-07,-0.1899609281,4.409942154e-05
4.531,0.04,-9.797174393e-18,-0.19,0.04002044774,1.87779963e-07,-0.1899609282,4.409931414e-05
4.532,0.04,-9.797174393e-18,-0.19,0.04002044774,1.871547709e-07,-0.1899609283,4.409920234e-05
4.533,0.04,-9.797174393e-18,-0.19,0.04002044774,1.862299963e-07,-0.1899609285,4.409909236e-05
4.534,0.04,-9.797174393e-18,-0.19,0.04002044774,1.850544516e-07,-0.1899609286,4.409899132e-05
4.535,0.04,-9.797174393e-18,-0.19,0.04002044775,1.837828935e-07,-0.1899609287,4.409890435e-05
4.536,0.04,-9.797174393e-18,-0.19,0.04002044777,1.826059037e-07,-0.1899609288,4.409883281e-05
4.537,0.04,-9.797174393e-18,-0.19,0.0400204478,1.816752226e-07,-0.1899609288,4.409877413e-05
4.538,0.04,-9.797174393e-18,-0.19,0.04002044782,1.81052201e-07,-0.1899609289,4.409872314e-05
4.539,0.04,-9.797174393e-18,-0.19,0.04002044785,1.806953127e-07,-0.189960929,4.409867412e-05
4.54,0.04,-9.797174393e-18,-0.19,0.04002044786,1.804865754e-07,-0.189960929,4.409862291e-05
4.541,0.04,-9.797174393e-18,-0.19,0.04002044787,1.802826119e-07,-0.1899609291,4.409856809e-05
4.542,0.04,-9.797174393e-18,-0.19,0.04002044787,1.799688539e-07,-0.1899609292,4.409851107e-05
4.543,0.04,-9.797174393e-18,-0.19,0.04002044787,1.794968265e-07,-0.1899609292,4.409845514e-05
4.544,0.04,-9.797174393e-18,-0.19,0.04002044787,1.788930067e-07,-0.1899609293,4.409840401e-05
4.545,0.04,-9.797174393e-18,-0.19,0.04002044787,1.782394504e-07,-0.1899609293,4.409836025e-05
4.546,0.04,-9.797174393e-18,-0.19,0.04002044788,1.776366105e-07,-0.1899609294,4.409832448e-05
4.547,0.04,-9.797174393e-18,-0.19,0.0400204479,1.771639845e-07,-0.1899609294,4.40982953e-05
4.548,0.04,-9.797174393e-18,-0.19,0.04002044791,1.76853137e-07,-0.1899609294,4.409826999e-05
4.549,0.04,-9.797174393e-18,-0.19,0.04002044792,1.766814073e-07,-0.1899609295,4.409824557e-05
4.55,0.04,-9.797174393e-18,-0.19,0.04002044793,1.765860991e-07,-0.1899609295,4.409821989e-05
4.551,0.04,-9.797174393e-18,-0.19,0.04002044793,1.764915384e-07,-0.1899609295,4.409819224e-05
4.552,0.04,-9.797174393e-18,-0.19,0.04002044793,1.763376289e-07,-0.1899609296,4.40981634e-05
4.553,0.04,-9.797174393e-18,-0.19,0.04002044793,1.760993528e-07,-0.1899609296,4.409813512e-05
4.554,0.04,-9.797174393e-18,-0.19,0.04002044793,1.757912229e-07,-0.1899609296,4.409810931e-05
4.555,0.04,-9.797174393e-18,-0.19,0.04002044793,1.754568726e-07,-0.1899609296,4.409808733e-05
4.556,0.04,-9.797174393e-18,-0.19,0.04002044794,1.751493495e-07,-0.1899609297,4.409806948e-05
4.557,0.04,-9.797174393e-18,-0.19,0.04002044795,1.749103799e-07,-0.1899609297,4.409805502e-05
4.558,0.04,-9.797174393e-18,-0.19,0.04002044795,1.747562569e-07,-0.1899609297,4.409804251e-05
4.559,0.04,-9.797174393e-18,-0.19,0.04002044796,1.746746796e-07,-0.1899609297,4.40980304e-05
4.56,0.04,-9.797174393e-18,-0.19,0.04002044796,1.746323738e-07,-0.1899609297,4.409801757e-05
4.561,0.04,-9.797174393e-18,-0.19,0.04002044797,1.745894324e-07,-0.1899609298,4.409800365e-05
4.562,0.04,-9.797174393e-18,-0.19,0.04002044797,1.74514359e-07,-0.1899609298,4.409798908e-05
4.563,0.04,-9.797174393e-18,-0.19,0.04002044796,1.74394268e-07,-0.1899609298,4.409797477e-05
4.564,0.04,-9.797174393e-18,-0.19,0.04002044796,1.74237117e-07,-0.1899609298,4.409796174e-05
4.565,0.04,-9.797174393e-18,-0.19,0.04002044797,1.740661171e-07,-0.1899609298,4.409795069e-05
4.566,0.04,-9.797174393e-18,-0.19,0.04002044797,1.739092886e-07,-0.1899609298,4.409794179e-05
4.567,0.04,-9.797174393e-18,-0.19,0.04002044797,1.737885374e-07,-0.1899609298,4.409793464e-05
4.568,0.04,-9.797174393e-18,-0.19,0.04002044798,1.737122743e-07,-0.1899609298,4.409792847e-05
4.569,0.04,-9.797174393e-18,-0.19,0.04002044798,1.736738314e-07,-0.1899609298,4.409792247e-05
4.57,0.04,-9.797174393e-18,-0.19,0.04002044798,1.736555544e-07,-0.1899609299,4.409791607e-05
4.571,0.04,-9.797174393e-18,-0.19,0.04002044798,1.736364013e-07,-0.1899609299,4.409790906e-05
4.572,0.04,-9.797174393e-18,-0.19,0.04002044798,1.735998687e-07,-0.1899609299,4.409790169e-05
4.573,0.04,-9.797174393e-18,-0.19,0.04002044798,1.735393252e-07,-0.1899609299,4.409789445e-05
4.574,0.04,-9.797174393e-18,-0.19,0.04002044798,1.734591282e-07,-0.1899609299,4.409788787e-05
4.575,0.04,-9.797174393e-18,-0.19,0.04002044798,1.733716238e-07,-0.1899609299,4.409788232e-05
4.576,0.04,-9.797174393e-18,-0.19,0.04002044798,1.732916118e-07,-0.1899609299,4.409787788e-05
4.577,0.04,-9.797174393e-18,-0.19,0.04002044798,1.732305914e-07,-0.1899609299,4.409787434e-05
4.578,0.04,-9.797174393e-18,-0.19,0.04002044799,1.73192902e-07,-0.1899609299,4.409787131e-05
4.579,0.04,-9.797174393e-18,-0.19,0.04002044799,1.731749319e-07,-0.1899609299,4.409786834e-05
4.58,0.04,-9.797174393e-18,-0.19,0.04002044799,1.731673149e-07,-0.1899609299,4.409786514e-05
4.581,0.04,-9.797174393e-18,-0.19,0.04002044799,1.731589569e-07,-0.1899609299,4.409786161e-05
4.582,0.04,-9.797174393e-18,-0.19,0.04002044799,1.731412112e-07,-0.1899609299,4.409785788e-05
4.583,0.04,-9.797174393e-18,-0.19,0.04002044799,1.731106672e-07,-0.1899609299,4.409785422e-05
4.584,0.04,-9.797174393e-18,-0.19,0.04002044799,1.730697075e-07,-0.1899609299,4.409785089e-05
4.585,0.04,-9.797174393e-18,-0.19,0.04002044799,1.730248976e-07,-0.1899609299,4.40978481e-05
4.586,0.04,-9.797174393e-18,-0.19,0.04002044799,1.729840535e-07,-0.1899609299,4.409784589e-05
4.587,0.04,-9.797174393e-18,-0.19,0.04002044799,1.729532108e-07,-0.1899609299,4.409784414e-05
4.588,0.04,-9.797174393e-18,-0.19,0.04002044799,1.729346067e-07,-0.1899609299,4.409784265e-05
4.589,0.04,-9.797174393e-18,-0.19,0.04002044799,1.729262859e-07,-0.1899609299,4.409784119e-05
4.59,0.04,-9.797174393e-18,-0.19,0.04002044799,1.7292328e-07,-0.1899609299,4.409783959e-05
4.591,0.04,-9.797174393e-18,-0.19,0.04002044799,1.729197398e-07,-0.1899609299,4.409783781e-05
4.592,0.04,-9.797174393e-18,-0.19,0.04002044799,1.729111353e-07,-0.18996093,4.409783592e-05
4.593,0.04,-9.797174393e-18,-0.19,0.04002044799,1.728957137e-07,-0.18996093,4.409783407e-05
4.594,0.04,-9.797174393e-18,-0.19,0.04002044799,1.728747756e-07,-0.18996093,4.409783238e-05
4.595,0.04,-9.797174393e-18,-0.19,0.04002044799,1.728518118e-07,-0.18996093,4.409783098e-05
4.596,0.04,-9.797174393e-18,-0.19,0.04002044799,1.728309497e-07,-0.18996093,4.409782988e-05
4.597,0.04,-9.797174393e-18,-0.19,0.04002044799,1.728153566e-07,-0.18996093,4.409782902e-05
4.598,0.04,-9.797174393e-18,-0.19,0.04002044799,1.72806185e-07,-0.18996093,4.409782829e-05
4.599,0.04,-9.797174393e-18,-0.19,0.040020448,1.728023771e-07,-0.18996093,4.409782757e-05
4.6,0.04,-9.797174393e-18,-0.19,0.040020448,1.728012972e-07,-0.18996093,4.409782677e-05
4.601,0.04,-9.797174393e-18,-0.19,0.040020448,1.727998617e-07,-0.18996093,4.409782587e-05
4.602,0.04,-9.797174393e-18,-0.19,0.040020448,1.727956976e-07,-0.18996093,4.409782492e-05
4.603,0.04,-9.797174393e-18,-0.19,0.040020448,1.727879044e-07,-0.18996093,4.409782398e-05
4.604,0.04,-9.797174393e-18,-0.19,0.040020448,1.727771914e-07,-0.18996093,4.409782313e-05
4.605,0.04,-9.797174393e-18,-0.19,0.040020448,1.727654141e-07,-0.18996093,4.409782242e-05
4.606,0.04,-9.797174393e-18,-0.19,0.040020448,1.727547519e-07,-0.18996093,4.409782188e-05
4.607,0.04,-9.797174393e-18,-0.19,0.040020448,1.727468666e-07,-0.18996093,4.409782145e-05
4.608,0.04,-9.797174393e-18,-0.19,0.040020448,1.727423513e-07,-0.18996093,4.409782109e-05
4.609,0.04,-9.797174393e-18,-0.19,0.040020448,1.727406342e-07,-0.18996093,4.409782074e-05
4.61,0.04,-9.797174393e-18,-0.19,0.040020448,1.727403172e-07,-0.18996093,4.409782034e-05
4.611,0.04,-9.797174393e-18,-0.19,0.040020448,1.727397748e-07,-0.18996093,4.409781989e-05
4.612,0.04,-9.797174393e-18,-0.19,0.040020448,1.727377638e-07,-0.18996093,4.40978194e-05
4.613,0.04,-9.797174393e-18,-0.19,0.040020448,1.72733822e-07,-0.18996093,4.409781893e-05
4.614,0.04,-9.797174393e-18,-0.19,0.040020448,1.727283357e-07,-0.18996093,4.40978185e-05
4.615,0.04,-9.797174393e-18,-0.19,0.040020448,1.72722291e-07,-0.18996093,4.409781814e-05
4.616,0.04,-9.797174393e-18,-0.19,0.040020448,1.727168385e-07,-0.18996093,4.409781787e-05
4.617,0.04,-9.797174393e-18,-0.19,0.040020448,1.727128498e-07,-0.18996093,4.409781766e-05
4.618,0.04,-9.797174393e-18,-0.19,0.040020448,1.727106303e-07,-0.18996093,4.409781749e-05
4.619,0.04,-9.797174393e-18,-0.19,0.040020448,1.727098708e-07,-0.18996093,4.409781731e-05
4.62,0.04,-9.797174393e-18,-0.19,0.040020448,1.727098297e-07,-0.18996093,4.409781712e-05
4.621,0.04,-9.797174393e-18,-0.19,0.040020448,1.727096503e-07,-0.18996093,4.409781689e-05
4.622,0.04,-9.797174393e-18,-0.19,0.040020448,1.727086813e-07,-0.18996093,4.409781664e-05
4.623,0.04,-9.797174393e-18,-0.19,0.040020448,1.727066857e-07,-0.18996093,4.40978164e-05
4.624,0.04,-9.797174393e-18,-0.19,0.040020448,1.727038734e-07,-0.18996093,4.409781619e-05
4.625,0.04,-9.797174393e-18,-0.19,0.040020448,1.727007686e-07,-0.18996093,4.409781601e-05
4.626,0.04,-9.797174393e-18,-0.19,0.040020448,1.726979786e-07,-0.18996093,4.409781587e-05
4.627,0.04,-9.797174393e-18,-0.19,0.040020448,1.726959605e-07,-0.18996093,4.409781577e-05
4.628,0.04,-9.797174393e-18,-0.19,0.040020448,1.726948713e-07,-0.18996093,4.409781569e-05
4.629,0.04,-9.797174393e-18,-0.19,0.040020448,1.726945439e-07,-0.18996093,4.40978156e-05
4.63,0.04,-9.797174393e-18,-0.19,0.040020448,1.726945852e-07,-0.18996093,4.40978155e-05
4.631,0.04,-9.797174393e-18,-0.19,0.040020448,1.726945434e-07,-0.18996093,4.409781539e-05
4.632,0.04,-9.797174393e-18,-0.19,0.040020448,1.726940776e-07,-0.18996093,4.409781527e-05
4.633,0.04,-9.797174393e-18,-0.19,0.040020448,1.726930662e-07,-0.18996093,4.409781514e-05
4.634,0.04,-9.797174393e-18,-0.19,0.040020448,1.726916233e-07,-0.18996093,4.409781503e-05
4.635,0.04,-9.797174393e-18,-0.19,0.040020448,1.726900273e-07,-0.18996093,4.409781495e-05
4.636,0.04,-9.797174393e-18,-0.19,0.040020448,1.726885987e-07,-0.18996093,4.409781488e-05
4.637,0.04,-9.797174393e-18,-0.19,0.040020448,1.726875773e-07,-0.18996093,4.409781483e-05
4.638,0.04,-9.797174393e-18,-0.19,0.040020448,1.726870437e-07,-0.18996093,4.409781479e-05
4.639,0.04,-9.797174393e-18,-0.19,0.040020448,1.726869078e-07,-0.18996093,4.409781475e-05
4.64,0.04,-9.797174393e-18,-0.19,0.040020448,1.72686961e-07,-0.18996093,4.40978147e-05
4.641,0.04,-9.797174393e-18,-0.19,0.040020448,1.726869652e-07,-0.18996093,4.409781464e-05
4.642,0.04,-9.797174393e-18,-0.19,0.040020448,1.726867419e-07,-0.18996093,4.409781458e-05
4.643,0.04,-9.797174393e-18,-0.19,0.040020448,1.726862286e-07,-0.18996093,4.409781452e-05
4.644,0.04,-9.797174393e-18,-0.19,0.040020448,1.726854875e-07,-0.18996093,4.409781446e-05
4.645,0.04,-9.797174393e-18,-0.19,0.040020448,1.726846664e-07,-0.18996093,4.409781442e-05
4.646,0.04,-9.797174393e-18,-0.19,0.040020448,1.726839344e-07,-0.18996093,4.409781439e-05
4.647,0.04,-9.797174393e-18,-0.19,0.040020448,1.726834173e-07,-0.18996093,4.409781436e-05
4.648,0.04,-9.797174393e-18,-0.19,0.040020448,1.726831565e-07,-0.18996093,4.409781434e-05
4.649,0.04,-9.797174393e-18,-0.19,0.040020448,1.726831033e-07,-0.18996093,4.409781432e-05
4.65,0.04,-9.797174393e-18,-0.19,0.040020448,1.72683147e-07,-0.18996093,4.40978143e-05
4.651,0.04,-9.797174393e-18,-0.19,0.040020448,1.726831622e-07,-0.18996093,4.409781427e-05
4.652,0.04,-9.797174393e-18,-0.19,0.040020448,1.726830553e-07,-0.18996093,4.409781424e-05
4.653,0.04,-9.797174393e-18,-0.19,0.040020448,1.726827944e-07,-0.18996093,4.409781421e-05
4.654,0.04,-9.797174393e-18,-0.19,0.040020448,1.726824134e-07,-0.18996093,4.409781418e-05
4.655,0.04,-9.797174393e-18,-0.19,0.040020448,1.726819905e-07,-0.18996093,4.409781416e-05
4.656,0.04,-9.797174393e-18,-0.19,0.040020448,1.726816152e-07,-0.18996093,4.409781415e-05
4.657,0.04,-9.797174393e-18,-0.19,0.040020448,1.726813534e-07,-0.18996093,4.409781413e-05
4.658,0.04,-9.797174393e-18,-0.19,0.040020448,1.726812261e-07,-0.18996093,4.409781413e-05
4.659,0.04,-9.797174393e-18,-0.19,0.040020448,1.726812073e-07,-0.18996093,4.409781412e-05
4.66,0.04,-9.797174393e-18,-0.19,0.040020448,1.726812381e-07,-0.18996093,4.40978141e-05
4.661,0.04,-9.797174393e-18,-0.19,0.040020448,1.726812525e-07,-0.18996093,4.409781409e-05
4.662,0.04,-9.797174393e-18,-0.19,0.040020448,1.726812014e-07,-0.18996093,4.409781408e-05
4.663,0.04,-9.797174393e-18,-0.19,0.040020448,1.726810687e-07,-0.18996093,4.409781406e-05
4.664,0.04,-9.797174393e-18,-0.19,0.040020448,1.726808724e-07,-0.18996093,4.409781405e-05
4.665,0.04,-9.797174393e-18,-0.19,0.040020448,1.726806544e-07,-0.18996093,4.409781404e-05
4.666,0.04,-9.797174393e-18,-0.19,0.040020448,1.726804617e-07,-0.18996093,4.409781403e-05
4.667,0.04,-9.797174393e-18,-0.19,0.040020448,1.72680329e-07,-0.18996093,4.409781402e-05
4.668,0.04,-9.797174393e-18,-0.19,0.040020448,1.726802669e-07,-0.18996093,4.409781402e-05
4.669,0.04,-9.797174393e-18,-0.19,0.040020448,1.726802615e-07,-0.18996093,4.409781402e-05
4.67,0.04,-9.797174393e-18,-0.19,0.040020448,1.726802817e-07,-0.18996093,4.409781401e-05
4.671,0.04,-9.797174393e-18,-0.19,0.040020448,1.726802924e-07,-0.18996093,4.409781401e-05
4.672,0.04,-9.797174393e-18,-0.19,0.040020448,1.726802681e-07,-0.18996093,4.4097814e-05
4.673,0.04,-9.797174393e-18,-0.19,0.040020448,1.726802005e-07,-0.18996093,4.409781399e-05
4.674,0.04,-9.797174393e-18,-0.19,0.040020448,1.726800993e-07,-0.18996093,4.409781398e-05
4.675,0.04,-9.797174393e-18,-0.19,0.040020448,1.726799868e-07,-0.18996093,4.409781398e-05
4.676,0.04,-9.797174393e-18,-0.19,0.040020448,1.726798878e-07,-0.18996093,4.409781398e-05
4.677,0.04,-9.797174393e-18,-0.19,0.040020448,1.726798204e-07,-0.18996093,4.409781397e-05
4.678,0.04,-9.797174393e-18,-0.19,0.040020448,1.726797903e-07,-0.18996093,4.409781397e-05
4.679,0.04,-9.797174393e-18,-0.19,0.040020448,1.726797897e-07,-0.18996093,4.409781397e-05
4.68,0.04,-9.797174393e-18,-0.19,0.040020448,1.726798022e-07,-0.18996093,4.409781397e-05
4.681,0.04,-9.797174393e-18,-0.19,0.040020448,1.726798094e-07,-0.18996093,4.409781397e-05
4.682,0.04,-9.797174393e-18,-0.19,0.040020448,1.726797977e-07,-0.18996093,4.409781396e-05
4.683,0.04,-9.797174393e-18,-0.19,0.040020448,1.726797631e-07,-0.18996093,4.409781396e-05
4.684,0.04,-9.797174393e-18,-0.19,0.040020448,1.726797108e-07,-0.18996093,4.409781396e-05
4.685,0.04,-9.797174393e-18,-0.19,0.040020448,1.726796525e-07,-0.18996093,4.409781396e-05
4.686,0.04,-9.797174393e-18,-0.19,0.040020448,1.726796015e-07,-0.18996093,4.409781396e-05
4.687,0.04,-9.797174393e-18,-0.19,0.040020448,1.726795673e-07,-0.18996093,4.409781396e-05
4.688,0.04,-9.797174393e-18,-0.19,0.040020448,1.726795526e-07,-0.18996093,4.409781395e-05
4.689,0.04,-9.797174393e-18,-0.19,0.040020448,1.726795533e-07,-0.18996093,4.409781395e-05
4.69,0.04,-9.797174393e-18,-0.19,0.040020448,1.726795608e-07,-0.18996093,4.409781395e-05
4.691,0.04,-9.797174393e-18,-0.19,0.040020448,1.726795652e-07,-0.18996093,4.409781395e-05
4.692,0.04,-9.797174393e-18,-0.19,0.040020448,1.726795596e-07,-0.18996093,4.409781395e-05
4.693,0.04,-9.797174393e-18,-0.19,0.040020448,1.726795418e-07,-0.18996093,4.409781395e-05
4.694,0.04,-9.797174393e-18,-0.19,0.040020448,1.726795147e-07,-0.18996093,4.409781395e-05
4.695,0.04,-9.797174393e-18,-0.19,0.040020448,1.726794845e-07,-0.18996093,4.409781395e-05
4.696,0.04,-9.797174393e-18,-0.19,0.040020448,1.726794582e-07,-0.18996093,4.409781395e-05
4.697,0.04,-9.797174393e-18,-0.19,0.040020448,1.726794407e-07,-0.18996093,4.409781395e-05
4.698,0.04,-9.797174393e-18,-0.19,0.040020448,1.726794334e-07,-0.18996093,4.409781395e-05
4.699,0.04,-9.797174393e-18,-0.19,0.040020448,1.726794343e-07,-0.18996093,4.409781395e-05
4.7,0.04,-9.797174393e-18,-0.19,0.040020448,1.726794386e-07,-0.18996093,4.409781395e-05
4.701,0.04,-9.797174393e-18,-0.19,0.040020448,1.726794412e-07,-0.18996093,4.409781395e-05
4.702,0.04,-9.797174393e-18,-0.19,0.040020448,1.726794385e-07,-0.18996093,4.409781395e-05
4.703,0.04,-9.797174393e-18,-0.19,0.040020448,1.726794293e-07,-0.18996093,4.409781395e-05
4.704,0.04,-9.797174393e-18,-0.19,0.040020448,1.726794152e-07,-0.18996093,4.409781395e-05
4.705,0.04,-9.797174393e-18,-0.19,0.040020448,1.726793995e-07,-0.18996093,4.409781395e-05
4.706,0.04,-9.797174393e-18,-0.19,0.040020448,1.726793858e-07,-0.18996093,4.409781395e-05
4.707,0.04,-9.797174393e-18,-0.19,0.040020448,1.726793768e-07,-0.18996093,4.409781395e-05
4.708,0.04,-9.797174393e-18,-0.19,0.040020448,1.726793732e-07,-0.18996093,4.409781395e-05
4.709,0.04,-9.797174393e-18,-0.19,0.040020448,1.726793738e-07,-0.18996093,4.409781395e-05
4.71,0.04,-9.797174393e-18,-0.19,0.040020448,1.726793762e-07,-0.18996093,4.409781395e-05
4.711,0.04,-9.797174393e-18,-0.19,0.040020448,1.726793776e-07,-0.18996093,4.409781396e-05
4.712,0.04,-9.797174393e-18,-0.19,0.040020448,1.726793763e-07,-0.18996093,4.409781396e-05
4.713,0.04,-9.797174393e-18,-0.19,0.040020448,1.726793714e-07,-0.18996093,4.409781396e-05
4.714,0.04,-9.797174393e-18,-0.19,0.040020448,1.726793639e-07,-0.18996093,4.409781396e-05
4.715,0.04,-9.797174393e-18,-0.19,0.040020448,1.726793556e-07,-0.18996093,4.409781396e-05
4.716,0.04,-9.797174393e-18,-0.19,0.040020448,1.726793485e-07,-0.18996093,4.409781396e-05
4.717,0.04,-9.797174393e-18,-0.19,0.040020448,1.726793438e-07,-0.18996093,4.409781396e-05
4.718,0.04,-9.797174393e-18,-0.19,0.040020448,1.72679342e-07,-0.18996093,4.409781396e-05
4.719,0.04,-9.797174393e-18,-0.19,0.040020448,1.726793422e-07,-0.18996093,4.409781396e-05
4.72,0.04,-9.797174393e-18,-0.19,0.040020448,1.726793435e-07,-0.18996093,4.409781396e-05
4.721,0.04,-9.797174393e-18,-0.19,0.040020448,1.726793443e-07,-0.18996093,4.409781396e-05
4.722,0.04,-9.797174393e-18,-0.19,0.040020448,1.726793435e-07,-0.18996093,4.409781396e-05
4.723,0.04,-9.797174393e-18,-0.19,0.040020448,1.726793409e-07,-0.18996093,4.409781396e-05
4.724,0.04,-9.797174393e-18,-0.19,0.040020448,1.726793369e-07,-0.18996093,4.409781397e-05
4.725,0.04,-9.797174393e-18,-0.19,0.040020448,1.726793325e-07,-0.18996093,4.409781397e-05
4.726,0.04,-9.797174393e-18,-0.19,0.040020448,1.726793286e-07,-0.18996093,4.409781397e-05
4.727,0.04,-9.797174393e-18,-0.19,0.040020448,1.726793261e-07,-0.18996093,4.409781397e-05
4.728,0.04,-9.797174393e-18,-0.19,0.040020448,1.726793251e-07,-0.18996093,4.409781397e-05
4.729,0.04,-9.797174393e-18,-0.19,0.040020448,1.726793252e-07,-0.18996093,4.409781397e-05
4.73,0.04,-9.797174393e-18,-0.19,0.040020448,1.726793259e-07,-0.18996093,4.409781397e-05
4.731,0.04,-9.797174393e-18,-0.19,0.040020448,1.726793262e-07,-0.18996093,4.409781397e-05
4.732,0.04,-9.797174393e-18,-0.19,0.040020448,1.726793257e-07,-0.18996093,4.409781397e-05
4.733,0.04,-9.797174393e-18,-0.19,0.040020448,1.726793242e-07,-0.18996093,4.409781397e-05
4.734,0.04,-9.797174393e-18,-0.19,0.040020448,1.72679322e-07,-0.18996093,4.409781397e-05
4.735,0.04,-9.797174393e-18,-0.19,0.040020448,1.726793197e-07,-0.18996093,4.409781397e-05
4.736,0.04,-9.797174393e-18,-0.19,0.040020448,1.726793176e-07,-0.18996093,4.409781398e-05
4.737,0.04,-9.797174393e-18,-0.19,0.040020448,1.726793162e-07,-0.18996093,4.409781398e-05
4.738,0.04,-9.797174393e-18,-0.19,0.040020448,1.726793156e-07,-0.18996093,4.409781398e-05
4.739,0.04,-9.797174393e-18,-0.19,0.040020448,1.726793156e-07,-0.18996093,4.409781398e-05
4.74,0.04,-9.797174393e-18,-0.19,0.040020448,1.726793158e-07,-0.18996093,4.409781398e-05
4.741,0.04,-9.797174393e-18,-0.19,0.040020448,1.726793158e-07,-0.18996093,4.409781398e-05
4.742,0.04,-9.797174393e-18,-0.19,0.040020448,1.726793154e-07,-0.18996093,4.409781398e-05
4.743,0.04,-9.797174393e-18,-0.19,0.040020448,1.726793145e-07,-0.18996093,4.409781398e-05
4.744,0.04,-9.797174393e-18,-0.19,0.040020448,1.726793133e-07,-0.18996093,4.409781398e-05
4.745,0.04,-9.797174393e-18,-0.19,0.040020448,1.726793119e-07,-0.18996093,4.409781398e-05
4.746,0.04,-9.797174393e-18,-0.19,0.040020448,1.726793107e-07,-0.18996093,4.409781399e-05
4.747,0.04,-9.797174393e-18,-0.19,0.040020448,1.726793098e-07,-0.18996093,4.409781399e-05
4.748,0.04,-9.797174393e-18,-0.19,0.040020448,1.726793094e-07,-0.18996093,4.409781399e-05
4.749,0.04,-9.797174393e-18,-0.19,0.040020448,1.726793092e-07,-0.18996093,4.409781399e-05
4.75,0.04,-9.797174393e-18,-0.19,0.040020448,1.726793092e-07,-0.18996093,4.409781399e-05
4.751,0.04,-9.797174393e-18,-0.19,0.040020448,1.726793091e-07,-0.18996093,4.409781399e-05
4.752,0.04,-9.797174393e-18,-0.19,0.040020448,1.726793088e-07,-0.18996093,4.409781399e-05
4.753,0.04,-9.797174393e-18,-0.19,0.040020448,1.726793081e-07,-0.18996093,4.409781399e-05
4.754,0.04,-9.797174393e-18,-0.19,0.040020448,1.726793074e-07,-0.18996093,4.409781399e-05
4.755,0.04,-9.797174393e-18,-0.19,0.040020448,1.726793066e-07,-0.18996093,4.409781399e-05
4.756,0.04,-9.797174393e-18,-0.19,0.040020448,1.726793059e-07,-0.18996093,4.4097814e-05
4.757,0.04,-9.797174393e-18,-0.19,0.040020448,1.726793053e-07,-0.18996093,4.4097814e-05
4.758,0.04,-9.797174393e-18,-0.19,0.040020448,1.72679305e-07,-0.18996093,4.4097814e-05
4.759,0.04,-9.797174393e-18,-0.19,0.040020448,1.726793047e-07,-0.18996093,4.4097814e-05
4.76,0.04,-9.797174393e-18,-0.19,0.040020448,1.726793046e-07,-0.18996093,4.4097814e-05
4.761,0.04,-9.797174393e-18,-0.19,0.040020448,1.726793044e-07,-0.18996093,4.4097814e-05
4.762,0.04,-9.797174393e-18,-0.19,0.040020448,1.726793042e-07,-0.18996093,4.4097814e-05
4.763,0.04,-9.797174393e-18,-0.19,0.040020448,1.726793038e-07,-0.18996093,4.4097814e-05
4.764,0.04,-9.797174393e-18,-0.19,0.040020448,1.726793033e-07,-0.18996093,4.4097814e-05
4.765,0.04,-9.797174393e-18,-0.19,0.040020448,1.726793027e-07,-0.18996093,4.4097814e-05
4.766,0.04,-9.797174393e-18,-0.19,0.040020448,1.726793022e-07,-0.18996093,4.409781401e-05
4.767,0.04,-9.797174393e-18,-0.19,0.040020448,1.726793018e-07,-0.18996093,4.409781401e-05
4.768,0.04,-9.797174393e-18,-0.19,0.040020448,1.726793014e-07,-0.18996093,4.409781401e-05
4.769,0.04,-9.797174393e-18,-0.19,0.040020448,1.726793012e-07,-0.18996093,4.409781401e-05
4.77,0.04,-9.797174393e-18,-0.19,0.040020448,1.72679301e-07,-0.18996093,4.409781401e-05
4.771,0.04,-9.797174393e-18,-0.19,0.040020448,1.726793008e-07,-0.18996093,4.409781401e-05
4.772,0.04,-9.797174393e-18,-0.19,0.040020448,1.726793005e-07,-0.18996093,4.409781401e-05
4.773,0.04,-9.797174393e-18,-0.19,0.040020448,1.726793001e-07,-0.18996093,4.409781401e-05
4.774,0.04,-9.797174393e-18,-0.19,0.040020448,1.726792997e-07,-0.18996093,4.409781401e-05
4.775,0.04,-9.797174393e-18,-0.19,0.040020448,1.726792993e-07,-0.18996093,4.409781402e-05
4.776,0.04,-9.797174393e-18,-0.19,0.040020448,1.726792988e-07,-0.18996093,4.409781402e-05
4.777,0.04,-9.797174393e-18,-0.19,0.040020448,1.726792985e-07,-0.18996093,4.409781402e-05
4.778,0.04,-9.797174393e-18,-0.19,0.040020448,1.726792982e-07,-0.18996093,4.409781402e-05
4.779,0.04,-9.797174393e-18,-0.19,0.040020448,1.726792979e-07,-0.18996093,4.409781402e-05
4.78,0.04,-9.797174393e-18,-0.19,0.040020448,1.726792976e-07,-0.18996093,4.409781402e-05
4.781,0.04,-9.797174393e-18,-0.19,0.040020448,1.726792974e-07,-0.18996093,4.409781402e-05
4.782,0.04,-9.797174393e-18,-0.19,0.040020448,1.726792971e-07,-0.18996093,4.409781402e-05
4.783,0.04,-9.797174393e-18,-0.19,0.040020448,1.726792968e-07,-0.18996093,4.409781402e-05
4.784,0.04,-9.797174393e-18,-0.19,0.040020448,1.726792964e-07,-0.18996093,4.409781402e-05
4.785,0.04,-9.797174393e-18,-0.19,0.040020448,1.726792961e-07,-0.18996093,4.409781403e-05
4.786,0.04,-9.797174393e-18,-0.19,0.040020448,1.726792959e-07,-0.18996093,4.409781403e-05
4.787,0.04,-9.797174393e-18,-0.19,0.040020448,1.726792956e-07,-0.18996093,4.409781403e-05
4.788,0.04,-9.797174393e-18,-0.19,0.040020448,1.726792953e-07,-0.18996093,4.409781403e-05
4.789,0.04,-9.797174393e-18,-0.19,0.040020448,1.72679295e-07,-0.18996093,4.409781403e-05
4.79,0.04,-9.797174393e-18,-0.19,0.040020448,1.726792947e-07,-0.18996093,4.409781403e-05
4.791,0.04,-9.797174393e-18,-0.19,0.040020448,1.726792943e-07,-0.18996093,4.409781403e-05
4.792,0.04,-9.797174393e-18,-0.19,0.040020448,1.72679294e-07,-0.18996093,4.409781403e-05
4.793,0.04,-9.797174393e-18,-0.19,0.040020448,1.726792937e-07,-0.18996093,4.409781403e-05
4.794,0.04,-9.797174393e-18,-0.19,0.040020448,1.726792934e-07,-0.18996093,4.409781403e-05
4.795,0.04,-9.797174393e-18,-0.19,0.040020448,1.726792932e-07,-0.18996093,4.409781404e-05
4.796,0.04,-9.797174393e-18,-0.19,0.040020448,1.72679293e-07,-0.18996093,4.409781404e-05
4.797,0.04,-9.797174393e-18,-0.19,0.040020448,1.726792928e-07,-0.18996093,4.409781404e-05
4.798,0.04,-9.797174393e-18,-0.19,0.040020448,1.726792925e-07,-0.18996093,4.409781404e-05
4.799,0.04,-9.797174393e-18,-0.19,0.040020448,1.726792922e-07,-0.18996093,4.409781404e-05
4.8,0.04,-9.797174393e-18,-0.19,0.040020448,1.726792919e-07,-0.18996093,4.409781404e-05
4.801,0.04,-9.797174393e-18,-0.19,0.040020448,1.726792916e-07,-0.18996093,4.409781404e-05
4.802,0.04,-9.797174393e-18,-0.19,0.040020448,1.726792913e-07,-0.18996093,4.409781404e-05
4.803,0.04,-9.797174393e-18,-0.19,0.040020448,1.72679291e-07,-0.18996093,4.409781404e-05
4.804,0.04,-9.797174393e-18,-0.19,0.040020448,1.726792908e-07,-0.18996093,4.409781405e-05
4.805,0.04,-9.797174393e-18,-0.19,0.040020448,1.726792906e-07,-0.18996093,4.409781405e-05
4.806,0.04,-9.797174393e-18,-0.19,0.040020448,1.726792904e-07,-0.18996093,4.409781405e-05
4.807,0.04,-9.797174393e-18,-0.19,0.040020448,1.726792902e-07,-0.18996093,4.409781405e-05
4.808,0.04,-9.797174393e-18,-0.19,0.040020448,1.726792899e-07,-0.18996093,4.409781405e-05
4.809,0.04,-9.797174393e-18,-0.19,0.040020448,1.726792896e-07,-0.18996093,4.409781405e-05
4.81,0.04,-9.797174393e-18,-0.19,0.040020448,1.726792893e-07,-0.18996093,4.409781405e-05
4.811,0.04,-9.797174393e-18,-0.19,0.040020448,1.726792889e-07,-0.18996093,4.409781405e-05
4.812,0.04,-9.797174393e-18,-0.19,0.040020448,1.726792886e-07,-0.18996093,4.409781405e-05
4.813,0.04,-9.797174393e-18,-0.19,0.040020448,1.726792884e-07,-0.18996093,4.409781405e-05
4.814,0.04,-9.797174393e-18,-0.19,0.040020448,1.726792883e-07,-0.18996093,4.409781406e-05
4.815,0.04,-9.797174393e-18,-0.19,0.040020448,1.726792881e-07,-0.18996093,4.409781406e-05
4.816,0.04,-9.797174393e-18,-0.19,0.040020448,1.72679288e-07,-0.18996093,4.409781406e-05
4.817,0.04,-9.797174393e-18,-0.19,0.040020448,1.726792877e-07,-0.18996093,4.409781406e-05
4.818,0.04,-9.797174393e-18,-0.19,0.040020448,1.726792874e-07,-0.18996093,4.409781406e-05
4.819,0.04,-9.797174393e-18,-0.19,0.040020448,1.72679287e-07,-0.18996093,4.409781406e-05
4.82,0.04,-9.797174393e-18,-0.19,0.040020448,1.726792866e-07,-0.18996093,4.409781406e-05
4.821,0.04,-9.797174393e-18,-0.19,0.040020448,1.726792862e-07,-0.18996093,4.409781406e-05
4.822,0.04,-9.797174393e-18,-0.19,0.040020448,1.726792859e-07,-0.18996093,4.409781406e-05
4.823,0.04,-9.797174393e-18,-0.19,0.040020448,1.726792856e-07,-0.18996093,4.409781406e-05
4.824,0.04,-9.797174393e-18,-0.19,0.040020448,1.726792853e-07,-0.18996093,4.409781407e-05
4.825,0.04,-9.797174393e-18,-0.19,0.040020448,1.726792851e-07,-0.18996093,4.409781407e-05
4.826,0.04,-9.797174393e-18,-0.19,0.040020448,1.726792849e-07,-0.18996093,4.409781407e-05
4.827,0.04,-9.797174393e-18,-0.19,0.040020448,1.726792847e-07,-0.18996093,4.409781407e-05
4.828,0.04,-9.797174393e-18,-0.19,0.040020448,1.726792844e-07,-0.18996093,4.409781407e-05
4.829,0.04,-9.797174393e-18,-0.19,0.040020448,1.726792841e-07,-0.18996093,4.409781407e-05
4.83,0.04,-9.797174393e-18,-0.19,0.040020448,1.726792837e-07,-0.18996093,4.409781407e-05
4.831,0.04,-9.797174393e-18,-0.19,0.040020448,1.726792834e-07,-0.18996093,4.409781407e-05
4.832,0.04,-9.797174393e-18,-0.19,0.040020448,1.726792831e-07,-0.18996093,4.409781407e-05
4.833,0.04,-9.797174393e-18,-0.19,0.040020448,1.726792829e-07,-0.18996093,4.409781407e-05
4.834,0.04,-9.797174393e-18,-0.19,0.040020448,1.726792828e-07,-0.18996093,4.409781408e-05
4.835,0.04,-9.797174393e-18,-0.19,0.040020448,1.726792827e-07,-0.18996093,4.409781408e-05
4.836,0.04,-9.797174393e-18,-0.19,0.040020448,1.726792825e-07,-0.18996093,4.409781408e-05
4.837,0.04,-9.797174393e-18,-0.19,0.040020448,1.726792823e-07,-0.18996093,4.409781408e-05
4.838,0.04,-9.797174393e-18,-0.19,0.040020448,1.726792819e-07,-0.18996093,4.409781408e-05
4.839,0.04,-9.797174393e-18,-0.19,0.040020448,1.726792815e-07,-0.18996093,4.409781408e-05
4.84,0.04,-9.797174393e-18,-0.19,0.040020448,1.726792811e-07,-0.18996093,4.409781408e-05
4.841,0.04,-9.797174393e-18,-0.19,0.040020448,1.726792807e-07,-0.18996093,4.409781408e-05
4.842,0.04,-9.797174393e-18,-0.19,0.040020448,1.726792803e-07,-0.18996093,4.409781408e-05
4.843,0.04,-9.797174393e-18,-0.19,0.040020448,1.726792801e-07,-0.18996093,4.409781408e-05
4.844,0.04,-9.797174393e-18,-0.19,0.040020448,1.726792799e-07,-0.18996093,4.409781409e-05
4.845,0.04,-9.797174393e-18,-0.19,0.040020448,1.726792798e-07,-0.18996093,4.409781409e-05
4.846,0.04,-9.797174393e-18,-0.19,0.040020448,1.726792797e-07,-0.18996093,4.409781409e-05
4.847,0.04,-9.797174393e-18,-0.19,0.040020448,1.726792794e-07,-0.18996093,4.409781409e-05
4.848,0.04,-9.797174393e-18,-0.19,0.040020448,1.726792791e-07,-0.18996093,4.409781409e-05
4.849,0.04,-9.797174393e-18,-0.19,0.040020448,1.726792787e-07,-0.18996093,4.409781409e-05
4.85,0.04,-9.797174393e-18,-0.19,0.040020448,1.726792783e-07,-0.18996093,4.409781409e-05
4.851,0.04,-9.797174393e-18,-0.19,0.040020448,1.726792779e-07,-0.18996093,4.409781409e-05
4.852,0.04,-9.797174393e-18,-0.19,0.040020448,1.726792775e-07,-0.18996093,4.409781409e-05
4.853,0.04,-9.797174393e-18,-0.19,0.040020448,1.726792773e-07,-0.18996093,4.40978141e-05
4.854,0.04,-9.797174393e-18,-0.19,0.040020448,1.72679277e-07,-0.18996093,4.40978141e-05
4.855,0.04,-9.797174393e-18,-0.19,0.040020448,1.726792769e-07,-0.18996093,4.40978141e-05
4.856,0.04,-9.797174393e-18,-0.19,0.040020448,1.726792767e-07,-0.18996093,4.40978141e-05
4.857,0.04,-9.797174393e-18,-0.19,0.040020448,1.726792765e-07,-0.18996093,4.40978141e-05
4.858,0.04,-9.797174393e-18,-0.19,0.040020448,1.726792762e-07,-0.18996093,4.40978141e-05
4.859,0.04,-9.797174393e-18,-0.19,0.040020448,1.726792759e-07,-0.18996093,4.40978141e-05
4.86,0.04,-9.797174393e-18,-0.19,0.040020448,1.726792755e-07,-0.18996093,4.40978141e-05
4.861,0.04,-9.797174393e-18,-0.19,0.040020448,1.726792751e-07,-0.18996093,4.40978141e-05
4.862,0.04,-9.797174393e-18,-0.19,0.040020448,1.726792748e-07,-0.18996093,4.40978141e-05
4.863,0.04,-9.797174393e-18,-0.19,0.040020448,1.726792745e-07,-0.18996093,4.409781411e-05
4.864,0.04,-9.797174393e-18,-0.19,0.040020448,1.726792743e-07,-0.18996093,4.409781411e-05
4.865,0.04,-9.797174393e-18,-0.19,0.040020448,1.726792742e-07,-0.18996093,4.409781411e-05
4.866,0.04,-9.797174393e-18,-0.19,0.040020448,1.726792741e-07,-0.18996093,4.409781411e-05
4.867,0.04,-9.797174393e-18,-0.19,0.040020448,1.726792739e-07,-0.18996093,4.409781411e-05
4.868,0.04,-9.797174393e-18,-0.19,0.040020448,1.726792736e-07,-0.18996093,4.409781411e-05
4.869,0.04,-9.797174393e-18,-0.19,0.040020448,1.726792733e-07,-0.18996093,4.409781411e-05
4.87,0.04,-9.797174393e-18,-0.19,0.040020448,1.726792729e-07,-0.18996093,4.409781411e-05
4.871,0.04,-9.797174393e-18,-0.19,0.040020448,1.726792725e-07,-0.18996093,4.409781411e-05
4.872,0.04,-9.797174393e-18,-0.19,0.040020448,1.726792721e-07,-0.18996093,4.409781411e-05
4.873,0.04,-9.797174393e-18,-0.19,0.040020448,1.726792719e-07,-0.18996093,4.409781412e-05
4.874,0.04,-9.797174393e-18,-0.19,0.040020448,1.726792718e-07,-0.18996093,4.409781412e-05
4.875,0.04,-9.797174393e-18,-0.19,0.040020448,1.726792716e-07,-0.18996093,4.409781412e-05
4.876,0.04,-9.797174393e-18,-0.19,0.040020448,1.726792715e-07,-0.18996093,4.409781412e-05
4.877,0.04,-9.797174393e-18,-0.19,0.040020448,1.726792713e-07,-0.18996093,4.409781412e-05
4.878,0.04,-9.797174393e-18,-0.19,0.040020448,1.72679271e-07,-0.18996093,4.409781412e-05
4.879,0.04,-9.797174393e-18,-0.19,0.040020448,1.726792706e-07,-0.18996093,4.409781412e-05
4.88,0.04,-9.797174393e-18,-0.19,0.040020448,1.726792702e-07,-0.18996093,4.409781412e-05
4.881,0.04,-9.797174393e-18,-0.19,0.040020448,1.726792699e-07,-0.18996093,4.409781412e-05
4.882,0.04,-9.797174393e-18,-0.19,0.040020448,1.726792696e-07,-0.18996093,4.409781413e-05
4.883,0.04,-9.797174393e-18,-0.19,0.040020448,1.726792694e-07,-0.18996093,4.409781413e-05
4.884,0.04,-9.797174393e-18,-0.19,0.040020448,1.726792693e-07,-0.18996093,4.409781413e-05
4.885,0.04,-9.797174393e-18,-0.19,0.040020448,1.726792693e-07,-0.18996093,4.409781413e-05
4.886,0.04,-9.797174393e-18,-0.19,0.040020448,1.726792691e-07,-0.18996093,4.409781413e-05
4.887,0.04,-9.797174393e-18,-0.19,0.040020448,1.726792688e-07,-0.18996093,4.409781413e-05
4.888,0.04,-9.797174393e-18,-0.19,0.040020448,1.726792684e-07,-0.18996093,4.409781413e-05
4.889,0.04,-9.797174393e-18,-0.19,0.040020448,1.72679268e-07,-0.18996093,4.409781413e-05
4.89,0.04,-9.797174393e-18,-0.19,0.040020448,1.726792675e-07,-0.18996093,4.409781413e-05
4.891,0.04,-9.797174393e-18,-0.19,0.040020448,1.726792672e-07,-0.18996093,4.409781413e-05
4.892,0.04,-9.797174393e-18,-0.19,0.040020448,1.72679267e-07,-0.18996093,4.409781414e-05
4.893,0.04,-9.797174393e-18,-0.19,0.040020448,1.726792668e-07,-0.18996093,4.409781414e-05
4.894,0.04,-9.797174393e-18,-0.19,0.040020448,1.726792668e-07,-0.18996093,4.409781414e-05
4.895,0.04,-9.797174393e-18,-0.19,0.040020448,1.726792667e-07,-0.18996093,4.409781414e-05
4.896,0.04,-9.797174393e-18,-0.19,0.040020448,1.726792664e-07,-0.18996093,4.409781414e-05
4.897,0.04,-9.797174393e-18,-0.19,0.040020448,1.72679266e-07,-0.18996093,4.409781414e-05
4.898,0.04,-9.797174393e-18,-0.19,0.040020448,1.726792657e-07,-0.18996093,4.409781414e-05
4.899,0.04,-9.797174393e-18,-0.19,0.040020448,1.726792652e-07,-0.18996093,4.409781414e-05
4.9,0.04,-9.797174393e-18,-0.19,0.040020448,1.726792648e-07,-0.18996093,4.409781414e-05
4.901,0.04,-9.797174393e-18,-0.19,0.040020448,1.726792645e-07,-0.18996093,4.409781414e-05
4.902,0.04,-9.797174393e-18,-0.19,0.040020448,1.726792642e-07,-0.18996093,4.409781415e-05
4.903,0.04,-9.797174393e-18,-0.19,0.040020448,1.72679264e-07,-0.18996093,4.409781415e-05
4.904,0.04,-9.797174393e-18,-0.19,0.040020448,1.726792639e-07,-0.18996093,4.409781415e-05
4.905,0.04,-9.797174393e-18,-0.19,0.040020448,1.726792637e-07,-0.18996093,4.409781415e-05
4.906,0.04,-9.797174393e-18,-0.19,0.040020448,1.726792635e-07,-0.18996093,4.409781415e-05
4.907,0.04,-9.797174393e-18,-0.19,0.040020448,1.726792631e-07,-0.18996093,4.409781415e-05
4.908,0.04,-9.797174393e-18,-0.19,0.040020448,1.726792627e-07,-0.18996093,4.409781415e-05
4.909,0.04,-9.797174393e-18,-0.19,0.040020448,1.726792623e-07,-0.18996093,4.409781415e-05
4.91,0.04,-9.797174393e-18,-0.19,0.040020448,1.726792619e-07,-0.18996093,4.409781415e-05
4.911,0.04,-9.797174393e-18,-0.19,0.040020448,1.726792616e-07,-0.18996093,4.409781415e-05
4.912,0.04,-9.797174393e-18,-0.19,0.040020448,1.726792613e-07,-0.18996093,4.409781416e-05
4.913,0.04,-9.797174393e-18,-0.19,0.040020448,1.726792612e-07,-0.18996093,4.409781416e-05
4.914,0.04,-9.797174393e-18,-0.19,0.040020448,1.72679261e-07,-0.18996093,4.409781416e-05
4.915,0.04,-9.797174393e-18,-0.19,0.040020448,1.726792608e-07,-0.18996093,4.409781416e-05
4.916,0.04,-9.797174393e-18,-0.19,0.040020448,1.726792606e-07,-0.18996093,4.409781416e-05
4.917,0.04,-9.797174393e-18,-0.19,0.040020448,1.726792603e-07,-0.18996093,4.409781416e-05
4.918,0.04,-9.797174393e-18,-0.19,0.040020448,1.7267926e-07,-0.18996093,4.409781416e-05
4.919,0.04,-9.797174393e-18,-0.19,0.040020448,1.726792596e-07,-0.18996093,4.409781416e-05
4.92,0.04,-9.797174393e-18,-0.19,0.040020448,1.726792592e-07,-0.18996093,4.409781416e-05
4.921,0.04,-9.797174393e-18,-0.19,0.040020448,1.726792589e-07,-0.18996093,4.409781416e-05
4.922,0.04,-9.797174393e-18,-0.19,0.040020448,1.726792587e-07,-0.18996093,4.409781417e-05
4.923,0.04,-9.797174393e-18,-0.19,0.040020448,1.726792586e-07,-0.18996093,4.409781417e-05
4.924,0.04,-9.797174393e-18,-0.19,0.040020448,1.726792584e-07,-0.18996093,4.409781417e-05
4.925,0.04,-9.797174393e-18,-0.19,0.040020448,1.726792582e-07,-0.18996093,4.409781417e-05
4.926,0.04,-9.797174393e-18,-0.19,0.040020448,1.726792579e-07,-0.18996093,4.409781417e-05
4.927,0.04,-9.797174393e-18,-0.19,0.040020448,1.726792576e-07,-0.18996093,4.409781417e-05
4.928,0.04,-9.797174393e-18,-0.19,0.040020448,1.726792572e-07,-0.18996093,4.409781417e-05
4.929,0.04,-9.797174393e-18,-0.19,0.040020448,1.726792568e-07,-0.18996093,4.409781417e-05
4.93,0.04,-9.797174393e-18,-0.19,0.040020448,1.726792565e-07,-0.18996093,4.409781417e-05
4.931,0.04,-9.797174393e-18,-0.19,0.040020448,1.726792562e-07,-0.18996093,4.409781418e-05
4.932,0.04,-9.797174393e-18,-0.19,0.040020448,1.726792561e-07,-0.18996093,4.409781418e-05
4.933,0.04,-9.797174393e-18,-0.19,0.040020448,1.72679256e-07,-0.18996093,4.409781418e-05
4.934,0.04,-9.797174393e-18,-0.19,0.040020448,1.726792558e-07,-0.18996093,4.409781418e-05
4.935,0.04,-9.797174393e-18,-0.19,0.040020448,1.726792556e-07,-0.18996093,4.409781418e-05
4.936,0.04,-9.797174393e-18,-0.19,0.040020448,1.726792553e-07,-0.18996093,4.409781418e-05
4.937,0.04,-9.797174393e-18,-0.19,0.040020448,1.726792549e-07,-0.18996093,4.409781418e-05
4.938,0.04,-9.797174393e-18,-0.19,0.040020448,1.726792545e-07,-0.18996093,4.409781418e-05
4.939,0.04,-9.797174393e-18,-0.19,0.040020448,1.726792542e-07,-0.18996093,4.409781418e-05
4.94,0.04,-9.797174393e-18,-0.19,0.040020448,1.72679254e-07,-0.18996093,4.409781418e-05
4.941,0.04,-9.797174393e-18,-0.19,0.040020448,1.726792539e-07,-0.18996093,4.409781419e-05
4.942,0.04,-9.797174393e-18,-0.19,0.040020448,1.726792538e-07,-0.18996093,4.409781419e-05
4.943,0.04,-9.797174393e-18,-0.19,0.040020448,1.726792536e-07,-0.18996093,4.409781419e-05
4.944,0.04,-9.797174393e-18,-0.19,0.040020448,1.726792534e-07,-0.18996093,4.409781419e-05
4.945,0.04,-9.797174393e-18,-0.19,0.040020448,1.72679253e-07,-0.18996093,4.409781419e-05
4.946,0.04,-9.797174393e-18,-0.19,0.040020448,1.726792527e-07,-0.18996093,4.409781419e-05
4.947,0.04,-9.797174393e-18,-0.19,0.040020448,1.726792523e-07,-0.18996093,4.409781419e-05
4.948,0.04,-9.797174393e-18,-0.19,0.040020448,1.72679252e-07,-0.18996093,4.409781419e-05
4.949,0.04,-9.797174393e-18,-0.19,0.040020448,1.726792517e-07,-0.18996093,4.409781419e-05
4.95,0.04,-9.797174393e-18,-0.19,0.040020448,1.726792516e-07,-0.18996093,4.409781419e-05
4.951,0.04,-9.797174393e-18,-0.19,0.040020448,1.726792512e-07,-0.18996093,4.40978142e-05
4.952,0.04,-9.797174393e-18,-0.19,0.040020448,1.726792509e-07,-0.18996093,4.40978142e-05
4.953,0.04,-9.797174393e-18,-0.19,0.040020448,1.726792506e-07,-0.18996093,4.40978142e-05
4.954,0.04,-9.797174393e-18,-0.19,0.040020448,1.726792502e-07,-0.18996093,4.40978142e-05
4.955,0.04,-9.797174393e-18,-0.19,0.040020448,1.726792498e-07,-0.18996093,4.40978142e-05
4.956,0.04,-9.797174393e-18,-0.19,0.040020448,1.726792494e-07,-0.18996093,4.40978142e-05
4.957,0.04,-9.797174393e-18,-0.19,0.040020448,1.726792491e-07,-0.18996093,4.40978142e-05
4.958,0.04,-9.797174393e-18,-0.19,0.040020448,1.726792489e-07,-0.18996093,4.40978142e-05
4.959,0.04,-9.797174393e-18,-0.19,0.040020448,1.726792487e-07,-0.18996093,4.40978142e-05
4.96,0.04,-9.797174393e-18,-0.19,0.040020448,1.726792485e-07,-0.18996093,4.409781421e-05
4.961,0.04,-9.797174393e-18,-0.19,0.040020448,1.726792482e-07,-0.18996093,4.409781421e-05
4.962,0.04,-9.797174393e-18,-0.19,0.040020448,1.726792478e-07,-0.18996093,4.409781421e-05
4.963,0.04,-9.797174393e-18,-0.19,0.040020448,1.726792475e-07,-0.18996093,4.409781421e-05
4.964,0.04,-9.797174393e-18,-0.19,0.040020448,1.726792471e-07,-0.18996093,4.409781421e-05
4.965,0.04,-9.797174393e-18,-0.19,0.040020448,1.726792468e-07,-0.18996093,4.409781421e-05
4.966,0.04,-9.797174393e-18,-0.19,0.040020448,1.726792466e-07,-0.18996093,4.409781421e-05
4.967,0.04,-9.797174393e-18,-0.19,0.040020448,1.726792465e-07,-0.18996093,4.409781421e-05
4.968,0.04,-9.797174393e-18,-0.19,0.040020448,1.726792464e-07,-0.18996093,4.409781421e-05
4.969,0.04,-9.797174393e-18,-0.19,0.040020448,1.726792461e-07,-0.18996093,4.409781421e-05
4.97,0.04,-9.797174393e-18,-0.19,0.040020448,1.726792458e-07,-0.18996093,4.409781422e-05
4.971,0.04,-9.797174393e-18,-0.19,0.040020448,1.726792453e-07,-0.18996093,4.409781422e-05
4.972,0.04,-9.797174393e-18,-0.19,0.040020448,1.726792449e-07,-0.18996093,4.409781422e-05
4.973,0.04,-9.797174393e-18,-0.19,0.040020448,1.726792444e-07,-0.18996093,4.409781422e-05
4.974,0.04,-9.797174393e-18,-0.19,0.040020448,1.726792441e-07,-0.18996093,4.409781422e-05
4.975,0.04,-9.797174393e-18,-0.19,0.040020448,1.726792439e-07,-0.18996093,4.409781422e-05
4.976,0.04,-9.797174393e-18,-0.19,0.040020448,1.726792437e-07,-0.18996093,4.409781422e-05
4.977,0.04,-9.797174393e-18,-0.19,0.040020448,1.726792436e-07,-0.18996093,4.409781422e-05
4.978,0.04,-9.797174393e-18,-0.19,0.040020448,1.726792435e-07,-0.18996093,4.409781422e-05
4.979,0.04,-9.797174393e-18,-0.19,0.040020448,1.726792432e-07,-0.18996093,4.409781422e-05
4.98,0.04,-9.797174393e-18,-0.19,0.040020448,1.726792429e-07,-0.18996093,4.409781423e-05
4.981,0.04,-9.797174393e-18,-0.19,0.040020448,1.726792426e-07,-0.18996093,4.409781423e-05
4.982,0.04,-9.797174393e-18,-0.19,0.040020448,1.726792423e-07,-0.18996093,4.409781423e-05
4.983,0.04,-9.797174393e-18,-0.19,0.040020448,1.72679242e-07,-0.18996093,4.409781423e-05
4.984,0.04,-9.797174393e-18,-0.19,0.040020448,1.726792417e-07,-0.18996093,4.409781423e-05
4.985,0.04,-9.797174393e-18,-0.19,0.040020448,1.726792416e-07,-0.18996093,4.409781423e-05
4.986,0.04,-9.797174393e-18,-0.19,0.040020448,1.726792415e-07,-0.18996093,4.409781423e-05
4.987,0.04,-9.797174393e-18,-0.19,0.040020448,1.726792413e-07,-0.18996093,4.409781423e-05
4.988,0.04,-9.797174393e-18,-0.19,0.040020448,1.726792411e-07,-0.18996093,4.409781423e-05
4.989,0.04,-9.797174393e-18,-0.19,0.040020448,1.726792408e-07,-0.18996093,4.409781423e-05
4.99,0.04,-9.797174393e-18,-0.19,0.040020448,1.726792405e-07,-0.18996093,4.409781424e-05
4.991,0.04,-9.797174393e-18,-0.19,0.040020448,1.726792402e-07,-0.18996093,4.409781424e-05
4.992,0.04,-9.797174393e-18,-0.19,0.040020448,1.726792399e-07,-0.18996093,4.409781424e-05
4.993,0.04,-9.797174393e-18,-0.19,0.040020448,1.726792396e-07,-0.18996093,4.409781424e-05
4.994,0.04,-9.797174393e-18,-0.19,0.040020448,1.726792395e-07,-0.18996093,4.409781424e-05
4.995,0.04,-9.797174393e-18,-0.19,0.040020448,1.726792393e-07,-0.18996093,4.409781424e-05
4.996,0.04,-9.797174393e-18,-0.19,0.040020448,1.726792391e-07,-0.18996093,4.409781424e-05
4.997,0.04,-9.797174393e-18,-0.19,0.040020448,1.726792388e-07,-0.18996093,4.409781424e-05
4.998,0.04,-9.797174393e-18,-0.19,0.040020448,1.726792385e-07,-0.18996093,4.409781424e-05
4.999,0.04,-9.797174393e-18,-0.19,0.040020448,1.726792381e-07,-0.18996093,4.409781425e-05
5,0.04,-9.797174393e-18,-0.19,0.040020448,1.726792377e-07,-0.18996093,4.409781425e-05
